ts_event,equity,returns,exposure,cash_credit,financing,spread
2020-07-01 00:00:00+00:00,1000000.0,0.0,0.0,0.0,0.0,2.0918882472288156
2020-07-02 00:00:00+00:00,1000079.3650793651,7.936507936508861e-05,0.0,79.36507936507937,0.0,2.0918422243539814
2020-07-06 00:00:00+00:00,1000158.736457546,7.936507936509753e-05,0.0,79.37137818090198,0.0,2.091355297204514
2020-07-07 00:00:00+00:00,1000238.1141350426,7.936507936508781e-05,0.0,79.37767749663064,0.0,2.0868991865005637
2020-07-08 00:00:00+00:00,1000317.498112355,7.93650793651362e-05,0.0,79.38397731230498,0.0,2.0840187479627255
2020-07-09 00:00:00+00:00,1000396.888389983,7.936507936508663e-05,0.0,79.39027762796468,0.0,2.069137244913691
2020-07-10 00:00:00+00:00,1000476.2849684267,7.93650793651322e-05,0.0,79.39657844364945,0.0,2.076862607141825
2020-07-13 00:00:00+00:00,1000555.6878481861,7.936507936511688e-05,0.0,79.40287975939894,0.0,2.0798117622448116
2020-07-14 00:00:00+00:00,1000635.0970297614,7.936507936511734e-05,0.0,79.40918157525287,0.0,2.0878419526823846
2020-07-15 00:00:00+00:00,1000714.5125136527,7.936507936509392e-05,0.0,79.4154838912509,0.0,2.094259623535842
2020-07-16 00:00:00+00:00,1000793.9343003602,7.936507936512329e-05,0.0,79.42178670743276,0.0,2.0906024949390254
2020-07-17 00:00:00+00:00,1000873.362390384,7.936507936504947e-05,0.0,79.42809002383811,0.0,2.088546115860857
2020-07-20 00:00:00+00:00,1000952.7967842245,7.936507936506542e-05,0.0,79.43439384050666,0.0,2.0792190239289474
2020-07-21 00:00:00+00:00,1001032.237482382,7.936507936513146e-05,0.0,79.44069815747812,0.0,2.115605305789187
2020-07-22 00:00:00+00:00,1001111.6844853568,7.936507936509162e-05,0.0,79.44700297479223,0.0,2.1292714412442595
2020-07-23 00:00:00+00:00,1001191.1377936492,7.936507936502255e-05,0.0,79.45330829248863,0.0,2.1282823453824764
2020-07-24 00:00:00+00:00,1001270.5974077599,7.936507936511715e-05,0.0,79.45961411060708,0.0,2.1220957336097768
2020-07-27 00:00:00+00:00,1001350.0633281891,7.936507936510315e-05,0.0,79.46592042918729,0.0,2.1225862320725746
2020-07-28 00:00:00+00:00,1001429.5355554373,7.93650793650572e-05,0.0,79.47222724826898,0.0,2.1075204092731616
2020-07-29 00:00:00+00:00,1001509.0140900052,7.936507936505588e-05,0.0,79.47853456789186,0.0,2.11263709598213
2020-07-30 00:00:00+00:00,1001588.4989323933,7.936507936505952e-05,0.0,79.48484238809564,0.0,2.1042317114488154
2020-07-31 00:00:00+00:00,1001667.9900831021,7.936507936502845e-05,0.0,79.4911507089201,0.0,2.0688417649531163
2020-08-03 00:00:00+00:00,1001747.4875426325,7.936507936503922e-05,0.0,79.49745953040492,0.0,2.078351267929434
2020-08-04 00:00:00+00:00,1001826.9913114851,7.936507936505218e-05,0.0,79.50376885258989,0.0,2.0888900539553914
2020-08-05 00:00:00+00:00,1001906.5013901605,7.936507936502764e-05,0.0,79.51007867551469,0.0,2.0814413611419083
2020-08-06 00:00:00+00:00,1001986.0177791597,7.936507936504215e-05,0.0,79.51638899921909,0.0,2.0892037781034736
2020-08-07 00:00:00+00:00,1002065.5404789834,7.936507936505603e-05,0.0,79.52269982374284,0.0,2.083232132876868
2020-08-10 00:00:00+00:00,1002145.0694901325,7.936507936502961e-05,0.0,79.52901114912567,0.0,2.101986214769213
2020-08-11 00:00:00+00:00,1002224.6048131079,7.936507936503941e-05,0.0,79.53532297540734,0.0,2.0954366054456766
2020-08-12 00:00:00+00:00,1002304.1464484105,7.936507936504577e-05,0.0,79.54163530262761,0.0,2.119474305961574
2020-08-13 00:00:00+00:00,1002383.6943965413,7.936507936512513e-05,0.0,79.54794813082623,0.0,2.127276080143984
2020-08-14 00:00:00+00:00,1002463.2486580014,7.93650793651217e-05,0.0,79.55426146004297,0.0,2.1275899962563654
2020-08-17 00:00:00+00:00,1002542.8092332918,7.936507936511196e-05,0.0,79.56057529031757,0.0,2.142001004697064
2020-08-18 00:00:00+00:00,1003780.7230250526,0.0012347739970401002,0.25000000000000006,59.67516721626736,0.0,2.1076995749843617
2020-08-19 00:00:00+00:00,1004914.526437279,0.001129532960953346,0.24969168719737164,59.77341434259758,0.37961143244874584,2.1000960583675963
2020-08-20 00:00:00+00:00,1006070.3674770936,0.001150188408473343,0.24940997041499752,59.863398740393336,0.396390241110554,2.0921820991461804
2020-08-21 00:00:00+00:00,1005021.3542335111,-0.001042683769936533,0.24912343153177055,59.95513215625164,0.31951856803824885,2.0996708221287728
2020-08-24 00:00:00+00:00,1002026.1293621553,-0.0029802599305366437,0.24938345961760447,59.87187713691969,0.18165956288197527,2.1206429153889417
2020-08-25 00:00:00+00:00,1002977.3008886948,0.0009492482268351241,0.25012890878191607,59.63416087728828,0.20948365987338136,2.1145235602208095
2020-08-26 00:00:00+00:00,1003224.2818332878,0.0002462477908265045,0.24989169952923712,59.7096506809819,0.15109172227349665,2.112997719112471
2020-08-27 00:00:00+00:00,1002668.6677735483,-0.0005538283610163288,0.2498301793994782,59.72925234325118,0.1123696255748452,2.1172468521750414
2020-08-28 00:00:00+00:00,1003687.1312234787,0.0010157527433184359,0.24996861911010546,59.685155989303595,0.2112178550127768,2.110773664850328
2020-08-31 00:00:00+00:00,1004800.0752947144,0.0011088555752219878,0.24971497044382945,59.76598642183775,0.21902763136507608,2.103244932376011
2020-09-01 00:00:00+00:00,1002624.9346808381,-0.002164749652549837,0.0,79.74603772180274,0.18486074601984526,2.102290381550276
2020-09-02 00:00:00+00:00,1002704.5080883525,7.936507936509713e-05,0.0,79.57340751435223,0.0,2.106740339312729
2020-09-03 00:00:00+00:00,1002784.0878112167,7.936507936512836e-05,0.0,79.57972286415496,0.0,2.0936886671117763
2020-09-04 00:00:00+00:00,1002863.6738499319,7.936507936510944e-05,0.0,79.58603871517593,0.0,2.0893183370660426
2020-09-08 00:00:00+00:00,1002943.2662049994,7.936507936511681e-05,0.0,79.59235506745492,0.0,2.0688883382865204
2020-09-09 00:00:00+00:00,1003022.8648769205,7.93650793651108e-05,0.0,79.5986719210317,0.0,2.086862220217025
2020-09-10 00:00:00+00:00,1003102.4698661964,7.936507936505172e-05,0.0,79.60498927594607,0.0,2.081147087688561
2020-09-11 00:00:00+00:00,1003182.0811733287,7.936507936513207e-05,0.0,79.61130713223781,0.0,2.076394253645223
2020-09-14 00:00:00+00:00,1003261.6987988186,7.936507936508003e-05,0.0,79.61762548994672,0.0,2.073290209187029
2020-09-15 00:00:00+00:00,1003341.3227431678,7.936507936508805e-05,0.0,79.62394434911259,0.0,2.0730944354026484
2020-09-16 00:00:00+00:00,1003420.9530068776,7.936507936511644e-05,0.0,79.63026370977522,0.0,2.07676895671338
2020-09-17 00:00:00+00:00,1003500.5895904496,7.936507936512555e-05,0.0,79.63658357197441,0.0,2.0708269930486582
2020-09-18 00:00:00+00:00,1003580.2324943853,7.93650793650757e-05,0.0,79.64290393574997,0.0,2.07816449083253
2020-09-21 00:00:00+00:00,1003659.8817191864,7.936507936504325e-05,0.0,79.6492248011417,0.0,2.064240323348946
2020-09-22 00:00:00+00:00,1003739.5372653547,7.936507936510452e-05,0.0,79.6555461681894,0.0,2.07124180126883
2020-09-23 00:00:00+00:00,1003819.1991333916,7.936507936510383e-05,0.0,79.66186803693292,0.0,2.040341894384539
2020-09-24 00:00:00+00:00,1002942.6252208195,-0.0008732388395528515,0.25000000000000006,59.75114280555903,0.0,2.0449798217396413
2020-09-25 00:00:00+00:00,1001843.5673095828,-0.0010958332845756483,0.2502185005130227,59.68157344741838,7.1212512149584075,2.0374446344400967
2020-09-28 00:00:00+00:00,1005141.354899003,0.0032917190837251295,0.2504929990789666,59.59434662906626,7.42329445548556,2.058767576440701
2020-09-29 00:00:00+00:00,1004182.2064860455,-0.000954242314558762,0.2496711517839836,59.85607580282978,7.27802655815257,2.051959231665278
2020-09-30 00:00:00+00:00,1002788.5417286246,-0.0013878604384932984,0.24990962612404674,59.7799529129125,7.1640972791759925,2.042489937414061
2020-10-01 00:00:00+00:00,1003466.5208247495,0.000676093780405755,0.2502569478414139,59.669344598831486,7.1120012233593215,2.0461796082323986
2020-10-02 00:00:00+00:00,1005047.316023886,0.0015753342700832974,0.25008786499133834,59.723152463603306,7.201661610989264,2.056373119004853
2020-10-05 00:00:00+00:00,1006776.3274838646,0.0017203284187841709,0.24969451266847992,59.8486124000427,7.408243921718851,2.067380387580912
2020-10-06 00:00:00+00:00,1007096.8497034675,0.00031836487495080724,0.2492656938115879,59.98583553178703,7.394457511055006,2.069179273112938
2020-10-07 00:00:00+00:00,1009521.5305790046,0.002407594538947304,0.24918636162672914,60.011273803184096,7.613510228369234,2.0844235198918524
2020-10-08 00:00:00+00:00,1007779.6272543566,-0.0017254741695789941,0.24858786284569329,60.203708793306085,7.640361777767582,2.072912886928878
2020-10-09 00:00:00+00:00,1006831.1300129879,-0.0009411752487524298,0.2490175361721305,60.0654624976991,7.489955136611035,2.0664395071373605
2020-10-12 00:00:00+00:00,1007006.0898836441,0.00017377280602557136,0.24925212610391842,59.99018493886031,7.495400104553283,2.0672128078229557
2020-10-13 00:00:00+00:00,1007217.8340170546,0.00021027095619151215,0.24920882038791328,60.004070642880656,7.46614558144244,2.068188496783772
2020-10-14 00:00:00+00:00,1006047.8236407054,-0.001161625953030332,0.24915643002713023,60.020875732833865,7.373383725997474,2.0603042774463534
2020-10-15 00:00:00+00:00,1007115.6984129418,0.0010614552779130194,0.24944619319903483,59.928017766456946,7.465940588406764,2.0668693519959698
2020-10-16 00:00:00+00:00,1006385.8015517163,-0.0007247398311591084,0.24918169797056464,60.012769732507444,7.379897947485501,2.061790557089836
2020-10-19 00:00:00+00:00,1005236.2306017263,-0.001142276598315938,0.24936242084934843,59.95484141018796,7.231474170491514,2.0538296863822136
2020-10-20 00:00:00+00:00,1005406.5231086613,0.0001694054608766168,0.24964758744631438,59.86360562050622,7.256202398016179,2.05463650880862
2020-10-21 00:00:00+00:00,1004731.3785795397,-0.0006715139733071048,0.24960530294493175,59.87712089883439,7.153980496197162,2.0497194349375225
2020-10-22 00:00:00+00:00,1005258.0324335108,0.0005241737893322428,0.24977302902407666,59.823537999697756,7.341220073759062,2.0533687940062313
2020-10-23 00:00:00+00:00,1005841.8083700715,0.0005807224789316141,0.24964217314020462,59.86533592461609,7.320973853453171,2.0565591454463488
2020-10-26 00:00:00+00:00,1004833.1007219765,-0.0010028491952721163,0.24949728445868707,59.911667348152655,7.160645298874889,2.049369265444267
2020-10-27 00:00:00+00:00,1003139.5944785278,-0.0016853607253104158,0.24974774378256043,59.831611185605446,6.970750935327778,2.037438866767517
2020-10-28 00:00:00+00:00,1002649.2605981987,-0.000488799248906065,0.25016936941244383,59.69720592818888,6.857540397410895,2.033484328779842
2020-10-29 00:00:00+00:00,1000639.6956863125,-0.002004255117773978,0.25029171181318555,59.658290540861174,6.781053972207409,2.0196337050662385
2020-10-30 00:00:00+00:00,1004466.0499548945,0.0038239081310456704,0.25079436770817354,59.49880126214005,7.055778734549241,2.0453671718525075
2020-11-02 00:00:00+00:00,1005931.6921427114,0.001459125659730083,0.24983900630052858,59.802480172344964,7.280777513481505,2.055020364715556
2020-11-03 00:00:00+00:00,1006712.9047642684,0.000776606033649281,0.2494749909397874,59.91880098090186,7.323216122497384,2.0597616372250744
2020-11-04 00:00:00+00:00,1007220.9800537518,0.0005046873712246548,0.24928139750241052,59.98080198261273,7.3174699921757345,2.0627416853242995
2020-11-05 00:00:00+00:00,1008654.9987882704,0.001423737951171377,0.2491556517914821,60.02112541828602,7.416847300191741,2.0718236328284787
2020-11-06 00:00:00+00:00,1007077.4924016967,-0.0015639702261613419,0.24880142376216643,60.134936428962106,7.266080023070526,2.0611276318853258
2020-11-09 00:00:00+00:00,1014394.212548849,0.007265300041313869,0.24919115130342787,60.009737509392764,8.181197800499772,2.106084330911257
2020-11-10 00:00:00+00:00,1014397.3917473026,3.134085757019234e-06,0.0,80.5074771864166,8.72402681087311,2.144668128040006
2020-11-11 00:00:00+00:00,1014477.8994768064,7.936507936511643e-05,0.0,80.50772950375418,0.0,2.1455844953770074
2020-11-12 00:00:00+00:00,1013795.5601658009,-0.0006726014547556417,0.1392673958934151,69.30112731946427,0.0,2.1432059465706317
2020-11-13 00:00:00+00:00,1012693.0326916471,-0.001087524464965574,0.13936113039245346,69.2469734058924,0.09505463921983281,2.1571162836826354
2020-11-16 00:00:00+00:00,1009678.0010841102,-0.0029772413853022656,0.13951285403439304,69.159471225404,0.034072731382942645,2.1915110355442513
2020-11-17 00:00:00+00:00,1012553.1012610779,0.002847541665640562,0.13992945780719954,68.92018300258363,0.19387526292083757,2.161178503307519
2020-11-18 00:00:00+00:00,1013465.451482758,0.0009010393830643027,0.13953213424125183,69.14836555631122,0.17483243204607235,2.151075224265893
2020-11-19 00:00:00+00:00,1012523.3482557237,-0.0009295859327577241,0.13940652347334626,69.22077430406361,0.11139914618919644,2.162386648539685
2020-11-20 00:00:00+00:00,1011597.4413795593,-0.0009144548397421492,0.13953623439394885,69.14600420667995,0.06295993092612939,2.1735306257471976
2020-11-23 00:00:00+00:00,1009497.1522369694,-0.002076210414021653,0.1396639507696677,69.07251953396846,0.07115983672507142,2.1971072114090284
2020-11-24 00:00:00+00:00,1009004.644516281,-0.0004878743041494614,0.13995452581365145,68.90582991947721,0.1646163701266672,2.2034102930219266
2020-11-25 00:00:00+00:00,1008438.1265217983,-0.0005614622267217038,0.0,80.07973369176833,0.19230043528269647,2.1847621581646584
2020-11-27 00:00:00+00:00,1008518.1612937445,7.93650793650476e-05,0.0,80.03477194617447,0.0,2.1839319527522165
2020-11-30 00:00:00+00:00,1008598.2024176567,7.936507936508147e-05,0.0,80.04112391220194,0.0,2.171217752413943
2020-12-01 00:00:00+00:00,1007855.2059930053,-0.0007366624517774854,0.25000000000000006,60.03560728676528,0.0,2.167089337224121
2020-12-02 00:00:00+00:00,1006612.498513573,-0.0012330218388939553,0.25018430138085146,59.97663931655485,0.3158070221745508,2.1762133285374046
2020-12-03 00:00:00+00:00,1007865.8620945727,0.0012451301596697584,0.25049316492369605,59.878011738822124,0.39248273547441337,2.1687116302575427
2020-12-04 00:00:00+00:00,1005475.9807258125,-0.0023712296037029564,0.2501816561981676,59.97748503890147,0.3741960754887541,2.1849205080720235
2020-12-07 00:00:00+00:00,1008633.6768373739,0.0031404988006595324,0.2507763043950564,59.78781191439669,0.4770369846457352,2.1650636084810646
2020-12-08 00:00:00+00:00,1010184.9325684508,0.0015379773318108718,0.24999120730832913,60.038422716901565,0.6512182032101126,2.15686893390801
2020-12-09 00:00:00+00:00,1013744.3900367754,0.0035235701440076493,0.24960731691306273,60.16153825111402,0.8696148623136162,2.1354923421684506
2020-12-10 00:00:00+00:00,1012341.129556745,-0.0013842350140940533,0.24873089615348404,60.44403487558422,0.9162091697762247,2.1469625800047956
2020-12-11 00:00:00+00:00,1013307.0959708256,0.0009541906239683586,0.24907567542456585,60.332664996216735,0.9179175497564978,2.140498239316864
2020-12-14 00:00:00+00:00,1014404.8143824809,0.001083302797365278,0.24883823631259155,60.409328997334235,0.849501322158194,2.131541495044371
2020-12-15 00:00:00+00:00,1012369.0494364635,-0.0020068565499235004,0.0,80.5083186017842,1.0435791620732773,2.1179695255515165
2020-12-16 00:00:00+00:00,1012449.3961864188,7.93650793651265e-05,0.0,80.34674995527489,0.0,2.1002807115535553
2020-12-17 00:00:00+00:00,1012529.7493131002,7.936507936502797e-05,0.0,80.35312668146182,0.0,2.1025681483258967
2020-12-18 00:00:00+00:00,1012610.108817014,7.936507936512784e-05,0.0,80.35950391373811,0.0,2.0989239159351367
2020-12-21 00:00:00+00:00,1012690.4746986661,7.936507936504147e-05,0.0,80.36588165214397,0.0,2.098678277797429
2020-12-22 00:00:00+00:00,1012770.8469585628,7.936507936507413e-05,0.0,80.37225989671954,0.0,2.087700007413845
2020-12-23 00:00:00+00:00,1012851.2255972103,7.936507936507118e-05,0.0,80.37863864750499,0.0,2.0938832422251092
2020-12-24 00:00:00+00:00,1012931.6106151149,7.936507936510789e-05,0.0,80.3850179045405,0.0,2.093841646287461
2020-12-28 00:00:00+00:00,1013012.0020127827,7.936507936502965e-05,0.0,80.39139766786626,0.0,2.0873393744506137
2020-12-29 00:00:00+00:00,1013092.3997907202,7.936507936502669e-05,0.0,80.39777793752243,0.0,2.0910232877695494
2020-12-30 00:00:00+00:00,1013172.8039494337,7.93650793650593e-05,0.0,80.40415871354922,0.0,2.092843532415352
2020-12-31 00:00:00+00:00,1013253.2144894297,7.93650793650878e-05,0.0,80.41053999598681,0.0,2.089004020401664
2021-01-04 00:00:00+00:00,1013333.6314112146,7.936507936507255e-05,0.0,80.41692178487537,0.0,2.0891939463842513
2021-01-05 00:00:00+00:00,1013414.0547152949,7.936507936508876e-05,0.0,80.42330408025512,0.0,2.0878850211679993
2021-01-06 00:00:00+00:00,1013494.484402177,7.936507936509677e-05,0.0,80.42968688216625,0.0,2.1024049275767394
2021-01-07 00:00:00+00:00,1013574.9204723677,7.93650793650569e-05,0.0,80.43607019064898,0.0,2.100479368920321
2021-01-08 00:00:00+00:00,1013655.3629263734,7.936507936504436e-05,0.0,80.44245400574347,0.0,2.104193367530212
2021-01-11 00:00:00+00:00,1013735.8117647009,7.936507936513433e-05,0.0,80.44883832748995,0.0,2.0906599587414245
2021-01-12 00:00:00+00:00,1013816.2669878568,7.936507936505745e-05,0.0,80.45522315592865,0.0,2.093154797807438
2021-01-13 00:00:00+00:00,1013896.728596348,7.936507936511856e-05,0.0,80.46160849109975,0.0,2.08626428296343
2021-01-14 00:00:00+00:00,1013977.196590681,7.936507936504833e-05,0.0,80.46799433304349,0.0,2.085151009898621
2021-01-15 00:00:00+00:00,1014057.6709713627,7.936507936503677e-05,0.0,80.47438068180007,0.0,2.082796483353846
2021-01-19 00:00:00+00:00,1014138.1517389001,7.936507936504417e-05,0.0,80.48076753740975,0.0,2.094891617097358
2021-01-20 00:00:00+00:00,1014218.6388938,7.936507936503087e-05,0.0,80.48715489991271,0.0,2.0958416435057634
2021-01-21 00:00:00+00:00,1014299.1324365693,7.936507936507199e-05,0.0,80.4935427693492,0.0,2.0792582653303793
2021-01-22 00:00:00+00:00,1014379.6323677151,7.936507936512786e-05,0.0,80.49993114575948,0.0,2.0843815484810224
2021-01-25 00:00:00+00:00,1014460.1386877443,7.936507936504403e-05,0.0,80.50632002918374,0.0,2.0831453416072847
2021-01-26 00:00:00+00:00,1014540.651397164,7.936507936512516e-05,0.0,80.51270941966224,0.0,2.0758966938700323
2021-01-27 00:00:00+00:00,1014621.1704964812,7.936507936510202e-05,0.0,80.51909931723523,0.0,2.069627657120962
2021-01-28 00:00:00+00:00,1014701.6959862032,7.936507936504974e-05,0.0,80.52548972194296,0.0,2.07067834980561
2021-01-29 00:00:00+00:00,1014782.2278668369,7.936507936504336e-05,0.0,80.53188063382565,0.0,2.050025156107161
2021-02-01 00:00:00+00:00,1014862.7661388898,7.936507936504323e-05,0.0,80.53827205292356,0.0,2.056671735279498
2021-02-02 00:00:00+00:00,1014943.3108028691,7.936507936512437e-05,0.0,80.54466397927698,0.0,2.0575834643511137
2021-02-03 00:00:00+00:00,1015023.8618592821,7.936507936513241e-05,0.0,80.55105641292613,0.0,2.0560734911964147
2021-02-04 00:00:00+00:00,1015104.419308636,7.936507936502769e-05,0.0,80.55744935391128,0.0,2.0371843749270826
2021-02-05 00:00:00+00:00,1011613.0583893079,-0.003439410619161664,0.25000000000000006,60.42288210170452,0.0,2.0252392419840963
2021-02-08 00:00:00+00:00,1010941.9305446881,-0.0006634234691358853,0.25086282024791356,60.14578996524992,7.23498221321309,2.0223803211954245
2021-02-09 00:00:00+00:00,1013002.34972493,0.0020381182321043308,0.251029359016127,60.092525850597546,7.297067792373681,2.033886741693296
2021-02-10 00:00:00+00:00,1015028.3763343233,0.0020000216287192705,0.2505187721391458,60.25605118236278,7.475081741968921,2.046545618538304
2021-02-11 00:00:00+00:00,1016874.3081936879,0.001818601235594044,0.2500187292730149,60.416846945013035,7.531146748665816,2.05729153933113
2021-02-12 00:00:00+00:00,1016148.6769250951,-0.0007135899321537096,0.24956487029154178,60.56334947353403,7.52745289626,2.052693613626728
2021-02-16 00:00:00+00:00,1017631.0077935255,0.0014587736047798727,0.2497430844422248,60.50575969031239,7.734489846526337,2.0621042090248807
2021-02-17 00:00:00+00:00,1017442.7342103294,-0.00018501164150287348,0.24937929650690194,60.623404997330674,7.769788098492283,2.0610280610746017
2021-02-18 00:00:00+00:00,1017451.614212029,8.727765603987938e-06,0.2494254431175657,60.608462649457955,7.703907526804244,2.0603148815272
2021-02-19 00:00:00+00:00,1018129.7419943117,0.0006664963451926233,0.24942326620976205,60.609167411497616,7.781669648586019,2.0642958012926824
2021-02-22 00:00:00+00:00,1016323.8971720919,-0.0017736883107672687,0.0,80.80394777732633,7.96213933991142,2.0689646938023434
2021-02-23 00:00:00+00:00,1016404.5577988515,7.93650793650266e-05,0.0,80.66062675968983,0.0,2.071794295800344
2021-02-24 00:00:00+00:00,1016485.2248272483,7.936507936508465e-05,0.0,80.66702839673425,0.0,2.0913978770735318
2021-02-25 00:00:00+00:00,1016565.8982577901,7.93650793651132e-05,0.0,80.6734305418451,0.0,2.0954982964153595
2021-02-26 00:00:00+00:00,1016646.5780909852,7.93650793650726e-05,0.0,80.67983319506271,0.0,2.0808001653793706
2021-03-01 00:00:00+00:00,1016727.2643273416,7.936507936503772e-05,0.0,80.6862363564274,0.0,2.080283129756486
2021-03-02 00:00:00+00:00,1016807.9569673676,7.936507936508338e-05,0.0,80.69264002597949,0.0,2.087846917966567
2021-03-03 00:00:00+00:00,1016888.6560115713,7.936507936505539e-05,0.0,80.69904420375933,0.0,2.094183851336818
2021-03-04 00:00:00+00:00,1016969.361460461,7.936507936502862e-05,0.0,80.70544888980724,0.0,2.0797274014893903
2021-03-05 00:00:00+00:00,1017050.0733145452,7.936507936507786e-05,0.0,80.71185408416358,0.0,2.0990637250142066
2021-03-08 00:00:00+00:00,1017130.791574332,7.936507936504895e-05,0.0,80.71825978686867,0.0,2.108005439932728
2021-03-09 00:00:00+00:00,1017211.5162403301,7.936507936513116e-05,0.0,80.72466599796286,0.0,2.1127684250995036
2021-03-10 00:00:00+00:00,1017292.2473130475,7.936507936505592e-05,0.0,80.73107271748651,0.0,2.112837225327675
2021-03-11 00:00:00+00:00,1015950.8811152726,-0.0013185652415201308,0.25,60.55310995910997,0.0,2.1148352425647503
2021-03-12 00:00:00+00:00,1016751.3094400686,0.0007878612437613421,0.25033007653782985,60.446652324365935,0.3069342294813584,2.1102252661863043
2021-03-15 00:00:00+00:00,1016114.6175863981,-0.0006262021477218786,0.25013300643627323,60.51017838188941,0.19705426554446093,2.1144053965599547
2021-03-16 00:00:00+00:00,1017465.337881433,0.0013292991476131044,0.25028973840801705,60.45964728239177,0.18911597209194952,2.1055523669443788
2021-03-17 00:00:00+00:00,1017495.351581461,2.9498498779880866e-05,0.24995747015599917,60.56684730580722,0.2125531977512789,2.1058533385255873
2021-03-18 00:00:00+00:00,1018569.096348283,0.0010552822331355918,0.24995009700336768,60.56922934549199,0.1395447394452225,2.098535957395635
2021-03-19 00:00:00+00:00,1019436.9256089716,0.0008520082376344592,0.2496866071629767,60.654447184128664,0.1613641732355784,2.0928525468218244
2021-03-22 00:00:00+00:00,1019773.6214993682,0.00033027633386486534,0.24947405321456181,60.72332252227854,0.14963883783256282,2.090834370838042
2021-03-23 00:00:00+00:00,1019335.1151690445,-0.00043000360185726426,0.2493916850431294,60.75004441834178,0.08458706138772709,2.09430656618906
2021-03-24 00:00:00+00:00,1017541.4624757457,-0.0017596300437479836,0.2494989704991037,60.715242328633536,0.050645653792136924,2.107321818076972
2021-03-25 00:00:00+00:00,1015389.9883625123,-0.002114384713128749,0.0,80.75725892664649,0.0064679838015448965,2.1132742444549653
2021-03-26 00:00:00+00:00,1015470.5748695253,7.936507936513194e-05,0.0,80.5865070128978,0.0,2.1202000206422262
2021-03-29 00:00:00+00:00,1013960.4784462379,-0.0014870902817459167,0.25000000000000006,60.444677075566986,0.0,2.1186082516040683
2021-03-30 00:00:00+00:00,1014086.4094879832,0.00012419718955745243,0.2503723262531893,60.32482815308384,0.22204125438660904,2.117986732763393
2021-03-31 00:00:00+00:00,1014819.6265175245,0.0007230321032617623,0.2503412345754247,60.33482268020649,0.21204393038593028,2.1133757025626445
2021-04-01 00:00:00+00:00,1016012.0350642599,0.0011749955515023979,0.2501603606037446,60.393014507947875,0.3503343575128006,2.1063954213989216
2021-04-05 00:00:00+00:00,1016424.8271052601,0.0004062865662551957,0.24986676826256782,60.48765010689512,0.31875928893287186,2.1037026963460246
2021-04-06 00:00:00+00:00,1017607.212350884,0.0011632785958124133,0.24976529197971964,60.520411379990385,0.3692607894031279,2.096170705086898
2021-04-07 00:00:00+00:00,1017105.3214570449,-0.0004932068953005891,0.24947508295552895,60.61425147884941,0.35635455732689314,2.1000521366116094
2021-04-08 00:00:00+00:00,1017932.4654441031,0.0008132333688641789,0.24959818650216634,60.57441886822726,0.3623746019877818,2.0946474061940186
2021-04-09 00:00:00+00:00,1018062.8152630621,0.00012805350392488792,0.2493953698653516,60.64006521640649,0.35293775067878963,2.094065150282664
2021-04-12 00:00:00+00:00,1018958.7873058289,0.0008800754033386775,0.24936343800336452,60.6504104401334,0.379413043003485,2.088255892343924
2021-04-13 00:00:00+00:00,1018363.9365474673,-0.0005837829417364771,0.24914417234539818,60.72151933241646,0.3556925049206996,2.092790826860295
2021-04-14 00:00:00+00:00,1018592.6636487019,0.00022460251490253108,0.24928970342180637,60.674308954768726,0.45133720330010374,2.0925003829651567
2021-04-15 00:00:00+00:00,1019655.0466232325,0.0010429909937944412,0.24923372490039522,60.692461899311155,0.4824546201285109,2.0855838893149876
2021-04-16 00:00:00+00:00,1019467.9193761364,-0.000183520149991765,0.2489740472114651,60.776778008400896,0.4521031627189116,2.0870434452508597
2021-04-19 00:00:00+00:00,1018513.3964051242,-0.0009362952505619642,0.2490197473528502,60.761926639583734,0.39298101717950185,2.0937823160537876
2021-04-20 00:00:00+00:00,1019740.945774779,0.0012052363513208658,0.24925312186704207,60.68617084823356,0.38063774024626085,2.0851924353617717
2021-04-21 00:00:00+00:00,1018843.2648498878,-0.0008803029128237121,0.24895307457179505,60.78359540138076,0.3770149814114119,2.0921311230643114
2021-04-22 00:00:00+00:00,1020035.9747324444,0.0011706509957960082,0.24917242178048374,60.71235088353227,0.39961379834479427,2.0840954401382654
2021-04-23 00:00:00+00:00,1019738.3745422272,-0.0002917546023758639,0.24888106890933026,60.80701039802087,0.39476742833961653,2.08667468720095
2021-04-26 00:00:00+00:00,1020272.430237597,0.0005237183464920276,0.24895370229775413,60.783391335305225,0.42807773033938656,2.083538402987276
2021-04-27 00:00:00+00:00,1019804.7355054572,-0.0004584018133577357,0.24882338892393835,60.825776707953615,0.4328721468382586,2.0874600004849286
2021-04-28 00:00:00+00:00,1019276.3824592931,-0.0005180923639290216,0.2489375023264175,60.78865807841871,0.4919925856923959,2.0923787743818827
2021-04-29 00:00:00+00:00,1018239.0707932704,-0.0010176942033327066,0.24906654179983423,60.74672529697712,0.49229747998913376,2.100184103945449
2021-04-30 00:00:00+00:00,1020760.9586419478,0.002476714870813942,0.24932027359704725,60.664398974276914,0.5162749928457302,2.0827536718794977
2021-05-03 00:00:00+00:00,1019995.1910270494,-0.0007501928913084502,0.2487043039490213,60.86454880353702,0.5548379837087196,2.089281580397903
2021-05-04 00:00:00+00:00,1019299.2932482949,-0.0006822559408872091,0.24889102022310317,60.803773596005406,0.563815011121299,2.0948239348670845
2021-05-05 00:00:00+00:00,1018519.2447085171,-0.0007652791922300854,0.24906094353147049,60.74854361356457,0.5841162601046708,2.1010194759148977
2021-05-06 00:00:00+00:00,1019753.4121724167,0.0012117271915198695,0.2492516906639638,60.68663499929649,0.6764463521633071,2.0940351171438745
2021-05-07 00:00:00+00:00,1020330.2012618455,0.0005656162387337237,0.24895003114189942,60.784584798018685,0.749595830315531,2.091516717576023
2021-05-10 00:00:00+00:00,1021102.4002435633,0.00075681282467463,0.24880930056115408,60.83036170987811,0.7911190621475548,2.087119138925556
2021-05-11 00:00:00+00:00,1022014.7337756178,0.0008934789809884143,0.24862114089324083,60.89164734334777,0.7357736741234289,2.079939855777689
2021-05-12 00:00:00+00:00,1020013.4441438474,-0.001958180802714066,0.24839920142787072,60.964054766526694,0.5952888102931311,2.0927224479324935
2021-05-13 00:00:00+00:00,1019905.5544545148,-0.00010577281108608017,0.2488865663241,60.80522225606873,0.5600914483379735,2.0934539769230884
2021-05-14 00:00:00+00:00,1018748.388788221,-0.0011345811984645965,0.24891289454067111,60.79665958231218,0.5813104832756921,2.102324474299667
2021-05-17 00:00:00+00:00,1019371.4423465668,0.0006115872822011295,0.24919562721404778,60.704821037368234,0.6774146952451026,2.0997162552527913
2021-05-18 00:00:00+00:00,1022692.3955426743,0.003257844057768361,0.24904331548957714,60.754269732475045,0.7322543568415736,2.077093275747441
2021-05-19 00:00:00+00:00,1023986.391869389,0.001265284001674815,0.24823460585396334,61.01783744645183,0.7247571396070973,2.067689602566154
2021-05-20 00:00:00+00:00,1023666.1775564768,-0.00031271344566172866,0.24792091548591844,61.12053556761966,0.7022611436138799,2.070176240255682
2021-05-21 00:00:00+00:00,1022173.0424223302,-0.0014586152858060712,0.2479984679413472,61.09512173326155,0.5952396495445447,2.0800794665955427
2021-05-24 00:00:00+00:00,1022344.5245879682,0.00016776236363231836,0.2483607306995395,60.97661894483722,0.6704801228472073,2.080415037474043
2021-05-25 00:00:00+00:00,1022322.9194432449,-2.1132939242791914e-05,0.24831907210506818,60.990228640522766,0.5992695030034685,2.0799227300685854
2021-05-26 00:00:00+00:00,1023248.7474061269,0.0009056120578673967,0.24832431992783374,60.98851394649711,0.6726744043974306,2.0746304956074875
2021-05-27 00:00:00+00:00,1024240.0594038046,0.000968788869950323,0.24809963790419515,61.061992356249654,0.7054240785523114,2.068168733999716
2021-05-28 00:00:00+00:00,1022955.9625109222,-0.001253706961656846,0.2478595143653667,61.140667911620895,0.6201332416702146,2.0768806988480533
2021-06-01 00:00:00+00:00,1022373.9086818976,-0.0005689920684327089,0.2481706476339843,61.038755459804825,0.702412349536593,2.0829365817725756
2021-06-02 00:00:00+00:00,1021191.0323592683,-0.0011569899354672605,0.24831193515558503,60.99256071146954,0.6650203957247973,2.091344490641852
2021-06-03 00:00:00+00:00,1019076.5211890262,-0.0020706323334596082,0.0,81.04690733010065,0.7237345157208925,2.084560844737246
2021-06-04 00:00:00+00:00,1019157.4002780095,7.936507936511167e-05,0.0,80.87908898325604,0.0,2.0874555333269393
2021-06-07 00:00:00+00:00,1019238.2857859681,7.936507936509873e-05,0.0,80.88550795857218,0.0,2.084416831136925
2021-06-08 00:00:00+00:00,1019319.1777134114,7.936507936507693e-05,0.0,80.8919274433308,0.0,2.082351291316959
2021-06-09 00:00:00+00:00,1019400.076060849,7.936507936512081e-05,0.0,80.89834743757233,0.0,2.069467176309776
2021-06-10 00:00:00+00:00,1019480.9808287903,7.936507936507648e-05,0.0,80.90476794133723,0.0,2.073547277650845
2021-06-11 00:00:00+00:00,1019561.8920177451,7.93650793651327e-05,0.0,80.9111889546659,0.0,2.0754282932508543
2021-06-14 00:00:00+00:00,1019642.8096282227,7.936507936513558e-05,0.0,80.91761047759881,0.0,2.0772291143396155
2021-06-15 00:00:00+00:00,1019723.7336607329,7.936507936504547e-05,0.0,80.9240325101764,0.0,2.075174928538428
2021-06-16 00:00:00+00:00,1019804.6641157853,7.936507936505105e-05,0.0,80.93045505243911,0.0,2.0715350277705182
2021-06-17 00:00:00+00:00,1019885.6009938897,7.936507936511266e-05,0.0,80.93687810442741,0.0,2.0693852937751593
2021-06-18 00:00:00+00:00,1019966.5442955559,7.936507936507644e-05,0.0,80.94330166618172,0.0,2.0480092117848825
2021-06-21 00:00:00+00:00,1018569.2751622061,-0.001369916632231103,0.25,60.7122943033069,0.0,2.0503484844614404
2021-06-22 00:00:00+00:00,1017976.7798693024,-0.0005816936632114538,0.25034294896955517,60.601399927644216,7.375423221257968,2.046682515068129
2021-06-23 00:00:00+00:00,1017077.1872702385,-0.0008837064035776701,0.2504886566338254,60.554376491699486,7.325939582232783,2.0409872637284514
2021-06-24 00:00:00+00:00,1017760.6468806947,0.0006719840136130584,0.25071021085259815,60.482980253678534,7.388297355169225,2.0450916033029167
2021-06-25 00:00:00+00:00,1017759.2434694894,-1.3789206819670128e-06,0.2505418507341638,60.53722307990521,7.39136533436875,2.0448386790597137
2021-06-28 00:00:00+00:00,1015935.2431419976,-0.001792172696239888,0.2505421962119799,60.537111698063526,7.152119607119964,2.0318063931329444
2021-06-29 00:00:00+00:00,1016152.4304385456,0.00021378064991263134,0.25099201725227355,60.39234976731021,7.156254863739546,2.0327507937641633
2021-06-30 00:00:00+00:00,1016922.4163752376,0.0007577464892345709,0.2509383714841297,60.40958685433783,7.235336538895986,2.037622827950961
2021-07-01 00:00:00+00:00,1018550.9730766132,0.0016014561928730207,0.2507483677887564,60.470696849313384,7.3712221799098465,2.047745686736128
2021-07-02 00:00:00+00:00,1018385.2189725,-0.00016273520765733795,0.25034744731887765,60.59994738116858,7.347922912126184,2.0463020803385294
2021-07-06 00:00:00+00:00,1018254.0706752007,-0.0001287806370870188,0.250388194293671,60.586792293540555,7.241061026876296,2.044260238168341
2021-07-07 00:00:00+00:00,1018959.7064102059,0.0006929859210259303,0.25042044359793714,60.5763836985168,7.249434152684639,2.048158423158165
2021-07-08 00:00:00+00:00,1018717.7533172155,-0.00023745109003656643,0.2502470259321875,60.63238653462833,7.216129092400065,2.046169804361644
2021-07-09 00:00:00+00:00,1018967.9419883983,0.00024559174547430856,0.2503064614743078,60.61318390820052,7.284520211166379,2.047828668300477
2021-07-12 00:00:00+00:00,1019578.2442892884,0.0005989416111552619,0.2502450033671346,60.63304015194519,7.322808101908289,2.0513683589555183
2021-07-13 00:00:00+00:00,1019216.6019939416,-0.00035469793257398907,0.25009521093855286,60.681476842492025,7.266688899940082,2.048532996064386
2021-07-14 00:00:00+00:00,1018769.7208965245,-0.00043845547309849287,0.2501839506686182,60.652775073020045,7.171251357650541,2.044902479496027
2021-07-15 00:00:00+00:00,1019039.5356893981,0.0002648437496121614,0.2502936933083313,60.617308319256786,7.150449092444725,2.046116074097903
2021-07-16 00:00:00+00:00,1017783.1985440475,-0.0012328639874610852,0.2502274221395961,60.63872219170706,6.969548559875095,2.036944471206563
2021-07-19 00:00:00+00:00,1017355.7842957163,-0.0004199462606011171,0.2505362993205802,60.53901289445703,6.847529654369236,2.033286638620016
2021-07-20 00:00:00+00:00,1015810.3815781005,-0.001519038611143948,0.0,80.7425225631521,6.826955983840497,2.0299199799315537
2021-07-21 00:00:00+00:00,1015500.6100526992,-0.0003049501472115601,0.25000000000000006,60.464903665363124,0.0,2.0438042924384994
2021-07-22 00:00:00+00:00,1015099.0362463339,-0.00039544418032848864,0.2500762607925428,60.4403186236646,7.33859628395637,2.0406994908806104
2021-07-23 00:00:00+00:00,1015181.8154412633,8.154790022804846e-05,0.25017519111593217,60.40844768665148,7.328812841174414,2.040810639267286
2021-07-26 00:00:00+00:00,1016051.2654537078,0.0008564475832997458,0.25015479151795195,60.41501746402683,7.474376227046266,2.0465451608693512
2021-07-27 00:00:00+00:00,1016796.2189849961,0.0007331849844758151,0.24994073038344683,60.48402143326846,7.487593304965154,2.0506475406307234
2021-07-28 00:00:00+00:00,1017565.8967235463,0.0007569636119600804,0.24975761185267792,60.54314472940246,7.5719229761916065,2.0552885378885635
2021-07-29 00:00:00+00:00,1018447.7209249071,0.000866601567721747,0.2495686974300391,60.604230264208034,7.673074090620368,2.060604452040452
2021-07-30 00:00:00+00:00,1019262.0255567755,0.0007995546704438236,0.24935260806897103,60.67421631193508,7.6606507121639815,2.0650872570933063
2021-08-02 00:00:00+00:00,1017412.3792695253,-0.0018146916503043859,0.0,80.89381155212504,7.6645937956731975,2.0648318048570644
2021-08-03 00:00:00+00:00,1017493.1262837531,7.936507936512733e-05,0.0,80.74701422774011,0.0,2.06625966170652
2021-08-04 00:00:00+00:00,1017573.879706474,7.936507936508632e-05,0.0,80.75342272093279,0.0,2.059679131599055
2021-08-05 00:00:00+00:00,1017654.6395381967,7.936507936505314e-05,0.0,80.75983172273604,0.0,2.064042694261822
2021-08-06 00:00:00+00:00,1017735.40577943,7.936507936510254e-05,0.0,80.76624123319021,0.0,2.0643707438328622
2021-08-09 00:00:00+00:00,1017816.1784306823,7.936507936508044e-05,0.0,80.7726512523357,0.0,2.0542086164380886
2021-08-10 00:00:00+00:00,1017896.9574924625,7.936507936506156e-05,0.0,80.77906178021288,0.0,2.0603966040051405
2021-08-11 00:00:00+00:00,1017977.7429652794,7.93650793651206e-05,0.0,80.7854728168621,0.0,2.0670041586007435
2021-08-12 00:00:00+00:00,1018058.5348496417,7.936507936510353e-05,0.0,80.79188436232376,0.0,2.0761989929295126
2021-08-13 00:00:00+00:00,1018139.3331460584,7.936507936508504e-05,0.0,80.79829641663824,0.0,2.075787189708085
2021-08-16 00:00:00+00:00,1018220.1378550382,7.936507936502547e-05,0.0,80.8047089798459,0.0,2.075368188094995
2021-08-17 00:00:00+00:00,1018300.9489770902,7.936507936511384e-05,0.0,80.81112205198716,0.0,2.077759162706664
2021-08-18 00:00:00+00:00,1018381.7665127233,7.936507936508178e-05,0.0,80.8175356331024,0.0,2.0550692811125457
2021-08-19 00:00:00+00:00,1018462.5904624466,7.93650793651183e-05,0.0,80.823949723232,0.0,2.044610024216941
2021-08-20 00:00:00+00:00,1018543.420826769,7.936507936506939e-05,0.0,80.8303643224164,0.0,2.0475119559858483
2021-08-23 00:00:00+00:00,1018624.2576061997,7.936507936512403e-05,0.0,80.83677943069596,0.0,2.04691408706076
2021-08-24 00:00:00+00:00,1018705.1008012479,7.936507936512822e-05,0.0,80.84319504811108,0.0,2.0493924355732482
2021-08-25 00:00:00+00:00,1018785.9504124225,7.936507936504231e-05,0.0,80.84961117470222,0.0,2.0556325789997665
2021-08-26 00:00:00+00:00,1018866.806440233,7.93650793650552e-05,0.0,80.85602781050973,0.0,2.0520237979455835
2021-08-27 00:00:00+00:00,1018947.6688851886,7.936507936512719e-05,0.0,80.86244495557405,0.0,2.054002907048485
2021-08-30 00:00:00+00:00,1019028.5377477986,7.936507936510436e-05,0.0,80.8688626099356,0.0,2.058929592529661
2021-08-31 00:00:00+00:00,1019109.4130285722,7.93650793650613e-05,0.0,80.87528077363481,0.0,2.048630500275495
2021-09-01 00:00:00+00:00,1019190.2947280189,7.936507936507259e-05,0.0,80.88169944671208,0.0,2.0467352216796826
2021-09-02 00:00:00+00:00,1019271.1828466482,7.936507936509854e-05,0.0,80.88811862920785,0.0,2.0519955994572077
2021-09-03 00:00:00+00:00,1019352.0773849693,7.936507936509949e-05,0.0,80.89453832116256,0.0,2.052621391794556
2021-09-07 00:00:00+00:00,1019432.9783434919,7.936507936503578e-05,0.0,80.90095852261662,0.0,2.051543974474755
2021-09-08 00:00:00+00:00,1019513.8857227255,7.936507936509616e-05,0.0,80.90737923361047,0.0,2.047338387517228
2021-09-09 00:00:00+00:00,1019594.7995231798,7.936507936512672e-05,0.0,80.91380045418457,0.0,2.045148129706429
2021-09-10 00:00:00+00:00,1019675.7197453642,7.936507936508782e-05,0.0,80.92022218437934,0.0,2.0498641320550712
2021-09-13 00:00:00+00:00,1019756.6463897884,7.936507936505398e-05,0.0,80.92664442423525,0.0,2.051021807406325
2021-09-14 00:00:00+00:00,1019837.5794569622,7.936507936509971e-05,0.0,80.93306717379272,0.0,2.0422051050388887
2021-09-15 00:00:00+00:00,1019918.5189473953,7.936507936507114e-05,0.0,80.93949043309223,0.0,2.0439625440535805
2021-09-16 00:00:00+00:00,1019999.4648615974,7.936507936504279e-05,0.0,80.94591420217422,0.0,2.040396626676792
2021-09-17 00:00:00+00:00,1020080.4172000785,7.936507936508911e-05,0.0,80.95233848107915,0.0,2.0400430669009575
2021-09-20 00:00:00+00:00,1020161.3759633483,7.93650793650563e-05,0.0,80.9587632698475,0.0,2.0341725943124875
2021-09-21 00:00:00+00:00,1019062.4783141175,-0.0010771802139569193,0.25000000000000006,60.72389142638978,0.0,2.0403069340141076
2021-09-22 00:00:00+00:00,1020325.0351642832,0.0012389395910782795,0.25026958544559724,60.63667732724448,7.438686661560407,2.0485964038783986
2021-09-23 00:00:00+00:00,1021269.5391751765,0.0009256893424566543,0.2499599002290215,60.7368802518608,7.608693735069137,2.0547763019068044
2021-09-24 00:00:00+00:00,1021012.1285870274,-0.00025204960911396045,0.24972872900607535,60.811840887645985,7.612011236065186,2.053053484929952
2021-09-27 00:00:00+00:00,1022023.3320774308,0.000990393220698331,0.2497916889036234,60.79141147588813,7.786773310337336,2.0596525012729874
2021-09-28 00:00:00+00:00,1019677.7190254144,-0.002295068007154506,0.0,81.11296286328816,7.74051401924684,2.05501415798672
2021-09-29 00:00:00+00:00,1019758.6458285117,7.936507936506973e-05,0.0,80.92680309725512,0.0,2.056268641650457
2021-09-30 00:00:00+00:00,1019839.5790543711,7.936507936509559e-05,0.0,80.9332258594057,0.0,2.0488994424692955
2021-10-01 00:00:00+00:00,1019920.5187035024,7.93650793650462e-05,0.0,80.93964913129929,0.0,2.0539206104450702
2021-10-04 00:00:00+00:00,1020001.4647764154,7.936507936511018e-05,0.0,80.94607291297638,0.0,2.0508533262820556
2021-10-05 00:00:00+00:00,1020082.4172736199,7.936507936513371e-05,0.0,80.95249720447741,0.0,2.0609226668524627
2021-10-06 00:00:00+00:00,1020163.3761956258,7.936507936507714e-05,0.0,80.95892200584285,0.0,2.0669369669369235
2021-10-07 00:00:00+00:00,1020244.3415429429,7.936507936512904e-05,0.0,80.96534731711316,0.0,2.07059703182659
2021-10-08 00:00:00+00:00,1018048.9629334852,-0.002151816501268335,0.25000000000000006,60.7288298537466,0.0,2.076768839380273
2021-10-11 00:00:00+00:00,1018542.9026635247,0.0004851826857288756,0.25053911420014907,60.55459345617059,0.27721153177789426,2.0738518453218453
2021-10-12 00:00:00+00:00,1017779.8457785057,-0.0007491651878616415,0.2504176159087087,60.593795022046734,0.20751479975074982,2.078991201146281
2021-10-13 00:00:00+00:00,1016984.6918456061,-0.0007812631938013747,0.25060536072085227,60.53323495180713,0.17436975755321016,2.0844777635031457
2021-10-14 00:00:00+00:00,1016899.9359574598,-8.334037751582905e-05,0.25080130254749006,60.47012749681511,0.21412125545474936,2.085542150349472
2021-10-15 00:00:00+00:00,1016902.3301047488,2.3543587764427837e-06,0.2508222061648412,60.46340083902572,0.23863699307832587,2.0860113788773624
2021-10-18 00:00:00+00:00,1016856.6439861151,-4.4926751843525754e-05,0.2508216156407691,60.46359085071531,0.22849290737219108,2.0866534894267916
2021-10-19 00:00:00+00:00,1015266.7337074688,-0.0015635540054237825,0.25083288474753634,60.459964968284076,0.19700666436690728,2.0970348355816073
2021-10-20 00:00:00+00:00,1013770.809155917,-0.001473430086780364,0.25122568968090225,60.33378161283596,0.12910882324835748,2.1065277102876308
2021-10-21 00:00:00+00:00,1013838.9356994206,6.720112957318945e-05,0.25159639938548245,60.21505744207788,0.07326923573959077,2.106446695899123
2021-10-22 00:00:00+00:00,1011916.1256057743,-0.001896563670954096,0.0,80.46340759519211,0.06287245100705441,2.1099468487949915
2021-10-25 00:00:00+00:00,1011266.8589262051,-0.0006416210426339301,0.25000000000000006,60.23310271462943,0.0,2.107255979357948
2021-10-26 00:00:00+00:00,1013508.1143531159,0.002216284858074611,0.25016050824612673,60.18157361307632,0.5221992164881728,2.093730372809965
2021-10-27 00:00:00+00:00,1013484.2842929012,-2.3512451333401904e-05,0.2496073073503813,60.35945102791051,0.4456309081127452,2.093471014787109
2021-10-28 00:00:00+00:00,1012379.5486585184,-0.0010900372620514568,0.24961317636804284,60.35755975329029,0.4065463261395057,2.1012562710299285
2021-10-29 00:00:00+00:00,1010746.7222062066,-0.0016128599737868397,0.24988556094071684,60.26988232199005,0.314636761415062,2.1121323269023295
2021-11-01 00:00:00+00:00,1012880.5782942319,0.0021111679525090024,0.2502892424417205,60.14029292101294,0.47965962152734964,2.099327445589082
2021-11-02 00:00:00+00:00,1012568.7725469742,-0.00030784058253221385,0.24976195301076815,60.309646578792716,0.41216708188291706,2.101240046621686
2021-11-03 00:00:00+00:00,1012368.8393894422,-0.0001974514353519974,0.2498388635520632,60.28490009091513,0.3689104328532602,2.1026665564434577
2021-11-04 00:00:00+00:00,1012182.388664242,-0.0001841727223772364,0.24988820433668701,60.269032379999885,0.3772473928019162,2.10443514473109
2021-11-05 00:00:00+00:00,1011813.3892886536,-0.00036455818607488176,0.24993423540523688,60.2542347033967,0.38120218364773106,2.1074087003970976
2021-11-08 00:00:00+00:00,1009478.0143061228,-0.002308108399487279,0.0,80.30264994354394,0.44022013830527973,2.1042335034097492
2021-11-09 00:00:00+00:00,1009558.1316088455,7.936507936513395e-05,0.0,80.11730272270816,0.0,2.1068083626192227
2021-11-10 00:00:00+00:00,1009638.2552700844,7.936507936509849e-05,0.0,80.12366123879727,0.0,2.1100997368850174
2021-11-11 00:00:00+00:00,1009718.3852903439,7.936507936507915e-05,0.0,80.13002025953051,0.0,2.1122492448596764
2021-11-12 00:00:00+00:00,1009798.5216701288,7.936507936503628e-05,0.0,80.13637978494793,0.0,2.1182103939985013
2021-11-15 00:00:00+00:00,1005688.4725993146,-0.004070167446884806,0.25000000000000006,60.107054861317195,0.0,2.13943850219019
2021-11-16 00:00:00+00:00,1007010.4506467048,0.0013145005470464612,0.25102170035323945,59.780860490617656,0.252867555412446,2.1314919800750403
2021-11-17 00:00:00+00:00,1008555.5652000032,0.0015343580121796902,0.25069216536472727,59.88577938326765,0.29038916083612154,2.1217508665540774
2021-11-18 00:00:00+00:00,1008897.5608606972,0.00033909451545800236,0.2503081031211898,60.00840752241833,0.268225067607182,2.119704855885457
2021-11-19 00:00:00+00:00,1007872.9975730665,-0.0010155275692773165,0.25022325378819016,60.03555003517182,0.09063491675656321,2.1264944523304425
2021-11-22 00:00:00+00:00,1006333.6847511261,-0.0015272884834170873,0.2504776207175158,59.95423548853446,0.04886443469189761,2.1370764784764202
2021-11-23 00:00:00+00:00,1005430.6416876396,-0.0008973594714856334,0.2508607574633308,59.83206780425348,0.05998955924498994,2.1432975208524834
2021-11-24 00:00:00+00:00,1005268.401196794,-0.00016136417980390256,0.25108607192813365,59.7603977198498,0.08097361937795822,2.1447158640704624
2021-11-26 00:00:00+00:00,1004885.681322766,-0.00038071411930621084,0.25112659476512483,59.7475214904176,-0.07033658289606737,2.147826233471522
2021-11-29 00:00:00+00:00,1005723.4008890002,0.0008336466344424723,0.2512222386184506,59.717146897240774,0.013693388467998169,2.1426162188577127
2021-11-30 00:00:00+00:00,1004013.7889903622,-0.0016998827879780491,0.0,79.81931753087302,-0.08878069012766021,2.1471253206098866
2021-12-01 00:00:00+00:00,1004591.1311180013,0.0005750340622509557,0.25000000000000006,59.76272553514061,0.0,2.1389630261321315
2021-12-02 00:00:00+00:00,1003071.9420163485,-0.0015122461811524566,0.249856324102972,59.80854633892149,0.3091485870887414,2.149871839903829
2021-12-03 00:00:00+00:00,1003301.7817015692,0.00022913579334969672,0.2502347406338873,59.68797577529824,0.29111395459771616,2.1485858369861486
2021-12-06 00:00:00+00:00,1002440.8567350503,-0.0008580917349302232,0.25017741603318633,59.70621702015704,0.277248442802406,2.154787330649452
2021-12-07 00:00:00+00:00,1001002.4951324768,-0.001434859316546896,0.25039227557534793,59.63788964186188,0.23570481065344429,2.1645926237571294
2021-12-08 00:00:00+00:00,1000745.0295482916,-0.000257207734683152,0.25075206951843987,59.52373395911795,0.2224002693375875,2.1666223866397045
2021-12-09 00:00:00+00:00,1001700.6603502131,0.0009549193587829486,0.25081658148318414,59.50330018259531,0.28131361284129563,2.160974831198281
2021-12-10 00:00:00+00:00,1002171.5351820443,0.00047007539324829095,0.250577300368191,59.579143897033525,0.3214775790159059,2.158467828896795
2021-12-13 00:00:00+00:00,1002881.6357489013,0.0007085618997630372,0.2504595654894507,59.61651491543284,0.2863309601855739,2.1538615905160947
2021-12-14 00:00:00+00:00,1002380.1771568267,-0.0005000177231285226,0.25028222504059905,59.67287210327862,0.25128521247689317,2.1574620091705046
2021-12-15 00:00:00+00:00,999866.1152493296,-0.002508092203726593,0.0,79.55398231403386,0.2715957054755094,2.1535530284411224
2021-12-16 00:00:00+00:00,999945.4697029208,7.936507936502693e-05,0.0,79.35445359121664,0.0,2.161867578424429
2021-12-17 00:00:00+00:00,1000024.8304544844,7.936507936503864e-05,0.0,79.36075156372387,0.0,2.1520883061957825
2021-12-20 00:00:00+00:00,1000104.1975045205,7.936507936509866e-05,0.0,79.3670500360702,0.0,2.1593173223203164
2021-12-21 00:00:00+00:00,1000183.5708535288,7.93650793650509e-05,0.0,79.37334900829528,0.0,2.161201212258099
2021-12-22 00:00:00+00:00,1000262.9505020092,7.936507936508851e-05,0.0,79.37964848043879,0.0,2.1611482720672415
2021-12-23 00:00:00+00:00,1000342.3364504618,7.936507936505542e-05,0.0,79.38594845254042,0.0,2.1630739674770654
2021-12-27 00:00:00+00:00,1000421.7286993864,7.936507936502834e-05,0.0,79.39224892463982,0.0,2.1730323302354644
2021-12-28 00:00:00+00:00,1000501.1272492831,7.9365079365084e-05,0.0,79.3985498967767,0.0,2.174261966404249
2021-12-29 00:00:00+00:00,1000580.5321006521,7.936507936506634e-05,0.0,79.40485136899072,0.0,2.1730185825446737
2021-12-30 00:00:00+00:00,1000659.9432539934,7.936507936505206e-05,0.0,79.4111533413216,0.0,2.1738508270781325
2021-12-31 00:00:00+00:00,1000739.3607098073,7.936507936511783e-05,0.0,79.417455813809,0.0,2.169441983675467
2022-01-03 00:00:00+00:00,1000818.7844685938,7.936507936510762e-05,0.0,79.42375878649264,0.0,2.1625035823015724
2022-01-04 00:00:00+00:00,1000898.2145308532,7.936507936509815e-05,0.0,79.43006225941221,0.0,2.156902020366619
2022-01-05 00:00:00+00:00,1000977.6508970858,7.936507936504971e-05,0.0,79.4363662326074,0.0,2.156429669386838
2022-01-06 00:00:00+00:00,1001057.0935677919,7.936507936503896e-05,0.0,79.44267070611792,0.0,2.1521453456772695
2022-01-07 00:00:00+00:00,1001136.5425434718,7.936507936502624e-05,0.0,79.44897567998348,0.0,2.158631569055693
2022-01-10 00:00:00+00:00,1001215.997824626,7.936507936508815e-05,0.0,79.45528115424379,0.0,2.161585308178892
2022-01-11 00:00:00+00:00,1001295.459411755,7.936507936506874e-05,0.0,79.46158712893858,0.0,2.159319678300156
2022-01-12 00:00:00+00:00,1001374.927305359,7.936507936504462e-05,0.0,79.46789360410753,0.0,2.1570569121273806
2022-01-13 00:00:00+00:00,1001454.4015059388,7.936507936509239e-05,0.0,79.4742005797904,0.0,2.1557389649839136
2022-01-14 00:00:00+00:00,1001533.8820139949,7.936507936505611e-05,0.0,79.48050805602689,0.0,2.1597833021836257
2022-01-18 00:00:00+00:00,1001613.3688300278,7.936507936512861e-05,0.0,79.48681603285674,0.0,2.1545838018174077
2022-01-19 00:00:00+00:00,1001692.861954538,7.936507936503776e-05,0.0,79.49312451031966,0.0,2.1518440435667134
2022-01-20 00:00:00+00:00,1001772.3613880265,7.936507936509258e-05,0.0,79.4994334884554,0.0,2.1451388946952514
2022-01-21 00:00:00+00:00,1001851.8671309939,7.936507936513715e-05,0.0,79.50574296730369,0.0,2.1447949523208556
2022-01-24 00:00:00+00:00,1001931.3791839408,7.936507936513183e-05,0.0,79.51205294690428,0.0,2.1393344087705337
2022-01-25 00:00:00+00:00,1002010.8975473681,7.936507936503693e-05,0.0,79.51836342729689,0.0,2.1604465609990253
2022-01-26 00:00:00+00:00,1002090.4222217766,7.93650793650452e-05,0.0,79.52467440852128,0.0,2.1746790253174306
2022-01-27 00:00:00+00:00,1002169.9532076672,7.936507936511695e-05,0.0,79.53098589061719,0.0,2.181617457304836
2022-01-28 00:00:00+00:00,1002249.4905055409,7.93650793650963e-05,0.0,79.53729787362438,0.0,2.1454919346835384
2022-01-31 00:00:00+00:00,1002329.0341158984,7.936507936505981e-05,0.0,79.54361035758261,0.0,2.141702717940411
2022-02-01 00:00:00+00:00,1002408.584039241,7.936507936508393e-05,0.0,79.54992334253163,0.0,2.132196403613376
2022-02-02 00:00:00+00:00,1002488.1402760695,7.9365079365129e-05,0.0,79.55623682851119,0.0,2.1394665846470176
2022-02-03 00:00:00+00:00,1002567.702826885,7.93650793650392e-05,0.0,79.56255081556107,0.0,2.1355660717908274
2022-02-04 00:00:00+00:00,1002647.2716921888,7.936507936512328e-05,0.0,79.56886530372104,0.0,2.135633294733242
2022-02-07 00:00:00+00:00,1002726.8468724819,7.936507936510926e-05,0.0,79.57518029303085,0.0,2.147337422144047
2022-02-08 00:00:00+00:00,1002806.4283682654,7.936507936507366e-05,0.0,79.5814957835303,0.0,2.146683130919827
2022-02-09 00:00:00+00:00,1002886.0161800407,7.936507936509288e-05,0.0,79.58781177525915,0.0,2.168457690296265
2022-02-10 00:00:00+00:00,1002965.610308309,7.936507936512725e-05,0.0,79.5941282682572,0.0,2.1627038958207176
2022-02-11 00:00:00+00:00,1003045.2107535716,7.936507936513707e-05,0.0,79.60044526256421,0.0,2.1683406392241515
2022-02-14 00:00:00+00:00,1003124.8175163298,7.936507936508273e-05,0.0,79.60676275821997,0.0,2.168763357229936
2022-02-15 00:00:00+00:00,1003204.430597085,7.936507936504059e-05,0.0,79.61308075526428,0.0,2.1524414084850814
2022-02-16 00:00:00+00:00,1003284.0499963388,7.936507936508706e-05,0.0,79.6193992537369,0.0,2.1504391770462328
2022-02-17 00:00:00+00:00,1003363.6757145924,7.93650793650664e-05,0.0,79.62571825367768,0.0,2.1433148693594677
2022-02-18 00:00:00+00:00,1003443.3077523476,7.936507936505498e-05,0.0,79.63203775512639,0.0,2.1504048674745495
2022-02-22 00:00:00+00:00,1003522.9461101057,7.936507936512916e-05,0.0,79.63835775812282,0.0,2.149668273379638
2022-02-23 00:00:00+00:00,1003602.5907883685,7.936507936513324e-05,0.0,79.6446782627068,0.0,2.171866510981539
2022-02-24 00:00:00+00:00,1003682.2417876374,7.936507936502757e-05,0.0,79.65099926891813,0.0,2.1733626843363605
2022-02-25 00:00:00+00:00,1003761.8991084142,7.936507936512047e-05,0.0,79.65732077679661,0.0,2.1954342730710907
2022-02-28 00:00:00+00:00,998957.8601268318,-0.004786034403028793,0.25,59.74773208978656,0.0,2.2178641565630834
2022-03-01 00:00:00+00:00,993089.9971177143,-0.005873984522602921,0.25120226267126333,59.36645915474034,-0.12299347006014383,2.2546573268585206
2022-03-02 00:00:00+00:00,987978.8065656623,-0.005146754641458893,0.0,78.81666643791382,-0.21669847392235364,2.2697136243643254
2022-03-03 00:00:00+00:00,985911.9204238784,-0.002092034897963714,0.25000000000000006,58.80826229557513,0.0,2.2779136904906365
2022-03-04 00:00:00+00:00,987018.8604418595,0.0011227575151999307,0.2505241051707985,58.64422371289387,0.38147485003456305,2.2716770944365896
2022-03-07 00:00:00+00:00,987931.8577453558,0.0009250049214739682,0.2502431428015907,58.73207609527332,0.5459792100570069,2.2674262260469162
2022-03-08 00:00:00+00:00,980709.8571783339,-0.007310221358286638,0.25001188058162577,58.804536198725415,0.21268676823278954,2.3129539715036365
2022-03-09 00:00:00+00:00,978808.0190760365,-0.0019392464431522058,0.2518529816270641,58.23136155054908,-0.0723383460646081,2.3250499138090888
2022-03-10 00:00:00+00:00,977243.3384402279,-0.0015985572301355135,0.25234233560384056,58.08042201862071,-0.05786630835038031,2.334666698489925
2022-03-11 00:00:00+00:00,976726.2824960093,-0.0005290964122036579,0.25274636513321475,57.95624101577876,-0.10638749073236675,2.338227925226127
2022-03-14 00:00:00+00:00,977011.523992803,0.00029203831401440595,0.25288016312023914,57.91520482972965,-0.21436881807061114,2.337573580519082
2022-03-15 00:00:00+00:00,980153.0314002356,0.0032154251309074594,0.2528063339846901,57.9378430437609,-0.2199445863436602,2.3192082296120202
2022-03-16 00:00:00+00:00,979976.5428059,-0.00018006228484902063,0.25199605952201337,58.18716902847777,-0.23945170639578928,2.3208196999393325
2022-03-17 00:00:00+00:00,979635.9242347523,-0.0003475782901623359,0.25204144268005896,58.1731619971813,-0.18855117850389047,2.322815082613691
2022-03-18 00:00:00+00:00,979190.3555218332,-0.00045483092432241487,0.2521290772736379,58.14612877724895,-0.21818919912765078,2.3260938254678365
2022-03-21 00:00:00+00:00,979548.6618913063,0.0003659210565673517,0.252243805556874,58.11076618098552,-0.07584390061567459,2.3234012711828185
2022-03-22 00:00:00+00:00,977974.9205730633,-0.0016065984054374634,0.0,77.74195729296082,-0.06832840566290277,2.3203891667909975
2022-03-23 00:00:00+00:00,978052.5376302516,7.936507936503772e-05,0.0,77.61705718833836,0.0,2.3218827377871634
2022-03-24 00:00:00+00:00,978130.1608475238,7.936507936505971e-05,0.0,77.62321727224219,0.0,2.322298419704729
2022-03-25 00:00:00+00:00,978207.7902253689,7.936507936513161e-05,0.0,77.62937784504157,0.0,2.3272024080277487
2022-03-28 00:00:00+00:00,978285.4257642757,7.93650793650947e-05,0.0,77.63553890677531,0.0,2.329142653772023
2022-03-29 00:00:00+00:00,978363.0674647331,7.936507936502837e-05,0.0,77.6417004574822,0.0,2.3199042052916568
2022-03-30 00:00:00+00:00,978440.7153272304,7.936507936513092e-05,0.0,77.64786249720105,0.0,2.3144155525414773
2022-03-31 00:00:00+00:00,978518.3693522564,7.936507936512468e-05,0.0,77.65402502597067,0.0,2.3069589014151806
2022-04-01 00:00:00+00:00,978596.0295403003,7.9365079365089e-05,0.0,77.66018804382988,0.0,2.311850514541327
2022-04-04 00:00:00+00:00,978673.6958918511,7.936507936510316e-05,0.0,77.66635155081748,0.0,2.312539480334498
2022-04-05 00:00:00+00:00,978751.3684073981,7.936507936512752e-05,0.0,77.6725155469723,0.0,2.3098787801980314
2022-04-06 00:00:00+00:00,978829.0470874305,7.936507936512237e-05,0.0,77.67868003233319,0.0,2.3120946049130766
2022-04-07 00:00:00+00:00,978906.7319324374,7.936507936504806e-05,0.0,77.68484500693893,0.0,2.3156094244213223
2022-04-08 00:00:00+00:00,978984.4229429082,7.936507936510282e-05,0.0,77.69101047082836,0.0,2.3186668897097915
2022-04-11 00:00:00+00:00,979062.1201193323,7.9365079365128e-05,0.0,77.69717642404034,0.0,2.3172391876899368
2022-04-12 00:00:00+00:00,979139.823462199,7.936507936508397e-05,0.0,77.70334286661368,0.0,2.3254007287058904
2022-04-13 00:00:00+00:00,979217.5329719975,7.936507936504996e-05,0.0,77.70950979858722,0.0,2.3284721033289
2022-04-14 00:00:00+00:00,979295.2486492175,7.93650793651052e-05,0.0,77.7156772199998,0.0,2.319796641533609
2022-04-18 00:00:00+00:00,979372.9704943484,7.936507936509112e-05,0.0,77.72184513089029,0.0,2.330856296388345
2022-04-19 00:00:00+00:00,979450.6985078797,7.936507936508693e-05,0.0,77.72801353129749,0.0,2.3236702936533176
2022-04-20 00:00:00+00:00,979528.432690301,7.936507936505296e-05,0.0,77.7341824212603,0.0,2.3250047049779816
2022-04-21 00:00:00+00:00,979606.1730421018,7.936507936506843e-05,0.0,77.74035180081754,0.0,2.282109598434944
2022-04-22 00:00:00+00:00,979683.9195637718,7.936507936509362e-05,0.0,77.74652167000808,0.0,2.2761733937276967
2022-04-25 00:00:00+00:00,979761.6722558007,7.93650793650889e-05,0.0,77.75269202887078,0.0,2.2741788017569218
2022-04-26 00:00:00+00:00,979839.4311186782,7.936507936513341e-05,0.0,77.7588628774445,0.0,2.2720310781973225
2022-04-27 00:00:00+00:00,979917.196152894,7.936507936506866e-05,0.0,77.76503421576811,0.0,2.2507535399725165
2022-04-28 00:00:00+00:00,979994.9673589378,7.936507936509263e-05,0.0,77.77120604388047,0.0,2.272742738622107
2022-04-29 00:00:00+00:00,980072.7447372996,7.936507936504683e-05,0.0,77.77737836182047,0.0,2.2510205944552073
2022-05-02 00:00:00+00:00,980150.5282884693,7.936507936512918e-05,0.0,77.78355116962696,0.0,2.2599667715196134
2022-05-03 00:00:00+00:00,980228.3180129366,7.936507936506242e-05,0.0,77.78972446733883,0.0,2.2642374989700946
2022-05-04 00:00:00+00:00,980306.1139111916,7.936507936504448e-05,0.0,77.79589825499497,0.0,2.2690098657776496
2022-05-05 00:00:00+00:00,980383.9159837242,7.936507936503566e-05,0.0,77.80207253263426,0.0,2.2726445658599643
2022-05-06 00:00:00+00:00,980461.7242310245,7.936507936511505e-05,0.0,77.80824730029556,0.0,2.289289590657389
2022-05-09 00:00:00+00:00,980539.5386535826,7.93650793651242e-05,0.0,77.81442255801782,0.0,2.2713682967167217
2022-05-10 00:00:00+00:00,980617.3592518884,7.936507936502349e-05,0.0,77.82059830583988,0.0,2.2743698129365417
2022-05-11 00:00:00+00:00,980695.1860264322,7.936507936512943e-05,0.0,77.82677454380067,0.0,2.277027887612614
2022-05-12 00:00:00+00:00,980773.0189777041,7.936507936504616e-05,0.0,77.83295127193907,0.0,2.293189219031209
2022-05-13 00:00:00+00:00,980850.8581061944,7.936507936509017e-05,0.0,77.83912849029397,0.0,2.291883517395109
2022-05-16 00:00:00+00:00,980928.7034123933,7.936507936510307e-05,0.0,77.84530619890432,0.0,2.310002322446714
2022-05-17 00:00:00+00:00,981006.5548967911,7.936507936504521e-05,0.0,77.85148439780899,0.0,2.307792617596875
2022-05-18 00:00:00+00:00,981084.4125598782,7.936507936511428e-05,0.0,77.85766308704692,0.0,2.2802189250156237
2022-05-19 00:00:00+00:00,981162.2764021448,7.936507936503325e-05,0.0,77.863842266657,0.0,2.2707306293013088
2022-05-20 00:00:00+00:00,981240.1464240815,7.936507936511845e-05,0.0,77.87002193667816,0.0,2.2705826500766513
2022-05-23 00:00:00+00:00,981318.0226261787,7.936507936509289e-05,0.0,77.87620209714933,0.0,2.2795608402065715
2022-05-24 00:00:00+00:00,981395.9050089268,7.936507936503558e-05,0.0,77.88238274810942,0.0,2.2800481210741284
2022-05-25 00:00:00+00:00,981473.7935728163,7.936507936502545e-05,0.0,77.88856388959736,0.0,2.284652456858268
2022-05-26 00:00:00+00:00,981551.6883183379,7.936507936502286e-05,0.0,77.89474552165208,0.0,2.2940702500683754
2022-05-27 00:00:00+00:00,981629.5892459822,7.936507936510673e-05,0.0,77.90092764431253,0.0,2.2925343788012973
2022-05-31 00:00:00+00:00,981707.4963562399,7.936507936511876e-05,0.0,77.90711025761763,0.0,2.28460623086401
2022-06-01 00:00:00+00:00,981785.4096496016,7.936507936513791e-05,0.0,77.91329336160634,0.0,2.2787319424634624
2022-06-02 00:00:00+00:00,981863.3291265579,7.936507936512451e-05,0.0,77.91947695631758,0.0,2.278943906583469
2022-06-03 00:00:00+00:00,981941.2547875997,7.93650793650389e-05,0.0,77.9256610417903,0.0,2.280387535306225
2022-06-06 00:00:00+00:00,982019.1866332177,7.936507936507854e-05,0.0,77.93184561806346,0.0,2.277757171645033
2022-06-07 00:00:00+00:00,982097.1246639029,7.936507936508519e-05,0.0,77.93803068517602,0.0,2.267169468552992
2022-06-08 00:00:00+00:00,982175.0688801461,7.936507936513774e-05,0.0,77.94421624316689,0.0,2.26578019450033
2022-06-09 00:00:00+00:00,982253.0192824382,7.936507936507796e-05,0.0,77.9504022920751,0.0,2.2587543126633327
2022-06-10 00:00:00+00:00,982330.9758712702,7.936507936510327e-05,0.0,77.95658883193954,0.0,2.259581103506925
2022-06-13 00:00:00+00:00,982408.938647133,7.936507936505547e-05,0.0,77.96277586279922,0.0,2.2425391044858185
2022-06-14 00:00:00+00:00,981963.0414278539,-0.00045388147617337823,0.25000000000000006,58.47672253851982,0.0,2.241166024479411
2022-06-15 00:00:00+00:00,980540.30013399,-0.0014488745847247753,0.25011352189452846,58.44133387032306,6.9148432413510985,2.2310906141453977
2022-06-16 00:00:00+00:00,976017.7830323875,-0.004612270501257842,0.2504764308292295,58.32841789461958,6.436046306266834,2.197953244715438
2022-06-17 00:00:00+00:00,974986.7783798004,-0.001056337979195306,0.2516370489672045,57.96948796592097,6.177971212007963,2.188257453244629
2022-06-21 00:00:00+00:00,974714.1070490192,-0.00027966669582361284,0.25190314382510565,57.88766219984263,6.332984823998427,2.187836523390053
2022-06-22 00:00:00+00:00,972355.5713764051,-0.0024197204652702388,0.25197361245273503,57.8660216180346,6.002191416740137,2.1677953926311395
2022-06-23 00:00:00+00:00,970877.6159278116,-0.0015199742687763678,0.2525847970553861,57.67883624719221,5.82201308871008,2.154956692735179
2022-06-24 00:00:00+00:00,971563.9918602257,0.0007069644218320502,0.25296930388808625,57.56153819571654,5.926108524521092,2.160801978588034
2022-06-27 00:00:00+00:00,971903.9009103779,0.00034985760382222206,0.2527905899348284,57.616012476066864,6.02675033922401,2.1643407520044677
2022-06-28 00:00:00+00:00,971358.3219049757,-0.0005613507723254555,0.25270218015559853,57.64298938480909,6.037525819737124,2.16093862229091
2022-06-29 00:00:00+00:00,972360.4209381931,0.0010316471384649783,0.2528441143944918,57.599689463745435,6.000181637712653,2.166123016638535
2022-06-30 00:00:00+00:00,972196.5998509001,-0.0001684777411393534,0.2525835373110015,57.6792211330484,5.928759996847637,2.163632426639876
2022-07-01 00:00:00+00:00,972303.2547373855,0.0001097050601717633,0.2526260991855452,57.66621945945372,5.994856336114277,2.165009461903837
2022-07-05 00:00:00+00:00,971714.8541636864,-0.0006051615798180962,0.25259838786420524,57.674684132984304,5.8535237743543735,2.158615950349235
2022-07-06 00:00:00+00:00,971751.9232841517,3.814814634815475e-05,0.2527513432663975,57.62798567475422,5.801304454651463,2.157770052168343
2022-07-07 00:00:00+00:00,971330.1707993525,-0.0004340125032877562,0.2527417016389751,57.63092766844194,5.841184238779673,2.1551888786655806
2022-07-08 00:00:00+00:00,970855.3687446781,-0.0004888163355243337,0.2528514423264191,57.59745524901342,5.805030058706681,2.151139329989642
2022-07-11 00:00:00+00:00,969884.3719833306,-0.0010001456371436883,0.25297510068811635,57.55977254626149,5.710199383438656,2.142766527014789
2022-07-12 00:00:00+00:00,969082.1959861101,-0.0008270841560010542,0.2532283659335058,57.48270931123392,5.597601286311025,2.134982212645983
2022-07-13 00:00:00+00:00,968002.423196184,-0.0011142220901369528,0.2534379804716828,57.419044549549746,5.528265309456568,2.126212852581084
2022-07-14 00:00:00+00:00,967793.597977772,-0.00021572799138505362,0.2537206816599129,57.333348296381004,5.46543102903847,2.123086832731481
2022-07-15 00:00:00+00:00,967731.1029124244,-6.457478689487688e-05,0.2537754281232848,57.31677486634832,5.4919729665309305,2.1229882129573214
2022-07-18 00:00:00+00:00,968289.8033439872,0.0005773302417184,0.2537918166757623,57.31181494052708,5.577320619292963,2.1282049793144076
2022-07-19 00:00:00+00:00,970616.6346190491,0.002403031888827321,0.25364537952748895,57.35615624461936,5.82616205978591,2.1477724567909995
2022-07-20 00:00:00+00:00,971345.3938672058,0.0007508208927850371,0.2530373227718048,57.540825393433806,5.903051572175564,2.1534879363715307
2022-07-21 00:00:00+00:00,971923.7074903889,0.0005953738256590939,0.252847479601432,57.598663429001796,5.900921387220768,2.156716094765083
2022-07-22 00:00:00+00:00,971483.7259616964,-0.0004526914255735247,0.25269703040370783,57.644561335603626,5.843786783088367,2.152556570779645
2022-07-25 00:00:00+00:00,972378.3082132803,0.0009208412119290571,0.25281147599117565,57.60964216665977,5.994384041075817,2.1606241182616843
2022-07-26 00:00:00+00:00,971350.1998928603,-0.0010573130969047922,0.25257889093913555,57.680640758055326,5.917583699205521,2.1525706911871025
2022-07-27 00:00:00+00:00,971600.3499161549,0.0002575281534118223,0.2528462285681036,57.59904485960928,5.97310959870121,2.1549339045257168
2022-07-28 00:00:00+00:00,971487.8612943549,-0.00011577663780141812,0.2527811303103974,57.618898036061246,6.040222005954236,2.155522424214825
2022-07-29 00:00:00+00:00,979657.3998104229,0.00840930580973332,0.25281039984849313,57.60997036766441,6.763212287082815,2.2148047299893743
2022-08-01 00:00:00+00:00,979199.0320953116,-0.00046788572739822306,0.25070216864519235,58.25834644036822,6.649727342043334,2.2104703677652107
2022-08-02 00:00:00+00:00,978193.2745577181,-0.0010271226835685703,0.2508195235204004,58.22196805028002,6.544731772784192,2.202778304188599
2022-08-03 00:00:00+00:00,978036.2962091998,-0.00016047784481981083,0.2510774108243898,58.14214602348689,6.443287809299722,2.2003661354572017
2022-08-04 00:00:00+00:00,978079.2256467198,4.389350138269301e-05,0.251117709653231,58.12968742439814,6.325350932091106,2.199344276787039
2022-08-05 00:00:00+00:00,977617.1732512884,-0.00047240794336054495,0.0,77.62533536878729,6.450279686330768,2.207219152640165
2022-08-08 00:00:00+00:00,977694.7619158321,7.936507936502361e-05,0.0,77.58866454375304,0.0,2.2028383496774273
2022-08-09 00:00:00+00:00,977772.3567382063,7.936507936509628e-05,0.0,77.59482237427238,0.0,2.202566547454304
2022-08-10 00:00:00+00:00,977849.9577188998,7.936507936504456e-05,0.0,77.60098069350845,0.0,2.197911790435675
2022-08-11 00:00:00+00:00,977927.5648584013,7.936507936506694e-05,0.0,77.60713950149999,0.0,2.2151908988647615
2022-08-12 00:00:00+00:00,978005.1781571996,7.936507936512372e-05,0.0,77.61329879828583,0.0,2.2075536627038033
2022-08-15 00:00:00+00:00,978082.7976157835,7.93650793650562e-05,0.0,77.61945858390473,0.0,2.2018827463085993
2022-08-16 00:00:00+00:00,978160.4232346419,7.936507936506279e-05,0.0,77.62561885839551,0.0,2.204949625443875
2022-08-17 00:00:00+00:00,978238.0550142637,7.936507936510381e-05,0.0,77.63177962179698,0.0,2.209124125684001
2022-08-18 00:00:00+00:00,978315.6929551378,7.936507936502059e-05,0.0,77.63794087414792,0.0,2.2015027172214503
2022-08-19 00:00:00+00:00,978393.3370577533,7.936507936513047e-05,0.0,77.64410261548713,0.0,2.1924712024588415
2022-08-22 00:00:00+00:00,978470.9873225992,7.936507936503677e-05,0.0,77.65026484585344,0.0,2.187904007513843
2022-08-23 00:00:00+00:00,978548.6437501644,7.936507936505681e-05,0.0,77.65642756528565,0.0,2.1974248988187277
2022-08-24 00:00:00+00:00,978626.3063409382,7.936507936503194e-05,0.0,77.66259077382257,0.0,2.1984196835311227
2022-08-25 00:00:00+00:00,978703.9750954097,7.936507936504147e-05,0.0,77.66875447150304,0.0,2.203513613957764
2022-08-26 00:00:00+00:00,978781.650014068,7.93650793650457e-05,0.0,77.67491865836584,0.0,2.202837452265311
2022-08-29 00:00:00+00:00,978859.3310974025,7.936507936512393e-05,0.0,77.68108333444984,0.0,2.197051467255358
2022-08-30 00:00:00+00:00,978937.0183459023,7.93650793651175e-05,0.0,77.68724849979385,0.0,2.196844309560927
2022-08-31 00:00:00+00:00,979014.7117600568,7.936507936510574e-05,0.0,77.6934141544367,0.0,2.1852190606784605
2022-09-01 00:00:00+00:00,979092.4113403552,7.936507936504897e-05,0.0,77.6995802984172,0.0,2.17987960015543
2022-09-02 00:00:00+00:00,979170.1170872869,7.936507936502643e-05,0.0,77.70574693177421,0.0,2.183420477222087
2022-09-06 00:00:00+00:00,979247.8290013415,7.936507936511734e-05,0.0,77.71191405454658,0.0,2.1831032743819536
2022-09-07 00:00:00+00:00,979325.5470830082,7.936507936504422e-05,0.0,77.71808166677313,0.0,2.1775442809145185
2022-09-08 00:00:00+00:00,979403.2713327768,7.936507936512412e-05,0.0,77.72424976849271,0.0,2.175576529433483
2022-09-09 00:00:00+00:00,979481.0017511365,7.936507936507954e-05,0.0,77.73041835974419,0.0,2.191298879636663
2022-09-12 00:00:00+00:00,979558.7383385771,7.936507936510861e-05,0.0,77.7365874405664,0.0,2.19989445767045
2022-09-13 00:00:00+00:00,979636.4810955881,7.936507936505276e-05,0.0,77.74275701099818,0.0,2.196329731571758
2022-09-14 00:00:00+00:00,979714.2300226592,7.936507936511006e-05,0.0,77.74892707107841,0.0,2.2059105642460626
2022-09-15 00:00:00+00:00,979791.9851202801,7.936507936512195e-05,0.0,77.75509762084597,0.0,2.2054997718995546
2022-09-16 00:00:00+00:00,979869.7463889404,7.936507936504879e-05,0.0,77.76126866033968,0.0,2.188530909220078
2022-09-19 00:00:00+00:00,979947.51382913,7.936507936508855e-05,0.0,77.76744018959845,0.0,2.1945225194083746
2022-09-20 00:00:00+00:00,980025.2874413386,7.936507936508274e-05,0.0,77.7736122086611,0.0,2.195330219528108
2022-09-21 00:00:00+00:00,980103.0672260562,7.93650793651105e-05,0.0,77.77978471756656,0.0,2.1986467738657236
2022-09-22 00:00:00+00:00,980180.8531837726,7.936507936513214e-05,0.0,77.78595771635366,0.0,2.199680896810434
2022-09-23 00:00:00+00:00,980258.6453149777,7.9365079365108e-05,0.0,77.79213120506132,0.0,2.16828742517326
2022-09-26 00:00:00+00:00,980336.4436201615,7.93650793651172e-05,0.0,77.79830518372839,0.0,2.153752625199358
2022-09-27 00:00:00+00:00,980414.2480998139,7.936507936512005e-05,0.0,77.80447965239377,0.0,2.143652669596752
2022-09-28 00:00:00+00:00,980492.058754425,7.93650793650769e-05,0.0,77.81065461109634,0.0,2.151389873612412
2022-09-29 00:00:00+00:00,980569.8755844849,7.936507936506682e-05,0.0,77.816830059875,0.0,2.144990842591415
2022-09-30 00:00:00+00:00,980647.6985904836,7.936507936505013e-05,0.0,77.82300599876864,0.0,2.1493681715034256
2022-10-03 00:00:00+00:00,980725.5277729115,7.936507936510589e-05,0.0,77.82918242781616,0.0,2.168462789293098
2022-10-04 00:00:00+00:00,980803.3631322585,7.93650793650757e-05,0.0,77.83535934705647,0.0,2.1854516503834924
2022-10-05 00:00:00+00:00,980881.204669015,7.936507936503863e-05,0.0,77.84153675652846,0.0,2.1677815640935365
2022-10-06 00:00:00+00:00,980959.0523836713,7.936507936507367e-05,0.0,77.84771465627104,0.0,2.1669054529127494
2022-10-07 00:00:00+00:00,981036.9062767175,7.93650793650225e-05,0.0,77.85389304632312,0.0,2.164981847046106
2022-10-10 00:00:00+00:00,981114.7663486443,7.936507936508278e-05,0.0,77.86007192672362,0.0,2.155843843898643
2022-10-11 00:00:00+00:00,981192.6325999418,7.936507936509616e-05,0.0,77.86625129751145,0.0,2.163386560702981
2022-10-12 00:00:00+00:00,981270.5050311005,7.936507936502299e-05,0.0,77.87243115872553,0.0,2.1647666911168386
2022-10-13 00:00:00+00:00,981348.3836426109,7.93650793650609e-05,0.0,77.8786115104048,0.0,2.190229980003323
2022-10-14 00:00:00+00:00,981426.2684349634,7.93650793650516e-05,0.0,77.88479235258816,0.0,2.176352618673846
2022-10-17 00:00:00+00:00,981504.1594086487,7.9365079365074e-05,0.0,77.89097368531456,0.0,2.1764418542375528
2022-10-18 00:00:00+00:00,981582.0565641574,7.936507936508846e-05,0.0,77.89715550862292,0.0,2.1818585192575273
2022-10-19 00:00:00+00:00,981659.9599019799,7.936507936505531e-05,0.0,77.90333782255217,0.0,2.193932818088984
2022-10-20 00:00:00+00:00,981737.869422607,7.936507936505348e-05,0.0,77.90952062714126,0.0,2.2002873755395522
2022-10-21 00:00:00+00:00,981815.7851265294,7.936507936504332e-05,0.0,77.91570392242913,0.0,2.212037354302669
2022-10-24 00:00:00+00:00,981893.7070142379,7.93650793651037e-05,0.0,77.92188770845472,0.0,2.2063532485587625
2022-10-25 00:00:00+00:00,981971.6350862231,7.93650793650764e-05,0.0,77.92807198525698,0.0,2.226396063072669
2022-10-26 00:00:00+00:00,982049.569342976,7.936507936504033e-05,0.0,77.93425675287486,0.0,2.2279000011722427
2022-10-27 00:00:00+00:00,982127.5097849873,7.936507936507436e-05,0.0,77.9404420113473,0.0,2.2346546479562326
2022-10-28 00:00:00+00:00,982205.456412748,7.936507936502028e-05,0.0,77.94662776071328,0.0,2.2227937338309247
2022-10-31 00:00:00+00:00,982283.409226749,7.936507936507549e-05,0.0,77.95281400101175,0.0,2.2277249331942905
2022-11-01 00:00:00+00:00,982361.3682274813,7.936507936508178e-05,0.0,77.95900073228167,0.0,2.229334405982763
2022-11-02 00:00:00+00:00,982439.3334154359,7.936507936511802e-05,0.0,77.965187954562,0.0,2.2198752801162622
2022-11-03 00:00:00+00:00,982517.3047911037,7.936507936502601e-05,0.0,77.97137566789173,0.0,2.2219537914336875
2022-11-04 00:00:00+00:00,982595.282354976,7.93650793651216e-05,0.0,77.97756387230982,0.0,2.2322220073786188
2022-11-07 00:00:00+00:00,982673.266107544,7.936507936512811e-05,0.0,77.98375256785525,0.0,2.2374194012885957
2022-11-08 00:00:00+00:00,982751.2560492986,7.936507936512437e-05,0.0,77.98994175456698,0.0,2.2337324739802407
2022-11-09 00:00:00+00:00,982829.252180731,7.936507936507072e-05,0.0,77.996131432484,0.0,2.220217681269617
2022-11-10 00:00:00+00:00,982907.2545023327,7.936507936504596e-05,0.0,78.00232160164532,0.0,2.2333362760398536
2022-11-11 00:00:00+00:00,982985.2630145948,7.936507936512886e-05,0.0,78.0085122620899,0.0,2.239430802159395
2022-11-14 00:00:00+00:00,983063.2777180086,7.936507936504284e-05,0.0,78.01470341385674,0.0,2.2441951598875733
2022-11-15 00:00:00+00:00,983141.2986130656,7.936507936510357e-05,0.0,78.02089505698481,0.0,2.248276931373383
2022-11-16 00:00:00+00:00,983219.3257002571,7.93650793650345e-05,0.0,78.02708719151315,0.0,2.238408628815602
2022-11-17 00:00:00+00:00,983297.3589800745,7.936507936503283e-05,0.0,78.03327981748072,0.0,2.227025583872978
2022-11-18 00:00:00+00:00,983375.3984530094,7.936507936505885e-05,0.0,78.03947293492655,0.0,2.2313559100090594
2022-11-21 00:00:00+00:00,983453.4441195533,7.936507936507289e-05,0.0,78.04566654388964,0.0,2.22996347312233
2022-11-22 00:00:00+00:00,983531.4959801977,7.93650793650353e-05,0.0,78.05186064440899,0.0,2.2350075830914298
2022-11-23 00:00:00+00:00,983609.5540354342,7.936507936502479e-05,0.0,78.05805523652363,0.0,2.229745326260037
2022-11-25 00:00:00+00:00,983687.6182857545,7.936507936512005e-05,0.0,78.06425032027255,0.0,2.2285133051755994
2022-11-28 00:00:00+00:00,983765.6887316501,7.936507936504467e-05,0.0,78.0704458956948,0.0,2.21983229955596
2022-11-29 00:00:00+00:00,983843.765373613,7.936507936511406e-05,0.0,78.07664196282937,0.0,2.2278209761466505
2022-11-30 00:00:00+00:00,983921.8482121347,7.936507936505185e-05,0.0,78.08283852171532,0.0,2.238610681742921
2022-12-01 00:00:00+00:00,983999.937247707,7.936507936505505e-05,0.0,78.08903557239164,0.0,2.2372059224231227
2022-12-02 00:00:00+00:00,984078.032480822,7.936507936508399e-05,0.0,78.09523311489738,0.0,2.2317031695132172
2022-12-05 00:00:00+00:00,984156.1339119712,7.936507936509898e-05,0.0,78.10143114927158,0.0,2.2247703157988354
2022-12-06 00:00:00+00:00,984234.2415416468,7.936507936506035e-05,0.0,78.10762967555327,0.0,2.216392646193618
2022-12-07 00:00:00+00:00,984312.3553703405,7.936507936504674e-05,0.0,78.11382869378149,0.0,2.2215609336457365
2022-12-08 00:00:00+00:00,984390.4753985446,7.936507936513676e-05,0.0,78.12002820399528,0.0,2.2248403039062743
2022-12-09 00:00:00+00:00,984468.6016267508,7.936507936505418e-05,0.0,78.12622820623369,0.0,2.1963839849132762
2022-12-12 00:00:00+00:00,984546.7340554514,7.936507936511414e-05,0.0,78.13242870053578,0.0,2.1904058724073048
2022-12-13 00:00:00+00:00,984624.8726851383,7.936507936504046e-05,0.0,78.13862968694059,0.0,2.2051631769275697
2022-12-14 00:00:00+00:00,984703.0175163037,7.936507936502997e-05,0.0,78.14483116548716,0.0,2.204315157163764
2022-12-15 00:00:00+00:00,984781.1685494399,7.936507936504296e-05,0.0,78.15103313621458,0.0,2.2028168332115214
2022-12-16 00:00:00+00:00,984859.325785039,7.93650793650398e-05,0.0,78.1572355991619,0.0,2.1975117820530037
2022-12-19 00:00:00+00:00,984937.4892235934,7.936507936509903e-05,0.0,78.16343855436817,0.0,2.198390024875701
2022-12-20 00:00:00+00:00,985015.6588655952,7.936507936506274e-05,0.0,78.16964200187249,0.0,2.2033218729808906
2022-12-21 00:00:00+00:00,985093.834711537,7.93650793651277e-05,0.0,78.1758459417139,0.0,2.2097954056589337
2022-12-22 00:00:00+00:00,985172.016761911,7.9365079365136e-05,0.0,78.1820503739315,0.0,2.2065241897516286
2022-12-23 00:00:00+00:00,985250.2050172095,7.936507936504802e-05,0.0,78.18825529856436,0.0,2.2206684059814927
2022-12-27 00:00:00+00:00,985328.3994779252,7.936507936506042e-05,0.0,78.19446071565154,0.0,2.220925239386311
2022-12-28 00:00:00+00:00,985406.6001445504,7.936507936513352e-05,0.0,78.20066662523216,0.0,2.2189681633723555
2022-12-29 00:00:00+00:00,985484.8070175778,7.93650793651095e-05,0.0,78.20687302734527,0.0,2.220527607103996
2022-12-30 00:00:00+00:00,985563.0200974998,7.936507936506684e-05,0.0,78.21307992202999,0.0,2.223921918113365
2023-01-03 00:00:00+00:00,985641.2393848092,7.9365079365084e-05,0.0,78.21928730932538,0.0,2.2143771606917535
2023-01-04 00:00:00+00:00,985719.4648799985,7.936507936512131e-05,0.0,78.22549518927057,0.0,2.2000610333997943
2023-01-05 00:00:00+00:00,985797.6965835603,7.9365079365021e-05,0.0,78.23170356190464,0.0,2.2091125001803253
2023-01-06 00:00:00+00:00,985875.9344959876,7.936507936509769e-05,0.0,78.23791242726669,0.0,2.204654402354472
2023-01-09 00:00:00+00:00,985954.178617773,7.936507936507552e-05,0.0,78.24412178539585,0.0,2.208616842532203
2023-01-10 00:00:00+00:00,986032.4289494093,7.936507936503293e-05,0.0,78.2503316363312,0.0,2.2023126188859563
2023-01-11 00:00:00+00:00,986110.6854913894,7.936507936504832e-05,0.0,78.25654198011185,0.0,2.191799513351222
2023-01-12 00:00:00+00:00,985033.2040120203,-0.001092657746459956,0.25000000000000006,58.69706461258269,0.0,2.1919159474981593
2023-01-13 00:00:00+00:00,985658.9765880597,0.0006352806925600733,0.25027346323834077,58.611550209458166,7.140438011798434,2.1956863130932973
2023-01-17 00:00:00+00:00,987611.2975597839,0.001980726618533267,0.25011457028091333,58.661214699620025,7.282235257234736,2.2081201119047074
2023-01-18 00:00:00+00:00,987648.9900932392,3.8165352652865695e-05,0.24962014102306693,58.81616080848703,7.225150146450911,2.2078722800916633
2023-01-19 00:00:00+00:00,988627.3118297871,0.0009905561048115935,0.2496106145459369,58.81915227939618,7.316849577674316,2.213999287065352
2023-01-20 00:00:00+00:00,988533.3382866419,-9.505456911897219e-05,0.24936360590379106,58.89679686166188,7.357136148698912,2.2131556608964473
2023-01-23 00:00:00+00:00,988892.9335644774,0.0003637664648303726,0.2493873113072111,58.889338643951945,7.367590914606754,2.2151189740017094
2023-01-24 00:00:00+00:00,988244.9118145515,-0.0006553002129260983,0.2492966255550388,58.91787795171666,7.337207003378836,2.210654920297785
2023-01-25 00:00:00+00:00,990493.425247885,0.002275259307133722,0.2494600968095947,58.866447654103496,7.519101373765709,2.224794687499714
2023-01-26 00:00:00+00:00,991004.3373365892,0.0005158157294949394,0.24889379887721144,59.04490110119347,7.64731915031911,2.2278425818486802
2023-01-27 00:00:00+00:00,986076.9359764998,-0.0049721289548865615,0.24876548172878035,59.08544967966205,7.205486378709459,2.195890874547381
2023-01-30 00:00:00+00:00,982946.409923475,-0.0031747279941444773,0.250008556511581,58.694386079654954,6.899530932129822,2.174328790883788
2023-01-31 00:00:00+00:00,981066.8811795536,-0.0019121375539361868,0.2508047935106047,58.44593163100219,6.8006901554083425,2.162092799504414
2023-02-01 00:00:00+00:00,979859.999871507,-0.0012301723064950115,0.2512852855418409,58.296762683071925,6.680852857202151,2.1532461565661145
2023-02-02 00:00:00+00:00,980886.9750402757,0.0010480835720443095,0.2515947904855546,58.200978452274576,6.652264593506047,2.1583130223099487
2023-02-03 00:00:00+00:00,980650.0918597772,-0.00024149895607367833,0.25133137420111507,58.28248441804987,6.652433398897648,2.15663965413704
2023-02-06 00:00:00+00:00,980993.2733108251,0.0003499530096377725,0.2513920851272385,58.263684165629364,6.673502153586946,2.15862385126403
2023-02-07 00:00:00+00:00,981970.8699777429,0.0009965375844203552,0.25130414048694066,58.29092078872839,6.830200563484985,2.166112345601724
2023-02-08 00:00:00+00:00,979377.8611013263,-0.0026406169018795556,0.2510539557842842,58.368507825785365,6.592824350847002,2.147659383441613
2023-02-09 00:00:00+00:00,977833.8107780754,-0.0015765624122998111,0.2517186483015075,58.1627134705142,6.478360022514581,2.1368485829525112
2023-02-10 00:00:00+00:00,976535.8822615249,-0.0013273508261262476,0.2521161251078872,58.04016979406572,6.500588298616206,2.1305124070265156
2023-02-13 00:00:00+00:00,977117.692198536,0.000595789614677249,0.25245121643858354,57.93715959433949,6.502509265889018,2.1331650551226393
2023-02-14 00:00:00+00:00,979329.1910583037,0.002263288115059881,0.25230089818367196,57.983334986165765,6.634554967530713,2.147069855591771
2023-02-15 00:00:00+00:00,977071.2206159674,-0.002305629672792893,0.2517311580454774,58.15885076868701,6.446063250885391,2.1311015971239544
2023-02-16 00:00:00+00:00,975392.5359658167,-0.001718078083491631,0.2523128981502811,57.97964676532698,6.292404048307644,2.118627215397525
2023-02-17 00:00:00+00:00,975791.769281389,0.0004093052805422026,0.2527471374678298,57.84641782483883,6.208286029770495,2.118377227701195
2023-02-21 00:00:00+00:00,974501.385636943,-0.0013223965246152922,0.25264372905543153,57.87810300861441,6.104875757407709,2.1087343680850585
2023-02-22 00:00:00+00:00,975328.6925832836,0.0008489540995366196,0.2529782666360342,57.77569160826156,6.129633126354803,2.113480258380159
2023-02-23 00:00:00+00:00,975639.6807500576,0.0003188547298349569,0.2527636818720949,57.84135088971717,6.170947996464953,2.115854435142913
2023-02-24 00:00:00+00:00,976364.7670125884,0.0007431906233799801,0.2526831126664718,57.866032490254774,6.22569196646307,2.1207523370884065
2023-02-27 00:00:00+00:00,976600.8875455366,0.00024183639242804649,0.25249546040785065,57.923579019027066,6.232553943293007,2.1219105700988594
2023-02-28 00:00:00+00:00,975620.3369213718,-0.0010040443713186247,0.25243441258018756,57.94231874386423,6.137143781482932,2.1141174539840217
2023-03-01 00:00:00+00:00,975978.9170597848,0.0003675406557683327,0.2526881226674509,57.8644972657559,6.187677982951814,2.116958768087773
2023-03-02 00:00:00+00:00,975707.5654823886,-0.00027803016300149584,0.2525952836312611,57.8929560068998,6.1729227789134935,2.1148819596832604
2023-03-03 00:00:00+00:00,976928.1983865796,0.0012510233059303546,0.2526655322703831,57.87142016742391,6.3045822285427295,2.12416791374358
2023-03-06 00:00:00+00:00,977195.4261093282,0.0002735387546289123,0.2523498367433694,57.968295794740655,6.343982762605165,2.1262011369486125
2023-03-07 00:00:00+00:00,977183.7509060649,-1.1947664664967165e-05,0.25228082815981784,57.98950434416514,6.28037844135325,2.1244428017094736
2023-03-08 00:00:00+00:00,977824.8846904116,0.0006561036076912615,0.25228384236256673,57.98857774073154,6.28802325173323,2.127848802211068
2023-03-09 00:00:00+00:00,976657.9921944144,-0.0011933552870938635,0.25211842655333966,58.03946137440987,6.175745996891553,2.1187009314366763
2023-03-10 00:00:00+00:00,976833.979922713,0.00018019381370465402,0.2524196528806712,57.946850858854525,6.152946449642781,2.1189048036528852
2023-03-13 00:00:00+00:00,977205.9608495763,0.0003808026077191727,0.2523741766153063,57.96081813887823,6.146218628064694,2.1206006348500437
2023-03-14 00:00:00+00:00,978403.7290013584,0.0012257069643136153,0.25227810845373666,57.99034043466102,6.23380264029231,2.1289584733197304
2023-03-15 00:00:00+00:00,977581.2710708391,-0.0008406120154087267,0.25196926796719626,58.08540139908818,6.029365974995925,2.1201333619078326
2023-03-16 00:00:00+00:00,978452.0342081502,0.0008907322215341356,0.25218125455984014,58.02012696015808,6.082430016317406,2.1261835194796146
2023-03-17 00:00:00+00:00,977932.7796904111,-0.0005306898034704375,0.25195682849426476,58.089235145658954,6.0106501478960865,2.1214359169736925
2023-03-20 00:00:00+00:00,977748.5517001209,-0.00018838512637696017,0.25209061041076036,58.04802446964792,6.051771892000006,2.12057239072295
2023-03-21 00:00:00+00:00,975718.966290246,-0.0020757743965417732,0.0,77.5990914047715,6.17022338666216,2.1225442748369407
2023-03-22 00:00:00+00:00,975796.4043034436,7.936507936506169e-05,0.0,77.43801319763857,0.0,2.1161776199935245
2023-03-23 00:00:00+00:00,975873.8484625153,7.936507936503612e-05,0.0,77.44415907170188,0.0,2.1142900278558696
2023-03-24 00:00:00+00:00,975951.2987679488,7.936507936502326e-05,0.0,77.45030543353296,0.0,2.122457495103763
2023-03-27 00:00:00+00:00,976028.755220232,7.936507936510274e-05,0.0,77.45645228317053,0.0,2.120227927939607
2023-03-28 00:00:00+00:00,976106.2178198526,7.936507936511562e-05,0.0,77.46259962065334,0.0,2.12537920632729
2023-03-29 00:00:00+00:00,976183.6865672986,7.93650793650222e-05,0.0,77.46874744602005,0.0,2.1208984275495095
2023-03-30 00:00:00+00:00,976261.1614630579,7.93650793650214e-05,0.0,77.47489575930942,0.0,2.1302873225070544
2023-03-31 00:00:00+00:00,976338.6425076184,7.936507936507351e-05,0.0,77.48104456056015,0.0,2.130272282564423
2023-04-03 00:00:00+00:00,976416.1297014683,7.936507936513886e-05,0.0,77.48719384981098,0.0,2.137395917776388
2023-04-04 00:00:00+00:00,976493.6230450954,7.936507936505853e-05,0.0,77.49334362710066,0.0,2.1354297936971847
2023-04-05 00:00:00+00:00,976571.1225389878,7.936507936503136e-05,0.0,77.49949389246788,0.0,2.1306619816175223
2023-04-06 00:00:00+00:00,976648.6281836338,7.936507936513687e-05,0.0,77.5056446459514,0.0,2.1273256261479894
2023-04-10 00:00:00+00:00,976726.1399795214,7.936507936509694e-05,0.0,77.51179588758998,0.0,2.134477919178006
2023-04-11 00:00:00+00:00,976803.6579271388,7.936507936511035e-05,0.0,77.51794761742234,0.0,2.135790857187388
2023-04-12 00:00:00+00:00,976881.1820269744,7.93650793651374e-05,0.0,77.5240998354872,0.0,2.1377126486942393
2023-04-13 00:00:00+00:00,976958.7122795163,7.936507936513843e-05,0.0,77.53025254182336,0.0,2.149076449638926
2023-04-14 00:00:00+00:00,977036.2486852527,7.936507936507377e-05,0.0,77.53640573646955,0.0,2.15198028822791
2023-04-17 00:00:00+00:00,977113.7912446721,7.936507936502293e-05,0.0,77.5425594194645,0.0,2.148714459389605
2023-04-18 00:00:00+00:00,977191.339958263,7.93650793650654e-05,0.0,77.548713590847,0.0,2.1351612122693338
2023-04-19 00:00:00+00:00,977268.8948265136,7.936507936504235e-05,0.0,77.55486825065579,0.0,2.136811662029235
2023-04-20 00:00:00+00:00,977346.4558499125,7.936507936503323e-05,0.0,77.56102339892965,0.0,2.136888000379456
2023-04-21 00:00:00+00:00,977424.0230289482,7.936507936511752e-05,0.0,77.56717903570734,0.0,2.1307468823700133
2023-04-24 00:00:00+00:00,977501.5963641093,7.93650793651364e-05,0.0,77.57333516102764,0.0,2.1346870797365076
2023-04-25 00:00:00+00:00,977579.1758558842,7.936507936505021e-05,0.0,77.57949177492931,0.0,2.127981012245757
2023-04-26 00:00:00+00:00,977656.7615047616,7.936507936505752e-05,0.0,77.58564887745113,0.0,2.11611277998136
2023-04-27 00:00:00+00:00,977734.3533112303,7.936507936511863e-05,0.0,77.59180646863187,0.0,2.1120789073607646
2023-04-28 00:00:00+00:00,977231.7426596963,-0.0005140564508466859,0.25,58.19847341138276,0.0,2.115020477614008
2023-05-01 00:00:00+00:00,978994.0197359727,0.0018033358919350686,0.2501285802101982,58.15858367713402,7.111883019481402,2.1261632412970473
2023-05-02 00:00:00+00:00,976436.2748139243,-0.0026126256856382193,0.24967832632290182,58.298446937155965,6.7935025410606285,2.1080249922894176
2023-05-03 00:00:00+00:00,974867.1903059034,-0.0016069502419089365,0.2503323510532096,58.095451308421964,6.5929694407769315,2.0962961031415137
2023-05-04 00:00:00+00:00,976757.3769515171,0.0019389170795875413,0.2507352701562423,57.97092079191237,6.715678509878352,2.1095507647386795
2023-05-05 00:00:00+00:00,977985.1890741227,0.0012570287684313737,0.25025005604840234,58.12093560505631,6.868251653382381,2.1178229615711115
2023-05-08 00:00:00+00:00,977390.2626475398,-0.0006083184420676979,0.24993587945766085,58.21838101161231,6.830899619383743,2.113268904107028
2023-05-09 00:00:00+00:00,976819.2175770793,-0.000584254920765932,0.2500880126078703,58.17116462855018,6.781500037236759,2.108880182329279
2023-05-10 00:00:00+00:00,976157.3540015628,-0.0006775701824931334,0.25023421317826366,58.12584359121204,6.691866887387826,2.103768262014204
2023-05-11 00:00:00+00:00,977058.2724112092,0.0009229233442264575,0.2504038793805125,58.073314736012314,6.712571754552659,2.109878719779571
2023-05-12 00:00:00+00:00,977386.8233074885,0.00033626540561237434,0.250172988888972,58.144816197095366,6.731876129975354,2.1118772748622603
2023-05-15 00:00:00+00:00,978599.9928475902,0.0012412378714053037,0.25008889264604717,58.170891665054036,6.8003553141766355,2.120306327784598
2023-05-16 00:00:00+00:00,977538.3461737168,-0.001084862744362149,0.24977885766843277,58.26717496188751,6.659655452222345,2.1125228740699007
2023-05-17 00:00:00+00:00,977569.6162062227,3.1988548201972104e-05,0.2500501277362368,58.182917289357874,6.712110834671245,2.1121437455715366
2023-05-18 00:00:00+00:00,975561.345842967,-0.002054350227300828,0.25004212925153274,58.18539903796946,6.572355110515032,2.0971729914841952
2023-05-19 00:00:00+00:00,975864.153992745,0.0003103937554191256,0.2505568607954597,58.02601250120313,6.5996443195637085,2.0990104188196343
2023-05-22 00:00:00+00:00,975363.8753346618,-0.0005126519465196933,0.2504791136427221,58.05004489404266,6.536282539652374,2.0949616759359784
2023-05-23 00:00:00+00:00,977621.4640160231,0.0023146117448595033,0.25060758811057954,58.01034023863922,6.7473452954667446,2.1109299864732125
2023-05-24 00:00:00+00:00,977013.4111690661,-0.0006219716621801096,0.2500288683553304,58.18951394350916,6.713836665067386,2.106207312923147
2023-05-25 00:00:00+00:00,975758.5186331412,-0.0012844168990713682,0.2501844760097258,58.14125578105226,6.5651405963425,2.096731757805536
2023-05-26 00:00:00+00:00,976186.3166785418,0.0004384261446161015,0.2505062304454326,58.04166113534394,6.576662613472365,2.099469247676775
2023-05-30 00:00:00+00:00,976402.5294380048,0.00022148718514992152,0.2503964500951918,58.07561336116938,6.562337778143531,2.1006955652936194
2023-05-31 00:00:00+00:00,975660.5942446504,-0.0007598661115528054,0.2503410027711604,58.092773103983916,6.456549321299411,2.0948743804029273
2023-06-01 00:00:00+00:00,976086.6950782529,0.00043673059680386775,0.2505313730714382,58.03388935847959,6.522236163938371,2.097615928435018
2023-06-02 00:00:00+00:00,977790.8820260902,0.0017459380979479638,0.25042200611925286,58.06770688495599,6.707960762722586,2.109596303908114
2023-06-05 00:00:00+00:00,977766.446556121,-2.4990486635079658e-05,0.2499855468291076,58.202959817324015,6.687256343811734,2.10907775627808
2023-06-06 00:00:00+00:00,977239.6864554692,-0.000538738164422715,0.24999179424570056,58.20102049431058,6.663863776354789,2.1048702507777493
2023-06-07 00:00:00+00:00,978848.5655719435,0.0016463505716901878,0.25012654696248454,58.15921413711601,6.846186324608551,2.1159333346186755
2023-06-08 00:00:00+00:00,978769.0923040104,-8.119056484154374e-05,0.24971542782512476,58.286902955883804,6.826988873424741,2.1150196045337224
2023-06-09 00:00:00+00:00,979391.9468360503,0.000636365141622575,0.24973570400799427,58.28059555366689,6.8505698118475635,2.1191005908807776
2023-06-12 00:00:00+00:00,976838.1787561355,-0.002607503653838226,0.0,77.72951959016272,6.758273990964424,2.11263230356886
2023-06-13 00:00:00+00:00,976915.7055957193,7.936507936502064e-05,0.0,77.52683958382028,0.0,2.121642306507382
2023-06-14 00:00:00+00:00,976993.2385882268,7.936507936504573e-05,0.0,77.53299250759677,0.0,2.1193456332944933
2023-06-15 00:00:00+00:00,977070.7777341466,7.93650793651066e-05,0.0,77.53914591970054,0.0,2.1250756850573973
2023-06-16 00:00:00+00:00,977148.3230339667,7.936507936504448e-05,0.0,77.54529982017036,0.0,2.1202149409164757
2023-06-20 00:00:00+00:00,977225.8744881757,7.936507936505799e-05,0.0,77.55145420904498,0.0,2.1125843331739125
2023-06-21 00:00:00+00:00,977303.4320972621,7.936507936510743e-05,0.0,77.55760908636316,0.0,2.113029759658734
2023-06-22 00:00:00+00:00,977380.9958617142,7.936507936503403e-05,0.0,77.56376445216367,0.0,2.101816019445153
2023-06-23 00:00:00+00:00,977458.5657820207,7.936507936503638e-05,0.0,77.56992030648526,0.0,2.099404728436536
2023-06-26 00:00:00+00:00,977536.14185867,7.936507936507476e-05,0.0,77.57607664936673,0.0,2.101076116359018
2023-06-27 00:00:00+00:00,977613.7240921509,7.936507936510952e-05,0.0,77.58223348084682,0.0,2.102695064556098
2023-06-28 00:00:00+00:00,977691.3124829519,7.9365079365101e-05,0.0,77.58839080096436,0.0,2.10492267630283
2023-06-29 00:00:00+00:00,977768.9070315617,7.93650793651286e-05,0.0,77.59454860975809,0.0,2.104686539967286
2023-06-30 00:00:00+00:00,977846.5077384689,7.93650793650336e-05,0.0,77.6007069072668,0.0,2.1080461532611254
2023-07-03 00:00:00+00:00,977924.1146041625,7.936507936513351e-05,0.0,77.60686569352929,0.0,2.1068105626253093
2023-07-05 00:00:00+00:00,978001.727629131,7.936507936503148e-05,0.0,77.61302496858433,0.0,2.1062118387731807
2023-07-06 00:00:00+00:00,978079.3468138635,7.936507936504502e-05,0.0,77.61918473247071,0.0,2.1053477122308797
2023-07-07 00:00:00+00:00,978156.9721588488,7.936507936513443e-05,0.0,77.62534498522726,0.0,2.1127041341490784
2023-07-10 00:00:00+00:00,978234.6036645756,7.936507936502197e-05,0.0,77.63150572689275,0.0,2.1105761747126586
2023-07-11 00:00:00+00:00,978312.2413315331,7.936507936502507e-05,0.0,77.637666957506,0.0,2.1207009124686262
2023-07-12 00:00:00+00:00,978389.8851602102,7.936507936510403e-05,0.0,77.6438286771058,0.0,2.127712880879463
2023-07-13 00:00:00+00:00,978467.535151096,7.936507936510017e-05,0.0,77.64999088573097,0.0,2.12651723768263
2023-07-14 00:00:00+00:00,978545.1913046794,7.936507936509282e-05,0.0,77.65615358342032,0.0,2.1228704297566545
2023-07-17 00:00:00+00:00,978419.2238065593,-0.00012872936195423572,0.25000000000000006,58.24673757765949,0.0,2.1191812175396856
2023-07-18 00:00:00+00:00,977639.4150408899,-0.000797008834960957,0.25003218648383413,58.236740157173756,0.2903290126425151,2.1247433368885345
2023-07-19 00:00:00+00:00,977856.5531404557,0.00022210448579018,0.25023162329838955,58.174850572596824,0.31390494020114956,2.123780763637795
2023-07-20 00:00:00+00:00,977615.4814829675,-0.0002465306968737084,0.2501760580736541,58.192083755102054,0.35607917154652524,2.1262009305654868
2023-07-21 00:00:00+00:00,975787.0592215188,-0.0018702877522715961,0.250237749360388,58.172951083872825,0.2653612725901675,2.138598151793917
2023-07-24 00:00:00+00:00,974443.5045670401,-0.001376893290171898,0.25070664292406203,58.02783820598007,0.25342191231646516,2.1479281121139
2023-07-25 00:00:00+00:00,974037.2815952975,-0.00041687688392270055,0.25105231517230486,57.92120688419605,0.22984027838748,2.1508815128979584
2023-07-26 00:00:00+00:00,974823.7742521233,0.0008074564204951946,0.2511570167268133,57.888966965803775,0.25459376303152803,2.1461761974986313
2023-07-27 00:00:00+00:00,977400.7084761237,0.0026434872559170357,0.2509543819998161,57.95138701793281,0.3923879972740225,2.1300096803025887
2023-07-28 00:00:00+00:00,976274.3712011819,-0.0011523802522078518,0.25029273634105,58.155905607139196,0.28833188216327654,2.1373774041468625
2023-07-31 00:00:00+00:00,974600.9160550584,-0.0017141238113877395,0.2505815015149644,58.06651375992159,0.2933740586978324,2.1490035331130963
2023-08-01 00:00:00+00:00,975482.6797336509,0.0009047433303897075,0.2510117667613085,57.933699859435585,0.3271297426128308,2.143739535695469
2023-08-02 00:00:00+00:00,976687.7916757176,0.0012354006555972295,0.25078487082206957,58.003681103768336,0.33417065463526474,2.136038804220785
2023-08-03 00:00:00+00:00,978699.1257725268,0.0020593419042930715,0.2504754333075504,58.099324908694264,0.488652549084879,2.123918572180802
2023-08-04 00:00:00+00:00,979169.102877864,0.0004802059110517986,0.2499606788072571,58.25895459891722,0.5199310566907258,2.121374394358543
2023-08-07 00:00:00+00:00,978543.8682781303,-0.000638535874851551,0.24984070382445922,58.29625436918207,0.4755041578487609,2.1256728779576206
2023-08-08 00:00:00+00:00,979486.1053045333,0.0009628970728322512,0.250000338009003,58.24663257555242,0.5347696840556064,2.1201283352192615
2023-08-09 00:00:00+00:00,980996.0113141757,0.001541528768468809,0.24975984498535556,58.3214132919336,0.6603865857902986,2.1114728141130232
2023-08-10 00:00:00+00:00,980749.8978083241,-0.00025088125029366,0.24937542559265533,58.44124710222268,0.6581375739831963,2.113626495854757
2023-08-11 00:00:00+00:00,979205.3535363958,-0.0015748604974416434,0.2494380049111982,58.421714284297956,0.6299575204466399,2.124562443706346
2023-08-14 00:00:00+00:00,979406.1895731175,0.00020510104034500185,0.24983145460006623,58.29913140557349,0.6427597864040819,2.123740544867436
2023-08-15 00:00:00+00:00,980380.9069743658,0.000995212621305901,0.24978022441618086,58.31507077356727,0.5739577157379705,2.116315542846045
2023-08-16 00:00:00+00:00,979287.3434938347,-0.0011154475497753568,0.24953188713268812,58.39242929747587,0.46012387391657805,2.1231294977653605
2023-08-17 00:00:00+00:00,980207.544540212,0.0009396639837029583,0.24981053768485678,58.305638545052766,0.5564851660313159,2.118148952079751
2023-08-18 00:00:00+00:00,978051.7205564794,-0.002199354611929505,0.0,77.79424956668349,0.6478590266421023,2.1145056002343696
2023-08-21 00:00:00+00:00,978129.3437089046,7.93650793651264e-05,0.0,77.62315242511741,0.0,2.119205158375289
2023-08-22 00:00:00+00:00,978206.9730218974,7.936507936510414e-05,0.0,77.62931299277021,0.0,2.1140364118947836
2023-08-23 00:00:00+00:00,978284.6084959467,7.936507936509252e-05,0.0,77.63547404935693,0.0,2.121848273910203
2023-08-24 00:00:00+00:00,978362.2501315416,7.936507936505188e-05,0.0,77.64163559491641,0.0,2.11741573721914
2023-08-25 00:00:00+00:00,978439.8979291711,7.936507936506156e-05,0.0,77.64779762948743,0.0,2.112828480331765
2023-08-28 00:00:00+00:00,978517.5518893242,7.936507936508186e-05,0.0,77.65396015310881,0.0,2.115585506674672
2023-08-29 00:00:00+00:00,978595.21201249,7.936507936507312e-05,0.0,77.66012316581939,0.0,2.1106509468838413
2023-08-30 00:00:00+00:00,978672.8782991577,7.936507936511466e-05,0.0,77.66628666765794,0.0,2.105277037304648
2023-08-31 00:00:00+00:00,978750.5507498163,7.936507936504783e-05,0.0,77.67245065866331,0.0,2.1091528180236323
2023-09-01 00:00:00+00:00,978828.2293649552,7.936507936507088e-05,0.0,77.6786151388743,0.0,2.11621699386208
2023-09-05 00:00:00+00:00,978905.9141450635,7.93650793650252e-05,0.0,77.68478010832978,0.0,2.1295215599796538
2023-09-06 00:00:00+00:00,978983.6050906306,7.936507936510898e-05,0.0,77.69094556706852,0.0,2.1260550875969506
2023-09-07 00:00:00+00:00,979061.3022021457,7.936507936504468e-05,0.0,77.69711151512941,0.0,2.1274412301210344
2023-09-08 00:00:00+00:00,979139.0054800982,7.936507936503051e-05,0.0,77.70327795255125,0.0,2.12162123537244
2023-09-11 00:00:00+00:00,979216.7149249775,7.936507936502678e-05,0.0,77.70944487937287,0.0,2.1104666132508205
2023-09-12 00:00:00+00:00,979294.4305372732,7.93650793651127e-05,0.0,77.71561229563314,0.0,2.1085398107246385
2023-09-13 00:00:00+00:00,979372.1523174746,7.936507936512971e-05,0.0,77.72178020137089,0.0,2.1114248124891617
2023-09-14 00:00:00+00:00,979449.8802660712,7.936507936503815e-05,0.0,77.72794859662497,0.0,2.1079232651997093
2023-09-15 00:00:00+00:00,979527.6143835526,7.936507936503613e-05,0.0,77.73411748143423,0.0,2.1117187647974016
2023-09-18 00:00:00+00:00,979605.3546704084,7.936507936508395e-05,0.0,77.74028685583751,0.0,2.1120621768031125
2023-09-19 00:00:00+00:00,979683.1011271282,7.936507936502305e-05,0.0,77.74645671987368,0.0,2.1128761030375234
2023-09-20 00:00:00+00:00,979760.8537542018,7.936507936505151e-05,0.0,77.7526270735816,0.0,2.1136696784808007
2023-09-21 00:00:00+00:00,979838.6125521188,7.936507936512962e-05,0.0,77.75879791700014,0.0,2.1161601820184006
2023-09-22 00:00:00+00:00,979916.377521369,7.936507936509888e-05,0.0,77.76496925016816,0.0,2.1205897456870653
2023-09-25 00:00:00+00:00,979994.1486624421,7.936507936503845e-05,0.0,77.77114107312453,0.0,2.127320269093258
2023-09-26 00:00:00+00:00,980071.925975828,7.936507936502749e-05,0.0,77.7773133859081,0.0,2.122538720439588
2023-09-27 00:00:00+00:00,980149.7094620165,7.936507936502631e-05,0.0,77.78348618855777,0.0,2.121114442738109
2023-09-28 00:00:00+00:00,980227.4991214976,7.9365079365114e-05,0.0,77.78965948111242,0.0,2.1220430805096178
2023-09-29 00:00:00+00:00,980305.2949547613,7.936507936513212e-05,0.0,77.79583326361092,0.0,2.119521664815194
2023-10-02 00:00:00+00:00,980383.0969622973,7.936507936504104e-05,0.0,77.80200753609216,0.0,2.118583397325089
2023-10-03 00:00:00+00:00,980460.9051445959,7.936507936503857e-05,0.0,77.80818229859503,0.0,2.1189860904819833
2023-10-04 00:00:00+00:00,980538.719502147,7.936507936508507e-05,0.0,77.81435755115841,0.0,2.11955928655567
2023-10-05 00:00:00+00:00,980616.5400354408,7.936507936502209e-05,0.0,77.8205332938212,0.0,2.1403341555091866
2023-10-06 00:00:00+00:00,980296.6399321563,-0.00032622344231818696,0.22580169587753587,60.253306530942595,0.0,2.1413797843905047
2023-10-09 00:00:00+00:00,979958.2516511971,-0.0003451896774660339,0.2258753817220962,60.22791763385653,0.33173364048118925,2.1450851585756
2023-10-10 00:00:00+00:00,979294.4419165109,-0.0006773857290018876,0.22595337849594158,60.20106142108198,0.2684402097556209,2.150161860981948
2023-10-11 00:00:00+00:00,980743.008290614,0.0014791939095132427,0.22610653983926268,60.148378108805304,0.24865401010798616,2.139191511566039
2023-10-12 00:00:00+00:00,980995.8099153385,0.0002577654111092218,0.22577257841633414,60.26334369405158,0.2659071168721876,2.1377878436392974
2023-10-13 00:00:00+00:00,981374.8897045103,0.0003864234539437283,0.22571439705198476,60.28340731506146,0.36391901783773584,2.1361455138925827
2023-10-16 00:00:00+00:00,980661.879295124,-0.000726542340614654,0.22562720940642225,60.31349301261478,0.3308625763981563,2.141922405794042
2023-10-17 00:00:00+00:00,979855.5579702187,-0.0008222215443765678,0.22579125631427516,60.25690488488569,0.33186780288079953,2.1486649906293716
2023-10-18 00:00:00+00:00,980286.4884852037,0.00043978983583832927,0.2259770595211483,60.19291112894084,0.3781504226512733,2.146250914809575
2023-10-19 00:00:00+00:00,980339.1136089673,5.3683412330708335e-05,0.22587772079540017,60.227111963463464,0.375869632491443,2.146283056892826
2023-10-20 00:00:00+00:00,980544.9428245525,0.0002099571594440679,0.22586559555950242,60.23128856058755,0.33745263681243,2.144769143638289
2023-10-23 00:00:00+00:00,983696.9923378753,0.0032145895365519807,0.22581818341516174,60.24762421261813,0.45287184279563086,2.1213323666777413
2023-10-24 00:00:00+00:00,986794.7913843434,0.0031491394917308943,0.22509459667994003,60.49778687240565,0.5759263890293944,2.097561003211617
2023-10-25 00:00:00+00:00,987951.8192874608,0.0011725111575570822,0.22438796766948282,60.74364393958566,0.6327398941330837,2.089030677333357
2023-10-26 00:00:00+00:00,987591.9064149566,-0.0003643020494296874,0.22412517839712273,60.83547155094418,0.5837840039184488,2.0917476324323228
2023-10-27 00:00:00+00:00,994613.687715326,0.007110002881513161,0.2242068574147751,60.80690703725337,0.8880242125617774,2.0338389637451613
2023-10-30 00:00:00+00:00,993818.1660229373,-0.0007998298256039905,0.22262400013234018,61.36419126744142,0.8530113775200405,2.0412835803625824
2023-10-31 00:00:00+00:00,994446.5315041068,0.0006322740946506732,0.22280220398029393,61.30105462518835,0.8924776594719452,2.0369114613955874
2023-11-01 00:00:00+00:00,995154.2970880682,0.0007117180879407234,0.22266142093196054,61.35092490147164,0.9084872467101988,2.0308966185220982
2023-11-02 00:00:00+00:00,994104.9030196195,-0.0010545038809753736,0.22250306147848412,61.40709677321461,0.9255220816017073,2.0426774538940196
2023-11-03 00:00:00+00:00,993904.9516378059,-0.0002011371045513012,0.22273793950012746,61.323811529686935,0.8926618821396948,2.0441431815009516
2023-11-06 00:00:00+00:00,993131.0247782997,-0.0007786729085420673,0.22278274937728118,61.30794237240014,0.7996080445439402,2.0493910323798006
2023-11-07 00:00:00+00:00,994004.7899588955,0.0008798085638205241,0.22295635945417533,61.24651960577267,0.8034267190314763,2.0414407146875617
2023-11-08 00:00:00+00:00,992539.1485256524,-0.0014744812580870781,0.0,78.8892690443568,0.8112222580133772,2.03476727942272
2023-11-09 00:00:00+00:00,991435.996022612,-0.0011114448278227035,0.25000000000000006,59.07971122176502,0.0,2.0323545826006155
2023-11-10 00:00:00+00:00,991713.2731520679,0.0002796722436630304,0.25027817037798356,58.99215943580944,7.112128069369413,2.0339532114321197
2023-11-13 00:00:00+00:00,991869.883790778,0.00015791927258603267,0.2502081940909593,59.01416555719482,7.1518072763621205,2.0348405034631494
2023-11-14 00:00:00+00:00,993618.4574192892,0.0017629062612813458,0.25016868763378436,59.02659497296547,7.273593176814821,2.045907599680503
2023-11-15 00:00:00+00:00,994680.3584999719,0.0010687211703381775,0.2497284398036345,59.16537065776794,7.332473347757382,2.0524428605723646
2023-11-16 00:00:00+00:00,992093.0861035723,-0.0026011093657276763,0.24946183465974223,59.24964852131419,7.089948445070717,2.034910148362235
2023-11-17 00:00:00+00:00,992483.6347451758,0.000393661287508241,0.2501124043772526,59.044309442234855,7.190762800755949,2.0375531418131945
2023-11-20 00:00:00+00:00,992823.5663267481,0.0003425059816321899,0.25001398355059296,59.07530536617164,7.198781544308293,2.039359930875015
2023-11-21 00:00:00+00:00,992419.6390903174,-0.00040684694655783357,0.24992838158492048,59.10228406312182,7.1592407364391155,2.036340396010145
2023-11-22 00:00:00+00:00,993228.6315594651,0.0008151717653322643,0.25003010556991917,59.070226345944775,7.205887762866733,2.041259123561953
2023-11-24 00:00:00+00:00,993514.2088244127,0.00028752419722254677,0.24982645409830512,59.13443209746445,7.2406771033713895,2.042865888339742
2023-11-27 00:00:00+00:00,993714.3094348573,0.0002014068934972182,0.2497546435949029,59.157096959761866,7.23423384614488,2.0437616435228843
2023-11-28 00:00:00+00:00,994754.0349539345,0.0010463022512662255,0.24970435141719122,59.17297796059081,7.312075695370778,2.0502275236865546
2023-11-29 00:00:00+00:00,994434.4757949964,-0.00032124439580978457,0.24944335826987005,59.25549585893027,7.237216958889849,2.047694103671111
2023-11-30 00:00:00+00:00,993654.5384130456,-0.0007843024361431874,0.24952351630110453,59.230134020919316,7.1843490043125975,2.042222061480464
2023-12-01 00:00:00+00:00,995268.9381345656,0.0016247092516664405,0.24971937181276943,59.16823422870099,7.3145217417138335,2.0525277285489962
2023-12-04 00:00:00+00:00,995648.8501163913,0.0003817179128867284,0.2493143085490969,59.29636119072639,7.325145913221098,2.054665336209446
2023-12-05 00:00:00+00:00,995581.5792434876,-6.756485772658802e-05,0.24921917712495342,59.32651293531573,7.259664216539193,2.0539025101797215
2023-12-06 00:00:00+00:00,996332.0555839353,0.0007538069768406621,0.24923601672096352,59.32117397714877,7.281769502278399,2.058622726046207
2023-12-07 00:00:00+00:00,997013.4539163755,0.0006839068648060515,0.24904828238812915,59.38073559147002,7.31267279643804,2.06289219836364
2023-12-08 00:00:00+00:00,998214.5271665915,0.0012046710558398404,0.24887807296552833,59.434814824203364,7.4329943751033465,2.070344000402314
2023-12-11 00:00:00+00:00,997911.1988102767,-0.0003038709095686978,0.2485786174999255,59.53013809803003,7.402823241837403,2.0680159302860326
2023-12-12 00:00:00+00:00,997757.644238071,-0.00015387598855360192,0.2486541762706369,59.50606441895743,7.343088354368227,2.066898079931163
2023-12-13 00:00:00+00:00,999185.2665439527,0.0014308307374301193,0.2486924440663134,59.49387754814745,7.477468127536277,2.0758223664010553
2023-12-14 00:00:00+00:00,996785.1219715327,-0.0024021016449950494,0.0,79.30041797967878,7.792169773991396,2.094495879159132
2023-12-15 00:00:00+00:00,996864.2319018479,7.936507936504963e-05,0.0,79.10993031520101,0.0,2.097656956162764
2023-12-18 00:00:00+00:00,996943.348110729,7.936507936512021e-05,0.0,79.11620888109904,0.0,2.0919106771399676
2023-12-19 00:00:00+00:00,997022.4705986743,7.936507936503257e-05,0.0,79.12248794529596,0.0,2.097290138261123
2023-12-20 00:00:00+00:00,997101.5993661821,7.936507936509739e-05,0.0,79.12876750783128,0.0,2.0987810712174024
2023-12-21 00:00:00+00:00,997180.7344137508,7.936507936504145e-05,0.0,79.13504756874461,0.0,2.0983772797061926
2023-12-22 00:00:00+00:00,997259.8757418789,7.936507936505859e-05,0.0,79.14132812807546,0.0,2.0998873892351364
2023-12-26 00:00:00+00:00,997339.0233510648,7.936507936510913e-05,0.0,79.1476091858634,0.0,2.108515535446779
2023-12-27 00:00:00+00:00,997418.1772418069,7.936507936503669e-05,0.0,79.153890742148,0.0,2.1056378946298713
2023-12-28 00:00:00+00:00,997497.3374146038,7.936507936503505e-05,0.0,79.1601727969688,0.0,2.102421308518796
2023-12-29 00:00:00+00:00,997576.5038699541,7.936507936506454e-05,0.0,79.16645535036538,0.0,2.0975309217732923
2024-01-02 00:00:00+00:00,997655.6766083565,7.936507936508546e-05,0.0,79.17273840237732,0.0,2.0863142271297987
2024-01-03 00:00:00+00:00,997734.8556303096,7.936507936505818e-05,0.0,79.17902195304417,0.0,2.1011626445378804
2024-01-04 00:00:00+00:00,997814.0409363119,7.936507936505971e-05,0.0,79.18530600240553,0.0,2.0954646923385405
2024-01-05 00:00:00+00:00,997893.2325268624,7.936507936505038e-05,0.0,79.19159055050095,0.0,2.0922409922226484
2024-01-08 00:00:00+00:00,997972.4304024598,7.936507936510719e-05,0.0,79.19787559737003,0.0,2.095625532822655
2024-01-09 00:00:00+00:00,998051.6345636029,7.93650793650738e-05,0.0,79.20416114305236,0.0,2.078529144433241
2024-01-10 00:00:00+00:00,998130.8450107904,7.93650793650272e-05,0.0,79.21044718758753,0.0,2.0760626849024915
2024-01-11 00:00:00+00:00,998210.0617445214,7.936507936504439e-05,0.0,79.21673373101511,0.0,2.0803397527322853
2024-01-12 00:00:00+00:00,998289.2847652948,7.936507936508565e-05,0.0,79.22302077337471,0.0,2.0860496872611103
2024-01-16 00:00:00+00:00,998368.5140736095,7.936507936511135e-05,0.0,79.22930831470593,0.0,2.0766966905158344
2024-01-17 00:00:00+00:00,998447.7496699645,7.93650793650818e-05,0.0,79.23559635504837,0.0,2.0772532405109927
2024-01-18 00:00:00+00:00,998526.991554859,7.936507936507396e-05,0.0,79.24188489444163,0.0,2.0698746522881986
2024-01-19 00:00:00+00:00,998606.2397287919,7.936507936504814e-05,0.0,79.24817393292531,0.0,2.0705098980249366
2024-01-22 00:00:00+00:00,998685.4941922624,7.936507936508128e-05,0.0,79.25446347053904,0.0,2.074139424897335
2024-01-23 00:00:00+00:00,998764.7549457698,7.936507936513367e-05,0.0,79.26075350732242,0.0,2.0642640274858444
2024-01-24 00:00:00+00:00,998844.0219898131,7.93650793650491e-05,0.0,79.26704404331507,0.0,2.072792513387379
2024-01-25 00:00:00+00:00,998923.2953248917,7.93650793651376e-05,0.0,79.2733350785566,0.0,2.081293898860985
2024-01-26 00:00:00+00:00,999002.5749515048,7.936507936512637e-05,0.0,79.27962661308665,0.0,2.0799073763690603
2024-01-29 00:00:00+00:00,999081.8608701518,7.936507936509228e-05,0.0,79.28591864694482,0.0,2.079020770009498
2024-01-30 00:00:00+00:00,999161.153081332,7.936507936511222e-05,0.0,79.29221118017078,0.0,2.0751362325077984
2024-01-31 00:00:00+00:00,999240.4515855447,7.936507936502998e-05,0.0,79.29850421280412,0.0,2.0684140426040933
2024-02-01 00:00:00+00:00,999319.7563832896,7.936507936503894e-05,0.0,79.3047977448845,0.0,2.074120790447067
2024-02-02 00:00:00+00:00,999399.067475066,7.936507936509941e-05,0.0,79.31109177645155,0.0,2.1076727990784687
2024-02-05 00:00:00+00:00,999478.3848613736,7.936507936505521e-05,0.0,79.31738630754492,0.0,2.110402394840332
2024-02-06 00:00:00+00:00,999557.7085427118,7.936507936509968e-05,0.0,79.32368133820425,0.0,2.106286026326538
2024-02-07 00:00:00+00:00,999637.0385195803,7.936507936507664e-05,0.0,79.32997686846919,0.0,2.105523876655968
2024-02-08 00:00:00+00:00,999716.3747924786,7.936507936506293e-05,0.0,79.33627289837939,0.0,2.1075118137540474
2024-02-09 00:00:00+00:00,999795.7173619067,7.936507936513528e-05,0.0,79.3425694279745,0.0,2.1011685900250985
2024-02-12 00:00:00+00:00,999875.0662283639,7.936507936502117e-05,0.0,79.34886645729418,0.0,2.0991752077743495
2024-02-13 00:00:00+00:00,999954.4213923502,7.936507936503026e-05,0.0,79.35516398637809,0.0,2.100002645251142
2024-02-14 00:00:00+00:00,1000033.7828543655,7.936507936512284e-05,0.0,79.36146201526589,0.0,2.1078179050641586
2024-02-15 00:00:00+00:00,1000113.1506149095,7.936507936502642e-05,0.0,79.36776054399726,0.0,2.1121283680457292
2024-02-16 00:00:00+00:00,1000192.5246744821,7.936507936505057e-05,0.0,79.37405957261187,0.0,2.112501163896844
2024-02-20 00:00:00+00:00,1000271.9050335832,7.936507936503921e-05,0.0,79.38035910114937,0.0,2.115668729030312
2024-02-21 00:00:00+00:00,1000351.2916927128,7.936507936506907e-05,0.0,79.38665912964946,0.0,2.110665453693233
2024-02-22 00:00:00+00:00,1000430.684652371,7.936507936510047e-05,0.0,79.39295965815181,0.0,2.1106469768128133
2024-02-23 00:00:00+00:00,1000510.0839130577,7.936507936509373e-05,0.0,79.39926068669611,0.0,2.112318582784164
2024-02-26 00:00:00+00:00,1000589.4894752731,7.936507936512557e-05,0.0,79.40556221532204,0.0,2.100643736638996
2024-02-27 00:00:00+00:00,1000668.9013395171,7.936507936503995e-05,0.0,79.41186424406929,0.0,2.094133124695392
2024-02-28 00:00:00+00:00,1000748.31950629,7.936507936502994e-05,0.0,79.41816677297754,0.0,2.093175109846877
2024-02-29 00:00:00+00:00,1000827.7439760921,7.936507936505584e-05,0.0,79.4244698020865,0.0,2.0895716060951974
2024-03-01 00:00:00+00:00,1000907.1747494235,7.936507936507796e-05,0.0,79.43077333143587,0.0,2.087855093353724
2024-03-04 00:00:00+00:00,1000986.6118267846,7.936507936505664e-05,0.0,79.43707736106536,0.0,2.0705028558318315
2024-03-05 00:00:00+00:00,1001066.0552086756,7.936507936506854e-05,0.0,79.44338189101465,0.0,2.0684587241451062
2024-03-06 00:00:00+00:00,1001145.5048955969,7.936507936507397e-05,0.0,79.44968692132346,0.0,2.0524420709150935
2024-03-07 00:00:00+00:00,1001224.9608880489,7.936507936503329e-05,0.0,79.4559924520315,0.0,2.0556729090286554
2024-03-08 00:00:00+00:00,1001304.423186532,7.93650793650231e-05,0.0,79.46229848317849,0.0,2.053835783042954
2024-03-11 00:00:00+00:00,1001383.8917915468,7.936507936511998e-05,0.0,79.46860501480413,0.0,2.06441251908235
2024-03-12 00:00:00+00:00,1001463.3667035938,7.936507936505174e-05,0.0,79.47491204694816,0.0,2.06523787028165
2024-03-13 00:00:00+00:00,1001542.8479231735,7.936507936512752e-05,0.0,79.4812195796503,0.0,2.074471049259346
2024-03-14 00:00:00+00:00,1001622.3354507864,7.93650793650751e-05,0.0,79.48752761295027,0.0,2.075034258835283
2024-03-15 00:00:00+00:00,1001701.8292869333,7.936507936508732e-05,0.0,79.49383614688782,0.0,2.0754923200783053
2024-03-18 00:00:00+00:00,1001781.3294321148,7.93650793651245e-05,0.0,79.50014518150265,0.0,2.0668653308135383
2024-03-19 00:00:00+00:00,1001860.8358868316,7.936507936503075e-05,0.0,79.50645471683451,0.0,2.0703699233091175
2024-03-20 00:00:00+00:00,1001940.3486515846,7.936507936511505e-05,0.0,79.51276475292315,0.0,2.060336338316741
2024-03-21 00:00:00+00:00,1002019.8677268744,7.93650793651053e-05,0.0,79.5190752898083,0.0,2.0561457101098926
2024-03-22 00:00:00+00:00,1002099.393113202,7.936507936507805e-05,0.0,79.52538632752972,0.0,2.0565408310721036
2024-03-25 00:00:00+00:00,1002178.9248110681,7.936507936510979e-05,0.0,79.53169786612713,0.0,2.0610149422322896
2024-03-26 00:00:00+00:00,1002258.4628209737,7.93650793650447e-05,0.0,79.53800990564032,0.0,2.0572472273747855
2024-03-27 00:00:00+00:00,1002338.0071434198,7.936507936507542e-05,0.0,79.54432244610902,0.0,2.0584613818621755
2024-03-28 00:00:00+00:00,1002417.5577789074,7.936507936504613e-05,0.0,79.550635487573,0.0,2.0604434141904484
2024-04-01 00:00:00+00:00,1002497.1147279374,7.936507936503333e-05,0.0,79.55694903007202,0.0,2.0653640209437016
2024-04-02 00:00:00+00:00,1002576.6779910111,7.936507936511345e-05,0.0,79.56326307364583,0.0,2.0593550368451132
2024-04-03 00:00:00+00:00,1002579.8111639901,3.125120549656742e-06,0.10662235707518804,71.0856817011903,0.0,2.0633092320189546
2024-04-04 00:00:00+00:00,1002689.3225599803,0.00010922960423781554,0.10662202386851019,71.08593036571244,3.0997165330909944,2.064077046609349
2024-04-05 00:00:00+00:00,1002326.6556528015,-0.0003616941948208744,0.10661037885901978,71.09462174634658,3.079558301904184,2.0576978196111826
2024-04-08 00:00:00+00:00,1002687.6470221274,0.0003601534163438882,0.10664895316626374,71.06583865847524,3.092767481728703,2.06202293573682
2024-04-09 00:00:00+00:00,1002687.6554704902,8.425717461679983e-09,0.10661055700993828,71.0944887671519,3.0946967271587535,2.0610870937367953
2024-04-10 00:00:00+00:00,1002710.1318846476,2.2416167222962698e-05,0.10661055611166786,71.09448943765689,3.1012351685346027,2.060551735525317
2024-04-11 00:00:00+00:00,1002558.1421696757,-0.00015157891611836366,0.10660816636518329,71.09627328005034,3.0803210060647737,2.0571480817843226
2024-04-12 00:00:00+00:00,1001865.9489421743,-0.0006904270170339952,0.10662432836530875,71.08421060425891,3.007424315252023,2.0452043894400043
2024-04-15 00:00:00+00:00,1001769.9330420587,-9.583707303055648e-05,0.10669799554409576,71.0292746338223,2.986031881138131,2.0424631762945564
2024-04-16 00:00:00+00:00,1001315.572347968,-0.0004535579269293594,0.1067082221477747,71.02165432428932,2.927823501864584,2.033833705017738
2024-04-17 00:00:00+00:00,1001720.5962834902,0.0004044917972986796,0.10675664246921898,70.98559395174243,2.9563481339427438,2.0392172161490105
2024-04-18 00:00:00+00:00,1002264.9763647899,0.0005434450317977,0.1067134777428108,71.0177387085299,2.9946774883486795,2.046726124848102
2024-04-19 00:00:00+00:00,1002749.8598720565,0.00048378773947116335,0.10665551633234617,71.06094347688702,3.0452385073836354,2.053517431466545
2024-04-22 00:00:00+00:00,1003481.7191080095,0.0007298522445531305,0.10660394265191188,71.09942629492406,3.1034724314872135,2.063780322411632
2024-04-23 00:00:00+00:00,1003681.9692465969,0.00019955534293682623,0.10652619426992029,71.15751036126953,3.1184652540447377,2.065845478909466
2024-04-24 00:00:00+00:00,1004081.5681638584,0.0003981330037854712,0.1065049406399664,71.17340322941139,3.14310585043276,2.0708476798837077
2024-04-25 00:00:00+00:00,1004701.8028413471,0.0006177134379858124,0.10646255438339906,71.20511742919405,3.187246526134887,2.079157847548361
2024-04-26 00:00:00+00:00,1006417.8613924036,0.0017080277413690746,0.10639683163074165,71.2543424035979,3.287071512673671,2.1038420151077646
2024-04-29 00:00:00+00:00,1005896.6618567251,-0.0005178758800617845,0.10621541275918799,71.39053752669763,3.2573567543200146,2.0949481819215765
2024-04-30 00:00:00+00:00,1004446.9955161433,-0.0014411682586817484,0.10627044766079488,71.34917248418347,3.1202497901833195,2.0720598421093963
2024-05-01 00:00:00+00:00,1004738.9102088772,0.000290622296683659,0.10642382229545468,71.2341196000103,3.1143607679786123,2.075468020828979
2024-05-02 00:00:00+00:00,1004966.2010406979,0.00022621880123408194,0.10639290214588219,71.25728743276697,3.1320160756487496,2.0779148053500367
2024-05-03 00:00:00+00:00,1004963.8265932319,-2.362713754484279e-06,0.10636883951451856,71.27532638767337,3.12369791118789,2.0768332123555684
2024-05-06 00:00:00+00:00,1004289.738043804,-0.0006707590179768374,0.0,79.75903385660571,3.185256391924786,2.0863416466131355
2024-05-07 00:00:00+00:00,1004369.4435785693,7.936507936507854e-05,0.0,79.70553476538127,0.0,2.0919920250272592
2024-05-08 00:00:00+00:00,1004449.1554391708,7.936507936504676e-05,0.0,79.71186060147376,0.0,2.091079942989504
2024-05-09 00:00:00+00:00,1004528.8736261104,7.936507936506356e-05,0.0,79.71818693961673,0.0,2.0957650629756683
2024-05-10 00:00:00+00:00,1004608.5981398902,7.936507936508929e-05,0.0,79.72451377985003,0.0,2.1016339183658683
2024-05-13 00:00:00+00:00,1004688.3289810125,7.936507936508424e-05,0.0,79.7308411222135,0.0,2.092715632709074
2024-05-14 00:00:00+00:00,1004768.0661499792,7.936507936512466e-05,0.0,79.73716896674702,0.0,2.088206055867826
2024-05-15 00:00:00+00:00,1004847.8096472927,7.936507936505498e-05,0.0,79.74349731349042,0.0,2.0812123109416434
2024-05-16 00:00:00+00:00,1004927.5594734552,7.936507936506732e-05,0.0,79.74982616248354,0.0,2.071849732387299
2024-05-17 00:00:00+00:00,1005007.315628969,7.936507936512193e-05,0.0,79.75615551376629,0.0,2.073700610596072
2024-05-20 00:00:00+00:00,1005087.0781143364,7.936507936506335e-05,0.0,79.76248536737849,0.0,2.0698991236700244
2024-05-21 00:00:00+00:00,1005166.8469300597,7.936507936508355e-05,0.0,79.76881572336004,0.0,2.0656125895405153
2024-05-22 00:00:00+00:00,1005246.6220766414,7.936507936502708e-05,0.0,79.77514658175077,0.0,2.063642691270769
2024-05-23 00:00:00+00:00,1005326.403554584,7.936507936508586e-05,0.0,79.78147794259058,0.0,2.071269805879197
2024-05-24 00:00:00+00:00,1005406.19136439,7.936507936510442e-05,0.0,79.78780980591937,0.0,2.075695510090505
2024-05-28 00:00:00+00:00,1005485.9855065617,7.936507936504311e-05,0.0,79.79414217177698,0.0,2.0773660023418823
2024-05-29 00:00:00+00:00,1005565.7859816019,7.936507936509384e-05,0.0,79.80047504020331,0.0,2.0691379526364795
2024-05-30 00:00:00+00:00,1005645.5927900132,7.936507936510113e-05,0.0,79.80680841123825,0.0,2.0754539513299
2024-05-31 00:00:00+00:00,1005725.405932298,7.936507936502534e-05,0.0,79.81314228492168,0.0,2.0832333562509824
2024-06-03 00:00:00+00:00,1005805.2254089593,7.936507936505833e-05,0.0,79.81947666129349,0.0,2.069976099197158
2024-06-04 00:00:00+00:00,1005885.0512204997,7.936507936504467e-05,0.0,79.8258115403936,0.0,2.0696945402290114
2024-06-05 00:00:00+00:00,1005964.8833674219,7.936507936506042e-05,0.0,79.83214692226188,0.0,2.059701721638971
2024-06-06 00:00:00+00:00,1006044.7218502288,7.936507936506593e-05,0.0,79.83848280693825,0.0,2.06081615810536
2024-06-07 00:00:00+00:00,1006124.5666694232,7.936507936502152e-05,0.0,79.8448191944626,0.0,2.070455452929719
2024-06-10 00:00:00+00:00,1006204.4178255082,7.936507936511895e-05,0.0,79.85115608487486,0.0,2.071374874663318
2024-06-11 00:00:00+00:00,1006284.2753189864,7.936507936508713e-05,0.0,79.85749347821493,0.0,2.074990759992887
2024-06-12 00:00:00+00:00,1006364.139150361,7.936507936511781e-05,0.0,79.86383137452273,0.0,2.068041121049529
2024-06-13 00:00:00+00:00,1006444.0093201348,7.936507936505561e-05,0.0,79.87016977383817,0.0,2.0631874988276553
2024-06-14 00:00:00+00:00,1006523.885828811,7.936507936509225e-05,0.0,79.87650867620117,0.0,2.066891697382489
2024-06-17 00:00:00+00:00,1006603.7686768926,7.936507936507237e-05,0.0,79.88284808165166,0.0,2.075705405876632
2024-06-18 00:00:00+00:00,1006683.6578648828,7.936507936507197e-05,0.0,79.88918799022957,0.0,2.070057293716053
2024-06-20 00:00:00+00:00,1006763.5533932848,7.936507936505138e-05,0.0,79.89552840197483,0.0,2.078011861154696
2024-06-21 00:00:00+00:00,1006843.4552626017,7.936507936508656e-05,0.0,79.90186931692736,0.0,2.074939772787941
2024-06-24 00:00:00+00:00,1006923.3634733368,7.936507936502223e-05,0.0,79.90821073512713,0.0,2.081753920334102
2024-06-25 00:00:00+00:00,1007003.2780259934,7.936507936504996e-05,0.0,79.91455265661403,0.0,2.0756977092511777
2024-06-26 00:00:00+00:00,1007083.1989210749,7.936507936513007e-05,0.0,79.92089508142804,0.0,2.0582211675193256
2024-06-27 00:00:00+00:00,1007163.1261590845,7.936507936510727e-05,0.0,79.92723800960911,0.0,2.05914670292536
2024-06-28 00:00:00+00:00,1007243.0597405257,7.936507936505753e-05,0.0,79.93358144119718,0.0,2.058980767164531
2024-07-01 00:00:00+00:00,1007322.9996659019,7.936507936505676e-05,0.0,79.9399253762322,0.0,2.059421097315784
2024-07-02 00:00:00+00:00,1007402.9459357166,7.936507936506528e-05,0.0,79.94626981475412,0.0,2.065402717580703
2024-07-03 00:00:00+00:00,1007482.8985504734,7.936507936504344e-05,0.0,79.9526147568029,0.0,2.059560943638705
2024-07-05 00:00:00+00:00,1007562.8575106758,7.93650793650671e-05,0.0,79.95896020241852,0.0,2.054108072323634
2024-07-08 00:00:00+00:00,1007642.8228168275,7.936507936509659e-05,0.0,79.96530615164093,0.0,2.061950133853162
2024-07-09 00:00:00+00:00,1007722.794469432,7.936507936509227e-05,0.0,79.97165260451011,0.0,2.060319884796618
2024-07-10 00:00:00+00:00,1007802.7724689931,7.936507936512997e-05,0.0,79.97799956106603,0.0,2.067934743838554
2024-07-11 00:00:00+00:00,1007882.7568160144,7.936507936505452e-05,0.0,79.98434702134865,0.0,2.0607942386656424
2024-07-12 00:00:00+00:00,1007962.7475109998,7.936507936505732e-05,0.0,79.99069498539797,0.0,2.0654546290593663
2024-07-15 00:00:00+00:00,1008042.7445544531,7.936507936509862e-05,0.0,79.99704345325395,0.0,2.067233677303162
2024-07-16 00:00:00+00:00,1008122.747946878,7.936507936502331e-05,0.0,80.00339242495659,0.0,2.060053174306971
2024-07-17 00:00:00+00:00,1008202.7576887785,7.936507936502269e-05,0.0,80.00974190054588,0.0,2.075417133777205
2024-07-18 00:00:00+00:00,1008282.7737806585,7.936507936505708e-05,0.0,80.01609188006178,0.0,2.0732177427349656
2024-07-19 00:00:00+00:00,1008362.796223022,7.936507936508679e-05,0.0,80.02244236354433,0.0,2.0693602446668784
2024-07-22 00:00:00+00:00,1008442.8250163731,7.936507936507218e-05,0.0,80.0287933510335,0.0,2.0604827637321472
2024-07-23 00:00:00+00:00,1008522.8601612156,7.936507936508903e-05,0.0,80.0351448425693,0.0,2.053535123734578
2024-07-24 00:00:00+00:00,1008602.9016580539,7.936507936509765e-05,0.0,80.04149683819172,0.0,2.049447895665484
2024-07-25 00:00:00+00:00,1008682.9495073918,7.936507936505837e-05,0.0,80.04784933794079,0.0,2.053152005402093
2024-07-26 00:00:00+00:00,1008763.0037097336,7.936507936504699e-05,0.0,80.0542023418565,0.0,2.0559312185834435
2024-07-29 00:00:00+00:00,1008843.0642655835,7.936507936502381e-05,0.0,80.06055584997885,0.0,2.0545945280095435
2024-07-30 00:00:00+00:00,1008923.1311754459,7.936507936506458e-05,0.0,80.0669098623479,0.0,2.0625491906125246
2024-07-31 00:00:00+00:00,1009003.2044398249,7.936507936512959e-05,0.0,80.07326437900365,0.0,2.0709412082694447
2024-08-01 00:00:00+00:00,1009083.2840592249,7.936507936506379e-05,0.0,80.0796193999861,0.0,2.025649553613802
2024-08-02 00:00:00+00:00,1009163.3700341502,7.936507936505832e-05,0.0,80.08597492533531,0.0,1.9988588770280384
2024-08-05 00:00:00+00:00,1009243.4623651053,7.936507936507348e-05,0.0,80.09233095509128,0.0,1.9856662514736092
2024-08-06 00:00:00+00:00,1009323.5610525946,7.93650793650696e-05,0.0,80.09868748929406,0.0,1.9764117973920272
2024-08-07 00:00:00+00:00,1009403.6660971226,7.936507936512234e-05,0.0,80.1050445279837,0.0,1.9622664974186756
2024-08-08 00:00:00+00:00,1009483.7774991938,7.93650793650767e-05,0.0,80.1114020712002,0.0,1.9651774313286494
2024-08-09 00:00:00+00:00,1009563.8952593128,7.93650793651237e-05,0.0,80.11776011898364,0.0,1.9666780116291287
2024-08-12 00:00:00+00:00,1009644.0193779842,7.936507936510833e-05,0.0,80.12411867137403,0.0,1.9623922110414518
2024-08-13 00:00:00+00:00,1009724.1498557127,7.936507936510623e-05,0.0,80.13047772841145,0.0,1.962555101705544
2024-08-14 00:00:00+00:00,1009804.2866930028,7.936507936507774e-05,0.0,80.13683729013593,0.0,1.9593217514441168
2024-08-15 00:00:00+00:00,1009884.4298903594,7.936507936509849e-05,0.0,80.14319735658752,0.0,1.9759363254804256
2024-08-16 00:00:00+00:00,1009964.5794482873,7.936507936512879e-05,0.0,80.1495579278063,0.0,1.9818452737733039
2024-08-19 00:00:00+00:00,1010044.7353672911,7.9365079365129e-05,0.0,80.15591900383232,0.0,1.977085533133501
2024-08-20 00:00:00+00:00,1010124.8976478758,7.936507936505943e-05,0.0,80.16228058470564,0.0,1.9841268243531078
2024-08-21 00:00:00+00:00,1010205.0662905463,7.936507936511094e-05,0.0,80.16864267046634,0.0,1.9909120756064507
2024-08-22 00:00:00+00:00,1010285.2412958075,7.93650793651286e-05,0.0,80.17500526115447,0.0,1.9893148912819933
2024-08-23 00:00:00+00:00,1010365.4226641643,7.936507936507274e-05,0.0,80.18136835681013,0.0,1.9929616666365355
2024-08-26 00:00:00+00:00,1010445.6103961219,7.936507936513417e-05,0.0,80.18773195747336,0.0,1.9858692703193164
2024-08-27 00:00:00+00:00,1010525.804492185,7.936507936504277e-05,0.0,80.19409606318428,0.0,1.9803520907504009
2024-08-28 00:00:00+00:00,1010606.004952859,7.936507936510452e-05,0.0,80.20046067398293,0.0,1.9824961275846782
2024-08-29 00:00:00+00:00,1010686.2117786489,7.936507936504932e-05,0.0,80.20682578990944,0.0,1.9833985958521763
2024-08-30 00:00:00+00:00,1010766.4249700599,7.93650793650679e-05,0.0,80.21319141100388,0.0,1.9866343064853558
2024-09-03 00:00:00+00:00,1010846.6445275972,7.936507936512059e-05,0.0,80.21955753730634,0.0,1.9787789283442545
2024-09-04 00:00:00+00:00,1010926.8704517661,7.936507936505254e-05,0.0,80.22592416885692,0.0,1.9676546906192591
2024-09-05 00:00:00+00:00,1011007.1027430717,7.936507936505443e-05,0.0,80.23229130569572,0.0,1.9646679392152255
2024-09-06 00:00:00+00:00,1011087.3414020196,7.936507936508659e-05,0.0,80.23865894786283,0.0,1.9504365655506062
2024-09-09 00:00:00+00:00,1011167.586429115,7.936507936510932e-05,0.0,80.24502709539838,0.0,1.9482069248862786
2024-09-10 00:00:00+00:00,1011247.8378248634,7.936507936508297e-05,0.0,80.25139574834246,0.0,1.956101028063006
2024-09-11 00:00:00+00:00,1011328.0955897701,7.936507936508302e-05,0.0,80.25776490673519,0.0,1.963922965141732
2024-09-12 00:00:00+00:00,1011408.3597243407,7.936507936506978e-05,0.0,80.26413457061668,0.0,1.9629923219773264
2024-09-13 00:00:00+00:00,1011488.6302290808,7.93650793651187e-05,0.0,80.27050474002704,0.0,1.9734534446423506
2024-09-16 00:00:00+00:00,1011568.9071044958,7.9365079365075e-05,0.0,80.27687541500642,0.0,1.9755772166176273
2024-09-17 00:00:00+00:00,1011649.1903510914,7.936507936512921e-05,0.0,80.2832465955949,0.0,1.977853208445719
2024-09-18 00:00:00+00:00,1011729.4799693733,7.936507936512655e-05,0.0,80.28961828183266,0.0,1.9780083601605338
2024-09-19 00:00:00+00:00,1011809.775959847,7.936507936502739e-05,0.0,80.29599047375979,0.0,1.9759603421318346
2024-09-20 00:00:00+00:00,1011890.0783230184,7.93650793650222e-05,0.0,80.30236317141643,0.0,1.9858035858142769
2024-09-23 00:00:00+00:00,1011970.3870593932,7.936507936507129e-05,0.0,80.30873637484272,0.0,1.9837452607954207
2024-09-24 00:00:00+00:00,1012050.7021694774,7.936507936513496e-05,0.0,80.31511008407882,0.0,1.987545594871341
2024-09-25 00:00:00+00:00,1012131.0236537765,7.936507936505852e-05,0.0,80.32148429916487,0.0,1.9763999307480824
2024-09-26 00:00:00+00:00,1012211.3515127966,7.936507936503239e-05,0.0,80.32785902014099,0.0,1.973599993663071
2024-09-27 00:00:00+00:00,1012291.6857470437,7.936507936513191e-05,0.0,80.33423424704735,0.0,1.981359571117367
2024-09-30 00:00:00+00:00,1012372.0263570236,7.936507936508736e-05,0.0,80.3406099799241,0.0,1.9851590441274198
2024-10-01 00:00:00+00:00,1012452.3733432424,7.936507936508911e-05,0.0,80.3469862188114,0.0,1.989982322618152
2024-10-02 00:00:00+00:00,1012532.7267062062,7.936507936509746e-05,0.0,80.3533629637494,0.0,1.9861706240372259
2024-10-03 00:00:00+00:00,1012613.086446421,7.936507936507276e-05,0.0,80.35974021477827,0.0,1.9854161178795362
2024-10-04 00:00:00+00:00,1012693.4525643929,7.936507936509033e-05,0.0,80.36611797193818,0.0,1.9698883257763962
2024-10-07 00:00:00+00:00,1012773.8250606282,7.936507936511048e-05,0.0,80.37249623526928,0.0,1.9688599066672534
2024-10-08 00:00:00+00:00,1012854.2039356331,7.936507936509353e-05,0.0,80.37887500481176,0.0,1.971359150848086
2024-10-09 00:00:00+00:00,1012934.5891899137,7.936507936511479e-05,0.0,80.38525428060579,0.0,1.9761521102777913
2024-10-10 00:00:00+00:00,1013014.9808239765,7.936507936513456e-05,0.0,80.39163406269157,0.0,1.9778853922171251
2024-10-11 00:00:00+00:00,1013095.3788383276,7.936507936511318e-05,0.0,80.39801435110924,0.0,1.9829506412620903
2024-10-14 00:00:00+00:00,1013175.7832334735,7.936507936512592e-05,0.0,80.40439514589902,0.0,1.978302049302291
2024-10-15 00:00:00+00:00,1013256.1940099207,7.93650793651331e-05,0.0,80.41077644710107,0.0,1.9737293538861507
2024-10-16 00:00:00+00:00,1013336.6111681755,7.936507936509505e-05,0.0,80.4171582547556,0.0,1.9781401560305674
2024-10-17 00:00:00+00:00,1013417.0347087444,7.936507936508698e-05,0.0,80.42354056890281,0.0,1.99554474516215
2024-10-18 00:00:00+00:00,1013497.464632134,7.936507936506927e-05,0.0,80.42992338958288,0.0,1.9945141871266165
2024-10-21 00:00:00+00:00,1013577.9009388508,7.936507936511707e-05,0.0,80.43630671683603,0.0,1.9960299606970602
2024-10-22 00:00:00+00:00,1013658.3436294015,7.936507936507587e-05,0.0,80.44269055070245,0.0,1.9920274512855602
2024-10-23 00:00:00+00:00,1013738.7927042928,7.93650793651357e-05,0.0,80.44907489122234,0.0,1.9928690625082686
2024-10-24 00:00:00+00:00,1013819.2481640312,7.936507936502721e-05,0.0,80.45545973843593,0.0,1.9958908671558206
2024-10-25 00:00:00+00:00,1013899.7100091235,7.936507936505527e-05,0.0,80.46184509238343,0.0,1.9997009872913591
2024-10-28 00:00:00+00:00,1012082.3188122449,-0.0017924762961637234,0.2328364738371843,61.7322918020679,0.0,1.9986793711348287
2024-10-29 00:00:00+00:00,1012601.0595139712,0.0005125479341789806,0.2332545771376753,61.588054405490226,0.24430257838123337,1.995284603712307
2024-10-30 00:00:00+00:00,1012478.6577514316,-0.00012087856455373229,0.2331350842318676,61.62922430245263,0.22741590159527414,1.9965236958603159
2024-10-31 00:00:00+00:00,1012241.212790501,-0.0002345184850196728,0.23316326867309148,61.619509876854245,0.20340938326237867,1.9985633253920851
2024-11-01 00:00:00+00:00,1006835.8388429057,-0.00534000580029137,0.23321796259635894,61.60066503868515,-0.10662238262742019,2.0361492002705925
2024-11-04 00:00:00+00:00,1004580.2297569468,-0.0022402947918015604,0.0,79.90760625737347,0.07526683221757291,2.0228912925954923
2024-11-05 00:00:00+00:00,1004599.7240428262,1.9405404667520072e-05,0.1,71.75573069692477,0.0,2.0179569180119357
2024-11-06 00:00:00+00:00,1003641.92170197,-0.0009534168862815057,0.09999805949718948,71.75727786247076,0.10302302517145767,2.0349815480890663
2024-11-07 00:00:00+00:00,1004211.148535149,0.0005671612762186333,0.10009349032106846,71.68126180367265,0.13345914980404816,2.027063976409163
2024-11-08 00:00:00+00:00,1004103.7397714779,-0.0001069583461883046,0.10003675334837062,71.72643853646464,0.12160554256830902,2.0298988351306404
2024-11-11 00:00:00+00:00,1004198.5966281628,9.446917975476045e-05,0.10004745425861847,71.71791403141135,0.11591893907700235,2.0294198432110373
2024-11-12 00:00:00+00:00,1004588.8396320794,0.0003886113814806272,0.10003800375045986,71.72544235337048,0.13261718889417717,2.024270713343037
2024-11-13 00:00:00+00:00,1003756.0748563468,-0.0008289608075255186,0.09999914294537299,71.75641402034799,0.10014655290697194,2.0389872610437076
2024-11-14 00:00:00+00:00,1002317.2704943129,-0.001433420327981452,0.1000821070896849,71.69032157782954,0.012632064732761683,2.062745949458388
2024-11-15 00:00:00+00:00,1002092.6117031625,-0.00022413939953316446,0.10022577274973202,71.57613075544589,-0.01217421115129369,2.06742861193791
2024-11-18 00:00:00+00:00,1002737.7970008645,0.0006438379947791579,0.10024824233057225,71.55830069265618,0.022525951839620806,2.0584040400734316
2024-11-19 00:00:00+00:00,1002822.5993178107,8.457077932022665e-05,0.10018374023215171,71.60950587501347,0.008509220817875418,2.058231316290422
2024-11-20 00:00:00+00:00,1002665.1814025588,-0.00015697483818075846,0.10017526833164028,71.61623621762826,0.012811915255968587,2.0617904886344744
2024-11-21 00:00:00+00:00,1003240.3263179994,0.0005736161244135905,0.10019099579699269,71.60374273229081,0.05454519517853762,2.053912136222657
2024-11-22 00:00:00+00:00,1002948.9686098793,-0.00029041666336265695,0.10013355757377347,71.64938915415117,0.03703638863004888,2.059579002858555
2024-11-25 00:00:00+00:00,1003431.6633483553,0.0004812754722158023,0.10016264647535641,71.62626552652259,0.03859349544869317,2.05310477472831
2024-11-26 00:00:00+00:00,1001726.4487174815,-0.0016993829207897786,0.10011446383949643,71.66457463275086,-0.07006918503857262,2.0811348404043826
2024-11-27 00:00:00+00:00,1001855.0523839779,0.00012838202152006215,0.10028488626242414,71.52924013823704,-0.07001728562328724,2.0802940777968435
2024-11-29 00:00:00+00:00,1002172.6730469242,0.000317032550956803,0.10027201313867551,71.53944677843518,-0.05543445418084758,2.0764165722740673
2024-12-02 00:00:00+00:00,1002037.6252011958,-0.00013475506702628168,0.10024023372167022,71.5646547675579,-0.06677685612833284,2.0796593153119747
2024-12-03 00:00:00+00:00,1002242.2031294667,0.0002041619227919064,0.10025374342158463,71.55393668456358,-0.06434518593439753,2.0776497239687854
2024-12-04 00:00:00+00:00,1002559.4092028893,0.0003164964241498731,0.10023327960249326,71.57017302807715,-0.08240025899032255,2.0743094196747798
2024-12-05 00:00:00+00:00,1002373.2531951586,-0.00018568077464731932,0.10020156616510778,71.59534811326942,-0.0919187429614895,2.078347503765956
2024-12-06 00:00:00+00:00,1003611.1289813241,0.0012349449491192482,0.10022017512486026,71.58057382694157,-0.04596493608784913,2.059806795784372
2024-12-09 00:00:00+00:00,1002772.7186574315,-0.0008353936098173791,0.1000965613819574,71.67881793695472,-0.09666444203983993,2.074640639337104
2024-12-10 00:00:00+00:00,1002817.1459736623,4.430447239350863e-05,0.10018025132374316,71.61227743505847,-0.10059532820282402,2.0751397874888458
2024-12-11 00:00:00+00:00,1002911.9105812153,9.44983917890749e-05,0.10017581308719774,71.61580341253712,-0.10688728733802388,2.074948607336936
2024-12-12 00:00:00+00:00,1003670.2293748225,0.0007561170483733815,0.10016634752844492,71.62332441313656,-0.07134156857665308,2.063750214082419
2024-12-13 00:00:00+00:00,1003650.532186331,-1.962515965401962e-05,0.1000906672685401,71.68350844437522,-0.08836937572858394,2.0655034240987677
2024-12-16 00:00:00+00:00,1004612.2535894177,0.000958223377804305,0.1000926316024155,71.68194517544732,-0.06751999789519447,2.051150482996445
2024-12-17 00:00:00+00:00,1005086.534053719,0.00047210300551956894,0.09999681231914538,71.7582722709304,-0.05370247652655913,2.0444223465450975
2024-12-18 00:00:00+00:00,1006125.827474914,0.0010340337731949533,0.09994962580040445,71.79591357762098,-0.01869876808857085,2.027870376298768
2024-12-19 00:00:00+00:00,1005364.4634543309,-0.0007567284327586617,0.0,79.8512561488027,0.018274308953230123,2.0110250286312796
2024-12-20 00:00:00+00:00,1005444.2542847638,7.936507936509888e-05,0.0,79.79083043288341,0.0,2.019820575800007
2024-12-23 00:00:00+00:00,1005524.0514478023,7.936507936512037e-05,0.0,79.79716303847331,0.0,2.018963519999759
2024-12-24 00:00:00+00:00,1005603.854943949,7.93650793651192e-05,0.0,79.80349614665099,0.0,2.0241183364398103
2024-12-26 00:00:00+00:00,1005683.6647737065,7.936507936505568e-05,0.0,79.80982975745627,0.0,2.0244626840721294
2024-12-27 00:00:00+00:00,1005763.4809375774,7.936507936512169e-05,0.0,79.81616387092909,0.0,2.026909680194595
2024-12-30 00:00:00+00:00,1005843.3034360645,7.936507936504603e-05,0.0,79.82249848710931,0.0,2.022243893125652
2024-12-31 00:00:00+00:00,1005923.1322696706,7.936507936513629e-05,0.0,79.82883360603687,0.0,2.0251391580588445
2025-01-02 00:00:00+00:00,1006002.9674388984,7.93650793651213e-05,0.0,79.83516922775163,0.0,2.037968857877609
2025-01-03 00:00:00+00:00,1006082.8089442507,7.936507936507713e-05,0.0,79.84150535229352,0.0,2.04326622529191
2025-01-06 00:00:00+00:00,1006162.6567862304,7.936507936507987e-05,0.0,79.84784197970244,0.0,2.0392985114061037
2025-01-07 00:00:00+00:00,1006242.5109653404,7.93650793650898e-05,0.0,79.85417911001828,0.0,2.0497684373934426
2025-01-08 00:00:00+00:00,1006322.3714820837,7.936507936506728e-05,0.0,79.86051674328098,0.0,2.064122194537054
2025-01-10 00:00:00+00:00,1006402.2383369632,7.936507936508832e-05,0.0,79.86685487953045,0.0,2.0852327215034743
2025-01-13 00:00:00+00:00,1005976.7936902522,-0.0004227381761531301,0.25000000000000006,59.90489513910496,0.0,2.085962622910316
2025-01-14 00:00:00+00:00,1005400.7370239815,-0.000572634150095599,0.2501057292398243,59.87112969095328,0.34497110720880286,2.090187695655804
2025-01-15 00:00:00+00:00,1005614.8335369889,0.00021294644525639677,0.2502490303806486,59.82541090791592,0.40279588781653053,2.0895951754202895
2025-01-16 00:00:00+00:00,1004450.2015157872,-0.0011581293178676412,0.2501957520846239,59.84240269466255,0.3338529138861914,2.097338287971777
2025-01-17 00:00:00+00:00,1003324.0190816945,-0.0011211928997506648,0.25048584708784727,59.74997158186875,0.3038179761078017,2.105007630569042
2025-01-21 00:00:00+00:00,1005850.4023103869,0.0025180133044204883,0.2507670052736518,59.66059202360744,0.4023522328978546,2.089199597346583
2025-01-22 00:00:00+00:00,1005938.9577698924,8.804038781723584e-05,0.2501371565854398,59.86109862905921,0.3511740047619769,2.088585308321234
2025-01-23 00:00:00+00:00,1006868.209690151,0.0009237657146898091,0.2501151363518364,59.86812684013108,0.41021386530893245,2.0830773164105216
2025-01-24 00:00:00+00:00,1005932.3301541798,-0.0009294955655211447,0.24988430180119325,59.94187699253256,0.31945117325346595,2.089218660544171
2025-01-27 00:00:00+00:00,1005979.5395612409,4.693099689307111e-05,0.25011678424300954,59.86760083888405,0.3604978601042559,2.089600904071121
2025-01-28 00:00:00+00:00,1004843.2963323563,-0.001129489402319475,0.2501050465638463,59.87134761722223,0.24472313954832114,2.0969790315760473
2025-01-29 00:00:00+00:00,1005921.999924937,0.0010735042931748406,0.25038785699479144,59.78116958318376,0.31062753668688226,2.090451228476113
2025-01-30 00:00:00+00:00,1006358.7271478331,0.00043415615020712706,0.25011935279575903,59.86678097942034,0.35290743393802915,2.0881694354210687
2025-01-31 00:00:00+00:00,1010825.725343392,0.004438773247606273,0.25001080906538503,59.901441870126376,0.5008315136753794,2.0582401143144673
2025-02-03 00:00:00+00:00,1010881.2590154691,5.493891843547021e-05,0.24890597189616293,60.25596553644057,0.5104886533250759,2.05839359124051
2025-02-04 00:00:00+00:00,1009983.3615008704,-0.0008882324274892278,0.24889229802250265,60.2603729707324,0.5320497814609308,2.0656829381023343
2025-02-05 00:00:00+00:00,1010017.9455452338,3.424219218023214e-05,0.2491135687724139,60.189111263224575,0.5329985847317098,2.0658768038267277
2025-02-06 00:00:00+00:00,1009941.063370056,-7.611961303944795e-05,0.24910503886979984,60.19185602865023,0.48895175448502837,2.0663257816320244
2025-02-07 00:00:00+00:00,1009811.4943570782,-0.00012829363779447506,0.24912400209243796,60.18575426871549,0.4924444299774373,2.0677361470686746
2025-02-10 00:00:00+00:00,1008456.4793786312,-0.0013418494303332345,0.24915596721785052,60.17547101371726,0.4762593797754682,2.077635720011432
2025-02-11 00:00:00+00:00,1007681.4802391429,-0.0007685003322759626,0.24949074623355744,60.06793014241194,0.4573327761668782,2.0832660448408387
2025-02-12 00:00:00+00:00,1006077.0486968553,-0.0015922010811460156,0.24968262741568995,60.00642227419858,0.2550210306725449,2.09313092072094
2025-02-13 00:00:00+00:00,1005915.0103098858,-0.00016105961981675444,0.2500808063459278,59.87908643750909,0.26211399516585,2.094667652728364
2025-02-14 00:00:00+00:00,1006745.9557889556,0.0008260593296184495,0.25012109075371275,59.86622624806706,0.3039397937163695,2.0896682039482264
2025-02-18 00:00:00+00:00,1007520.9850694623,0.0007698360008800895,0.24991464642842223,59.93217430196149,0.39040488143939456,2.085399617134119
2025-02-19 00:00:00+00:00,1006854.3923908754,-0.0006616166694939807,0.24972240113380323,59.99368456231916,0.3606850975072944,2.0901424282515535
2025-02-20 00:00:00+00:00,1007183.8535106048,0.0003272182375319488,0.2498877310221495,59.94078038147894,0.4214869614733816,2.0888099176523602
2025-02-21 00:00:00+00:00,1007556.4860224823,0.00036997466805948086,0.24980598994639433,59.96692808939396,0.3975516526869436,2.086448914018469
2025-02-24 00:00:00+00:00,1007167.3349162766,-0.0003862325453750978,0.2497136022392959,59.99650209827313,0.39337979232411957,2.089490348009438
2025-02-25 00:00:00+00:00,1007435.3818109265,0.0002661393845464028,0.24981008702506796,59.965617089844116,0.36261069366279086,2.087811986045406
2025-02-26 00:00:00+00:00,1009528.4821318991,0.002077652183716382,0.24974362041163722,59.986890652911555,0.4555345118254921,2.0744703928771915
2025-02-27 00:00:00+00:00,1006299.8007580055,-0.003198207312660835,0.0,80.12130810570628,0.3793426673446607,2.087261571517902
2025-02-28 00:00:00+00:00,1006379.6658215577,7.936507936513538e-05,0.0,79.86506355222265,0.0,2.094257396478265
2025-03-03 00:00:00+00:00,1006459.5372236071,7.936507936507019e-05,0.0,79.87140204932999,0.0,2.078155110037544
2025-03-04 00:00:00+00:00,1006539.4149646566,7.936507936509613e-05,0.0,79.87774104949263,0.0,2.0736619707811235
2025-03-05 00:00:00+00:00,1006619.2990452093,7.936507936505783e-05,0.0,79.88408055275052,0.0,2.0765352861712514
2025-03-06 00:00:00+00:00,1006699.1894657684,7.936507936503131e-05,0.0,79.89042055914359,0.0,2.0780828931432778
2025-03-07 00:00:00+00:00,1006779.0862268371,7.936507936509252e-05,0.0,79.89676106871178,0.0,2.0912371307158533
2025-03-10 00:00:00+00:00,1006858.9893289186,7.936507936508617e-05,0.0,79.903102081495,0.0,2.086536554953485
2025-03-11 00:00:00+00:00,1006938.8987725162,7.93650793650882e-05,0.0,79.90944359753323,0.0,2.0781804333250387
2025-03-12 00:00:00+00:00,1007018.814558133,7.936507936505897e-05,0.0,79.91578561686636,0.0,2.067427268180174
2025-03-13 00:00:00+00:00,1007098.7366862725,7.93650793650744e-05,0.0,79.92212813953437,0.0,2.0779472104886962
2025-03-14 00:00:00+00:00,1007178.6651574381,7.936507936509486e-05,0.0,79.92847116557719,0.0,2.076614497972024
2025-03-17 00:00:00+00:00,1007258.5999721332,7.936507936508063e-05,0.0,79.93481469503477,0.0,2.0812990062780843
2025-03-18 00:00:00+00:00,1007338.5411308612,7.936507936510765e-05,0.0,79.94115872794708,0.0,2.093003402093037
2025-03-19 00:00:00+00:00,1007418.4886341256,7.936507936513624e-05,0.0,79.94750326435405,0.0,2.104438489180413
2025-03-20 00:00:00+00:00,1006373.3505659848,-0.0010374418178067512,0.19408079981449738,64.43634147715098,0.0,2.1070320890065872
2025-03-21 00:00:00+00:00,1006234.0806987422,-0.0001383878728151314,0.1942823564555464,64.35339401142552,0.19499730090753342,2.108692521727638
2025-03-24 00:00:00+00:00,1006287.9402623979,5.3525879006488074e-05,0.19430924649883768,64.34234084735866,0.2006256911497819,2.108818909608253
2025-03-25 00:00:00+00:00,1006675.317114133,0.00038495626970761393,0.1942988464822898,64.34661541590275,0.23745220919369525,2.1062667082116304
2025-03-26 00:00:00+00:00,1005866.7334007387,-0.0008032219521507179,0.19422407870546393,64.3773596104849,0.21673485508904866,2.1136865679881534
2025-03-27 00:00:00+00:00,1006662.4880074089,0.0007911133555236136,0.1943802091565221,64.31318629989805,0.25461340897638496,2.107647316731143
2025-03-28 00:00:00+00:00,1007471.3790879563,0.0008035375214472118,0.19422655393570623,64.37634142741156,0.2860135135681712,2.101392620180466
2025-03-31 00:00:00+00:00,1006882.7203357591,-0.0005842932756363441,0.1940706109180234,64.44053913221691,0.2750168119531091,2.1070320373588056
2025-04-01 00:00:00+00:00,1006485.8074352413,-0.00039419973399231135,0.19418407136515775,64.39382018362984,0.2568996004782915,2.1108761149100266
2025-04-02 00:00:00+00:00,1008237.7970115783,0.0017406997330658034,0.19426064886126404,64.36231915977922,0.2802310617017658,2.096203427602483
2025-04-03 00:00:00+00:00,1011052.6788171101,0.0027918828414042005,0.19392308699549568,64.50136595155199,0.35311385427526654,2.071573765915324
2025-04-04 00:00:00+00:00,1015186.2184999768,0.004088352436494928,0.1933831838028205,64.72476926945134,0.3884299291789408,2.0310471673258603
2025-04-07 00:00:00+00:00,1016120.2184179222,0.0009200281691426254,0.19259578435857944,65.05282797444075,0.41016735414754746,2.0221229170911523
2025-04-08 00:00:00+00:00,1018337.7511480269,0.002182352727472939,0.19241875368491798,65.12695495205547,0.46309682061239266,1.9992336762717775
2025-04-09 00:00:00+00:00,1013667.4969844031,-0.004586154405410934,0.1919997425231485,65.30294961317489,0.3422708912520904,2.048088793076116
2025-04-10 00:00:00+00:00,1018542.3547022989,0.004809128962305843,0.1928843398882618,64.9322945208238,0.45058794858539797,1.9980286513267114
2025-04-11 00:00:00+00:00,1020076.9288246876,0.0015066375151745737,0.19196117384747372,65.31918799049807,0.5902274744883856,1.9849954998686696
2025-04-14 00:00:00+00:00,1020667.0797926284,0.0005785357469272095,0.19167239302951217,65.44097958751304,0.6143050924302922,1.9795470245141482
2025-04-15 00:00:00+00:00,1021005.3323985849,0.0003314034641199921,0.1915615678147939,65.48781696592104,0.6231136769987049,1.9765598721353435
2025-04-16 00:00:00+00:00,1021137.3339487979,0.0001292858577955367,0.19149810467953068,65.51466241083823,0.650997599644475,1.9767867871106635
2025-04-17 00:00:00+00:00,1021201.5033709534,6.284112824210634e-05,0.19147334988324605,65.5251387243472,0.7119538160106397,1.9791546973700984
2025-04-21 00:00:00+00:00,1023328.399730226,0.0020827391579936318,0.19146131823799323,65.53023153562938,0.7770161299002261,1.9565412063868952
2025-04-22 00:00:00+00:00,1022513.9288432652,-0.0007959037266781344,0.19106338304845946,65.69903283398435,0.8139887667782716,1.9691381545904045
2025-04-23 00:00:00+00:00,1022612.1709773345,9.607901789706019e-05,0.19121557223500021,65.63439228740016,0.7786163170669748,1.9671641157149615
2025-04-24 00:00:00+00:00,1021780.3999713653,-0.0008133787466798896,0.19119720219558858,65.64218928216756,0.7575049378696135,1.9771645998391882
2025-04-25 00:00:00+00:00,1022085.2106360822,0.0002983132821156261,0.19135284453244802,65.57617571026525,0.7662415204761645,1.9746382299476934
2025-04-28 00:00:00+00:00,1021183.9179700465,-0.0008818175399238933,0.19129577846092047,65.60036703286183,0.7204944435260414,1.9843312799410064
2025-04-29 00:00:00+00:00,1021652.583434288,0.00045894324812043334,0.19146461531698178,65.52883586889074,0.7355774502959197,1.9801298688421083
2025-04-30 00:00:00+00:00,1022046.978232056,0.0003860361185034339,0.19137678423401058,65.56603154065594,0.6869740586350875,1.9742209878614019
2025-05-01 00:00:00+00:00,1022654.0946806074,0.0005940201003300364,0.19130293439175966,65.59733271508198,0.7413957739303462,1.9698254263887227
2025-05-02 00:00:00+00:00,1020752.9696144188,-0.0018590108581948072,0.19118936406653483,65.6455165602051,0.6347605757873592,1.9892845648135333
2025-05-05 00:00:00+00:00,1021209.5978610172,0.0004473445193805304,0.19154544913631705,65.49463361844408,0.6003321589767001,1.9834387482083797
2025-05-06 00:00:00+00:00,1022109.2074201234,0.0008809254838482318,0.19145980064381735,65.53087395547571,0.6831238101602709,1.9764637978278352
2025-05-07 00:00:00+00:00,1021986.7736149931,-0.00011978544390509638,0.19129128727401953,65.60227153953176,0.6560079515119571,1.9776861562068113
2025-05-08 00:00:00+00:00,1022135.5844878269,0.0001456093920936468,0.19131420393086274,65.59255457087062,0.6940305739294651,1.978138483270488
2025-05-09 00:00:00+00:00,1022057.0471455059,-7.683652101826084e-05,0.19128635084160087,65.60436495760347,0.7144399986051616,1.9806591125782331
2025-05-12 00:00:00+00:00,1021034.5732767807,-0.0010004078261393505,0.19130104974873072,65.59813183519704,0.6900064068554292,1.9925273837559274
2025-05-13 00:00:00+00:00,1020690.46097933,-0.00033702315911429616,0.1914926204648917,65.51698311545694,0.6764535063814925,1.9967584882232292
2025-05-14 00:00:00+00:00,1020683.8936835077,-6.434169881448429e-06,0.19155717967073538,65.48967261565927,0.6447933229202707,1.9964722660885936
2025-05-15 00:00:00+00:00,1020427.8547603,-0.0002508503610100687,0.1915584121901016,65.48915140170512,0.6401630316565032,1.9999930644606088
2025-05-16 00:00:00+00:00,1020291.019136326,-0.0001340963237485549,0.19160647674396472,65.4688308522442,0.6097629471342527,2.001286261684258
2025-05-19 00:00:00+00:00,1021927.3032264218,0.00160374251993406,0.19163217391399853,65.45797088208752,0.6706850190040838,1.9851527737521648
2025-05-20 00:00:00+00:00,1021554.1991456663,-0.00036509845619892413,0.19132533733537305,65.5878346987618,0.6253919257105867,1.9886889293165977
2025-05-21 00:00:00+00:00,1022146.6020799688,0.0005799035771160165,0.19139521543305152,65.5582232637812,0.615913222387066,1.982093208313099
2025-05-22 00:00:00+00:00,1022058.5079659517,-8.618540025259373e-05,0.19128428898962035,65.60523936967822,0.5936656973800234,1.9831434217891855
2025-05-23 00:00:00+00:00,1021359.3497052207,-0.0006840687253046358,0.19130077632359643,65.59824777332766,0.5605114732102433,1.9910924078723546
2025-05-27 00:00:00+00:00,1020770.0008042486,-0.0005770240426566276,0.1914317287822874,65.54275902247599,0.534785752935619,1.9979118280759698
2025-05-28 00:00:00+00:00,1021014.8852245881,0.00023990166261404937,0.19154225326760743,65.49598530017661,0.5312354910997299,1.995720003866229
2025-05-29 00:00:00+00:00,1020429.984954342,-0.0005728616484542513,0.19149631298373818,65.51542057163213,0.4940469775490184,2.0021354119908015
2025-05-30 00:00:00+00:00,1020712.6642188672,0.0002770197550965073,0.19160607675672287,65.4689999152634,0.49177680084006925,1.9995701526151324
2025-06-02 00:00:00+00:00,1020555.1951429874,-0.00015427365741590832,0.19155301278803233,65.4914347775273,0.5005434273350327,2.002371866332408
2025-06-03 00:00:00+00:00,1020100.2204988435,-0.0004458109138136364,0.19158256893163855,65.47893723182256,0.4925729230284308,2.008057396867979
2025-06-04 00:00:00+00:00,1020612.4377303629,0.000502124419960347,0.19166801662527913,65.44282813308097,0.48446232158667113,2.0027569524128706
2025-06-05 00:00:00+00:00,1020689.5420558782,7.554711530539353e-05,0.19157182373440573,65.48348029431267,0.47575571826207474,2.0023812360781634
2025-06-06 00:00:00+00:00,1019961.8065234241,-0.0007129842155414759,0.19155735212903685,65.48959968522658,0.48158019280838316,2.0115080366653504
2025-06-09 00:00:00+00:00,1018537.6114431032,-0.0013963219712857212,0.0,80.94934972408127,0.5061538816932727,2.010820868114976
2025-06-10 00:00:00+00:00,1018618.4477614717,7.93650793651359e-05,0.0,80.83631836850026,0.0,2.0151930836987066
2025-06-11 00:00:00+00:00,1018699.290495421,7.936507936506294e-05,0.0,80.84273394932315,0.0,2.014664287919745
2025-06-12 00:00:00+00:00,1018780.1396454604,7.93650793651313e-05,0.0,80.84915003931913,0.0,2.0154693955162326
2025-06-13 00:00:00+00:00,1018860.9952120989,7.936507936507274e-05,0.0,80.8555666385286,0.0,2.0056977393066466
2025-06-16 00:00:00+00:00,1018941.8571958459,7.936507936507614e-05,0.0,80.86198374699198,0.0,2.0056975678166507
2025-06-17 00:00:00+00:00,1019022.7255972107,7.936507936510185e-05,0.0,80.86840136474967,0.0,2.015900820478987
2025-06-18 00:00:00+00:00,1019103.6004167026,7.936507936511016e-05,0.0,80.87481949184212,0.0,2.0148920443450185
2025-06-20 00:00:00+00:00,1019184.4816548309,7.936507936506142e-05,0.0,80.88123812830973,0.0,2.015387217531468
2025-06-23 00:00:00+00:00,1019265.369312105,7.936507936503022e-05,0.0,80.88765727419293,0.0,2.010411010818428
2025-06-24 00:00:00+00:00,1019346.2633890345,7.93650793650911e-05,0.0,80.89407692953215,0.0,2.0116778115494456
2025-06-25 00:00:00+00:00,1019427.1638861289,7.936507936509014e-05,0.0,80.90049709436782,0.0,2.0089286893145246
2025-06-26 00:00:00+00:00,1019508.0708038977,7.936507936510192e-05,0.0,80.90691776874039,0.0,2.007487126032152
2025-06-27 00:00:00+00:00,1019588.9841428504,7.936507936508674e-05,0.0,80.9133389526903,0.0,2.006009770131943
2025-06-30 00:00:00+00:00,1019669.9039034967,7.936507936511914e-05,0.0,80.91976064625797,0.0,2.0097873464494707
2025-07-01 00:00:00+00:00,1019750.8300863461,7.936507936504528e-05,0.0,80.92618284948387,0.0,2.0193761103925194
2025-07-02 00:00:00+00:00,1019831.7626919085,7.936507936505382e-05,0.0,80.93260556240843,0.0,2.0244775957001293
2025-07-03 00:00:00+00:00,1019159.0298241186,-0.0006596508290879279,0.23811896826121617,61.66591075870586,0.0,2.0216562292422218
2025-07-07 00:00:00+00:00,1019024.387220922,-0.00013211147549739016,0.23827614731934724,61.61251926126222,0.272203599759115,2.0227129764786604
2025-07-08 00:00:00+00:00,1016153.3625701607,-0.0028174248690860434,0.23830763049203382,61.601833340373595,0.21058358746004702,2.042703832079834
2025-07-09 00:00:00+00:00,1016382.0150122864,0.00022501765043358068,0.23898094133940107,61.373974241106815,0.21555884849992202,2.0415927868032737
2025-07-10 00:00:00+00:00,1016015.1057423574,-0.00036099543725643047,0.23892717850706868,61.392121260323144,0.2240652412285098,2.0445108431285215
2025-07-11 00:00:00+00:00,1015121.4875058627,-0.0008795324315988282,0.23901346127603218,61.36300147699546,0.1854213476297648,2.050722945995338
2025-07-14 00:00:00+00:00,1017767.5336370601,0.0026066300080975096,0.2392238664249654,61.292079394733975,0.2818558868657872,2.0337145661429323
2025-07-15 00:00:00+00:00,1017782.2636004956,1.447281716967341e-05,0.23860191950160287,61.502083055940105,0.2508334269013852,2.033862214492726
2025-07-16 00:00:00+00:00,1018268.0488237098,0.00047729778812973217,0.238598466309623,61.503252100657214,0.2577909012484727,2.030958557950748
2025-07-17 00:00:00+00:00,1016154.2925978602,-0.002075834774833014,0.23848463811934573,61.54180648345199,0.1347693219401367,2.0453587794134145
2025-07-18 00:00:00+00:00,1014105.6994493625,-0.0020160256797817537,0.2389807226138623,61.37404805282901,-0.0739867740455753,2.0594976316269613
2025-07-21 00:00:00+00:00,1015232.9025556125,0.001111524278842017,0.23946348715333352,61.21146129501172,-0.011368227663221875,2.0523361397569024
2025-07-22 00:00:00+00:00,1014465.7937521527,-0.0007555988399595546,0.23919761319882196,61.30092185899983,-0.033745720562931014,2.0578094403444847
2025-07-23 00:00:00+00:00,1013407.1475984356,-0.001043550369304724,0.23937848730614175,61.240040207931585,-0.06084017500628436,2.065092797514519
2025-07-24 00:00:00+00:00,1011317.8027355996,-0.002061703302357179,0.2396285517698371,61.1560206719223,-0.1441881771144391,2.0789235858059287
2025-07-25 00:00:00+00:00,1012064.7536453814,0.000738591674903142,0.24012361542072397,60.990199651062284,-0.12273118580647968,2.0745760815766787
2025-07-28 00:00:00+00:00,1011610.7454532249,-0.00044859599202645326,0.23994639301242196,61.049481469298954,-0.11905796539818225,2.077731366599887
2025-07-29 00:00:00+00:00,1012368.364636682,0.0007489236219190975,0.24005408031071893,61.01344907309604,-0.05040771783570808,2.073121923171303
2025-07-30 00:00:00+00:00,1014732.087257413,0.0023348444136530064,0.2398744326817891,61.07357757971963,0.019457751908111165,2.0583376533594455
2025-07-31 00:00:00+00:00,1016450.3138627869,0.0016932810413218243,0.23931566783165273,61.26117461311098,0.11472970344452893,2.0474401926188635
2025-08-01 00:00:00+00:00,1015180.6995700732,-0.0012490667525978899,0.23891112415456092,61.397541804013656,0.0025585414399722506,2.0562512366317076
2025-08-04 00:00:00+00:00,1013734.0348066459,-0.0014250317840359677,0.23920991330416097,61.296778764909405,-0.13198484188907678,2.066482355562554
2025-08-05 00:00:00+00:00,1011650.5258570564,-0.002055281640008233,0.23955128149419677,61.18196410114533,-0.24607200511833427,2.080682082980745
2025-08-06 00:00:00+00:00,1011510.6629577063,-0.00013825218865144058,0.24004464083729202,61.016606248003306,-0.2688687354098347,2.0821282158048016
2025-08-07 00:00:00+00:00,1010599.5400084445,-0.0009007546658951006,0.24007783212302972,61.00550601789616,-0.32941209986366204,2.0886350471579647
2025-08-08 00:00:00+00:00,1009381.0483432503,-0.0012057116760452698,0.24029427831541023,60.933194672716645,-0.37751140151328944,2.096755589424917
2025-08-11 00:00:00+00:00,1009805.2675637042,0.00042027658548787533,0.24058435367971565,60.83648898500283,-0.3807851123016439,2.094690321607902
2025-08-12 00:00:00+00:00,1009312.368712031,-0.00048811277530994257,0.240483284186171,60.870157177102335,-0.39981301777592404,2.098168351609711
2025-08-13 00:00:00+00:00,1009643.6375411472,0.0003282123942846945,0.24060072447353534,60.83103822062035,-0.35282981951524395,2.095977344608666
2025-08-14 00:00:00+00:00,1009736.2940007196,9.177144898176969e-05,0.2405217822435076,60.85732939753432,-0.35716699921079753,2.095849284955434
2025-08-15 00:00:00+00:00,1008157.4841770312,-0.0015635862878939236,0.24049971123652772,60.864683084801975,-0.45852065062147274,2.106671179729718
2025-08-18 00:00:00+00:00,1009304.1513534401,0.0011373889440943461,0.2408763421822419,60.73938071784258,-0.3967270014219406,2.0995823390540354
2025-08-19 00:00:00+00:00,1013070.2467361384,0.003731378076319247,0.24060268335027987,60.8303860493036,-0.198330121757341,2.075315054210227
2025-08-20 00:00:00+00:00,1013293.32457509,0.0002201997735796772,0.23970824127407672,61.129282508247904,-0.16261569959636257,2.0740451506540913
2025-08-21 00:00:00+00:00,1011618.7625280318,-0.0016525935841532737,0.23965546919402309,61.14698709864089,-0.22641831864190665,2.0851351393895814
2025-08-22 00:00:00+00:00,1010811.9344693094,-0.0007975613824185787,0.24005217788305463,61.014085348874374,-0.22461022216830662,2.0902977638762557
2025-08-25 00:00:00+00:00,1011185.2569209671,0.00036932928760257625,0.24024378704997168,60.9500513759599,-0.19092186183758764,2.088176789286127
2025-08-26 00:00:00+00:00,1011575.1159230015,0.0003855465646537641,0.24015509074139402,60.97968014196447,-0.18384729811798883,2.086160081328686
2025-08-27 00:00:00+00:00,1011011.4750048142,-0.0005571913635627967,0.24006253545554707,61.010621332602135,-0.1912542807791484,2.0899405059718577
2025-08-28 00:00:00+00:00,1011674.09298583,0.0006554010487493881,0.24019637079891534,60.96588792639679,-0.13757366485935196,2.085998529870522
2025-08-29 00:00:00+00:00,1011192.996139896,-0.0004755452860457795,0.24003904895448977,61.01847665504883,-0.1413968813500579,2.0892605179078547
2025-09-02 00:00:00+00:00,1010309.0673303453,-0.0008741445133866591,0.24015325270174065,60.980294365688984,-0.18699473491240992,2.095129141294395
2025-09-03 00:00:00+00:00,1011836.1341971256,0.0015114848675122996,0.2403633650184907,60.91014128556592,-0.17580926287945808,2.0863708727876062
2025-09-04 00:00:00+00:00,1012554.4482401687,0.0007099114360183935,0.24000060773171047,61.031337068643715,-0.13167526644012129,2.0821289842789032
2025-09-05 00:00:00+00:00,1014000.8309085444,0.0014284492758779041,0.23983034942395012,61.088346119678896,-0.14116397986361928,2.073689519564788
2025-09-08 00:00:00+00:00,1014231.4440976108,0.00022742899417526282,0.2394882526029382,61.20313839494679,-0.11584519511712132,2.072488653076831
2025-09-09 00:00:00+00:00,1014113.5359218612,-0.0001162537174682983,0.23943379841499313,61.221441028999685,-0.10422515089987305,2.0735416247659537
2025-09-10 00:00:00+00:00,1013035.9293372947,-0.0010626094085086346,0.2394616367204529,61.212083237273525,-0.11559656017545783,2.080604462362309
2025-09-11 00:00:00+00:00,1012266.6962322189,-0.0007593344745225309,0.23971636158164303,61.12655890516508,-0.1657666507742599,2.0859251540985895
2025-09-12 00:00:00+00:00,1013326.4382688791,0.001046900031982374,0.2398985248019122,61.065508658730494,-0.1144401226469387,2.0795734605877736
2025-09-15 00:00:00+00:00,1013250.5666743794,-7.487379351247936e-05,0.23964763768235806,61.149615169576535,-0.1161149163596551,2.0804189555506016
2025-09-16 00:00:00+00:00,1011282.6734556574,-0.0019421585177897744,0.0,80.41671164082376,-0.06526904606456552,2.0810283007681845
2025-09-17 00:00:00+00:00,1011362.9339852968,7.93650793650575e-05,0.0,80.26052963933789,0.0,2.0792611207253846
2025-09-18 00:00:00+00:00,1011443.2008848194,7.936507936506371e-05,0.0,80.2668995226426,0.0,2.0804577886029394
2025-09-19 00:00:00+00:00,1011523.4741547309,7.936507936511486e-05,0.0,80.2732699114936,0.0,2.0696251975093727
2025-09-22 00:00:00+00:00,1011603.7537955368,7.936507936505615e-05,0.0,80.27964080593102,0.0,2.0728506761610026
2025-09-23 00:00:00+00:00,1011684.0398077428,7.936507936507815e-05,0.0,80.28601220599498,0.0,2.070860817443358
2025-09-24 00:00:00+00:00,1011764.3321918545,7.936507936502608e-05,0.0,80.29238411172562,0.0,2.0781202056623647
2025-09-25 00:00:00+00:00,1011844.6309483777,7.936507936509041e-05,0.0,80.29875652316305,0.0,2.082733902165072
2025-09-26 00:00:00+00:00,1011924.936077818,7.93650793651164e-05,0.0,80.30512944034743,0.0,2.070653756481921
2025-09-29 00:00:00+00:00,1012005.2475806813,7.93650793650644e-05,0.0,80.31150286331889,0.0,2.0619351799173735
2025-09-30 00:00:00+00:00,1012085.5654574735,7.936507936512483e-05,0.0,80.31787679211757,0.0,2.062172994475433
2025-10-01 00:00:00+00:00,1012165.8897087002,7.936507936502795e-05,0.0,80.32425122678362,0.0,2.063602072392686
2025-10-02 00:00:00+00:00,1012246.2203348676,7.936507936507918e-05,0.0,80.33062616735717,0.0,2.0601565387542804
2025-10-03 00:00:00+00:00,1012326.5573364815,7.936507936512379e-05,0.0,80.33700161387839,0.0,2.0517630534423215
2025-10-06 00:00:00+00:00,1011238.6794321724,-0.0010746313987567183,0.1970203608072992,64.5140963297807,0.0,2.0494972442243076
2025-10-07 00:00:00+00:00,1011680.094037488,0.0004365088225891474,0.19723231284353027,64.4277568135657,5.72850441540584,2.0527228633566654
2025-10-08 00:00:00+00:00,1010945.147203567,-0.0007264616930317705,0.19714625676311273,64.46278971874948,5.663454113911413,2.046148444279888
2025-10-09 00:00:00+00:00,1010272.4677593837,-0.0006653965806591814,0.19728958008547917,64.40446060494621,5.5809488960852445,2.0398003971061187
2025-10-10 00:00:00+00:00,1009685.282205271,-0.0005812150413393461,0.19742094330610555,64.35107334747136,5.484474293080864,2.033858116410758
2025-10-13 00:00:00+00:00,1011104.8287166775,0.0014059296856403498,0.19753575405756613,64.30447131936717,5.617339348161317,2.0456156629210764
2025-10-14 00:00:00+00:00,1011608.7235283401,0.0004983606025323505,0.19725842258551057,64.41713374090737,5.662529890103444,2.049415769655024
2025-10-15 00:00:00+00:00,1011572.2400422192,-3.606481960108981e-05,0.19716016572652373,64.45712539262662,5.640995326972198,2.0485195752428056
2025-10-16 00:00:00+00:00,1011757.6451727799,0.00018328412269696584,0.19716727652878296,64.45422987785511,5.625564363613224,2.049423688608622
2025-10-17 00:00:00+00:00,1012193.0352931672,0.0004303304476764865,0.19713114551972014,64.46894457075676,5.6897655025573375,2.0527802701722075
2025-10-20 00:00:00+00:00,1013001.5502464743,0.0007987754559810167,0.197046350475507,64.50349934221607,5.7605713745026845,2.059054825418969
2025-10-21 00:00:00+00:00,1012470.8808487572,-0.0005238584260685399,0.1968890803106042,64.56766719565314,5.715222128290639,2.0541899773703736
2025-10-22 00:00:00+00:00,1012809.8865904023,0.00033483011517420323,0.19699227637445338,64.52555057678671,5.7781454137431245,2.0567702416091893
2025-10-23 00:00:00+00:00,1012641.7007882816,-0.0001660586101572413,0.1969263395055159,64.55245579437761,5.782527908140472,2.055095846616849
2025-10-24 00:00:00+00:00,1012266.3489857529,-0.00037066595444028256,0.19695904625099425,64.5391077148442,5.737182022145813,2.051455045557006
2025-10-27 00:00:00+00:00,1011752.236734669,-0.0005078823884633396,0.1970320793347362,64.50931788924669,5.6984920300632815,2.046822584862758
2025-10-28 00:00:00+00:00,1011334.8648064744,-0.0004125238502477293,0.19713219930696327,64.46851532963686,5.64919346068504,2.0427704931486437
2025-10-29 00:00:00+00:00,1011342.6346383638,7.682748968525092e-06,0.19721355460182866,64.43539057343094,5.67514337914008,2.0427079570198825
2025-10-30 00:00:00+00:00,1010960.3265862196,-0.00037802030592821984,0.19721203947123583,64.43600722675549,5.589999552565789,2.0384465590698317
2025-10-31 00:00:00+00:00,1015081.6618160785,0.004076653773126462,0.19728661781885926,64.40566531785515,5.922721015429008,2.0718517199390996
2025-11-03 00:00:00+00:00,1012519.5112665211,-0.0025240831806314736,0.1964856139991844,64.732755415463,5.69722649736873,2.050358306593655
2025-11-04 00:00:00+00:00,1012018.3253086983,-0.0004949889382336958,0.19698281500942313,64.5294101337521,5.658941295880748,2.0457743547666536
2025-11-05 00:00:00+00:00,1011651.4725060274,-0.0003624962053518231,0.19708036761133377,64.48963347043284,5.621250210038762,2.0421953736150247
2025-11-06 00:00:00+00:00,1011476.1576076862,-0.00017329574770144084,0.1971518344031831,64.46051816863356,5.621774123542019,2.040460229679632
2025-11-07 00:00:00+00:00,1011345.8054848576,-0.0001288731541996029,0.1971860058995117,64.44660428781282,5.656278045538477,2.03953391716047
2025-11-10 00:00:00+00:00,1010816.564114219,-0.0005233040645131975,0.19721142115740045,64.43625888123913,5.628509559001644,2.034990490521718
2025-11-11 00:00:00+00:00,1010201.5527082607,-0.0006084302808168408,0.19731467672972122,64.3942555978551,5.611194305707982,2.0300950687863892
2025-11-12 00:00:00+00:00,1009393.7588566584,-0.0007996363195411186,0.1974348020417705,64.34544516881081,5.502143933708329,2.0221967236257723
2025-11-13 00:00:00+00:00,1011045.1146488987,0.001635987718123846,0.19759280442466845,64.28133454566776,5.650945565666563,2.035711228614005
2025-11-14 00:00:00+00:00,1012055.9690524983,0.0009998113723645914,0.19727007300807384,64.4123945291789,5.730623969765624,2.043506485849795
2025-11-17 00:00:00+00:00,1011081.8815610158,-0.0009624838163787041,0.1970730371443505,64.49262106914712,5.6165913873603275,2.034604978931772
2025-11-18 00:00:00+00:00,1009081.574878436,-0.001978382482229347,0.19726289949268414,64.41531253807707,5.484800299778068,2.01817900104789
2025-11-19 00:00:00+00:00,1008843.5257563714,-0.00023590671754489717,0.19765393457438982,64.25655803945963,5.420351954436856,2.0148413045700986
2025-11-20 00:00:00+00:00,1007989.1398799215,-0.0008468963269694584,0.19770057346773334,64.2376652519942,5.345404074056496,2.007074532897088
2025-11-21 00:00:00+00:00,1007871.9872253982,-0.00011622412374127243,0.1978681472748847,64.16985684910134,5.328970844239594,2.005523434954046
2025-11-24 00:00:00+00:00,1008422.5555581049,0.0005462681170674968,0.19789114700004093,64.16055901937726,5.345193088803223,2.0091989787515487
2025-11-25 00:00:00+00:00,1008605.5114885411,0.0001814278443375427,0.19778310439601476,64.20425491879843,5.3273038811678735,2.0096819092605163
2025-11-26 00:00:00+00:00,1009411.9669004077,0.0007995746629188455,0.19774722754279794,64.21877523073782,5.388899272290304,2.01611671455107
2025-11-28 00:00:00+00:00,1009655.4870839245,0.00024124955073056837,0.1975892401926745,64.28277962850501,5.426771842676501,2.0181159858744495
2025-12-01 00:00:00+00:00,1010387.1571936375,0.0007246730385492043,0.1975415833744348,64.3021066271968,5.498665122989575,2.0241077589592886
2025-12-02 00:00:00+00:00,1009561.2098329394,-0.000817456313471062,0.19739853397901108,64.36017568352324,5.4013140968707365,2.016157605949507
2025-12-03 00:00:00+00:00,1009208.5075157168,-0.00034936199389135427,0.19756003067337455,64.29462430569006,5.417547920984051,2.0136734650085906
2025-12-04 00:00:00+00:00,1010174.4056211429,0.0009570847830085965,0.19762907476098396,64.26663205829145,5.473514705071493,2.020956043239076
2025-12-05 00:00:00+00:00,1008994.1415121288,-0.0011683765718539022,0.19744010783821642,64.34329063808717,5.370026098181475,2.0104163053371806
2025-12-08 00:00:00+00:00,1008167.8211251819,-0.0008189545934414793,0.1976710620760796,64.24961888340351,5.2845615028499715,2.0025298986836186
2025-12-09 00:00:00+00:00,1006516.974304981,-0.0016374722398483773,0.19783307838435713,64.18403790031248,5.198581213347509,1.9891690633468393
2025-12-10 00:00:00+00:00,1007904.8595453688,0.0013788989910937478,0.19815755588122885,64.05301831140764,5.330574325603351,2.0011910672301862
2025-12-11 00:00:00+00:00,1007596.0522630515,-0.0003063853491654021,0.19788469287786667,64.16316793366065,5.296462873404369,1.9979584640988963
2025-12-12 00:00:00+00:00,1007683.2220580457,8.65126404558563e-05,0.19794534043011,64.13865941919101,5.2843281161474795,1.997812332457623
2025-12-15 00:00:00+00:00,1005845.494917105,-0.0018237151326062934,0.0,79.97485889349569,5.308831017363753,2.002731907880122
2025-12-16 00:00:00+00:00,1004730.9134494722,-0.0011081040510348388,0.23583967433002906,61.00216039440699,0.0,1.9970066272245783
2025-12-17 00:00:00+00:00,1005248.3256203461,0.0005149758646298241,0.23610129913605632,60.91370154776947,6.817099180659675,2.0005922563313008
2025-12-18 00:00:00+00:00,1004130.317903878,-0.0011121706825804848,0.2359797752472632,60.954766005775326,6.7044250293343035,1.9922855535836348
2025-12-19 00:00:00+00:00,1004291.7189614859,0.00016073716202969374,0.23624251724892648,60.86603523462708,6.711753678374284,1.9930296430646388
2025-12-22 00:00:00+00:00,1005000.6559512118,0.0007059074334089018,0.2362045503998367,60.87884484237373,6.801346049170786,1.997860689095281
2025-12-23 00:00:00+00:00,1004973.8595298257,-2.666308845411294e-05,0.23603792947085678,60.93510968282817,6.820004096294827,1.9974892046599164
2025-12-24 00:00:00+00:00,1005372.5132868069,0.00039668072278779723,0.23604422313885742,60.93298298271815,6.840252210367948,1.9998080768948663
2025-12-26 00:00:00+00:00,1004686.4240605045,-0.0006824229002037755,0.23595062607396416,60.96462216978016,6.783156767963419,1.9947145468319207
2025-12-29 00:00:00+00:00,1004412.882681262,-0.0002722654279899776,0.23611175414199795,60.91017064388315,6.797611082078814,1.9928259340352312
2025-12-30 00:00:00+00:00,1005258.8319965997,0.0008422326415004263,0.23617605671716102,60.88846101060993,6.872766155191538,1.9983560285682098
2025-12-31 00:00:00+00:00,1005950.0436142798,0.0006875956675827426,0.23597730892493102,60.95559984516053,6.903223351435361,2.0025304068902137
2026-01-02 00:00:00+00:00,1007674.7459595184,0.0017145009895738427,0.23581516344019923,61.01045791005578,7.08740367605862,2.0141305960692457
2026-01-05 00:00:00+00:00,1013709.5430391702,0.005988834297822412,0.2354115501045878,61.14733904856678,7.636637934936095,2.053072677741553
2026-01-06 00:00:00+00:00,1010097.3932028898,-0.003563298640210994,0.2340101023774329,61.626291197745495,7.241539139273054,2.0293501317673295
2026-01-07 00:00:00+00:00,1011106.8006015948,0.000999316903001125,0.23484693213135427,61.33961263931055,7.252766438767414,2.035654417219001
2026-01-08 00:00:00+00:00,1011285.6931419075,0.00017692744248794126,0.23461247991452067,61.41972433762047,7.367724805141545,2.03649210137263
2026-01-09 00:00:00+00:00,1012863.112278623,0.0015598155372047154,0.234570977871324,61.433922158280204,7.519632484388895,2.0463314478191803
2026-01-12 00:00:00+00:00,1013389.9080313994,0.0005201055763509804,0.23420566024357478,61.559114153257624,7.549110763911218,2.049350910829652
2026-01-13 00:00:00+00:00,1012822.3698837596,-0.000560039273276571,0.2340839118956638,61.60092333998591,7.558455761761858,2.0454368388266855
2026-01-14 00:00:00+00:00,1013188.1338882854,0.00036113341825941975,0.23421508153971973,61.55588062985578,7.676665511213563,2.047640333110028
2026-01-15 00:00:00+00:00,1012943.044276978,-0.0002418994095072893,0.23413052918139757,61.584909519103846,7.625959101729674,2.0456884683244763
2026-01-16 00:00:00+00:00,1012524.5863822802,-0.0004131109809796598,0.23418717892169288,61.565457962650875,7.601951538060145,2.042793842229038
2026-01-20 00:00:00+00:00,1011313.7989642157,-0.0011958103875686138,0.23428396419997136,61.53224701862725,7.51481979948655,2.034955019286994
2026-01-21 00:00:00+00:00,1010113.0532110918,-0.0011873127355264909,0.23456445881637839,61.43615277909831,7.491899618034093,2.0277258699695153
2026-01-22 00:00:00+00:00,1010028.5320414532,-8.36749603125338e-05,0.23484329124692882,61.34085549710435,7.480443752903793,2.026860555861098
2026-01-23 00:00:00+00:00,1008950.3960092814,-0.0010674312635432874,0.23486294339439623,61.33414746776795,7.433187541890055,2.020281066382924
2026-01-26 00:00:00+00:00,1009875.3076145337,0.0009167067171098012,0.23511391133384793,61.24858111600829,7.4893136179318915,2.025539202425578
2026-01-27 00:00:00+00:00,1010062.4320689456,0.00018529461310815183,0.23489857822934554,61.321986798964815,7.544140876600231,2.0268417046354776
2026-01-28 00:00:00+00:00,1010735.4024763132,0.0006662661494984019,0.23485506085170854,61.33683794614036,7.612451983854322,2.030835210213785
2026-01-29 00:00:00+00:00,1009295.9812716565,-0.0014241325683557867,0.2346986890598563,61.39024829593144,7.564210489213214,2.0226320680118204
2026-01-30 00:00:00+00:00,1014076.125089513,0.004736116963265666,0.23503340779054246,61.276008517784085,7.962542552355266,2.0510410894127347
2026-02-02 00:00:00+00:00,1013697.5282954257,-0.00037334159114918957,0.2339255092181936,61.65538501126478,7.857008884203038,2.047907984891744
2026-02-03 00:00:00+00:00,1013578.2029329283,-0.0001177129855470883,0.23401287595765305,61.62533764665466,7.964655617968809,2.047970817150579
2026-02-04 00:00:00+00:00,1013559.7949774362,-1.8161356902587505e-05,0.2340404255548838,61.6158673797898,8.048614688717045,2.048523377135108
2026-02-05 00:00:00+00:00,1013075.8309989979,-0.00047748932113971914,0.23404467612377805,61.614406430941216,7.972586966044508,2.0450452492889926
2026-02-06 00:00:00+00:00,1011954.7737983839,-0.0011065876475490832,0.23415648334405045,61.57599659138261,7.9550705338853245,2.039254484230681
2026-02-09 00:00:00+00:00,1012160.727188212,0.00020352035007952473,0.23441588506685473,61.48702379768309,8.01543865841892,2.0408119456162925
2026-02-10 00:00:00+00:00,1011337.528761853,-0.0008133080095350405,0.2343681863715169,61.5033693048123,7.956739316086626,2.0359917729427544
2026-02-11 00:00:00+00:00,1011765.1919460467,0.00042286889592363424,0.2345589550483659,61.43803609637112,8.079193198316077,2.0395783046193587
2026-02-12 00:00:00+00:00,1011516.5040460258,-0.0002457960621698467,0.23445980928767396,61.47197761892616,8.107953946401235,2.0486598479711593
