ts_event,equity,returns,exposure,cash_credit,financing,spread
2020-07-01 00:00:00+00:00,1000000.0,0.0,0.0,0.0,0.0,3.159273289651873
2020-07-02 00:00:00+00:00,1000079.3650793651,7.936507936508861e-05,0.0,79.36507936507937,0.0,3.152176461891324
2020-07-06 00:00:00+00:00,1000158.736457546,7.936507936509753e-05,0.0,79.37137818090198,0.0,3.1655521814027097
2020-07-07 00:00:00+00:00,1000238.1141350426,7.936507936508781e-05,0.0,79.37767749663064,0.0,3.15279324484888
2020-07-08 00:00:00+00:00,1000317.498112355,7.93650793651362e-05,0.0,79.38397731230498,0.0,3.1501199168150005
2020-07-09 00:00:00+00:00,1000396.888389983,7.936507936508663e-05,0.0,79.39027762796468,0.0,3.2103309714560746
2020-07-10 00:00:00+00:00,1000476.2849684267,7.93650793651322e-05,0.0,79.39657844364945,0.0,3.188674085449932
2020-07-13 00:00:00+00:00,1000555.6878481861,7.936507936511688e-05,0.0,79.40287975939894,0.0,3.1661936249527147
2020-07-14 00:00:00+00:00,1000635.0970297614,7.936507936511734e-05,0.0,79.40918157525287,0.0,3.173968278347193
2020-07-15 00:00:00+00:00,1000714.5125136527,7.936507936509392e-05,0.0,79.4154838912509,0.0,3.1833132315986123
2020-07-16 00:00:00+00:00,1000793.9343003602,7.936507936512329e-05,0.0,79.42178670743276,0.0,3.1811339489890655
2020-07-17 00:00:00+00:00,1000873.362390384,7.936507936504947e-05,0.0,79.42809002383811,0.0,3.182468973111348
2020-07-20 00:00:00+00:00,1000952.7967842245,7.936507936506542e-05,0.0,79.43439384050666,0.0,3.2161566046294494
2020-07-21 00:00:00+00:00,1001032.237482382,7.936507936513146e-05,0.0,79.44069815747812,0.0,3.2155273601933967
2020-07-22 00:00:00+00:00,1001111.6844853568,7.936507936509162e-05,0.0,79.44700297479223,0.0,3.2970952024063243
2020-07-23 00:00:00+00:00,1001191.1377936492,7.936507936502255e-05,0.0,79.45330829248863,0.0,3.342334871264716
2020-07-24 00:00:00+00:00,984653.219491532,-0.0165182427988349,0.25,59.594710582955315,0.0,3.416705671136031
2020-07-27 00:00:00+00:00,987163.0709436231,0.0025489699341938845,0.25419891947102385,58.28217738437457,-0.5135186224485375,3.404148491869572
2020-07-28 00:00:00+00:00,971056.1079820682,-0.016316415631470422,0.2535526214621807,58.48137194406434,-1.0186278159634865,3.4811896996993745
2020-07-29 00:00:00+00:00,966947.6918983517,-0.004230874045222958,0.257758313233363,57.20304155029015,-1.106938734697092,3.4996416502887238
2020-07-30 00:00:00+00:00,959643.3247901348,-0.007554045755956688,0.258853489744639,56.87697678174121,-1.2369785031953295,3.5308227953489
2020-07-31 00:00:00+00:00,964398.1364201967,0.004954769659969008,0.2608237643951206,56.297265106485916,-1.141386037517476,3.5109298432533302
2020-08-03 00:00:00+00:00,966800.8512306229,0.0024914137840880584,0.2595378143071767,56.674631108871786,-0.9363986590775246,3.4991504209163056
2020-08-04 00:00:00+00:00,946460.6371988463,-0.021038680309275533,0.258892805203691,56.86532276049291,-1.47259666489167,3.5840589589945693
2020-08-05 00:00:00+00:00,946228.7745094063,-0.00024497869253838723,0.2644566235624927,55.25102005955825,-1.4563115989989752,3.584852423177522
2020-08-06 00:00:00+00:00,942533.2069961558,-0.0039055750710673153,0.26452142567550313,55.232618258809055,-1.5625350781880547,3.5996811285747414
2020-08-07 00:00:00+00:00,947498.5442476574,0.0052680767262578525,0.2655585846636735,54.93931924982092,-1.4501509615282702,3.5806154377863884
2020-08-10 00:00:00+00:00,955132.7593121763,0.008057231444699105,0.26416693299213073,55.33339363486072,-1.2493343768308476,3.549888159858474
2020-08-11 00:00:00+00:00,966587.3137001282,0.011992630633044964,0.2620554912477929,55.93928371934634,-0.9848222040766972,3.5018929867240027
2020-08-12 00:00:00+00:00,954205.9044181019,-0.01280940594453894,0.2589499995507536,56.848375337437766,-1.1868793496169916,3.553099935862806
2020-08-13 00:00:00+00:00,957714.9664804462,0.0036774684018374346,0.2623100352759293,55.865723807118215,-1.065296328605088,3.5385992706236387
2020-08-14 00:00:00+00:00,960535.4560304962,0.002945019811494807,0.26134893283357985,56.14422079619317,-0.9432216288236077,3.5266781959388016
2020-08-17 00:00:00+00:00,962545.536868188,0.0020926669859732553,0.2605815151090743,56.36806917318126,-0.6140473559459805,3.517055423021459
2020-08-18 00:00:00+00:00,963634.6700900721,0.0011315134507067885,0.26003734354511726,56.52759939839489,-0.6337419144963263,3.5129237970017817
2020-08-19 00:00:00+00:00,965870.813386364,0.0023205301404140223,0.2597434403486299,56.61403854298888,-0.6973948288720972,3.5042374620011754
2020-08-20 00:00:00+00:00,960141.9661668171,-0.005931276874866365,0.259142093310453,56.791510233170776,-0.7720162266832746,3.5280387143402767
2020-08-21 00:00:00+00:00,960728.4877733882,0.0006108696705682142,0.2606883078423061,56.33683981892102,-0.5906517974268448,3.525231071690788
2020-08-24 00:00:00+00:00,962447.8840984043,0.0017896797554125656,0.26052915848109137,56.38338915277587,-0.5254721491071876,3.5183944645587486
2020-08-25 00:00:00+00:00,952476.7459771663,-0.010360184988695441,0.26006372769252295,56.51984917857079,-0.8148486335117351,3.5586698276077793
2020-08-26 00:00:00+00:00,955471.7993673672,0.0031444897766277143,0.2627862417697415,55.72848901021857,-0.7282167596327218,3.5470340029147795
2020-08-27 00:00:00+00:00,960800.9581101728,0.005577515470717307,0.2619625033560785,55.966191660234514,-0.6160009565140028,3.5259201130180715
2020-08-28 00:00:00+00:00,959218.0124955465,-0.0016475270983699094,0.2605095075474636,56.38914076680638,-0.4877987208332355,3.532190478823489
2020-08-31 00:00:00+00:00,944742.4034024538,-0.015091052195144157,0.260939412300261,56.263510162470965,-0.8443775041703274,3.588301276856228
2020-09-01 00:00:00+00:00,943808.1830686536,-0.000988862498852202,0.2649375994418948,55.1146522979398,-0.7110500870051641,3.591377175090286
2020-09-02 00:00:00+00:00,952965.3731891275,0.009702384748032923,0.2651998456239337,55.04050782700327,-0.29637482264360493,3.5571893837522865
2020-09-03 00:00:00+00:00,972084.4129514853,0.02006268045015662,0.262651499719012,55.76726894767581,-0.3741665164990646,3.4799053944108973
2020-09-04 00:00:00+00:00,966219.2441961998,-0.006033600248230871,0.25748564745364777,57.284653055799446,-0.506069498679973,3.5050148131538874
2020-09-08 00:00:00+00:00,971882.7784899791,0.00586154159917483,0.2590486434128474,56.81916347204663,-0.5328351651078815,3.4814739330518867
2020-09-09 00:00:00+00:00,966078.4611240779,-0.005972240165546922,0.25753906745554406,57.26865032075927,-0.3884887044008858,3.5059618736461102
2020-09-10 00:00:00+00:00,972684.419827093,0.006837911172689609,0.25908639362187935,56.807990212354404,-0.34770013768244823,3.4783105644650765
2020-09-11 00:00:00+00:00,979712.4219663787,0.007225367237335814,0.25732681571367816,57.33227264910165,-0.22990671171529087,3.4476072565122906
2020-09-14 00:00:00+00:00,980009.4113045329,0.00030313930036542704,0.2554808725871212,57.890050596664004,0.050323072909601585,3.4474987782370037
2020-09-15 00:00:00+00:00,977859.8122329557,-0.0021934473758938367,0.2554034497640488,57.913621179057195,-0.008766084294911991,3.4571416191591937
2020-09-16 00:00:00+00:00,977537.1609352109,-0.00032995659879717396,0.0,77.60792160579014,-0.04811800926811305,3.444536168933763
2020-09-17 00:00:00+00:00,977614.7432495708,7.93650793650979e-05,0.0,77.58231435993737,0.0,3.442492153412431
2020-09-18 00:00:00+00:00,977692.3317212573,7.936507936507287e-05,0.0,77.58847168647388,0.0,3.4257306685459374
2020-09-21 00:00:00+00:00,977769.926350759,7.936507936508346e-05,0.0,77.59462950168708,0.0,3.4595161531710446
2020-09-22 00:00:00+00:00,977847.5271385646,7.936507936508998e-05,0.0,77.6007878056158,0.0,3.447647517244821
2020-09-23 00:00:00+00:00,977925.1340851629,7.936507936505276e-05,0.0,77.60694659829878,0.0,3.4229278607038127
2020-09-24 00:00:00+00:00,978002.7471910426,7.936507936505122e-05,0.0,77.61310587977484,0.0,3.4379551107979105
2020-09-25 00:00:00+00:00,978080.3664566927,7.936507936504566e-05,0.0,77.61926565008275,0.0,3.4481104108441936
2020-09-28 00:00:00+00:00,978157.991882602,7.936507936511544e-05,0.0,77.62542590926132,0.0,3.4671771624252012
2020-09-29 00:00:00+00:00,978235.6234692594,7.936507936510186e-05,0.0,77.63158665734936,0.0,3.4843145655543886
2020-09-30 00:00:00+00:00,978313.2612171537,7.93650793650843e-05,0.0,77.63774789438567,0.0,3.4816023406624694
2020-10-01 00:00:00+00:00,978390.9051267741,7.936507936502307e-05,0.0,77.64390962040903,0.0,2.7767278712526533
2020-10-02 00:00:00+00:00,978468.5551986096,7.936507936511651e-05,0.0,77.65007183545826,0.0,2.76274591073597
2020-10-05 00:00:00+00:00,978546.2114331492,7.936507936508694e-05,0.0,77.6562345395722,0.0,2.788623011107352
2020-10-06 00:00:00+00:00,978623.873830882,7.936507936513268e-05,0.0,77.66239773278961,0.0,2.7640776282154516
2020-10-07 00:00:00+00:00,978701.5423922972,7.936507936509507e-05,0.0,77.66856141514937,0.0,2.7855378910614785
2020-10-08 00:00:00+00:00,978779.2171178838,7.936507936505343e-05,0.0,77.67472558669026,0.0,2.789572827529196
2020-10-09 00:00:00+00:00,978856.8980081313,7.936507936508702e-05,0.0,77.6808902474511,0.0,2.7486642154143603
2020-10-12 00:00:00+00:00,978934.5850635287,7.936507936503724e-05,0.0,77.68705539747074,0.0,2.7413575905883967
2020-10-13 00:00:00+00:00,979012.2782845655,7.936507936510228e-05,0.0,77.69322103678799,0.0,2.751220982299759
2020-10-14 00:00:00+00:00,979089.977671731,7.936507936512353e-05,0.0,77.6993871654417,0.0,2.743927333494299
2020-10-15 00:00:00+00:00,979167.6832255145,7.936507936506134e-05,0.0,77.70555378347072,0.0,2.7399626285705763
2020-10-16 00:00:00+00:00,979245.3949464054,7.936507936511386e-05,0.0,77.71172089091385,0.0,2.74669594726673
2020-10-19 00:00:00+00:00,979323.1128348933,7.936507936512249e-05,0.0,77.71788848780996,0.0,2.7474890258579308
2020-10-20 00:00:00+00:00,979400.8368914675,7.936507936504758e-05,0.0,77.72405657419787,0.0,2.737049174941915
2020-10-21 00:00:00+00:00,979478.5671166176,7.936507936508724e-05,0.0,77.73022515011647,0.0,2.711808256184134
2020-10-22 00:00:00+00:00,979556.3035108332,7.936507936508289e-05,0.0,77.73639421560456,0.0,2.7278588075602603
2020-10-23 00:00:00+00:00,979634.0460746039,7.936507936511372e-05,0.0,77.74256377070104,0.0,2.746277696023072
2020-10-26 00:00:00+00:00,979711.7948084193,7.936507936502125e-05,0.0,77.74873381544475,0.0,2.770386099365317
2020-10-27 00:00:00+00:00,979789.5497127692,7.93650793651223e-05,0.0,77.75490434987455,0.0,2.719400610625531
2020-10-28 00:00:00+00:00,979867.3107881432,7.936507936502071e-05,0.0,77.7610753740293,0.0,2.7155382658344376
2020-10-29 00:00:00+00:00,979945.0780350311,7.93650793650333e-05,0.0,77.76724688794788,0.0,2.7132715486740064
2020-10-30 00:00:00+00:00,980022.8514539228,7.936507936512035e-05,0.0,77.77341889166914,0.0,2.7070092813520445
2020-11-02 00:00:00+00:00,980100.6310453081,7.93650793651234e-05,0.0,77.77959138523197,0.0,2.6979909568277822
2020-11-03 00:00:00+00:00,980178.4168096768,7.93650793651216e-05,0.0,77.78576436867525,0.0,2.7018294961511007
2020-11-04 00:00:00+00:00,980256.2087475188,7.936507936507525e-05,0.0,77.79193784203784,0.0,2.7304973090160667
2020-11-05 00:00:00+00:00,980334.0068593242,7.936507936506348e-05,0.0,77.79811180535864,0.0,2.726002167628894
2020-11-06 00:00:00+00:00,980411.8111455828,7.936507936504662e-05,0.0,77.80428625867653,0.0,2.7453309350293598
2020-11-09 00:00:00+00:00,980489.6216067849,7.936507936510375e-05,0.0,77.81046120203038,0.0,2.7508841348111863
2020-11-10 00:00:00+00:00,980567.4382434203,7.936507936507642e-05,0.0,77.81663663545912,0.0,2.7338930752035306
2020-11-11 00:00:00+00:00,980645.2610559793,7.936507936504375e-05,0.0,77.82281255900162,0.0,2.739009444095342
2020-11-12 00:00:00+00:00,980723.090044952,7.936507936508476e-05,0.0,77.82898897269676,0.0,2.7475424049086774
2020-11-13 00:00:00+00:00,980800.9252108285,7.936507936504108e-05,0.0,77.83516587658349,0.0,2.7497235787917678
2020-11-16 00:00:00+00:00,980878.7665540993,7.936507936511044e-05,0.0,77.84134327070068,0.0,2.7664898401546827
2020-11-17 00:00:00+00:00,980956.6140752544,7.936507936513447e-05,0.0,77.84752115508725,0.0,2.76602118769493
2020-11-18 00:00:00+00:00,981034.4677747842,7.936507936507351e-05,0.0,77.85369952978209,0.0,2.765069026976562
2020-11-19 00:00:00+00:00,981112.3276531791,7.936507936512525e-05,0.0,77.85987839482414,0.0,2.79131389466827
2020-11-20 00:00:00+00:00,981190.1937109294,7.936507936513134e-05,0.0,77.86605775025231,0.0,2.798162599597033
2020-11-23 00:00:00+00:00,981268.0659485254,7.936507936505212e-05,0.0,77.8722375961055,0.0,2.803488891012039
2020-11-24 00:00:00+00:00,981345.9443664579,7.936507936508525e-05,0.0,77.87841793242265,0.0,2.8100462924287877
2020-11-25 00:00:00+00:00,981423.8289652171,7.936507936507236e-05,0.0,77.88459875924269,0.0,2.8163853756310777
2020-11-27 00:00:00+00:00,981501.7197452937,7.936507936509246e-05,0.0,77.89078007660453,0.0,2.8195867875120357
2020-11-30 00:00:00+00:00,981579.6167071783,7.936507936510583e-05,0.0,77.89696188454712,0.0,2.8751418975838074
2020-12-01 00:00:00+00:00,981023.0219211153,-0.0005670398779572403,0.25000000000000006,58.42735813733204,0.0,2.8723312059292687
2020-12-02 00:00:00+00:00,980969.6902297832,-5.4363343306381506e-05,0.2501418403986517,58.38318394796195,3.120058686985132,2.8730190071174544
2020-12-03 00:00:00+00:00,981790.3574313673,0.000836587725143531,0.2501554396846992,58.37895127404671,3.0980830836572606,2.867930393718071
2020-12-04 00:00:00+00:00,979540.4142820903,-0.0022916737083907373,0.24994633764667945,58.44408359163275,3.0636966441473117,2.8831936381529975
2020-12-07 00:00:00+00:00,979990.5249401878,0.0004595120849887901,0.25052044877254576,58.265516675023456,3.0990569824986194,2.880562384479565
2020-12-08 00:00:00+00:00,980216.5992462185,0.0002306902977908275,0.2504053844722345,58.301239743126445,3.025073167129074,2.879561838802017
2020-12-09 00:00:00+00:00,982649.6081523722,0.002482113553294956,0.25034763170252583,58.31918214836696,2.959992089301287,2.8637132727336563
2020-12-10 00:00:00+00:00,980035.4207021359,-0.002660345486883794,0.2497277789976415,58.5122780932998,2.8862374177894834,2.8818879417314274
2020-12-11 00:00:00+00:00,980238.2045757358,0.0002069148413581538,0.25039391331487193,58.304802898836606,2.896327653696323,2.8808725004582225
2020-12-14 00:00:00+00:00,976208.3641198027,-0.0041110828338682326,0.2503421138161064,58.32089685705882,2.885313131190408,2.90735839201466
2020-12-15 00:00:00+00:00,973776.0628250308,-0.0024915800603337755,0.2513755394813224,58.00106824944509,2.820407431469998,2.9232632426378897
2020-12-16 00:00:00+00:00,973289.0455877796,-0.0005001326853714894,0.2520034261931611,57.80802846414573,2.774175055079718,2.926959331240544
2020-12-17 00:00:00+00:00,973850.2431545464,0.0005765990784657854,0.25212952440926534,57.76937630245912,2.813549858838356,2.9235363816404796
2020-12-18 00:00:00+00:00,975203.6211836926,0.001389718838866127,0.2519842305341514,57.813915791885066,2.821829129687101,2.9154463627438223
2020-12-21 00:00:00+00:00,980342.5364699131,0.005269581833569207,0.2516345292882903,57.921326746579204,2.9940239431548177,2.882071857916727
2020-12-22 00:00:00+00:00,980122.0241447903,-0.00022493395616278414,0.2503154714273952,58.32917716612051,2.966507317303872,2.883959058339623
2020-12-23 00:00:00+00:00,980292.4414038394,0.00017387351253313026,0.250371788544304,58.311676187936165,2.88568504872499,2.8834785056450967
2020-12-24 00:00:00+00:00,980522.6678113132,0.00023485482265281165,0.25032826308991424,58.32520136722578,2.8794787281477516,2.8823444534064184
2020-12-28 00:00:00+00:00,979845.6511225493,-0.0006904651070179482,0.2502694860941422,58.34347330432687,2.826962957642973,2.8874219002019545
2020-12-29 00:00:00+00:00,981869.4400173333,0.002065416009618869,0.2504424078380719,58.289741821091646,2.9004645990903493,2.874011544948055
2020-12-30 00:00:00+00:00,980384.7524842212,-0.001512102803694349,0.24992620625045892,58.45035998734434,2.934833128302351,2.8841552963940362
2020-12-31 00:00:00+00:00,980983.8165473611,0.0006110499593367385,0.25030469267803523,58.332527643446554,2.912927430906908,2.8806362048740954
2021-01-04 00:00:00+00:00,980537.4601688529,-0.0004550089114406914,0.2501518374079591,58.38007241036241,2.9188780313893776,2.3225473917353696
2021-01-05 00:00:00+00:00,981784.800191907,0.001272098286626648,0.2502657105364812,58.344647300957014,3.0568534067253355,2.3095387325788055
2021-01-06 00:00:00+00:00,980663.3241310227,-0.0011422829734836944,0.24994775242887027,58.44364254088194,2.79076136471033,2.3291803277670375
2021-01-07 00:00:00+00:00,977716.6672984721,-0.003004758881098774,0.25023358999811884,58.354636504303805,2.9066715329438946,2.338307560871842
2021-01-08 00:00:00+00:00,977915.3649268008,0.00020322618502322795,0.25098774766195303,58.12077485092678,2.896374269270111,2.3381307381415133
2021-01-11 00:00:00+00:00,976240.7326919611,-0.0017124510922937309,0.25093675074341737,58.13654450396874,2.969503993182909,2.34284168923351
2021-01-12 00:00:00+00:00,978271.1774602742,0.0020798607354911135,0.2513672047878231,58.00363718374338,2.969675761345484,2.3331552428476034
2021-01-13 00:00:00+00:00,984341.6088085942,0.006205264438107694,0.2508454811209642,58.164783593926956,3.1708208506987194,2.2924595840523976
2021-01-14 00:00:00+00:00,984298.0707811917,-4.423060755825999e-05,0.2492985178934073,58.64656385966663,3.06256500571489,2.297951695780128
2021-01-15 00:00:00+00:00,986115.5977087423,0.0018465208675133024,0.24930954500605298,58.64310846066644,2.9807365753587796,2.2921524863843534
2021-01-19 00:00:00+00:00,985071.4193262211,-0.0010588803026210251,0.24885003821760268,58.78735662951966,3.0243469182914566,2.2961530244371158
2021-01-20 00:00:00+00:00,988485.276952931,0.0034655940267203146,0.24911381993464216,58.70448532931957,3.2362741352709854,2.267912839367591
2021-01-21 00:00:00+00:00,983459.9133822424,-0.0050839033092931135,0.24825347417742033,58.975426410804474,3.214488551898305,2.29669905735439
2021-01-22 00:00:00+00:00,984454.9278400204,0.0010117488717521566,0.2495220200006431,58.57658803217839,3.2248159843256623,2.2912542263981877
2021-01-25 00:00:00+00:00,981758.2881265661,-0.002739221103165134,0.2492698215399382,58.655557433589344,3.105170991842737,2.3111414820374567
2021-01-26 00:00:00+00:00,980512.757270101,-0.001268673635383188,0.24995450218716042,58.44153840871201,3.0091479497597824,2.3224260223287057
2021-01-27 00:00:00+00:00,985742.1137785071,0.005333287577986694,0.25027201569514707,58.342686753437015,2.956384801032905,2.297569245184536
2021-01-28 00:00:00+00:00,988266.403237821,0.002560801069600083,0.2489443240242184,58.75771504775496,3.0920739157835344,2.2773346806776056
2021-01-29 00:00:00+00:00,991680.231734817,0.0034543605710074523,0.24830845546587066,58.95805548103383,3.1674441697658153,2.254430628685646
2021-02-01 00:00:00+00:00,989788.1424313443,-0.0019079631144434642,0.2474536612951413,59.2289942506367,3.220036128749909,2.2636739967213213
2021-02-02 00:00:00+00:00,990454.4125974185,0.0006731442189614736,0.24792669628674222,59.07882843290076,3.33675527120068,2.255391052816841
2021-02-03 00:00:00+00:00,991686.4829180308,0.0012439445015760401,0.24775991813016252,59.13170701750984,3.3618479187837336,2.247552384571062
2021-02-04 00:00:00+00:00,992899.7757762395,0.0012234641483047546,0.2474521014491614,59.22949037628858,3.44166671561573,2.2377081598747566
2021-02-05 00:00:00+00:00,992505.3735790929,-0.0003972225664349814,0.24714972262426715,59.32578346027339,3.4035173424286285,2.2417945992218002
2021-02-08 00:00:00+00:00,992308.7236843248,-0.00019813484138528776,0.2472479350835868,59.294481698595106,3.693498717545949,2.2330833578639546
2021-02-09 00:00:00+00:00,992663.3525488868,0.00035737755407946783,0.24729693322222585,59.27887456408969,3.6642246031773738,2.232321441765727
2021-02-10 00:00:00+00:00,993994.5452390721,0.0013410313645276961,0.24720858642226282,59.307019712070804,3.870682797748554,2.2184268676852916
2021-02-11 00:00:00+00:00,996904.7839467215,0.0029278216078634967,0.24687751593020374,59.412669925577575,4.119752936928057,2.1948579879831915
2021-02-12 00:00:00+00:00,992613.4474037176,-0.0043046603969685215,0.2461568126950723,59.6436412515815,3.8815590241521125,2.2266783791829385
2021-02-16 00:00:00+00:00,999294.5165179372,0.00673078642214112,0.24722101520853884,59.30305898626373,4.19942325595612,2.179255530238193
2021-02-17 00:00:00+00:00,998587.762836254,-0.0007072526367360771,0.24556814844924632,59.83330256675734,4.038514518633,2.1877608387367986
2021-02-18 00:00:00+00:00,1000077.3628516225,0.0014917066589497216,0.24574195009140515,59.777211004719,4.043893323990523,2.1787652054400204
2021-02-19 00:00:00+00:00,999569.2811946734,-0.0005080423533439293,0.24537592119581142,59.89543322816095,4.066599942940393,2.1817195316992186
2021-02-22 00:00:00+00:00,1002639.9011601538,0.0030719431091464104,0.24550064592171295,59.85510928713323,3.9773923354897764,2.164684964314761
2021-02-23 00:00:00+00:00,1002250.0491356889,-0.00038882556340892735,0.24474879155801438,60.09880928439358,3.8897883761204204,2.1697117904271357
2021-02-24 00:00:00+00:00,998969.9567359745,-0.003272728599557619,0.24484399316160274,60.06786864753129,3.7936509241417973,2.193646311017021
2021-02-25 00:00:00+00:00,1001499.7253750496,0.002532377097045889,0.24564793217465292,59.80754385390316,3.6133067591985095,2.1828562846273694
2021-02-26 00:00:00+00:00,999442.7652546978,-0.0020538798646016223,0.2450274303219576,60.00831914271865,3.6126274325728316,2.1966825718690037
2021-03-01 00:00:00+00:00,997206.625832996,-0.002237386171014929,0.2455317229839152,59.84506833951612,3.6146059948571683,2.2110673620395045
2021-03-02 00:00:00+00:00,998099.9742045394,0.0008958508180761592,0.2460823041281029,59.66759695684138,3.494726478455818,2.2097412975179895
2021-03-03 00:00:00+00:00,999282.1419166259,0.0011844181370995628,0.24586204841090012,59.73849762124959,3.2861143609211827,2.2097367190752064
2021-03-04 00:00:00+00:00,1001533.2766358895,0.002252751875407243,0.24557118944017806,59.83232045554216,3.177583965630175,2.198901727466442
2021-03-05 00:00:00+00:00,1000696.3642919036,-0.0008356310903589129,0.24501922192846787,60.010981941198004,3.260855903656035,2.2019717719066194
2021-03-08 00:00:00+00:00,1001138.5371675204,0.0004418651764860753,0.24522413884299157,59.944560326595955,2.9436775528062356,2.2117257693142016
2021-03-09 00:00:00+00:00,1001107.7767553417,-3.072543013450461e-05,0.24511583069320278,59.97965341196237,3.2724365520163103,2.199541686340196
2021-03-10 00:00:00+00:00,1002428.1711037827,0.0013189332648284172,0.24512336221394282,59.9772121094085,3.281175284848374,2.1905707660640488
2021-03-11 00:00:00+00:00,999392.3418704064,-0.003028475576492957,0.24480048670877644,60.082005311665725,3.3746491960746523,2.2080895390581188
2021-03-12 00:00:00+00:00,999428.8565302981,3.653686181283033e-05,0.24554411105204924,59.84106648361999,3.311221054504004,2.210471243091265
2021-03-15 00:00:00+00:00,998668.8247955097,-0.0007604660700182619,0.24553513996857002,59.84396447250028,3.4078475587997277,2.2123296796715786
2021-03-16 00:00:00+00:00,999250.2073281477,0.0005821574862488348,0.2457220032146717,59.78364449354882,3.455943474302372,2.207315110758105
2021-03-17 00:00:00+00:00,1000473.3526952382,0.0012240631606782347,0.24557903753950228,59.8297859643931,3.524456462291169,2.1975251963465348
2021-03-18 00:00:00+00:00,1003274.8954484692,0.0028002172628423944,0.24527880079535336,59.92686099352727,3.379306536807199,2.1837693810572967
2021-03-19 00:00:00+00:00,1003169.8745113179,-0.0001046781272288595,0.24459388477681565,60.1492056564821,3.4058205933974577,2.1840311890266424
2021-03-22 00:00:00+00:00,1003862.5904876582,0.0006905270921115715,0.2446194910870263,60.14087066147011,3.5591057895007223,2.174982185362448
2021-03-23 00:00:00+00:00,1008652.5954030226,0.004771574277947282,0.24445069126202448,60.19584811990981,3.651278660095942,2.138946455918678
2021-03-24 00:00:00+00:00,1006213.6604684815,-0.002418012847690739,0.24328981583470108,60.57600724017682,3.4314930887682324,2.162986943363533
2021-03-25 00:00:00+00:00,1004836.1040352483,-0.0013690496237069821,0.24387951964649496,60.382440975530706,3.3593994061763417,2.175459706613998
2021-03-26 00:00:00+00:00,1005778.3569828678,0.0009377180455953056,0.24421386054037178,60.273111099877276,3.4746478514440273,2.1656594748280473
2021-03-29 00:00:00+00:00,1007123.4079358238,0.0013373234208288649,0.24398507133612404,60.34789307984708,3.560025598525307,2.1540490206741603
2021-03-30 00:00:00+00:00,1008555.8242295205,0.001422284779014897,0.24365922015431077,60.45464315547851,3.5712151925004436,2.1437271349162645
2021-03-31 00:00:00+00:00,1007589.6610147838,-0.0009579670173188761,0.24331315955094746,60.568326988311576,3.7189106737528035,2.1474863650227
2021-04-01 00:00:00+00:00,1006829.2891805887,-0.0007546443394717862,0.2435464690354679,60.491647368094384,3.8436022912375236,2.315109636899613
2021-04-05 00:00:00+00:00,1008036.7604170981,0.0011992809997532867,0.24373039880128047,60.43130039712651,3.95824160502186,2.3056346359110926
2021-04-06 00:00:00+00:00,1006630.2902064009,-0.0013952568655484288,0.24343844769634881,60.527131447643136,3.8581816922308785,2.317233817143355
2021-04-07 00:00:00+00:00,1007398.2449908401,0.000762896558856495,0.24377858143577075,60.41550682774653,3.987735294822894,2.3108685154874933
2021-04-08 00:00:00+00:00,1007071.1594176424,-0.0003246834852294842,0.24359274536856665,60.476455620162334,4.040820766270323,2.313181635200912
2021-04-09 00:00:00+00:00,1008911.111680951,0.0018270330215518823,0.2436718615978426,60.45049644768633,4.102065411971987,2.2998658500640947
2021-04-12 00:00:00+00:00,1020006.6399517462,0.01099752806994953,0.24322747696567756,60.59652440509177,4.697137185469117,2.2158058762361974
2021-04-13 00:00:00+00:00,1021946.8543937968,0.0019021586390284052,0.24058167326087565,61.47712188690092,4.9221265081133785,2.202826523188148
2021-04-14 00:00:00+00:00,1021857.1719975537,-8.775641889547354e-05,0.24012491757446539,61.63110716007953,4.8036848301111945,2.202728235342215
2021-04-15 00:00:00+00:00,1020491.0631572506,-0.0013368882440121489,0.24014599192672897,61.62398950958404,5.040929667595179,2.2164224162882227
2021-04-16 00:00:00+00:00,1020583.3488206231,9.043260318906603e-05,0.24046747006052024,61.51556817305206,4.973895736090395,2.2155037965269457
2021-04-19 00:00:00+00:00,1018533.5325155057,-0.002008475160295529,0.2404457259275989,61.52289243204988,4.720770798476661,2.229909045111503
2021-04-20 00:00:00+00:00,1020503.8252367233,0.0019344407015756447,0.24092962709900653,61.36020859831039,4.683913765125028,2.2144255873949716
2021-04-21 00:00:00+00:00,1017577.9877266904,-0.0028670519773448476,0.24046446285477774,61.51658103650227,4.67447389621464,2.2379392148031005
2021-04-22 00:00:00+00:00,1017564.356142689,-1.3396107390067767e-05,0.24115586926660687,61.28437171030918,4.509066732017879,2.2376950353109306
2021-04-23 00:00:00+00:00,1015108.855795195,-0.002413115526964966,0.24115909985980669,61.28328983856305,4.569089846302701,2.2572337487825447
2021-04-26 00:00:00+00:00,1011912.2389505386,-0.0031490384764226217,0.24174245232503883,61.088408858603195,4.553443060967026,2.2810995240419465
2021-04-27 00:00:00+00:00,1007426.9828402197,-0.004432455639602216,0.24250611340692493,60.834709109027294,4.38975306968925,2.313405215476149
2021-04-28 00:00:00+00:00,1013481.239705853,0.006009623495059315,0.24358579664499103,60.47873640185914,4.5349274597997,2.2705415221404266
2021-04-29 00:00:00+00:00,1014497.4671793617,0.001002709703638547,0.24213068240712243,60.9592329784967,4.550066993310423,2.263459125729226
2021-04-30 00:00:00+00:00,1016025.8581469406,0.0015065498111378158,0.24188813882312943,61.03988595258468,4.503045936393085,2.2522646844393015
2021-05-03 00:00:00+00:00,1019663.0328733866,0.00357980527491656,0.241524270479054,61.16118682302745,4.5390551259783445,2.224259182046936
2021-05-04 00:00:00+00:00,1017058.7551768025,-0.002554057186171911,0.24066274471604363,61.449851483856506,4.345502795815088,2.2447088449760617
2021-05-05 00:00:00+00:00,1018205.7859394843,0.0011277920344752758,0.24127898504166154,61.2431627777784,4.362151861201551,2.2360370414121777
2021-05-06 00:00:00+00:00,1018556.3699323399,0.0003443154593078102,0.24100717906486083,61.33419696529283,4.411961050468484,2.2338749158996145
2021-05-07 00:00:00+00:00,1019155.279067734,0.0005879980264950202,0.24092422512962694,61.362021091709934,4.521640687851713,2.2300679630336067
2021-05-10 00:00:00+00:00,1019844.1512488695,0.0006759246557262639,0.24078264540931202,61.40955356277296,4.3171953952547835,2.2238100867708415
2021-05-11 00:00:00+00:00,1018979.679678442,-0.0008476506624751679,0.2406200044156665,61.464225958101174,4.328378724111288,2.231466723286758
2021-05-12 00:00:00+00:00,1018641.1632977915,-0.0003322111200071057,0.24082413915676273,61.39561710330535,4.141967761245721,2.234080635455841
2021-05-13 00:00:00+00:00,1020470.3618207134,0.0017957241360637348,0.24090417020095958,61.368750723888645,4.162938394492457,2.219171882775082
2021-05-14 00:00:00+00:00,1021845.2130341763,0.0013472720667848572,0.2404723482012387,61.51392520983482,4.421719973649285,2.209638058501764
2021-05-17 00:00:00+00:00,1021965.3734085386,0.0001175915616471671,0.24014880242785583,61.62304038550647,4.376117039860762,2.2087461846692693
2021-05-18 00:00:00+00:00,1021325.9186930693,-0.0006257107453030695,0.2401205662754839,61.63257692315428,4.28306884677594,2.2140176984058906
2021-05-19 00:00:00+00:00,1018442.5891709003,-0.0028231238132667676,0.24027090636337917,61.581826548910676,4.1990578404653025,2.238242290857303
2021-05-20 00:00:00+00:00,1019254.8513594796,0.0007975532417988885,0.240951141268127,61.35299087254807,4.454966739492296,2.2330510024412757
2021-05-21 00:00:00+00:00,1024313.2030868926,0.004962793869135081,0.2407591230490466,61.417456125609924,4.745111506043008,2.1944652130343423
2021-05-24 00:00:00+00:00,1028354.5919347967,0.003945462028337455,0.23957018560071977,61.818912611912545,5.09669182330852,2.1659661103664827
2021-05-25 00:00:00+00:00,1027599.3918271057,-0.0007343771434618911,0.23862868518445243,62.13965775857159,5.069972237285566,2.1723771507122804
2021-05-26 00:00:00+00:00,1026339.8826691561,-0.0012256811048809051,0.23880405742599203,62.07972124208818,4.971903723654339,2.181909580266311
2021-05-27 00:00:00+00:00,1025685.7123052457,-0.0006373818020294684,0.23909711424114896,61.979760197806456,4.941961331991359,2.187403855576624
2021-05-28 00:00:00+00:00,1028228.0843395117,0.0024787047374892116,0.2392496075871677,61.92784191495643,5.276572933751945,2.1719442993486346
2021-06-01 00:00:00+00:00,1026735.5984819286,-0.0014515124419518493,0.23865804476097877,62.12961747323152,5.200183970326911,2.183373901815932
2021-06-02 00:00:00+00:00,1029406.8206299375,0.002601665075174554,0.23900496343909886,62.011166214693176,5.513712605699134,2.167365506359269
2021-06-03 00:00:00+00:00,1033033.9584678637,0.00352352225110251,0.23838476611863435,62.22316797247166,5.658153000947343,2.1409425656641825
2021-06-04 00:00:00+00:00,1035384.4955246241,0.0022753724962213027,0.2375477612960083,62.51103605484675,5.947831444548055,2.1285503674701034
2021-06-07 00:00:00+00:00,1035685.8309088754,0.00029103718044245185,0.23700847872215264,62.697586614907095,5.944755618377718,2.1264441054027223
2021-06-08 00:00:00+00:00,1035719.0763875529,3.209996476274285e-05,0.2369395205121674,62.72150212159372,5.907548170306001,2.12572814526663
2021-06-09 00:00:00+00:00,1036399.9348164054,0.0006573775113105551,0.23693191500604455,62.72414065164749,5.87917117045142,2.119761245607968
2021-06-10 00:00:00+00:00,1034262.030336233,-0.0020628180380493364,0.23677626361513182,62.77817703488974,5.8511446027451814,2.137431217189834
2021-06-11 00:00:00+00:00,1037771.757645801,0.003393460464198784,0.2372656995800359,62.608502076145896,6.093887728904894,2.114716499816131
2021-06-14 00:00:00+00:00,1039134.3397177032,0.0013129881998265843,0.23646327081927557,62.88705186261955,6.196726818896489,2.106530783005361
2021-06-15 00:00:00+00:00,1038816.811245176,-0.0003055701850960142,0.23615320444848348,62.9951932968975,6.096336495865673,2.106923863234283
2021-06-16 00:00:00+00:00,1039614.5550264752,0.0007679349936039249,0.23622538788398356,62.96999262447472,6.0981148913497485,2.1006429605849912
2021-06-17 00:00:00+00:00,1039565.071447076,-4.759800558767709e-05,0.23604412134316965,63.03330562299052,6.507319746601382,2.1128623095870123
2021-06-18 00:00:00+00:00,1038554.1636204817,-0.0009724334285174902,0.23605535710737624,63.02937835478424,6.3719962842667055,2.1179076187106283
2021-06-21 00:00:00+00:00,1040074.4472648061,0.0014638462755034102,0.2362851286651518,62.9491475748958,6.3540423139509965,2.105416949683535
2021-06-22 00:00:00+00:00,1042047.4005598661,0.001896934686020267,0.23593974914212687,63.069805006985035,6.584044789536834,2.0961376572386494
2021-06-23 00:00:00+00:00,1042670.1963732992,0.0005976655314321736,0.23549303423716625,63.22638860183106,6.649863743953303,2.0934110332939047
2021-06-24 00:00:00+00:00,1040412.9159637587,-0.0021649035499355144,0.23535237223653968,63.27581684099243,6.640494972671439,2.111924476920408
2021-06-25 00:00:00+00:00,1040096.38737084,-0.00030423362499835835,0.23586299286709606,63.09666760214,6.573141391048194,2.113090299932566
2021-06-28 00:00:00+00:00,1044258.598473557,0.004001755176977728,0.2359347721580929,63.07154628524169,7.0154779715426105,2.092809137947878
2021-06-29 00:00:00+00:00,1040156.8929765509,-0.003927863752332849,0.2349943821726727,63.401880499743044,6.915152787659835,2.1224957772298114
2021-06-30 00:00:00+00:00,1033002.0835982036,-0.006878586708080912,0.23592104790515173,63.076348317440974,6.687370565881595,2.1706030100426843
2021-07-01 00:00:00+00:00,1036084.6294970473,0.002984065519119185,0.23755509119790258,62.50850630328643,6.843272415381774,2.5052745597396915
2021-07-02 00:00:00+00:00,1036051.422146197,-3.2050809272653874e-05,0.23684832029205774,62.75315280319466,6.954265912843226,2.5101860499909323
2021-07-06 00:00:00+00:00,1038511.4052992429,0.0023743832598097287,0.23685591171570924,62.750517299158915,7.102521219974807,2.497408337007273
2021-07-07 00:00:00+00:00,1041914.6471158442,0.0032770384602763413,0.23629485716248352,62.94575405733716,7.076656014618495,2.469809553661904
2021-07-08 00:00:00+00:00,1039809.5405937294,-0.0020204212772534113,0.23552303910505507,63.21585261421028,6.84567994682945,2.477525452895499
2021-07-09 00:00:00+00:00,1038957.7757426844,-0.0008191546795758613,0.2359998582400721,63.0487806680107,6.869994384796919,2.4858666082032554
2021-07-12 00:00:00+00:00,1042637.1776299899,0.0035414354396408245,0.23619333711745652,62.98118028300713,7.151154556055974,2.4685439630847057
2021-07-13 00:00:00+00:00,1041526.9219856801,-0.0010648533048030315,0.23535982549039713,63.27319630580915,7.00235523916083,2.471584097767819
2021-07-14 00:00:00+00:00,1041028.9574446873,-0.00047811010016283567,0.23561071634033917,63.18508077848298,6.870022459368196,2.4704252986674655
2021-07-15 00:00:00+00:00,1037858.0283682415,-0.0030459566506479572,0.23572341808737163,63.145559783166085,6.420309391809618,2.4781158033073334
2021-07-16 00:00:00+00:00,1033879.0435397414,-0.003833843088110985,0.23644361508925602,62.89389874535292,6.03254271930733,2.4962328545300805
2021-07-19 00:00:00+00:00,1037851.7498583291,0.003842525238722415,0.23735359151552612,62.57810629864657,6.460637476653062,2.4807888376461715
2021-07-20 00:00:00+00:00,1035529.035228445,-0.0022380023256704734,0.23644504546077225,62.89340045091543,6.276620323301808,2.4930438144361844
2021-07-21 00:00:00+00:00,1037836.1115585166,0.0022279204653713135,0.23697539695027364,62.70905801997225,6.6279398470500155,2.4886907082884706
2021-07-22 00:00:00+00:00,1035492.6379539631,-0.0022580382186107454,0.23644860825692945,62.892159316009675,6.582844182514693,2.5061302738064217
2021-07-23 00:00:00+00:00,1033501.4476518494,-0.0019229400858398916,0.2369837265687104,62.70616934739433,6.485403323941074,2.518569479261924
2021-07-26 00:00:00+00:00,1030967.7320932385,-0.0024515839473350956,0.23744031005891694,62.54813837103608,6.327236427460165,2.5330271295323956
2021-07-27 00:00:00+00:00,1031387.7097002286,0.00040736251379801665,0.23802384549762187,62.3470498346384,6.304721002733322,2.5294421481543607
2021-07-28 00:00:00+00:00,1025345.5424768695,-0.00585828895044256,0.2379269229881732,62.380381390748724,6.249590979652078,2.573262092154951
2021-07-29 00:00:00+00:00,1018165.9212756202,-0.007002147962633064,0.23932898131493113,61.90084430952976,5.997390959341973,2.617277383102403
2021-07-30 00:00:00+00:00,1010450.5437349231,-0.007577721252967116,0.2410166153168326,61.3310331030814,5.785419545037355,2.6638903283256767
2021-08-02 00:00:00+00:00,1008909.8993634337,-0.0015247103196112265,0.24285691734079604,60.71870155223242,5.827443282557034,2.6746306950538825
2021-08-03 00:00:00+00:00,1001793.1127624346,-0.007053936734577951,0.2432277692305579,60.596428189415796,5.627687935123183,2.7148164399097063
2021-08-04 00:00:00+00:00,998637.6687536635,-0.003149796069240276,0.24495567103682775,60.03160385600318,5.734347027848943,2.7343964909012093
2021-08-05 00:00:00+00:00,1008823.536130768,0.010199762832716702,0.24572966938354776,59.78117179181499,6.14577058628916,2.68159371227355
2021-08-06 00:00:00+00:00,1011645.4870992544,0.0027972691629595168,0.24324859144145256,60.58957396460106,6.13090408732311,2.664480495746759
2021-08-09 00:00:00+00:00,1015003.0985626588,0.003318960551123336,0.2425700576991933,60.81353832717935,6.2235919906244135,2.645606387455537
2021-08-10 00:00:00+00:00,1014412.167942879,-0.0005821958776446648,0.24176764043804125,61.08001542744954,6.067118941847336,2.6464857968517483
2021-08-11 00:00:00+00:00,1010495.5328621397,-0.003860989846643694,0.24190847855702444,61.03311617191145,5.847465418931606,2.667474722917257
2021-08-12 00:00:00+00:00,1013820.9059312696,0.0032908340126067233,0.2428461049023494,60.722272117884536,6.039582600726041,2.650414867471952
2021-08-13 00:00:00+00:00,1009536.9291301706,-0.0042255755193407385,0.2420495599776385,60.98619061543453,6.005222159033327,2.6768501090504784
2021-08-16 00:00:00+00:00,1013598.4191748267,0.004023121817005271,0.2430766989259421,60.64619245661714,6.0381238553604275,2.652501993347486
2021-08-17 00:00:00+00:00,1009502.396518609,-0.004041070485836261,0.24210269031059786,60.96853293635176,5.7271300330634745,2.6729839244719376
2021-08-18 00:00:00+00:00,1016174.3560399079,0.00660915669374133,0.24308501398616647,60.643451773159875,5.95917467689094,2.6348903010495013
2021-08-19 00:00:00+00:00,1018192.501663386,0.001986022980685068,0.24148897550722812,61.17297237008835,6.122203865117293,2.6255175631241845
2021-08-20 00:00:00+00:00,1023838.8855319832,0.005545497397960515,0.24101032346624182,61.33314265766598,6.6575450197912405,2.60152397940726
2021-08-23 00:00:00+00:00,1024119.0144916609,0.00027360648597761917,0.2396811721497453,61.78126836152291,7.038439495242329,2.610062700644606
2021-08-24 00:00:00+00:00,1025213.9667208233,0.0010691650224910077,0.2396156117642251,61.80350081864018,6.973216222157492,2.601590035766733
2021-08-25 00:00:00+00:00,1027981.9033495046,0.0026998623882725516,0.23935969674866736,61.89040178920863,7.243168275867156,2.5912827239079665
2021-08-26 00:00:00+00:00,1027982.7477563141,8.214218623791338e-07,0.2387151985625593,62.11007929942143,7.162578726234305,2.5893487179901324
2021-08-27 00:00:00+00:00,1025670.4699567412,-0.00224933521950608,0.23871500247683738,62.110146315834875,7.30800677711374,2.608658835434177
2021-08-30 00:00:00+00:00,1026448.2644735393,0.0007583278836436748,0.2392531630428479,61.92663220475766,7.345326847536981,2.605067196554789
2021-08-31 00:00:00+00:00,1025498.6974331671,-0.000925099757326009,0.23907186817901296,61.988361928313076,7.237510153418071,2.608574571209128
2021-09-01 00:00:00+00:00,1027896.7678715547,0.0023384431831946387,0.23929323829569007,61.912999464791476,7.314276721076522,2.595621438340647
2021-09-02 00:00:00+00:00,1028076.389341541,0.0001747466045235402,0.23873497013219427,62.10332251545715,7.300089566164404,2.594414682744691
2021-09-03 00:00:00+00:00,1030740.0087329235,0.0025908769221794324,0.2386932592956097,62.11757818767828,7.5665887853183555,2.5851190403460462
2021-09-07 00:00:00+00:00,1030453.1355042178,-0.0002783177389789796,0.23807643256077318,62.328976552073726,7.439878885798701,2.583631009608488
2021-09-08 00:00:00+00:00,1032896.1730765732,0.0023708381178926103,0.23814271190190403,62.30620883550977,7.407754785810881,2.566752078102633
2021-09-09 00:00:00+00:00,1031298.8648993325,-0.0015464363397561384,0.23757944948703225,62.50010070633162,7.308728513520359,2.5748413573809645
2021-09-10 00:00:00+00:00,1035904.9164066341,0.004466262558866712,0.23794742002430905,62.37333021607444,7.566336929521772,2.5520945825123866
2021-09-13 00:00:00+00:00,1033835.4865820961,-0.0019977024838501,0.23688940972307088,62.73888985951107,7.3872630231796625,2.5608414125459262
2021-09-14 00:00:00+00:00,1033012.4724231472,-0.0007960784569988271,0.23736359155950487,62.57464939724614,7.404301951255169,2.567348912719686
2021-09-15 00:00:00+00:00,1034205.3531830428,0.0011547593003378856,0.23755270214808683,62.50933081320259,7.467300799596075,2.5616227918568217
2021-09-16 00:00:00+00:00,1032104.2690716872,-0.0020315927633607267,0.23727870235976478,62.60400388938477,7.348365013282504,2.5724875665224527
2021-09-17 00:00:00+00:00,1034028.8278387816,0.001864694125163742,0.23776173738483988,62.43725118213434,7.281496278183514,2.557640060197346
2021-09-20 00:00:00+00:00,1032242.5905071639,-0.0017274540936650146,0.23731920964881922,62.58999394142754,6.977104597633327,2.560772633715401
2021-09-21 00:00:00+00:00,1031041.2202748343,-0.0011638448591230163,0.237729877098199,62.448229073838824,6.94320778886027,2.568491766553551
2021-09-22 00:00:00+00:00,1033614.1230667568,0.0024954412503862974,0.2380068801821349,62.352882230003146,7.316510679389222,2.5627559011121432
2021-09-23 00:00:00+00:00,1034584.5352488646,0.0009388534468052405,0.2374144264289872,62.5570808642827,7.519263605188312,2.5629531032752775
2021-09-24 00:00:00+00:00,1034099.084941634,-0.00046922246630509386,0.0,82.10988374990988,7.281633706656177,2.57284390280787
2021-09-27 00:00:00+00:00,1034181.1562975817,7.93650793650893e-05,0.0,82.07135594774873,0.0,2.6087221468224353
2021-09-28 00:00:00+00:00,1034263.2341671292,7.936507936506725e-05,0.0,82.07786954742713,0.0,2.5695537397117056
2021-09-29 00:00:00+00:00,1034345.3185507932,7.93650793650917e-05,0.0,82.08438366405787,0.0,2.570348835184484
2021-09-30 00:00:00+00:00,1034427.409449091,7.936507936512298e-05,0.0,82.090898297682,0.0,2.5864417616302666
2021-10-01 00:00:00+00:00,1034509.5068625393,7.93650793651214e-05,0.0,82.09741344834055,0.0,2.4400381445147517
2021-10-04 00:00:00+00:00,1034591.6107916554,7.936507936504733e-05,0.0,82.10392911607455,0.0,2.4532838199679348
2021-10-05 00:00:00+00:00,1034673.7212369563,7.936507936508614e-05,0.0,82.11044530092504,0.0,2.4418138934056834
2021-10-06 00:00:00+00:00,1034755.8381989592,7.936507936508565e-05,0.0,82.11696200293304,0.0,2.450184785579607
2021-10-07 00:00:00+00:00,1034837.9616781814,7.93650793651187e-05,0.0,82.12347922213962,0.0,2.4653160473558406
2021-10-08 00:00:00+00:00,1034920.09167514,7.936507936503311e-05,0.0,82.12999695858582,0.0,2.461376040116451
2021-10-11 00:00:00+00:00,1035002.2281903523,7.936507936512672e-05,0.0,82.1365152123127,0.0,2.4625220336414197
2021-10-12 00:00:00+00:00,1035084.3712243357,7.936507936513485e-05,0.0,82.14303398336129,0.0,2.4675036783463455
2021-10-13 00:00:00+00:00,1035166.5207776076,7.936507936513032e-05,0.0,82.14955327177267,0.0,2.4977782839863396
2021-10-14 00:00:00+00:00,1035248.6768506852,7.93650793650735e-05,0.0,82.1560730775879,0.0,2.492545608577569
2021-10-15 00:00:00+00:00,1035330.839444086,7.936507936503715e-05,0.0,82.16259340084802,0.0,2.4907132333675297
2021-10-18 00:00:00+00:00,1035413.0085583276,7.936507936509407e-05,0.0,82.16911424159413,0.0,2.5152066813957337
2021-10-19 00:00:00+00:00,1035495.1841939274,7.936507936509213e-05,0.0,82.17563559986726,0.0,2.513439814006239
2021-10-20 00:00:00+00:00,1035577.3663514032,7.936507936510408e-05,0.0,82.18215747570852,0.0,2.519088311558328
2021-10-21 00:00:00+00:00,1035659.5550312723,7.936507936509029e-05,0.0,82.18867986915899,0.0,2.542618928291163
2021-10-22 00:00:00+00:00,1035741.7502340527,7.936507936512349e-05,0.0,82.1952027802597,0.0,2.531201598224701
2021-10-25 00:00:00+00:00,1035823.9519602617,7.93650793650516e-05,0.0,82.2017262090518,0.0,2.532415946654803
2021-10-26 00:00:00+00:00,1035906.1602104172,7.936507936505975e-05,0.0,82.20825015557632,0.0,2.493986356012798
2021-10-27 00:00:00+00:00,1035988.3749850371,7.936507936510829e-05,0.0,82.21477461987439,0.0,2.498880442306496
2021-10-28 00:00:00+00:00,1036070.5962846391,7.936507936504513e-05,0.0,82.22129960198707,0.0,2.4637373284931905
2021-10-29 00:00:00+00:00,1036152.824109741,7.936507936505539e-05,0.0,82.22782510195549,0.0,2.4466307200357913
2021-11-01 00:00:00+00:00,1036235.0584608609,7.936507936509937e-05,0.0,82.23435111982072,0.0,2.4816769079763135
2021-11-02 00:00:00+00:00,1036317.2993385164,7.936507936502506e-05,0.0,82.24087765562388,0.0,2.481375026804902
2021-11-03 00:00:00+00:00,1036399.5467432259,7.936507936512982e-05,0.0,82.24740470940607,0.0,2.501397895783638
2021-11-04 00:00:00+00:00,1036481.800675507,7.936507936503696e-05,0.0,82.2539322812084,0.0,2.478954906095177
2021-11-05 00:00:00+00:00,1036564.0611358781,7.936507936504383e-05,0.0,82.26046037107199,0.0,2.461838797730505
2021-11-08 00:00:00+00:00,1036646.3281248572,7.936507936511073e-05,0.0,82.26698897903795,0.0,2.5320555679493664
2021-11-09 00:00:00+00:00,1036728.6016429623,7.936507936508567e-05,0.0,82.27351810514739,0.0,2.528371471547825
2021-11-10 00:00:00+00:00,1036810.8816907117,7.936507936504131e-05,0.0,82.28004774944145,0.0,2.496061875744276
2021-11-11 00:00:00+00:00,1036893.1682686236,7.936507936505028e-05,0.0,82.28657791196125,0.0,2.5234243686266677
2021-11-12 00:00:00+00:00,1036975.4613772164,7.936507936507289e-05,0.0,82.29310859274791,0.0,2.535272075287734
2021-11-15 00:00:00+00:00,1037057.7610170082,7.936507936506947e-05,0.0,82.29963979184257,0.0,2.5334660681863643
2021-11-16 00:00:00+00:00,1037140.0671885175,7.936507936511261e-05,0.0,82.30617150928637,0.0,2.5641805524227426
2021-11-17 00:00:00+00:00,1038191.6576243298,0.0010139328997894222,0.21359484940372886,64.7311341846677,0.0,2.5552690400846565
2021-11-18 00:00:00+00:00,1039864.1358887367,0.001610953287983453,0.21337849792457547,64.8145937430655,3.8374329029039576,2.543372161917257
2021-11-19 00:00:00+00:00,1043265.5564272993,0.003271023993586916,0.21303530799470485,64.94733011325651,4.117165094549579,2.5191060009300834
2021-11-22 00:00:00+00:00,1042936.4988263637,-0.0003154111615286538,0.2123407363512839,65.21728412425354,3.9555682542298936,2.520719937887175
2021-11-23 00:00:00+00:00,1043976.4755317181,0.0009971620578287472,0.21240773212078976,65.1911684416396,3.94602684679828,2.512657563874609
2021-11-24 00:00:00+00:00,1040398.2834862343,-0.0034274642478523375,0.21219613818297592,65.2737062753979,3.984352878845784,2.5419448392396955
2021-11-26 00:00:00+00:00,1039320.169172671,-0.0010362515304721573,0.21292593420992098,64.98972277972457,3.763309894903667,2.549692133470938
2021-11-29 00:00:00+00:00,1038406.8761593114,-0.0008787407773358816,0.21314680791583904,64.904158151664,4.054902125707214,2.558315626659193
2021-11-30 00:00:00+00:00,1039919.2887193795,0.0014564739456097728,0.21333427344111505,64.83167457917514,3.9898267305443156,2.5470590086666154
2021-12-01 00:00:00+00:00,1043694.9215995139,0.003630697998480188,0.21302400952145772,64.95170732203769,3.939937001790821,2.5174012504326813
2021-12-02 00:00:00+00:00,1045224.879697514,0.0014659054732731784,0.2122533815937347,65.25136072522297,4.020196359372641,2.5061669983429433
2021-12-03 00:00:00+00:00,1046362.3393772272,0.0010882439767817415,0.21194269363910886,65.37278597109598,3.839758681812906,2.4950676377464416
2021-12-06 00:00:00+00:00,1048578.9728409816,0.0021184186207175728,0.21171229900490618,65.463060548851,3.812147830292104,2.475773803511531
2021-12-07 00:00:00+00:00,1050463.5478906075,0.0017972657267005304,0.2112647518207478,65.63898383962515,4.218080837361065,2.466148163240032
2021-12-08 00:00:00+00:00,1048656.662227959,-0.001720084115509697,0.21088573411856643,65.78855328800817,4.061014619422002,2.4797889682748853
2021-12-09 00:00:00+00:00,1050641.2118995083,0.0018924684723148643,0.2112491003404778,65.64514966398843,3.9427851051628307,2.4608441792923053
2021-12-10 00:00:00+00:00,1049659.9779933924,-0.0009339381465361022,0.21085007322451513,65.80265360617489,3.8528984220658717,2.4688524018993894
2021-12-13 00:00:00+00:00,1047734.4474831095,-0.001834432626424253,0.2110471782349876,65.7247778993403,3.509853666290675,2.482523265966071
2021-12-14 00:00:00+00:00,1046317.987448448,-0.0013519265669504597,0.21143504157361961,65.57195801757182,3.477222684458389,2.4956622976544085
2021-12-15 00:00:00+00:00,1044101.6315421332,-0.0021182431468272913,0.21172127318763054,65.45954055450343,3.77717111575246,2.5177577844414087
2021-12-16 00:00:00+00:00,1044289.1676997825,0.00017961484972719527,0.21217070232378543,65.2836392920975,3.3719144041007088,2.514113694029717
2021-12-17 00:00:00+00:00,1043399.2000054977,-0.0008522234279659907,0.21213260015868568,65.29852311413318,3.3243234627674494,2.5222507413285706
2021-12-20 00:00:00+00:00,1044640.755599028,0.0011899142662978432,0.21231353873046616,65.22789075744389,3.3891571554098587,2.5121953800894836
2021-12-21 00:00:00+00:00,1042194.3263522962,-0.0023418856995761628,0.21206120407840495,65.32642691566059,3.460087893616685,2.533975299436683
2021-12-22 00:00:00+00:00,1043232.7425101761,0.000996374794626318,0.21255899294429753,65.13226586433267,3.535109330351292,2.526078194842319
2021-12-23 00:00:00+00:00,1041993.9391032726,-0.001187465995289576,0.21234741533195672,65.21467984511679,3.51869629520811,2.5368339255073704
2021-12-27 00:00:00+00:00,1039346.4203466052,-0.002540819727747944,0.21259987044871753,65.11636211441015,3.661753368116095,2.5587951305165384
2021-12-28 00:00:00+00:00,1038277.8963370608,-0.0010280730164905622,0.2131414243845942,64.90624157816671,3.5341035447292346,2.567464803041354
2021-12-29 00:00:00+00:00,1041505.9787662531,0.0031090736310390595,0.21336077483998472,64.82143808534573,3.5396392930341904,2.5423905051966207
2021-12-30 00:00:00+00:00,1042322.854840288,0.0007843220208899889,0.21269947650624335,65.0776351035356,3.529059943146041,2.536180895531534
2021-12-31 00:00:00+00:00,1043526.7460423922,0.0011550079675539974,0.21253278236487355,65.14246653798283,3.5333333614814855,2.526699496067183
2022-01-03 00:00:00+00:00,1040206.6168037655,-0.003181642685459075,0.21228758850873314,65.23801345878474,3.5303449751972007,2.50067980652496
2022-01-04 00:00:00+00:00,1042222.8697980174,0.0019383197161802598,0.2129651675764102,64.9745111382588,3.4321714638757936,2.4852160510171393
2022-01-05 00:00:00+00:00,1045060.6022032177,0.002722769272708632,0.21255317157321318,65.13453121716768,3.3177968267854223,2.461795920861192
2022-01-06 00:00:00+00:00,1046336.5648374818,0.0012209460691314285,0.2119760098071589,65.35974807472326,3.446283072807839,2.451398137730655
2022-01-07 00:00:00+00:00,1047191.1014847141,0.0008166938592698201,0.21171751414050274,65.4610149504585,3.2992612926627682,2.4438854380083392
2022-01-10 00:00:00+00:00,1047882.8275739052,0.0006605538265273873,0.21154474684479382,65.52883531928646,3.365919162739538,2.438390920733607
2022-01-11 00:00:00+00:00,1044425.6419426063,-0.003299210121901818,0.2114051023954591,65.58373421525401,3.2998433690287206,2.4694685359784208
2022-01-12 00:00:00+00:00,1044858.2808344205,0.00041423618344860083,0.21210488096564573,65.30935440324616,3.331347466935019,2.4662545843043304
2022-01-13 00:00:00+00:00,1044900.2688044955,4.018532546007724e-05,0.21201705582961286,65.34369082323141,3.1302664324897678,2.466678919187909
2022-01-14 00:00:00+00:00,1042161.0804262856,-0.0026214830831116785,0.21200853619758545,65.3470232018088,3.095721012358216,2.491138174006263
2022-01-18 00:00:00+00:00,1043641.9735174547,0.0014209829161566127,0.21256577377759195,65.12962729877627,2.969615569771229,2.4796429374468962
2022-01-19 00:00:00+00:00,1044204.9450639671,0.0005394297669104153,0.21226415004666313,65.2471584964881,2.844087091578747,2.4760370280812336
2022-01-20 00:00:00+00:00,1046279.9878048713,0.0019871987302042785,0.21214971017795173,65.29183877795734,2.7183644597326038,2.458149523004603
2022-01-21 00:00:00+00:00,1047059.8101731627,0.0007453285711098534,0.21172896265222177,65.45652470977512,2.6550846026428907,2.451617826774938
2022-01-24 00:00:00+00:00,1048629.1994801457,0.0014988535437373282,0.21157127253797314,65.51841537392525,2.708718884409538,2.4362671676417516
2022-01-25 00:00:00+00:00,1049750.6672401205,0.0010694607402986014,0.21125463278299542,65.64297008082866,2.631640362775182,2.4256783974387033
2022-01-26 00:00:00+00:00,1051937.3971493335,0.0020830945646951736,0.2110289456105983,65.73197545860444,2.8148029006994633,2.403221995231197
2022-01-27 00:00:00+00:00,1056174.0957030577,0.004027519665338764,0.2105902661717582,65.9055254513991,2.7746294389305617,2.356254029872551
2022-01-28 00:00:00+00:00,1056514.6849030347,0.00032247448726743994,0.20974551199747182,66.24177136836136,2.9222463237857323,2.354824019619625
2022-01-31 00:00:00+00:00,1054253.3615944132,-0.0021403614553914827,0.2096778962253952,66.26880225724842,3.0937307170516672,2.3825238496084524
2022-02-01 00:00:00+00:00,1046532.8803271413,-0.007323174436546967,0.21012764533818926,66.08933215338956,3.0276776254224966,2.4590134018208443
2022-02-02 00:00:00+00:00,1049910.3365427982,0.003227281511309198,0.2116777987830216,65.47659554487592,2.8909762871299125,2.427484701285656
2022-02-03 00:00:00+00:00,1047969.3622409672,-0.0018487048219968264,0.21099685254186878,65.74464762548362,2.8875999781333372,2.4471116543648965
2022-02-04 00:00:00+00:00,1046818.9321121498,-0.001097770765318347,0.21138764590215867,65.59060204597323,2.810092525779093,2.4590188076026718
2022-02-07 00:00:00+00:00,1048302.634691145,0.0014173440444008951,0.21161995610332685,65.49929806749564,2.9562680439407507,2.4449680490509773
2022-02-08 00:00:00+00:00,1045897.3449211251,-0.0022944612466118575,0.21132044233292613,65.61705224043178,2.931495509818416,2.468073118270511
2022-02-09 00:00:00+00:00,1046245.7247041775,0.0003330917558440132,0.2118064239644961,65.42615622693813,3.1603558239705523,2.464695283392977
2022-02-10 00:00:00+00:00,1049436.899482612,0.0030501197788281127,0.21173589648296137,65.45380541606927,3.089846650316301,2.435939542778156
2022-02-11 00:00:00+00:00,1054450.293723559,0.00477722314073257,0.21109204047515492,65.70707325562758,2.9586093243743905,2.38519718925432
2022-02-14 00:00:00+00:00,1054677.448507191,0.00021542483793120365,0.21008840130285145,66.10496168744876,3.0450799003702906,2.384200760483288
2022-02-15 00:00:00+00:00,1055818.200707977,0.0010816123947664427,0.21004315279070293,66.12298984487987,3.3872845504262727,2.3770125324886746
2022-02-16 00:00:00+00:00,1057641.2970191455,0.0017267142297282226,0.20981621297412717,66.21352573383112,3.3550528156599446,2.3580524302429007
2022-02-17 00:00:00+00:00,1057027.514422394,-0.0005803315344070177,0.20945454483108608,66.35821591725721,3.1206243212656855,2.361689459275135
2022-02-18 00:00:00+00:00,1053386.4653755878,-0.0034446114194065427,0.20957616849052133,66.30950301275313,2.822023037613871,2.3991897943891183
2022-02-22 00:00:00+00:00,1051246.7673183056,-0.002031256454884614,0.2103005722431779,66.0205308661812,2.8278871757128976,2.4222289791601583
2022-02-23 00:00:00+00:00,1053041.4094990103,0.0017071559566197907,0.21072861610486984,65.8507135600477,2.6614998701765105,2.4039239809336297
2022-02-24 00:00:00+00:00,1051000.8495111007,-0.001937777536099395,0.21036948258957602,65.99314547915124,2.7515965930468527,2.426097456614936
2022-02-25 00:00:00+00:00,1049052.232968838,-0.001854058008772468,0.2107779233144805,65.83119627376159,2.8156232716049403,2.4460051991241776
2022-02-28 00:00:00+00:00,1047881.4030694278,-0.0011160835110151418,0.21116944371280424,65.6765441672328,2.8362299632642447,2.4577472975815087
2022-03-01 00:00:00+00:00,1052865.4225466049,0.004756282020635157,0.2114053897824802,65.58362115934312,2.8395404735860663,2.4087685228738485
2022-03-02 00:00:00+00:00,1051823.852964965,-0.0009892713345269425,0.2104046459479001,65.97917826070636,2.882487663981793,2.4202398389200486
2022-03-03 00:00:00+00:00,1055446.7694501495,0.003444413696240112,0.21061299935083663,65.89651400819527,2.9521952667438858,2.3832333768575076
2022-03-04 00:00:00+00:00,1055870.2196346668,0.00040120468106402923,0.2098900511838345,66.18404706257499,2.805500722607793,2.378103668886739
2022-03-07 00:00:00+00:00,1056405.4321443895,0.0005068923242364637,0.20980587608423476,66.21765422007637,2.5624912556149977,2.371174211885629
2022-03-08 00:00:00+00:00,1054588.339489222,-0.0017200712906965524,0.20969958097624228,66.26013140338769,2.569297963334208,2.3929925418277107
2022-03-09 00:00:00+00:00,1054743.5674922122,0.00014719298249145563,0.21006090070083566,66.11591770059663,2.7885869112981037,2.3925753768898925
2022-03-10 00:00:00+00:00,1057226.3396712684,0.002353910709272492,0.21002998576081888,66.12823738337362,2.8349666451199993,2.3658828179819746
2022-03-11 00:00:00+00:00,1057599.5037907274,0.0003529652123262659,0.2095367549493574,66.32528279440982,2.7439408750609906,2.3614055606502853
2022-03-14 00:00:00+00:00,1057261.934699823,-0.000319184237222592,0.20946282185996512,66.35489899436688,2.6561742177629593,2.3653737455443493
2022-03-15 00:00:00+00:00,1056177.2594972586,-0.0010259285489856369,0.20952970043757477,66.32810779667605,2.8584229785314355,2.3800378114699017
2022-03-16 00:00:00+00:00,1055855.021429559,-0.0003050984716836092,0.20974488370176808,66.24202246313921,3.0682072937822666,2.3860133013476497
2022-03-17 00:00:00+00:00,1059918.1811717215,0.003848217472756164,0.20980889607530628,66.21644801332178,3.1795245035429907,2.343812359585032
2022-03-18 00:00:00+00:00,1063359.0847666394,0.003246386047566417,0.20900460091816658,66.5389210087315,3.581990446663103,2.3148815275698813
2022-03-21 00:00:00+00:00,1062354.4057971307,-0.0009448162750490051,0.2083282868743443,66.81200859562973,3.5673432659391757,2.326405611173649
2022-03-22 00:00:00+00:00,1062509.7905107792,0.00014626447897299745,0.2085253049762454,66.73227216947825,3.5396057634299494,2.3246963111082604
2022-03-23 00:00:00+00:00,1061057.0697610443,-0.0013672539892893936,0.20849480959155192,66.74460428960909,3.395913237501995,2.3381897817450876
2022-03-24 00:00:00+00:00,1063031.6797178239,0.0018609837425843736,0.20878026524208906,66.62930899201109,3.8105501850742582,2.327304297408982
2022-03-25 00:00:00+00:00,1062383.596823312,-0.000609655297087462,0.20839245028004058,66.78602406794597,3.7228115074396757,2.332664901845857
2022-03-28 00:00:00+00:00,1063680.5333156108,0.0012207798540722638,0.2085195753436953,66.7345889175879,3.8437038759646365,2.322601698369824
2022-03-29 00:00:00+00:00,1061850.0422308058,-0.0017209030601501622,0.2082653292254751,66.83752038523065,3.8290530121570514,2.3421485772921664
2022-03-30 00:00:00+00:00,1063028.029640355,0.00110937266346411,0.20862435151041123,66.69224331500803,3.7539620936640286,2.32857383577365
2022-03-31 00:00:00+00:00,1069780.9101480236,0.0063524952488349315,0.2083931658289878,66.78573437925796,3.890134732244679,2.257154332741693
2022-04-01 00:00:00+00:00,1069350.324356856,-0.00040249904170377364,0.2070777056874685,67.32167727669199,3.7674545764088805,2.3803453329489805
2022-04-04 00:00:00+00:00,1069185.3386799358,-0.00015428589973028934,0.2071610878267971,67.28750380120249,3.854071757191614,2.3873204917997146
2022-04-05 00:00:00+00:00,1068381.5846801586,-0.0007517443147597674,0.2071930547936738,67.27440969985962,3.6107920578094923,2.38659299920368
2022-04-06 00:00:00+00:00,1066006.1840908052,-0.00222336347182971,0.20734892817159836,67.2106196998773,3.2794808558141533,2.4029106360465686
2022-04-07 00:00:00+00:00,1065389.7884885382,-0.0005782289178676063,0.20781096748575176,67.02209584357941,3.275161592602364,2.411356254914724
2022-04-08 00:00:00+00:00,1064526.1300169793,-0.0008106502248197895,0.2079311993181244,66.97317555768521,3.066335733091438,2.4151862552276757
2022-04-11 00:00:00+00:00,1064198.9015745365,-0.0003073935277075979,0.20809989554523312,66.9046312345456,2.8620973900884517,2.412923357788777
2022-04-12 00:00:00+00:00,1064859.8809819983,0.0006211051397289295,0.20816388377580827,66.87866072324061,2.8510506307713843,2.404494994188171
2022-04-13 00:00:00+00:00,1064729.0821882957,-0.00012283192938210651,0.20803467237155648,66.93111940637252,2.9403368220841055,2.410403772364872
2022-04-14 00:00:00+00:00,1066139.803194712,0.0013249577099151372,0.208060228810889,66.92073854972945,2.8277051717209862,2.387689225422849
2022-04-18 00:00:00+00:00,1067024.2678513543,0.0008295953813862751,0.20778492257571818,67.03270053436566,2.982539829802356,2.3827766009097524
2022-04-19 00:00:00+00:00,1065628.0085635816,-0.0013085543879749989,0.20761268804859587,67.10289614203569,2.9125356094856367,2.3998919598682944
2022-04-20 00:00:00+00:00,1065853.2480213696,0.00021136780938365017,0.2078847165065735,66.99208191284738,2.8794189684165032,2.3964029033511967
2022-04-21 00:00:00+00:00,1065587.3979029483,-0.00024942469229677746,0.20784078565500902,67.00995806029086,2.631199560239946,2.391485343042966
2022-04-22 00:00:00+00:00,1064950.4754858962,-0.0005977195472708658,0.20789263921257536,66.98885884454315,2.502502339643727,2.397005558328222
2022-04-25 00:00:00+00:00,1064147.0335869566,-0.0007544406218261798,0.2080169750247118,66.93830944636441,2.570090026099228,2.411654071562178
2022-04-26 00:00:00+00:00,1065589.3530238145,0.0013553760818148103,0.20817402996932993,66.87454421628982,2.4115284612329284,2.3862430751235775
2022-04-27 00:00:00+00:00,1064699.8882367443,-0.0008347162859183479,0.20789225777554646,66.98901401286587,2.406336385262063,2.4003055443339565
2022-04-28 00:00:00+00:00,1064615.886430103,-7.889716864753902e-05,0.20806593379903332,66.91842156944759,2.46424551425194,2.4043358848879364
2022-04-29 00:00:00+00:00,1064630.3865684713,1.362006574676145e-05,0.20808235090736546,66.9117547593967,2.3738903774333067,2.4022063373803215
2022-05-02 00:00:00+00:00,1063281.8594774308,-0.0012666622219821252,0.2080795168506654,66.9129055640291,2.469989323237102,2.4252543709285126
2022-05-03 00:00:00+00:00,1059560.7904986413,-0.0034996073201307904,0.20834341758692138,66.80587960442271,2.438307726986924,2.474850395986677
2022-05-04 00:00:00+00:00,1058798.382901301,-0.0007195505950929091,0.20907509833149937,66.51055666959815,2.4478312692056434,2.485374334343579
2022-05-05 00:00:00+00:00,1058645.24577721,-0.00014463294104331503,0.20922564677014152,66.45004813012669,2.2269314820693964,2.4854458187604735
2022-05-06 00:00:00+00:00,1057343.4256425875,-0.0012297038501002026,0.20925591206813463,66.43789439011947,2.1406270800637075,2.5023074092838353
2022-05-09 00:00:00+00:00,1059634.490145168,0.0021668120754505006,0.20951355168929514,66.33457533181608,1.9597108343317449,2.4717892304972953
2022-05-10 00:00:00+00:00,1059758.1408807072,0.00011669187506553456,0.2090605567504279,66.51640584789392,2.0524613413100785,2.4716235264026243
2022-05-11 00:00:00+00:00,1057501.0876301976,-0.002129781469415119,0.20903616392850258,66.52621939833354,1.850669985012304,2.5026612216540043
2022-05-12 00:00:00+00:00,1056398.3543179464,-0.0010427727452483708,0.2094823154821867,66.34708818797563,1.7734671760777307,2.518718498693929
2022-05-13 00:00:00+00:00,1055161.6439039921,-0.0011706856688097466,0.20970098595499229,66.2595696711303,1.9635840708008132,2.5337296845196
2022-05-16 00:00:00+00:00,1053973.9152018211,-0.0011256367297208891,0.2099467676270662,66.1614180509752,1.8178914635927659,2.550543745003778
2022-05-17 00:00:00+00:00,1050015.2286652084,-0.003755962533337132,0.21018335773450825,66.06715386826322,1.8620943869807514,2.596312249935183
2022-05-18 00:00:00+00:00,1052063.8999552422,0.0019510872167425844,0.21097577484025,65.75297239710348,1.6498600616387753,2.578396614777728
2022-05-19 00:00:00+00:00,1051509.9112465486,-0.0005265732516029705,0.21056494426919226,65.91556535662997,1.7568759828929448,2.5831312343074484
2022-05-20 00:00:00+00:00,1053295.4591322965,0.0016980799388102011,0.2106758805526492,65.87159799879714,1.7119627376524371,2.5637361031220984
2022-05-23 00:00:00+00:00,1053056.1661857355,-0.0002271850167835491,0.2103187425152283,66.01330814845967,1.700803784578882,2.567637729619894
2022-05-24 00:00:00+00:00,1053665.7938577945,0.0005789127794266875,0.21036653463993116,65.99431664476435,1.6622877760487387,2.56183690563513
2022-05-25 00:00:00+00:00,1053046.7988420594,-0.0005874680751177358,0.2102448212261151,66.04269979334046,1.5650606269235081,2.572669289843303
2022-05-26 00:00:00+00:00,1052047.2369198166,-0.0009492094020341669,0.2103684059486233,65.99357320479007,1.8591436007230997,2.5786763026050643
2022-05-27 00:00:00+00:00,1052548.1113131146,0.00047609496581590543,0.21056827933914218,65.91424289350095,2.021522608341926,2.57145514729491
2022-05-31 00:00:00+00:00,1052573.4255176089,2.405040132812086e-05,0.210468076547433,65.953994829477,1.993833974094977,2.572206895989394
2022-06-01 00:00:00+00:00,1052338.7503357423,-0.00022295374002171927,0.21046301482746166,65.95600389332573,1.9050246469640015,2.5767955021947726
2022-06-02 00:00:00+00:00,1049923.8928569125,-0.0022947529757498275,0.21050994880786017,65.93737887889188,2.053417377243754,2.60158016770111
2022-06-03 00:00:00+00:00,1049260.8915815551,-0.000631475557293257,0.2109941282114391,65.74572352342919,1.8834724717909195,2.6122607471642243
2022-06-06 00:00:00+00:00,1049997.6028843476,0.0007021240462722028,0.21112745003561023,65.69310437459131,1.9118408094360388,2.6045440429800464
2022-06-07 00:00:00+00:00,1051091.375130108,0.0010416902312499997,0.21097931638431075,65.75157352560657,1.959782898763038,2.5926090059226583
2022-06-08 00:00:00+00:00,1052756.5412347051,0.0015842258285022261,0.21075976999077087,65.83838084669868,1.9687702094921509,2.574774300485558
2022-06-09 00:00:00+00:00,1052656.7046223006,-9.483352370099311e-05,0.21042640704173643,65.97053688674607,1.8706274261174305,2.5780907841656355
2022-06-10 00:00:00+00:00,1053980.4980922283,0.0012575737789108788,0.21044636441202366,65.96261334607904,1.7452445084190273,2.5656284101812066
2022-06-13 00:00:00+00:00,1056355.7997626439,0.0022536485966438724,0.2101820449834546,66.06767631988284,1.6206683297022484,2.539201107943619
2022-06-14 00:00:00+00:00,1057293.805516193,0.0008879638411222927,0.2097094336126904,66.25619232547137,1.7012572869812548,2.5263811031202437
2022-06-15 00:00:00+00:00,1057171.0648902373,-0.00011608942123301816,0.2095233844234528,66.33063722654668,1.8003210916796042,2.5275859853622915
2022-06-16 00:00:00+00:00,1060722.4501550156,0.003359328856722924,0.2095477106959082,66.3208959070264,1.7365235280109088,2.4806810772560786
2022-06-17 00:00:00+00:00,1061978.3896000795,0.0011840415415742286,0.20884612787193316,66.60275188042151,1.8051851624514268,2.463340906497301
2022-06-21 00:00:00+00:00,1062329.4533141972,0.0003305751958379745,0.20859913782720918,66.70242961415674,1.9096985222685157,2.4596639808088305
2022-06-22 00:00:00+00:00,1061832.1039991672,-0.00046816862083455513,0.20853020291454258,66.73029181368989,1.8433762986607962,2.467459904897897
2022-06-23 00:00:00+00:00,1062490.3471424754,0.0006199126404533023,0.2086278759394888,66.69081964583036,1.8671035241592864,2.4589463123808866
2022-06-24 00:00:00+00:00,1061285.0772377679,-0.001134381980927246,0.20849862500633026,66.74306116514053,1.9741289001662805,2.4775103553610407
2022-06-27 00:00:00+00:00,1061400.0035250678,0.0001082897420917995,0.20873541069500412,66.64740482349708,1.9384696244528907,2.4766571710817713
2022-06-28 00:00:00+00:00,1063361.1804201081,0.0018477264825013746,0.2087128092387204,66.65652595740977,1.8540280442009522,2.4488647087469433
2022-06-29 00:00:00+00:00,1064572.6930939278,0.0011393237745814938,0.20832787630462907,66.8121749173336,1.8273399179942598,2.431127972700474
2022-06-30 00:00:00+00:00,1064639.5768606276,6.282686671723035e-05,0.2080907935163044,66.9083267168431,1.7561167394038306,2.4304166446142847
2022-07-01 00:00:00+00:00,1065031.2337605688,0.00036787745679721785,0.20807772064508262,66.91363495229548,1.6655917455113276,2.2872696479797057
2022-07-05 00:00:00+00:00,1065280.5010576283,0.00023404693605029854,0.2080012016919934,66.94471883324319,1.7461359022067453,2.2832080806866837
2022-07-06 00:00:00+00:00,1065342.2494521893,5.796444645301902e-05,0.20795253103925976,66.96450195205743,1.7742400542344017,2.2829241151620647
2022-07-07 00:00:00+00:00,1064645.754714973,-0.0006537755707843341,0.207940477884564,66.96940261829245,1.853177439436156,2.2935027450324106
2022-07-08 00:00:00+00:00,1064664.0812092426,1.721370154192278e-05,0.20807651322576498,66.91412525819591,1.8573976467279396,2.294144096129422
2022-07-11 00:00:00+00:00,1064508.1707667054,-0.00014644097165378192,0.20807293152042283,66.91557974186809,1.7417826125596432,2.2989971533722677
2022-07-12 00:00:00+00:00,1064976.3878984237,0.00043984362410395047,0.20810340638545838,66.90320589722229,1.753323716676321,2.2927492511464336
2022-07-13 00:00:00+00:00,1064273.9066540147,-0.0006596214267203012,0.20801191367149233,66.94036598704119,1.7174336220830566,2.304872660051679
2022-07-14 00:00:00+00:00,1064050.380874598,-0.00021002655239338753,0.20814921335257466,66.8846135073262,1.7863359147513083,2.3078906562004726
2022-07-15 00:00:00+00:00,1063389.7892772593,-0.0006208273679632522,0.20819293939786904,66.86687336610265,1.808868863150911,2.317892306221034
2022-07-18 00:00:00+00:00,1064077.419220201,0.0006466395952598576,0.2083222715654131,66.81444546155195,1.8745639347063934,2.308046161815185
2022-07-19 00:00:00+00:00,1062775.5475731236,-0.0012234745551046877,0.20818764918820395,66.86901926654733,2.0031267535518413,2.3251261439813735
2022-07-20 00:00:00+00:00,1062671.8893914707,-9.753534684684703e-05,0.2084426734954236,66.76569611995387,2.061959927251279,2.3266420866167414
2022-07-21 00:00:00+00:00,1062082.6132769927,-0.0005545231038485947,0.20846300600701922,66.75746928014017,2.0471971447898984,2.3352881160248513
2022-07-22 00:00:00+00:00,1062290.5563372523,0.00019578802784274158,0.2085786676972273,66.71070133454667,1.9809429740528044,2.3343771762518633
2022-07-25 00:00:00+00:00,1062011.0098638614,-0.000263154437101236,0.2085378384850997,66.72720475202759,1.9273231495180938,2.3397730429230403
2022-07-26 00:00:00+00:00,1062634.9196877684,0.0005874796194316783,0.20859273058770095,66.7050185239807,1.9395665496222523,2.3321990359449445
2022-07-27 00:00:00+00:00,1062245.1869849367,-0.0003667606772665178,0.20847025855953955,66.75453517667174,2.0487250892646593,2.3365044852746713
2022-07-28 00:00:00+00:00,1061908.6919855378,-0.000316777146671802,0.20854674530508938,66.72360400978032,2.065295887937984,2.34137813526918
2022-07-29 00:00:00+00:00,1059901.678058951,-0.001890006119861545,0.20861282908184506,66.69689805744707,2.042764368426169,2.36724836960776
2022-08-01 00:00:00+00:00,1058520.0093003046,-0.0013035820088299784,0.20900785520728596,66.53761123787669,2.0473414953808624,2.3841650462160606
2022-08-02 00:00:00+00:00,1061687.2119925977,0.002992104697564157,0.20928066972313292,66.42795498719047,2.0849434641596596,2.3463003295317377
2022-08-03 00:00:00+00:00,1059347.3237598385,-0.002203933706960308,0.20865634808385464,66.67932028022962,2.1152900596856234,2.374690948139481
2022-08-04 00:00:00+00:00,1055642.5832589087,-0.003497191542223272,0.2091172285926561,66.49361486493126,2.0686245919497113,2.4176817360971548
2022-08-05 00:00:00+00:00,1056164.03244854,0.0004939637694620897,0.20985111814817,66.19958784104794,2.0318869159775828,2.4137710848487317
2022-08-08 00:00:00+00:00,1054112.5044221478,-0.0019424331480367614,0.20974751047725937,66.24097269736788,1.7796539323016614,2.445161811998541
2022-08-09 00:00:00+00:00,1056258.4939669077,0.002035825906397322,0.21015572392165444,66.07815301273358,1.7428848686851213,2.4238111557955437
2022-08-10 00:00:00+00:00,1056377.943411971,0.0001130873226066484,0.20972875269360441,66.24846964327008,1.9104283572063934,2.4171688937172386
2022-08-11 00:00:00+00:00,1056886.8710527683,0.00048176662904714175,0.20970503771235238,66.25794975795765,1.907736754087097,2.412317382151483
2022-08-12 00:00:00+00:00,1057127.7217624267,0.00022788693497387928,0.20960405747214944,66.29834084056061,2.0323394835795363,2.406749493173011
2022-08-15 00:00:00+00:00,1057823.1897934892,0.0006578845836178039,0.20955630232870728,66.31745597624779,2.0882801940364257,2.398384814760323
2022-08-16 00:00:00+00:00,1058052.2791856595,0.00021656680849947469,0.20941852910688394,66.37265185172893,2.0675559215464943,2.397040926540268
2022-08-17 00:00:00+00:00,1058328.4526632016,0.00026102063477872816,0.20937318582424463,66.39083354952022,1.9687657572184318,2.3971592324654623
2022-08-18 00:00:00+00:00,1057635.1676699764,-0.000655075455526727,0.20931854936361877,66.4127520794839,2.0384185544387177,2.4038306697827094
2022-08-19 00:00:00+00:00,1058683.0827682049,0.0009908096196697975,0.20945575869015542,66.35772946097394,1.9057278777519029,2.3963320690142194
2022-08-22 00:00:00+00:00,1058911.1687504607,0.00021544311604515282,0.2092484333295117,66.44089732591272,1.8135377893506321,2.3972713292081465
2022-08-23 00:00:00+00:00,1059930.0073290512,0.0009621567971491673,0.2092033619053357,66.45899938799651,1.8608938441253287,2.384431674933571
2022-08-24 00:00:00+00:00,1057869.4432007861,-0.0019440567905587406,0.20900226895164428,66.53985959264655,1.683446091230003,2.4158604850488983
2022-08-25 00:00:00+00:00,1058460.0554597913,0.0005583035437890957,0.20940937266457949,66.37632275706996,1.927184789580973,2.401244105817336
2022-08-26 00:00:00+00:00,1058359.3515415778,-9.514191649844071e-05,0.20929252390679376,66.42319674587989,1.6599085671114562,2.412599396801872
2022-08-29 00:00:00+00:00,1058908.2283649493,0.0005186110205121066,0.20931243829331997,66.4152043714185,1.6215421867540796,2.4084465708664555
2022-08-30 00:00:00+00:00,1059621.6277393233,0.0006737121832318833,0.20920394282303734,66.45876602406705,1.5874634068613864,2.4020070346100924
2022-08-31 00:00:00+00:00,1059802.0641408009,0.00017028380391074675,0.20906309446922927,66.51538502203321,1.3791938982488325,2.411127930205909
2022-09-01 00:00:00+00:00,1058162.9855869696,-0.0015465893201104803,0.20902750047132707,66.52970537135684,1.2935911325329008,2.437961448086991
2022-09-02 00:00:00+00:00,1059730.6029998963,0.0014814517558058998,0.20935128092655952,66.39961977184643,1.307676190689286,2.4180983256085096
2022-09-06 00:00:00+00:00,1060665.024150818,0.0008817534836461664,0.20904159588729582,66.52403385223744,1.3065519455542005,2.4068148490933803
2022-09-07 00:00:00+00:00,1060406.9897795068,-0.000243276025357453,0.20885743511629662,66.59819426104073,1.3368135577970608,2.409195529298019
2022-09-08 00:00:00+00:00,1058426.5088142632,-0.0018676611756920417,0.20890825748684236,66.57771534268271,1.3205131010053988,2.4361243935657395
2022-09-09 00:00:00+00:00,1057988.435795002,-0.00041389082341862797,0.20929915739721822,66.42053431369511,1.3536112171639085,2.440093576913524
2022-09-12 00:00:00+00:00,1059158.1873405296,0.0011056373642200855,0.20938582026678063,66.38576661375376,1.4150014827395379,2.4228983788035396
2022-09-13 00:00:00+00:00,1061246.2366389525,0.0019714234600459626,0.2091545711580109,66.47860403800198,1.2588025809930745,2.406490299626669
2022-09-14 00:00:00+00:00,1060734.8091053693,-0.00048191222350335935,0.20874305021170197,66.64432223628951,1.2522507136308365,2.4146239178641355
2022-09-15 00:00:00+00:00,1061389.2450920548,0.0006169647503484138,0.20884369454090285,66.6037327494972,1.2042694858970795,2.4100940275237366
2022-09-16 00:00:00+00:00,1062018.0669390175,0.0005924516852515644,0.20871492478943615,66.65567211351984,1.2932237138244076,2.396476777584113
2022-09-19 00:00:00+00:00,1062411.8989696293,0.0003708336448050517,0.2085913444958607,66.70557860931055,1.3334806204962886,2.389569774323723
2022-09-20 00:00:00+00:00,1063066.8534843528,0.0006164788961406642,0.20851402048165252,66.73683511967657,1.3059864150056955,2.383004883677812
2022-09-21 00:00:00+00:00,1064275.129350997,0.0011365944321224278,0.20838555518462065,66.78881563671811,1.3274119391903536,2.3654755726382977
2022-09-22 00:00:00+00:00,1066289.7560707293,0.0018929566840116218,0.2081489742194708,66.88471054676924,1.308078736243869,2.3371264922183665
2022-09-23 00:00:00+00:00,1067156.3696746612,0.000812737437453509,0.20775570167534294,67.0446015562718,1.3228159027300075,2.323743769621875
2022-09-26 00:00:00+00:00,1068005.9151384784,0.0007960833931733837,0.20758698795870067,67.11338041372672,1.304893063427655,2.311781115669279
2022-09-27 00:00:00+00:00,1068094.832861733,8.325583406811408e-05,0.2074218628582981,67.1808046568868,1.3513780094337562,2.309417171596942
2022-09-28 00:00:00+00:00,1067767.226962132,-0.0003067198618714972,0.20740459521573387,67.18786161904987,1.3627192977199396,2.3153548385826235
2022-09-29 00:00:00+00:00,1069923.4994217698,0.002019421841380707,0.20746822984253388,67.16186115082756,1.3533574772177146,2.2805865290483904
2022-09-30 00:00:00+00:00,1070372.0883723348,0.00041927198608827693,0.207050108331509,67.33299388571946,1.3503379783917129,2.2739372751196267
2022-10-03 00:00:00+00:00,1069333.397411113,-0.0009704017626257619,0.2069633344032463,67.36859618338335,1.3932851687874395,2.277083826189229
2022-10-04 00:00:00+00:00,1070198.0244831736,0.0008085664154453613,0.20716436707020447,67.28616039281017,1.5025899286216486,2.260308921069005
2022-10-05 00:00:00+00:00,1070255.1966607594,5.342205487006304e-05,0.2069969962509379,67.35478158900547,1.5206815807051148,2.260005610905278
2022-10-06 00:00:00+00:00,1071350.9819337516,0.0010238541951593523,0.2069859386367667,67.35931906341705,1.4626187558637844,2.243699272416376
2022-10-07 00:00:00+00:00,1075037.511778011,0.003441010375148318,0.20677423197191142,67.44628614857515,1.4661908130121666,2.1749437633694537
2022-10-10 00:00:00+00:00,1074106.6669604026,-0.0008658719415928401,0.20606515961970343,67.73886788224654,1.3716063987439542,2.196010526829631
2022-10-11 00:00:00+00:00,1073929.6990455159,-0.000164758231496292,0.20624374028754758,67.66499130942047,1.3681575846030338,2.2009506579230074
2022-10-12 00:00:00+00:00,1073815.7653244245,-0.0001060904835694805,0.2062777262409201,67.65094623681041,1.343837233487622,2.205000286338936
2022-10-13 00:00:00+00:00,1074359.0071293148,0.0005058985185659001,0.2062996126665881,67.64190387799364,1.4305224671409817,2.1941785690569784
2022-10-14 00:00:00+00:00,1074547.2100621385,0.0001751769488362741,0.2061952987704049,67.68501830695318,1.3053987325809322,2.1935495095600217
2022-10-17 00:00:00+00:00,1074849.420904064,0.00028124482488592177,0.20615918443350126,67.69995504765348,1.4522412008993075,2.186854213409265
2022-10-18 00:00:00+00:00,1075428.6541061348,0.0005388970685619376,0.20610121953210517,67.72394003510789,1.4825219977505153,2.1763898288265393
2022-10-19 00:00:00+00:00,1076268.694378431,0.0007811213408614174,0.20599021201070017,67.76991092416111,1.468396097196892,2.1604196708146963
2022-10-20 00:00:00+00:00,1076095.470665521,-0.00016094838938895945,0.20582943424703237,67.83658078704177,1.4756721934381964,2.165440365305991
2022-10-21 00:00:00+00:00,1076288.3599394178,0.0001792492201249758,0.20586256749570628,67.82283287331876,1.5604210559007066,2.1631699679120846
2022-10-24 00:00:00+00:00,1076933.530888617,0.0005994406083101673,0.20582567340426686,67.83814154585025,1.5817451604771513,2.1515123109967482
2022-10-25 00:00:00+00:00,1076814.883677643,-0.00011017134072899866,0.20570236705223024,67.8893455894375,1.620068059646389,2.1557274353105145
2022-10-26 00:00:00+00:00,1077445.0049318064,0.000585171382486168,0.20572503205483322,67.8799291441221,1.7278418516199063,2.1460617668491846
2022-10-27 00:00:00+00:00,1078911.6615791637,0.001361235738848888,0.2056047180577217,67.92993876746839,1.709620415669748,2.1167898023016267
2022-10-28 00:00:00+00:00,1077907.7520815472,-0.000930483498664936,0.20532522202741094,68.04634008868723,1.8028804938696867,2.1411028644365766
2022-10-31 00:00:00+00:00,1078588.972618502,0.0006319840780803636,0.20551645169441676,67.96666473173353,1.7577954124621342,2.127619176389816
2022-11-01 00:00:00+00:00,1077734.6743849711,-0.0007920517038635772,0.20538665060138642,68.02072985371409,1.765277096203102,2.146307686741467
2022-11-02 00:00:00+00:00,1079506.718743948,0.001644230626604023,0.20554945639855512,67.95292840660845,1.7391601627217488,2.1106512987157102
2022-11-03 00:00:00+00:00,1078698.3182104134,-0.0007488610487530775,0.2052120404766555,68.09356684779709,1.7536163226702841,2.1293436551698
2022-11-04 00:00:00+00:00,1079457.4369961238,0.0007037359499824781,0.2053658309481974,68.02940807529436,1.883730613380224,2.119114902958928
2022-11-07 00:00:00+00:00,1079069.0607857755,-0.00035978835018171223,0.2052214092647917,68.08965559796977,1.8902191552482501,2.1283742867519404
2022-11-08 00:00:00+00:00,1079381.5041851262,0.0002895490295339429,0.205295272112045,68.05883208921198,1.9494142510897043,2.125398920627436
2022-11-09 00:00:00+00:00,1080185.431141891,0.0007448033467757156,0.2052358462719314,68.08362918439853,1.8301842287902763,2.106398604463701
2022-11-10 00:00:00+00:00,1079363.7169418766,-0.0007607158700019002,0.205083099692913,68.1474329111259,2.125712912064764,2.134095844749255
2022-11-11 00:00:00+00:00,1077577.0327473637,-0.0016553124460909692,0.2052392284311275,68.08221749842635,2.143518170536489,2.167402213124046
2022-11-14 00:00:00+00:00,1076768.657742209,-0.0007501783915100944,0.20557952678046867,67.9404171655285,2.117955333757638,2.181631929820953
2022-11-15 00:00:00+00:00,1075552.8145305957,-0.0011291591772022488,0.205733863879553,67.87626041908766,2.1184827701921427,2.2026275262954726
2022-11-16 00:00:00+00:00,1076568.47920028,0.0009443187316911393,0.20596643276730783,67.77976492610246,2.0857930807497214,2.186585395518691
2022-11-17 00:00:00+00:00,1074517.4528541497,-0.0019051517722810207,0.2057721183015359,67.86037323322027,1.9590969857263516,2.219913721370651
2022-11-18 00:00:00+00:00,1074056.33470528,-0.0004291397479352297,0.20616489371417762,67.69759336447977,1.8847266130287395,2.2282326588730923
2022-11-21 00:00:00+00:00,1074982.6600477076,0.0008624550803304831,0.20625340524851674,67.66099668599804,1.900026561780146,2.214204592897613
2022-11-22 00:00:00+00:00,1075149.4113086953,0.00015511995419564757,0.0,85.31608413077045,2.0133618275261966,2.218112032792415
2022-11-23 00:00:00+00:00,1075234.7406270532,7.93650793651086e-05,0.0,85.32931835783296,0.0,2.211746693167479
2022-11-25 00:00:00+00:00,1075320.076717579,7.936507936497563e-05,0.0,85.3360905259566,0.0,2.202009054670693
2022-11-28 00:00:00+00:00,1075405.4195808107,7.936507936518224e-05,0.0,85.34286323155389,0.0,2.19821356732429
2022-11-29 00:00:00+00:00,1075490.7692172853,7.936507936503915e-05,0.0,85.34963647466752,0.0,2.2095819924022613
2022-11-30 00:00:00+00:00,1075576.1256275408,7.936507936515628e-05,0.0,85.35641025534011,0.0,2.2084624223937586
2022-12-01 00:00:00+00:00,1075661.4888121143,7.936507936506089e-05,0.0,85.36318457361435,0.0,2.1911733267607882
2022-12-02 00:00:00+00:00,1075746.858771544,7.936507936514634e-05,0.0,85.36995942953288,0.0,2.1766500982609127
2022-12-05 00:00:00+00:00,1075832.2355063672,7.936507936515645e-05,0.0,85.3767348231384,0.0,2.1682322704867936
2022-12-06 00:00:00+00:00,1075917.6190171216,7.93650793650516e-05,0.0,85.38351075447359,0.0,2.1514302492708817
2022-12-07 00:00:00+00:00,1076003.0093043451,7.936507936500853e-05,0.0,85.39028722358108,0.0,2.142392762993036
2022-12-08 00:00:00+00:00,1076088.4063685755,7.936507936498756e-05,0.0,85.39706423050357,0.0,2.1004692439348416
2022-12-09 00:00:00+00:00,1076173.810210351,7.93650793651654e-05,0.0,85.40384177528377,0.0,2.0755637015305366
2022-12-12 00:00:00+00:00,1076407.8232557469,0.00021744911758279705,0.14733074940947882,72.82700922676234,0.0,2.0847285474837847
2022-12-13 00:00:00+00:00,1075770.2109750593,-0.0005923519570482144,0.14729871943291706,72.84558169068266,4.5894363987546445,2.077481443179198
2022-12-14 00:00:00+00:00,1074038.6349535906,-0.0016096151425305431,0.14738602383257585,72.79497754142176,4.369673958964903,2.0574431848289256
2022-12-15 00:00:00+00:00,1073544.3140122946,-0.000460245027700796,0.14762364108065476,72.65755087305122,4.221989831351996,2.050161321815826
2022-12-16 00:00:00+00:00,1073812.980019706,0.00025026075207581653,0.14769161541228135,72.61831905231344,4.168825577427464,2.0519054879311023
2022-12-19 00:00:00+00:00,1074232.268412486,0.00039046686954015815,0.1476546632452101,72.63964175131436,4.15036344277728,2.055731262739535
2022-12-20 00:00:00+00:00,1075624.0136782336,0.0012955720161007564,0.1475970314943691,72.67291860788418,4.242570904311192,2.0711636687506085
2022-12-21 00:00:00+00:00,1077324.589813722,0.001581013545498229,0.14740605633278056,72.78337458135623,4.426426401340587,2.0896940525346577
2022-12-22 00:00:00+00:00,1076864.2034100392,-0.00042734233306832714,0.14717337323615753,72.91834094131562,4.192330592332859,2.0847108514563666
2022-12-23 00:00:00+00:00,1078555.3549149972,0.001570440822160105,0.1472362935373501,72.88180233784873,4.302680976137714,2.1041719105617007
2022-12-27 00:00:00+00:00,1081569.2698212622,0.002794399835419215,0.1470054302086712,73.0160207112581,4.352179038680656,2.143663811176471
2022-12-28 00:00:00+00:00,1081010.6418327931,-0.0005164976521211685,0.14659578297684756,73.25522030699341,4.304293818081408,2.136028451674449
2022-12-29 00:00:00+00:00,1081340.445509854,0.0003050882797062113,0.14667153848210657,73.21088475235301,4.414410960916165,2.1364819749862853
2022-12-30 00:00:00+00:00,1081582.7748741917,0.00022410089749622453,0.14662680436260475,73.23705964735784,4.43330984787049,2.138373594423434
2023-01-03 00:00:00+00:00,1081718.5347118156,0.0001255196003280561,0.1465939525262761,73.25629213659099,4.3868678255367275,2.2087705924059975
2023-01-04 00:00:00+00:00,1080824.8578534692,-0.0008261639508511622,0.14657555442126727,73.26706672687861,4.3800089748334905,2.1962301367441395
2023-01-05 00:00:00+00:00,1079902.846722354,-0.0008530624776213814,0.14669674998781423,73.1961399920892,4.225255512494218,2.185373442066717
2023-01-06 00:00:00+00:00,1079645.6422808308,-0.000238173685997614,0.14682199832547507,73.12296450549276,4.291185194627075,2.1804753275831454
2023-01-09 00:00:00+00:00,1081025.6728044169,0.0012782254376266188,0.1468569757927141,73.10255145457822,4.517675612776875,2.1947058842783473
2023-01-10 00:00:00+00:00,1080977.9331199813,-4.4161471495576766e-05,0.14666949910803026,73.21207768660886,4.561631058428477,2.1930367618328357
2023-01-11 00:00:00+00:00,1082114.6162512351,0.0010515322250594437,0.1466759765349871,73.20828882276477,4.659381366983917,2.204765409411062
2023-01-12 00:00:00+00:00,1082551.005170942,0.0004032742125032025,0.1465219040312212,73.29850176968968,4.7585915011528055,2.208202755234032
2023-01-13 00:00:00+00:00,1081103.3712031406,-0.0013372431976753573,0.14646283934502335,73.33313581093626,4.709390889831751,2.1916677115390604
2023-01-17 00:00:00+00:00,1078632.021238804,-0.002285951584431904,0.14665895803903922,73.21824422619011,4.630536403431135,2.165102441377769
2023-01-18 00:00:00+00:00,1078495.1648242911,-0.00012687961400940516,0.1469949814497879,73.02210534013165,4.564413477583011,2.162447708526928
2023-01-19 00:00:00+00:00,1077620.6000621573,-0.0008109120844100924,0.1470136344829852,73.01124371993221,4.403200371429412,2.1512681322276337
2023-01-20 00:00:00+00:00,1076109.6312291222,-0.0014021343253348517,0.14713294636720925,72.94183381817555,4.448639855691416,2.136265653010985
2023-01-23 00:00:00+00:00,1079608.964172317,0.003251836840450795,0.1473395361883779,72.82191565682356,4.934228468783022,2.174940848393098
2023-01-24 00:00:00+00:00,1076926.4285427073,-0.002484728933004153,0.14686196503999982,73.09964049358506,4.701801130532178,2.1470544239682803
2023-01-25 00:00:00+00:00,1076948.0216084332,2.0050641486338064e-05,0.14722778618006357,72.88674084044143,4.7511398170156856,2.147582926243387
2023-01-26 00:00:00+00:00,1074463.1887713012,-0.0023072913337274297,0.14722483422769458,72.88845457581651,4.538572680616285,2.1212373414333747
2023-01-27 00:00:00+00:00,1073503.0130231697,-0.0008936329863747836,0.14756531038951512,72.69124562048857,4.606929862988908,2.114871085457016
2023-01-30 00:00:00+00:00,1074571.387615171,0.0009952227232158295,0.14769729756661906,72.61504119603369,4.501422755994809,2.1200449342749064
2023-01-31 00:00:00+00:00,1078762.3327691227,0.0039001086407602355,0.14755045200396394,72.69983283031952,4.846276354305188,2.1626016645899697
2023-02-01 00:00:00+00:00,1082687.6910762447,0.0036387610021994784,0.14697722485929524,73.03244752507757,5.432350495032657,2.2026534977054237
2023-02-02 00:00:00+00:00,1085235.1677954865,0.0023529192584700997,0.14644434887362143,73.34398389865869,5.645660876657059,2.2248474806108693
2023-02-03 00:00:00+00:00,1084853.0230432018,-0.0003521308225396178,0.14610058599116904,73.546164590662,5.602729730234569,2.2208418470655764
2023-02-06 00:00:00+00:00,1081714.6458404977,-0.0028929054314660876,0.14615205063297426,73.51583564206798,5.360579901696487,2.192255670889186
2023-02-07 00:00:00+00:00,1080045.2710813843,-0.0015432672244317294,0.14657608137490674,73.26675808629781,5.395579702322909,2.1793176975791515
2023-02-08 00:00:00+00:00,1079139.3560220506,-0.0008387750806284527,0.1468026370731619,73.13426802605072,5.308365086300787,2.1704606636685195
2023-02-09 00:00:00+00:00,1076533.709987306,-0.002414559361776558,0.1469258748356736,73.06237000546868,5.113478680951435,2.1466652934435455
2023-02-10 00:00:00+00:00,1078438.6764986154,0.001769537259852125,0.14728149474763294,72.85557270112388,5.096025444102194,2.159904800346436
2023-02-13 00:00:00+00:00,1078370.5574527814,-6.316450561215057e-05,0.1470213350173266,73.00676051948176,5.1736765630668,2.1604847691207296
2023-02-14 00:00:00+00:00,1077409.0661306647,-0.0008916149606196888,0.14703062213388352,73.00135424600286,5.255574830478595,2.154919377289255
2023-02-15 00:00:00+00:00,1077704.6093195395,0.00027430917203642697,0.1471618338265555,72.92504541091424,5.261483859823282,2.156656469837431
2023-02-16 00:00:00+00:00,1074502.1153628577,-0.002971587881306228,0.1471214770559955,72.94850121955511,4.826150730007986,2.1217696714992775
2023-02-17 00:00:00+00:00,1073843.4996161594,-0.0006129496976150007,0.14755996445814532,72.69433503251686,4.747177860592384,2.114120861741854
2023-02-21 00:00:00+00:00,1075373.560425655,0.001424845249836256,0.14765046676710292,72.64206394150906,4.707005916117087,2.1237989228002188
2023-02-22 00:00:00+00:00,1070472.881147872,-0.004557187807224159,0.14744038703200635,72.76349733908808,4.633094240484837,2.0861731174777542
2023-02-23 00:00:00+00:00,1066857.1413628082,-0.0033777033017283052,0.14811537662040325,72.37455453926403,4.508333787882018,2.05816763001958
2023-02-24 00:00:00+00:00,1066597.719087743,-0.00024316496089984868,0.14861736197463915,72.08759106425896,4.429022013939709,2.052441342742483
2023-02-27 00:00:00+00:00,1066748.2188238532,0.0001411026232448125,0.14865350929941556,72.06700199480935,4.473573818085072,2.0550860816320777
2023-02-28 00:00:00+00:00,1068505.6808506467,0.0016474946906695615,0.14863253685856528,72.07894641831015,4.5035493573834735,2.06657473929656
2023-03-01 00:00:00+00:00,1069596.271929523,0.0010206694249936565,0.14838806830387594,72.21842753154773,4.562944917831436,2.0755372116446225
2023-03-02 00:00:00+00:00,1069510.153175262,-8.05151967345441e-05,0.14823676756755985,72.3049823790776,4.631008939701469,2.077486470772074
2023-03-03 00:00:00+00:00,1069138.9883568126,-0.00034704188393860745,0.14824870384111524,72.29814755731086,4.696643622452043,2.077669487945084
2023-03-06 00:00:00+00:00,1069874.1319740568,0.0006876034128865375,0.14830017021157388,72.2686900320371,4.701720370363088,2.081866208810074
2023-03-07 00:00:00+00:00,1072584.5232475651,0.0025333739666247375,0.14819826857631693,72.32703476356441,4.864051715633645,2.104590180656153
2023-03-08 00:00:00+00:00,1072894.8263938767,0.0002893041430171056,0.14782377567138288,72.5421451820968,5.038734110925641,2.1123718977320505
2023-03-09 00:00:00+00:00,1074335.2821793628,0.0013425880618025596,0.14778102200945625,72.56677241593107,5.00285567188155,2.119751924865181
2023-03-10 00:00:00+00:00,1074807.7287926842,0.0004397571420747937,0.14758287899798708,72.68109430366806,4.979222006342389,2.121635224605378
2023-03-13 00:00:00+00:00,1073690.8809922233,-0.0010391140392295242,0.1475180069008678,72.71859006663007,4.897217079584377,2.1111361037691125
2023-03-14 00:00:00+00:00,1076403.461302124,0.0025264071418711577,0.14767145438230989,72.62995135230778,5.273783419051313,2.14012806731316
2023-03-15 00:00:00+00:00,1078833.7308058012,0.0022577681984944286,0.14729931633752205,72.8452355038872,5.498648045668852,2.161378255075291
2023-03-16 00:00:00+00:00,1082270.1045510583,0.003185267244740617,0.14696749779478868,73.03811403592508,6.0010972148753385,2.1940495313449015
2023-03-17 00:00:00+00:00,1083701.1104953703,0.0013222262522955737,0.14650085342504732,73.31084211094547,6.08289740437951,2.204197030018784
2023-03-20 00:00:00+00:00,1082068.5402374743,-0.001506476501763321,0.0,86.00802464248972,5.9339984157920185,2.185446034420105
2023-03-21 00:00:00+00:00,1082154.4186930486,7.936507936506892e-05,0.0,85.87845557440272,0.0,2.166221563609132
2023-03-22 00:00:00+00:00,1082240.3039643734,7.936507936501559e-05,0.0,85.88527132484514,0.0,2.1797994488452193
2023-03-23 00:00:00+00:00,1082326.1960519897,7.936507936511551e-05,0.0,85.89208761622011,0.0,2.186631690666493
2023-03-24 00:00:00+00:00,1082412.0949564383,7.936507936511386e-05,0.0,85.8989044485706,0.0,2.1788732699994253
2023-03-27 00:00:00+00:00,1082498.0006782603,7.936507936518608e-05,0.0,85.90572182193955,0.0,2.1711193571364897
2023-03-28 00:00:00+00:00,1082583.9132179967,7.936507936507741e-05,0.0,85.91253973636987,0.0,2.150649727930179
2023-03-29 00:00:00+00:00,1082669.8325761887,7.93650793651784e-05,0.0,85.91935819190451,0.0,2.1541547389829847
2023-03-30 00:00:00+00:00,1082755.7587533772,7.936507936501918e-05,0.0,85.92617718858641,0.0,2.1594876077608625
2023-03-31 00:00:00+00:00,1082841.6917501036,7.936507936499026e-05,0.0,85.93299672645851,0.0,2.149513061227549
2023-04-03 00:00:00+00:00,1082927.6315669091,7.936507936505192e-05,0.0,85.93981680556378,0.0,2.3253378614344906
2023-04-04 00:00:00+00:00,1083013.5782043352,7.936507936516447e-05,0.0,85.94663742594517,0.0,2.3336005249804828
2023-04-05 00:00:00+00:00,1083099.5316629228,7.936507936507325e-05,0.0,85.95345858764566,0.0,2.3082405891916156
2023-04-06 00:00:00+00:00,1083185.4919432136,7.93650793651686e-05,0.0,85.96028029070816,0.0,2.3047408307091737
2023-04-10 00:00:00+00:00,1083271.4590457487,7.936507936498087e-05,0.0,85.96710253517568,0.0,2.3289479052260935
2023-04-11 00:00:00+00:00,1083357.4329710698,7.936507936511529e-05,0.0,85.97392532109117,0.0,2.3203724457554826
2023-04-12 00:00:00+00:00,1083443.4137197183,7.936507936510227e-05,0.0,85.98074864849761,0.0,2.31904277343595
2023-04-13 00:00:00+00:00,1083529.4012922358,7.93650793651171e-05,0.0,85.98757251743797,0.0,2.3173830254218903
2023-04-14 00:00:00+00:00,1083615.3956891638,7.936507936512008e-05,0.0,85.99439692795522,0.0,2.306421888738059
2023-04-17 00:00:00+00:00,1083701.396911044,7.936507936507156e-05,0.0,86.00122188009237,0.0,2.2748227019243084
2023-04-18 00:00:00+00:00,1083787.4049584179,7.936507936514673e-05,0.0,86.00804737389237,0.0,2.2630927859109473
2023-04-19 00:00:00+00:00,1083873.4198318273,7.936507936509107e-05,0.0,86.01487340939825,0.0,2.2560126024630103
2023-04-20 00:00:00+00:00,1086109.2713802569,0.0020628345593865483,0.1322241652401914,74.64755251337559,0.0,2.280614808183892
2023-04-21 00:00:00+00:00,1084227.4711169747,-0.0017326067577811044,0.1319519701559745,74.82500104896523,4.483978482917536,2.2578752829282567
2023-04-24 00:00:00+00:00,1083723.9218412144,-0.000464431393941299,0.13218098782873675,74.67565182172062,4.428443490714162,2.2510929664385966
2023-04-25 00:00:00+00:00,1082336.2356258032,-0.0012804794537095167,0.13224240535339318,74.63568759348568,4.301245029694061,2.233525343828891
2023-04-26 00:00:00+00:00,1082442.9858091022,9.862940903685851e-05,0.13241195614265935,74.52555376686574,4.326697959413785,2.234057559175543
2023-04-27 00:00:00+00:00,1083627.1621450307,0.0010939849502034976,0.13239889771762034,74.5340260036355,4.413958609187668,2.2474240112607897
2023-04-28 00:00:00+00:00,1084346.935168088,0.0006642257117590877,0.13225421359834275,74.62800825251871,4.518223196799077,2.255092667584798
2023-05-01 00:00:00+00:00,1082115.1191523424,-0.002058212130603341,0.13216642526045347,74.68513309561848,4.418869898673774,2.228727968987438
2023-05-02 00:00:00+00:00,1079199.9161330983,-0.00269398603498647,0.13243901284325257,74.5080048404006,4.104182685740664,2.191633580236549
2023-05-03 00:00:00+00:00,1076969.6754860803,-0.002066568588152947,0.1327967654749334,74.27663952141297,3.9069729193259946,2.162294413806925
2023-05-04 00:00:00+00:00,1082852.636318814,0.005462512981229894,0.13307176740943175,74.09963629545916,4.36891864597489,2.2341472185294786
2023-05-05 00:00:00+00:00,1083238.1118213264,0.0003559814970048481,0.13234881031503554,74.56653794885072,4.4732528249518735,2.238413914099809
2023-05-08 00:00:00+00:00,1087268.4215519722,0.0037206129351092386,0.1323017133530598,74.59713124270093,4.824341789760977,2.2831927042370737
2023-05-09 00:00:00+00:00,1088441.7851582635,0.0010791848480400936,0.13181129454558002,74.91699709433946,4.868124120448182,2.295571900700513
2023-05-10 00:00:00+00:00,1089653.7808962625,0.0011135145255588938,0.13166919914091357,75.01012119007687,4.988495928137285,2.3076955367609346
2023-05-11 00:00:00+00:00,1090682.4414676144,0.0009440251476076978,0.13152274665207508,75.1063113280133,5.041775123320021,2.3182744274362674
2023-05-12 00:00:00+00:00,1089218.7404412287,-0.0013420047584300565,0.13139870297210637,75.18795105589837,4.88946410688828,2.3020314329268508
2023-05-15 00:00:00+00:00,1090588.531106652,0.0012575900639281874,0.1315752776207652,75.07178430777252,5.04771983645791,2.3154356486708894
2023-05-16 00:00:00+00:00,1093690.5170466304,0.0028443229059365895,0.1314100176882199,75.18049785264739,5.324630067399147,2.3465398572816634
2023-05-17 00:00:00+00:00,1093840.7391529067,0.00013735339562234497,0.1310373052792818,75.42668721296313,5.407821003042734,2.345991848980329
2023-05-18 00:00:00+00:00,1095242.9351081748,0.0012819013820549391,0.13101930933225292,75.43860960235014,5.639379019440539,2.3571649778708803
2023-05-19 00:00:00+00:00,1094002.9524169383,-0.0011321531063919333,0.13085157052315524,75.5498949956254,5.482620178574507,2.3451493049395142
2023-05-22 00:00:00+00:00,1096430.442346788,0.0022189061962646335,0.13099988244700458,75.45148367092408,5.676762127746173,2.3679706940777714
2023-05-23 00:00:00+00:00,1097288.365702155,0.0007824694775263123,0.13070984955192103,75.64414160186453,5.692791188122995,2.376502508939067
2023-05-24 00:00:00+00:00,1090738.1885291147,-0.005969421874667268,0.13060765304987815,75.7122307570524,5.774885764321148,2.3124578962287936
2023-05-25 00:00:00+00:00,1095555.3500356702,0.004416423260151513,0.13139198725274065,75.19237542585871,6.129414776051002,2.3538186874961333
2023-05-26 00:00:00+00:00,1098884.0717782704,0.0030383875561301606,0.1308142561292122,75.5746898311409,6.487741404547941,2.3809860594095524
2023-05-30 00:00:00+00:00,1094583.733008654,-0.003913368916756886,0.1304179957139395,75.83887409642664,6.206509186492852,2.3449606042747924
2023-05-31 00:00:00+00:00,1091679.820951527,-0.0026529830195312666,0.13093037457204912,75.4975773686793,5.821815445240581,2.3182993566205443
2023-06-01 00:00:00+00:00,1089760.479558501,-0.0017581541365792824,0.1312786546135658,75.2671081577962,5.826713717921154,2.302806134580379
2023-06-02 00:00:00+00:00,1089074.9206880147,-0.0006290913309353628,0.13150986923416086,75.11477947581001,5.706078650941658,2.2952351198437557
2023-06-05 00:00:00+00:00,1089854.266448154,0.0007156034404382925,0.1315926530313977,75.06037004164443,5.743017191627265,2.3012365486722293
2023-06-06 00:00:00+00:00,1097128.9529702014,0.0066749167719052415,0.13149855221501996,75.12222287975074,6.297563274301101,2.363068251238496
2023-06-07 00:00:00+00:00,1092831.0676197011,-0.003917393063837015,0.13062663032937694,75.69957895292909,5.867071706202191,2.325269299357145
2023-06-08 00:00:00+00:00,1094549.77547434,0.0015727113783307154,0.1311403586607838,75.35847694098463,6.06968187329302,2.3400393028585964
2023-06-09 00:00:00+00:00,1097439.39546798,0.0026400078446755415,0.13093443658255507,75.49488232627341,6.3035210042445255,2.3639205448969913
2023-06-12 00:00:00+00:00,1101143.1708539894,0.003374924757854139,0.1305896788060734,75.72421724640358,6.656919922662771,2.3934731689100595
2023-06-13 00:00:00+00:00,1092679.099265705,-0.007686622241610999,0.13015043089460182,76.01816767386465,6.1262507354886715,2.3244499213123744
2023-06-14 00:00:00+00:00,1094834.380142829,0.0019724737835401054,0.0,86.72056343378613,6.160902011256816,2.3140366240892773
2023-06-15 00:00:00+00:00,1094921.2717603005,7.936507936501723e-05,0.0,86.89161747165309,0.0,2.2929227342906975
2023-06-16 00:00:00+00:00,1095008.1702739322,7.936507936498116e-05,0.0,86.89851363176989,0.0,2.2552797941845917
2023-06-20 00:00:00+00:00,1095095.0756842713,7.936507936500953e-05,0.0,86.90541033920097,0.0,2.2342352805602808
2023-06-21 00:00:00+00:00,1091911.793952964,-0.0029068542101864507,0.12505713567394636,76.04330335147245,0.0,2.1921632076359123
2023-06-22 00:00:00+00:00,1090597.9430571573,-0.001203257353829148,0.12542171832390503,75.79066194422583,3.9099525489925693,2.174368703022639
2023-06-23 00:00:00+00:00,1091292.3883232516,0.0006367564422023637,0.12557281473667795,75.68638806360626,3.9054135794769884,2.1817622603541786
2023-06-26 00:00:00+00:00,1091669.6442772278,0.0003456964952865034,0.1254929063201279,75.74150276726454,3.856575636202117,2.18510647044826
2023-06-27 00:00:00+00:00,1091804.8065524139,0.00012381243345419718,0.1254495388542107,75.7714437159928,3.861545752384221,2.1859591403951435
2023-06-28 00:00:00+00:00,1093533.6644775106,0.001583486274030946,0.12543400856437242,75.78217088069012,4.0319949702399445,2.208090065241573
2023-06-29 00:00:00+00:00,1093939.1649092734,0.00037081659663081625,0.12523569955311142,75.91938182712636,4.036760090269333,2.2124238591297654
2023-06-30 00:00:00+00:00,1094210.2029711516,0.0002477633771350137,0.12518927729137155,75.95156440107579,4.1212016398755695,2.215044334214817
2023-07-03 00:00:00+00:00,1095093.6082158228,0.000807345099024419,0.12515826765630067,75.97307535836771,4.190857110181696,2.578104751826494
2023-07-05 00:00:00+00:00,1094043.2381738347,-0.000959160051805437,0.1250573032554202,76.04318688572256,4.10313255173188,2.5639476797082525
2023-07-06 00:00:00+00:00,1094280.225897676,0.0002166164147560651,0.12517736838656673,75.95982418397749,4.100664901433528,2.5653169892401175
2023-07-07 00:00:00+00:00,1093463.638483057,-0.0007462324506039321,0.12515025878620267,75.9786327334887,4.052559234459576,2.555026456933363
2023-07-10 00:00:00+00:00,1094611.1298730725,0.0010494097376729957,0.12524371971408765,75.91382420851893,4.121760139832055,2.5679978944707136
2023-07-11 00:00:00+00:00,1092507.443776935,-0.0019218570309817021,0.1251124255164468,76.00489495375825,3.957518304882541,2.5403615403848208
2023-07-12 00:00:00+00:00,1092961.1161608163,0.0004152579339073167,0.125353336707956,75.8379357397791,4.075177665970411,2.5501405565003514
2023-07-13 00:00:00+00:00,1091204.6934131081,-0.0016070313222833097,0.1253013043471969,75.87394148453157,4.043082917413868,2.533994573765493
2023-07-14 00:00:00+00:00,1092020.1532773825,0.0007473023798346596,0.1255029915857154,75.73454285376108,4.063031267962225,2.540830589702161
2023-07-17 00:00:00+00:00,1092584.4970962282,0.0005167888313709031,0.1254092729375958,75.79926189060826,4.149552043402248,2.5498035561975687
2023-07-18 00:00:00+00:00,1091134.2891552714,-0.0013273187975950981,0.1253444963018332,75.84405108258014,4.066194836954216,2.533440550995254
2023-07-19 00:00:00+00:00,1090717.8930139055,-0.00038161768492147045,0.12551108953027337,75.72895521425023,3.9899687228952976,2.524855289351843
2023-07-20 00:00:00+00:00,1088457.8547950357,-0.0020720648605340288,0.12555900506710813,75.69590790144342,3.7298686443218725,2.4893221846113556
2023-07-21 00:00:00+00:00,1090361.5502742508,0.0017489840978487882,0.12581971167042294,75.5165397888347,3.843022926266433,2.51111548782627
2023-07-24 00:00:00+00:00,1089886.1856334712,-0.0004359697392667555,0.1256000391991744,75.66762673162955,3.8103739885928536,2.504694181698649
2023-07-25 00:00:00+00:00,1090017.4569817986,0.00012044500614630679,0.12565482089867921,75.62989937918672,3.8840790478955154,2.510397316118432
2023-07-26 00:00:00+00:00,1088687.893825949,-0.0012197631765744265,0.12563968822565866,75.64031774016509,3.7554830297459727,2.4908977352730575
2023-07-27 00:00:00+00:00,1088959.766801804,0.000249725359670987,0.125793126048679,75.5347968547802,3.802513395542204,2.4959113990941133
2023-07-28 00:00:00+00:00,1089485.8035134275,0.00048306349569585865,0.12576172015787973,75.55637407508615,3.864278076456106,2.503712343032769
2023-07-31 00:00:00+00:00,1090695.752257783,0.001110568619116987,0.12570099859408643,75.5981230204531,3.950177085363531,2.517861802741672
2023-08-01 00:00:00+00:00,1095540.5869004135,0.0044419670954081725,0.12556155387258797,75.69415069857655,4.301419374328118,2.5749753912480555
2023-08-02 00:00:00+00:00,1090380.5298241605,-0.004710055599904538,0.1250062800897101,76.07866138449961,3.791467560583302,2.50328501897033
2023-08-03 00:00:00+00:00,1092735.5355404515,0.0021598016947998898,0.12559785296038212,75.66913304511446,3.9941472003818608,2.534351363194051
2023-08-04 00:00:00+00:00,1094264.0063499392,0.0013987563868614065,0.1253271711237845,75.85603826069311,4.102522189339372,2.5523435013675257
2023-08-07 00:00:00+00:00,1094117.5575298583,-0.0001338331693549349,0.12515211380527017,75.97734546779529,4.123380594968147,2.551778569236849
2023-08-08 00:00:00+00:00,1092286.7192501219,-0.001673346951738774,0.12516886555125145,75.96572254556665,3.936072029915249,2.52550172802541
2023-08-09 00:00:00+00:00,1093671.0821360021,0.001267398807916184,0.12537866756243013,75.82041792019075,3.9310252943371022,2.535904517580074
2023-08-10 00:00:00+00:00,1093804.4721760661,0.0001219654082866298,0.12521996392941867,75.9302879904987,3.9356483763855143,2.536695495088681
2023-08-11 00:00:00+00:00,1093580.0321874672,-0.0002051920560833094,0.12520469328788242,75.9408745016149,3.828756522080523,2.528016862157268
2023-08-14 00:00:00+00:00,1092837.515803976,-0.0006789776345915738,0.12523038956900218,75.92306180410705,3.9527887223226976,2.5286178949409845
2023-08-15 00:00:00+00:00,1092411.7228177597,-0.00038962149455768825,0.12531547597445705,75.86413193240139,3.883833789954033,2.5202785370573233
2023-08-16 00:00:00+00:00,1090027.448647581,-0.0021825783451212936,0.1253643206084167,75.83033883825725,3.669911435811211,2.486234151452605
2023-08-17 00:00:00+00:00,1088496.379316589,-0.001404615391008339,0.12563853655762008,75.64111072951292,3.5262030519310006,2.462848206944911
2023-08-18 00:00:00+00:00,1089332.0085695859,0.0007676913482444563,0.12581525860628218,75.51959729054529,3.6007908438654708,2.474570113014987
2023-08-21 00:00:00+00:00,1086679.4468061717,-0.002435035179859711,0.12571874541311637,75.58591707252916,3.5631953133523036,2.4529409600097996
2023-08-22 00:00:00+00:00,1086564.2930217655,-0.00010596849396994096,0.12602562223682676,75.37539629765502,3.4830631902997027,2.4443549735535366
2023-08-23 00:00:00+00:00,1086148.0338616553,-0.0003830966678949416,0.12603897839754905,75.36625710841643,3.665154642699969,2.4584597573535145
2023-08-24 00:00:00+00:00,1082395.8641295927,-0.0034545656900213406,0.12608728201515298,75.33322066713784,3.1946765984062795,2.3893621388659803
2023-08-25 00:00:00+00:00,1084318.425834352,0.0017762093966473891,0.12652436875841744,75.03542941856145,3.291902742595177,2.410345842063269
2023-08-28 00:00:00+00:00,1083857.2593261378,-0.00042530542433531754,0.12630003345220275,75.18801368084392,3.285783173074311,2.406637769057717
2023-08-29 00:00:00+00:00,1083098.0671366483,-0.0007004540339209434,0.12635377239698842,75.151413164319,3.3356300737288453,2.4075920578877605
2023-08-30 00:00:00+00:00,1083298.346904608,0.00018491378946791466,0.12644233944371017,75.09115981594681,3.367245920693307,2.411672572129969
2023-08-31 00:00:00+00:00,1083025.6435166078,-0.00025173433410967204,0.12641896283423187,75.10705503562616,3.3289750090388432,2.4057736018728795
2023-09-01 00:00:00+00:00,1086243.7288373965,0.0029713842327310693,0.1264507948408688,75.08541190959438,3.545408352490729,2.4448765842653617
2023-09-05 00:00:00+00:00,1087509.3798198665,0.0011651629821832355,0.12607617408506935,75.34081550648239,3.636522322041968,2.4603084957691013
2023-09-06 00:00:00+00:00,1088364.013388111,0.0007858631696455628,0.12592944575650702,75.4412639971546,3.6287717202044663,2.4643996087111706
2023-09-07 00:00:00+00:00,1087792.0544119196,-0.0005255217640014965,0.1258305601536664,75.50909205812638,3.5332425386504944,2.451768348119423
2023-09-08 00:00:00+00:00,1088112.5515147988,0.00029463085483970303,0.1258967216208946,75.46369848858738,3.5245185169028774,2.452581073843434
2023-09-11 00:00:00+00:00,1087964.8950396453,-0.00013569963414902366,0.12585963948772252,75.48913476659368,3.482727041750934,2.4473451464048326
2023-09-12 00:00:00+00:00,1088693.4454790035,0.0006696451720822067,0.12587672091269825,75.47741599872434,3.5202628032115184,2.4551100898876705
2023-09-13 00:00:00+00:00,1089424.0908628565,0.0006711213215135416,0.12579248458271322,75.53523746216548,3.6248529751996066,2.4686076665322987
2023-09-14 00:00:00+00:00,1088848.4955520947,-0.0005283482489412708,0.1257081191836417,75.5932251910427,3.5630720675728105,2.458959970512727
2023-09-15 00:00:00+00:00,1087471.6895744912,-0.0012644605592308034,0.1257745719584973,75.54754302352192,3.3552326169391984,2.4302104822384902
2023-09-18 00:00:00+00:00,1087936.1296149013,0.000427082419581661,0.1259338102946886,75.43827270783912,3.4000519876968376,2.4371005860397386
2023-09-19 00:00:00+00:00,1088068.3451145487,0.00012152873321178139,0.1258800491387254,75.47513302850658,3.381663594526026,2.4357876258849798
2023-09-20 00:00:00+00:00,1089082.2965556013,0.0009318821245055675,0.12586475295474278,75.48562632212938,3.3810435733442836,2.4424537407010924
2023-09-21 00:00:00+00:00,1087743.4133374202,-0.0012293682694278672,0.12574757104108958,75.56609865872086,3.209143877590809,2.4160004574694964
2023-09-22 00:00:00+00:00,1086904.314675832,-0.000771412312223289,0.12590235139694333,75.45983808584936,3.1737978517323295,2.4058973756241997
2023-09-25 00:00:00+00:00,1087028.987338142,0.00011470435863275868,0.12599954900037683,75.39324295397726,3.2193429240454075,2.4108877815147904
2023-09-26 00:00:00+00:00,1086696.8989978232,-0.000305500905851611,0.12598509796051796,75.40313760971615,3.162296428373071,2.402269249223707
2023-09-27 00:00:00+00:00,1087285.8008958534,0.0005419191851686431,0.1260235982839524,75.37678139223054,3.242392193818394,2.4139784299809826
2023-09-28 00:00:00+00:00,1090015.3813430308,0.0025104535025918706,0.12595534066836975,75.42351963810594,3.4820662470470705,2.454967175972634
2023-09-29 00:00:00+00:00,1089365.4009310463,-0.0005963038899356059,0.1256399274723813,75.64015300692955,3.437827560895535,2.445931280785089
2023-10-02 00:00:00+00:00,1087900.7850658693,-0.0013444670300022821,0.1257148917513555,75.58856725994666,3.386136423572526,2.733274834495391
2023-10-03 00:00:00+00:00,1088021.3498057358,0.00011082328602154211,0.12588413882560676,75.47232790556752,3.3131608649313966,2.7237157536688303
2023-10-04 00:00:00+00:00,1090000.8134838082,0.0018193242976581932,0.12587018947759668,75.48189653571566,3.492998593269297,2.7545068009329734
2023-10-05 00:00:00+00:00,1088267.1636318108,-0.0015905032643566334,0.12564160664982185,75.63899682762617,3.3836141351987656,2.733483485434154
2023-10-06 00:00:00+00:00,1090747.0402405448,0.002278738798346236,0.12584175837731335,75.50140556953114,3.6188485346908816,2.7722678099250575
2023-10-09 00:00:00+00:00,1090625.0107721274,-0.00011187696497483878,0.1255556498466562,75.69822117339892,3.586270153401226,2.7675768914743704
2023-10-10 00:00:00+00:00,1091411.1512583513,0.0007208164845470523,0.125569698203384,75.6885362949531,3.6752910325653922,2.7810259381859934
2023-10-11 00:00:00+00:00,1089665.6249253256,-0.001599329758554453,0.1254792506910173,75.75092839703434,3.5870331377770714,2.763517293209219
2023-10-12 00:00:00+00:00,1089823.2992467121,0.00014469972969671576,0.1256802548626819,75.61239456107994,3.5893386192000647,2.7641071356368125
2023-10-13 00:00:00+00:00,1089494.9746981617,-0.0003012640203025154,0.12566207159488899,75.62490839611061,3.4739493071410372,2.748149393365394
2023-10-16 00:00:00+00:00,1089533.2449332457,3.5126582474232884e-05,0.12569994046430505,75.5988508922574,3.517436104652443,2.7535525918878436
2023-10-17 00:00:00+00:00,1092045.6676750535,0.0023059624417075012,0.12569552521007213,75.60188821250216,3.57764914146332,2.7707308777665647
2023-10-18 00:00:00+00:00,1091615.1670033312,-0.00039421489820911634,0.12540634289340802,75.80128684280436,3.474052211875354,2.756080270228908
2023-10-19 00:00:00+00:00,1092237.2286490514,0.0005698543447576115,0.12545579943861346,75.76712012282643,3.4947758693309625,2.761157341392634
2023-10-20 00:00:00+00:00,1092671.0747795054,0.00039720870070560587,0.12538434862278616,75.81649009470897,3.4984617840011403,2.7633652215652726
2023-10-23 00:00:00+00:00,1089307.6109482711,-0.003078203412598787,0.12533456464321074,75.85092232728468,3.3295851612805594,2.726977572739716
2023-10-24 00:00:00+00:00,1089514.019542046,0.00018948604755922803,0.12572156118187805,75.58398075337719,3.361697783647272,2.731749971039582
2023-10-25 00:00:00+00:00,1087805.3131016225,-0.0015683198286347898,0.12569774321332944,75.60036238780376,3.0843658517206247,2.6864163060134465
2023-10-26 00:00:00+00:00,1089145.4575358918,0.0012319708482101234,0.12589518713163766,75.46475076554795,3.181146367880962,2.7053096088128203
2023-10-27 00:00:00+00:00,1090111.4022066325,0.0008868830733831675,0.1257402787737426,75.5711114349344,3.234647753246593,2.7164744993022296
2023-10-30 00:00:00+00:00,1089663.5744728462,-0.00041080914563392895,0.12562886066369156,75.64777371039001,3.215369232560768,2.7115912609379405
2023-10-31 00:00:00+00:00,1091488.818566509,0.0016750528662443699,0.12568049135896958,75.61223182675619,3.329486357234897,2.7345269985440543
2023-11-01 00:00:00+00:00,1095765.5406723039,0.00391824637416954,0.12547032193658111,75.75709246911036,3.78663352444545,2.807922905295511
2023-11-02 00:00:00+00:00,1094571.2805012849,-0.001089886592241504,0.12498061708683914,76.09651485845916,3.7019280297716453,2.792570071659172
2023-11-03 00:00:00+00:00,1095954.317520726,0.0012635422142701774,0.12511698040624564,76.00173230520369,3.8958149418649173,2.8194779512880377
2023-11-06 00:00:00+00:00,1094761.3373598289,-0.0010885309194236293,0.12495908932183075,76.11149714801647,3.8215514876811643,2.805847451058907
2023-11-07 00:00:00+00:00,1095638.312836782,0.0008010654441525591,0.1250952593795387,76.01681618286591,3.9067927859284817,2.818511321634314
2023-11-08 00:00:00+00:00,1094853.8901382587,-0.000715950409302855,0.12499513010012814,76.08641741119551,3.861865064233159,2.8099925872787885
2023-11-09 00:00:00+00:00,1094590.2842609412,-0.0002407680875885639,0.12508468453121577,76.02416164147145,3.853734154698446,2.8077011124351836
2023-11-10 00:00:00+00:00,1096475.6209011034,0.0017224130958143167,0.12511480818431134,76.00324054009704,4.0735741662531755,2.838395557261635
2023-11-13 00:00:00+00:00,1094864.0926123625,-0.0014697347191509052,0.12489967934095146,76.1528704321734,3.9559175808046865,2.8193091133118373
2023-11-14 00:00:00+00:00,1095710.0851858736,0.0007726918612268461,0.12508351893151867,76.0249713616384,4.0746504977194204,2.834858397932563
2023-11-15 00:00:00+00:00,1095361.1901895786,-0.00031841907910868495,0.12498694253825975,76.0921136293774,3.9852344160162354,2.8238239685628876
2023-11-16 00:00:00+00:00,1096138.6796648577,0.0007098019194422544,0.12502675344195469,76.06442355030636,4.083753698622143,2.83690445665352
2023-11-17 00:00:00+00:00,1097107.0907986315,0.0008834750125503714,0.12493807215852515,76.1261290642174,4.140373666871779,2.846241867952566
2023-11-20 00:00:00+00:00,1096281.572111692,-0.0007524504160651864,0.1248277899252543,76.20298709070738,4.129082580793209,2.841560969162356
2023-11-21 00:00:00+00:00,1095660.036403609,-0.000566948969949254,0.12492178737614108,76.13746973460108,4.008892407906266,2.8263756002005156
2023-11-22 00:00:00+00:00,1099431.9189558981,0.003442566514217299,0.12499265183134808,76.08814150380083,4.269705038544183,2.8677593535478545
2023-11-24 00:00:00+00:00,1100307.8180115868,0.0007966833057934687,0.12456383255252021,76.38749726191902,4.295315211382418,2.8738153366104777
2023-11-27 00:00:00+00:00,1100082.7821193025,-0.00020452085189298609,0.12446467362488223,76.45701305998955,4.292541917281245,2.8721705987970965
2023-11-28 00:00:00+00:00,1100443.5020956395,0.0003279025744244477,0.12449013445323288,76.43915306853842,4.29333283409264,2.8735961435232173
2023-11-29 00:00:00+00:00,1101318.2415569632,0.0007948972024987144,0.12444932719845912,76.46778163808897,4.37575266983346,2.8847220262340225
2023-11-30 00:00:00+00:00,1101168.8218375153,-0.00013567351725384007,0.12435048134870566,76.53720540486069,4.283039301253639,2.875521986123174
2023-12-01 00:00:00+00:00,1101417.5077498183,0.0002258381343270753,0.12436735470515006,76.525346696968,4.303982436223999,2.878243724988748
2023-12-04 00:00:00+00:00,1101065.9659771363,-0.0003191721306484243,0.12433927415545122,76.5450836741349,4.200511317904115,2.866965405252274
2023-12-05 00:00:00+00:00,1099980.8221293609,-0.0009855393603165332,0.12437897245709821,76.51718353344586,4.174533468304451,2.8587883427023932
2023-12-06 00:00:00+00:00,1101160.2281072042,0.0010722059458820527,0.12450167375701103,76.43106100584464,4.198514767656677,2.8665250243539853
2023-12-07 00:00:00+00:00,1107136.5237761405,0.005427271632584343,0.12436832529914589,76.52466465487981,4.725025520848424,2.940466114358206
2023-12-08 00:00:00+00:00,1106047.150796974,-0.0009839554163120713,0.12369698814435393,76.99897383495413,4.679746657508942,2.9307125532174396
2023-12-11 00:00:00+00:00,1110762.8724322836,0.004263581016335108,0.12381882034327206,76.91251566200441,4.997690204756404,2.978708100860375
2023-12-12 00:00:00+00:00,1111768.7607620987,0.0009055833200586585,0.12329315000944761,77.28677928385437,5.129046886071338,2.991976918335121
2023-12-13 00:00:00+00:00,1111611.7751881094,-0.00014120344043641613,0.12318159880822872,77.36661169098257,5.145645778902661,2.991541706595852
2023-12-14 00:00:00+00:00,1111404.5826093345,-0.00018638933429777254,0.12319899493017118,77.35415251844373,5.118976734928578,2.9883414617899047
2023-12-15 00:00:00+00:00,1111597.0562155421,0.0001731805043989966,0.12322196218967457,77.33770866298539,5.162565413707588,2.991588534130819
2023-12-18 00:00:00+00:00,1110058.3969067964,-0.0013841880024261306,0.12320062624307952,77.35298434601775,5.089619539674679,2.9781040890910315
2023-12-19 00:00:00+00:00,1111572.6581697888,0.0013641275695151906,0.12337139544850191,77.23086852786332,5.180471512838189,2.9916753547742405
2023-12-20 00:00:00+00:00,1110233.4619737521,-0.0012047761216452022,0.12320333038886237,77.35104799318019,5.005553061713078,2.9729801232906015
2023-12-21 00:00:00+00:00,1112295.1083294158,0.0018569484944171138,0.12335194186297746,77.24476258079632,5.196850002941632,2.9959545890473622
2023-12-22 00:00:00+00:00,1112287.2445029635,-7.069910128526644e-06,0.12312330822114854,77.40838530743629,5.184104843188194,2.994755094302399
2023-12-26 00:00:00+00:00,1114756.8117561631,0.0022202603377899826,0.12312417869802658,77.4077611942258,5.399244333160736,3.020689747340718
2023-12-27 00:00:00+00:00,1116266.0959049845,0.0013539133673860953,0.12285141657037407,77.60375859527339,5.5185986031282965,3.0353482638551315
2023-12-28 00:00:00+00:00,1118037.5931903613,0.0015869847627510104,0.12268531128744008,77.72354305152905,5.660112835491561,3.0523873835015243
2023-12-29 00:00:00+00:00,1117175.5824314102,-0.0007710033760951581,0.1224909200637236,77.864138074178,5.580122547090956,3.0429602334153776
2024-01-02 00:00:00+00:00,1113274.6155555556,-0.0034918117950310194,0.12258543384707979,77.7957245218803,5.192285049670342,2.764786329787202
2024-01-03 00:00:00+00:00,1111410.8620902686,-0.0016741183525116631,0.12301497900172349,77.48612397617755,5.021147104675208,2.743715515787428
2024-01-04 00:00:00+00:00,1111385.0069300772,-2.3263368276602625e-05,0.12322126598452791,77.33820703448811,5.03501932978881,2.7434278031977324
2024-01-05 00:00:00+00:00,1111868.9974472676,0.00043548411592066313,0.12322413259290499,77.33615503764752,5.122155913824711,2.7497259307837942
2024-01-08 00:00:00+00:00,1113064.1355897388,0.0010748911474419299,0.1231704937993053,77.37456698345629,5.381300649627169,2.7673105104990667
2024-01-09 00:00:00+00:00,1114254.1228406248,0.0010691093287768462,0.12303824108316816,77.46941921698574,5.502476361626652,2.779435736105534
2024-01-10 00:00:00+00:00,1112098.6690345819,-0.0019344364645902281,0.12290684023370382,77.56386264959573,5.391117537958303,2.7601638237633175
2024-01-11 00:00:00+00:00,1111479.6180617404,-0.0005566511228530184,0.12314505652147299,77.39279488721138,5.3456522673386075,2.7537794048634123
2024-01-12 00:00:00+00:00,1110599.4920610052,-0.0007918507783975586,0.12321364353449728,77.34366385762078,5.267684821345531,2.744271803958171
2024-01-16 00:00:00+00:00,1117632.8133442693,0.006332905186379957,0.12331128767362684,77.27381258772117,5.914608407236311,2.813879880120154
2024-01-17 00:00:00+00:00,1118701.9055675687,0.0009565683921720338,0.12253528334223428,77.83201268956752,5.962107714252827,2.8220051509203454
2024-01-18 00:00:00+00:00,1119677.028928071,0.000871656118264656,0.12241818197872625,77.91686127871827,6.105924554146119,2.8320880735840617
2024-01-19 00:00:00+00:00,1125057.0536053323,0.0048049790593737915,0.12231156835183783,77.99425202161528,6.628471786375816,2.879862583483893
2024-01-22 00:00:00+00:00,1119464.1269699263,-0.004971238229637346,0.12172667423118975,78.4212381071122,6.194828867351665,2.832342459871352
2024-01-23 00:00:00+00:00,1120529.5927936838,0.0009517641504434605,0.12233482981397717,77.97735504081014,6.296860701763093,2.8415591346531075
2024-01-24 00:00:00+00:00,1124783.0327665745,0.0037959193583510594,0.1222185066208547,78.06191582047343,6.689965127338944,2.8779526936913893
2024-01-25 00:00:00+00:00,1123190.318402196,-0.0014160191947961355,0.121756329413034,78.39949042149651,6.51867209994728,2.8633466205708697
2024-01-26 00:00:00+00:00,1124897.4551157018,0.0015198997761432136,0.12192898319363817,78.2730845195617,6.666944203481278,2.877256888815526
2024-01-29 00:00:00+00:00,1122816.4743955482,-0.00184992926305403,0.1217439445994946,78.40857156031613,6.604750534731481,2.8623909296574674
2024-01-30 00:00:00+00:00,1113635.933707893,-0.008176350184563815,0.12196957969417326,78.24341436030394,5.7851827593303,2.7804305563061473
2024-01-31 00:00:00+00:00,1117760.3445656858,0.0037035540367852194,0.12297506690516001,77.51480002001384,6.116583611737734,2.8164633569215547
2024-02-01 00:00:00+00:00,1118894.240684526,0.001014435808492371,0.12252130264017481,77.84213421507677,6.319194545578622,2.8296474822439066
2024-02-02 00:00:00+00:00,1118478.3434958332,-0.000371703753196887,0.12239713859992205,77.93212597054028,6.398256091772719,2.82985780208585
2024-02-05 00:00:00+00:00,1111733.264724322,-0.006030585045061674,0.12244265099284746,77.89911825715197,6.030978344403307,2.7811110536827965
2024-02-06 00:00:00+00:00,1109954.4109349388,-0.0016000724686637713,0.1231855318188019,77.36379454512726,5.762926263616778,2.7591672104231724
2024-02-07 00:00:00+00:00,1108766.6844375592,-0.0010700678205144924,0.12338295348577691,77.22261567295399,5.811637883890213,2.7563554788214413
2024-02-08 00:00:00+00:00,1108797.8835640622,2.8138585818702637e-05,0.1235151230442935,77.12835166522545,5.774509647500052,2.7541406389704584
2024-02-09 00:00:00+00:00,1108028.5384895317,-0.0006938551073505979,0.12351164760119786,77.13082778637649,5.825887339479077,2.7536004449208527
2024-02-12 00:00:00+00:00,1107263.732388796,-0.0006902404353034625,0.12359740629280941,77.06976865347725,5.754986387427913,2.7462712789357697
2024-02-13 00:00:00+00:00,1107383.2551363786,0.00010794424497645775,0.12368277714674672,77.00906975659346,5.775490055635416,2.747647956889351
2024-02-14 00:00:00+00:00,1110629.4822870581,0.002931439621849601,0.12366942774374226,77.01855568894128,6.098575750058551,2.77786415524636
2024-02-15 00:00:00+00:00,1110254.9449163175,-0.00033722981130431066,0.12330795791023483,77.27619276439204,6.027856992701733,2.772362644436374
2024-02-16 00:00:00+00:00,1108701.2620805008,-0.0013993928538041714,0.12334955505741131,77.24646757623802,5.881914300591205,2.7579933144627216
2024-02-20 00:00:00+00:00,1107042.5523224564,-0.00149608358425772,0.12352241143726128,77.12315941466527,5.531706637535802,2.7308188432190748
2024-02-21 00:00:00+00:00,1106137.0770453736,-0.0008179227394495106,0.1237074881795765,76.99151578307443,5.684286632423371,2.7361952198675557
2024-02-22 00:00:00+00:00,1104970.685659393,-0.001054472732345454,0.12380875417495911,76.91965266584565,5.92684275099249,2.7468046534286676
2024-02-23 00:00:00+00:00,1102997.2663434846,-0.001785947212464461,0.12393944494011049,76.82708192092655,5.700837363671178,2.7261704967385905
2024-02-26 00:00:00+00:00,1102310.34093769,-0.0006227806965213332,0.12416119027177262,76.6704613402989,5.654359644970105,2.720808557661367
2024-02-27 00:00:00+00:00,1104469.1314432346,0.0019584235268156162,0.12423856365097799,76.61594345095013,5.80090510126096,2.7367322851787756
2024-02-28 00:00:00+00:00,1104493.4202619055,2.199139657182058e-05,0.12399572750101538,76.78727603075525,5.737546979255198,2.73258663183112
2024-02-29 00:00:00+00:00,1115199.9394405347,0.009693601593471102,0.12399300072176439,76.78920371477675,6.694562659576858,2.822134823914371
2024-03-01 00:00:00+00:00,1116672.9433207202,0.0013208428624238507,0.12280260123079119,77.6389274591124,6.942371014788383,2.8386052849870627
2024-03-04 00:00:00+00:00,1114154.2688610018,-0.00225551668891382,0.12264061225345292,77.7558325289684,6.91724242092803,2.8284916875502484
2024-03-05 00:00:00+00:00,1115321.6777484773,0.001047798244913549,0.12291785552796174,77.55593773057804,6.99520955851673,2.8358070039201024
2024-03-06 00:00:00+00:00,1114133.8602268635,-0.0010649999415519847,0.12278919722261754,77.64858922958403,7.0546104259015365,2.8345514197409165
2024-03-07 00:00:00+00:00,1108036.5157267966,-0.005472721651979399,0.12292010712952604,77.55431799770993,6.830073292034568,2.8055925012289578
2024-03-08 00:00:00+00:00,1115220.9078126368,0.006483894694686803,0.12359651646127288,77.07040176754589,6.967787083880639,2.8334830563463353
2024-03-11 00:00:00+00:00,1109748.7287274722,-0.0049068117776751,0.12280029229753889,77.64059161562844,6.5917379664960105,2.797027885226503
2024-03-12 00:00:00+00:00,1105139.1170793297,-0.004153743571689714,0.12340582143559273,77.20629168823443,6.526557077409059,2.7806583817427257
2024-03-13 00:00:00+00:00,1101509.9198774158,-0.0032839279198669503,0.12392055564701171,76.8404494939374,6.102836208534569,2.7457273735058303
2024-03-14 00:00:00+00:00,1099972.404255053,-0.0013958254888288555,0.12432884260448533,76.55241796997598,5.814874083486801,2.7228394575674306
2024-03-15 00:00:00+00:00,1103048.5755502153,0.0027965895173939397,0.12450262654404164,76.43039292058211,6.093513116637328,2.748562425952928
2024-03-18 00:00:00+00:00,1100212.7905081394,-0.002570861433424524,0.12415541481244945,76.67453349956324,5.8032290801246855,2.7222856788432943
2024-03-19 00:00:00+00:00,1099920.2835768766,-0.00026586396175933686,0.0,87.31847543715392,5.424321630892928,2.681521553955969
2024-03-20 00:00:00+00:00,1100186.8114084653,0.0002423155892006155,0.19199835175204008,70.53471445011745,0.0,2.680617355778466
2024-03-21 00:00:00+00:00,1097153.8843355132,-0.0027567382570867814,0.19195183882911607,70.55586745262448,7.58209841904524,2.657850665553315
2024-03-22 00:00:00+00:00,1095149.3982056992,-0.0018269872243382424,0.19248246259757706,70.31515895477115,7.503339251149312,2.643168232320895
2024-03-25 00:00:00+00:00,1094141.2159567864,-0.0009205887804573193,0.1928347692574186,70.15607275399225,7.464120708196205,2.635744208708304
2024-03-26 00:00:00+00:00,1095820.3794984177,0.0015346863066143985,0.19301245435738854,70.07605828979281,7.5002721330426425,2.6467872690801553
2024-03-27 00:00:00+00:00,1098609.0207136995,0.002544797730954976,0.19271669468499947,70.20932523754135,7.623937695341451,2.666590007902553
2024-03-28 00:00:00+00:00,1099300.9806541607,0.0006298509546295958,0.19222751454216547,70.43064596891291,7.682564651494539,2.671284758736036
2024-04-01 00:00:00+00:00,1101974.8446924656,0.0024323311680425827,0.19210651606962845,70.48556342450506,7.889841848955034,3.005756471648347
2024-04-02 00:00:00+00:00,1098824.5636803107,-0.0028587594601889935,0.19164038319253363,70.69777485611657,7.604163080527414,2.981349464157438
2024-04-03 00:00:00+00:00,1101227.0958995786,0.0021864565997879374,0.19218980762322843,70.44775255356458,7.798288126007027,2.9988889917386596
2024-04-04 00:00:00+00:00,1092040.7067860712,-0.008341957029311215,0.19177050972659201,70.63842971382395,6.9537513939355655,2.924710856623726
2024-04-05 00:00:00+00:00,1094305.6822882446,0.0020740760743611373,0.19338370831149537,69.90935121275193,7.190370614447911,2.9442121453336987
2024-04-08 00:00:00+00:00,1094596.563393949,0.0002658133923751724,0.19298344596347475,70.08911117324189,7.173503004635097,2.944907428790382
2024-04-09 00:00:00+00:00,1096970.8142909522,0.0021690648193169997,0.19293216201099234,70.11219697528193,7.279821124191885,2.960862658379601
2024-04-10 00:00:00+00:00,1092205.2698648886,-0.004344276405515712,0.19251458539660318,70.30062958615518,6.970842111732306,2.9248358922204125
2024-04-11 00:00:00+00:00,1091889.0063575555,-0.0002895641653260306,0.1933545710977216,69.92241177456285,7.0695805069624225,2.9264623833694015
2024-04-12 00:00:00+00:00,1088405.5281634582,-0.003190322618704499,0.19341057586968854,69.89731149620306,6.678635784228808,2.8936541034486254
2024-04-15 00:00:00+00:00,1089448.2457221563,0.0009580230270030688,0.19402959286851498,69.62084497286202,6.695772625124951,2.899312236072228
2024-04-16 00:00:00+00:00,1089798.8033214072,0.00032177535796439196,0.19384388596211952,69.70360033466345,6.795056104831383,2.904674650972771
2024-04-17 00:00:00+00:00,1085562.154608873,-0.0038875512614090636,0.19378153184034472,69.73142236635002,6.342941576883519,2.863936127747237
2024-04-18 00:00:00+00:00,1085842.4037819097,0.0002581604119551773,0.1945378075394364,69.39518040503779,6.344114037958045,2.8650834183550837
2024-04-19 00:00:00+00:00,1086556.4351804156,0.0006575829015508923,0.1944875985408769,69.41742240289786,6.118840403946873,2.859177832989902
2024-04-22 00:00:00+00:00,1085754.8025638035,-0.0007377735667075802,0.19435979086565466,69.47409156150943,6.162854535209769,2.855958185925024
2024-04-23 00:00:00+00:00,1086067.2846961678,0.0002878017501064054,0.1945032902518401,69.41046992527038,6.335085577174573,2.864856667207425
2024-04-24 00:00:00+00:00,1087476.7987447071,0.0012978146643406654,0.19444732797054667,69.43527009450564,6.258346634078452,2.8689623807628735
2024-04-25 00:00:00+00:00,1088637.7868477083,0.0010675980437847446,0.1941952984644535,69.54713628883415,6.554205677728983,2.8868333722098156
2024-04-26 00:00:00+00:00,1085778.93036714,-0.002626086027058064,0.19398819704477116,69.63927820177074,6.434080802847294,2.8670872931713265
2024-04-29 00:00:00+00:00,1088009.348579484,0.0020542102540060856,0.19449896806708936,69.41238483029709,6.607966057893028,2.885313239632012
2024-04-30 00:00:00+00:00,1080593.3237413152,-0.006816140732477445,0.1941002453527806,69.58940214873708,5.915891805596447,2.815664673783881
2024-05-01 00:00:00+00:00,1078887.6443306897,-0.0015784656199058723,0.1954323396837423,69.00082874888241,5.735487216369718,2.79713436545496
2024-05-02 00:00:00+00:00,1078793.7636972792,-8.701613546494254e-05,0.19574131061294014,68.86545736708673,5.812958499395554,2.8011420954863704
2024-05-03 00:00:00+00:00,1080439.2589973018,0.0015253103562474762,0.1957583447475851,68.85800652316526,6.009799160876079,2.8195624473134977
2024-05-06 00:00:00+00:00,1080996.8455346713,0.0005160739326401313,0.1954602072692031,68.98860138824642,6.145895291082617,2.829485407077563
2024-05-07 00:00:00+00:00,1081580.776201525,0.0005401779563610624,0.19535938738187877,69.03285428803765,6.149593729439227,2.8318223905713045
2024-05-08 00:00:00+00:00,1081067.9486967938,-0.0004741462829362425,0.19525391552082125,69.0791979917562,6.085638944229519,2.8257878148162145
2024-05-09 00:00:00+00:00,1081489.5247289755,0.00038996256682101964,0.19534653835586713,69.03849739614262,6.081700378413662,2.8270664531781495
2024-05-10 00:00:00+00:00,1080210.3859486359,-0.0011827565141328364,0.1952703902132754,69.07195581139513,6.002524288069146,2.816883681887724
2024-05-13 00:00:00+00:00,1078833.1309160872,-0.0012749877713304726,0.1955016210290711,68.97043686057452,5.9072426644495515,2.805321099053814
2024-05-14 00:00:00+00:00,1080444.8884851204,0.0014939822692176398,0.19575120141710114,68.86113090561035,6.064024695560496,2.8209767885591615
2024-05-15 00:00:00+00:00,1082472.243643221,0.001876407746204561,0.1954591888545967,68.98904817299393,6.351981321010171,2.845304343935462
2024-05-16 00:00:00+00:00,1085131.7105994937,0.002456845403556853,0.1950931146230868,69.14994937601779,6.520559731225802,2.864690904885305
2024-05-17 00:00:00+00:00,1087790.4105154867,0.0024501172438543867,0.19461497571453917,69.36101818207118,6.675701763476426,2.8833267794607793
2024-05-20 00:00:00+00:00,1087235.2598947512,-0.000510347044218202,0.1941393116393815,69.5720261119119,6.708664467199726,2.882274770228495
2024-05-21 00:00:00+00:00,1085881.4146726027,-0.0012452182817172764,0.19423844065344256,69.52796653883766,6.607168804007635,2.8714208338029947
2024-05-22 00:00:00+00:00,1084340.561658262,-0.001418988292386602,0.19448061146627993,69.4205185053338,6.660592529270461,2.8681567192258686
2024-05-23 00:00:00+00:00,1075848.8164252301,-0.00783125295990556,0.19475696932561365,69.29822858356073,6.076268408904655,2.8047287095569673
2024-05-24 00:00:00+00:00,1078043.3978943354,0.002039860467009998,0.19629419885138083,68.62428054919312,6.360450694091367,2.829722755863219
2024-05-28 00:00:00+00:00,1075326.294257834,-0.0025204028351812923,0.19589460119869492,68.79845368166178,6.4118916918690765,2.825991549516042
2024-05-29 00:00:00+00:00,1070234.5204117591,-0.004735096568608662,0.19638958205811427,68.58281053590771,5.955659884038816,2.7818128138591116
2024-05-30 00:00:00+00:00,1074709.83948336,0.00418162466846901,0.19732392992159037,68.17870150050494,6.163555642417623,2.807072213813024
2024-05-31 00:00:00+00:00,1075706.523918257,0.0009273986319657822,0.1965022313435948,68.53388555380661,6.26556922663861,2.8164826497572824
2024-06-03 00:00:00+00:00,1068171.4794638553,-0.007004739942410549,0.19632016429180327,68.61298749308415,5.839860718614622,2.768402076008109
2024-06-04 00:00:00+00:00,1065139.9863283,-0.002838021042348717,0.19770503665890363,68.01496809194114,5.624155083626271,2.74536642840784
2024-06-05 00:00:00+00:00,1063694.8942102687,-0.0013567156773569248,0.1982677246334319,67.77437339864312,5.748724445601816,2.7536575070222202
2024-06-06 00:00:00+00:00,1067007.5263728444,0.003114269120408861,0.1985370830064835,67.65968354800572,5.898279624982974,2.7707320985430433
2024-06-07 00:00:00+00:00,1067223.466129857,0.00020237885082856138,0.1979207046676475,67.92259086249584,5.924642937972556,2.773087187754553
2024-06-10 00:00:00+00:00,1061165.0354810744,-0.005676815438431881,0.1978806578075192,67.93972893844924,5.465801068257898,2.7256716602103617
2024-06-11 00:00:00+00:00,1060282.7867539066,-0.0008313963405020787,0.19901040313645277,67.45890110918076,5.372329679476705,2.716110679125548
2024-06-12 00:00:00+00:00,1056913.6941477058,-0.0031775415467371992,0.19917599733175026,67.38888136892935,5.283232970706054,2.704479728203163
2024-06-13 00:00:00+00:00,1053655.9328942292,-0.0030823342260728904,0.19981090478319,67.12149306684992,5.131242288860669,2.6875671347081846
2024-06-14 00:00:00+00:00,1052244.897926963,-0.0013391800142864114,0.2004286930035218,66.86294058641526,5.063860679643101,2.680165990907214
2024-06-17 00:00:00+00:00,1051817.1727882132,-0.00040648820402204805,0.20069746303493616,66.75095368425129,5.015247305496751,2.6750757846396787
2024-06-18 00:00:00+00:00,1044037.4833766168,-0.007396427452285817,0.20077907736149805,66.71700724466797,4.575089944941894,2.6274965742393763
2024-06-20 00:00:00+00:00,1055507.9973175616,0.010986687857074793,0.20227519113814862,66.09957157708095,5.271802983110604,2.702141036382124
2024-06-21 00:00:00+00:00,1057549.08440998,0.0019337485813519346,0.20007700750926669,67.0099298263623,5.321458083143148,2.708296289180265
2024-06-24 00:00:00+00:00,1065548.2804298557,0.007563900473081527,0.1996908556005402,67.17192086544311,5.599806322602741,2.7426707360857105
2024-06-25 00:00:00+00:00,1056425.2073137723,-0.008561858044013767,0.19819175290696633,67.80677769241737,5.2308285322139225,2.6987311640718312
2024-06-26 00:00:00+00:00,1056496.7386108902,6.771070646811215e-05,0.19990329655459718,67.08272427050599,5.1201062914310755,2.688021186953877
2024-06-27 00:00:00+00:00,1059064.090191977,0.002430061056754886,0.1998897618776047,67.08840135757883,5.337487630114021,2.7109159205434037
2024-06-28 00:00:00+00:00,1061420.3077119046,0.002224811077770019,0.19940519507852975,67.29215941956987,5.494661065010302,2.7276189542182308
2024-07-01 00:00:00+00:00,1057497.1651615116,-0.0036961253915049875,0.19896254101322228,67.4791608100403,5.1834084767718265,3.2627990163352942
2024-07-02 00:00:00+00:00,1064672.8716230837,0.006785556215156512,0.19970065969221096,67.16780029016785,5.686731466949102,3.3144680610800927
2024-07-03 00:00:00+00:00,1059518.8358622896,-0.004840957159861497,0.1983547126390574,67.73730080299102,5.452927195134352,3.2930171736272307
2024-07-05 00:00:00+00:00,1067490.0753168522,0.007523452330203406,0.19931961033380363,67.32825034578515,6.011654318092543,3.3480824494524217
2024-07-08 00:00:00+00:00,1070507.0128237384,0.0028261972421530124,0.197831236456895,67.96088839773455,6.357686319506126,3.382116589179234
2024-07-09 00:00:00+00:00,1065479.8636800596,-0.004696045036097832,0.1972737020641719,68.20032788240805,6.072329949560187,3.356349005701378
2024-07-10 00:00:00+00:00,1067818.776549335,0.0021951732257024354,0.19820447922496867,67.8013477916399,6.367931972872936,3.3851265966700277
2024-07-11 00:00:00+00:00,1074178.0112650897,0.00595535015436285,0.19777033907180017,67.98697579713796,6.55082601166836,3.399559040003922
2024-07-12 00:00:00+00:00,1071777.186416396,-0.00223503443890671,0.19659952008948758,68.49167696505499,6.479306096142948,3.3937031693598314
2024-07-15 00:00:00+00:00,1071275.1298819382,-0.0004684336826914555,0.19703991107658286,68.30113531039676,6.391099309445791,3.385214495828189
2024-07-16 00:00:00+00:00,1071375.8860729616,9.405258109043997e-05,0.19713225446451896,68.26128955369376,6.303578655181088,3.376331125660954
2024-07-17 00:00:00+00:00,1065615.690923918,-0.005376446515104131,0.19711371541081624,68.26928607679086,5.6141059233820485,3.305875959926813
2024-07-18 00:00:00+00:00,1059694.3093018243,-0.005556770299581202,0.19817921536261865,67.81212773162866,5.232482681996462,3.2669164513431475
2024-07-19 00:00:00+00:00,1058791.2003373047,-0.0008522353631535356,0.19928660525178615,67.34217680924027,5.023498019658828,3.241875726058437
2024-07-22 00:00:00+00:00,1056784.123593364,-0.0018956303596983216,0.19945658921052534,67.27050149459586,5.03878297375551,3.246850955025533
2024-07-23 00:00:00+00:00,1057787.7037565305,0.0009496548450729654,0.19983540326790253,67.1112096895212,5.022230992418468,3.2433218349320176
2024-07-24 00:00:00+00:00,1057307.5733459683,-0.0004539005405878497,0.19964580865841156,67.19085890882013,4.8047103771603314,3.2155533695328664
2024-07-25 00:00:00+00:00,1055034.9437994605,-0.00214944979474207,0.19973646914973373,67.15275332068028,4.508899966471415,3.178416539554612
2024-07-26 00:00:00+00:00,1055018.5318965376,-1.5555790847837232e-05,0.20016671745949124,66.97238589635427,4.532280499150215,3.181885538810882
2024-07-29 00:00:00+00:00,1056249.485557715,0.0011667602264431344,0.20016983125952034,66.97108336437626,4.548566876563688,3.182195030373303
2024-07-30 00:00:00+00:00,1065477.323486816,0.00873641886247029,0.19993655324138618,67.06877809939033,5.216411988477608,3.2590811557635666
2024-07-31 00:00:00+00:00,1052479.4107391515,-0.012199145360624103,0.1982049517621761,67.80114618900151,4.594756031588988,3.1956904234333887
2024-08-01 00:00:00+00:00,1053440.4894468545,0.0009131567780769815,0.20065274375019274,66.76956581220276,4.221151728397908,3.1395624643313913
2024-08-02 00:00:00+00:00,1055184.705540452,0.0016557329161643762,0.20046968349990585,66.84584190011569,4.308139508931846,3.149483220202064
2024-08-05 00:00:00+00:00,1062049.8144799636,0.006506073205444616,0.2001383079157044,66.9842717488139,4.741619910963007,3.201220244803939
2024-08-06 00:00:00+00:00,1056208.9237902546,-0.005499639103622464,0.19884461032442557,67.52912166464816,4.204997308967639,3.132241549810376
2024-08-07 00:00:00+00:00,1059150.35703885,0.002784897175494281,0.19994423143818676,67.06555891149665,4.300762835764955,3.142114651107999
2024-08-08 00:00:00+00:00,1059001.6027085609,-0.0001404468490243148,0.19938895370419119,67.2990059947185,4.572955307172681,3.182101707120359
2024-08-09 00:00:00+00:00,1058364.0712462147,-0.0006020118012244911,0.19941696118803207,67.2872000954892,4.469209245798451,3.168331751468865
2024-08-12 00:00:00+00:00,1056484.428366757,-0.0017759889347381333,0.19953708486790447,67.23660236038238,4.456168953751767,3.1696230148330695
2024-08-13 00:00:00+00:00,1053431.2116660133,-0.0028899779483391795,0.19989209100967933,67.0874243540762,4.471923512407701,3.1775901236790705
2024-08-14 00:00:00+00:00,1052474.33367881,-0.0009083440632920945,0.20047144907678283,66.8451055683029,4.408539267039164,3.1704633177206247
2024-08-15 00:00:00+00:00,1052868.7189696124,0.00037472200336128425,0.20065371168456902,66.7691628709058,4.624864264725481,3.2004433609752683
2024-08-16 00:00:00+00:00,1052659.7005866833,-0.000198522739979955,0.20057855048829876,66.80046329081075,4.6474638667118775,3.2040811311434974
2024-08-19 00:00:00+00:00,1053564.7632230017,0.0008597865348259853,0.20061837779834962,66.78387453026083,4.878403967056485,3.2335194922601316
2024-08-20 00:00:00+00:00,1056328.5795183943,0.002623299859552704,0.20044603699478228,66.85570489822261,4.984730438104952,3.2426974264684345
2024-08-21 00:00:00+00:00,1056452.299986363,0.00011712309064383944,0.19992158273487232,67.07505539785694,5.079218709291954,3.2546731581751898
2024-08-22 00:00:00+00:00,1055483.8481143708,-0.0009167019391264423,0.19989817004338278,67.08487448261636,4.861687654669224,3.2282595479596186
2024-08-23 00:00:00+00:00,1053431.4111600057,-0.001944546056324599,0.20008158522053796,67.00801322293445,4.860580782733243,3.231873018452033
2024-08-26 00:00:00+00:00,1052245.958844622,-0.001125324632268598,0.20047141111242245,66.84512140115943,4.66422632329801,3.207907573126515
2024-08-27 00:00:00+00:00,1051057.272215668,-0.001129666138379831,0.2006972606834984,66.75103788406547,4.602675595861953,3.2019560089660413
2024-08-28 00:00:00+00:00,1053814.6699140468,0.002623451424836211,0.20092423799153722,66.65669767541836,4.45316989244692,3.1754806537598705
2024-08-29 00:00:00+00:00,1056425.938148853,0.002477919798762263,0.20039850225526062,66.87553876259126,4.708020678344237,3.206526572455007
2024-08-30 00:00:00+00:00,1057554.5453872404,0.0010683259447085184,0.19990315826156918,67.08278227329016,4.818248049098157,3.21964116507111
2024-09-03 00:00:00+00:00,1060985.9242236463,0.0032446353253103135,0.19968982444122432,67.17235427633679,4.619817223414336,3.1873633667501653
2024-09-04 00:00:00+00:00,1062851.0329401786,0.0017579014706506201,0.19904399924996685,67.4446859300198,4.806317960754711,3.2105931663891036
2024-09-05 00:00:00+00:00,1061363.535840098,-0.0013995348868088445,0.19869471352085802,67.5927104313319,4.6718176253862955,3.1942525828452126
2024-09-06 00:00:00+00:00,1061295.845045375,-6.37772002121114e-05,0.1989731834326114,67.47465510592868,4.531107215196573,3.174657934568325
2024-09-09 00:00:00+00:00,1061001.8733589472,-0.0002769931568093021,0.19898587419454927,67.46928282063318,4.6587307671514475,3.1931167409950576
2024-09-10 00:00:00+00:00,1063697.9844774262,0.0025410993007425283,0.19904100719146572,67.44595173440877,4.883572293918061,3.2201863049533546
2024-09-11 00:00:00+00:00,1060857.3622357333,-0.002670515769650905,0.19853650621435256,67.65992880730391,4.956608770607981,3.2335566853363504
2024-09-12 00:00:00+00:00,1060146.11094444,-0.0006704495030269401,0.1990681207701039,67.43448259764574,4.980414640525438,3.2377635543683008
2024-09-13 00:00:00+00:00,1061362.1638748627,0.0011470616341171076,0.19920167543440104,67.37803408246374,5.0598559972020904,3.24634816124781
2024-09-16 00:00:00+00:00,1063026.7958322393,0.0015683920286919829,0.198973440634441,67.47454621979888,5.108544956762823,3.250430010757879
2024-09-17 00:00:00+00:00,1063052.3552541465,2.404400529449372e-05,0.19866186095531357,67.60665986720973,5.071930148776962,3.2458254983424455
2024-09-18 00:00:00+00:00,1063256.7561061177,0.0001922773144342175,0.19865708444332342,67.60868839275791,5.052538628455517,3.2431706609493274
2024-09-19 00:00:00+00:00,1066030.214738448,0.002608456157369927,0.1986188945356862,67.6249106825969,5.380543233915525,3.2807323010251723
2024-09-20 00:00:00+00:00,1066692.906459365,0.0006216444072175898,0.1981021537529411,67.84502644706755,5.371596769861448,3.2790426662888956
2024-09-23 00:00:00+00:00,1067269.0977746472,0.000540166070096657,0.19797908116438917,67.89762102809271,5.408661969560995,3.282981737070276
2024-09-24 00:00:00+00:00,1064138.6753559094,-0.0029331144556372884,0.19787219731718297,67.94335049755955,5.346888450632983,3.2790107351299005
2024-09-25 00:00:00+00:00,1065771.5435215773,0.0015344505405949483,0.1984542864535631,67.6949042738502,5.566191841889601,3.303207366837382
2024-09-26 00:00:00+00:00,1069243.9055844236,0.003258073537385651,0.19815023471877985,67.82449698541114,5.794752812338801,3.325881201359175
2024-09-27 00:00:00+00:00,1069518.0704518538,0.00025641003516440415,0.19750674322522252,68.10008127611323,5.718266671635693,3.317123074423479
2024-09-30 00:00:00+00:00,1068734.7703195077,-0.0007323860661981852,0.19745611349621753,68.12184039257595,5.67606737294633,3.313077220152514
2024-10-01 00:00:00+00:00,1069610.116410934,0.0008190489499696151,0.1976008335934105,68.05967371540562,5.562073781327013,3.207561922517902
2024-10-02 00:00:00+00:00,1066635.3328814337,-0.002781184923233618,0.19743912128843627,68.12914562742357,5.477283885660267,3.1997282250774397
2024-10-03 00:00:00+00:00,1066945.5208176281,0.00029080973284142475,0.19798976744460775,67.89305169651087,5.569031380874005,3.2098700397426305
2024-10-04 00:00:00+00:00,1071588.3919901694,0.004351554115887129,0.1979322068324181,67.91766978668502,5.988507438259587,3.2524374244468772
2024-10-07 00:00:00+00:00,1068560.407763571,-0.002825697113958829,0.1970746259328033,68.2861516257756,5.866170211096522,3.2411779028998033
2024-10-08 00:00:00+00:00,1065979.0409197519,-0.0024157425495689,0.19763307714852468,68.04583541731542,5.821731481076226,3.23826025149031
2024-10-09 00:00:00+00:00,1065179.7863675712,-0.0007497844905947028,0.1981116639246333,67.84096503288532,5.7244036709048185,3.228464193005313
2024-10-10 00:00:00+00:00,1058356.3327548266,-0.006405917292153669,0.19826031643499667,67.7775321319186,5.2664776217172635,3.18377366447866
2024-10-11 00:00:00+00:00,1060626.6522694484,0.002145137175786785,0.19953854384345462,67.2359881943992,5.42828423295032,3.1999516713719376
2024-10-14 00:00:00+00:00,1056112.9059874145,-0.004255735297972838,0.19911142252886416,67.41617228286124,5.190402414137026,3.177884697955087
2024-10-15 00:00:00+00:00,1055606.8014340962,-0.00047921443857857824,0.199962409613725,67.05793845095378,4.915267253993273,3.145047636421608
2024-10-16 00:00:00+00:00,1051529.9832287752,-0.0038620613279323392,0.20005828043026438,67.01777142291265,4.729571046931342,3.1279964964035685
2024-10-17 00:00:00+00:00,1050581.8032523263,-0.000901714636360105,0.20083391332023579,66.69421442249035,4.712718389820395,3.127589501561946
2024-10-18 00:00:00+00:00,1049390.4592853996,-0.0011339849626545897,0.20101517164263638,66.61896204340711,4.633792781901867,3.119584583336695
2024-10-21 00:00:00+00:00,1045369.2904452103,-0.0038319090902804963,0.20124337860781144,66.52441093492087,4.528653787928187,3.1137489947655723
2024-10-22 00:00:00+00:00,1043351.2671286882,-0.0019304405964161017,0.2020174912690008,66.20527055077885,4.325186593365998,3.090769489231917
2024-10-23 00:00:00+00:00,1045831.2333933391,0.0023769236141111066,0.20240822833001773,66.04510997010249,4.4110249005269875,3.097253026654362
2024-10-24 00:00:00+00:00,1046120.5394555364,0.0002766278659116161,0.2019282602798023,66.24193268951923,4.425711623848468,3.0987709215120427
2024-10-25 00:00:00+00:00,1047356.5723890828,0.0011815396858469599,0.201872416743972,66.26489348810631,4.551244616433614,3.1132139363209568
2024-10-28 00:00:00+00:00,1051935.6002876936,0.00437198564397774,0.2016341779606883,66.36299133997508,4.881825455822025,3.147539164213894
2024-10-29 00:00:00+00:00,1045263.738943084,-0.006342461784528293,0.20075647354043394,66.72640625256324,4.3864341351659375,3.0956385259053993
2024-10-30 00:00:00+00:00,1043469.0201859808,-0.0017170008776138384,0.2020378911440417,66.1968934474355,4.121525415543428,3.0627193520929037
2024-10-31 00:00:00+00:00,1044775.1719547479,0.0012517398633782558,0.20238538703119047,66.05445545084,4.102390514669939,3.0570304081650255
2024-11-01 00:00:00+00:00,1038453.9850559458,-0.006050284375513325,0.20213236988612487,66.15811828963103,3.761800606612063,3.0224915176102436
2024-11-04 00:00:00+00:00,1040492.9784934602,0.00196348944378557,0.20336277249108878,65.65643678972611,3.806898326716864,3.0240101587999515
2024-11-05 00:00:00+00:00,1038128.769995195,-0.0022722003388128626,0.20296425432026513,65.81826166571932,3.738615934071919,3.0201841179276157
2024-11-06 00:00:00+00:00,1035504.0913071278,-0.0025282785372370293,0.20342648003712901,65.63062607061889,3.726129394485194,3.02587756134211
2024-11-07 00:00:00+00:00,1036550.4115662142,0.0010104453163150141,0.20394210247766228,65.42231823823262,3.9171181899576872,3.0515669832536467
2024-11-08 00:00:00+00:00,1036677.6611734427,0.00012276258424931316,0.20373623815005992,65.5053595286363,3.8714685942712035,3.044695756176065
2024-11-11 00:00:00+00:00,1037799.858746975,0.0010824942174040761,0.20371123003302044,65.51545870381317,3.8724493498534467,3.041963261302326
2024-11-12 00:00:00+00:00,1032108.5370252051,-0.005484026302182669,0.20349095225391153,65.60452200329985,3.5330381453893893,3.0069785282494035
2024-11-13 00:00:00+00:00,1030960.0059730483,-0.0011128006512446558,0.20461305563277163,65.15282980315939,3.370631426502862,2.9850382807516187
2024-11-14 00:00:00+00:00,1030417.0446295606,-0.000526656068462387,0.20484100283412707,65.0616765450517,3.3189342101670216,2.978639911890017
2024-11-15 00:00:00+00:00,1031557.676138097,0.0011069610256170268,0.2049489404373333,65.01858437493362,3.2661336646571013,2.966335983853196
2024-11-18 00:00:00+00:00,1035782.6028853842,0.004095676708164667,0.20472232080712596,65.10911068513494,3.5355972543451464,2.996888311422441
2024-11-19 00:00:00+00:00,1030405.7830526904,-0.0051910698419876476,0.20388726448687566,65.44442233174503,3.3373405881657385,2.9822825078226014
2024-11-20 00:00:00+00:00,1032631.0515485909,0.0021596040438630277,0.20495118037841784,65.01769059899155,3.3770304648601197,2.981649234917035
2024-11-21 00:00:00+00:00,1030097.9036044352,-0.0024531006891153253,0.2045095207903106,65.19429920977731,3.2579664654117946,2.9707483562413817
2024-11-22 00:00:00+00:00,1034664.0783402922,0.00443275801249519,0.20501243694064689,64.9932557221459,3.468295617282446,2.990328435964292
2024-11-25 00:00:00+00:00,1041368.5023799359,0.006479807485341823,0.2041076770000133,65.35565054245201,3.8048775111320516,3.0238374892534763
2024-11-26 00:00:00+00:00,1038680.5715623325,-0.0025811524080673704,0.20279361342575758,65.88774768845549,3.5953626959205085,2.99886438616356
2024-11-27 00:00:00+00:00,1038605.8300643773,-7.195811686623357e-05,0.20331840922733915,65.67441984578855,3.554188420133982,2.992687425810617
2024-11-29 00:00:00+00:00,1037127.9608066084,-0.0014229356460258309,0.20333304069004388,65.66848798087146,3.5225648918008465,2.9922282702700733
2024-12-02 00:00:00+00:00,1040786.6736123003,0.0035277351917562543,0.20362278280604157,65.55119676993743,3.8178067239247255,3.02804021524724
2024-12-03 00:00:00+00:00,1038925.707336308,-0.0017880381476574896,0.20290698070953953,65.8415708021352,3.7429839284744153,3.0219114030396694
2024-12-04 00:00:00+00:00,1036595.673682958,-0.002242733659294962,0.20327043600340458,65.69387506594533,3.6811239627781314,3.019244849123109
2024-12-05 00:00:00+00:00,1035089.2018833447,-0.0014532877551581207,0.2037273421710102,65.5089517601239,3.5539512245262355,3.004153413502988
2024-12-06 00:00:00+00:00,1035127.2215810334,3.673084176665736e-05,0.20402384753038635,65.38939050618634,3.467516774462964,2.9904989107071343
2024-12-09 00:00:00+00:00,1033025.299932559,-0.00203059257321431,0.20401635383797573,65.39240794251083,3.167774145974808,2.947870719973797
2024-12-10 00:00:00+00:00,1032802.8131349299,-0.00021537400646787848,0.20443147086444435,65.22558876406049,3.0599716273258744,2.930116277720357
2024-12-11 00:00:00+00:00,1031513.4152624498,-0.0012484453528610264,0.2044755095741659,65.20793108170896,3.066209055489768,2.936082957344488
2024-12-12 00:00:00+00:00,1032899.0783411857,0.0013433301576435388,0.20473110517100274,65.10559791722642,3.16520396467052,2.948515296583625
2024-12-13 00:00:00+00:00,1033406.8358604511,0.0004915848313862879,0.20445645265223017,65.21557117744356,3.0399127654282467,2.9250512117285012
2024-12-16 00:00:00+00:00,1035693.0767201912,0.002212333788015307,0.2043559943452072,65.25586939325828,3.1177456945319384,2.9309412108535353
2024-12-17 00:00:00+00:00,1034318.556003275,-0.001327150627740979,0.20390488867046005,65.43731708053923,3.007406822534718,2.916355892604881
2024-12-18 00:00:00+00:00,1034052.8589220408,-0.00025688128641999187,0.0,82.08877428597421,2.8606594420548843,2.895100100658113
2024-12-19 00:00:00+00:00,1031164.4175267017,-0.002793320835020152,0.1469959290727351,70.00407128686331,0.0,2.8703670840008764
2024-12-20 00:00:00+00:00,1030510.8337889521,-0.0006338307709620731,0.1474076860333742,69.77482990628083,6.730159910576826,2.8641214998453584
2024-12-23 00:00:00+00:00,1034033.7963241289,0.003418656475666199,0.14750117681799457,69.72295818106261,7.05093037294456,2.896283392946349
2024-12-24 00:00:00+00:00,1035108.1005702696,0.001038945003499681,0.1469986389689692,70.00255838226711,7.138787018882236,2.905365968265513
2024-12-26 00:00:00+00:00,1033931.3505753927,-0.0011368377797725735,0.14684607397413021,70.08782062402432,7.039747669511462,2.89428740446657
2024-12-27 00:00:00+00:00,1034987.0478660908,0.0010210516298887356,0.14701320413872054,69.99442776728804,7.079850773672485,2.902973697389703
2024-12-30 00:00:00+00:00,1032688.8684995456,-0.002220490943614701,0.1468632491787758,70.0782132665498,6.892826479006732,2.881541577140022
2024-12-31 00:00:00+00:00,1031828.7871140249,-0.0008328562568611932,0.14719008342601314,69.89581807872877,6.786909400148437,2.872734239139176
2025-01-02 00:00:00+00:00,1030927.4230350114,-0.000873559732263856,0.14731277379138089,69.82755765130648,6.758182255154818,3.430237155274856
2025-01-03 00:00:00+00:00,1032936.1792545271,0.0019484943116577411,0.14744157281225131,69.75602081963874,7.002601746750595,3.4549912579551467
2025-01-06 00:00:00+00:00,1035538.3901062894,0.0025192368163930033,0.14715484243882637,69.9154459164257,7.273049807562545,3.4825079328888195
2025-01-07 00:00:00+00:00,1036126.7886807816,0.0005682054669472963,0.14678505612134915,70.12197058720048,7.20164322191226,3.478950037415771
2025-01-08 00:00:00+00:00,1031167.0019611369,-0.004786853089629677,0.14670169941373182,70.16866888676337,6.763002630193397,3.430578363255709
2025-01-10 00:00:00+00:00,1027695.5451016836,-0.003366532145473156,0.147407316582549,69.77503502012489,6.449173633804868,3.3943174045884064
2025-01-13 00:00:00+00:00,1030163.501109769,0.00240144663451004,0.14790524434211078,69.49952257096194,6.631570297601532,3.4166665686785542
2025-01-14 00:00:00+00:00,1029266.237734099,-0.0008709912307156598,0.14755090870897272,69.69539209541315,6.506500450808742,3.403556230553411
2025-01-15 00:00:00+00:00,1031628.9750679053,0.002295555073299336,0.1476795362900375,69.62418071639173,6.750469261581691,3.4302587906990434
2025-01-16 00:00:00+00:00,1030894.4600261933,-0.0007119953582765789,0.1473413062070673,69.8116995524081,6.655542299391558,3.4203043703475835
2025-01-17 00:00:00+00:00,1032469.3114085001,0.0015276552968058075,0.14744628727920522,69.75340470782778,6.827593255290869,3.4384584989978704
2025-01-21 00:00:00+00:00,1031838.402414251,-0.0006110680358996616,0.14722138375251262,69.87839291277277,6.838585182111453,3.43724338955439
2025-01-22 00:00:00+00:00,1031401.7753334171,-0.00042315451703705485,0.14731140104101237,69.82832077037204,6.840321611087021,3.4360355777877274
2025-01-23 00:00:00+00:00,1030852.5693320987,-0.000532485026158569,0.1473737629144824,69.79366782744872,6.799060782672579,3.431057864953601
2025-01-24 00:00:00+00:00,1032317.9926882769,0.0014215644407111303,0.14745227904514688,69.75008004956631,6.853302669834951,3.439238355811762
2025-01-27 00:00:00+00:00,1032803.7661067077,0.000470565680218176,0.14724296368382903,69.86638349053283,6.617683115720053,3.423402954191104
2025-01-28 00:00:00+00:00,1029469.3945327776,-0.003228465738946229,0.14717370878744324,69.90493693644004,6.430532567956262,3.396249912530706
2025-01-29 00:00:00+00:00,1034079.270291574,0.0044779143345864405,0.14765039302265884,69.64030427184241,6.7159514097105815,3.434952323904489
2025-01-30 00:00:00+00:00,1035088.3210193977,0.0009757963019017221,0.1469921746566916,70.00616742730244,6.811456486355773,3.445267574925065
2025-01-31 00:00:00+00:00,1033790.4510064041,-0.0012538736904261262,0.14684888006258812,70.08625081839956,6.655987195596873,3.429207874254705
2025-02-03 00:00:00+00:00,1034555.8187896352,0.0007403509893963388,0.14703324117531594,69.98324526181277,6.701168375342978,3.4353280438962086
2025-02-04 00:00:00+00:00,1028260.3408595319,-0.006085198899628851,0.14692446550191507,70.04398873667238,6.189004356956282,3.3714550170374538
2025-02-05 00:00:00+00:00,1027821.6388654507,-0.00042664486477658894,0.14782400396820108,69.54434763110862,6.22846804994122,3.372678486040087
2025-02-06 00:00:00+00:00,1025765.0288435253,-0.0020009405758333525,0.1478870992396584,69.50953001253076,6.105457446452069,3.3549798793158723
2025-02-07 00:00:00+00:00,1023262.22604508,-0.0024399377323938046,0.1481836058292354,69.34630699491763,5.914898682305031,3.3296225905913075
2025-02-10 00:00:00+00:00,1024727.0883673239,0.0014315610260583656,0.14854604893903978,69.14767185218388,6.079751494808266,3.349260070706022
2025-02-11 00:00:00+00:00,1025978.1493994663,0.0012208724121227043,0.14833370019498962,69.26393076664768,6.172492370329628,3.3611464017005055
2025-02-12 00:00:00+00:00,1026966.8717835956,0.0009636875646016716,0.148152824498781,69.36322132475422,6.218058684254464,3.367934837669625
2025-02-13 00:00:00+00:00,1025578.2308666747,-0.0013521769348890764,0.14801018892028417,69.44169135524068,6.155140279427201,3.358120554219645
2025-02-14 00:00:00+00:00,1025685.1186677804,0.00010422198705935095,0.14821059586952512,69.33148175865963,6.20565743206059,3.3630079621245286
2025-02-18 00:00:00+00:00,1026738.5525310127,0.0010270538628858366,0.14819515067644906,69.33996491747754,6.29197161307752,3.3735163824615446
2025-02-19 00:00:00+00:00,1026987.11330193,0.0002420876963318535,0.14804310243621832,69.42357077963885,6.304632651428291,3.375145858807292
2025-02-20 00:00:00+00:00,1026378.1715529355,-0.0005929400097696188,0.14800727169677289,69.44329782494975,6.261700901331241,3.3695121798324026
2025-02-21 00:00:00+00:00,1025301.2211809027,-0.0010492724824840815,0.14809508319685047,69.39496911471208,6.108994788566541,3.3522258311252044
2025-02-24 00:00:00+00:00,1024276.9709098525,-0.0009989749840251345,0.14825063851235218,69.30949686296344,5.959437853699841,3.3349922608218447
2025-02-25 00:00:00+00:00,1021853.5610244436,-0.0023659712697203903,0.14839888528641051,69.22820715891184,5.7373859726340735,3.3062410919030514
2025-02-26 00:00:00+00:00,1021409.9570294984,-0.0004341169927523198,0.1487508254658098,69.03587304102224,5.7321168449785,3.304445175895931
2025-02-27 00:00:00+00:00,1020206.031032728,-0.0011786902883458128,0.14881542877222356,69.00066637475676,5.512504579907214,3.277993208917594
2025-02-28 00:00:00+00:00,1019151.9819313528,-0.001033172780118041,0.148991043067738,68.90511669247338,5.463917938357631,3.2697878522991477
2025-03-03 00:00:00+00:00,1021040.5142920852,0.001853042916281789,0.14914513576229463,68.82146200188807,5.476253998067655,3.276496145395358
2025-03-04 00:00:00+00:00,1023055.4480952948,0.0019734121957017316,0.14886927460753113,68.97134552258112,5.680246823502687,3.303196441021853
2025-03-05 00:00:00+00:00,1022975.5828195149,-7.806544203302675e-05,0.14857607277353038,69.13126090378822,5.648047214069325,3.299620624769004
2025-03-06 00:00:00+00:00,1023023.6954094418,4.7032002263746244e-05,0.14858767233585193,69.12492238983744,5.577798706832711,3.2929793471420488
2025-03-07 00:00:00+00:00,1023718.8339999223,0.0006794941247203667,0.1485806842887721,69.12874084935544,5.638212342532786,3.3010350331647302
2025-03-10 00:00:00+00:00,1022060.9184932066,-0.0016195027889032462,0.14847979314169263,69.18391057875866,5.406582346049633,3.2726647834282545
2025-03-11 00:00:00+00:00,1021960.9802409038,-9.778111117892458e-05,0.1487206466436996,69.05232998298756,5.4545291042094535,3.276410945027851
2025-03-12 00:00:00+00:00,1023088.5285669426,0.0011033183730488046,0.1487351901358625,69.04439837566196,5.636028931741506,3.2977505510118506
2025-03-13 00:00:00+00:00,1021347.1366328833,-0.001702093108695499,0.14857126872537063,69.13388633804597,5.485573783320309,3.2767491184717503
2025-03-14 00:00:00+00:00,1021554.7593622165,0.00020328321477220361,0.14882458202083276,68.99568062899367,5.562699036265951,3.2851136148157103
2025-03-17 00:00:00+00:00,1026090.3646736365,0.004439904243852523,0.14879433463014927,69.01215862338518,5.891822533001128,3.3314138153445025
2025-03-18 00:00:00+00:00,1026336.0529224363,0.00023944114208489757,0.14813662221251792,69.37212729889471,5.844968345962019,3.3280112248294564
2025-03-19 00:00:00+00:00,1028232.0068503853,0.0018473032517472663,0.1481011607014555,69.39162636625976,6.0424700320804225,3.351941279054425
2025-03-20 00:00:00+00:00,1028476.0791037036,0.00023737079928672636,0.14782807741335025,69.54209890022398,6.048575407600091,3.3531552929741495
2025-03-21 00:00:00+00:00,1028414.0855821728,-6.027706700265636e-05,0.14779299567183865,69.56146971397939,6.031929415700902,3.3512876157871867
2025-03-24 00:00:00+00:00,1034044.5029152189,0.005474854352912503,0.1478019047371536,69.55654959322298,6.516201435126165,3.4111208669562636
2025-03-25 00:00:00+00:00,1034921.7717777044,0.000848385983400317,0.14699711693165474,70.00340811171871,6.576421854443075,3.4187959084989057
2025-03-26 00:00:00+00:00,1032397.3981507538,-0.0024391926962889017,0.14687251235082951,70.07303262461437,6.263040666244189,3.3855258164793818
2025-03-27 00:00:00+00:00,1030472.3102154033,-0.0018646772442459981,0.14723163868858136,69.87268551136432,6.093625887569387,3.363985007371074
2025-03-28 00:00:00+00:00,1027625.7695811737,-0.0027623649912869954,0.14750669105877268,69.71990075459048,5.833204970249792,3.3304512546693874
2025-03-31 00:00:00+00:00,1027789.033079668,0.00015887446902078563,0.14791528706944948,69.49398483123893,5.821957271088545,3.3300473765809793
2025-04-01 00:00:00+00:00,1027933.6816356641,0.00014073759433169298,0.14789179083970727,69.50694225175435,5.860519877885798,3.3033924913561306
2025-04-02 00:00:00+00:00,1024691.2276145917,-0.0031543416457693275,0.147870979833734,69.51842229588102,5.522524364736471,3.2604061302930125
2025-04-03 00:00:00+00:00,1022616.4714182843,-0.0020247623287819616,0.14833889137649012,69.26108467516099,5.330550687354328,3.233428378153282
2025-04-04 00:00:00+00:00,1017651.8412218468,-0.004854831048782207,0.14863985174886696,69.09642148497787,4.8050795690981865,3.1587759422842074
2025-04-07 00:00:00+00:00,1015053.3155181836,-0.002553452564428317,0.14936499355718957,68.70240321541932,4.6782138854634985,3.132271503027326
2025-04-08 00:00:00+00:00,1009816.6520872966,-0.005159003326060494,0.14974736635382213,68.4961710167159,4.182950883644998,3.0487099995973184
2025-04-09 00:00:00+00:00,1008008.4910869418,-0.0017905834654412946,0.0,80.14417873708703,5.350413607459433,3.229034398791972
2025-04-10 00:00:00+00:00,1008088.4917608376,7.936507936510829e-05,0.0,80.00067389578903,0.0,3.1569729181495365
2025-04-11 00:00:00+00:00,1013914.191609041,0.00577895680371029,0.17948615177809002,65.64687045419889,0.0,3.2059849430238962
2025-04-14 00:00:00+00:00,1013887.0817468908,-2.6737826903415243e-05,0.1784548687998837,66.10922758500868,10.074748108964963,3.205522970866002
2025-04-15 00:00:00+00:00,1008291.7205712324,-0.005518722228926923,0.17845964042285858,66.10707600864757,9.56420198922959,3.1664350710530154
2025-04-16 00:00:00+00:00,1008383.809540494,9.13316725535014e-05,0.17944997498880969,65.66299972486514,9.541826131517938,3.166832399558831
2025-04-17 00:00:00+00:00,1008157.8438762004,-0.00022408696188466802,0.17943358701919496,65.67030837321924,9.488661095688967,3.165042627651926
2025-04-21 00:00:00+00:00,1006821.8882699922,-0.0013251452779176466,0.17947380475884125,65.6523745903388,9.310637052849906,3.1556389134065497
2025-04-22 00:00:00+00:00,1009905.3756981784,0.003062594748992338,0.17971194919970862,65.54634636762387,9.636237788674542,3.1766217956659566
2025-04-23 00:00:00+00:00,1012395.9407727673,0.002466137060481599,0.17916324478701148,65.79106759208308,9.829314433781725,3.1938334955925454
2025-04-24 00:00:00+00:00,1017790.6917265973,0.005328696744588013,0.17872249062932893,65.98873148689172,10.329326555188342,3.229385733457841
2025-04-25 00:00:00+00:00,1018824.7397623046,0.001015973170233212,0.1777751806031802,66.41688632449728,10.453329656654246,3.2353675278760923
2025-04-28 00:00:00+00:00,1019748.2816869979,0.0009064777175598798,0.17759474910291734,66.4989536289185,10.48149124339994,3.241540273442483
2025-04-29 00:00:00+00:00,1018556.9133770566,-0.0011682964623096453,0.1774339092178718,66.57225060706875,10.363080341825118,3.233549238120448
2025-04-30 00:00:00+00:00,1022979.5648215602,0.004342075917819983,0.17764144709206903,66.47769756659723,10.800086813518188,3.2608707611557777
2025-05-01 00:00:00+00:00,1018474.1057769419,-0.004404251267134738,0.17687344914802167,66.82870164949433,10.410469165167619,3.231556310995116
2025-05-02 00:00:00+00:00,1022067.7252791512,0.003528434824042945,0.1776558903281132,66.47112553484209,10.736901856640806,3.254151697360812
2025-05-05 00:00:00+00:00,1025317.667651527,0.0031797720366212646,0.1770312471108635,66.75633343184283,10.976406103416211,3.2745589622552895
2025-05-06 00:00:00+00:00,1024286.6407178383,-0.0010055682899234736,0.1764701123822111,67.01426536615837,10.908209956814506,3.267501114020997
2025-05-07 00:00:00+00:00,1022689.8307289862,-0.0015589483698948293,0.17664774375181447,66.93243783173862,10.81129751591176,3.256758760996447
2025-05-08 00:00:00+00:00,1025785.446354622,0.0030269349832385086,0.17692355844484806,66.80570688024243,11.055327636142794,3.2758267501775444
2025-05-09 00:00:00+00:00,1027366.1737006037,0.0015409921749222843,0.17638963847745984,67.0513906600548,11.166575556342782,3.2853714097510975
2025-05-12 00:00:00+00:00,1033610.3832048139,0.006077881152849762,0.17611824164522347,67.17684521132318,11.751670339901533,3.3215664672161958
2025-05-13 00:00:00+00:00,1038887.4940739425,0.005105512633073971,0.17505428252076488,67.67241739419701,12.289620293136716,3.3503792458905233
2025-05-14 00:00:00+00:00,1043114.7186877078,0.004068991722278238,0.17416508050202145,68.09123571714373,12.693200478793264,3.372828843175574
2025-05-15 00:00:00+00:00,1040566.4166712117,-0.002442973884695992,0.17345927614324222,68.42672973410923,12.463324072295393,3.3587622421486767
2025-05-16 00:00:00+00:00,1040289.2434447092,-0.0002663676456032212,0.17388407038616027,68.22448354232382,12.399997980128928,3.3571590610700808
2025-05-19 00:00:00+00:00,1040056.8485355423,-0.0002233945132388706,0.1739303998172584,68.20248566720457,12.42802580678627,3.355274458873819
2025-05-20 00:00:00+00:00,1039487.8346069666,-0.000547098871928854,0.173969263596218,68.18404162679451,12.3543713260663,3.351932544884706
2025-05-21 00:00:00+00:00,1036523.4938150638,-0.002851732067671156,0.17406449408457456,68.13888179119326,12.07352946949676,3.335194041603976
2025-05-22 00:00:00+00:00,1035109.5814075676,-0.0013640910369451939,0.1745622989904119,67.90361664897875,11.981377167152074,3.326742979329474
2025-05-23 00:00:00+00:00,1034635.3254563885,-0.0004581698012438162,0.17480074311734964,67.79140137854255,11.915239471018594,3.3237788595303273
2025-05-27 00:00:00+00:00,1040267.9728425513,0.00544408957202206,0.1748808682499971,67.75376201733785,12.42219934179276,3.3549021558635874
2025-05-28 00:00:00+00:00,1039221.8627601268,-0.0010056159660149526,0.17393395621275867,68.20079752417618,12.41918939756676,3.3487068225595618
2025-05-29 00:00:00+00:00,1035238.7764888137,-0.003832758349342494,0.1741090430462736,68.11777291445993,12.046556205695985,3.326178622775628
2025-05-30 00:00:00+00:00,1033658.8257421139,-0.0015261703701425161,0.17477892844355475,67.80165495641921,11.868888424468821,3.3168232647802807
2025-06-02 00:00:00+00:00,1039460.2071108893,0.005612472146803655,0.1750460785820964,67.67626204001446,12.367511424271296,3.349130295815329
2025-06-03 00:00:00+00:00,1042075.6377175053,0.002516143079575403,0.17406912049171802,68.13668913277442,12.629453756213207,3.3630215026982837
2025-06-04 00:00:00+00:00,1043804.8795188116,0.0016594206204588707,0.17363223694034935,68.34426299044237,12.760387820982825,3.3720257343281403
2025-06-05 00:00:00+00:00,1039123.5081510335,-0.004484910407715409,0.17334458536095648,68.48150440324444,12.349393708469647,3.346319922893002
2025-06-06 00:00:00+00:00,1041175.6020295777,0.001974831540666004,0.1741255227300976,68.10996699310333,12.550142601115988,3.3572389286460815
2025-06-09 00:00:00+00:00,1049436.4607944614,0.007934164754514713,0.1737823318998513,68.27283158663859,13.21277204282849,3.4007607547702814
2025-06-10 00:00:00+00:00,1051034.1122810848,0.0015223899171693098,0.17241436789889591,68.9284552981373,13.35163892285111,3.408634223475258
2025-06-11 00:00:00+00:00,1048266.9720888819,-0.0026327786699494302,0.17215228499600035,69.05525303517089,13.105562221415198,3.3941156514651425
2025-06-12 00:00:00+00:00,1042792.6111726265,-0.0052222964779159555,0.17260672028746313,68.8356387342024,12.697551961885543,3.36477400142884
2025-06-13 00:00:00+00:00,1040904.3290936925,-0.0018107934969069585,0.17351285586351228,68.4011656456107,12.505771097200217,3.3542488393339402
2025-06-16 00:00:00+00:00,1054055.9446154614,0.012634797602599977,0.17382762179063357,68.25130198855246,13.5723368804967,3.422923271612122
2025-06-17 00:00:00+00:00,1057085.3246354891,0.0028740220436145065,0.17165874824978192,69.29508099821666,13.807485044432736,3.4378836302124958
2025-06-18 00:00:00+00:00,1055811.6219897934,-0.0012049194289353838,0.17116681106165552,69.53550798393314,13.72340658694566,3.431054225654921
2025-06-20 00:00:00+00:00,1059221.8738849678,0.0032299813945478157,0.17137330208293605,69.43442047237,13.96865839088035,3.4479362955282644
2025-06-23 00:00:00+00:00,1065377.495540971,0.00581145632257938,0.17082155164932095,69.70507538468541,14.480089071487091,3.477261363120392
2025-06-24 00:00:00+00:00,1074784.4104581552,0.008829654236696342,0.16983456548991208,70.19361678595551,15.255852846220233,3.5204190142338776
2025-06-25 00:00:00+00:00,1079443.8650609609,0.004335245801359781,0.16834810988819793,70.94019733493839,15.720440000176712,3.5395542258145274
2025-06-26 00:00:00+00:00,1080489.1373858359,0.0009683433837626805,0.16762142978848946,71.30999531928803,15.809202146787866,3.54376656327596
2025-06-27 00:00:00+00:00,1078487.7693017947,-0.0018522796896258782,0.1674592717106787,71.39295344030987,15.67933921956971,3.5342722602224157
2025-06-30 00:00:00+00:00,1075198.6245456336,-0.0030497747399495416,0.16777002872741845,71.23411470348121,15.412553135803964,3.5194087305832475
2025-07-01 00:00:00+00:00,1068333.9925119763,-0.006384524567782252,0.16828325474690206,70.97307146886523,14.79590415136575,3.5208504527630096
2025-07-02 00:00:00+00:00,1070871.6869097846,0.0023753755057829796,0.16936456698573427,70.42825940270197,15.056646291099392,3.531934416481165
2025-07-03 00:00:00+00:00,1069284.130243624,-0.0014824900924794097,0.168963215901304,70.62966371998833,14.9551075774114,3.524276884461258
2025-07-07 00:00:00+00:00,1064500.3954526952,-0.004473773299000497,0.16921407408964997,70.50366715918196,14.553213005916282,3.501813012976847
2025-07-08 00:00:00+00:00,1069522.8921112397,0.004718172656393075,0.16997450147586363,70.12400566783839,14.980844935529399,3.5248145781830726
2025-07-09 00:00:00+00:00,1068699.0653818448,-0.0007702749847352271,0.1691762984902173,70.52261651375461,14.955970752471849,3.520707647728628
2025-07-10 00:00:00+00:00,1078902.6414582408,0.009547660709098045,0.1693067112146137,70.4572334399931,15.771501249830905,3.566058790403117
2025-07-11 00:00:00+00:00,1080567.730900375,0.0015433176063816172,0.1677055158502314,71.26704106510391,15.911800234448439,3.5729920407903943
2025-07-14 00:00:00+00:00,1080842.8236621418,0.00025458169247534815,0.1674470918053109,71.39919102082884,15.913624419814235,3.5740395592868035
2025-07-15 00:00:00+00:00,1092957.5160804682,0.011208560720493154,0.16740447369107067,71.42102377969923,16.962227950261735,3.6240773896238334
2025-07-16 00:00:00+00:00,1099264.7688708622,0.00577081240358993,0.16554890869574304,72.38250730496323,17.474050711639354,3.6491082726413264
2025-07-17 00:00:00+00:00,1100483.161013915,0.001108370046557821,0.16459903852261776,72.88308292324847,17.599758460361826,3.653368612763294
2025-07-18 00:00:00+00:00,1094964.3364694405,-0.005014910486580994,0.16441680386206625,72.97978071237964,17.141136553972164,3.631273945999346
2025-07-21 00:00:00+00:00,1095795.2205878848,0.0007588229961199978,0.16524549522895018,72.54177876440548,17.182560129747852,3.6345799597113126
2025-07-22 00:00:00+00:00,1093928.2367904754,-0.0017037707067272278,0.16512019822541285,72.60772194840898,16.982865588589142,3.6272317912360337
2025-07-23 00:00:00+00:00,1101663.5186592801,0.0070711054058715936,0.16540200531690574,72.45954863115428,17.667244542139986,3.6572315780444584
2025-07-24 00:00:00+00:00,1106627.053102146,0.004505490432238653,0.0,87.43361259200636,18.07730619399053,3.676752803698192
2025-07-25 00:00:00+00:00,1106714.880646043,7.936507936516332e-05,0.0,87.8275438969957,0.0,3.6910566965944533
2025-07-28 00:00:00+00:00,1106802.71516038,7.936507936499424e-05,0.0,87.83451433698754,0.0,3.7321395039773932
2025-07-29 00:00:00+00:00,1106890.55664571,7.936507936503204e-05,0.0,87.84148533018887,0.0,3.756107561164667
2025-07-30 00:00:00+00:00,1106978.4051025866,7.93650793650266e-05,0.0,87.84845687664365,0.0,3.7756885801392697
2025-07-31 00:00:00+00:00,1107066.260531563,7.936507936514866e-05,0.0,87.85542897639576,0.0,3.72665731562963
2025-08-01 00:00:00+00:00,1107154.1229331926,7.936507936514814e-05,0.0,87.86240162948913,0.0,3.7153535383794996
2025-08-04 00:00:00+00:00,1107241.9923080285,7.936507936498546e-05,0.0,87.86937483596768,0.0,3.749509230235198
2025-08-05 00:00:00+00:00,1107329.8686566243,7.936507936504155e-05,0.0,87.87634859587529,0.0,3.664070810152188
2025-08-06 00:00:00+00:00,1107417.7519795336,7.93650793650664e-05,0.0,87.8833229092559,0.0,3.6679450646177605
2025-08-07 00:00:00+00:00,1107505.6422773097,7.936507936502036e-05,0.0,87.89029777615346,0.0,3.7161812236929523
2025-08-08 00:00:00+00:00,1107593.5395505063,7.936507936507403e-05,0.0,87.89727319661188,0.0,3.709878666690278
2025-08-11 00:00:00+00:00,1107681.4437996768,7.936507936497748e-05,0.0,87.9042491706751,0.0,3.71230255169272
2025-08-12 00:00:00+00:00,1107769.3550253753,7.93650793651115e-05,0.0,87.91122569838706,0.0,3.722026653848869
2025-08-13 00:00:00+00:00,1107857.273228155,7.936507936501598e-05,0.0,87.91820277979168,0.0,3.777556553109484
2025-08-14 00:00:00+00:00,1107945.19840857,7.936507936507165e-05,0.0,87.92518041493294,0.0,3.7572472368340284
2025-08-15 00:00:00+00:00,1108033.1305671737,7.936507936502868e-05,0.0,87.93215860385476,0.0,3.743745475832109
2025-08-18 00:00:00+00:00,1108121.0697045203,7.936507936505753e-05,0.0,87.93913734660109,0.0,3.7281548984452444
2025-08-19 00:00:00+00:00,1108209.0158211635,7.936507936511853e-05,0.0,87.9461166432159,0.0,3.673492104145099
2025-08-20 00:00:00+00:00,1108296.9689176574,7.936507936517201e-05,0.0,87.95309649374313,0.0,3.6867755116620584
2025-08-21 00:00:00+00:00,1108384.9289945557,7.936507936517828e-05,0.0,87.96007689822677,0.0,3.668090283544086
2025-08-22 00:00:00+00:00,1108472.8960524125,7.936507936509772e-05,0.0,87.96705785671077,0.0,3.6924171877953142
2025-08-25 00:00:00+00:00,1108560.8700917817,7.936507936510072e-05,0.0,87.97403936923908,0.0,3.6574540353322433
2025-08-26 00:00:00+00:00,1108648.8511132176,7.936507936514759e-05,0.0,87.9810214358557,0.0,3.6774532331812733
2025-08-27 00:00:00+00:00,1108736.8391172742,7.936507936498864e-05,0.0,87.98800405660458,0.0,3.673562244915425
2025-08-28 00:00:00+00:00,1108824.8341045056,7.936507936500427e-05,0.0,87.99498723152969,0.0,3.6884352889842624
2025-08-29 00:00:00+00:00,1108912.8360754664,7.936507936515474e-05,0.0,88.00197096067505,0.0,3.6634512437758633
2025-09-02 00:00:00+00:00,1109000.8450307103,7.936507936498043e-05,0.0,88.00895524408463,0.0,3.6687021938851667
2025-09-03 00:00:00+00:00,1109088.8609707921,7.936507936507161e-05,0.0,88.01594008180241,0.0,3.6640483477284853
2025-09-04 00:00:00+00:00,1109176.883896266,7.936507936517861e-05,0.0,88.02292547387239,0.0,3.6615092271207947
2025-09-05 00:00:00+00:00,1109264.9138076864,7.936507936505184e-05,0.0,88.02991142033858,0.0,3.596911609483942
2025-09-08 00:00:00+00:00,1109352.9507056077,7.93650793650715e-05,0.0,88.03689792124496,0.0,3.599747843185648
2025-09-09 00:00:00+00:00,1109440.9945905842,7.936507936498801e-05,0.0,88.04388497663552,0.0,3.645244275446115
2025-09-10 00:00:00+00:00,1109529.0454631709,7.936507936518143e-05,0.0,88.0508725865543,0.0,3.6360777321229536
2025-09-11 00:00:00+00:00,1109617.1033239218,7.93650793649825e-05,0.0,88.05786075104531,0.0,3.617559177113468
2025-09-12 00:00:00+00:00,1109705.1681733918,7.936507936498116e-05,0.0,88.06484947015252,0.0,3.630151055289317
2025-09-15 00:00:00+00:00,1109793.2400121358,7.936507936513768e-05,0.0,88.07183874391998,0.0,3.649412202002933
2025-09-16 00:00:00+00:00,1109881.3188407081,7.936507936499275e-05,0.0,88.07882857239173,0.0,3.648242337913122
2025-09-17 00:00:00+00:00,1109969.4046596638,7.936507936513614e-05,0.0,88.08581895561176,0.0,3.6525926529944006
2025-09-18 00:00:00+00:00,1110057.4974695574,7.936507936510857e-05,0.0,88.0928098936241,0.0,3.6294290856021902
2025-09-19 00:00:00+00:00,1110145.597270944,7.936507936508016e-05,0.0,88.09980138647282,0.0,3.6261169183022433
2025-09-22 00:00:00+00:00,1110233.704064378,7.936507936501126e-05,0.0,88.1067934342019,0.0,3.633158992808715
2025-09-23 00:00:00+00:00,1110321.817850415,7.936507936507194e-05,0.0,88.1137860368554,0.0,3.650277341421562
2025-09-24 00:00:00+00:00,1110409.9386296093,7.936507936501278e-05,0.0,88.12077919447738,0.0,3.6481598823149533
2025-09-25 00:00:00+00:00,1110498.0664025163,7.936507936500384e-05,0.0,88.12777290711185,0.0,3.645866495036324
2025-09-26 00:00:00+00:00,1110586.201169691,7.936507936500542e-05,0.0,88.13476717480289,0.0,3.6363667769616237
2025-09-29 00:00:00+00:00,1110674.3429316885,7.936507936497787e-05,0.0,88.14176199759453,0.0,3.644275915668037
2025-09-30 00:00:00+00:00,1110762.491689064,7.936507936509116e-05,0.0,88.14875737553083,0.0,3.636922830583941
2025-10-01 00:00:00+00:00,1110850.6474423727,7.936507936509597e-05,0.0,88.15575330865587,0.0,3.5722460752460696
2025-10-02 00:00:00+00:00,1110938.8101921699,7.936507936516225e-05,0.0,88.16274979701372,0.0,3.6054689762203633
2025-10-03 00:00:00+00:00,1111026.9799390105,7.936507936504075e-05,0.0,88.1697468406484,0.0,3.5726140070389922
2025-10-06 00:00:00+00:00,1111115.15668345,7.9365079365111e-05,0.0,88.17674443960401,0.0,3.806337628123589
2025-10-07 00:00:00+00:00,1107947.1597957478,-0.002851186817717765,0.24999999999999994,66.13780694544346,0.0,3.824543381273341
2025-10-08 00:00:00+00:00,1078066.1355931684,-0.026969719574070683,0.25071483483207946,65.88637862102266,-2.3439845025415025,3.952533708281649
2025-10-09 00:00:00+00:00,1086494.246794225,0.007817805348666515,0.2576639595659169,63.51486876367508,-2.03429305392853,3.917921253047765
2025-10-10 00:00:00+00:00,1102763.6468039888,0.014974216437655204,0.25566521865207076,64.18376647804465,-1.713859404712923,3.8490886113603193
2025-10-13 00:00:00+00:00,1103113.611524159,0.00031735242740772994,0.2518933136542144,65.47498870104177,-1.615990874731624,3.8475022579420797
2025-10-14 00:00:00+00:00,1098320.0139695879,-0.004345515733368543,0.25181340006045144,65.50276367883306,-1.8837819465272654,3.8696804337750335
2025-10-15 00:00:00+00:00,1078483.1274833428,-0.018061117191655186,0.25291243502602156,65.12231942847026,-2.4820403134176585,3.9540087194379865
2025-10-16 00:00:00+00:00,1084889.909822885,0.005940549440483598,0.2575643346586827,63.547963358133366,-2.294829453212052,3.927939896143359
2025-10-17 00:00:00+00:00,1084213.5553319927,-0.0006234314512176468,0.25604329679516663,64.05643814698591,-2.2727108248712664,3.9304929412863716
2025-10-20 00:00:00+00:00,1076430.5489001297,-0.007178481023030321,0.2562030218168642,64.00275921913732,-2.5165456955860366,3.9626247180866256
2025-10-21 00:00:00+00:00,1079779.2234546284,0.0031109062799455356,0.2580554680974913,63.38506029597359,-2.4530140124444797,3.949834665763446
2025-10-22 00:00:00+00:00,1087472.010139058,0.007124407024444831,0.25725517136932996,63.650828117759204,-2.2437791035498487,3.918444160396141
2025-10-23 00:00:00+00:00,1079094.039590016,-0.0077040792507117395,0.2554353459960244,64.2613667435076,-2.4512216682181736,3.952792786993381
2025-10-24 00:00:00+00:00,1064088.7746138137,-0.013905428466552629,0.2574185186644159,63.59644844596456,-2.8301002789799448,4.0108963288949795
2025-10-27 00:00:00+00:00,1060632.3500524962,-0.0032482483076395324,0.26104851004717705,62.40555440023422,-2.849482712963453,4.022754734082823
2025-10-28 00:00:00+00:00,1065064.052443828,0.004178358684903807,0.2618992237575195,62.131234990605854,-2.5044292631907785,4.0036835677227085
2025-10-29 00:00:00+00:00,1062526.9245155803,-0.0023821364756665513,0.26080946825074885,62.48295740261631,-2.526763459700444,4.012767190029042
2025-10-30 00:00:00+00:00,1066547.6870972074,0.0037841512425299106,0.2614322355148839,62.28159804323157,-2.461622533479151,3.998598529975763
2025-10-31 00:00:00+00:00,1067212.5191963478,0.0006233496234470711,0.26044666594035293,62.60070618463055,-2.4761018609851257,3.9966685046376558
2025-11-03 00:00:00+00:00,1066569.4585606921,-0.0006025609933248367,0.26028441774656147,62.653470636943275,-2.4204582902534346,3.9985894389527674
2025-11-04 00:00:00+00:00,1081704.47582056,0.014190371886601905,0.2604413495448461,62.602434078557906,-2.1607211759874465,3.9418695400090575
2025-11-05 00:00:00+00:00,1065849.8981599957,-0.014657032502835267,0.2567973003533566,63.803625924579165,-2.6111090113856266,4.003540978657766
2025-11-06 00:00:00+00:00,1081840.1811827777,0.015002377961837315,0.26061717475453083,62.54532611024866,-2.2773417947361265,3.942938288253096
2025-11-07 00:00:00+00:00,1084653.5951499718,0.0026005818753358978,0.25676508785906477,63.81439619142184,-2.1783199046119295,3.9315749305627214
2025-11-10 00:00:00+00:00,1078915.5470683551,-0.0052902125685788705,0.25609908123012753,64.03768301421502,-2.1915979315445995,3.953545515003076
2025-11-11 00:00:00+00:00,1073211.827781425,-0.005286529888672267,0.25746110520480214,63.582282372816884,-2.4571218361762712,3.9770600454944485
2025-11-12 00:00:00+00:00,1064034.8619230136,-0.008550936190651571,0.2588294146413713,63.12960623893354,-2.7576680797461446,4.012739248821434
2025-11-13 00:00:00+00:00,1071356.5076566471,0.006881020533858495,0.2610617368953844,62.401275615250086,-2.637847663280133,3.986397611980925
2025-11-14 00:00:00+00:00,1073212.684833092,0.0017325485617339124,0.25927764211601373,62.98235860998292,-2.5141999252958103,3.978444531973919
2025-11-17 00:00:00+00:00,1079841.373976153,0.006176491609481935,0.2588292079440555,63.1296742589071,-2.3975968358403916,3.9534187062323256
2025-11-18 00:00:00+00:00,1089430.6295406828,0.00888024463187632,0.25724036498808656,63.65576069883259,-2.1979166272630355,3.915147432159168
2025-11-19 00:00:00+00:00,1090779.80638555,0.0012384238227596085,0.2549761147141396,64.41681272776351,-1.9073008110532585,3.9077334720044785
2025-11-20 00:00:00+00:00,1113562.5031352341,0.020886613976818832,0.25466073679097617,64.52389025513394,-1.4921877456751362,3.808387114034276
2025-11-21 00:00:00+00:00,1114919.183777172,0.0012183246455569716,0.24945055925354578,66.33204079082316,-1.4606958450434888,3.8023212502515378
2025-11-24 00:00:00+00:00,1106656.9573109641,-0.007410605707058186,0.24914701730199973,66.43971385764361,-1.7149891882594996,3.8410062136520184
2025-11-25 00:00:00+00:00,1114064.5952472847,0.0066937074649765374,0.2510071321883067,65.78398159842077,-1.5459427194086013,3.8071337282954736
2025-11-26 00:00:00+00:00,1105569.6144342055,-0.007625213878369128,0.2493381356484136,66.37188937114463,-1.7540621481619976,3.846574795930283
2025-11-28 00:00:00+00:00,1100025.3256535744,-0.005014870803471221,0.25125400114493973,65.69768454470976,-1.972174893288833,3.87212034804331
2025-12-01 00:00:00+00:00,1099449.8751423222,-0.0005231247843411002,0.2525203581161385,65.25766162561206,-1.939038570638524,3.87450432200286
2025-12-02 00:00:00+00:00,1103714.8360087425,0.0038791771801949624,0.252652526914794,65.21199095011585,-1.786460270481653,3.8556683124664435
2025-12-03 00:00:00+00:00,1102292.0409224431,-0.0012890966397121368,0.25167623022570496,65.55047990776826,-1.8534251112152669,3.8624700754697807
2025-12-04 00:00:00+00:00,1104457.4840564588,0.001964491308676716,0.2520010839762626,65.43755966282387,-1.7387139649983974,3.852785131615689
2025-12-05 00:00:00+00:00,1102214.6448453001,-0.0020307157527885747,0.25150700065939585,65.60942022901558,-1.823050363845014,3.863168993287416
2025-12-08 00:00:00+00:00,1097034.996267458,-0.004699310249655724,0.2520187791642432,65.43141711701887,-1.8577653872316127,3.8853455869548164
2025-12-09 00:00:00+00:00,1099760.8578932362,0.0024847535721765515,0.25320868533453766,65.0203338965552,-1.8622159678665238,3.874327920790834
2025-12-10 00:00:00+00:00,1100663.1350212574,0.000820430297682794,0.252581083584836,65.23667212082331,-1.8882829062427344,3.8710089211952705
2025-12-11 00:00:00+00:00,1100583.9083395912,-7.198086239590985e-05,0.2523740282856822,65.30828141669802,-1.9132450592301504,3.8718099230204617
2025-12-12 00:00:00+00:00,1108262.8281741464,0.006977132571509262,0.2523921956935902,65.30199358481975,-1.774979224370779,3.83815063593801
2025-12-15 00:00:00+00:00,1112308.200468032,0.0036501921665551855,0.25064342330104195,65.91143166692729,-1.6383331961372773,3.819577460966568
2025-12-16 00:00:00+00:00,1110944.9168109687,-0.00122563481640217,0.24973185404367243,66.23249296009281,-1.6636744332617273,3.826167553294831
2025-12-17 00:00:00+00:00,1119974.70997958,0.00812802960072215,0.2500383097014769,66.12429584445287,-1.49878849637481,3.783875222319886
2025-12-18 00:00:00+00:00,1116635.6362274159,-0.002981383170897691,0.24802237648377531,66.84094609592997,-1.5321920566297154,3.8001334753263283
2025-12-19 00:00:00+00:00,1105917.1854068898,-0.00959887941310801,0.24876403739839947,66.5759402425836,-1.7495391537640774,3.8497329807041676
2025-12-22 00:00:00+00:00,1106156.3704897293,0.00021627757122841701,0.25117503628326554,65.72526954254185,-1.7102557762594772,3.8487897443372163
2025-12-23 00:00:00+00:00,1108286.6194991653,0.0019258118167261198,0.251120724502885,65.74425248562434,-1.5619216305533241,3.8392367130737584
2025-12-24 00:00:00+00:00,1108433.0603891402,0.00013213268787906133,0.2506380427983428,65.91331986732563,-1.5669419965426563,3.8388950452260704
2025-12-26 00:00:00+00:00,1108792.5737300408,0.00032434375493495016,0.2506049296953864,65.92494216018078,-1.5232402538667493,3.837527674259469
2025-12-29 00:00:00+00:00,1107725.8507103103,-0.0009620582289273603,0.25052367390629154,65.95347496501415,-1.5978705527418269,3.8426954646540326
2025-12-30 00:00:00+00:00,1108058.6654376788,0.00030044864183238117,0.2507649243653035,65.86881440789269,-1.5978461997616291,3.841522110881716
2025-12-31 00:00:00+00:00,1109279.6652134277,0.001101927013283762,0.0,87.9411639236253,-1.588018848860389,3.8383109932803223
2026-01-02 00:00:00+00:00,1109367.7032820955,7.936507936509767e-05,0.0,88.03806866773236,0.0,3.536895721899948
2026-01-05 00:00:00+00:00,1109455.7483379114,7.936507936499888e-05,0.0,88.04505581603932,0.0,3.5279361831073612
2026-01-06 00:00:00+00:00,1109543.8003814304,7.936507936517037e-05,0.0,88.05204351888186,0.0,3.4939739127750977
2026-01-07 00:00:00+00:00,1109631.8594132068,7.936507936515271e-05,0.0,88.059031776304,0.0,3.469245231344159
2026-01-08 00:00:00+00:00,1109719.9254337952,7.936507936511612e-05,0.0,88.06602058834974,0.0,3.453980060017475
2026-01-09 00:00:00+00:00,1109030.8888899726,-0.0006209103108185307,0.1279793749076637,76.8014811947777,0.0,3.4487014096529656
2026-01-12 00:00:00+00:00,1111106.8515078523,0.0018718708727378742,0.12805888799160964,76.74679575479178,6.919121476012682,3.4678298383477486
2026-01-13 00:00:00+00:00,1118052.869131219,0.006251439826818222,0.12781962615644316,76.91155469271874,7.473151558283283,3.530618621675613
2026-01-14 00:00:00+00:00,1119765.730479922,0.0015320038935491315,0.12702553367619693,77.46282593266848,7.579700650245306,3.545564156945627
2026-01-15 00:00:00+00:00,1122784.0559824277,0.0026954972994325615,0.12683122774147337,77.59876730954966,7.851370598448169,3.5701241725355937
2026-01-16 00:00:00+00:00,1123600.669416298,0.0007273112131573006,0.12649027355071293,77.83831695260567,7.901879113324195,3.5766617048360407
2026-01-20 00:00:00+00:00,1125441.0491366764,0.0016379304235680972,0.12639834261880178,77.90312754259537,7.980648906131597,3.593535403152286
2026-01-21 00:00:00+00:00,1134944.9090280563,0.00844456482076102,0.1261916494769233,78.04918942516508,8.76997138773486,3.668039702027916
2026-01-22 00:00:00+00:00,1133906.2001649314,-0.0009152064165074575,0.12513493937007072,78.80346401971906,8.684618744781583,3.6592932551938384
2026-01-23 00:00:00+00:00,1137682.5138608655,0.0033303580978610533,0.12524956857889893,78.72102680835992,9.00400401190719,3.6865916094418507
2026-01-26 00:00:00+00:00,1133707.6446023257,-0.00349382996584042,0.12483382723149154,79.02073424454518,8.676451862237359,3.6558328656632373
2026-01-27 00:00:00+00:00,1134125.7220107599,0.0003687700355771836,0.1252715045680172,78.70526843037536,8.723508579271789,3.657735408564036
2026-01-28 00:00:00+00:00,1134412.7773909005,0.0002531071948811162,0.12522532522038052,78.73844917707648,8.75502805769245,3.658844806360185
2026-01-29 00:00:00+00:00,1132561.5470153957,-0.0016318842773990682,0.12519363780989748,78.76123135010351,8.607836394511267,3.643717656779266
2026-01-30 00:00:00+00:00,1126068.5266226267,-0.005733039771551375,0.1253982732804769,78.61430830442852,8.076160246337663,3.591273273155916
2026-02-02 00:00:00+00:00,1133824.3941960924,0.006887562692767514,0.12612133189225622,78.09898922563733,8.656245949836606,3.654081638874172
2026-02-03 00:00:00+00:00,1120960.1157923662,-0.011345917824291691,0.12525860539479097,78.71453427115048,7.5737438314843715,3.5487600556267
2026-02-04 00:00:00+00:00,1112228.5340598947,-0.0077893777035050295,0.126696088807055,77.69355979466428,6.85835879082267,3.468229346172752
2026-02-05 00:00:00+00:00,1105243.4320699524,-0.006280275839035626,0.12769072005479432,77.00057711748401,6.242889828061497,3.397958981883196
2026-02-06 00:00:00+00:00,1112919.2651482436,0.006944925303845147,0.12849772118854585,76.44620394367905,6.967163668494563,3.4730103160333368
2026-02-09 00:00:00+00:00,1115459.4573832504,0.0022824586783196333,0.12761146906795498,77.05539704513075,7.200396254491514,3.4956667547915554
2026-02-10 00:00:00+00:00,1114985.2450823127,-0.00042512733008698907,0.12732086445594634,77.2569996034646,7.149809653576038,3.490736626434502
2026-02-11 00:00:00+00:00,1113947.697068427,-0.0009305486493762008,0.1273750150560169,77.2193637065648,7.073218249428119,3.4805195693560744
2026-02-12 00:00:00+00:00,1112143.4640004386,-0.0016196748489508198,0.12749365410364707,77.13701862609769,6.904780214621859,3.4630395970781747
2026-02-13 00:00:00+00:00,1113007.4532171674,0.000776868492866037,0.12770048737124104,76.99382552546368,6.927163413912031,3.470627383718091
2026-02-17 00:00:00+00:00,1107638.8539482134,-0.004823507024536076,0.1276013578966442,77.06239609821993,6.524326046170266,3.4188688840322925
