ts_event,equity,returns,exposure,cash_credit,financing,spread
2020-07-01 00:00:00+00:00,1000000.0,0.0,0.0,0.0,0.0,-0.04771398275008476
2020-07-02 00:00:00+00:00,1000079.3650793651,7.936507936508861e-05,0.0,79.36507936507937,0.0,-0.049024643366443854
2020-07-06 00:00:00+00:00,1000158.736457546,7.936507936509753e-05,0.0,79.37137818090198,0.0,-0.04799022328774072
2020-07-07 00:00:00+00:00,1000238.1141350426,7.936507936508781e-05,0.0,79.37767749663064,0.0,-0.047599224248534355
2020-07-08 00:00:00+00:00,1000317.498112355,7.93650793651362e-05,0.0,79.38397731230498,0.0,-0.047505206006468015
2020-07-09 00:00:00+00:00,1000396.888389983,7.936507936508663e-05,0.0,79.39027762796468,0.0,-0.048311746738122885
2020-07-10 00:00:00+00:00,1000476.2849684267,7.93650793651322e-05,0.0,79.39657844364945,0.0,-0.04736332163150614
2020-07-13 00:00:00+00:00,1000555.6878481861,7.936507936511688e-05,0.0,79.40287975939894,0.0,-0.04777448166975784
2020-07-14 00:00:00+00:00,1000635.0970297614,7.936507936511734e-05,0.0,79.40918157525287,0.0,-0.04790157030311626
2020-07-15 00:00:00+00:00,1000714.5125136527,7.936507936509392e-05,0.0,79.4154838912509,0.0,-0.048098726523686075
2020-07-16 00:00:00+00:00,1000793.9343003602,7.936507936512329e-05,0.0,79.42178670743276,0.0,-0.04748754638616681
2020-07-17 00:00:00+00:00,1000873.362390384,7.936507936504947e-05,0.0,79.42809002383811,0.0,-0.04666407457708299
2020-07-20 00:00:00+00:00,1000952.7967842245,7.936507936506542e-05,0.0,79.43439384050666,0.0,-0.04843576604416544
2020-07-21 00:00:00+00:00,1001032.237482382,7.936507936513146e-05,0.0,79.44069815747812,0.0,-0.04875612024216114
2020-07-22 00:00:00+00:00,1001111.6844853568,7.936507936509162e-05,0.0,79.44700297479223,0.0,-0.04879189085116842
2020-07-23 00:00:00+00:00,1001191.1377936492,7.936507936502255e-05,0.0,79.45330829248863,0.0,-0.0485813054308295
2020-07-24 00:00:00+00:00,1001270.5974077599,7.936507936511715e-05,0.0,79.45961411060708,0.0,-0.047642867953830326
2020-07-27 00:00:00+00:00,1001350.0633281891,7.936507936510315e-05,0.0,79.46592042918729,0.0,-0.0476234133865594
2020-07-28 00:00:00+00:00,1001429.5355554373,7.93650793650572e-05,0.0,79.47222724826898,0.0,-0.04806688165741235
2020-07-29 00:00:00+00:00,1001509.0140900052,7.936507936505588e-05,0.0,79.47853456789186,0.0,-0.04949205371723142
2020-07-30 00:00:00+00:00,1001588.4989323933,7.936507936505952e-05,0.0,79.48484238809564,0.0,-0.048490718845928704
2020-07-31 00:00:00+00:00,1001667.9900831021,7.936507936502845e-05,0.0,79.4911507089201,0.0,-0.051096174153085094
2020-08-03 00:00:00+00:00,1001716.4142304645,4.83435108656489e-05,0.23761434556437647,60.60772271005726,0.0,-0.047930992799408045
2020-08-04 00:00:00+00:00,1001717.4603115503,1.0442886538995155e-06,0.2376028590079803,60.611565896355856,3.5205629509874674,-0.04840098147067007
2020-08-05 00:00:00+00:00,1001761.1929812445,4.3657689345487884e-05,0.23760261088226964,60.61164891866426,3.541510093172902,-0.04851242744347495
2020-08-06 00:00:00+00:00,1001827.4265699865,6.611714369256455e-05,0.0,79.50485658581306,3.562950677667147,-0.048774225769364854
2020-08-07 00:00:00+00:00,1001906.9366832064,7.936507936508613e-05,0.0,79.51011321984019,0.0,-0.0480887069065421
2020-08-10 00:00:00+00:00,1001986.4531067526,7.936507936503669e-05,0.0,79.51642354628622,0.0,-0.048396642489445085
2020-08-11 00:00:00+00:00,1002065.9758411262,7.936507936510261e-05,0.0,79.5227343735518,0.0,-0.048707074135636574
2020-08-12 00:00:00+00:00,1002145.5048868279,7.936507936512799e-05,0.0,79.52904570167668,0.0,-0.048266744969610365
2020-08-13 00:00:00+00:00,1002225.0402443586,7.936507936507321e-05,0.0,79.53535753070062,0.0,-0.048361558707217256
2020-08-14 00:00:00+00:00,1002304.5819142193,7.936507936513092e-05,0.0,79.54166986066338,0.0,-0.047814346539500896
2020-08-17 00:00:00+00:00,1002384.1298969109,7.936507936502913e-05,0.0,79.5479826916047,0.0,-0.04849088573197591
2020-08-18 00:00:00+00:00,1002463.6841929344,7.936507936507664e-05,0.0,79.55429602356435,0.0,-0.048345954818051595
2020-08-19 00:00:00+00:00,1002543.244802791,7.936507936511761e-05,0.0,79.56060985658209,0.0,-0.04849643934523229
2020-08-20 00:00:00+00:00,1002622.8117269818,7.936507936511237e-05,0.0,79.5669241906977,0.0,-0.04819843825905057
2020-08-21 00:00:00+00:00,1002702.3849660078,7.936507936513738e-05,0.0,79.57323902595094,0.0,-0.04838322193464606
2020-08-24 00:00:00+00:00,1002781.9645203701,7.936507936503688e-05,0.0,79.57955436238157,0.0,-0.04737096729233148
2020-08-25 00:00:00+00:00,1002861.5503905702,7.93650793651195e-05,0.0,79.58587020002938,0.0,-0.04881540675512053
2020-08-26 00:00:00+00:00,1002941.1425771092,7.936507936511335e-05,0.0,79.59218653893414,0.0,-0.04861492381100252
2020-08-27 00:00:00+00:00,1003020.7410804883,7.93650793650949e-05,0.0,79.59850337913565,0.0,-0.04776836558209929
2020-08-28 00:00:00+00:00,1003100.3459012089,7.936507936502445e-05,0.0,79.60482072067367,0.0,-0.04804823113576617
2020-08-31 00:00:00+00:00,1003179.9570397725,7.936507936509448e-05,0.0,79.61113856358801,0.0,-0.04656670838018506
2020-09-01 00:00:00+00:00,1003259.5744966804,7.936507936503316e-05,0.0,79.61745690791845,0.0,-0.048107453301769354
2020-09-02 00:00:00+00:00,1003339.1982724341,7.936507936503299e-05,0.0,79.62377575370479,0.0,-0.046876205924849756
2020-09-03 00:00:00+00:00,1003418.828367535,7.936507936505424e-05,0.0,79.63009510098684,0.0,-0.04818830469355717
2020-09-04 00:00:00+00:00,1003498.4647824848,7.936507936505726e-05,0.0,79.63641494980436,0.0,-0.048085784928357356
2020-09-08 00:00:00+00:00,1003578.107517785,7.936507936511841e-05,0.0,79.6427353001972,0.0,-0.048213675915724785
2020-09-09 00:00:00+00:00,1003657.7565739373,7.936507936508197e-05,0.0,79.64905615220516,0.0,-0.048573551075706156
2020-09-10 00:00:00+00:00,1003737.4119514431,7.936507936502433e-05,0.0,79.65537750586803,0.0,-0.04848115889165783
2020-09-11 00:00:00+00:00,1003817.0736508042,7.93650793650218e-05,0.0,79.66169936122564,0.0,-0.04756992971113849
2020-09-14 00:00:00+00:00,1003896.7416725225,7.936507936503468e-05,0.0,79.6680217183178,0.0,-0.04751282473404661
2020-09-15 00:00:00+00:00,1003976.4160170996,7.936507936502333e-05,0.0,79.67434457718433,0.0,-0.0484198315682578
2020-09-16 00:00:00+00:00,1004056.0966850375,7.936507936506402e-05,0.0,79.68066793786505,0.0,-0.0498859211267666
2020-09-17 00:00:00+00:00,1004135.7836768379,7.93650793651171e-05,0.0,79.6869918003998,0.0,-0.04852330890950718
2020-09-18 00:00:00+00:00,1004215.4769930027,7.936507936502693e-05,0.0,79.6933161648284,0.0,-0.05276653474799353
2020-09-21 00:00:00+00:00,1003702.8590645542,-0.0005104660704726963,0.25000000000000006,59.77473077339301,0.0,-0.052349340628001784
2020-09-22 00:00:00+00:00,1003748.6287752236,4.56008571222638e-05,0.25012768169479127,59.73404681081774,3.6720956174803905,-0.0524066815351647
2020-09-23 00:00:00+00:00,1004371.020086232,0.000620066910345681,0.0,79.66258958533521,3.610749619861343,-0.04684825710491225
2020-09-24 00:00:00+00:00,1004450.7320719531,7.936507936508625e-05,0.0,79.71198572112952,0.0,-0.04705719689964649
2020-09-25 00:00:00+00:00,1004530.4503840223,7.936507936506839e-05,0.0,79.71831206920263,0.0,-0.04773818919558792
2020-09-28 00:00:00+00:00,1004610.1750229417,7.936507936505864e-05,0.0,79.72463891936685,0.0,-0.048038139986458894
2020-09-29 00:00:00+00:00,1004689.9059892134,7.936507936513325e-05,0.0,79.73096627166204,0.0,-0.04792650953218214
2020-09-30 00:00:00+00:00,1004769.6432833396,7.936507936513664e-05,0.0,79.73729412612805,0.0,-0.04703045376234272
2020-10-01 00:00:00+00:00,1004849.3869058223,7.936507936502917e-05,0.0,79.74362248280472,0.0,-0.05655305521294007
2020-10-02 00:00:00+00:00,1004929.1368571641,7.936507936511876e-05,0.0,79.74995134173193,0.0,-0.0595258493018882
2020-10-05 00:00:00+00:00,1005008.8931378671,7.936507936513401e-05,0.0,79.75628070294952,0.0,-0.05721432802340942
2020-10-06 00:00:00+00:00,1005088.6557484335,7.936507936503528e-05,0.0,79.76261056649739,0.0,-0.05717486370308489
2020-10-07 00:00:00+00:00,1005168.424689366,7.936507936513039e-05,0.0,79.76894093241536,0.0,-0.05725533860761178
2020-10-08 00:00:00+00:00,1005248.1999611667,7.936507936503219e-05,0.0,79.77527180074334,0.0,-0.05734797531896074
2020-10-09 00:00:00+00:00,1005327.9815643382,7.936507936504849e-05,0.0,79.78160317152117,0.0,-0.05723464819491397
2020-10-12 00:00:00+00:00,1005407.7694993829,7.936507936502379e-05,0.0,79.78793504478875,0.0,-0.05713170285614044
2020-10-13 00:00:00+00:00,1005487.5637668035,7.936507936503422e-05,0.0,79.79426742058595,0.0,-0.057379463572866385
2020-10-14 00:00:00+00:00,1005567.3643671024,7.936507936504012e-05,0.0,79.80060029895266,0.0,-0.05725350347035718
2020-10-15 00:00:00+00:00,1005647.1713007824,7.936507936511758e-05,0.0,79.80693367992876,0.0,-0.05794575840969873
2020-10-16 00:00:00+00:00,1005726.984568346,7.936507936511116e-05,0.0,79.81326756355415,0.0,-0.05826334291777968
2020-10-19 00:00:00+00:00,1005806.8041702958,7.936507936509696e-05,0.0,79.81960194986873,0.0,-0.0571505160488579
2020-10-20 00:00:00+00:00,1005886.6301071347,7.936507936503533e-05,0.0,79.82593683891237,0.0,-0.0568673177166481
2020-10-21 00:00:00+00:00,1005966.4623793655,7.936507936511808e-05,0.0,79.83227223072498,0.0,-0.05660651326998245
2020-10-22 00:00:00+00:00,1006046.3009874908,7.936507936507405e-05,0.0,79.83860812534647,0.0,-0.05757924670858294
2020-10-23 00:00:00+00:00,1006126.1459320136,7.936507936509506e-05,0.0,79.84494452281673,0.0,-0.0567113375296282
2020-10-26 00:00:00+00:00,1006205.9972134368,7.93650793650257e-05,0.0,79.85128142317569,0.0,-0.05704166292499213
2020-10-27 00:00:00+00:00,1006285.8548322632,7.936507936505774e-05,0.0,79.85761882646324,0.0,-0.056459347987741104
2020-10-28 00:00:00+00:00,1006365.7187889959,7.936507936503577e-05,0.0,79.8639567327193,0.0,-0.05664066844358828
2020-10-29 00:00:00+00:00,1006445.5890841378,7.936507936503585e-05,0.0,79.8702951419838,0.0,-0.05767427446527407
2020-10-30 00:00:00+00:00,1006525.4657181922,7.936507936513395e-05,0.0,79.87663405429666,0.0,-0.05555293194933153
2020-11-02 00:00:00+00:00,1006605.3486916618,7.936507936505909e-05,0.0,79.88297346969779,0.0,-0.05644655791843611
2020-11-03 00:00:00+00:00,1006685.2380050501,7.936507936511857e-05,0.0,79.88931338822714,0.0,-0.05753207637388691
2020-11-04 00:00:00+00:00,1006765.13365886,7.936507936504143e-05,0.0,79.89565380992461,0.0,-0.0558850639837134
2020-11-05 00:00:00+00:00,1006845.0356535949,7.936507936513493e-05,0.0,79.90199473483015,0.0,-0.05621557546041345
2020-11-06 00:00:00+00:00,1006924.9439897579,7.936507936512811e-05,0.0,79.90833616298372,0.0,-0.05692377896708134
2020-11-09 00:00:00+00:00,1007004.8586678524,7.936507936509694e-05,0.0,79.91467809442523,0.0,-0.06092409022779055
2020-11-10 00:00:00+00:00,1007279.6185190321,0.00027284858540132443,0.24390587285229434,60.42781425777528,0.0,-0.05759692645509329
2020-11-11 00:00:00+00:00,1007256.7924004789,-2.266115399699101e-05,0.2438393416328646,60.4496205951705,3.618510322540486,-0.05826628763850472
2020-11-12 00:00:00+00:00,1007362.5500939346,0.00010499576101517,0.24384486743895703,60.44780899845992,3.5848940460360312,-0.057847544041766064
2020-11-13 00:00:00+00:00,1007476.1497104631,0.0001127693465653411,0.243819267449421,60.45620246619451,3.638743902048842,-0.057416678315053815
2020-11-16 00:00:00+00:00,1007414.1986171759,-6.149137456505666e-05,0.24379177521023257,60.46521830877614,3.674645780019621,-0.05839867128643128
2020-11-17 00:00:00+00:00,1007503.7704790594,8.891264586746893e-05,0.24380676722347738,60.46030155534064,3.6612797489509945,-0.05812795626828837
2020-11-18 00:00:00+00:00,1007645.3263315746,0.00014050156104909535,0.2437850916459561,60.46741043326791,3.6183501350188223,-0.0574125250088251
2020-11-19 00:00:00+00:00,1007665.7289595593,2.024782674181398e-05,0.2437508442718289,60.47864502473736,3.601754593147696,-0.05770076852524486
2020-11-20 00:00:00+00:00,1007649.7119661329,-1.589514554893411e-05,0.2437459089468955,60.480264280926626,3.6000896326817946,-0.05829823757537511
2020-11-23 00:00:00+00:00,1007715.9066204913,6.569212849699033e-05,0.2437497833851799,60.478993090972146,3.642037597833275,-0.05824190658441175
2020-11-24 00:00:00+00:00,1007791.4053376627,7.492063653591397e-05,0.24373377199491097,60.48424663496885,3.69399887802516,-0.058118450222261586
2020-11-25 00:00:00+00:00,1007873.4939659112,8.145398721776203e-05,0.2437155126735678,60.490238596649114,3.6854981866773278,-0.05791079767749174
2020-11-27 00:00:00+00:00,1007867.3894030848,-6.056874065051175e-06,0.243695662690174,60.49675356714503,3.6880250338569573,-0.05841666249806998
2020-11-30 00:00:00+00:00,1008007.1512999526,0.000138670918751188,0.24369713873305332,60.49626907803182,3.6931668800076136,-0.0577547468451165
2020-12-01 00:00:00+00:00,1008061.7460613947,5.416108543638502e-05,0.2436633497124827,60.50736129206896,3.7133889583266377,-0.05778549552378376
2020-12-02 00:00:00+00:00,1007989.5206796856,-7.16477755368116e-05,0.24365015335571022,60.51169420964372,3.7158198029665406,-0.05881333046627102
2020-12-03 00:00:00+00:00,1008142.7724879197,0.00015203710464240476,0.2436676115980516,60.50596203649221,3.7247123552216275,-0.05805162569471456
2020-12-04 00:00:00+00:00,1008183.3564562267,4.0256171461561856e-05,0.24363057071147823,60.51812487841554,3.745575390909548,-0.058191830190422955
2020-12-07 00:00:00+00:00,1008258.4015864271,7.443599392895706e-05,0.2436207634722523,60.52134582828118,3.7376505075178637,-0.05804284148849703
2020-12-08 00:00:00+00:00,1008208.6912526962,-4.930316836705071e-05,0.2436026306683148,60.5273017909955,3.7568071928543714,-0.05889178222978053
2020-12-09 00:00:00+00:00,1008345.221992126,0.00013541912563768622,0.24361464164200836,60.52335652641367,3.727595802591952,-0.05824910131443861
2020-12-10 00:00:00+00:00,1008512.9846824536,0.00016637426019251367,0.24358165602712778,60.534192299384294,3.7312514705874618,-0.057370158328756915
2020-12-11 00:00:00+00:00,1008477.6298295553,-3.5056418147567276e-05,0.24354113705062455,60.547506798616645,3.7149728606008985,-0.0580929106533743
2020-12-14 00:00:00+00:00,1009241.291832197,0.0007572423820355595,0.2435496750298721,60.544700857910435,3.742950269744459,-0.05245405579444551
2020-12-15 00:00:00+00:00,1009176.0724800657,-6.46221598928471e-05,0.24336538844342218,60.60530895335819,3.777250615082698,-0.05350183184505486
2020-12-16 00:00:00+00:00,1009325.1897723229,0.0001477614227323922,0.24338111625683184,60.60013281430015,3.792405776273757,-0.05279316635427467
2020-12-17 00:00:00+00:00,1009051.7083397525,-0.000270954728309186,0.0,80.10517379145419,3.806864403010895,-0.05366308551424748
2020-12-18 00:00:00+00:00,1009355.6017790007,0.00030116736014273895,0.22075518615394615,62.4046278274804,0.0,-0.0612705027125644
2020-12-21 00:00:00+00:00,1008989.2950596596,-0.000362911464200984,0.0,80.10758744277784,3.133724383057404,-0.058470571850407715
2020-12-22 00:00:00+00:00,1009069.3735751406,7.936507936512455e-05,0.0,80.07851548092536,0.0,-0.05787041805740767
2020-12-23 00:00:00+00:00,1009149.4584460593,7.93650793650714e-05,0.0,80.08487091866195,0.0,-0.05814563364664327
2020-12-24 00:00:00+00:00,1009229.54967292,7.936507936504575e-05,0.0,80.09122686079836,0.0,-0.05702206937450871
2020-12-28 00:00:00+00:00,1009309.6472562274,7.936507936512333e-05,0.0,80.0975833073746,0.0,-0.05800297468359972
2020-12-29 00:00:00+00:00,1009389.7511964858,7.936507936503372e-05,0.0,80.10394025843075,0.0,-0.05730760394674839
2020-12-30 00:00:00+00:00,1009469.8614941998,7.936507936508332e-05,0.0,80.1102977140068,0.0,-0.05783117363946122
2020-12-31 00:00:00+00:00,1009549.978149874,7.936507936511711e-05,0.0,80.11665567414285,0.0,-0.057596659552316964
2021-01-04 00:00:00+00:00,1009630.1011640129,7.936507936509541e-05,0.0,80.12301413887889,0.0,-0.06142882269818273
2021-01-05 00:00:00+00:00,1009710.2305371212,7.936507936509388e-05,0.0,80.129373108255,0.0,-0.06192793027642729
2021-01-06 00:00:00+00:00,1009790.3662697035,7.936507936507285e-05,0.0,80.1357325823112,0.0,-0.06155359279692885
2021-01-07 00:00:00+00:00,1009870.5083622646,7.936507936510795e-05,0.0,80.14209256108758,0.0,-0.06203445827419518
2021-01-08 00:00:00+00:00,1009950.6568153092,7.936507936504421e-05,0.0,80.14845304462418,0.0,-0.062225667616435665
2021-01-11 00:00:00+00:00,1010030.8116293421,7.936507936507255e-05,0.0,80.15481403296104,0.0,-0.061553324575525536
2021-01-12 00:00:00+00:00,1010110.9728048682,7.9365079365038e-05,0.0,80.16117552613827,0.0,-0.06133752534946524
2021-01-13 00:00:00+00:00,1010191.1403423925,7.936507936513142e-05,0.0,80.1675375241959,0.0,-0.06191339334641466
2021-01-14 00:00:00+00:00,1010271.3142424197,7.936507936508262e-05,0.0,80.17390002717401,0.0,-0.06173464043211929
2021-01-15 00:00:00+00:00,1010351.4945054548,7.936507936508244e-05,0.0,80.18026303511267,0.0,-0.0606985335125616
2021-01-19 00:00:00+00:00,1010431.6811320029,7.936507936509121e-05,0.0,80.18662654805196,0.0,-0.061589934121454526
2021-01-20 00:00:00+00:00,1010511.8741225689,7.936507936506925e-05,0.0,80.19299056603197,0.0,-0.062345974459554476
2021-01-21 00:00:00+00:00,1010592.073477658,7.936507936509213e-05,0.0,80.19935508909276,0.0,-0.06223431089568443
2021-01-22 00:00:00+00:00,1010672.2791977753,7.936507936512014e-05,0.0,80.20572011727444,0.0,-0.06192595297559578
2021-01-25 00:00:00+00:00,1010752.491283426,7.936507936511363e-05,0.0,80.21208565061708,0.0,-0.062317408458371304
2021-01-26 00:00:00+00:00,1010832.7097351151,7.936507936503293e-05,0.0,80.21845168916079,0.0,-0.06200322280136383
2021-01-27 00:00:00+00:00,1010912.934553348,7.936507936506877e-05,0.0,80.22481823294564,0.0,-0.06023837581645353
2021-01-28 00:00:00+00:00,1010993.16573863,7.936507936506625e-05,0.0,80.23118528201175,0.0,-0.06115486023049499
2021-01-29 00:00:00+00:00,1011073.4032914664,7.936507936510087e-05,0.0,80.2375528363992,0.0,-0.06247809642748603
2021-02-01 00:00:00+00:00,1011153.6472123626,7.936507936513297e-05,0.0,80.24392089614813,0.0,-0.061694778472265455
2021-02-02 00:00:00+00:00,1011233.897501824,7.936507936512288e-05,0.0,80.25028946129862,0.0,-0.06279094904884541
2021-02-03 00:00:00+00:00,1011314.1541603558,7.936507936503094e-05,0.0,80.25665853189079,0.0,-0.06227133582752131
2021-02-04 00:00:00+00:00,1011394.4171884637,7.936507936504775e-05,0.0,80.26302810796474,0.0,-0.0622162336419807
2021-02-05 00:00:00+00:00,1011474.6865866533,7.936507936513359e-05,0.0,80.26939818956062,0.0,-0.062349133033464454
2021-02-08 00:00:00+00:00,1011554.9623554301,7.93650793651337e-05,0.0,80.27576877671852,0.0,-0.06153722637904835
2021-02-09 00:00:00+00:00,1011635.2444952996,7.93650793651235e-05,0.0,80.28213986947858,0.0,-0.06261926355589598
2021-02-10 00:00:00+00:00,1011715.5330067675,7.936507936506336e-05,0.0,80.28851146788092,0.0,-0.062278424508892094
2021-02-11 00:00:00+00:00,1011795.8278903394,7.936507936502868e-05,0.0,80.29488357196567,0.0,-0.06099769811545652
2021-02-12 00:00:00+00:00,1011876.1291465212,7.936507936509484e-05,0.0,80.30125618177297,0.0,-0.061272670690383
2021-02-16 00:00:00+00:00,1011956.4367758186,7.936507936510711e-05,0.0,80.30762929734296,0.0,-0.06194394347487986
2021-02-17 00:00:00+00:00,1012036.7507787372,7.936507936502582e-05,0.0,80.31400291871576,0.0,-0.06134067791767972
2021-02-18 00:00:00+00:00,1012117.0711557831,7.93650793650414e-05,0.0,80.32037704593152,0.0,-0.06189165424174092
2021-02-19 00:00:00+00:00,1012197.3979074622,7.936507936511417e-05,0.0,80.32675167903041,0.0,-0.06167693011171238
2021-02-22 00:00:00+00:00,1012277.7310342803,7.936507936508942e-05,0.0,80.33312681805256,0.0,-0.06311823085923418
2021-02-23 00:00:00+00:00,1012358.0705367433,7.936507936504253e-05,0.0,80.33950246303812,0.0,-0.06251935028563516
2021-02-24 00:00:00+00:00,1012438.4164153573,7.936507936504882e-05,0.0,80.34587861402724,0.0,-0.061784228825993104
2021-02-25 00:00:00+00:00,1012518.7686706283,7.936507936506862e-05,0.0,80.3522552710601,0.0,-0.06254520072046876
2021-02-26 00:00:00+00:00,1012599.1273030625,7.936507936506225e-05,0.0,80.35863243417685,0.0,-0.062705536356094
2021-03-01 00:00:00+00:00,1012679.4923131659,7.936507936510502e-05,0.0,80.36501010341766,0.0,-0.06284321085536693
2021-03-02 00:00:00+00:00,1012759.8637014447,7.93650793650423e-05,0.0,80.37138827882269,0.0,-0.062315066275054676
2021-03-03 00:00:00+00:00,1012840.2414684051,7.936507936506436e-05,0.0,80.37776696043213,0.0,-0.06163709419377117
2021-03-04 00:00:00+00:00,1012920.6256145535,7.936507936513149e-05,0.0,80.38414614828612,0.0,-0.06344813057306453
2021-03-05 00:00:00+00:00,1013001.0161403959,7.936507936508908e-05,0.0,80.39052584242488,0.0,-0.061681954959271756
2021-03-08 00:00:00+00:00,1013081.4130464388,7.936507936512737e-05,0.0,80.39690604288856,0.0,-0.0623084090316981
2021-03-09 00:00:00+00:00,1013161.8163331886,7.936507936509172e-05,0.0,80.40328674971737,0.0,-0.062183577918951016
2021-03-10 00:00:00+00:00,1013242.2260011515,7.936507936505741e-05,0.0,80.40966796295147,0.0,-0.06407756170718759
2021-03-11 00:00:00+00:00,1013322.6420508341,7.936507936509967e-05,0.0,80.41604968263107,0.0,-0.0626163702005611
2021-03-12 00:00:00+00:00,1013403.0644827429,7.936507936506392e-05,0.0,80.42243190879636,0.0,-0.062082354226766334
2021-03-15 00:00:00+00:00,1013483.4932973844,7.936507936502539e-05,0.0,80.42881464148753,0.0,-0.06251817281800776
2021-03-16 00:00:00+00:00,1013563.9284952651,7.93650793650593e-05,0.0,80.4351978807448,0.0,-0.06328346834473741
2021-03-17 00:00:00+00:00,1013644.3700768917,7.936507936512593e-05,0.0,80.44158162660834,0.0,-0.06264983945287295
2021-03-18 00:00:00+00:00,1013724.8180427708,7.936507936507077e-05,0.0,80.44796587911839,0.0,-0.06204872836139952
2021-03-19 00:00:00+00:00,1013805.2723934092,7.936507936508389e-05,0.0,80.45435063831515,0.0,-0.06551372244546716
2021-03-22 00:00:00+00:00,1014090.8569595951,0.0002816956805834481,0.25,60.34555192817912,0.0,-0.06546610501034422
2021-03-23 00:00:00+00:00,1014138.2636871858,4.6748008095494964e-05,0.2499295959123815,60.368217369939906,3.713690731960691,-0.06551601896960335
2021-03-24 00:00:00+00:00,1013829.1407269537,-0.00030481342761703724,0.0,80.48716378469729,3.702304857296288,-0.06535212174321536
2021-03-25 00:00:00+00:00,1013795.6820633683,-3.3002270541847165e-05,0.24999999999999997,60.34697266231868,0.0,-0.06228025465707976
2021-03-26 00:00:00+00:00,1013841.8876032113,4.557677711649536e-05,0.2500082508399319,60.34431721282776,3.76495779538347,-0.06236073254382024
2021-03-29 00:00:00+00:00,1013926.7598253059,8.371346965670088e-05,0.2499968567889102,60.347984319164524,3.7719728605042953,-0.06214098315886485
2021-03-30 00:00:00+00:00,1013917.7417074435,-8.894249781865998e-06,0.2499759304364427,60.35472020980694,3.7536249842878915,-0.06265170449149604
2021-03-31 00:00:00+00:00,1014019.4938693414,0.0001003554407940436,0.24997815380458263,60.35400448616707,3.7750221602002476,-0.062299804328756814
2021-04-01 00:00:00+00:00,1014040.8936626689,2.110392695290155e-05,0.2499530696540997,60.36208005457167,3.817590239369765,-0.05158776446530666
2021-04-05 00:00:00+00:00,1014024.4275987789,-1.6238066919125348e-05,0.24994779477409673,60.36377845086751,3.8673769099871063,-0.05211323529056511
2021-04-06 00:00:00+00:00,1014185.5112015292,0.00015885574189940612,0.24995185350902058,60.362471620400036,3.8728553528943603,-0.051323568969759314
2021-04-07 00:00:00+00:00,1014266.5004968725,7.985649020694099e-05,0.24991215352846213,60.37525603331674,3.882294174245189,-0.05113575730550046
2021-04-08 00:00:00+00:00,1014338.877172183,7.135863727638499e-05,0.24989219801459858,60.38168375516937,3.9014651340717386,-0.051010353978068856
2021-04-09 00:00:00+00:00,1014183.7425721865,-0.0001529415893325401,0.2498743673202563,60.38742793574957,3.9023845938640846,-0.05258904952148491
2021-04-12 00:00:00+00:00,1014375.6144163519,0.00018918844397835486,0.24991258934886554,60.37511566590858,3.918679849407691,-0.05157286940757366
2021-04-13 00:00:00+00:00,1014361.4798853123,-1.3934218093128037e-05,0.24986531771820228,60.39034359004869,3.924659326289204,-0.05209414971517212
2021-04-14 00:00:00+00:00,1014501.3557115244,0.00013789544357296253,0.2498687994445484,60.38922180187094,3.920669616133144,-0.05147678349411766
2021-04-15 00:00:00+00:00,1014530.3118202804,2.85422080443704e-05,0.2498343484262524,60.40032305791952,3.958102851900559,-0.05166475544296656
2021-04-16 00:00:00+00:00,1014552.1227652839,2.149856416255604e-05,0.24982721780582665,60.40262116178904,3.9658667735200925,-0.05191585394305864
2021-04-19 00:00:00+00:00,1014620.5002160146,6.739668588369876e-05,0.24982184699481982,60.404352189170275,3.956009526351176,-0.051832812543687545
2021-04-20 00:00:00+00:00,1014684.4225677679,6.300124207990079e-05,0.24980501096496363,60.409778970974294,3.9197100506657065,-0.051795007502717816
2021-04-21 00:00:00+00:00,1014712.0551170376,2.7232653478388687e-05,0.24978927393044778,60.4148521734944,3.947594920075561,-0.051994608532729636
2021-04-22 00:00:00+00:00,1014789.6249102128,7.644512823518243e-05,0.24978247169095125,60.417045232960255,3.9253237789713102,-0.05184987103931249
2021-04-23 00:00:00+00:00,1014900.9857939103,0.00010973790129887384,0.24976337849745356,60.42320156575194,3.9637477075790875,-0.05142780077002396
2021-04-26 00:00:00+00:00,1014908.3010197639,7.207822197415979e-06,0.24973597299589814,60.43203973112476,3.9778544597941092,-0.051782963177307906
2021-04-27 00:00:00+00:00,1014929.3940508146,2.0783189012685597e-05,0.24973417295638287,60.432620304605194,3.9731009286543744,-0.05204428545772899
2021-04-28 00:00:00+00:00,1014994.0894774342,6.37437707478325e-05,0.24972898279173156,60.43429435468859,3.981249753857141,-0.05197990970387778
2021-04-29 00:00:00+00:00,1015006.3201345799,1.2049978687094746e-05,0.24971306513935457,60.43942891235682,3.987473461942241,-0.052299574361455825
2021-04-30 00:00:00+00:00,1015099.5940024572,9.189486412749574e-05,0.24971005613850014,60.44039959943186,3.9690782954649535,-0.05204029181430947
2021-05-03 00:00:00+00:00,1015158.6729600197,5.8200158793786536e-05,0.2496871111753443,60.44780228735864,3.972496935057681,-0.05201948073556473
2021-05-04 00:00:00+00:00,1015330.2034372122,0.00016896912941927962,0.2496725801915307,60.45249109351438,3.959240203303371,-0.05117904928244954
2021-05-05 00:00:00+00:00,1015344.0198493295,1.3607801748199078e-05,0.24963040036010528,60.46610462345029,3.9579933068938287,-0.05149427121418082
2021-05-06 00:00:00+00:00,1015367.6079851409,2.3231668626840548e-05,0.24962700348533085,60.467201164094526,3.989547033282797,-0.05172293805251371
2021-05-07 00:00:00+00:00,1015375.1108380498,7.389297087983824e-06,0.24962120436822874,60.469073238365276,4.018852993716697,-0.052065775491096034
2021-05-10 00:00:00+00:00,1015397.7980293874,2.234365516292276e-05,0.24961935985661984,60.469668702881854,3.974219125049853,-0.05233553688469694
2021-05-11 00:00:00+00:00,1015697.0830784288,0.0002947466004182945,0.24961378257233813,60.47146927362293,3.950270090150883,-0.05055676637994733
2021-05-12 00:00:00+00:00,1015460.7775827412,-0.0002326535141474664,0.0,80.6108796093991,3.863901402629832,-0.0517617329129374
2021-05-13 00:00:00+00:00,1015541.3697079462,7.936507936507384e-05,0.0,80.59212520497947,0.0,-0.05029475965831409
2021-05-14 00:00:00+00:00,1015621.9682293516,7.936507936505254e-05,0.0,80.59852140539256,0.0,-0.0518975769854384
2021-05-17 00:00:00+00:00,1015702.573147465,7.936507936508271e-05,0.0,80.6049181134406,0.0,-0.050510023571274765
2021-05-18 00:00:00+00:00,1015783.1844627942,7.936507936512467e-05,0.0,80.61131532916389,0.0,-0.05275943696627294
2021-05-19 00:00:00+00:00,1015863.8021758468,7.936507936502412e-05,0.0,80.61771305260271,0.0,-0.05189644639399038
2021-05-20 00:00:00+00:00,1015944.4262871306,7.936507936508527e-05,0.0,80.62411128379736,0.0,-0.051423200201798025
2021-05-21 00:00:00+00:00,1016025.0567971533,7.93650793650392e-05,0.0,80.63051002278814,0.0,-0.05095926242879045
2021-05-24 00:00:00+00:00,1016105.6937064229,7.936507936507543e-05,0.0,80.63690926961534,0.0,-0.05208892877946791
2021-05-25 00:00:00+00:00,1016186.3370154472,7.936507936503972e-05,0.0,80.64330902431928,0.0,-0.05167480336849284
2021-05-26 00:00:00+00:00,1016266.9867247342,7.936507936512155e-05,0.0,80.64970928694025,0.0,-0.05179360699098101
2021-05-27 00:00:00+00:00,1016347.6428347917,7.93650793650521e-05,0.0,80.65611005751859,0.0,-0.0521495500728868
2021-05-28 00:00:00+00:00,1016428.3053461278,7.936507936513538e-05,0.0,80.66251133609458,0.0,-0.05235327540594081
2021-06-01 00:00:00+00:00,1016508.9742592506,7.936507936510262e-05,0.0,80.66891312270856,0.0,-0.05170063319341711
2021-06-02 00:00:00+00:00,1016589.6495746679,7.93650793650287e-05,0.0,80.67531541740084,0.0,-0.051451932315943694
2021-06-03 00:00:00+00:00,1016670.3312928881,7.936507936510301e-05,0.0,80.68171822021174,0.0,-0.05207522388252528
2021-06-04 00:00:00+00:00,1016751.0194144193,7.936507936505683e-05,0.0,80.6881215311816,0.0,-0.0511171290942114
2021-06-07 00:00:00+00:00,1016831.7139397697,7.936507936507951e-05,0.0,80.69452535035074,0.0,-0.05256398070169066
2021-06-08 00:00:00+00:00,1016912.4148694475,7.936507936513138e-05,0.0,80.70092967775949,0.0,-0.051637615379163115
2021-06-09 00:00:00+00:00,1016993.1222039609,7.936507936505826e-05,0.0,80.70733451344822,0.0,-0.05215562049350897
2021-06-10 00:00:00+00:00,1017073.8359438183,7.936507936504951e-05,0.0,80.71373985745721,0.0,-0.04901259372808031
2021-06-11 00:00:00+00:00,1016990.6474369379,-8.179200362894898e-05,0.24999999999999997,60.540109282370146,0.0,-0.04872033631755279
2021-06-14 00:00:00+00:00,1017115.1093399954,0.00012238254439330475,0.250020449673527,60.53350701991931,3.61006608079167,-0.04925277636524772
2021-06-15 00:00:00+00:00,1016968.8944848045,-0.0001437544815215922,0.0,80.72342137619012,3.6067818447217146,-0.04947912322760217
2021-06-16 00:00:00+00:00,1017049.6063018271,7.936507936512097e-05,0.0,80.71181702260353,0.0,-0.04936761254960853
2021-06-17 00:00:00+00:00,1017130.3245245495,7.936507936512256e-05,0.0,80.71822272236723,0.0,-0.0498275906403034
2021-06-18 00:00:00+00:00,1017211.0491534801,7.936507936512103e-05,0.0,80.7246289305198,0.0,-0.052564078462193464
2021-06-21 00:00:00+00:00,1017291.7801891272,7.936507936507672e-05,0.0,80.73103564710159,0.0,-0.052411795251237514
2021-06-22 00:00:00+00:00,1017372.5176319993,7.936507936506443e-05,0.0,80.73744287215295,0.0,-0.05231118970824067
2021-06-23 00:00:00+00:00,1017453.261482605,7.936507936504448e-05,0.0,80.74385060571423,0.0,-0.05242845483441805
2021-06-24 00:00:00+00:00,1017534.0117414529,7.936507936509163e-05,0.0,80.75025884782579,0.0,-0.05299164550539803
2021-06-25 00:00:00+00:00,1017614.7684090514,7.936507936505176e-05,0.0,80.756667598528,0.0,-0.0521775761621015
2021-06-28 00:00:00+00:00,1017695.5314859092,7.936507936511406e-05,0.0,80.76307685786122,0.0,-0.05253465066618279
2021-06-29 00:00:00+00:00,1017776.3009725352,7.936507936512443e-05,0.0,80.76948662586581,0.0,-0.051699582712550374
2021-06-30 00:00:00+00:00,1017857.0768694377,7.936507936504321e-05,0.0,80.77589690258216,0.0,-0.0524085448946261
2021-07-01 00:00:00+00:00,1017937.8591771257,7.936507936505952e-05,0.0,80.78230768805061,0.0,-0.04683009668833815
2021-07-02 00:00:00+00:00,1018018.6478961081,7.936507936513367e-05,0.0,80.78871898231156,0.0,-0.046338238473897064
2021-07-06 00:00:00+00:00,1018099.4430268935,7.93650793651116e-05,0.0,80.7951307854054,0.0,-0.04642291076327609
2021-07-07 00:00:00+00:00,1018180.2445699909,7.936507936506806e-05,0.0,80.8015430973725,0.0,-0.04671513672607386
2021-07-08 00:00:00+00:00,1018261.0525259092,7.936507936507768e-05,0.0,80.80795591825324,0.0,-0.047597979593071216
2021-07-09 00:00:00+00:00,1018341.8668951573,7.936507936510082e-05,0.0,80.81436924808803,0.0,-0.046675964442098206
2021-07-12 00:00:00+00:00,1018422.6876782442,7.936507936509777e-05,0.0,80.82078308691725,0.0,-0.04659380719744188
2021-07-13 00:00:00+00:00,1018503.5148756789,7.936507936502891e-05,0.0,80.82719743478128,0.0,-0.04658011638327153
2021-07-14 00:00:00+00:00,1018584.3484879707,7.936507936508316e-05,0.0,80.83361229172056,0.0,-0.04658785337824067
2021-07-15 00:00:00+00:00,1018665.1885156285,7.936507936510656e-05,0.0,80.84002765777545,0.0,-0.0477272723183102
2021-07-16 00:00:00+00:00,1018746.0349591614,7.936507936505943e-05,0.0,80.84644353298638,0.0,-0.04667251680653628
2021-07-19 00:00:00+00:00,1018826.8878190789,7.936507936513067e-05,0.0,80.85285991739376,0.0,-0.04652115592211015
2021-07-20 00:00:00+00:00,1018907.7470958899,7.936507936505208e-05,0.0,80.859276811038,0.0,-0.04693228440246866
2021-07-21 00:00:00+00:00,1018988.6127901039,7.936507936512677e-05,0.0,80.86569421395951,0.0,-0.046718111316077504
2021-07-22 00:00:00+00:00,1019069.4849022301,7.936507936508656e-05,0.0,80.87211212619872,0.0,-0.046773232976828893
2021-07-23 00:00:00+00:00,1019150.3634327779,7.936507936512027e-05,0.0,80.87853054779603,0.0,-0.04694949260716896
2021-07-26 00:00:00+00:00,1019231.2483822567,7.936507936507401e-05,0.0,80.8849494787919,0.0,-0.047298909326360494
2021-07-27 00:00:00+00:00,1019312.1397511759,7.936507936502234e-05,0.0,80.89136891922672,0.0,-0.04648971306078753
2021-07-28 00:00:00+00:00,1019393.037540045,7.93650793650398e-05,0.0,80.89778886914094,0.0,-0.04655952601694313
2021-07-29 00:00:00+00:00,1019473.9417493736,7.936507936508674e-05,0.0,80.90420932857499,0.0,-0.04783549165285628
2021-07-30 00:00:00+00:00,1019554.8523796712,7.936507936512344e-05,0.0,80.91063029756933,0.0,-0.047175652747197816
2021-08-02 00:00:00+00:00,1019635.7694314474,7.936507936511025e-05,0.0,80.91705177616439,0.0,-0.04687499424745134
2021-08-03 00:00:00+00:00,1019716.6929052118,7.936507936512172e-05,0.0,80.92347376440058,0.0,-0.04675133538832821
2021-08-04 00:00:00+00:00,1019797.6228014742,7.936507936511814e-05,0.0,80.9298962623184,0.0,-0.046173711014842134
2021-08-05 00:00:00+00:00,1019878.5591207441,7.936507936505988e-05,0.0,80.93631926995826,0.0,-0.046847664529366284
2021-08-06 00:00:00+00:00,1019959.5018635315,7.936507936513555e-05,0.0,80.94274278736064,0.0,-0.04732969715458868
2021-08-09 00:00:00+00:00,1020040.4510303461,7.936507936507721e-05,0.0,80.949166814566,0.0,-0.04687496441064276
2021-08-10 00:00:00+00:00,1020121.4066216977,7.936507936507346e-05,0.0,80.95559135161477,0.0,-0.04671850893471774
2021-08-11 00:00:00+00:00,1020202.3686380963,7.936507936508462e-05,0.0,80.96201639854743,0.0,-0.04695147927925003
2021-08-12 00:00:00+00:00,1020283.3370800517,7.936507936507104e-05,0.0,80.96844195540446,0.0,-0.04709420754026006
2021-08-13 00:00:00+00:00,1020364.3119480739,7.936507936510715e-05,0.0,80.97486802222632,0.0,-0.04765954099056113
2021-08-16 00:00:00+00:00,1020445.2932426729,7.936507936503917e-05,0.0,80.98129459905348,0.0,-0.046655541637244724
2021-08-17 00:00:00+00:00,1020526.2809643588,7.936507936505565e-05,0.0,80.98772168592642,0.0,-0.04692557937726072
2021-08-18 00:00:00+00:00,1020607.2751136418,7.936507936511688e-05,0.0,80.99414928288562,0.0,-0.04699275746566478
2021-08-19 00:00:00+00:00,1020688.2756910317,7.936507936506912e-05,0.0,81.00057738997157,0.0,-0.04669759467563317
2021-08-20 00:00:00+00:00,1020769.282697039,7.936507936510086e-05,0.0,81.00700600722475,0.0,-0.046340621003977844
2021-08-23 00:00:00+00:00,1020850.2961321736,7.936507936505835e-05,0.0,81.01343513468564,0.0,-0.04630546084026044
2021-08-24 00:00:00+00:00,1020931.3159969461,7.936507936513002e-05,0.0,81.01986477239473,0.0,-0.04688627226933484
2021-08-25 00:00:00+00:00,1021012.3422918664,7.936507936504814e-05,0.0,81.02629492039254,0.0,-0.04718307646427622
2021-08-26 00:00:00+00:00,1021093.3750174452,7.936507936511513e-05,0.0,81.03272557871956,0.0,-0.04696729339110828
2021-08-27 00:00:00+00:00,1021174.4141741926,7.936507936506325e-05,0.0,81.03915674741629,0.0,-0.04634540982362889
2021-08-30 00:00:00+00:00,1021255.4597626191,7.936507936508088e-05,0.0,81.04558842652322,0.0,-0.047046706628870893
2021-08-31 00:00:00+00:00,1021336.5117832352,7.936507936512834e-05,0.0,81.05202061608088,0.0,-0.04686975760428247
2021-09-01 00:00:00+00:00,1021417.5702365513,7.936507936505198e-05,0.0,81.05845331612979,0.0,-0.046999938732835034
2021-09-02 00:00:00+00:00,1021498.635123078,7.936507936504009e-05,0.0,81.06488652671042,0.0,-0.04711742931697849
2021-09-03 00:00:00+00:00,1021579.7064433258,7.9365079365053e-05,0.0,81.07132024786334,0.0,-0.046827478222121854
2021-09-07 00:00:00+00:00,1021660.7841978054,7.936507936505105e-05,0.0,81.07775447962904,0.0,-0.04712818064551083
2021-09-08 00:00:00+00:00,1021741.8683870275,7.936507936510852e-05,0.0,81.08418922204805,0.0,-0.047302837889679594
2021-09-09 00:00:00+00:00,1021822.9590115027,7.936507936507178e-05,0.0,81.09062447516091,0.0,-0.04718243570528724
2021-09-10 00:00:00+00:00,1021904.0560717417,7.936507936512905e-05,0.0,81.09706023900814,0.0,-0.047028736171477625
2021-09-13 00:00:00+00:00,1021985.1595682554,7.936507936512672e-05,0.0,81.10349651363029,0.0,-0.04746556087156151
2021-09-14 00:00:00+00:00,1022066.2695015544,7.936507936502515e-05,0.0,81.10993329906789,0.0,-0.04709317271342517
2021-09-15 00:00:00+00:00,1022147.3858721498,7.93650793651264e-05,0.0,81.11637059536146,0.0,-0.04684373733788405
2021-09-16 00:00:00+00:00,1022228.5086805524,7.936507936504906e-05,0.0,81.12280840255157,0.0,-0.04658647327920473
2021-09-17 00:00:00+00:00,1022309.637927273,7.93650793650952e-05,0.0,81.12924672067876,0.0,-0.04886723423384698
2021-09-20 00:00:00+00:00,1021666.7070616455,-0.0006289003270390131,0.25,60.85176416233768,0.0,-0.05003189548156328
2021-09-21 00:00:00+00:00,1021594.8103054417,-7.037202612827298e-05,0.0,81.08465929060678,3.6592376479747477,-0.05003569788211859
2021-09-22 00:00:00+00:00,1021675.8892586406,7.936507936509029e-05,0.0,81.07895319884459,0.0,-0.049206199217548985
2021-09-23 00:00:00+00:00,1021579.6960427476,-9.415237934488225e-05,0.25,60.81404102730003,0.0,-0.05062896408998885
2021-09-24 00:00:00+00:00,1022248.601630899,0.0006547757269868756,0.25002354031121254,60.8064066450863,3.7995621160172712,-0.04584864932696853
2021-09-27 00:00:00+00:00,1022085.6483529365,-0.00015940670175781008,0.0,81.1308413992777,3.7785844378420324,-0.04678655733182335
2021-09-28 00:00:00+00:00,1022166.7662615359,7.936507936507722e-05,0.0,81.1179085994394,0.0,-0.04431669484086509
2021-09-29 00:00:00+00:00,1022202.424613713,3.488506313655748e-05,0.25000000000000006,60.84325989652,0.0,-0.04683678784912626
2021-09-30 00:00:00+00:00,1022061.672813843,-0.0001376946448970117,0.0,81.12717655664389,3.5500667167366506,-0.046314570917612485
2021-10-01 00:00:00+00:00,1022142.7888196219,7.93650793650973e-05,0.0,81.11600577887643,0.0,-0.03524184733469493
2021-10-04 00:00:00+00:00,1022223.911263179,7.936507936510087e-05,0.0,81.12244355711285,0.0,-0.036122460025577396
2021-10-05 00:00:00+00:00,1022305.0401450254,7.936507936511624e-05,0.0,81.12888184628405,0.0,-0.03571623317958572
2021-10-06 00:00:00+00:00,1022386.1754656718,7.936507936510375e-05,0.0,81.13532064643059,0.0,-0.03577622219930099
2021-10-07 00:00:00+00:00,1022467.3172256293,7.936507936502373e-05,0.0,81.141759957593,0.0,-0.036154056666347856
2021-10-08 00:00:00+00:00,1022548.4654254091,7.936507936506427e-05,0.0,81.14819977981185,0.0,-0.03429147380250619
2021-10-11 00:00:00+00:00,1022503.3702012381,-4.4100818392310735e-05,0.20233947148749554,64.73385312387954,0.0,-0.03604661270730869
2021-10-12 00:00:00+00:00,1022529.2819548674,2.534148481509122e-05,0.20234839521732498,64.73027413783421,2.8771022079777673,-0.035692952345817375
2021-10-13 00:00:00+00:00,1022658.1118228838,0.00012599137285351756,0.20234326753848322,64.7323306262175,2.904162233899191,-0.03634950317524854
2021-10-14 00:00:00+00:00,1022716.5281601156,5.7122059226254326e-05,0.0,81.16334220816539,2.951670145171029,-0.036165203284985736
2021-10-15 00:00:00+00:00,1022797.696138541,7.936507936506745e-05,0.0,81.167978425406,0.0,-0.03603866023099922
2021-10-18 00:00:00+00:00,1022878.8705588694,7.936507936508517e-05,0.0,81.17442032845564,0.0,-0.036244964093924636
2021-10-19 00:00:00+00:00,1022960.0514216123,7.936507936513607e-05,0.0,81.18086274276742,0.0,-0.036034268972986894
2021-10-20 00:00:00+00:00,1023041.2387272806,7.936507936506667e-05,0.0,81.18730566838192,0.0,-0.03625797875384329
2021-10-21 00:00:00+00:00,1023122.432476386,7.936507936506493e-05,0.0,81.19374910533973,0.0,-0.035906814957744615
2021-10-22 00:00:00+00:00,1023203.6326694397,7.936507936509118e-05,0.0,81.20019305368143,0.0,-0.03721155249969943
2021-10-25 00:00:00+00:00,1023284.8393069531,7.936507936510572e-05,0.0,81.20663751344759,0.0,-0.036184000153577145
2021-10-26 00:00:00+00:00,1023366.0523894378,7.936507936506892e-05,0.0,81.21308248467882,0.0,-0.03574642419734442
2021-10-27 00:00:00+00:00,1023447.2719174052,7.936507936505485e-05,0.0,81.2195279674157,0.0,-0.03624584247744789
2021-10-28 00:00:00+00:00,1023528.4978913668,7.936507936502385e-05,0.0,81.22597396169883,0.0,-0.036361987640394666
2021-10-29 00:00:00+00:00,1023609.7303118344,7.936507936505002e-05,0.0,81.2324204675688,0.0,-0.03599939026482879
2021-11-01 00:00:00+00:00,1023690.9691793195,7.936507936509365e-05,0.0,81.23886748506622,0.0,-0.03643566580062618
2021-11-02 00:00:00+00:00,1023772.2144943337,7.936507936511509e-05,0.0,81.2453150142317,0.0,-0.03661361707498667
2021-11-03 00:00:00+00:00,1023853.4662573888,7.936507936507466e-05,0.0,81.25176305510585,0.0,-0.03636538727094418
2021-11-04 00:00:00+00:00,1023934.7244689965,7.936507936504643e-05,0.0,81.25821160772927,0.0,-0.03596326629708724
2021-11-05 00:00:00+00:00,1024015.9891296687,7.936507936510444e-05,0.0,81.26466067214258,0.0,-0.03722849330508815
2021-11-08 00:00:00+00:00,1024097.2602399171,7.936507936509528e-05,0.0,81.2711102483864,0.0,-0.0365026788248235
2021-11-09 00:00:00+00:00,1024178.5378002536,7.936507936509299e-05,0.0,81.27756033650135,0.0,-0.036390835307630987
2021-11-10 00:00:00+00:00,1024259.8218111901,7.936507936505791e-05,0.0,81.28401093652806,0.0,-0.03597124322039047
2021-11-11 00:00:00+00:00,1024341.1122732386,7.936507936506405e-05,0.0,81.29046204850715,0.0,-0.03612568222229218
2021-11-12 00:00:00+00:00,1024422.4091869111,7.936507936507172e-05,0.0,81.29691367247925,0.0,-0.037014070055819026
2021-11-15 00:00:00+00:00,1024503.7125527195,7.936507936504126e-05,0.0,81.30336580848501,0.0,-0.036414367182501906
2021-11-16 00:00:00+00:00,1024585.022371176,7.936507936504662e-05,0.0,81.30981845656504,0.0,-0.03661229501672825
2021-11-17 00:00:00+00:00,1024666.3386427928,7.936507936504817e-05,0.0,81.31627161676,0.0,-0.036630656316605226
2021-11-18 00:00:00+00:00,1024747.6613680819,7.936507936511983e-05,0.0,81.32272528911054,0.0,-0.036997084562514715
2021-11-19 00:00:00+00:00,1024828.9905475556,7.936507936510831e-05,0.0,81.32917947365729,0.0,-0.03650492347616652
2021-11-22 00:00:00+00:00,1024910.3261817261,7.936507936508758e-05,0.0,81.33563417044093,0.0,-0.0364376055531519
2021-11-23 00:00:00+00:00,1024991.6682711056,7.936507936513154e-05,0.0,81.34208937950207,0.0,-0.0364795671883682
2021-11-24 00:00:00+00:00,1025073.0168162065,7.936507936508694e-05,0.0,81.3485451008814,0.0,-0.03654904786608437
2021-11-26 00:00:00+00:00,1025154.3718175411,7.936507936502772e-05,0.0,81.35500133461956,0.0,-0.037019168809387715
2021-11-29 00:00:00+00:00,1025235.7332756218,7.936507936502776e-05,0.0,81.36145808075723,0.0,-0.036603039312603336
2021-11-30 00:00:00+00:00,1025317.1011909611,7.936507936504738e-05,0.0,81.36791533933506,0.0,-0.03647419928642481
2021-12-01 00:00:00+00:00,1025398.4755640714,7.936507936504692e-05,0.0,81.37437311039373,0.0,-0.03632656498098008
2021-12-02 00:00:00+00:00,1025479.8563954654,7.936507936510024e-05,0.0,81.38083139397392,0.0,-0.03688577373494528
2021-12-03 00:00:00+00:00,1025561.2436856555,7.936507936505413e-05,0.0,81.3872901901163,0.0,-0.03361662288470679
2021-12-06 00:00:00+00:00,1025531.1508463413,-2.9342800831772476e-05,0.22820685702371357,62.8191377443509,0.0,-0.03702166681597152
2021-12-07 00:00:00+00:00,1025571.2330109025,3.908429746690864e-05,0.2282135534485595,62.8167494237704,3.3797117972240165,-0.03686629081597381
2021-12-08 00:00:00+00:00,1025579.5010477817,8.06188455077848e-06,0.2282046342307519,62.81993054794193,3.3809876249786357,-0.036441134259376895
2021-12-09 00:00:00+00:00,1025543.8787254947,-3.473384779098192e-05,0.22820279448616862,62.820586741345025,3.357857120827572,-0.035641173970889284
2021-12-10 00:00:00+00:00,1025675.459111873,0.00012830302935623112,0.22821072112262034,62.817759572909566,3.3871373001311076,-0.036252831309800726
2021-12-13 00:00:00+00:00,1025360.3662472188,-0.0003072052293490386,0.2281814447520158,62.82820246071735,3.333142490778453,-0.033105251740071395
2021-12-14 00:00:00+00:00,1025265.8024347747,-9.222495383764737e-05,0.0,81.37780684501736,3.303981698378009,-0.032807200796111324
2021-12-15 00:00:00+00:00,1025347.1727365552,7.936507936506577e-05,0.0,81.37030178053767,0.0,-0.03395723815458318
2021-12-16 00:00:00+00:00,1025428.5494962962,7.936507936507274e-05,0.0,81.37675974099645,0.0,-0.033400015059518395
2021-12-17 00:00:00+00:00,1025509.9327145102,7.936507936511884e-05,0.0,81.38321821399177,0.0,-0.035485395830252564
2021-12-20 00:00:00+00:00,1025591.3223917098,7.936507936505086e-05,0.0,81.3896771995643,0.0,-0.03658085889938256
2021-12-21 00:00:00+00:00,1025672.7185284075,7.936507936505619e-05,0.0,81.39613669775474,0.0,-0.036725208853498614
2021-12-22 00:00:00+00:00,1025754.1211251161,7.936507936509515e-05,0.0,81.40259670860377,0.0,-0.03686552034220014
2021-12-23 00:00:00+00:00,1025835.5301823483,7.936507936512807e-05,0.0,81.40905723215208,0.0,-0.036572781976886404
2021-12-27 00:00:00+00:00,1025916.9457006168,7.936507936511527e-05,0.0,81.41551826844034,0.0,-0.03713549815903594
2021-12-28 00:00:00+00:00,1025998.3676804344,7.936507936513057e-05,0.0,81.42197981750927,0.0,-0.03730429689856507
2021-12-29 00:00:00+00:00,1026079.7961223138,7.936507936513432e-05,0.0,81.42844187939956,0.0,-0.037010159124251985
2021-12-30 00:00:00+00:00,1026161.231026768,7.936507936508683e-05,0.0,81.43490445415189,0.0,-0.03742874276755792
2021-12-31 00:00:00+00:00,1026242.6723943098,7.936507936506191e-05,0.0,81.44136754180698,0.0,-0.03681685776235266
2022-01-03 00:00:00+00:00,1026324.1202254522,7.936507936513334e-05,0.0,81.44783114240553,0.0,-0.03491538349813261
2022-01-04 00:00:00+00:00,1026405.5745207082,7.936507936503455e-05,0.0,81.45429525598827,0.0,-0.03399287633947168
2022-01-05 00:00:00+00:00,1026487.0352805908,7.936507936506618e-05,0.0,81.46075988259588,0.0,-0.033745886398218516
2022-01-06 00:00:00+00:00,1026568.502505613,7.936507936507512e-05,0.0,81.4672250222691,0.0,-0.03391686058691423
2022-01-07 00:00:00+00:00,1026649.9761962881,7.936507936513513e-05,0.0,81.47369067504866,0.0,-0.03408367103917609
2022-01-10 00:00:00+00:00,1026731.4563531291,7.936507936509312e-05,0.0,81.48015684097525,0.0,-0.034641754121583546
2022-01-11 00:00:00+00:00,1026812.9429766492,7.936507936502284e-05,0.0,81.48662352008961,0.0,-0.034194558772429495
2022-01-12 00:00:00+00:00,1026894.4360673616,7.936507936511138e-05,0.0,81.49309071243248,0.0,-0.03462074254941783
2022-01-13 00:00:00+00:00,1026975.9356257797,7.936507936509231e-05,0.0,81.49955841804457,0.0,-0.03449112993491621
2022-01-14 00:00:00+00:00,1027057.4416524166,7.936507936503933e-05,0.0,81.50602663696664,0.0,-0.03339457288441672
2022-01-18 00:00:00+00:00,1027138.9541477858,7.936507936502616e-05,0.0,81.51249536923942,0.0,-0.034270215219197375
2022-01-19 00:00:00+00:00,1027220.4731124007,7.936507936512643e-05,0.0,81.51896461490364,0.0,-0.03404565018923744
2022-01-20 00:00:00+00:00,1027301.9985467747,7.936507936507382e-05,0.0,81.52543437400006,0.0,-0.03356906270162607
2022-01-21 00:00:00+00:00,1027383.5304514213,7.936507936505531e-05,0.0,81.53190464656943,0.0,-0.035773133172504856
2022-01-24 00:00:00+00:00,1027465.0688268539,7.936507936503127e-05,0.0,81.53837543265249,0.0,-0.03323946426780555
2022-01-25 00:00:00+00:00,1027546.6136735862,7.936507936507529e-05,0.0,81.54484673229,0.0,-0.03389501580171572
2022-01-26 00:00:00+00:00,1027628.1649921316,7.936507936503442e-05,0.0,81.5513185455227,0.0,-0.034056412867790264
2022-01-27 00:00:00+00:00,1027709.722783004,7.936507936509559e-05,0.0,81.5577908723914,0.0,-0.03622357849222535
2022-01-28 00:00:00+00:00,1027791.287046717,7.936507936510582e-05,0.0,81.56426371293684,0.0,-0.03204506799832707
2022-01-31 00:00:00+00:00,1027872.8577837842,7.936507936502547e-05,0.0,81.57073706719976,0.0,-0.03395444451100449
2022-02-01 00:00:00+00:00,1027954.4349947193,7.936507936504139e-05,0.0,81.57721093522096,0.0,-0.03369710146802252
2022-02-02 00:00:00+00:00,1028036.0186800364,7.936507936511392e-05,0.0,81.58368531704122,0.0,-0.034179955118724514
2022-02-03 00:00:00+00:00,1028117.6088402491,7.936507936509013e-05,0.0,81.5901602127013,0.0,-0.034046092915182236
2022-02-04 00:00:00+00:00,1028199.2054758713,7.936507936504359e-05,0.0,81.59663562224199,0.0,-0.0335522274158917
2022-02-07 00:00:00+00:00,1028280.808587417,7.936507936504788e-05,0.0,81.60311154570408,0.0,-0.03413237014999737
2022-02-08 00:00:00+00:00,1028362.4181754001,7.936507936506333e-05,0.0,81.60958798312834,0.0,-0.033869605204165154
2022-02-09 00:00:00+00:00,1028444.0342403346,7.936507936505027e-05,0.0,81.61606493455557,0.0,-0.0346863778308002
2022-02-10 00:00:00+00:00,1028525.6567827347,7.936507936508221e-05,0.0,81.62254240002656,0.0,-0.03397594623248423
2022-02-11 00:00:00+00:00,1028607.2858031143,7.936507936511951e-05,0.0,81.62902037958212,0.0,-0.034400001777115996
2022-02-14 00:00:00+00:00,1028688.9213019876,7.936507936512246e-05,0.0,81.63549887326305,0.0,-0.033740517743818366
2022-02-15 00:00:00+00:00,1028770.5632798687,7.936507936505145e-05,0.0,81.64197788111012,0.0,-0.0344448842662608
2022-02-16 00:00:00+00:00,1028852.2117372719,7.936507936509312e-05,0.0,81.64845740316419,0.0,-0.034646738801452415
2022-02-17 00:00:00+00:00,1028933.8666747113,7.936507936509463e-05,0.0,81.65493743946602,0.0,-0.03430893920227707
2022-02-18 00:00:00+00:00,1029015.5280927015,7.936507936512948e-05,0.0,81.66141799005645,0.0,-0.03322162854975286
2022-02-22 00:00:00+00:00,1029097.1959917564,7.936507936504485e-05,0.0,81.6678990549763,0.0,-0.03414698607766642
2022-02-23 00:00:00+00:00,1029178.8703723906,7.936507936502736e-05,0.0,81.67438063426638,0.0,-0.03473817247594724
2022-02-24 00:00:00+00:00,1029260.5512351185,7.936507936503734e-05,0.0,81.68086272796751,0.0,-0.032125119947418845
2022-02-25 00:00:00+00:00,1029342.2385804546,7.936507936503509e-05,0.0,81.68734533612052,0.0,-0.0333267738852383
2022-02-28 00:00:00+00:00,1029423.9324089134,7.936507936509406e-05,0.0,81.69382845876623,0.0,-0.03396601751584871
2022-03-01 00:00:00+00:00,1029505.6327210093,7.936507936506146e-05,0.0,81.7003120959455,0.0,-0.03291745130171275
2022-03-02 00:00:00+00:00,1029587.3395172571,7.936507936512383e-05,0.0,81.70679624769915,0.0,-0.03334778801155025
2022-03-03 00:00:00+00:00,1029669.0527981712,7.936507936512841e-05,0.0,81.71328091406802,0.0,-0.032866174488438205
2022-03-04 00:00:00+00:00,1029750.7725642662,7.936507936503554e-05,0.0,81.71976609509295,0.0,-0.037884064199217526
2022-03-07 00:00:00+00:00,1029883.6158738232,0.0001290053021530103,0.25000000000000006,61.29468884311108,0.0,-0.03259110989320835
2022-03-08 00:00:00+00:00,1029778.9181812172,-0.00010165973221856086,0.0,81.73679491062089,3.7150926431732483,-0.032824900519116795
2022-03-09 00:00:00+00:00,1029860.6466667871,7.936507936508138e-05,0.0,81.72848556993787,0.0,-0.03405221362292288
2022-03-10 00:00:00+00:00,1029942.3816387447,7.93650793650298e-05,0.0,81.73497195768151,0.0,-0.03318356073140283
2022-03-11 00:00:00+00:00,1030024.123097605,7.936507936508727e-05,0.0,81.74145886021783,0.0,-0.03414536499418919
2022-03-14 00:00:00+00:00,1030105.8710438826,7.936507936510105e-05,0.0,81.7479462775877,0.0,-0.03383434941361152
2022-03-15 00:00:00+00:00,1030187.6254780923,7.936507936503148e-05,0.0,81.75443420983196,0.0,-0.03398101655773633
2022-03-16 00:00:00+00:00,1030269.3864007493,7.936507936506496e-05,0.0,81.76092265699145,0.0,-0.03348333024576533
2022-03-17 00:00:00+00:00,1030351.1538123684,7.936507936504878e-05,0.0,81.7674116191071,0.0,-0.03373890772460442
2022-03-18 00:00:00+00:00,1030432.9277134646,7.936507936505627e-05,0.0,81.77390109621972,0.0,-0.03639594066073126
2022-03-21 00:00:00+00:00,1030408.7338004435,-2.347936713824868e-05,0.2253189079566784,63.35372267606856,0.0,-0.03732575087714807
2022-03-22 00:00:00+00:00,1030514.9470418267,0.0001030787471991387,0.2253241984262584,63.351802524241485,3.4740319171709544,-0.03693012268709417
2022-03-23 00:00:00+00:00,1030552.4506839754,3.63931083739684e-05,0.2253009746840452,63.36023214657349,3.4277355432849106,-0.037119634741374696
2022-03-24 00:00:00+00:00,1030705.7015236117,0.00014870746223018502,0.0,81.78987703841074,3.491974583733167,-0.03388930488290498
2022-03-25 00:00:00+00:00,1030787.5035634151,7.936507936508923e-05,0.0,81.80203980346124,0.0,-0.03384873636626562
2022-03-28 00:00:00+00:00,1030869.312095444,7.936507936504617e-05,0.0,81.80853202884248,0.0,-0.03391883771581927
2022-03-29 00:00:00+00:00,1030951.1271202135,7.936507936511433e-05,0.0,81.81502476947968,0.0,-0.03383936352411343
2022-03-30 00:00:00+00:00,1031032.9486382388,7.936507936502818e-05,0.0,81.82151802541377,0.0,-0.034032064057125666
2022-03-31 00:00:00+00:00,1031114.7766500355,7.936507936508683e-05,0.0,81.82801179668562,0.0,-0.0340037239918729
2022-04-01 00:00:00+00:00,1031196.6111561188,7.936507936502476e-05,0.0,81.83450608333615,0.0,-0.030413874862352586
2022-04-04 00:00:00+00:00,1031278.4521570042,7.936507936502814e-05,0.0,81.84100088540626,0.0,-0.03120610693992454
2022-04-05 00:00:00+00:00,1031360.2996532071,7.936507936505726e-05,0.0,81.84749620293684,0.0,-0.031054509235199035
2022-04-06 00:00:00+00:00,1031442.153645243,7.936507936507248e-05,0.0,81.85399203596882,0.0,-0.03208985772752637
2022-04-07 00:00:00+00:00,1031524.0141336275,7.936507936503411e-05,0.0,81.8604883845431,0.0,-0.030187051469319215
2022-04-08 00:00:00+00:00,1031605.8811188763,7.936507936512824e-05,0.0,81.8669852487006,0.0,-0.030944531644195195
2022-04-11 00:00:00+00:00,1031687.7546015048,7.936507936508943e-05,0.0,81.87348262848225,0.0,-0.031015270710773812
2022-04-12 00:00:00+00:00,1031769.6345820287,7.936507936510379e-05,0.0,81.87998052392895,0.0,-0.02816873839600209
2022-04-13 00:00:00+00:00,1031851.5210609639,7.936507936513158e-05,0.0,81.88647893508164,0.0,-0.030787773255653406
2022-04-14 00:00:00+00:00,1031933.4140388259,7.936507936513318e-05,0.0,81.89297786198127,0.0,-0.031039262524029
2022-04-18 00:00:00+00:00,1032015.3135161306,7.93650793650689e-05,0.0,81.89947730466872,0.0,-0.0286271004543055
2022-04-19 00:00:00+00:00,1032097.2194933938,7.936507936512471e-05,0.0,81.90597726318497,0.0,-0.030877984585735874
2022-04-20 00:00:00+00:00,1032179.1319711313,7.936507936503532e-05,0.0,81.91247773757094,0.0,-0.030496536927735463
2022-04-21 00:00:00+00:00,1032261.0509498592,7.936507936509946e-05,0.0,81.91897872786757,0.0,-0.03200031919807067
2022-04-22 00:00:00+00:00,1032342.9764300933,7.936507936505188e-05,0.0,81.92548023411581,0.0,-0.03161616599644468
2022-04-25 00:00:00+00:00,1032424.9084123496,7.936507936507848e-05,0.0,81.9319822563566,0.0,-0.030533253670489202
2022-04-26 00:00:00+00:00,1032506.8468971442,7.93650793650268e-05,0.0,81.93848479463092,0.0,-0.030243691216741198
2022-04-27 00:00:00+00:00,1032588.7918849932,7.93650793650827e-05,0.0,81.9449878489797,0.0,-0.03005623282277803
2022-04-28 00:00:00+00:00,1032670.7433764127,7.936507936509376e-05,0.0,81.95149141944391,0.0,-0.030414336083953053
2022-04-29 00:00:00+00:00,1032752.7013719188,7.936507936513303e-05,0.0,81.95799550606449,0.0,-0.029902800181414335
2022-05-02 00:00:00+00:00,1032834.6658720276,7.936507936504814e-05,0.0,81.96450010888245,0.0,-0.03024197122221839
2022-05-03 00:00:00+00:00,1032916.6368772555,7.936507936502487e-05,0.0,81.9710052279387,0.0,-0.03139479533693912
2022-05-04 00:00:00+00:00,1032998.6143881187,7.936507936502356e-05,0.0,81.97751086327425,0.0,-0.030463103332686536
2022-05-05 00:00:00+00:00,1033080.5984051337,7.93650793651172e-05,0.0,81.98401701493006,0.0,-0.030362844692296775
2022-05-06 00:00:00+00:00,1033162.5889288166,7.936507936504075e-05,0.0,81.99052368294711,0.0,-0.02963161229890776
2022-05-09 00:00:00+00:00,1033244.585959684,7.936507936509262e-05,0.0,81.99703086736639,0.0,-0.02888246807449768
2022-05-10 00:00:00+00:00,1033326.5894982523,7.936507936512043e-05,0.0,82.00353856822889,0.0,-0.03224223097288448
2022-05-11 00:00:00+00:00,1033408.5995450378,7.936507936508454e-05,0.0,82.01004678557558,0.0,-0.02848080647288409
2022-05-12 00:00:00+00:00,1033490.6161005573,7.936507936505794e-05,0.0,82.01655551944745,0.0,-0.03015814993445609
2022-05-13 00:00:00+00:00,1033572.6391653272,7.936507936511361e-05,0.0,82.0230647698855,0.0,-0.030011773373416872
2022-05-16 00:00:00+00:00,1033654.6687398641,7.936507936509923e-05,0.0,82.02957453693072,0.0,-0.02911123721373432
2022-05-17 00:00:00+00:00,1033736.7048246848,7.936507936508777e-05,0.0,82.03608482062414,0.0,-0.030287774871926132
2022-05-18 00:00:00+00:00,1033818.7474203057,7.936507936503956e-05,0.0,82.04259562100673,0.0,-0.030567743489271493
2022-05-19 00:00:00+00:00,1033900.7965272438,7.936507936502758e-05,0.0,82.04910693811951,0.0,-0.029875536897693955
2022-05-20 00:00:00+00:00,1033982.8521460159,7.936507936512471e-05,0.0,82.05561877200347,0.0,-0.028927574206739415
2022-05-23 00:00:00+00:00,1034064.9142771385,7.936507936506611e-05,0.0,82.06213112269967,0.0,-0.02977800777665074
2022-05-24 00:00:00+00:00,1034146.9829211287,7.936507936503731e-05,0.0,82.06864399024909,0.0,-0.02932408483483595
2022-05-25 00:00:00+00:00,1034229.0580785035,7.93650793651112e-05,0.0,82.07515737469275,0.0,-0.030940356382019196
2022-05-26 00:00:00+00:00,1034311.1397497796,7.936507936513553e-05,0.0,82.0816712760717,0.0,-0.0305828153115284
2022-05-27 00:00:00+00:00,1034393.227935474,7.936507936507062e-05,0.0,82.08818569442695,0.0,-0.02834501909748699
2022-05-31 00:00:00+00:00,1034475.3226361038,7.936507936510197e-05,0.0,82.09470062979952,0.0,-0.029131569759964115
2022-06-01 00:00:00+00:00,1034557.4238521861,7.936507936507732e-05,0.0,82.10121608223047,0.0,-0.030336826025187058
2022-06-02 00:00:00+00:00,1034639.5315842378,7.936507936506955e-05,0.0,82.1077320517608,0.0,-0.030818787237334888
2022-06-03 00:00:00+00:00,1034721.6458327762,7.936507936503899e-05,0.0,82.11424853843157,0.0,-0.031336227347001255
2022-06-06 00:00:00+00:00,1034803.7665983185,7.93650793650585e-05,0.0,82.12076554228382,0.0,-0.029803515684397652
2022-06-07 00:00:00+00:00,1034885.8938813818,7.936507936508838e-05,0.0,82.1272830633586,0.0,-0.03164080898260124
2022-06-08 00:00:00+00:00,1034968.0276824835,7.936507936508897e-05,0.0,82.13380110169697,0.0,-0.030507811654837624
2022-06-09 00:00:00+00:00,1035050.1680021409,7.936507936513311e-05,0.0,82.14031965733996,0.0,-0.02742078221190347
2022-06-10 00:00:00+00:00,1034809.9422033307,-0.00023209097127527178,0.21511659053652232,64.4756908593068,0.0,-0.026537275828600215
2022-06-13 00:00:00+00:00,1034781.0888550583,-2.7882751310788544e-05,0.0,82.12777319074053,2.9137097177184126,-0.026665481838517024
2022-06-14 00:00:00+00:00,1034863.2143383007,7.936507936506069e-05,0.0,82.12548324246494,0.0,-0.02396362187593848
2022-06-15 00:00:00+00:00,1034669.2446479528,-0.00018743510027258137,0.25000000000000006,61.59900085347028,0.0,-0.02648145427022275
2022-06-16 00:00:00+00:00,1034315.6148389195,-0.0003417805360143679,0.0,82.11660671809149,3.523492457928441,-0.024226029721410747
2022-06-17 00:00:00+00:00,1034397.7033797797,7.9365079365067e-05,0.0,82.0885408602317,0.0,-0.030978849444951884
2022-06-21 00:00:00+00:00,1034479.7984356035,7.936507936508361e-05,0.0,82.09505582379204,0.0,-0.03194373202023382
2022-06-22 00:00:00+00:00,1034561.9000069079,7.936507936504205e-05,0.0,82.10157130441297,0.0,-0.030828367040457216
2022-06-23 00:00:00+00:00,1034644.0080942101,7.936507936512775e-05,0.0,82.10808730213554,0.0,-0.030315990066167586
2022-06-24 00:00:00+00:00,1034726.1226980271,7.936507936507595e-05,0.0,82.1146038170008,0.0,-0.029232586957370188
2022-06-27 00:00:00+00:00,1034808.2438188761,7.936507936507205e-05,0.0,82.12112084904976,0.0,-0.030773724197652008
2022-06-28 00:00:00+00:00,1034890.3714572744,7.936507936507638e-05,0.0,82.1276383983235,0.0,-0.030943003454502183
2022-06-29 00:00:00+00:00,1034972.5056137393,7.936507936504926e-05,0.0,82.13415646486305,0.0,-0.03062988357359675
2022-06-30 00:00:00+00:00,1035054.646288788,7.936507936506354e-05,0.0,82.14067504870947,0.0,-0.027768654023287098
2022-07-01 00:00:00+00:00,1035136.7934829379,7.936507936507951e-05,0.0,82.14719414990381,0.0,-0.031465785632509125
2022-07-05 00:00:00+00:00,1035218.9471967063,7.936507936505752e-05,0.0,82.15371376848714,0.0,-0.03476658397233301
2022-07-06 00:00:00+00:00,1035330.0106482443,0.0001072849872374633,0.21303367042876006,64.6573377125393,0.0,-0.030940320364256202
2022-07-07 00:00:00+00:00,1035252.0286091433,-7.532094916492356e-05,0.21301081756591608,64.66615227218517,3.2994717391392157,-0.032200531839541746
2022-07-08 00:00:00+00:00,1035197.4878575118,-5.268354963260817e-05,0.0,82.16285941342407,3.3034234931516906,-0.032429604015518976
2022-07-11 00:00:00+00:00,1035279.6463882942,7.936507936506382e-05,0.0,82.15853078234221,0.0,-0.031173752314735736
2022-07-12 00:00:00+00:00,1035361.8114395948,7.936507936508172e-05,0.0,82.16505130065826,0.0,-0.03178154465845928
2022-07-13 00:00:00+00:00,1035443.9830119313,7.936507936506547e-05,0.0,82.17157233647578,0.0,-0.03197862060358059
2022-07-14 00:00:00+00:00,1035526.1611058211,7.936507936508785e-05,0.0,82.17809388983582,0.0,-0.030283119062940678
2022-07-15 00:00:00+00:00,1035608.345721782,7.936507936510918e-05,0.0,82.18461596077945,0.0,-0.03166641108020318
2022-07-18 00:00:00+00:00,1035690.5368603313,7.93650793650898e-05,0.0,82.19113854934777,0.0,-0.029581888033016313
2022-07-19 00:00:00+00:00,1035772.7345219869,7.936507936510246e-05,0.0,82.19766165558185,0.0,-0.031523551164090335
2022-07-20 00:00:00+00:00,1035854.9387072665,7.936507936510749e-05,0.0,82.20418527952278,0.0,-0.03180058769356009
2022-07-21 00:00:00+00:00,1035937.1494166877,7.93650793650652e-05,0.0,82.21070942121162,0.0,-0.03194568768260986
2022-07-22 00:00:00+00:00,1036019.3666507683,7.936507936504834e-05,0.0,82.2172340806895,0.0,-0.034660994850503
2022-07-25 00:00:00+00:00,1036101.5904100264,7.93650793651296e-05,0.0,82.22375925799749,0.0,-0.031648522834095694
2022-07-26 00:00:00+00:00,1036183.8206949795,7.936507936504458e-05,0.0,82.23028495317669,0.0,-0.03169960961019136
2022-07-27 00:00:00+00:00,1036266.0575061458,7.93650793650907e-05,0.0,82.23681116626821,0.0,-0.031862543518126785
2022-07-28 00:00:00+00:00,1036348.3008440431,7.936507936511589e-05,0.0,82.24333789731315,0.0,-0.031993866404001814
2022-07-29 00:00:00+00:00,1036430.5507091895,7.936507936508053e-05,0.0,82.24986514635263,0.0,-0.03300604348445546
2022-08-01 00:00:00+00:00,1036512.8071021029,7.936507936505729e-05,0.0,82.25639291342773,0.0,-0.032695715231228384
2022-08-02 00:00:00+00:00,1036595.0700233015,7.936507936511879e-05,0.0,82.26292119857959,0.0,-0.03282584353563056
2022-08-03 00:00:00+00:00,1036677.3394733034,7.936507936511306e-05,0.0,82.26945000184932,0.0,-0.03229597176024068
2022-08-04 00:00:00+00:00,1036759.6154526267,7.936507936511273e-05,0.0,82.27597932327805,0.0,-0.03200516103609363
2022-08-05 00:00:00+00:00,1036841.8979617896,7.936507936507816e-05,0.0,82.28250916290688,0.0,-0.032395483175680084
2022-08-08 00:00:00+00:00,1036924.1870013104,7.936507936508194e-05,0.0,82.28903952077695,0.0,-0.032536205465116375
2022-08-09 00:00:00+00:00,1037006.4825717073,7.936507936508442e-05,0.0,82.29557039692939,0.0,-0.03215625712763881
2022-08-10 00:00:00+00:00,1037088.7846734987,7.936507936504592e-05,0.0,82.30210179140535,0.0,-0.03206518922270618
2022-08-11 00:00:00+00:00,1037171.0933072029,7.936507936503905e-05,0.0,82.30863370424593,0.0,-0.03282514154374905
2022-08-12 00:00:00+00:00,1037253.4084733383,7.936507936502411e-05,0.0,82.31516613549229,0.0,-0.03195820067062538
2022-08-15 00:00:00+00:00,1037335.7301724235,7.936507936507371e-05,0.0,82.32169908518559,0.0,-0.03193268172900421
2022-08-16 00:00:00+00:00,1037418.0584049769,7.936507936503592e-05,0.0,82.32823255336695,0.0,-0.03227987900977958
2022-08-17 00:00:00+00:00,1037500.393171517,7.93650793650955e-05,0.0,82.33476654007752,0.0,-0.03348375960593941
2022-08-18 00:00:00+00:00,1037582.7344725623,7.936507936510062e-05,0.0,82.34130104535849,0.0,-0.03219111809846531
2022-08-19 00:00:00+00:00,1037665.0823086316,7.936507936512376e-05,0.0,82.34783606925097,0.0,-0.03213301660075629
2022-08-22 00:00:00+00:00,1037747.4366802435,7.93650793651253e-05,0.0,82.35437161179615,0.0,-0.03116074423025328
2022-08-23 00:00:00+00:00,1037829.7975879165,7.936507936506554e-05,0.0,82.3609076730352,0.0,-0.03215538576969479
2022-08-24 00:00:00+00:00,1037912.1650321695,7.93650793651292e-05,0.0,82.36744425300924,0.0,-0.031788831190810996
2022-08-25 00:00:00+00:00,1037994.5390135213,7.936507936505225e-05,0.0,82.37398135175948,0.0,-0.03249669563139079
2022-08-26 00:00:00+00:00,1038076.9195324907,7.936507936513153e-05,0.0,82.38051896932708,0.0,-0.03210295421106757
2022-08-29 00:00:00+00:00,1038159.3065895964,7.936507936510303e-05,0.0,82.38705710575323,0.0,-0.029600616539187996
2022-08-30 00:00:00+00:00,1038241.7001853575,7.936507936503925e-05,0.0,82.39359576107908,0.0,-0.03216804292958564
2022-08-31 00:00:00+00:00,1038324.1003202929,7.936507936512479e-05,0.0,82.40013493534583,0.0,-0.03200641417972072
2022-09-01 00:00:00+00:00,1038406.5069949215,7.936507936509572e-05,0.0,82.40667462859467,0.0,-0.028118134821444762
2022-09-02 00:00:00+00:00,1038488.9202097623,7.93650793650245e-05,0.0,82.41321484086679,0.0,-0.030963998734588216
2022-09-06 00:00:00+00:00,1038571.3399653345,7.93650793650957e-05,0.0,82.41975557220336,0.0,-0.03178378495194778
2022-09-07 00:00:00+00:00,1038653.7662621571,7.936507936504539e-05,0.0,82.4262968226456,0.0,-0.03199462522834473
2022-09-08 00:00:00+00:00,1038736.1991007493,7.936507936505814e-05,0.0,82.43283859223469,0.0,-0.03093895694866511
2022-09-09 00:00:00+00:00,1038818.6384816304,7.936507936509426e-05,0.0,82.43938088101186,0.0,-0.03236725646151317
2022-09-12 00:00:00+00:00,1038901.0844053194,7.936507936511406e-05,0.0,82.44592368901829,0.0,-0.033006544863804166
2022-09-13 00:00:00+00:00,1038983.5368723357,7.93650793650779e-05,0.0,82.45246701629519,0.0,-0.03088771565403814
2022-09-14 00:00:00+00:00,1039065.9958831986,7.936507936505817e-05,0.0,82.45901086288379,0.0,-0.031090215966215418
2022-09-15 00:00:00+00:00,1039148.4614384274,7.936507936512723e-05,0.0,82.46555522882528,0.0,-0.030655438672505753
2022-09-16 00:00:00+00:00,1039230.9335385417,7.936507936513337e-05,0.0,82.47210011416091,0.0,-0.03413432580456455
2022-09-19 00:00:00+00:00,1039313.4121840606,7.936507936503695e-05,0.0,82.47864551893188,0.0,-0.03472867842338889
2022-09-20 00:00:00+00:00,1039395.8973755038,7.936507936513433e-05,0.0,82.4851914431794,0.0,-0.035871046687526054
2022-09-21 00:00:00+00:00,1039375.6764655295,-1.9454483152534254e-05,0.25,61.86880341520856,0.0,-0.03567646445925199
2022-09-22 00:00:00+00:00,1039446.9365002018,6.856042168954603e-05,0.2500048637154092,61.86719858108362,3.740061525726134,-0.035572814488041615
2022-09-23 00:00:00+00:00,1039321.5465322103,-0.00012063142772221781,0.0,82.49578861112713,3.6654399901889083,-0.03644755592398763
2022-09-26 00:00:00+00:00,1039268.9710354917,-5.0586362703688366e-05,0.24645692962725008,62.15663089511402,0.0,-0.030295083320906357
2022-09-27 00:00:00+00:00,1039167.23669314,-9.789029133652249e-05,0.0,82.48166436789616,3.7348729258441735,-0.030513914757683835
2022-09-28 00:00:00+00:00,1039249.7102833537,7.936507936502909e-05,0.0,82.47359021374128,0.0,-0.03011015316038268
2022-09-29 00:00:00+00:00,1039332.1904190904,7.936507936506017e-05,0.0,82.4801357367741,0.0,-0.03043166078147408
2022-09-30 00:00:00+00:00,1039414.6771008697,7.936507936505202e-05,0.0,82.4866817792929,0.0,-0.030010554488610452
2022-10-03 00:00:00+00:00,1039497.170329211,7.936507936507695e-05,0.0,82.49322834133886,0.0,-0.025848051351277768
2022-10-04 00:00:00+00:00,1039579.670104634,7.936507936509532e-05,0.0,82.49977542295326,0.0,-0.028328810439238516
2022-10-05 00:00:00+00:00,1039662.1764276582,7.936507936506743e-05,0.0,82.5063230241773,0.0,-0.028303053694418878
2022-10-06 00:00:00+00:00,1039744.6892988032,7.936507936506561e-05,0.0,82.51287114505223,0.0,-0.030367436328289976
2022-10-07 00:00:00+00:00,1039827.2087185888,7.93650793650502e-05,0.0,82.5194197856193,0.0,-0.030561156524010258
2022-10-10 00:00:00+00:00,1039909.7346875347,7.936507936509349e-05,0.0,82.52596894591974,0.0,-0.028464409755043718
2022-10-11 00:00:00+00:00,1039992.2672061607,7.936507936504386e-05,0.0,82.53251862599483,0.0,-0.02760017673849191
2022-10-12 00:00:00+00:00,1040074.8062749866,7.936507936508552e-05,0.0,82.53906882588576,0.0,-0.02717919675193592
2022-10-13 00:00:00+00:00,1040157.3518945322,7.936507936506687e-05,0.0,82.54561954563385,0.0,-0.02892712402695974
2022-10-14 00:00:00+00:00,1040239.9040653175,7.936507936506019e-05,0.0,82.55217078528034,0.0,-0.030035400816019298
2022-10-17 00:00:00+00:00,1040322.4627878623,7.936507936502579e-05,0.0,82.55872254486647,0.0,-0.02875919070110733
2022-10-18 00:00:00+00:00,1040405.0280626867,7.936507936503593e-05,0.0,82.56527482443352,0.0,-0.02977031451448031
2022-10-19 00:00:00+00:00,1040487.5998903107,7.936507936505092e-05,0.0,82.57182762402275,0.0,-0.026664893631122233
2022-10-20 00:00:00+00:00,1040570.1782712543,7.93650793650311e-05,0.0,82.57838094367546,0.0,-0.0282159641439943
2022-10-21 00:00:00+00:00,1040652.7632060377,7.93650793650487e-05,0.0,82.58493478343289,0.0,-0.026596184903296738
2022-10-24 00:00:00+00:00,1040735.354695181,7.936507936506402e-05,0.0,82.59148914333632,0.0,-0.028065611310616134
2022-10-25 00:00:00+00:00,1040817.9527392044,7.936507936503742e-05,0.0,82.59804402342706,0.0,-0.029694260792592075
2022-10-26 00:00:00+00:00,1040900.5573386281,7.936507936504108e-05,0.0,82.60459942374638,0.0,-0.028983573093253945
2022-10-27 00:00:00+00:00,1040983.1684939724,7.936507936503533e-05,0.0,82.61115534433556,0.0,-0.028620424177367987
2022-10-28 00:00:00+00:00,1041065.7862057576,7.936507936509233e-05,0.0,82.6177117852359,0.0,-0.02864399689439523
2022-10-31 00:00:00+00:00,1041148.4104745041,7.936507936506061e-05,0.0,82.6242687464887,0.0,-0.02773894222168316
2022-11-01 00:00:00+00:00,1041231.0413007323,7.93650793651241e-05,0.0,82.63082622813525,0.0,-0.029398704293364553
2022-11-02 00:00:00+00:00,1041313.6786849626,7.936507936513135e-05,0.0,82.63738423021685,0.0,-0.027659089091960354
2022-11-03 00:00:00+00:00,1041396.3226277153,7.936507936504269e-05,0.0,82.6439427527748,0.0,-0.028596648030989158
2022-11-04 00:00:00+00:00,1041478.9731295111,7.936507936504207e-05,0.0,82.65050179585042,0.0,-0.02702416196535129
2022-11-07 00:00:00+00:00,1041561.6301908706,7.936507936508977e-05,0.0,82.65706135948501,0.0,-0.028066883498981454
2022-11-08 00:00:00+00:00,1041644.2938123143,7.936507936503438e-05,0.0,82.66362144371989,0.0,-0.026552436631106957
2022-11-09 00:00:00+00:00,1041726.9639943629,7.936507936505977e-05,0.0,82.67018204859637,0.0,-0.028568218953090252
2022-11-10 00:00:00+00:00,1041809.6407375371,7.936507936512623e-05,0.0,82.67674317415579,0.0,-0.028997896571741677
2022-11-11 00:00:00+00:00,1041892.3240423575,7.936507936508236e-05,0.0,82.68330482043945,0.0,-0.028393582662467054
2022-11-14 00:00:00+00:00,1041975.013909345,7.9365079365112e-05,0.0,82.68986698748868,0.0,-0.028467332266272294
2022-11-15 00:00:00+00:00,1042057.7103390204,7.936507936506373e-05,0.0,82.69642967534485,0.0,-0.02731208919247141
2022-11-16 00:00:00+00:00,1042140.4133319044,7.936507936512132e-05,0.0,82.70299288404924,0.0,-0.028745153948145585
2022-11-17 00:00:00+00:00,1042223.1228885181,7.936507936513341e-05,0.0,82.70955661364322,0.0,-0.029683719051856627
2022-11-18 00:00:00+00:00,1042305.8390093823,7.936507936506031e-05,0.0,82.7161208641681,0.0,-0.028416830535237025
2022-11-21 00:00:00+00:00,1042388.561695018,7.936507936508579e-05,0.0,82.72268563566526,0.0,-0.02907481536369705
2022-11-22 00:00:00+00:00,1042471.2909459461,7.936507936505844e-05,0.0,82.72925092817603,0.0,-0.028519696872855604
2022-11-23 00:00:00+00:00,1042554.0267626878,7.936507936505031e-05,0.0,82.73581674174176,0.0,-0.028273265562151373
2022-11-25 00:00:00+00:00,1042636.7691457643,7.936507936513337e-05,0.0,82.7423830764038,0.0,-0.029838673771771518
2022-11-28 00:00:00+00:00,1042719.5180956965,7.936507936504464e-05,0.0,82.74894993220352,0.0,-0.02869467439235507
2022-11-29 00:00:00+00:00,1042802.2736130056,7.936507936507943e-05,0.0,82.75551730918225,0.0,-0.029959811505237077
2022-11-30 00:00:00+00:00,1042885.035698213,7.93650793650864e-05,0.0,82.7620852073814,0.0,-0.028622815174641048
2022-12-01 00:00:00+00:00,1042967.8043518398,7.93650793650259e-05,0.0,82.76865362684231,0.0,-0.029457384922913832
2022-12-02 00:00:00+00:00,1043050.5795744074,7.936507936508152e-05,0.0,82.77522256760633,0.0,-0.029532900281254548
2022-12-05 00:00:00+00:00,1043133.3613664372,7.936507936510194e-05,0.0,82.78179202971488,0.0,-0.028919663664281003
2022-12-06 00:00:00+00:00,1043216.1497284503,7.936507936504752e-05,0.0,82.7883620132093,0.0,-0.02788280116030073
2022-12-07 00:00:00+00:00,1043298.9446609685,7.93650793651018e-05,0.0,82.79493251813098,0.0,-0.028618554038883026
2022-12-08 00:00:00+00:00,1043381.746164513,7.936507936511349e-05,0.0,82.80150354452131,0.0,-0.029578210189880494
2022-12-09 00:00:00+00:00,1043464.5542396054,7.936507936504294e-05,0.0,82.80807509242167,0.0,-0.028974757643044136
2022-12-12 00:00:00+00:00,1043547.3688867673,7.936507936507363e-05,0.0,82.81464716187345,0.0,-0.027992246132370724
2022-12-13 00:00:00+00:00,1043630.1901065202,7.936507936505433e-05,0.0,82.82121975291804,0.0,-0.02517998504978536
2022-12-14 00:00:00+00:00,1043713.0178993858,7.936507936505694e-05,0.0,82.82779286559683,0.0,-0.0258174699238376
2022-12-15 00:00:00+00:00,1043795.8522658857,7.936507936504176e-05,0.0,82.83436649995126,0.0,-0.024245176371844757
2022-12-16 00:00:00+00:00,1044432.7402076176,0.0006101652352319567,0.22743303548514715,64.00017406017851,0.0,-0.03010761428518194
2022-12-19 00:00:00+00:00,1044429.3019703443,-3.2919661946672137e-06,0.22729434837560367,64.05072072222072,3.3321813602008947,-0.029591191758032487
2022-12-20 00:00:00+00:00,1044485.2292171348,5.354814029536267e-05,0.22729509662337796,64.05044784624664,3.3416157359745764,-0.029535662622584447
2022-12-21 00:00:00+00:00,1044533.3295225974,4.605168566975101e-05,0.22728292604536735,64.05488651662684,3.382604241799436,-0.029368263931993432
2022-12-22 00:00:00+00:00,1044352.9819241991,-0.00017265853879516545,0.0,82.89947059703154,3.3220151104523663,-0.028435551375342705
2022-12-23 00:00:00+00:00,1044435.8670814948,7.936507936512512e-05,0.0,82.88515729557136,0.0,-0.02841003705527445
2022-12-27 00:00:00+00:00,1044518.7588169774,7.936507936503472e-05,0.0,82.89173548265832,0.0,-0.028933848976555154
2022-12-28 00:00:00+00:00,1044601.6571311692,7.93650793650983e-05,0.0,82.8983141918236,0.0,-0.028620452094523685
2022-12-29 00:00:00+00:00,1044684.5620245923,7.936507936505324e-05,0.0,82.90489342310867,0.0,-0.02895853697472983
2022-12-30 00:00:00+00:00,1044767.4734977689,7.936507936508277e-05,0.0,82.91147317655495,0.0,-0.028201206835985815
2023-01-03 00:00:00+00:00,1044850.391551221,7.936507936503578e-05,0.0,82.91805345220388,0.0,-0.028482490679809125
2023-01-04 00:00:00+00:00,1044933.3161854711,7.936507936509548e-05,0.0,82.9246342500969,0.0,-0.02843458812330102
2023-01-05 00:00:00+00:00,1045016.2474010414,7.936507936511074e-05,0.0,82.93121557027548,0.0,-0.029507585907547984
2023-01-06 00:00:00+00:00,1045099.1851984542,7.936507936504192e-05,0.0,82.93779741278107,0.0,-0.029524797792413793
2023-01-09 00:00:00+00:00,1045182.1295782318,7.936507936507216e-05,0.0,82.9443797776551,0.0,-0.030505307843219143
2023-01-10 00:00:00+00:00,1045265.0805408967,7.936507936505038e-05,0.0,82.95096266493904,0.0,-0.029061256470734875
2023-01-11 00:00:00+00:00,1045348.0380869714,7.936507936504829e-05,0.0,82.95754607467434,0.0,-0.03022559223110388
2023-01-12 00:00:00+00:00,1045431.0022169782,7.936507936502625e-05,0.0,82.9641300069025,0.0,-0.029692605241495862
2023-01-13 00:00:00+00:00,1045513.9729314399,7.936507936505595e-05,0.0,82.97071446166494,0.0,-0.030719802042578515
2023-01-17 00:00:00+00:00,1045596.9502308789,7.936507936509769e-05,0.0,82.97729943900316,0.0,-0.029037875196536334
2023-01-18 00:00:00+00:00,1045679.9341158179,7.936507936511181e-05,0.0,82.98388493895864,0.0,-0.028831512289348105
2023-01-19 00:00:00+00:00,1045762.9245867794,7.936507936505864e-05,0.0,82.99047096157285,0.0,-0.030858780267890573
2023-01-20 00:00:00+00:00,1045845.9216442864,7.93650793651212e-05,0.0,82.99705750688726,0.0,-0.02853240131727386
2023-01-23 00:00:00+00:00,1045928.9252888613,7.936507936503716e-05,0.0,83.00364457494337,0.0,-0.029289380480430616
2023-01-24 00:00:00+00:00,1046011.9355210271,7.93650793651008e-05,0.0,83.01023216578264,0.0,-0.029439992908623758
2023-01-25 00:00:00+00:00,1046094.9523413065,7.936507936504983e-05,0.0,83.01682027944659,0.0,-0.029638521960940523
2023-01-26 00:00:00+00:00,1046177.9757502225,7.936507936506718e-05,0.0,83.0234089159767,0.0,-0.03154181547031776
2023-01-27 00:00:00+00:00,1046261.0057482979,7.936507936511317e-05,0.0,83.02999807541448,0.0,-0.029757577172039973
2023-01-30 00:00:00+00:00,1046344.0423360557,7.936507936503685e-05,0.0,83.03658775780143,0.0,-0.02911499659008676
2023-01-31 00:00:00+00:00,1046427.0855140189,7.936507936513237e-05,0.0,83.04317796317902,0.0,-0.02914126821735774
2023-02-01 00:00:00+00:00,1046510.1352827104,7.936507936502628e-05,0.0,83.0497686915888,0.0,-0.02933854669739855
2023-02-02 00:00:00+00:00,1046593.1916426535,7.936507936512391e-05,0.0,83.05635994307225,0.0,-0.029870003607925355
2023-02-03 00:00:00+00:00,1046676.2545943712,7.936507936505187e-05,0.0,83.06295171767091,0.0,-0.030624262002271863
2023-02-06 00:00:00+00:00,1046759.3241383866,7.93650793651042e-05,0.0,83.06954401542629,0.0,-0.028997466281265538
2023-02-07 00:00:00+00:00,1046842.4002752231,7.936507936512996e-05,0.0,83.07613683637989,0.0,-0.02984528361504335
2023-02-08 00:00:00+00:00,1046925.4830054037,7.936507936508953e-05,0.0,83.08273018057326,0.0,-0.029800472336739325
2023-02-09 00:00:00+00:00,1047008.5723294517,7.936507936505443e-05,0.0,83.08932404804791,0.0,-0.030516329251923047
2023-02-10 00:00:00+00:00,1047091.6682478905,7.936507936509621e-05,0.0,83.09591843884537,0.0,-0.02963249494415976
2023-02-13 00:00:00+00:00,1047174.7707612435,7.936507936506398e-05,0.0,83.10251335300718,0.0,-0.02994393683915586
2023-02-14 00:00:00+00:00,1047257.879870034,7.936507936502929e-05,0.0,83.10910879057488,0.0,-0.029872371456519886
2023-02-15 00:00:00+00:00,1047340.9955747856,7.93650793650636e-05,0.0,83.11570475159,0.0,-0.030135542051158204
2023-02-16 00:00:00+00:00,1047424.1178760218,7.936507936512727e-05,0.0,83.1223012360941,0.0,-0.02975588953088426
2023-02-17 00:00:00+00:00,1047507.2467742659,7.936507936506944e-05,0.0,83.1288982441287,0.0,-0.02936299167583467
2023-02-21 00:00:00+00:00,1047590.3822700416,7.936507936507278e-05,0.0,83.1354957757354,0.0,-0.028663672327186696
2023-02-22 00:00:00+00:00,1047673.5243638726,7.936507936509758e-05,0.0,83.14209383095569,0.0,-0.029414574849988995
2023-02-23 00:00:00+00:00,1047756.6730562825,7.93650793651042e-05,0.0,83.14869240983116,0.0,-0.030089086532806952
2023-02-24 00:00:00+00:00,1047839.8283477948,7.936507936505295e-05,0.0,83.15529151240337,0.0,-0.030273673626710185
2023-02-27 00:00:00+00:00,1047922.9902389336,7.93650793651264e-05,0.0,83.16189113871387,0.0,-0.02961617721689791
2023-02-28 00:00:00+00:00,1048006.1587302224,7.936507936506267e-05,0.0,83.16849128880425,0.0,-0.02949249996497283
2023-03-01 00:00:00+00:00,1048089.333822185,7.936507936504428e-05,0.0,83.17509196271607,0.0,-0.029518101015550968
2023-03-02 00:00:00+00:00,1048172.5155153455,7.936507936503157e-05,0.0,83.18169316049088,0.0,-0.03087501745117649
2023-03-03 00:00:00+00:00,1048255.7038102277,7.936507936509591e-05,0.0,83.18829488217028,0.0,-0.02921505897039811
2023-03-06 00:00:00+00:00,1048338.8987073555,7.936507936508659e-05,0.0,83.19489712779585,0.0,-0.02926449737496739
2023-03-07 00:00:00+00:00,1048422.1002072529,7.936507936507499e-05,0.0,83.20149989740916,0.0,-0.030092360263701323
2023-03-08 00:00:00+00:00,1048505.308310444,7.936507936513249e-05,0.0,83.20810319105182,0.0,-0.030517272987393262
2023-03-09 00:00:00+00:00,1048588.5230174528,7.936507936510837e-05,0.0,83.2147070087654,0.0,-0.029649830113217313
2023-03-10 00:00:00+00:00,1048671.7443288034,7.936507936507403e-05,0.0,83.22131135059149,0.0,-0.029835828316703505
2023-03-13 00:00:00+00:00,1048754.9722450199,7.936507936498978e-05,0.0,83.2279162165717,0.0,-0.031261644610941275
2023-03-14 00:00:00+00:00,1048838.2067666266,7.936507936503799e-05,0.0,83.2345216067476,0.0,-0.029648642525145874
2023-03-15 00:00:00+00:00,1048921.4478941478,7.936507936517896e-05,0.0,83.24112752116083,0.0,-0.03119368752561158
2023-03-16 00:00:00+00:00,1049004.6956281078,7.936507936515102e-05,0.0,83.24773395985301,0.0,-0.029693987571421943
2023-03-17 00:00:00+00:00,1049087.9499690307,7.936507936513649e-05,0.0,83.2543409228657,0.0,-0.03123281211252671
2023-03-20 00:00:00+00:00,1049171.210917441,7.936507936509572e-05,0.0,83.26094841024053,0.0,-0.03450942227671394
2023-03-21 00:00:00+00:00,1049197.1669393731,2.4739548380754256e-05,0.25,62.450667316514334,0.0,-0.03309270909845363
2023-03-22 00:00:00+00:00,1049025.1736625182,-0.0001639284609933716,0.0,83.26961642375977,3.8462374058568463,-0.03381243334230799
2023-03-23 00:00:00+00:00,1049108.4296286819,7.936507936509282e-05,0.0,83.25596616369192,0.0,-0.029899727259959263
2023-03-24 00:00:00+00:00,1049191.6922024619,7.936507936505284e-05,0.0,83.26257378005411,0.0,-0.029289962572844885
2023-03-27 00:00:00+00:00,1049274.9613843828,7.936507936515911e-05,0.0,83.2691819208303,0.0,-0.02866001547715058
2023-03-28 00:00:00+00:00,1049358.237174969,7.936507936515004e-05,0.0,83.27579058606213,0.0,-0.02850817549327811
2023-03-29 00:00:00+00:00,1049441.5195747446,7.936507936498599e-05,0.0,83.28239977579119,0.0,-0.030610343421900055
2023-03-30 00:00:00+00:00,1049524.8085842347,7.936507936507106e-05,0.0,83.2890094900591,0.0,-0.02943762926310267
2023-03-31 00:00:00+00:00,1049608.1042039637,7.936507936514366e-05,0.0,83.29561972890751,0.0,-0.030021507467109743
2023-04-03 00:00:00+00:00,1049691.4064344561,7.936507936516415e-05,0.0,83.30223049237807,0.0,-0.02851721888076142
2023-04-04 00:00:00+00:00,1049774.7152762366,7.936507936509286e-05,0.0,83.3088417805124,0.0,-0.028835461514100658
2023-04-05 00:00:00+00:00,1049858.03072983,7.936507936511196e-05,0.0,83.31545359335212,0.0,-0.02900939955747095
2023-04-06 00:00:00+00:00,1049941.352795761,7.936507936518175e-05,0.0,83.32206593093889,0.0,-0.029178084700395956
2023-04-10 00:00:00+00:00,1050024.6814745544,7.936507936504078e-05,0.0,83.32867879331437,0.0,-0.028297952976062746
2023-04-11 00:00:00+00:00,1050108.016766735,7.936507936509294e-05,0.0,83.33529218052018,0.0,-0.028736979959024467
2023-04-12 00:00:00+00:00,1050191.3586728275,7.936507936507679e-05,0.0,83.34190609259801,0.0,-0.028960446998877565
2023-04-13 00:00:00+00:00,1050274.7071933572,7.936507936517438e-05,0.0,83.34852052958948,0.0,-0.028976176111457086
2023-04-14 00:00:00+00:00,1050358.0623288488,7.936507936512432e-05,0.0,83.35513549153629,0.0,-0.029097083955633707
2023-04-17 00:00:00+00:00,1050441.4240798273,7.936507936510865e-05,0.0,83.36175097848006,0.0,-0.029988863415149503
2023-04-18 00:00:00+00:00,1050524.7924468177,7.936507936508773e-05,0.0,83.36836699046248,0.0,-0.02899923879353139
2023-04-19 00:00:00+00:00,1050608.1674303452,7.936507936502185e-05,0.0,83.37498352752522,0.0,-0.03071747181170892
2023-04-20 00:00:00+00:00,1050691.549030935,7.9365079365093e-05,0.0,83.38160058970993,0.0,-0.029706286209208344
2023-04-21 00:00:00+00:00,1050774.937249112,7.936507936503986e-05,0.0,83.38821817705833,0.0,-0.028856408390057986
2023-04-24 00:00:00+00:00,1050858.3320854015,7.93650793650444e-05,0.0,83.39483628961206,0.0,-0.028734913221549974
2023-04-25 00:00:00+00:00,1050941.733540329,7.936507936506694e-05,0.0,83.40145492741281,0.0,-0.02883685071799391
2023-04-26 00:00:00+00:00,1051025.1416144194,7.936507936506778e-05,0.0,83.4080740905023,0.0,-0.028223439501018355
2023-04-27 00:00:00+00:00,1051108.5563081983,7.936507936500728e-05,0.0,83.41469377892217,0.0,-0.02858961765988166
2023-04-28 00:00:00+00:00,1051191.977622191,7.93650793650673e-05,0.0,83.42131399271415,0.0,-0.027890743456648437
2023-05-01 00:00:00+00:00,1051275.4055569228,7.936507936498665e-05,0.0,83.42793473191992,0.0,-0.02882904763449634
2023-05-02 00:00:00+00:00,1051358.8401129195,7.936507936516866e-05,0.0,83.43455599658117,0.0,-0.028030399500857506
2023-05-03 00:00:00+00:00,1051442.2812907062,7.936507936513065e-05,0.0,83.44117778673964,0.0,-0.027854704141676123
2023-05-04 00:00:00+00:00,1051525.7290908087,7.936507936505448e-05,0.0,83.447800102437,0.0,-0.02526574341184684
2023-05-05 00:00:00+00:00,1051563.393161364,3.5818496412643794e-05,0.25,62.59081720778622,0.0,-0.02921977846793844
2023-05-08 00:00:00+00:00,1051654.451107749,8.659292152740836e-05,0.24999104569662653,62.59380641973505,3.746188299604275,-0.029461444678204884
2023-05-09 00:00:00+00:00,1051581.279113227,-6.957798205000337e-05,0.249969400115978,62.60103324087674,3.7253113851256425,-0.02846833936373727
2023-05-10 00:00:00+00:00,1051626.922213114,4.3404252998449576e-05,0.2499867936926223,62.595225939724195,3.742099094948755,-0.028371178201941127
2023-05-11 00:00:00+00:00,1051705.277673466,7.45088003138054e-05,0.24997594367351958,62.5988484079692,3.7354898693463388,-0.028516603228382564
2023-05-12 00:00:00+00:00,1051851.4791684574,0.0001390137504253727,0.24995731965350254,62.60506709529871,3.728169418967398,-0.029174010459418476
2023-05-15 00:00:00+00:00,1051906.8597623135,5.2650583236218225e-05,0.24992257697876075,62.61667038855201,3.7433083630926607,-0.029146496595007676
2023-05-16 00:00:00+00:00,1051914.4283676753,7.195128819151686e-06,0.2499094191020888,62.62106567377869,3.723549605771061,-0.028760497535112783
2023-05-17 00:00:00+00:00,1051946.8448758794,3.0816677982422656e-05,0.24990762098456293,62.621666356743894,3.7586466146473985,-0.0285640868264867
2023-05-18 00:00:00+00:00,1052108.0934177155,0.0001532858267712064,0.24989991989920357,62.624239095490246,3.8109633798733,-0.029324330293533762
2023-05-19 00:00:00+00:00,1051915.5955842144,-0.00018296393184826025,0.24986161965425646,62.63703659881059,3.779452426239625,-0.02746354960321362
2023-05-22 00:00:00+00:00,1051793.6272424117,-0.00011594879124781259,0.24990734368445472,62.621758992977156,3.7771124438657244,-0.026130966747717643
2023-05-23 00:00:00+00:00,1052091.95661572,0.0002836386963955879,0.24993632349905337,62.61207896584996,3.7494211510657327,-0.027888909711361265
2023-05-24 00:00:00+00:00,1052247.888838281,0.00014821159080292653,0.2498654519879772,62.63575590023951,3.7407204507354335,-0.028613318795970955
2023-05-25 00:00:00+00:00,1052419.503773848,0.000163093637333505,0.24982842451975135,62.64813147345863,3.7584505186939996,-0.02945793121396001
2023-05-26 00:00:00+00:00,1052248.3386170021,-0.0001626396662473066,0.2497876857375233,62.66175170644014,3.8004249800878984,-0.02775380854594811
2023-05-30 00:00:00+00:00,1052474.9281931466,0.00021533849741429156,0.2498283177317383,62.64816717018254,3.810960168397222,-0.028990639832454868
2023-05-31 00:00:00+00:00,1052282.554935214,-0.00018278179629679724,0.24977453165939842,62.666150469876534,3.774257910331399,-0.027128152509525272
2023-06-01 00:00:00+00:00,1052605.2778636492,0.0003066884715721103,0.2498201942432534,62.650882750993006,3.827289400641252,-0.029083282292080348
2023-06-02 00:00:00+00:00,1052566.3915768492,-3.6942895516305736e-05,0.2497436007600514,62.67649568182119,3.8734928002313813,-0.0283744697189654
2023-06-05 00:00:00+00:00,1052773.7604919542,0.00019701266995077285,0.2497528273526572,62.67340946858309,3.8729151748747586,-0.02945174051406685
2023-06-06 00:00:00+00:00,1052693.6072071905,-7.613533673771409e-05,0.24970363257330752,62.68986731898825,3.878377917698124,-0.02844467068541423
2023-06-07 00:00:00+00:00,1052401.2127179918,-0.00027775839731222134,0.24972264529099777,62.683505947181615,3.8338304460020045,-0.025885858625790625
2023-06-08 00:00:00+00:00,1052498.374983601,9.232435732216089e-05,0.24979202712411314,62.66030003534044,3.8565931048268753,-0.026179948735297387
2023-06-09 00:00:00+00:00,1052531.210064917,3.119727507092507e-05,0.24976896736472218,62.66801132626181,3.864212002312364,-0.02599933973990165
2023-06-12 00:00:00+00:00,1052611.9483574673,7.670869213011057e-05,0.24976117549662816,62.67061728509643,3.9009107600707553,-0.026184185099791257
2023-06-13 00:00:00+00:00,1052660.561188529,4.618305077912436e-05,0.24974201811304877,62.67702508609248,3.92672594295274,-0.026131750414762678
2023-06-14 00:00:00+00:00,1052738.583639837,7.411928800676004e-05,0.2497304847973883,62.68088324728785,3.9326474521865404,-0.026272082248183004
2023-06-15 00:00:00+00:00,1052662.6503249344,-7.212931689096924e-05,0.0,83.55068124125691,3.974766753166614,-0.026364873722890536
2023-06-16 00:00:00+00:00,1052746.1949797221,7.936507936513418e-05,0.0,83.5446547876932,0.0,-0.030971306588678083
2023-06-20 00:00:00+00:00,1052829.746265038,7.936507936500308e-05,0.0,83.55128531585096,0.0,-0.028721851110462993
2023-06-21 00:00:00+00:00,1052913.3041814081,7.936507936505978e-05,0.0,83.5579163702411,0.0,-0.029825158622260872
2023-06-22 00:00:00+00:00,1052996.868729359,7.936507936504342e-05,0.0,83.5645479509054,0.0,-0.029957734954298765
2023-06-23 00:00:00+00:00,1053080.439909417,7.936507936513549e-05,0.0,83.57118005788564,0.0,-0.030154451040598218
2023-06-26 00:00:00+00:00,1053164.0177221082,7.936507936507518e-05,0.0,83.57781269122357,0.0,-0.029416987451866383
2023-06-27 00:00:00+00:00,1053247.602167959,7.936507936504394e-05,0.0,83.58444585096096,0.0,-0.02998444935671074
2023-06-28 00:00:00+00:00,1053331.1932474962,7.936507936500212e-05,0.0,83.5910795371396,0.0,-0.030002622048345806
2023-06-29 00:00:00+00:00,1053414.790961246,7.936507936513108e-05,0.0,83.59771374980129,0.0,-0.029816113941716793
2023-06-30 00:00:00+00:00,1053498.395309735,7.936507936517009e-05,0.0,83.60434848898778,0.0,-0.030773563131883286
2023-07-03 00:00:00+00:00,1053582.0062934898,7.93650793650795e-05,0.0,83.61098375474089,0.0,-0.02959609290832077
2023-07-05 00:00:00+00:00,1053665.623913037,7.936507936504069e-05,0.0,83.61761954710236,0.0,-0.030049859940886492
2023-07-06 00:00:00+00:00,1053749.248168903,7.936507936501397e-05,0.0,83.62425586611404,0.0,-0.03006237832661185
2023-07-07 00:00:00+00:00,1053832.8790616149,7.936507936518062e-05,0.0,83.6308927118177,0.0,-0.03006559276852183
2023-07-10 00:00:00+00:00,1053916.516591699,7.936507936505904e-05,0.0,83.63753008425515,0.0,-0.029584720365257056
2023-07-11 00:00:00+00:00,1054000.1607596825,7.93650793650515e-05,0.0,83.64416798346818,0.0,-0.029893400185814656
2023-07-12 00:00:00+00:00,1054083.811566092,7.93650793651183e-05,0.0,83.65080640949861,0.0,-0.02896279811453084
2023-07-13 00:00:00+00:00,1054167.4690114544,7.936507936499886e-05,0.0,83.65744536238826,0.0,-0.02951536613576522
2023-07-14 00:00:00+00:00,1054251.1330962966,7.936507936509532e-05,0.0,83.66408484217892,0.0,-0.02933795247121207
2023-07-17 00:00:00+00:00,1054334.8038211456,7.936507936514707e-05,0.0,83.67072484891243,0.0,-0.030067716906985176
2023-07-18 00:00:00+00:00,1054418.4811865282,7.936507936511449e-05,0.0,83.6773653826306,0.0,-0.02968083930576082
2023-07-19 00:00:00+00:00,1054502.1651929717,7.936507936517873e-05,0.0,83.68400644337525,0.0,-0.02963696523219639
2023-07-20 00:00:00+00:00,1054585.855841003,7.936507936507931e-05,0.0,83.69064803118823,0.0,-0.029795930720218244
2023-07-21 00:00:00+00:00,1054669.553131149,7.93650793649974e-05,0.0,83.69729014611134,0.0,-0.030437417497374497
2023-07-24 00:00:00+00:00,1054753.2570639371,7.936507936511407e-05,0.0,83.70393278818642,0.0,-0.029614213334185457
2023-07-25 00:00:00+00:00,1054836.9676398947,7.936507936516887e-05,0.0,83.71057595745533,0.0,-0.02967760389620544
2023-07-26 00:00:00+00:00,1054920.6848595487,7.936507936512215e-05,0.0,83.7172196539599,0.0,-0.0290628407801945
2023-07-27 00:00:00+00:00,1055004.4087234265,7.936507936515496e-05,0.0,83.72386387774196,0.0,-0.03003715286100661
2023-07-28 00:00:00+00:00,1055088.1392320553,7.936507936500695e-05,0.0,83.73050862884338,0.0,-0.029607638939538106
2023-07-31 00:00:00+00:00,1055171.8763859626,7.936507936507985e-05,0.0,83.73715390730598,0.0,-0.029758672356482663
2023-08-01 00:00:00+00:00,1055255.6201856758,7.936507936511327e-05,0.0,83.74379971317164,0.0,-0.029722371503734024
2023-08-02 00:00:00+00:00,1055339.3706317223,7.936507936506755e-05,0.0,83.75044604648221,0.0,-0.02975567029803372
2023-08-03 00:00:00+00:00,1055423.1277246296,7.936507936512367e-05,0.0,83.75709290727954,0.0,-0.028870041240239175
2023-08-04 00:00:00+00:00,1055506.8914649251,7.936507936502132e-05,0.0,83.76374029560553,0.0,-0.02735063200206511
2023-08-07 00:00:00+00:00,1055590.6618531367,7.936507936516209e-05,0.0,83.770388211502,0.0,-0.030199109532091484
2023-08-08 00:00:00+00:00,1055674.4388897917,7.936507936506507e-05,0.0,83.77703665501085,0.0,-0.029828714879728935
2023-08-09 00:00:00+00:00,1055758.222575418,7.936507936513177e-05,0.0,83.78368562617395,0.0,-0.0293201893800088
2023-08-10 00:00:00+00:00,1055842.012910543,7.936507936510196e-05,0.0,83.79033512503317,0.0,-0.029746019686221814
2023-08-11 00:00:00+00:00,1055925.8098956947,7.93650793651565e-05,0.0,83.7969851516304,0.0,-0.02932211316821398
2023-08-14 00:00:00+00:00,1056009.6135314007,7.936507936503522e-05,0.0,83.80363570600751,0.0,-0.028960402371231098
2023-08-15 00:00:00+00:00,1056093.423818189,7.936507936513947e-05,0.0,83.8102867882064,0.0,-0.02889904632175977
2023-08-16 00:00:00+00:00,1056177.2407565871,7.936507936498858e-05,0.0,83.81693839826896,0.0,-0.029971331848072325
2023-08-17 00:00:00+00:00,1056261.0643471233,7.936507936498383e-05,0.0,83.82359053623708,0.0,-0.028769903621846282
2023-08-18 00:00:00+00:00,1056344.8945903254,7.936507936508556e-05,0.0,83.83024320215264,0.0,-0.02927388119101515
2023-08-21 00:00:00+00:00,1056428.7314867214,7.936507936503363e-05,0.0,83.83689639605757,0.0,-0.02995179236107237
2023-08-22 00:00:00+00:00,1056512.5750368393,7.936507936500881e-05,0.0,83.84355011799376,0.0,-0.029930659864772835
2023-08-23 00:00:00+00:00,1056596.4252412072,7.936507936497143e-05,0.0,83.85020436800312,0.0,-0.030288337994009318
2023-08-24 00:00:00+00:00,1056680.2821003534,7.93650793651022e-05,0.0,83.85685914612756,0.0,-0.02993422843244442
2023-08-25 00:00:00+00:00,1056764.1456148059,7.936507936514106e-05,0.0,83.86351445240899,0.0,-0.02965295413417568
2023-08-28 00:00:00+00:00,1056848.0157850927,7.936507936504836e-05,0.0,83.87017028688935,0.0,-0.029982222150060522
2023-08-29 00:00:00+00:00,1056931.8926117423,7.93650793650048e-05,0.0,83.87682664961054,0.0,-0.030470454782783207
2023-08-30 00:00:00+00:00,1057015.7760952828,7.936507936497067e-05,0.0,83.88348354061446,0.0,-0.029932136290561573
2023-08-31 00:00:00+00:00,1057099.6662362427,7.93650793651266e-05,0.0,83.89014095994308,0.0,-0.03002214201109421
2023-09-01 00:00:00+00:00,1057183.5630351503,7.936507936499234e-05,0.0,83.89679890763831,0.0,-0.030198351344404628
2023-09-05 00:00:00+00:00,1057267.4664925341,7.936507936518905e-05,0.0,83.9034573837421,0.0,-0.02967149873669328
2023-09-06 00:00:00+00:00,1057351.3766089224,7.936507936501626e-05,0.0,83.91011638829636,0.0,-0.030015621774706958
2023-09-07 00:00:00+00:00,1057435.2933848437,7.936507936509507e-05,0.0,83.91677592134305,0.0,-0.029637886459029872
2023-09-08 00:00:00+00:00,1057519.2168208268,7.936507936516553e-05,0.0,83.9234359829241,0.0,-0.03145366896804358
2023-09-11 00:00:00+00:00,1057603.1469174,7.936507936518797e-05,0.0,83.93009657308149,0.0,-0.030142529405425833
2023-09-12 00:00:00+00:00,1057687.0836750919,7.936507936512276e-05,0.0,83.93675769185714,0.0,-0.030060709078847836
2023-09-13 00:00:00+00:00,1057771.0270944312,7.936507936515038e-05,0.0,83.943419339293,0.0,-0.029275095299891696
2023-09-14 00:00:00+00:00,1057854.9771759466,7.936507936501102e-05,0.0,83.95008151543105,0.0,-0.030287900280981717
2023-09-15 00:00:00+00:00,1057938.933920167,7.936507936510526e-05,0.0,83.95674422031323,0.0,-0.03384717412717553
2023-09-18 00:00:00+00:00,1057925.2131012853,-1.2969386456741673e-05,0.25,62.972555590486124,0.0,-0.033324503711921416
2023-09-19 00:00:00+00:00,1057970.9820459567,4.326293021905287e-05,0.250003242388666,62.97146663660663,3.890299929022054,-0.0334256153333099
2023-09-20 00:00:00+00:00,1057845.157248294,-0.00011893029184916518,0.0,83.96595095602831,3.844043837112283,-0.033755279395875526
2023-09-21 00:00:00+00:00,1057803.3079901494,-3.9560854306389025e-05,0.25,62.966973645731784,0.0,-0.033839720092673
2023-09-22 00:00:00+00:00,1057801.7326195994,-1.4892849530940203e-06,0.2500098906048574,62.96365227603777,3.833472860218208,-0.03430734631805166
2023-09-25 00:00:00+00:00,1057855.1276217452,5.0477325286238156e-05,0.0,83.95251846187297,3.8521327608359535,-0.033458568698814695
2023-09-26 00:00:00+00:00,1057939.0843779056,7.936507936499024e-05,0.0,83.95675616045597,0.0,-0.028264622839363263
2023-09-27 00:00:00+00:00,1058023.0477973006,7.936507936504288e-05,0.0,83.96341939507187,0.0,-0.028662984919866297
2023-09-28 00:00:00+00:00,1058107.017880459,7.936507936502957e-05,0.0,83.97008315851592,0.0,-0.028591191379698344
2023-09-29 00:00:00+00:00,1058190.99462791,7.936507936513073e-05,0.0,83.97674745083009,0.0,-0.02957386705831233
2023-10-02 00:00:00+00:00,1058274.978040182,7.936507936508662e-05,0.0,83.98341227205634,0.0,-0.025622158760972624
2023-10-03 00:00:00+00:00,1058358.9681178043,7.936507936507762e-05,0.0,83.99007762223667,0.0,-0.025090342752665862
2023-10-04 00:00:00+00:00,1058442.9648613057,7.936507936506406e-05,0.0,83.99674350141304,0.0,-0.025653044499147626
2023-10-05 00:00:00+00:00,1058526.9682712152,7.93650793650063e-05,0.0,84.00340990962744,0.0,-0.025983430406673946
2023-10-06 00:00:00+00:00,1058610.9783480621,7.936507936508462e-05,0.0,84.01007684692185,0.0,-0.02459366645941863
2023-10-09 00:00:00+00:00,1058694.9950923754,7.936507936503937e-05,0.0,84.01674431333826,0.0,-0.025727255928408965
2023-10-10 00:00:00+00:00,1058779.0185046843,7.936507936505086e-05,0.0,84.02341230891868,0.0,-0.025790768886744253
2023-10-11 00:00:00+00:00,1058863.048585518,7.93650793650794e-05,0.0,84.0300808337051,0.0,-0.025167325968185494
2023-10-12 00:00:00+00:00,1058947.0853354058,7.936507936508531e-05,0.0,84.03674988773953,0.0,-0.025239791948644452
2023-10-13 00:00:00+00:00,1059031.1287548768,7.936507936502895e-05,0.0,84.04341947106396,0.0,-0.026867766186596143
2023-10-16 00:00:00+00:00,1059115.1788444605,7.936507936509052e-05,0.0,84.05008958372038,0.0,-0.024641213486229496
2023-10-17 00:00:00+00:00,1059199.2356046862,7.936507936501046e-05,0.0,84.05676022575084,0.0,-0.02684540922403933
2023-10-18 00:00:00+00:00,1059283.2990360835,7.936507936518882e-05,0.0,84.06343139719732,0.0,-0.025244127026985197
2023-10-19 00:00:00+00:00,1059367.3691391817,7.936507936514623e-05,0.0,84.07010309810187,0.0,-0.02508592049670888
2023-10-20 00:00:00+00:00,1059451.4459145102,7.936507936506289e-05,0.0,84.07677532850649,0.0,-0.026610254404351608
2023-10-23 00:00:00+00:00,1059535.5293625987,7.936507936511888e-05,0.0,84.08344808845318,0.0,-0.025232272564437608
2023-10-24 00:00:00+00:00,1059619.6194839766,7.93650793650548e-05,0.0,84.09012137798402,0.0,-0.024474349880470037
2023-10-25 00:00:00+00:00,1059703.7162791737,7.93650793650507e-05,0.0,84.096795197141,0.0,-0.02509723380884843
2023-10-26 00:00:00+00:00,1059787.8197487197,7.936507936506691e-05,0.0,84.10346954596616,0.0,-0.020679810630546136
2023-10-27 00:00:00+00:00,1059880.8505365832,8.778246563127496e-05,0.25,63.082608318376174,0.0,-0.02619961353669975
2023-10-30 00:00:00+00:00,1059865.703779704,-1.4290999664366546e-05,0.24997805630986342,63.08999171423835,3.7179901439937435,-0.025627461921452266
2023-10-31 00:00:00+00:00,1059873.5037381002,7.35938371099381e-06,0.24998162879723665,63.08878959067651,3.7333920853295552,-0.02523891027515557
2023-11-01 00:00:00+00:00,1059998.1475642698,0.00011760254948354705,0.24997978910004867,63.089408634993674,3.79395813154502,-0.025725074533299974
2023-11-02 00:00:00+00:00,1060109.981899666,0.00010550427437354135,0.24995039429643498,63.09930100214999,3.853865950858974,-0.026104619877846957
2023-11-03 00:00:00+00:00,1060033.966454272,-7.170524444809002e-05,0.24992402624339766,63.10817674305444,3.8908040050360575,-0.02512342091636821
2023-11-06 00:00:00+00:00,1060153.8346823626,0.00011307961054459766,0.24994194839190495,63.10214377119778,3.892162460372952,-0.025560405571664724
2023-11-07 00:00:00+00:00,1060244.4313992274,8.54561988089937e-05,0.24991368824936794,63.11165712263354,3.9113124398349948,-0.025785636543457002
2023-11-08 00:00:00+00:00,1060373.794050653,0.00012201210173292205,0.24989233340044403,63.11884733825773,3.9155515306491475,-0.02628922620040175
2023-11-09 00:00:00+00:00,1060319.0551284673,-5.162228875595483e-05,0.24986184723132046,63.129114215355,3.8800998436993863,-0.025470625422528315
2023-11-10 00:00:00+00:00,1060437.1924474156,0.00011141676496040183,0.2498747463376287,63.12476985645138,3.9408672131976807,-0.02589173603423678
2023-11-13 00:00:00+00:00,1060493.0883821573,5.271027378123857e-05,0.24984690920326993,63.134145834145684,3.944327307485125,-0.025867992411003904
2023-11-14 00:00:00+00:00,1060446.7297307926,-4.3714241867818866e-05,0.0,84.16611812556803,4.02691611617526,-0.026135970407702658
2023-11-15 00:00:00+00:00,1060530.8921696602,7.936507936516466e-05,0.0,84.16243886752322,0.0,-0.025335511614720474
2023-11-16 00:00:00+00:00,1060615.0612880865,7.936507936518403e-05,0.0,84.16911842616351,0.0,-0.026908876238140422
2023-11-17 00:00:00+00:00,1060699.2370866013,7.936507936501373e-05,0.0,84.1757985149275,0.0,-0.02628867051566086
2023-11-20 00:00:00+00:00,1060783.4195657352,7.936507936505318e-05,0.0,84.18247913385724,0.0,-0.025858104846352425
2023-11-21 00:00:00+00:00,1060867.608726018,7.936507936504315e-05,0.0,84.18916028299485,0.0,-0.026126484004022288
2023-11-22 00:00:00+00:00,1060951.8045679806,7.936507936516346e-05,0.0,84.19584196238239,0.0,-0.027109022370168212
2023-11-24 00:00:00+00:00,1061036.0070921527,7.936507936515496e-05,0.0,84.20252417206196,0.0,-0.02603151934380943
2023-11-27 00:00:00+00:00,1061120.2162990647,7.9365079364978e-05,0.0,84.20920691207562,0.0,-0.02598904209502173
2023-11-28 00:00:00+00:00,1061204.432189247,7.936507936503184e-05,0.0,84.21589018246546,0.0,-0.025966583642321517
2023-11-29 00:00:00+00:00,1061288.6547632304,7.936507936505732e-05,0.0,84.22257398327358,0.0,-0.025944953097160273
2023-11-30 00:00:00+00:00,1061372.8840215448,7.936507936501479e-05,0.0,84.2292583145421,0.0,-0.025898370688855366
2023-12-01 00:00:00+00:00,1061457.1199647211,7.936507936508396e-05,0.0,84.23594317631309,0.0,-0.02517321385744431
2023-12-04 00:00:00+00:00,1061541.3625932897,7.93650793650058e-05,0.0,84.24262856862866,0.0,-0.02649008212750026
2023-12-05 00:00:00+00:00,1061625.6119077813,7.936507936517934e-05,0.0,84.24931449153092,0.0,-0.025262450528425795
2023-12-06 00:00:00+00:00,1061709.8679087264,7.93650793651262e-05,0.0,84.25600094506201,0.0,-0.025967788092918553
2023-12-07 00:00:00+00:00,1061794.1305966557,7.93650793650261e-05,0.0,84.262687929264,0.0,-0.026003877203219616
2023-12-08 00:00:00+00:00,1061878.3999720998,7.936507936505867e-05,0.0,84.26937544417902,0.0,-0.025650482511872852
2023-12-11 00:00:00+00:00,1061962.6760355898,7.93650793651842e-05,0.0,84.2760634898492,0.0,-0.026102073349071553
2023-12-12 00:00:00+00:00,1062046.9587876562,7.936507936514373e-05,0.0,84.28275206631665,0.0,-0.02598800261686307
2023-12-13 00:00:00+00:00,1062131.2482288298,7.936507936511689e-05,0.0,84.2894411736235,0.0,-0.024255629723633376
2023-12-14 00:00:00+00:00,1062215.5443596416,7.936507936506402e-05,0.0,84.29613081181189,0.0,-0.024828919968294727
2023-12-15 00:00:00+00:00,1062299.8471806226,7.936507936516464e-05,0.0,84.30282098092394,0.0,-0.030473508605497912
2023-12-18 00:00:00+00:00,1062240.2050508698,-5.614434560174047e-05,0.24999999999999994,63.232133760751346,0.0,-0.03030475354436568
2023-12-19 00:00:00+00:00,1062308.9952673214,6.475956768009593e-05,0.25001403687449153,63.22740025839001,3.953912249617339,-0.03023177660712406
2023-12-20 00:00:00+00:00,1062787.0267307481,0.0004499928604167358,0.0,84.31023771962867,3.9340369798064585,-0.025915191658929082
2023-12-21 00:00:00+00:00,1062871.3749074729,7.936507936515515e-05,0.0,84.34817672466255,0.0,-0.026689995335457795
2023-12-22 00:00:00+00:00,1062955.7297784972,7.936507936505588e-05,0.0,84.35487102440261,0.0,-0.026624597107679726
2023-12-26 00:00:00+00:00,1063040.0913443526,7.936507936498099e-05,0.0,84.36156585543628,0.0,-0.026238111714863344
2023-12-27 00:00:00+00:00,1063124.4596055704,7.936507936510983e-05,0.0,84.36826121780577,0.0,-0.02625723296929383
2023-12-28 00:00:00+00:00,1063208.834562682,7.936507936518369e-05,0.0,84.3749571115532,0.0,-0.026109516715745684
2023-12-29 00:00:00+00:00,1063293.216216219,7.936507936516289e-05,0.0,84.3816535367208,0.0,-0.02537746615238934
2024-01-02 00:00:00+00:00,1063377.6045667122,7.936507936500782e-05,0.0,84.3883504933507,0.0,-0.025062582005337397
2024-01-03 00:00:00+00:00,1063461.9996146937,7.936507936511674e-05,0.0,84.39504798148509,0.0,-0.025135940759325237
2024-01-04 00:00:00+00:00,1063546.4013606948,7.936507936501205e-05,0.0,84.40174600116616,0.0,-0.025203528452506063
2024-01-05 00:00:00+00:00,1063630.8098052472,7.936507936509198e-05,0.0,84.4084445524361,0.0,-0.02496742904090432
2024-01-08 00:00:00+00:00,1063715.2249488826,7.93650793650979e-05,0.0,84.41514363533709,0.0,-0.02560596341959087
2024-01-09 00:00:00+00:00,1063799.6467921324,7.936507936499018e-05,0.0,84.42184324991132,0.0,-0.02480663099171121
2024-01-10 00:00:00+00:00,1063884.0753355287,7.936507936516691e-05,0.0,84.42854339620098,0.0,-0.02475859556741611
2024-01-11 00:00:00+00:00,1063968.510579603,7.936507936515065e-05,0.0,84.4352440742483,0.0,-0.024613106942577012
2024-01-12 00:00:00+00:00,1064052.9525248872,7.936507936512062e-05,0.0,84.44194528409548,0.0,-0.025705362516625918
2024-01-16 00:00:00+00:00,1064137.401171913,7.936507936503715e-05,0.0,84.4486470257847,0.0,-0.024972171914486196
2024-01-17 00:00:00+00:00,1064221.8565212123,7.93650793650794e-05,0.0,84.45534929935816,0.0,-0.02523293171435892
2024-01-18 00:00:00+00:00,1064306.318573317,7.936507936498889e-05,0.0,84.46205210485812,0.0,-0.02417165376530317
2024-01-19 00:00:00+00:00,1064390.7873287594,7.93650793651635e-05,0.0,84.46875544232675,0.0,-0.025741830846429004
2024-01-22 00:00:00+00:00,1064475.2627880713,7.936507936512601e-05,0.0,84.4754593118063,0.0,-0.024932053101866636
2024-01-23 00:00:00+00:00,1064559.7449517846,7.936507936505555e-05,0.0,84.48216371333899,0.0,-0.02461893113546143
2024-01-24 00:00:00+00:00,1064644.2338204316,7.936507936513116e-05,0.0,84.48886864696703,0.0,-0.025545744663794778
2024-01-25 00:00:00+00:00,1064728.7293945444,7.936507936509445e-05,0.0,84.49557411273267,0.0,-0.025027352221059118
2024-01-26 00:00:00+00:00,1064813.231674655,7.936507936512445e-05,0.0,84.50228011067813,0.0,-0.024966127572414898
2024-01-29 00:00:00+00:00,1064897.740661296,7.93650793651815e-05,0.0,84.50898664084565,0.0,-0.025201533843702606
2024-01-30 00:00:00+00:00,1064982.2563549993,7.936507936500725e-05,0.0,84.51569370327746,0.0,-0.024880239748942934
2024-01-31 00:00:00+00:00,1065066.7787562972,7.936507936499938e-05,0.0,84.52240129801581,0.0,-0.02515905739388291
2024-02-01 00:00:00+00:00,1065151.3078657223,7.936507936511815e-05,0.0,84.52910942510294,0.0,-0.02540326582206376
2024-02-02 00:00:00+00:00,1065235.843683807,7.93650793651053e-05,0.0,84.53581808458114,0.0,-0.025031895806871596
2024-02-05 00:00:00+00:00,1065320.3862110835,7.936507936513976e-05,0.0,84.54252727649262,0.0,-0.025847967016193962
2024-02-06 00:00:00+00:00,1065404.9354480845,7.936507936518182e-05,0.0,84.54923700087964,0.0,-0.025437444973287704
2024-02-07 00:00:00+00:00,1065489.4913953422,7.936507936497332e-05,0.0,84.55594725778448,0.0,-0.025405403033579077
2024-02-08 00:00:00+00:00,1065574.0540533895,7.936507936513021e-05,0.0,84.56265804724937,0.0,-0.025644892108656947
2024-02-09 00:00:00+00:00,1065658.623422759,7.936507936517571e-05,0.0,84.56936936931662,0.0,-0.02557614150138754
2024-02-12 00:00:00+00:00,1065743.199503983,7.936507936507019e-05,0.0,84.57608122402848,0.0,-0.025118658898713342
2024-02-13 00:00:00+00:00,1065827.7822975942,7.93650793649925e-05,0.0,84.58279361142722,0.0,-0.025476457260903196
2024-02-14 00:00:00+00:00,1065912.3718041258,7.93650793651214e-05,0.0,84.5895065315551,0.0,-0.025242325113705277
2024-02-15 00:00:00+00:00,1065996.9680241102,7.936507936498032e-05,0.0,84.59621998445444,0.0,-0.025393482740657447
2024-02-16 00:00:00+00:00,1066081.5709580805,7.936507936518491e-05,0.0,84.60293397016747,0.0,-0.025683247400933418
2024-02-20 00:00:00+00:00,1066166.1806065692,7.936507936504021e-05,0.0,84.60964848873654,0.0,-0.02571161166518543
2024-02-21 00:00:00+00:00,1066250.7969701095,7.936507936516179e-05,0.0,84.6163635402039,0.0,-0.025100594270288212
2024-02-22 00:00:00+00:00,1066335.420049234,7.93650793650732e-05,0.0,84.62307912461186,0.0,-0.025063999004934168
2024-02-23 00:00:00+00:00,1066420.0498444762,7.936507936517151e-05,0.0,84.6297952420027,0.0,-0.026325034003622072
2024-02-26 00:00:00+00:00,1066504.6863563685,7.936507936498034e-05,0.0,84.63651189241874,0.0,-0.025186134428028417
2024-02-27 00:00:00+00:00,1066589.3295854444,7.936507936511506e-05,0.0,84.64322907590225,0.0,-0.025716289415695037
2024-02-28 00:00:00+00:00,1066673.979532237,7.93650793650993e-05,0.0,84.64994679249558,0.0,-0.026038140006396482
2024-02-29 00:00:00+00:00,1066758.6361972792,7.936507936511174e-05,0.0,84.65666504224103,0.0,-0.02630130872179759
2024-03-01 00:00:00+00:00,1066843.2995811044,7.936507936511269e-05,0.0,84.66338382518089,0.0,-0.026615330896792244
2024-03-04 00:00:00+00:00,1066927.9696842458,7.936507936506249e-05,0.0,84.6701031413575,0.0,-0.02562284496220446
2024-03-05 00:00:00+00:00,1067012.6465072366,7.936507936513973e-05,0.0,84.67682299081315,0.0,-0.02547820400458889
2024-03-06 00:00:00+00:00,1067097.3300506102,7.936507936508647e-05,0.0,84.68354337359021,0.0,-0.025863646845377453
2024-03-07 00:00:00+00:00,1067182.0203149,7.936507936508129e-05,0.0,84.69026428973098,0.0,-0.025904509740672488
2024-03-08 00:00:00+00:00,1067266.7173006393,7.93650793650845e-05,0.0,84.69698573927778,0.0,-0.026811862688187027
2024-03-11 00:00:00+00:00,1067351.4210083615,7.936507936505646e-05,0.0,84.70370772227295,0.0,-0.024840203389016935
2024-03-12 00:00:00+00:00,1067436.1314386004,7.936507936517563e-05,0.0,84.71043023875885,0.0,-0.025568126974876648
2024-03-13 00:00:00+00:00,1067520.8485918893,7.936507936518417e-05,0.0,84.71715328877781,0.0,-0.02493133448850582
2024-03-14 00:00:00+00:00,1067605.5724687616,7.936507936504246e-05,0.0,84.72387687237216,0.0,-0.02637192920992426
2024-03-15 00:00:00+00:00,1067690.3030697512,7.936507936514706e-05,0.0,84.73060098958425,0.0,-0.028503106053969773
2024-03-18 00:00:00+00:00,1067703.7906242954,1.263245953001427e-05,0.25,63.552994230342335,0.0,-0.028305645770535293
2024-03-19 00:00:00+00:00,1067696.796170976,-6.550930492865141e-06,0.24999684192501176,63.55406467117916,3.975024012061942,-0.028802554056465368
2024-03-20 00:00:00+00:00,1067642.7026143968,-5.0663780928438905e-05,0.0,84.73784096595048,4.023266347375033,-0.02903145752236469
2024-03-21 00:00:00+00:00,1067620.9299725166,-2.0393191305376796e-05,0.25,63.55016086990457,0.0,-0.025399509769323814
2024-03-22 00:00:00+00:00,1067590.9325668127,-2.8097431271462843e-05,0.250005098401799,63.548432882453774,3.9186708174603613,-0.026075546039708186
2024-03-25 00:00:00+00:00,1067731.8299089505,0.00013197690036482378,0.25001212310024484,63.54605213596933,3.92042925974176,-0.025462800990365686
2024-03-26 00:00:00+00:00,1067821.753695082,8.421944875343879e-05,0.24997913162929655,63.55723446471042,3.9162491502995675,-0.025234081512030215
2024-03-27 00:00:00+00:00,1067808.4747204473,-1.243557231218109e-05,0.24995808029756242,63.564371273133546,3.9331643739294964,-0.025782823035093827
2024-03-28 00:00:00+00:00,1067575.8960422834,-0.00021780935782966305,0.24996118870799983,63.56331738625779,3.923139413885115,-0.02797389258722749
2024-04-01 00:00:00+00:00,1067879.197021457,0.00028410249828410945,0.25001564445496594,63.54485876100668,3.925074519347353,-0.022977439378386144
2024-04-02 00:00:00+00:00,1068001.5387223258,0.00011456511299232257,0.24994463455985477,63.56893026729029,3.9061365300272186,-0.022510655469720753
2024-04-03 00:00:00+00:00,1068262.645206308,0.00024448137433822893,0.2499160029047434,63.578639926089416,3.9309033279453782,-0.02098775544094078
2024-04-04 00:00:00+00:00,1067958.9476531693,-0.00028429109124195084,0.0,84.78274961954826,3.8642355590442214,-0.022707141858059998
2024-04-05 00:00:00+00:00,1068043.7062998083,7.936507936500777e-05,0.0,84.75864663914042,0.0,-0.022587889711214615
2024-04-08 00:00:00+00:00,1068128.4716733242,7.936507936511559e-05,0.0,84.7653735158578,0.0,-0.02274126137448107
2024-04-09 00:00:00+00:00,1068213.2437742506,7.936507936500687e-05,0.0,84.7721009264543,0.0,-0.023083637342155683
2024-04-10 00:00:00+00:00,1068298.0226031216,7.936507936507794e-05,0.0,84.77882887097228,0.0,-0.02214414967957179
2024-04-11 00:00:00+00:00,1068382.808160471,7.936507936507113e-05,0.0,84.7855573494541,0.0,-0.022474118408582378
2024-04-12 00:00:00+00:00,1068467.600446833,7.936507936516472e-05,0.0,84.79228636194215,0.0,-0.02379755929138927
2024-04-15 00:00:00+00:00,1068552.3994627416,7.93650793651011e-05,0.0,84.79901590847881,0.0,-0.020351953526506428
2024-04-16 00:00:00+00:00,1068637.2052087307,7.936507936505856e-05,0.0,84.80574598910647,0.0,-0.02177698339515821
2024-04-17 00:00:00+00:00,1068722.0176853344,7.936507936499741e-05,0.0,84.81247660386751,0.0,-0.022206190681774096
2024-04-18 00:00:00+00:00,1068806.8368930873,7.936507936509587e-05,0.0,84.81920775280432,0.0,-0.023555156937358213
2024-04-19 00:00:00+00:00,1068891.6628325232,7.936507936509637e-05,0.0,84.8259394359593,0.0,-0.023600779613032863
2024-04-22 00:00:00+00:00,1068976.4955041767,7.93650793651771e-05,0.0,84.83267165337486,0.0,-0.022492316533440082
2024-04-23 00:00:00+00:00,1069061.3349085818,7.936507936508057e-05,0.0,84.83940440509339,0.0,-0.022245628575848997
2024-04-24 00:00:00+00:00,1069146.1810462729,7.936507936498496e-05,0.0,84.84613769115728,0.0,-0.021684430591545123
2024-04-25 00:00:00+00:00,1069231.0339177845,7.936507936506836e-05,0.0,84.85287151160895,0.0,-0.022381251230039645
2024-04-26 00:00:00+00:00,1069315.893523651,7.93650793650733e-05,0.0,84.85960586649082,0.0,-0.020489871078190447
2024-04-29 00:00:00+00:00,1069400.759864407,7.936507936517788e-05,0.0,84.86634075584531,0.0,-0.02248816823514943
2024-04-30 00:00:00+00:00,1069485.6329405867,7.936507936512468e-05,0.0,84.87307617971483,0.0,-0.022583732630867104
2024-05-01 00:00:00+00:00,1069570.5127527248,7.93650793650918e-05,0.0,84.8798121381418,0.0,-0.021247362015682114
2024-05-02 00:00:00+00:00,1069655.399301356,7.936507936503956e-05,0.0,84.88654863116864,0.0,-0.02372275530336143
2024-05-03 00:00:00+00:00,1069740.2925870148,7.936507936514596e-05,0.0,84.89328565883777,0.0,-0.021288980078312036
2024-05-06 00:00:00+00:00,1069825.1926102361,7.936507936515365e-05,0.0,84.90002322119166,0.0,-0.02257776511546794
2024-05-07 00:00:00+00:00,1069910.0993715543,7.936507936502297e-05,0.0,84.90676131827271,0.0,-0.021840953107552075
2024-05-08 00:00:00+00:00,1069995.0128715045,7.936507936514955e-05,0.0,84.91349995012337,0.0,-0.022498296714876354
2024-05-09 00:00:00+00:00,1070079.9331106213,7.936507936505845e-05,0.0,84.92023911678608,0.0,-0.022867740520696955
2024-05-10 00:00:00+00:00,1070164.8600894397,7.936507936514523e-05,0.0,84.92697881830328,0.0,-0.023810246706977622
2024-05-13 00:00:00+00:00,1070249.7938084945,7.936507936515259e-05,0.0,84.93371905471743,0.0,-0.022445132334214968
2024-05-14 00:00:00+00:00,1070334.7342683205,7.936507936504092e-05,0.0,84.94045982607099,0.0,-0.022758626977527285
2024-05-15 00:00:00+00:00,1070419.6814694528,7.936507936498809e-05,0.0,84.94720113240639,0.0,-0.022806024461202945
2024-05-16 00:00:00+00:00,1070504.6354124267,7.936507936517194e-05,0.0,84.95394297376609,0.0,-0.022415933321763504
2024-05-17 00:00:00+00:00,1070589.596097777,7.936507936511776e-05,0.0,84.96068535019259,0.0,-0.0235241072092629
2024-05-20 00:00:00+00:00,1070674.5635260385,7.93650793650034e-05,0.0,84.96742826172833,0.0,-0.02233619421651145
2024-05-21 00:00:00+00:00,1070759.537697747,7.936507936500671e-05,0.0,84.97417170841575,0.0,-0.022237234919791682
2024-05-22 00:00:00+00:00,1070844.5186134372,7.936507936508796e-05,0.0,84.98091569029737,0.0,-0.02154284658123995
2024-05-23 00:00:00+00:00,1070929.5062736445,7.936507936499005e-05,0.0,84.98766020741564,0.0,-0.022425424977002173
2024-05-24 00:00:00+00:00,1071014.5006789044,7.936507936510818e-05,0.0,84.99440525981305,0.0,-0.02192323730617396
2024-05-28 00:00:00+00:00,1071099.501829752,7.936507936518524e-05,0.0,85.00115084753209,0.0,-0.023111470785918797
2024-05-29 00:00:00+00:00,1071184.5097267227,7.936507936518155e-05,0.0,85.00789697061523,0.0,-0.022185090772373073
2024-05-30 00:00:00+00:00,1071269.5243703518,7.936507936505749e-05,0.0,85.01464362910498,0.0,-0.023110426443064824
2024-05-31 00:00:00+00:00,1071354.5457611748,7.936507936499077e-05,0.0,85.02139082304379,0.0,-0.023191944864787928
2024-06-03 00:00:00+00:00,1071439.5738997273,7.936507936515903e-05,0.0,85.02813855247419,0.0,-0.023157835535933202
2024-06-04 00:00:00+00:00,1071524.6087865448,7.936507936508792e-05,0.0,85.03488681743868,0.0,-0.022735461370310794
2024-06-05 00:00:00+00:00,1071609.6504221628,7.936507936517242e-05,0.0,85.04163561797974,0.0,-0.021852658415204118
2024-06-06 00:00:00+00:00,1071694.698807117,7.936507936515554e-05,0.0,85.0483849541399,0.0,-0.022712978888890234
2024-06-07 00:00:00+00:00,1071779.753941943,7.936507936499767e-05,0.0,85.05513482596167,0.0,-0.023372452152140788
2024-06-10 00:00:00+00:00,1071864.8158271764,7.936507936509364e-05,0.0,85.06188523348753,0.0,-0.02379123905610747
2024-06-11 00:00:00+00:00,1071949.8844633533,7.93650793651865e-05,0.0,85.06863617676004,0.0,-0.01987455774013469
2024-06-12 00:00:00+00:00,1071959.649829739,9.109909453070812e-06,0.21935981277352573,66.41326654800552,0.0,-0.01995494218745364
2024-06-13 00:00:00+00:00,1071989.9864633654,2.8300163752609566e-05,0.21935781444369834,66.41404157708376,3.3177412352483096,-0.01967853938122932
2024-06-14 00:00:00+00:00,1071376.887138839,-0.0005719263540408244,0.0,85.07857035423535,3.3175960532381787,-0.01947615767858757
2024-06-17 00:00:00+00:00,1071390.8897105614,1.3069697405601359e-05,0.22912833516087505,65.54714957610129,0.0,-0.018973701130459375
2024-06-18 00:00:00+00:00,1071600.4174890057,0.0001955661378649117,0.22912534056200595,65.54826089131734,3.480928532619308,-0.020163180015545734
2024-06-20 00:00:00+00:00,1071495.919417653,-9.751589272200942e-05,0.0,85.04765218166712,3.4672501770187005,-0.01981439484181191
2024-06-21 00:00:00+00:00,1071580.9587763369,7.936507936500571e-05,0.0,85.03935868394072,0.0,-0.02322396075499622
2024-06-24 00:00:00+00:00,1071666.0048841762,7.936507936501916e-05,0.0,85.04610783939181,0.0,-0.022954860459223347
2024-06-25 00:00:00+00:00,1071751.0577417067,7.936507936512225e-05,0.0,85.05285753049017,0.0,-0.023259090841234453
2024-06-26 00:00:00+00:00,1071836.117349464,7.936507936505802e-05,0.0,85.05960775727831,0.0,-0.022969125557981585
2024-06-27 00:00:00+00:00,1071921.1837079837,7.93650793650041e-05,0.0,85.06635851979873,0.0,-0.022755169708975842
2024-06-28 00:00:00+00:00,1072006.2568178019,7.936507936513801e-05,0.0,85.07310981809394,0.0,-0.02356825264608542
2024-07-01 00:00:00+00:00,1072091.336679454,7.936507936498566e-05,0.0,85.0798616522065,0.0,-0.022547141891188005
2024-07-02 00:00:00+00:00,1072176.4232934762,7.9365079365159e-05,0.0,85.08661402217889,0.0,-0.022215480173287006
2024-07-03 00:00:00+00:00,1072261.5166604044,7.936507936518392e-05,0.0,85.09336692805367,0.0,-0.02113040726822568
2024-07-05 00:00:00+00:00,1072346.6167807742,7.936507936502085e-05,0.0,85.10012036987337,0.0,-0.02153255552627442
2024-07-08 00:00:00+00:00,1072431.7236551219,7.936507936506438e-05,0.0,85.10687434768049,0.0,-0.02137837983780866
2024-07-09 00:00:00+00:00,1072516.8372839834,7.93650793650577e-05,0.0,85.11362886151761,0.0,-0.021828424473508967
2024-07-10 00:00:00+00:00,1072601.957667895,7.936507936517823e-05,0.0,85.12038391142725,0.0,-0.02171362258024878
2024-07-11 00:00:00+00:00,1072687.0848073924,7.93650793651692e-05,0.0,85.12713949745198,0.0,-0.021467470083098128
2024-07-12 00:00:00+00:00,1072772.218703012,7.936507936499102e-05,0.0,85.13389561963432,0.0,-0.02175563521290158
2024-07-15 00:00:00+00:00,1072857.35935529,7.93650793650381e-05,0.0,85.14065227801683,0.0,-0.02200941282615787
2024-07-16 00:00:00+00:00,1072942.5067647626,7.93650793650537e-05,0.0,85.14740947264205,0.0,-0.02171496166407305
2024-07-17 00:00:00+00:00,1073027.660931966,7.936507936499819e-05,0.0,85.15416720355259,0.0,-0.02138887572796655
2024-07-18 00:00:00+00:00,1073112.8218574368,7.936507936504887e-05,0.0,85.16092547079096,0.0,-0.022057302748206276
2024-07-19 00:00:00+00:00,1073197.9895417113,7.936507936516606e-05,0.0,85.16768427439975,0.0,-0.02121207674414638
2024-07-22 00:00:00+00:00,1073283.1639853257,7.936507936509313e-05,0.0,85.17444361442153,0.0,-0.02261082353877608
2024-07-23 00:00:00+00:00,1073368.3451888165,7.936507936500741e-05,0.0,85.18120349089887,0.0,-0.022449885161128336
2024-07-24 00:00:00+00:00,1073453.5331527204,7.936507936508614e-05,0.0,85.18796390387433,0.0,-0.021993523241758517
2024-07-25 00:00:00+00:00,1073538.7278775738,7.936507936507272e-05,0.0,85.19472485339051,0.0,-0.020921048712932766
2024-07-26 00:00:00+00:00,1073623.9293639134,7.936507936514438e-05,0.0,85.20148633948999,0.0,-0.021910084929455564
2024-07-29 00:00:00+00:00,1073709.1376122755,7.936507936504456e-05,0.0,85.20824836221534,0.0,-0.02191490006779695
2024-07-30 00:00:00+00:00,1073794.3526231973,7.936507936516736e-05,0.0,85.21501092160916,0.0,-0.021110158440593274
2024-07-31 00:00:00+00:00,1073879.574397215,7.936507936503937e-05,0.0,85.22177401771407,0.0,-0.020868644587634932
2024-08-01 00:00:00+00:00,1073964.8029348655,7.936507936505463e-05,0.0,85.22853765057262,0.0,-0.022112044786879892
2024-08-02 00:00:00+00:00,1074050.0382366858,7.936507936517345e-05,0.0,85.23530182022742,0.0,-0.022642160358223862
2024-08-05 00:00:00+00:00,1074135.2803032126,7.936507936513932e-05,0.0,85.24206652672109,0.0,-0.019077522436392158
2024-08-06 00:00:00+00:00,1074220.5291349827,7.936507936512941e-05,0.0,85.24883177009623,0.0,-0.02126876606088235
2024-08-07 00:00:00+00:00,1074305.7847325332,7.936507936510403e-05,0.0,85.25559755039545,0.0,-0.019953456512327605
2024-08-08 00:00:00+00:00,1074391.0470964008,7.936507936502353e-05,0.0,85.26236386766136,0.0,-0.020895170561115783
2024-08-09 00:00:00+00:00,1074476.3162271227,7.936507936506497e-05,0.0,85.26913072193656,0.0,-0.02073999581570707
2024-08-12 00:00:00+00:00,1074561.5921252358,7.936507936497195e-05,0.0,85.27589811326371,0.0,-0.02141278027157867
2024-08-13 00:00:00+00:00,1074646.8747912776,7.93650793651382e-05,0.0,85.28266604168539,0.0,-0.021775843059050892
2024-08-14 00:00:00+00:00,1074732.1642257848,7.936507936509064e-05,0.0,85.28943450724425,0.0,-0.023397262244968076
2024-08-15 00:00:00+00:00,1074817.4604292947,7.936507936500634e-05,0.0,85.29620350998292,0.0,-0.022489889355130188
2024-08-16 00:00:00+00:00,1074902.7634023447,7.936507936506226e-05,0.0,85.30297304994403,0.0,-0.022775226683413585
2024-08-19 00:00:00+00:00,1074988.0731454717,7.936507936500207e-05,0.0,85.30974312717021,0.0,-0.02236412954491307
2024-08-20 00:00:00+00:00,1075073.3896592134,7.936507936500275e-05,0.0,85.31651374170411,0.0,-0.02197600132421229
2024-08-21 00:00:00+00:00,1075158.712944107,7.93650793650246e-05,0.0,85.32328489358837,0.0,-0.021909012906559333
2024-08-22 00:00:00+00:00,1075244.0430006897,7.936507936502796e-05,0.0,85.33005658286562,0.0,-0.02117843148672982
2024-08-23 00:00:00+00:00,1075329.3798294992,7.936507936497315e-05,0.0,85.33682880957855,0.0,-0.022097790705529974
2024-08-26 00:00:00+00:00,1075414.723431073,7.936507936503708e-05,0.0,85.34360157376977,0.0,-0.02200248895272683
2024-08-27 00:00:00+00:00,1075500.0738059485,7.936507936518e-05,0.0,85.35037487548198,0.0,-0.022834841102669756
2024-08-28 00:00:00+00:00,1075585.4309546633,7.936507936514577e-05,0.0,85.35714871475781,0.0,-0.021908911591409286
2024-08-29 00:00:00+00:00,1075670.794877755,7.936507936511124e-05,0.0,85.36392309163995,0.0,-0.021760221980974492
2024-08-30 00:00:00+00:00,1075756.165575761,7.936507936503673e-05,0.0,85.37069800617103,0.0,-0.020160881964409683
2024-09-03 00:00:00+00:00,1075841.5430492195,7.936507936509903e-05,0.0,85.37747345839374,0.0,-0.02183545783721641
2024-09-04 00:00:00+00:00,1075926.9272986678,7.936507936504203e-05,0.0,85.38424944835076,0.0,-0.023363504213641306
2024-09-05 00:00:00+00:00,1076012.318324644,7.936507936504248e-05,0.0,85.39102597608475,0.0,-0.021338799817844034
2024-09-06 00:00:00+00:00,1076097.7161276855,7.93650793650607e-05,0.0,85.3978030416384,0.0,-0.02301402815838749
2024-09-09 00:00:00+00:00,1076183.1207083305,7.936507936505703e-05,0.0,85.40458064505441,0.0,-0.021401784704459637
2024-09-10 00:00:00+00:00,1076268.5320671168,7.93650793649918e-05,0.0,85.41135878637544,0.0,-0.0221422834645697
2024-09-11 00:00:00+00:00,1076353.9502045824,7.93650793650417e-05,0.0,85.4181374656442,0.0,-0.021657407031328013
2024-09-12 00:00:00+00:00,1076439.3751212654,7.936507936516702e-05,0.0,85.42491668290337,0.0,-0.02054500543707416
2024-09-13 00:00:00+00:00,1076524.8068177036,7.93650793651118e-05,0.0,85.43169643819567,0.0,-0.0221367590350523
2024-09-16 00:00:00+00:00,1076610.2452944352,7.936507936505268e-05,0.0,85.43847673156378,0.0,-0.022344581892956406
2024-09-17 00:00:00+00:00,1076695.6905519983,7.936507936516626e-05,0.0,85.4452575630504,0.0,-0.020904994033032587
2024-09-18 00:00:00+00:00,1076781.142590931,7.936507936498035e-05,0.0,85.45203893269829,0.0,-0.02104069163506672
2024-09-19 00:00:00+00:00,1076866.6014117715,7.936507936510406e-05,0.0,85.45882084055008,0.0,-0.022560976622117757
2024-09-20 00:00:00+00:00,1076952.0670150581,7.936507936506519e-05,0.0,85.46560328664853,0.0,-0.024186298625850533
2024-09-23 00:00:00+00:00,1076981.5861059786,2.740984657030344e-05,0.24999999999999994,64.10428970327726,0.0,-0.025136024543927604
2024-09-24 00:00:00+00:00,1077037.4986581518,5.191597785381954e-05,0.24999314772617715,64.10663248827095,4.0064146933382645,-0.025168175066248466
2024-09-25 00:00:00+00:00,1077395.5656759222,0.00033245547923491716,0.0,85.47916656017078,4.036766489349946,-0.020372577418977578
2024-09-26 00:00:00+00:00,1077481.0732604996,7.936507936505353e-05,0.0,85.50758457745414,0.0,-0.02192037847053463
2024-09-27 00:00:00+00:00,1077566.5876313932,7.936507936498974e-05,0.0,85.51437089369044,0.0,-0.022365965125966447
2024-09-30 00:00:00+00:00,1077652.1087891418,7.936507936508705e-05,0.0,85.52115774852327,0.0,-0.020262596081232154
2024-10-01 00:00:00+00:00,1077737.6367342838,7.936507936508969e-05,0.0,85.52794514199537,0.0,-0.016322689387190614
2024-10-02 00:00:00+00:00,1077823.171467358,7.936507936517406e-05,0.0,85.5347330741495,0.0,-0.01787663648568305
2024-10-03 00:00:00+00:00,1077908.712988903,7.936507936508446e-05,0.0,85.54152154502842,0.0,-0.017886599456987007
2024-10-04 00:00:00+00:00,1077994.2612994576,7.936507936499726e-05,0.0,85.54831055467484,0.0,-0.01873399272723386
2024-10-07 00:00:00+00:00,1078079.8163995608,7.936507936508881e-05,0.0,85.55510010313156,0.0,-0.016709711777060043
2024-10-08 00:00:00+00:00,1078165.3782897512,7.93650793651034e-05,0.0,85.56189019044133,0.0,-0.017774164919946323
2024-10-09 00:00:00+00:00,1078250.9469705678,7.936507936500138e-05,0.0,85.56868081664692,0.0,-0.0166982356111518
2024-10-10 00:00:00+00:00,1078336.5224425497,7.9365079365175e-05,0.0,85.5754719817911,0.0,-0.01707962791842821
2024-10-11 00:00:00+00:00,1078422.1047062357,7.93650793651527e-05,0.0,85.58226368591664,0.0,-0.018624219025533684
2024-10-14 00:00:00+00:00,1078507.6937621648,7.936507936511073e-05,0.0,85.58905592906632,0.0,-0.017852574538387067
2024-10-15 00:00:00+00:00,1078593.289610876,7.936507936500945e-05,0.0,85.59584871128293,0.0,-0.016345333054677447
2024-10-16 00:00:00+00:00,1078678.8922529086,7.936507936502507e-05,0.0,85.60264203260921,0.0,-0.0195128732413119
2024-10-17 00:00:00+00:00,1078764.5016888017,7.936507936511791e-05,0.0,85.60943589308798,0.0,-0.01715994579967184
2024-10-18 00:00:00+00:00,1078850.1179190944,7.936507936503243e-05,0.0,85.61623029276204,0.0,-0.016914408864104225
2024-10-21 00:00:00+00:00,1078935.7409443262,7.936507936516065e-05,0.0,85.62302523167416,0.0,-0.017823888106727637
2024-10-22 00:00:00+00:00,1079021.370765036,7.936507936503125e-05,0.0,85.62982070986716,0.0,-0.016885460831509214
2024-10-23 00:00:00+00:00,1079107.0073817633,7.936507936503621e-05,0.0,85.63661672738381,0.0,-0.01721090856213703
2024-10-24 00:00:00+00:00,1079192.6507950476,7.936507936513581e-05,0.0,85.64341328426693,0.0,-0.017862615258033898
2024-10-25 00:00:00+00:00,1079278.3010054282,7.936507936507461e-05,0.0,85.65021038055933,0.0,-0.01868000554410365
2024-10-28 00:00:00+00:00,1079363.9580134444,7.936507936502872e-05,0.0,85.65700801630382,0.0,-0.017838033314479418
2024-10-29 00:00:00+00:00,1079449.621819636,7.936507936517419e-05,0.0,85.66380619154322,0.0,-0.017518611496265102
2024-10-30 00:00:00+00:00,1079535.2924245424,7.93650793650399e-05,0.0,85.67060490632032,0.0,-0.019696866839428395
2024-10-31 00:00:00+00:00,1079620.969828703,7.936507936501765e-05,0.0,85.67740416067797,0.0,-0.01773845227918347
2024-11-01 00:00:00+00:00,1079706.6540326576,7.93650793650677e-05,0.0,85.68420395465897,0.0,-0.020296427014061535
2024-11-04 00:00:00+00:00,1079792.345036946,7.936507936515037e-05,0.0,85.69100428830616,0.0,-0.01780637709559052
2024-11-05 00:00:00+00:00,1079878.0428421076,7.936507936501038e-05,0.0,85.69780516166239,0.0,-0.0179777627540485
2024-11-06 00:00:00+00:00,1079963.7474486823,7.936507936503934e-05,0.0,85.70460657477044,0.0,-0.017991387379490575
2024-11-07 00:00:00+00:00,1080049.45885721,7.936507936498194e-05,0.0,85.7114085276732,0.0,-0.01756398849111651
2024-11-08 00:00:00+00:00,1080135.1770682302,7.936507936501411e-05,0.0,85.71821102041348,0.0,-0.01862248274957068
2024-11-11 00:00:00+00:00,1080220.9020822833,7.936507936509617e-05,0.0,85.72501405303414,0.0,-0.01828781727887918
2024-11-12 00:00:00+00:00,1080306.6338999087,7.936507936497288e-05,0.0,85.73181762557803,0.0,-0.017930279834819984
2024-11-13 00:00:00+00:00,1080392.3725216468,7.93650793650357e-05,0.0,85.738621738088,0.0,-0.018024225692365725
2024-11-14 00:00:00+00:00,1080478.1179480373,7.936507936502938e-05,0.0,85.7454263906069,0.0,-0.018858170551824927
2024-11-15 00:00:00+00:00,1080563.8701796206,7.93650793651298e-05,0.0,85.75223158317756,0.0,-0.016688547429775547
2024-11-18 00:00:00+00:00,1080649.6292169364,7.936507936508176e-05,0.0,85.7590373158429,0.0,-0.017599705157698153
2024-11-19 00:00:00+00:00,1080735.395060525,7.93650793650611e-05,0.0,85.76584358864575,0.0,-0.017755131344292074
2024-11-20 00:00:00+00:00,1080821.1677109266,7.936507936502815e-05,0.0,85.77265040162897,0.0,-0.01751993294993781
2024-11-21 00:00:00+00:00,1080906.9471686815,7.936507936515867e-05,0.0,85.77945775483545,0.0,-0.017728215490003585
2024-11-22 00:00:00+00:00,1080992.7334343297,7.936507936498214e-05,0.0,85.78626564830806,0.0,-0.01744528221924746
2024-11-25 00:00:00+00:00,1081078.5265084119,7.936507936510514e-05,0.0,85.79307408208966,0.0,-0.021869267348104238
2024-11-26 00:00:00+00:00,1081087.1358419308,7.963652322924516e-06,0.25,64.34991229216737,0.0,-0.01790756249847547
2024-11-27 00:00:00+00:00,1081225.039371368,0.00012756005030978572,0.2499980091027741,64.35059557260539,4.023642053587604,-0.01733406027135409
2024-11-29 00:00:00+00:00,1081353.4663755042,0.00011877916202422902,0.24996612341149596,64.3615402971639,4.053601690123736,-0.016839101258360856
2024-12-02 00:00:00+00:00,1081245.2334974161,-0.00010009019386676243,0.24993643617104824,64.37173291653977,4.050085942874835,-0.01807594505432064
2024-12-03 00:00:00+00:00,1081391.6248842233,0.00013539147482174546,0.24996145486152455,64.36314300558041,4.058528282865005,-0.01744590062811824
2024-12-04 00:00:00+00:00,1081386.2323854961,-4.986628898449914e-06,0.24992761679288827,64.37476136961273,4.073909830860157,-0.017927656722458885
2024-12-05 00:00:00+00:00,1081448.0695568416,5.7183242669062936e-05,0.24992886309537957,64.37433339352327,4.066987248408629,-0.017916152651048733
2024-12-06 00:00:00+00:00,1081346.8133861418,-9.363017379219286e-05,0.24991457216975263,64.37924110553482,4.065971357881629,-0.01909281679294139
2024-12-09 00:00:00+00:00,1081551.5920721034,0.00018937373599906476,0.2499379739056867,64.37120490151102,4.053285650725476,-0.01804073649807325
2024-12-10 00:00:00+00:00,1081608.9412641742,5.302492501619974e-05,0.2498906511794816,64.38745717817464,4.046004172548924,-0.018062542896759126
2024-12-11 00:00:00+00:00,1081671.818225962,5.8132805110172045e-05,0.24987740144900653,64.39200870135485,4.070827459456088,-0.01804426985868446
2024-12-12 00:00:00+00:00,1081775.892749137,9.621635825327675e-05,0.249862876219119,64.39699893641739,4.060009440926465,-0.017724195105416563
2024-12-13 00:00:00+00:00,1081767.991413101,-7.304041519953104e-06,0.24983883763601145,64.40525881920905,4.050500063630506,-0.018223414439138885
2024-12-16 00:00:00+00:00,1081899.673658416,0.00012172873144712364,0.24984066248258358,64.40463172904748,4.068237856478222,-0.01770243027712226
2024-12-17 00:00:00+00:00,1082382.1939858024,0.00044599359731278614,0.24981025339733504,64.41508270089786,4.073836486910483,-0.014602902910287874
2024-12-18 00:00:00+00:00,1082282.5648613719,-9.204615983527602e-05,0.0,85.90334872903193,3.9575246973014435,-0.014659610687598246
2024-12-19 00:00:00+00:00,1082368.4603030276,7.936507936517513e-05,0.0,85.89544165566444,0.0,-0.014215480199857744
2024-12-20 00:00:00+00:00,1082454.362561782,7.936507936511047e-05,0.0,85.90225875420855,0.0,-0.01570928784643222
2024-12-23 00:00:00+00:00,1082540.2716381757,7.93650793651002e-05,0.0,85.90907639379222,0.0,-0.018626053437591494
2024-12-24 00:00:00+00:00,1082626.1875327502,7.936507936510461e-05,0.0,85.91589457445839,0.0,-0.01905073374133437
2024-12-26 00:00:00+00:00,1082712.1102460464,7.936507936508405e-05,0.0,85.92271329625001,0.0,-0.017525614821360946
2024-12-27 00:00:00+00:00,1082798.0397786056,7.936507936499888e-05,0.0,85.92953255921003,0.0,-0.018205511377170858
2024-12-30 00:00:00+00:00,1082883.976130969,7.936507936502445e-05,0.0,85.93635236338139,0.0,-0.017684948534691713
2024-12-31 00:00:00+00:00,1082969.9193036777,7.936507936512107e-05,0.0,85.94317270880705,0.0,-0.018880404488132996
2025-01-02 00:00:00+00:00,1083055.8692972732,7.936507936503406e-05,0.0,85.94999359552997,0.0,-0.016031967431540117
2025-01-03 00:00:00+00:00,1083141.826112297,7.936507936515377e-05,0.0,85.95681502359311,0.0,-0.01584008542914983
2025-01-06 00:00:00+00:00,1083227.7897492899,7.936507936501055e-05,0.0,85.96363699303943,0.0,-0.016088551044858512
2025-01-07 00:00:00+00:00,1083313.7602087937,7.936507936499469e-05,0.0,85.9704595039119,0.0,-0.015633387513669383
2025-01-08 00:00:00+00:00,1083399.73749135,7.936507936506649e-05,0.0,85.97728255625347,0.0,-0.016127664829233446
2025-01-10 00:00:00+00:00,1083485.7215975001,7.936507936518625e-05,0.0,85.98410615010714,0.0,-0.01622718986968863
2025-01-13 00:00:00+00:00,1083571.7125277857,7.936507936509942e-05,0.0,85.99093028551589,0.0,-0.016189880607851315
2025-01-14 00:00:00+00:00,1083657.710282748,7.936507936498126e-05,0.0,85.99775496252268,0.0,-0.016793620876356385
2025-01-15 00:00:00+00:00,1083743.7148629292,7.936507936500697e-05,0.0,86.00458018117048,0.0,-0.016186170285103607
2025-01-16 00:00:00+00:00,1083829.7262688708,7.936507936513683e-05,0.0,86.01140594150232,0.0,-0.015622792967352694
2025-01-17 00:00:00+00:00,1083915.7445011144,7.936507936511632e-05,0.0,86.01823224356117,0.0,-0.01521098440573887
2025-01-21 00:00:00+00:00,1084001.7695602018,7.936507936512066e-05,0.0,86.02505908739003,0.0,-0.015979899649074092
2025-01-22 00:00:00+00:00,1084087.8014466749,7.936507936511013e-05,0.0,86.03188647303189,0.0,-0.016117481351037632
2025-01-23 00:00:00+00:00,1084173.8401610753,7.93650793650451e-05,0.0,86.03871440052976,0.0,-0.016051847976206624
2025-01-24 00:00:00+00:00,1084259.8857039453,7.936507936510067e-05,0.0,86.04554286992662,0.0,-0.015222724954341516
2025-01-27 00:00:00+00:00,1084345.9380758265,7.936507936502239e-05,0.0,86.0523718812655,0.0,-0.015534437562426895
2025-01-28 00:00:00+00:00,1084431.997277261,7.936507936498536e-05,0.0,86.05920143458941,0.0,-0.015996813913242924
2025-01-29 00:00:00+00:00,1084518.063308791,7.936507936516461e-05,0.0,86.06603152994136,0.0,-0.01577452177052674
2025-01-30 00:00:00+00:00,1084604.1361709584,7.936507936509103e-05,0.0,86.07286216736436,0.0,-0.016232842521204383
2025-01-31 00:00:00+00:00,1084690.2158643054,7.936507936515438e-05,0.0,86.07969334690146,0.0,-0.017687408161144447
2025-02-03 00:00:00+00:00,1084776.302389374,7.936507936510029e-05,0.0,86.08652506859566,0.0,-0.01649331312947311
2025-02-04 00:00:00+00:00,1084862.3957467065,7.936507936510376e-05,0.0,86.09335733249,0.0,-0.016033870510232973
2025-02-05 00:00:00+00:00,1084948.4959368452,7.936507936512512e-05,0.0,86.1001901386275,0.0,-0.015778900045840594
2025-02-06 00:00:00+00:00,1085034.6029603323,7.936507936512468e-05,0.0,86.10702348705121,0.0,-0.016053834140556056
2025-02-07 00:00:00+00:00,1085120.71681771,7.936507936506282e-05,0.0,86.11385737780415,0.0,-0.016494261908317043
2025-02-10 00:00:00+00:00,1085206.837509521,7.936507936511441e-05,0.0,86.12069181092937,0.0,-0.01791126123187947
2025-02-11 00:00:00+00:00,1085292.9650363075,7.936507936502524e-05,0.0,86.12752678646993,0.0,-0.015972618788119064
2025-02-12 00:00:00+00:00,1085379.099398612,7.936507936518472e-05,0.0,86.13436230446885,0.0,-0.015580754917445816
2025-02-13 00:00:00+00:00,1085465.240596977,7.93650793651241e-05,0.0,86.14119836496921,0.0,-0.016262296281013278
2025-02-14 00:00:00+00:00,1085551.388631945,7.936507936501828e-05,0.0,86.14803496801406,0.0,-0.016065659635912333
2025-02-18 00:00:00+00:00,1085637.5435040586,7.936507936504208e-05,0.0,86.15487211364643,0.0,-0.0160891690794438
2025-02-19 00:00:00+00:00,1085723.7052138606,7.93650793651558e-05,0.0,86.16170980190941,0.0,-0.016281645222664842
2025-02-20 00:00:00+00:00,1085809.8737618935,7.93650793651053e-05,0.0,86.16854803284608,0.0,-0.016241365713327127
2025-02-21 00:00:00+00:00,1085896.0491487,7.936507936506539e-05,0.0,86.17538680649949,0.0,-0.01697835844660034
2025-02-24 00:00:00+00:00,1085982.2313748228,7.936507936499641e-05,0.0,86.1822261229127,0.0,-0.015196158248325098
2025-02-25 00:00:00+00:00,1086068.420440805,7.936507936507309e-05,0.0,86.1890659821288,0.0,-0.015921766589283237
2025-02-26 00:00:00+00:00,1086154.616347189,7.936507936504134e-05,0.0,86.19590638419086,0.0,-0.01498592692921541
2025-02-27 00:00:00+00:00,1086240.8190945182,7.93650793650759e-05,0.0,86.20274732914199,0.0,-0.015835064322701875
2025-02-28 00:00:00+00:00,1086327.0286833353,7.936507936513707e-05,0.0,86.20958881702525,0.0,-0.015511167278306814
2025-03-03 00:00:00+00:00,1086413.2451141833,7.936507936518518e-05,0.0,86.21643084788376,0.0,-0.01677977507445405
2025-03-04 00:00:00+00:00,1086499.4683876052,7.936507936518059e-05,0.0,86.22327342176058,0.0,-0.01611830429386618
2025-03-05 00:00:00+00:00,1086585.6985041439,7.936507936508362e-05,0.0,86.23011653869882,0.0,-0.016092670853097957
2025-03-06 00:00:00+00:00,1086671.9354643426,7.936507936506893e-05,0.0,86.23696019874157,0.0,-0.016451178797908916
2025-03-07 00:00:00+00:00,1086758.1792687445,7.936507936509681e-05,0.0,86.24380440193195,0.0,-0.017781454099251803
2025-03-10 00:00:00+00:00,1086844.429917893,7.93650793651276e-05,0.0,86.25064914831306,0.0,-0.014392843376931808
2025-03-11 00:00:00+00:00,1086930.6874123309,7.936507936512164e-05,0.0,86.257494437928,0.0,-0.015163865083622774
2025-03-12 00:00:00+00:00,1087016.9517526017,7.936507936503925e-05,0.0,86.26434027081991,0.0,-0.011658246106833303
2025-03-13 00:00:00+00:00,1087022.8654332904,5.440283777705796e-06,0.25,64.7033899852739,0.0,-0.0156658879185283
2025-03-14 00:00:00+00:00,1087241.7713605978,0.00020138116158226494,0.24999863993645471,64.70385932501111,3.850410173472471,-0.0168129367811769
2025-03-17 00:00:00+00:00,1087189.6096874597,-4.797614892304469e-05,0.2499483050564469,64.72123281130534,3.875258933173872,-0.015987245544015316
2025-03-18 00:00:00+00:00,1086749.7515132143,-0.0004045827612092313,0.2499602971888897,64.71709299597693,3.79558527521818,-0.012337172568548382
2025-03-19 00:00:00+00:00,1086689.0961163333,-5.581358247065594e-05,0.0,86.24998027882653,3.8483846239893644,-0.012536923300588754
2025-03-20 00:00:00+00:00,1086775.3412826918,7.93650793651703e-05,0.0,86.24516635843915,0.0,-0.011650887156214651
2025-03-21 00:00:00+00:00,1086861.5932939048,7.936507936514737e-05,0.0,86.25201121291205,0.0,-0.015045448067653844
2025-03-24 00:00:00+00:00,1086947.8521505154,7.936507936507981e-05,0.0,86.25885661062736,0.0,-0.01595048914455699
2025-03-25 00:00:00+00:00,1087034.1178530671,7.936507936514215e-05,0.0,86.26570255162821,0.0,-0.015454071514593437
2025-03-26 00:00:00+00:00,1087120.390402103,7.93650793650805e-05,0.0,86.27254903595771,0.0,-0.013716552294633644
2025-03-27 00:00:00+00:00,1087206.6697981667,7.936507936506942e-05,0.0,86.27939606365898,0.0,-0.01641236602821916
2025-03-28 00:00:00+00:00,1087292.9560418015,7.936507936506921e-05,0.0,86.28624363477513,0.0,-0.01789452347389897
2025-03-31 00:00:00+00:00,1087379.2491335508,7.936507936504023e-05,0.0,86.29309174934933,0.0,-0.01563297329118285
2025-04-01 00:00:00+00:00,1087465.5490739583,7.936507936515691e-05,0.0,86.29994040742467,0.0,-0.016433443989062546
2025-04-02 00:00:00+00:00,1087551.8558635674,7.936507936516545e-05,0.0,86.30678960904432,0.0,-0.014121993905398256
2025-04-03 00:00:00+00:00,1087638.1695029216,7.936507936502621e-05,0.0,86.31363935425138,0.0,-0.015645385286890523
2025-04-04 00:00:00+00:00,1087724.4899925648,7.936507936512773e-05,0.0,86.32048964308902,0.0,-0.013982586014908982
2025-04-07 00:00:00+00:00,1087810.8173330403,7.936507936500216e-05,0.0,86.32734047560038,0.0,-0.014122406163544099
2025-04-08 00:00:00+00:00,1087897.151524892,7.936507936503795e-05,0.0,86.33419185182859,0.0,-0.012605958107390514
2025-04-09 00:00:00+00:00,1087983.4925686638,7.93650793649814e-05,0.0,86.34104377181683,0.0,-0.014538671976654705
2025-04-10 00:00:00+00:00,1088069.8404648993,7.936507936500685e-05,0.0,86.34789623560823,0.0,-0.014793520373854285
2025-04-11 00:00:00+00:00,1088156.1952141426,7.936507936507461e-05,0.0,86.35474924324598,0.0,-0.01397966263700745
2025-04-14 00:00:00+00:00,1088242.5568169374,7.936507936514501e-05,0.0,86.36160279477322,0.0,-0.015604136049710782
2025-04-15 00:00:00+00:00,1088328.9252738277,7.93650793651784e-05,0.0,86.36845689023313,0.0,-0.01454285725437554
2025-04-16 00:00:00+00:00,1088415.3005853575,7.936507936513509e-05,0.0,86.37531152966886,0.0,-0.014809856531055487
2025-04-17 00:00:00+00:00,1088501.6827520705,7.936507936497546e-05,0.0,86.38216671312361,0.0,-0.014954566296154326
2025-04-21 00:00:00+00:00,1088588.0717745111,7.936507936508769e-05,0.0,86.38902244064052,0.0,-0.014325266850208074
2025-04-22 00:00:00+00:00,1088674.4676532233,7.936507936500423e-05,0.0,86.39587871226279,0.0,-0.014044643583418726
2025-04-23 00:00:00+00:00,1088760.8703887514,7.936507936511325e-05,0.0,86.4027355280336,0.0,-0.014210817645770923
2025-04-24 00:00:00+00:00,1088847.2799816395,7.936507936516114e-05,0.0,86.40959288799614,0.0,-0.015325836562414707
2025-04-25 00:00:00+00:00,1088933.6964324317,7.936507936510827e-05,0.0,86.41645079219361,0.0,-0.014639717409102637
2025-04-28 00:00:00+00:00,1089020.1197416724,7.936507936512882e-05,0.0,86.42330924066918,0.0,-0.01431482773094217
2025-04-29 00:00:00+00:00,1089106.549909906,7.93650793651831e-05,0.0,86.43016823346606,0.0,-0.014576594011762367
2025-04-30 00:00:00+00:00,1089192.9869376766,7.936507936501763e-05,0.0,86.43702777062747,0.0,-0.015064442761408614
2025-05-01 00:00:00+00:00,1089279.4308255287,7.93650793650204e-05,0.0,86.44388785219655,0.0,-0.01602352955075581
2025-05-02 00:00:00+00:00,1089365.881574007,7.936507936515163e-05,0.0,86.45074847821657,0.0,-0.015778235074873415
2025-05-05 00:00:00+00:00,1089452.3391836558,7.936507936515792e-05,0.0,86.45760964873071,0.0,-0.016159379213324776
2025-05-06 00:00:00+00:00,1089538.8036550195,7.936507936499964e-05,0.0,86.46447136378221,0.0,-0.014882384488094758
2025-05-07 00:00:00+00:00,1089625.274988643,7.936507936506454e-05,0.0,86.47133362341424,0.0,-0.014823069822932133
2025-05-08 00:00:00+00:00,1089711.7531850706,7.936507936509925e-05,0.0,86.47819642767007,0.0,-0.014700465006688646
2025-05-09 00:00:00+00:00,1089798.2382448472,7.936507936506406e-05,0.0,86.4850597765929,0.0,-0.013425684573519447
2025-05-12 00:00:00+00:00,1089884.7301685174,7.936507936513303e-05,0.0,86.49192367022596,0.0,-0.015097118495114081
2025-05-13 00:00:00+00:00,1089971.228956626,7.93650793650528e-05,0.0,86.4987881086125,0.0,-0.015069971126444592
2025-05-14 00:00:00+00:00,1090057.7346097177,7.936507936499736e-05,0.0,86.50565309179572,0.0,-0.015059547368405646
2025-05-15 00:00:00+00:00,1090144.2471283376,7.936507936514065e-05,0.0,86.51251861981886,0.0,-0.015208036944594383
2025-05-16 00:00:00+00:00,1090230.7665130303,7.936507936501576e-05,0.0,86.51938469272521,0.0,-0.01667409723790403
2025-05-19 00:00:00+00:00,1090317.2927643408,7.936507936501026e-05,0.0,86.52625131055795,0.0,-0.016451841326531103
2025-05-20 00:00:00+00:00,1090403.8258828141,7.936507936508443e-05,0.0,86.53311847336037,0.0,-0.014471957994718565
2025-05-21 00:00:00+00:00,1090490.3658689952,7.936507936498505e-05,0.0,86.53998618117572,0.0,-0.014938371336223
2025-05-22 00:00:00+00:00,1090576.9127234293,7.936507936509954e-05,0.0,86.54685443404723,0.0,-0.014664276254016784
2025-05-23 00:00:00+00:00,1090663.4664466614,7.936507936517468e-05,0.0,86.5537232320182,0.0,-0.014855652496446936
2025-05-27 00:00:00+00:00,1090750.0270392366,7.936507936517079e-05,0.0,86.56059257513185,0.0,-0.014880944260466933
2025-05-28 00:00:00+00:00,1090836.5945017,7.936507936504825e-05,0.0,86.56746246343148,0.0,-0.014019845620175886
2025-05-29 00:00:00+00:00,1090923.1688345969,7.936507936498087e-05,0.0,86.57433289696031,0.0,-0.017012119397408654
2025-05-30 00:00:00+00:00,1091009.7500384727,7.936507936514237e-05,0.0,86.58120387576166,0.0,-0.015454240969795308
2025-06-02 00:00:00+00:00,1091096.3381138726,7.936507936506623e-05,0.0,86.58807539987879,0.0,-0.015250940134877489
2025-06-03 00:00:00+00:00,1091182.933061342,7.936507936513963e-05,0.0,86.59494746935496,0.0,-0.015158049829856246
2025-06-04 00:00:00+00:00,1091269.5348814263,7.936507936510949e-05,0.0,86.6018200842335,0.0,-0.01630074984475538
2025-06-05 00:00:00+00:00,1091356.143574671,7.936507936514951e-05,0.0,86.60869324455764,0.0,-0.015932966101434687
2025-06-06 00:00:00+00:00,1091442.7591416212,7.93650793650067e-05,0.0,86.6155669503707,0.0,-0.014824805758728132
2025-06-09 00:00:00+00:00,1091529.3815828229,7.936507936506806e-05,0.0,86.62244120171597,0.0,-0.015255942025329539
2025-06-10 00:00:00+00:00,1091616.0108988215,7.936507936508057e-05,0.0,86.62931599863674,0.0,-0.016283532391653033
2025-06-11 00:00:00+00:00,1091702.6470901626,7.936507936500458e-05,0.0,86.63619134117631,0.0,-0.015485403301109812
2025-06-12 00:00:00+00:00,1091789.290157392,7.936507936501373e-05,0.0,86.64306722937799,0.0,-0.01732830902293081
2025-06-13 00:00:00+00:00,1091875.9401010552,7.936507936506832e-05,0.0,86.64994366328507,0.0,-0.014417848508487374
2025-06-16 00:00:00+00:00,1091962.5969216982,7.936507936512867e-05,0.0,86.65682064294089,0.0,-0.01217750105516302
2025-06-17 00:00:00+00:00,1091983.483944865,1.912796576149678e-05,0.215968470520408,67.94707182531954,0.0,-0.01241291540264644
2025-06-18 00:00:00+00:00,1091979.292793466,-3.838108781454954e-06,0.21596433956191516,67.94872952557087,3.2745080177584662,-0.01182620710662352
2025-06-20 00:00:00+00:00,1092240.1433866245,0.0002388786993306531,0.0,86.66502323757666,3.288573644479462,-0.014358808591375727
2025-06-23 00:00:00+00:00,1092326.8291122902,7.936507936512161e-05,0.0,86.68572566560512,0.0,-0.01540249297629348
2025-06-24 00:00:00+00:00,1092413.5217177754,7.936507936517635e-05,0.0,86.69260548510239,0.0,-0.014660751038704234
2025-06-25 00:00:00+00:00,1092500.221203626,7.936507936499088e-05,0.0,86.6994858506171,0.0,-0.014660029330330282
2025-06-26 00:00:00+00:00,1092586.9275703882,7.936507936516496e-05,0.0,86.70636676219253,0.0,-0.015746704228528863
2025-06-27 00:00:00+00:00,1092673.640818608,7.936507936501953e-05,0.0,86.71324821987209,0.0,-0.016029873608042422
2025-06-30 00:00:00+00:00,1092760.3609488318,7.936507936515424e-05,0.0,86.72013022369904,0.0,-0.01440620560457262
2025-07-01 00:00:00+00:00,1092847.0879616055,7.936507936510324e-05,0.0,86.72701277371681,0.0,-0.015019500899435378
2025-07-02 00:00:00+00:00,1092933.8218574754,7.936507936503995e-05,0.0,86.73389586996869,0.0,-0.015422012774306992
2025-07-03 00:00:00+00:00,1093020.562636988,7.936507936513775e-05,0.0,86.74077951249805,0.0,-0.014821012873192707
2025-07-07 00:00:00+00:00,1093107.3103006894,7.936507936514389e-05,0.0,86.74766370134826,0.0,-0.01455757080319664
2025-07-08 00:00:00+00:00,1093194.064849126,7.936507936501876e-05,0.0,86.75454843656266,0.0,-0.014716611337567187
2025-07-09 00:00:00+00:00,1093280.8262828442,7.936507936514869e-05,0.0,86.76143371818459,0.0,-0.014715827796826453
2025-07-10 00:00:00+00:00,1093367.5946023904,7.9365079365068e-05,0.0,86.76831954625747,0.0,-0.015038513426306466
2025-07-11 00:00:00+00:00,1093454.3698083113,7.936507936516297e-05,0.0,86.77520592082463,0.0,-0.01497530579144346
2025-07-14 00:00:00+00:00,1093541.1519011534,7.936507936518098e-05,0.0,86.78209284192947,0.0,-0.014378345783446989
2025-07-15 00:00:00+00:00,1093627.940881463,7.936507936508237e-05,0.0,86.78898030961535,0.0,-0.01508249992106947
2025-07-16 00:00:00+00:00,1093714.736749787,7.936507936504042e-05,0.0,86.79586832392563,0.0,-0.014846281457344013
2025-07-17 00:00:00+00:00,1093801.5395066717,7.936507936501544e-05,0.0,86.80275688490372,0.0,-0.014247244029927941
2025-07-18 00:00:00+00:00,1093888.3491526644,7.936507936518062e-05,0.0,86.80964599259299,0.0,-0.014632624099838232
2025-07-21 00:00:00+00:00,1093975.1656883114,7.936507936507053e-05,0.0,86.81653564703686,0.0,-0.014768792770956551
2025-07-22 00:00:00+00:00,1094061.9891141597,7.936507936507127e-05,0.0,86.82342584827869,0.0,-0.014824395484080988
2025-07-23 00:00:00+00:00,1094148.8194307561,7.936507936514314e-05,0.0,86.83031659636188,0.0,-0.0147099590840849
2025-07-24 00:00:00+00:00,1094235.6566386474,7.936507936503365e-05,0.0,86.83720789132985,0.0,-0.0146116148988229
2025-07-25 00:00:00+00:00,1094322.5007383807,7.936507936512874e-05,0.0,86.84409973322599,0.0,-0.014445646499305909
2025-07-28 00:00:00+00:00,1094409.351730503,7.936507936517594e-05,0.0,86.8509921220937,0.0,-0.014837328789520043
2025-07-29 00:00:00+00:00,1094496.209615561,7.936507936513557e-05,0.0,86.85788505797642,0.0,-0.01517707747944641
2025-07-30 00:00:00+00:00,1094583.074394102,7.936507936518075e-05,0.0,86.86477854091754,0.0,-0.014985432326857229
2025-07-31 00:00:00+00:00,1094669.946066673,7.936507936505905e-05,0.0,86.87167257096047,0.0,-0.014695781812630315
2025-08-01 00:00:00+00:00,1094756.8246338211,7.936507936515628e-05,0.0,86.87856714814865,0.0,-0.015177051543108888
2025-08-04 00:00:00+00:00,1094843.7100960936,7.93650793650073e-05,0.0,86.88546227252549,0.0,-0.015070685678935547
2025-08-05 00:00:00+00:00,1094930.6024540376,7.93650793649979e-05,0.0,86.89235794413442,0.0,-0.015016838755002482
2025-08-06 00:00:00+00:00,1095017.5017082007,7.936507936508832e-05,0.0,86.89925416301887,0.0,-0.015154899295181323
2025-08-07 00:00:00+00:00,1095104.4078591298,7.936507936502628e-05,0.0,86.90615092922228,0.0,-0.014873580455604163
2025-08-08 00:00:00+00:00,1095191.3209073725,7.936507936498474e-05,0.0,86.91304824278808,0.0,-0.014643845326970606
2025-08-11 00:00:00+00:00,1095278.2408534763,7.936507936513662e-05,0.0,86.91994610375973,0.0,-0.014767419795603587
2025-08-12 00:00:00+00:00,1095365.1676979885,7.936507936501708e-05,0.0,86.92684451218066,0.0,-0.014809071896994652
2025-08-13 00:00:00+00:00,1095452.1014414565,7.936507936501162e-05,0.0,86.93374346809432,0.0,-0.014970563770118517
2025-08-14 00:00:00+00:00,1095539.042084428,7.936507936508054e-05,0.0,86.94064297154416,0.0,-0.014860621423594012
2025-08-15 00:00:00+00:00,1095625.9896274507,7.936507936518418e-05,0.0,86.94754302257365,0.0,-0.014605054134372963
2025-08-18 00:00:00+00:00,1095712.944071072,7.936507936507033e-05,0.0,86.95444362122625,0.0,-0.014822014047637389
2025-08-19 00:00:00+00:00,1095799.9054158395,7.936507936512437e-05,0.0,86.96134476754538,0.0,-0.015825381921158233
2025-08-20 00:00:00+00:00,1095886.873662301,7.936507936509414e-05,0.0,86.96824646157457,0.0,-0.015148422602220712
2025-08-21 00:00:00+00:00,1095973.8488110045,7.936507936515243e-05,0.0,86.97514870335723,0.0,-0.014136238643595256
2025-08-22 00:00:00+00:00,1096060.8308624974,7.936507936504711e-05,0.0,86.98205149293688,0.0,-0.01546100714984977
2025-08-25 00:00:00+00:00,1096147.819817328,7.936507936516343e-05,0.0,86.98895483035695,0.0,-0.01507283033752227
2025-08-26 00:00:00+00:00,1096234.8156760435,7.936507936503681e-05,0.0,86.99585871566094,0.0,-0.014981234158106815
2025-08-27 00:00:00+00:00,1096321.8184391924,7.936507936505248e-05,0.0,87.00276314889234,0.0,-0.015573998449397664
2025-08-28 00:00:00+00:00,1096408.8281073226,7.936507936517071e-05,0.0,87.00966813009464,0.0,-0.01485884844398555
2025-08-29 00:00:00+00:00,1096495.844680982,7.936507936513943e-05,0.0,87.01657365931132,0.0,-0.014846306334368009
2025-09-02 00:00:00+00:00,1096582.8681607186,7.936507936513139e-05,0.0,87.02347973658587,0.0,-0.015082424020510743
2025-09-03 00:00:00+00:00,1096669.8985470806,7.93650793651069e-05,0.0,87.03038636196179,0.0,-0.015039991346431414
2025-09-04 00:00:00+00:00,1096756.935840616,7.936507936502631e-05,0.0,87.03729353548259,0.0,-0.015099892793832836
2025-09-05 00:00:00+00:00,1096843.9800418732,7.936507936506225e-05,0.0,87.04420125719174,0.0,-0.01564335317102472
2025-09-08 00:00:00+00:00,1096931.0311514004,7.936507936517502e-05,0.0,87.0511095271328,0.0,-0.01482509726933845
2025-09-09 00:00:00+00:00,1097018.0891697458,7.936507936511269e-05,0.0,87.05801834534924,0.0,-0.01519860692755337
2025-09-10 00:00:00+00:00,1097105.1540974576,7.936507936504787e-05,0.0,87.0649277118846,0.0,-0.015220512592296842
2025-09-11 00:00:00+00:00,1097192.2259350845,7.936507936515312e-05,0.0,87.07183762678235,0.0,-0.015087753207128074
2025-09-12 00:00:00+00:00,1097279.3046831747,7.936507936517652e-05,0.0,87.07874809008607,0.0,-0.015590442115678727
2025-09-15 00:00:00+00:00,1097366.3903422765,7.936507936507844e-05,0.0,87.08565910183927,0.0,-0.014438958856659134
2025-09-16 00:00:00+00:00,1097453.4829129386,7.93650793650314e-05,0.0,87.09257066208544,0.0,-0.012172323545192931
2025-09-17 00:00:00+00:00,1097425.995311535,-2.5046712076263233e-05,0.25,65.3246120781511,0.0,-0.012080812786997797
2025-09-18 00:00:00+00:00,1097545.3927524341,0.00010879771520745615,0.2500062618348574,65.32243052248415,3.8469356608261718,-0.012501502395621422
2025-09-19 00:00:00+00:00,1097789.9701811238,0.00022284037663019906,0.0,87.10677720257414,3.8713700222662686,-0.014728082096584494
2025-09-22 00:00:00+00:00,1097877.0963692334,7.936507936509381e-05,0.0,87.126188109613,0.0,-0.014892373104825829
2025-09-23 00:00:00+00:00,1097964.2294721198,7.936507936501712e-05,0.0,87.1331028864471,0.0,-0.015223188671106058
2025-09-24 00:00:00+00:00,1098051.369490332,7.936507936514341e-05,0.0,87.140018212073,0.0,-0.014766219156551408
2025-09-25 00:00:00+00:00,1098138.5164244184,7.936507936500889e-05,0.0,87.14693408653429,0.0,-0.015177921854717447
2025-09-26 00:00:00+00:00,1098225.6702749282,7.936507936499798e-05,0.0,87.15385050987447,0.0,-0.014688939550167035
2025-09-29 00:00:00+00:00,1098312.8310424103,7.936507936507102e-05,0.0,87.16076748213716,0.0,-0.014473035703955972
2025-09-30 00:00:00+00:00,1098399.9987274136,7.93650793649763e-05,0.0,87.1676850033659,0.0,-0.01479748685700688
2025-10-01 00:00:00+00:00,1098487.1733304872,7.936507936509816e-05,0.0,87.17460307360426,0.0,-0.014140194867448663
2025-10-02 00:00:00+00:00,1098574.3548521802,7.936507936518491e-05,0.0,87.18152169289581,0.0,-0.013479414693860825
2025-10-03 00:00:00+00:00,1098661.5432930414,7.936507936498496e-05,0.0,87.18844086128415,0.0,-0.012972268584915625
2025-10-06 00:00:00+00:00,1098748.7386536202,7.936507936509449e-05,0.0,87.19536057881281,0.0,-0.014246734819686857
2025-10-07 00:00:00+00:00,1098835.9409344657,7.936507936504993e-05,0.0,87.20228084552542,0.0,-0.014033113347404758
2025-10-08 00:00:00+00:00,1098923.1501361271,7.936507936502357e-05,0.0,87.20920166146553,0.0,-0.013889375751015898
2025-10-09 00:00:00+00:00,1099010.3662591537,7.936507936497572e-05,0.0,87.21612302667675,0.0,-0.01346828424332891
2025-10-10 00:00:00+00:00,1099097.589304095,7.936507936507858e-05,0.0,87.22304494120267,0.0,-0.014978662071953863
2025-10-13 00:00:00+00:00,1099184.8192715,7.93650793650806e-05,0.0,87.2299674050869,0.0,-0.013494191585659898
2025-10-14 00:00:00+00:00,1099272.0561619184,7.936507936515396e-05,0.0,87.23689041837301,0.0,-0.01444062674177804
2025-10-15 00:00:00+00:00,1099359.2999758995,7.936507936504718e-05,0.0,87.24381398110464,0.0,-0.014382338371402348
2025-10-16 00:00:00+00:00,1099446.550713993,7.936507936514421e-05,0.0,87.25073809332535,0.0,-0.013133524392007878
2025-10-17 00:00:00+00:00,1099533.8083767479,7.93650793649818e-05,0.0,87.2576627550788,0.0,-0.01370780752270484
2025-10-20 00:00:00+00:00,1099621.0729647144,7.936507936515561e-05,0.0,87.26458796640856,0.0,-0.01395909085634095
2025-10-21 00:00:00+00:00,1099708.3444784416,7.936507936499068e-05,0.0,87.27151372735828,0.0,-0.014719931352232152
2025-10-22 00:00:00+00:00,1099795.6229184796,7.936507936508258e-05,0.0,87.27844003797156,0.0,-0.014313215862452822
2025-10-23 00:00:00+00:00,1099882.908285378,7.936507936517987e-05,0.0,87.28536689829203,0.0,-0.01391156914656655
2025-10-24 00:00:00+00:00,1099970.2005796863,7.936507936503121e-05,0.0,87.29229430836334,0.0,-0.014210446590737114
2025-10-27 00:00:00+00:00,1100057.4998019545,7.936507936502034e-05,0.0,87.29922226822907,0.0,-0.014108485793215664
2025-10-28 00:00:00+00:00,1100144.8059527325,7.936507936510757e-05,0.0,87.3061507779329,0.0,-0.014447437706051502
2025-10-29 00:00:00+00:00,1100232.11903257,7.936507936504154e-05,0.0,87.31307983751844,0.0,-0.01436356041849951
2025-10-30 00:00:00+00:00,1100319.4390420169,7.936507936499427e-05,0.0,87.32000944702936,0.0,-0.01268638162387159
2025-10-31 00:00:00+00:00,1100406.7659816234,7.936507936513767e-05,0.0,87.32693960650927,0.0,-0.014303342565667343
2025-11-03 00:00:00+00:00,1100494.0998519394,7.936507936500886e-05,0.0,87.33387031600186,0.0,-0.014007260928287302
2025-11-04 00:00:00+00:00,1100581.4406535148,7.936507936499141e-05,0.0,87.34080157555074,0.0,-0.014019396321829802
2025-11-05 00:00:00+00:00,1100668.7883869,7.93650793650456e-05,0.0,87.34773338519959,0.0,-0.013292849275173602
2025-11-06 00:00:00+00:00,1100756.143052645,7.936507936513175e-05,0.0,87.35466574499206,0.0,-0.012786073113352892
2025-11-07 00:00:00+00:00,1100843.5046513,7.936507936499865e-05,0.0,87.36159865497183,0.0,-0.013868532876879058
2025-11-10 00:00:00+00:00,1100930.873183415,7.936507936502974e-05,0.0,87.36853211518253,0.0,-0.013661192081499962
2025-11-11 00:00:00+00:00,1101018.2486495406,7.936507936497378e-05,0.0,87.37546612566786,0.0,-0.013172761385107812
2025-11-12 00:00:00+00:00,1101105.631050227,7.936507936500262e-05,0.0,87.38240068647147,0.0,-0.013456528068327422
2025-11-13 00:00:00+00:00,1101193.0203860246,7.936507936507656e-05,0.0,87.38933579763706,0.0,-0.013984097365935533
2025-11-14 00:00:00+00:00,1101280.416657484,7.936507936515594e-05,0.0,87.39627145920831,0.0,-0.013686380436145562
2025-11-17 00:00:00+00:00,1101367.819865155,7.936507936498965e-05,0.0,87.40320767122888,0.0,-0.014225562907122402
2025-11-18 00:00:00+00:00,1101455.2300095889,7.936507936517231e-05,0.0,87.41014443374246,0.0,-0.013910380197303951
2025-11-19 00:00:00+00:00,1101542.6470913356,7.936507936503e-05,0.0,87.41708174679277,0.0,-0.012644778799263179
2025-11-20 00:00:00+00:00,1101630.0711109461,7.936507936515726e-05,0.0,87.42401961042346,0.0,-0.014773645713046513
2025-11-21 00:00:00+00:00,1101717.5020689708,7.936507936509164e-05,0.0,87.43095802467826,0.0,-0.01456729704229165
2025-11-24 00:00:00+00:00,1101804.9399659603,7.936507936500487e-05,0.0,87.43789698960086,0.0,-0.014343921394893044
2025-11-25 00:00:00+00:00,1101892.3848024656,7.936507936506858e-05,0.0,87.44483650523495,0.0,-0.013571828317941126
2025-11-26 00:00:00+00:00,1101979.8365790371,7.93650793650318e-05,0.0,87.45177657162425,0.0,-0.014180746157010482
2025-11-28 00:00:00+00:00,1102067.295296226,7.936507936506614e-05,0.0,87.45871718881247,0.0,-0.013841595335838619
2025-12-01 00:00:00+00:00,1102154.7609545828,7.936507936513194e-05,0.0,87.46565835684332,0.0,-0.01460658382093527
2025-12-02 00:00:00+00:00,1102242.2335546585,7.936507936497825e-05,0.0,87.47260007576054,0.0,-0.014082273318087424
2025-12-03 00:00:00+00:00,1102329.713097004,7.936507936498797e-05,0.0,87.47954234560781,0.0,-0.014044075267418243
2025-12-04 00:00:00+00:00,1102417.1995821705,7.936507936512135e-05,0.0,87.48648516642889,0.0,-0.014932061331185409
2025-12-05 00:00:00+00:00,1102504.6930107088,7.936507936512752e-05,0.0,87.4934285382675,0.0,-0.014121673541295898
2025-12-08 00:00:00+00:00,1102592.19338317,7.936507936517801e-05,0.0,87.50037246116736,0.0,-0.013530058482048801
2025-12-09 00:00:00+00:00,1102679.7007001052,7.9365079365022e-05,0.0,87.50731693517223,0.0,-0.014166218827051935
2025-12-10 00:00:00+00:00,1102767.2149620655,7.936507936504216e-05,0.0,87.51426196032581,0.0,-0.014799407086364624
2025-12-11 00:00:00+00:00,1102854.736169602,7.936507936498766e-05,0.0,87.52120753667187,0.0,-0.013960355197687235
2025-12-12 00:00:00+00:00,1102942.2643232662,7.936507936502995e-05,0.0,87.52815366425413,0.0,-0.013907944519457871
2025-12-15 00:00:00+00:00,1103029.7994236094,7.936507936512936e-05,0.0,87.53510034311637,0.0,-0.014150230320382207
2025-12-16 00:00:00+00:00,1103117.3414711826,7.93650793650351e-05,0.0,87.54204757330233,0.0,-0.011086423674563584
2025-12-17 00:00:00+00:00,1103098.659852536,-1.693529595120284e-05,0.25,65.66174651614182,0.0,-0.010793911518813815
2025-12-18 00:00:00+00:00,1103127.8291252851,2.6443031626127157e-05,0.2500042338956901,65.66026384799525,3.8218962676534813,-0.01055565613224374
2025-12-19 00:00:00+00:00,1103455.6347418537,0.000297160136761731,0.0,87.54982770835596,3.8814553731935733,-0.01360442799101147
2025-12-22 00:00:00+00:00,1103543.2105858808,7.936507936505286e-05,0.0,87.57584402713124,0.0,-0.01360231992225458
2025-12-23 00:00:00+00:00,1103630.7933803718,7.936507936510282e-05,0.0,87.58279449094292,0.0,-0.013779569537033964
2025-12-24 00:00:00+00:00,1103718.3831258782,7.9365079365109e-05,0.0,87.5897455063787,0.0,-0.014232317897358016
2025-12-26 00:00:00+00:00,1103805.9798229516,7.936507936503173e-05,0.0,87.59669707348239,0.0,-0.013348421255355625
2025-12-29 00:00:00+00:00,1103893.5834721439,7.936507936504231e-05,0.0,87.60364919229775,0.0,-0.013547555443222947
2025-12-30 00:00:00+00:00,1103981.1940740068,7.936507936510106e-05,0.0,87.61060186286856,0.0,-0.013478341447092923
2025-12-31 00:00:00+00:00,1104068.811629092,7.936507936516828e-05,0.0,87.61755508523864,0.0,-0.013845437668934757
2026-01-02 00:00:00+00:00,1104156.4361379514,7.936507936499341e-05,0.0,87.62450885945175,0.0,-0.013213597606107186
2026-01-05 00:00:00+00:00,1104244.067601137,7.93650793651695e-05,0.0,87.6314631855517,0.0,-0.012855792928506915
2026-01-06 00:00:00+00:00,1104331.7060192006,7.936507936502419e-05,0.0,87.63841806358231,0.0,-0.012806615588812242
2026-01-07 00:00:00+00:00,1104419.3513926943,7.936507936515043e-05,0.0,87.64537349358736,0.0,-0.0131628945415736
2026-01-08 00:00:00+00:00,1104507.00372217,7.936507936508683e-05,0.0,87.65232947561066,0.0,-0.012729420554317805
2026-01-09 00:00:00+00:00,1104594.6630081795,7.936507936500458e-05,0.0,87.65928600969602,0.0,-0.01211967600656827
2026-01-12 00:00:00+00:00,1104682.3292512754,7.936507936507481e-05,0.0,87.66624309588727,0.0,-0.013154686071648491
2026-01-13 00:00:00+00:00,1104770.0024520096,7.936507936504704e-05,0.0,87.6732007342282,0.0,-0.0127708309271517
2026-01-14 00:00:00+00:00,1104857.6826109344,7.936507936509239e-05,0.0,87.68015892476267,0.0,-0.012758462100108225
2026-01-15 00:00:00+00:00,1104945.369728602,7.936507936517117e-05,0.0,87.68711766753448,0.0,-0.01255772225839813
2026-01-16 00:00:00+00:00,1105033.0638055645,7.936507936503297e-05,0.0,87.69407696258746,0.0,-0.01241725898861823
2026-01-20 00:00:00+00:00,1105120.7648423745,7.936507936505962e-05,0.0,87.70103680996544,0.0,-0.012711398952450992
2026-01-21 00:00:00+00:00,1105208.472839584,7.936507936500069e-05,0.0,87.70799720971226,0.0,-0.0124093482210208
2026-01-22 00:00:00+00:00,1105296.187797746,7.936507936502723e-05,0.0,87.71495816187175,0.0,-0.013358646352188863
2026-01-23 00:00:00+00:00,1105383.9097174124,7.936507936509954e-05,0.0,87.72191966648778,0.0,-0.012489879946270932
2026-01-26 00:00:00+00:00,1105471.6385991361,7.936507936517795e-05,0.0,87.72888172360416,0.0,-0.012327444879988825
2026-01-27 00:00:00+00:00,1105559.3744434693,7.936507936501216e-05,0.0,87.73584433326478,0.0,-0.012931592952408977
2026-01-28 00:00:00+00:00,1105647.1172509647,7.936507936498378e-05,0.0,87.74280749551345,0.0,-0.013469227606346834
2026-01-29 00:00:00+00:00,1105734.867022175,7.936507936505311e-05,0.0,87.74977121039403,0.0,-0.012956772489855162
2026-01-30 00:00:00+00:00,1105822.6237576532,7.936507936518045e-05,0.0,87.7567354779504,0.0,-0.01454558153666774
2026-02-02 00:00:00+00:00,1105910.3874579514,7.936507936511558e-05,0.0,87.76370029822644,0.0,-0.013156750452097299
2026-02-03 00:00:00+00:00,1105998.1581236226,7.936507936502941e-05,0.0,87.77066567126599,0.0,-0.012874274120548534
2026-02-04 00:00:00+00:00,1106085.9357552198,7.93650793650928e-05,0.0,87.77763159711292,0.0,-0.012930903036349584
2026-02-05 00:00:00+00:00,1106173.7203532956,7.936507936505554e-05,0.0,87.78459807581109,0.0,-0.012242941444677413
2026-02-06 00:00:00+00:00,1106261.511918403,7.936507936508849e-05,0.0,87.79156510740441,0.0,-0.012972909658794052
2026-02-09 00:00:00+00:00,1106349.310451095,7.936507936515194e-05,0.0,87.79853269193674,0.0,-0.013789314623622317
2026-02-10 00:00:00+00:00,1106437.1159519244,7.936507936499579e-05,0.0,87.80550082945199,0.0,-0.012742164448006577
2026-02-11 00:00:00+00:00,1106524.9284214443,7.936507936500129e-05,0.0,87.812469519994,0.0,-0.012331005058847211
2026-02-12 00:00:00+00:00,1106612.747860208,7.936507936512872e-05,0.0,87.81943876360668,0.0,-0.01283537840117166
2026-02-13 00:00:00+00:00,1106700.5742687683,7.9365079365128e-05,0.0,87.82640856033396,0.0,-0.013619427182424815
2026-02-17 00:00:00+00:00,1106788.4076476786,7.936507936516988e-05,0.0,87.83337891021971,0.0,-0.013394962643539898
