ts_event,equity,returns,exposure,cash_credit,financing,spread
2020-07-01 00:00:00+00:00,1000000.0,0.0,0.0,0.0,0.0,2.716408902231381
2020-07-02 00:00:00+00:00,1000079.3650793651,7.936507936508861e-05,0.0,79.36507936507937,0.0,2.7202693661374533
2020-07-06 00:00:00+00:00,1000158.736457546,7.936507936509753e-05,0.0,79.37137818090198,0.0,2.716648835312143
2020-07-07 00:00:00+00:00,1000238.1141350426,7.936507936508781e-05,0.0,79.37767749663064,0.0,2.7070714277668624
2020-07-08 00:00:00+00:00,1000317.498112355,7.93650793651362e-05,0.0,79.38397731230498,0.0,2.6893778757077653
2020-07-09 00:00:00+00:00,1000396.888389983,7.936507936508663e-05,0.0,79.39027762796468,0.0,2.6950762811715814
2020-07-10 00:00:00+00:00,1000476.2849684267,7.93650793651322e-05,0.0,79.39657844364945,0.0,2.696875056889269
2020-07-13 00:00:00+00:00,1000555.6878481861,7.936507936511688e-05,0.0,79.40287975939894,0.0,2.7193560384142295
2020-07-14 00:00:00+00:00,1000635.0970297614,7.936507936511734e-05,0.0,79.40918157525287,0.0,2.699922830126835
2020-07-15 00:00:00+00:00,1000714.5125136527,7.936507936509392e-05,0.0,79.4154838912509,0.0,2.6994380289424598
2020-07-16 00:00:00+00:00,1000793.9343003602,7.936507936512329e-05,0.0,79.42178670743276,0.0,2.700862198610735
2020-07-17 00:00:00+00:00,1000873.362390384,7.936507936504947e-05,0.0,79.42809002383811,0.0,2.6859175860420215
2020-07-20 00:00:00+00:00,1000952.7967842245,7.936507936506542e-05,0.0,79.43439384050666,0.0,2.6737942838322297
2020-07-21 00:00:00+00:00,1001192.3471263878,0.000239322316629626,0.25,59.5805236181086,0.0,2.6727640891801343
2020-07-22 00:00:00+00:00,1002013.0030470244,0.0008196785792380912,0.2499401837362094,59.599535550026324,10.169287560740482,2.6778353216142583
2020-07-23 00:00:00+00:00,1005722.8353430678,0.003702379395039946,0.2497354809120301,59.66466697229907,10.314878491726121,2.701751539064372
2020-07-24 00:00:00+00:00,1004942.8847743848,-0.0007755124386898568,0.24881427606314213,59.959098106905685,10.404215399445846,2.6960513649422757
2020-07-27 00:00:00+00:00,1003009.5239044592,-0.0019238514936693498,0.24900738438705994,59.897197268121324,10.649430934739167,2.68366070367343
2020-07-28 00:00:00+00:00,1005070.9007230608,0.002055191670142086,0.24948736101920838,59.74375592923834,10.63932567603932,2.696009802172468
2020-07-29 00:00:00+00:00,1007077.3253345763,0.0019963015644687697,0.24897566829965087,59.907357264047995,10.737572263754888,2.70820820675533
2020-07-30 00:00:00+00:00,1009527.403211598,0.0024328597371684113,0.248479628029477,60.06659731258097,10.730484296560856,2.7237424556544414
2020-07-31 00:00:00+00:00,1009262.2917850694,-0.0002626094405018266,0.0,80.12122247711096,10.761154892444546,2.7120348790392454
2020-08-03 00:00:00+00:00,1009342.3919669571,7.936507936511631e-05,0.0,80.10018188770393,0.0,2.7232786558214905
2020-08-04 00:00:00+00:00,1009422.4985060021,7.936507936507764e-05,0.0,80.1065390449966,0.0,2.715370001245874
2020-08-05 00:00:00+00:00,1009502.6114027089,7.936507936504664e-05,0.0,80.11289670682557,0.0,2.7201768783709617
2020-08-06 00:00:00+00:00,1009582.7306575822,7.936507936509892e-05,0.0,80.11925487323087,0.0,2.7398506151866866
2020-08-07 00:00:00+00:00,1009662.8562711264,7.936507936507951e-05,0.0,80.12561354425256,0.0,2.7467502710802227
2020-08-10 00:00:00+00:00,1009742.9882438463,7.936507936506405e-05,0.0,80.13197271993067,0.0,2.7465831767438647
2020-08-11 00:00:00+00:00,1009823.1265762467,7.936507936512818e-05,0.0,80.13833240030526,0.0,2.743329758027716
2020-08-12 00:00:00+00:00,1009903.2712688321,7.936507936511692e-05,0.0,80.14469258541641,0.0,2.7438080876116984
2020-08-13 00:00:00+00:00,1009983.4223221075,7.936507936510589e-05,0.0,80.15105327530414,0.0,2.739697726787731
2020-08-14 00:00:00+00:00,1010063.5797365775,7.936507936505543e-05,0.0,80.15741447000853,0.0,2.734088406771652
2020-08-17 00:00:00+00:00,1010143.743512747,7.936507936504116e-05,0.0,80.16377616956964,0.0,2.719557035320401
2020-08-18 00:00:00+00:00,1010223.913651121,7.936507936502338e-05,0.0,80.17013837402754,0.0,2.736124431578955
2020-08-19 00:00:00+00:00,1010304.0901522044,7.936507936507767e-05,0.0,80.1765010834223,0.0,2.722670376373325
2020-08-20 00:00:00+00:00,1010384.2730165021,7.936507936504912e-05,0.0,80.182864297794,0.0,2.720457697932255
2020-08-21 00:00:00+00:00,1010464.4622445194,7.936507936512852e-05,0.0,80.18922801718271,0.0,2.7297493731850917
2020-08-24 00:00:00+00:00,1010544.657836761,7.936507936504577e-05,0.0,80.19559224162852,0.0,2.726985337542778
2020-08-25 00:00:00+00:00,1010624.8597937322,7.936507936510682e-05,0.0,80.20195697117151,0.0,2.7281857802545653
2020-08-26 00:00:00+00:00,1010705.068115938,7.936507936504161e-05,0.0,80.20832220585176,0.0,2.7224280713436606
2020-08-27 00:00:00+00:00,1010785.2828038837,7.936507936504086e-05,0.0,80.21468794570936,0.0,2.7274115904349845
2020-08-28 00:00:00+00:00,1010865.5038580744,7.936507936506489e-05,0.0,80.22105419078441,0.0,2.724977510632832
2020-08-31 00:00:00+00:00,1010945.7312790155,7.936507936507404e-05,0.0,80.22742094111702,0.0,2.7218809795632124
2020-09-01 00:00:00+00:00,1011025.9650672122,7.936507936502862e-05,0.0,80.23378819674727,0.0,2.733422594161191
2020-09-02 00:00:00+00:00,1011106.20522317,7.93650793651193e-05,0.0,80.24015595771526,0.0,2.7185920114105517
2020-09-03 00:00:00+00:00,1011186.451747394,7.936507936507609e-05,0.0,80.2465242240611,0.0,2.7210885164600787
2020-09-04 00:00:00+00:00,1011266.7046403899,7.936507936508961e-05,0.0,80.25289299582492,0.0,2.729469460537676
2020-09-08 00:00:00+00:00,1011346.963902663,7.936507936512019e-05,0.0,80.25926227304682,0.0,2.7309250838821733
2020-09-09 00:00:00+00:00,1011427.2295347188,7.936507936512815e-05,0.0,80.2656320557669,0.0,2.7104408727495293
2020-09-10 00:00:00+00:00,1011507.5015370628,7.936507936507384e-05,0.0,80.2720023440253,0.0,2.7188365714923783
2020-09-11 00:00:00+00:00,1011587.7799102006,7.93650793650327e-05,0.0,80.27837313786213,0.0,2.7266178686712617
2020-09-14 00:00:00+00:00,1011668.064654638,7.936507936508014e-05,0.0,80.28474443731751,0.0,2.707888434872677
2020-09-15 00:00:00+00:00,1011748.3557708804,7.93650793650614e-05,0.0,80.29111624243158,0.0,2.7052476241874563
2020-09-16 00:00:00+00:00,1011828.6532594336,7.93650793650519e-05,0.0,80.29748855324448,0.0,2.706180251810441
2020-09-17 00:00:00+00:00,1011908.9571208034,7.936507936512702e-05,0.0,80.30386136979631,0.0,2.7182435520963786
2020-09-18 00:00:00+00:00,1011989.2673554956,7.936507936513202e-05,0.0,80.31023469212725,0.0,2.7267880228556534
2020-09-21 00:00:00+00:00,1012069.5839640158,7.936507936502726e-05,0.0,80.31660852027743,0.0,2.732470372864037
2020-09-22 00:00:00+00:00,1012149.9069468701,7.936507936511818e-05,0.0,80.32298285428698,0.0,2.727956098460809
2020-09-23 00:00:00+00:00,1012230.2363045644,7.936507936513504e-05,0.0,80.32935769419605,0.0,2.7459089962268264
2020-09-24 00:00:00+00:00,1012310.5720376044,7.936507936503818e-05,0.0,80.3357330400448,0.0,2.7268696845783764
2020-09-25 00:00:00+00:00,1012390.9141464963,7.936507936513298e-05,0.0,80.34210889187337,0.0,2.7294616876512765
2020-09-28 00:00:00+00:00,1012471.262631746,7.936507936503472e-05,0.0,80.34848524972193,0.0,2.731612115501179
2020-09-29 00:00:00+00:00,1012551.6174938596,7.936507936504878e-05,0.0,80.35486211363063,0.0,2.7311033984099775
2020-09-30 00:00:00+00:00,1012631.9787333433,7.936507936513542e-05,0.0,80.36123948363965,0.0,2.7314768953919244
2020-10-01 00:00:00+00:00,1012712.346350703,7.936507936502505e-05,0.0,80.36761735978915,0.0,2.7996982846294007
2020-10-02 00:00:00+00:00,1012792.7203464451,7.93650793650229e-05,0.0,80.37399574211929,0.0,2.8116932525098783
2020-10-05 00:00:00+00:00,1012873.1007210758,7.93650793650893e-05,0.0,80.38037463067025,0.0,2.803944504012594
2020-10-06 00:00:00+00:00,1012953.4874751013,7.936507936506961e-05,0.0,80.3867540254822,0.0,2.811544148396592
2020-10-07 00:00:00+00:00,1013033.8806090278,7.936507936503913e-05,0.0,80.39313392659534,0.0,2.811380329758926
2020-10-08 00:00:00+00:00,1013114.2801233619,7.93650793650731e-05,0.0,80.39951433404983,0.0,2.806331064616116
2020-10-09 00:00:00+00:00,1013194.6860186098,7.936507936513185e-05,0.0,80.40589524788587,0.0,2.792633991304339
2020-10-12 00:00:00+00:00,1013275.0982952779,7.936507936506081e-05,0.0,80.41227666814363,0.0,2.793611890181404
2020-10-13 00:00:00+00:00,1013355.5169538727,7.936507936505012e-05,0.0,80.41865859486333,0.0,2.784312917277538
2020-10-14 00:00:00+00:00,1013435.9419949008,7.93650793650601e-05,0.0,80.42504102808513,0.0,2.776608720694681
2020-10-15 00:00:00+00:00,1013516.3734188686,7.936507936505107e-05,0.0,80.43142396784927,0.0,2.7886161699087295
2020-10-16 00:00:00+00:00,1013596.8112262829,7.936507936509824e-05,0.0,80.43780741419593,0.0,2.7936106909478213
2020-10-19 00:00:00+00:00,1013677.25541765,7.936507936504708e-05,0.0,80.4441913671653,0.0,2.8027981684457166
2020-10-20 00:00:00+00:00,1013757.7059934768,7.936507936508765e-05,0.0,80.45057582679762,0.0,2.803638103505199
2020-10-21 00:00:00+00:00,1013838.1629542699,7.93650793650654e-05,0.0,80.45696079313308,0.0,2.80548059081957
2020-10-22 00:00:00+00:00,1013918.6263005361,7.936507936505553e-05,0.0,80.4633462662119,0.0,2.8081604385701873
2020-10-23 00:00:00+00:00,1013999.0960327822,7.936507936513317e-05,0.0,80.46973224607429,0.0,2.8110736641598186
2020-10-26 00:00:00+00:00,1014079.5721515149,7.936507936502902e-05,0.0,80.4761187327605,0.0,2.8210557709893185
2020-10-27 00:00:00+00:00,1015554.2726113298,0.0014542255857556377,0.25,60.361879294733036,0.0,2.8133690434647347
2020-10-28 00:00:00+00:00,1011916.4386132502,-0.0035821167772014354,0.2496369715288522,60.47891901376595,0.354409029203236,2.837833862143003
2020-10-29 00:00:00+00:00,1013776.5119202434,0.001838168880369522,0.25053441506030605,60.19020202979139,0.4666765661654122,2.825812229184053
2020-10-30 00:00:00+00:00,1014371.4402736125,0.0005868436942203729,0.25007473546380987,60.33782689542576,0.5452324113195617,2.822167454936713
2020-11-02 00:00:00+00:00,1016098.3908899418,0.0017024834767267359,0.24992806675382667,60.385043431407446,0.7141876937063869,2.8113366811833402
2020-11-03 00:00:00+00:00,1017349.7057742155,0.0012314898788273153,0.2495032915226205,60.522103004131985,0.8546889392554435,2.803996725389615
2020-11-04 00:00:00+00:00,1015207.6336470761,-0.0021055415998860348,0.24919640866750634,60.621413709233074,0.6577812797089357,2.81789820638555
2020-11-05 00:00:00+00:00,1018737.1601949681,0.0034766548545467437,0.24972220916732357,60.45140798485693,1.0452690917047036,2.7969612162343758
2020-11-06 00:00:00+00:00,1018811.7869055986,7.325413614656544e-05,0.24885701920342196,60.731529139451546,1.0642253534634778,2.797056749794373
2020-11-09 00:00:00+00:00,1019688.7279851026,0.0008607488554558988,0.0,80.85807832584116,0.8246754346402225,2.7970343142249074
2020-11-10 00:00:00+00:00,1019769.6556619268,7.936507936513454e-05,0.0,80.92767682421449,0.0,2.8161617413593047
2020-11-11 00:00:00+00:00,1019850.5897615826,7.936507936508559e-05,0.0,80.93409965570848,0.0,2.820389749365622
2020-11-12 00:00:00+00:00,1019931.5302845795,7.936507936507014e-05,0.0,80.940522996951,0.0,2.8192692067243326
2020-11-13 00:00:00+00:00,1020012.4772314274,7.936507936504852e-05,0.0,80.9469468479825,0.0,2.8183978792549262
2020-11-16 00:00:00+00:00,1020093.4306026363,7.936507936509521e-05,0.0,80.95337120884345,0.0,2.8216494768676763
2020-11-17 00:00:00+00:00,1020174.3903987159,7.936507936505638e-05,0.0,80.9597960795743,0.0,2.831960477815849
2020-11-18 00:00:00+00:00,1018117.0889418353,-0.0020166174295714926,0.25,60.724666095161666,0.0,2.8463587558018086
2020-11-19 00:00:00+00:00,1017901.260401885,-0.00021198793566526382,0.2505051730982678,60.56138820175844,0.3562503606671892,2.8483351956371608
2020-11-20 00:00:00+00:00,1018370.478569409,0.00046096628993141676,0.2505582884325964,60.54425895255604,0.4084519418695771,2.845484107574639
2020-11-23 00:00:00+00:00,1017005.5109549861,-0.0013403448382953782,0.2504428427245458,60.581498489661115,0.21055389325051688,2.855835056550047
2020-11-24 00:00:00+00:00,1016784.7204043043,-0.00021709867675587735,0.250778973026595,60.473167726611685,0.11708446887678892,2.8586660489248086
2020-11-25 00:00:00+00:00,1018638.7398177553,0.001823413920612174,0.25083342863203717,60.455644667033766,0.2541698477642813,2.8460100522327108
2020-11-27 00:00:00+00:00,1020943.4556332739,0.0022625448310860143,0.25037688792918755,60.6027890649267,0.3817167406403117,2.8306638576384966
2020-11-30 00:00:00+00:00,1023048.1987902481,0.00206156682366769,0.2498116778088163,60.78570301853928,0.5186829462294997,2.8165785735704634
2020-12-01 00:00:00+00:00,1023936.2277849425,0.0008680226364158053,0.24929773387145138,60.95274612623565,0.668319038579597,2.811041804807261
2020-12-02 00:00:00+00:00,1022933.5448447405,-0.0009792435436834098,0.0,81.26477998293194,0.58903410197253,2.8220518270020345
2020-12-03 00:00:00+00:00,1023014.7300467123,7.936507936506654e-05,0.0,81.1852019718048,0.0,2.8362328465547297
2020-12-04 00:00:00+00:00,1023095.9216919541,7.936507936508483e-05,0.0,81.19164524180256,0.0,2.839511016938333
2020-12-07 00:00:00+00:00,1023177.1197809773,7.936507936503024e-05,0.0,81.19808902317097,0.0,2.830072513105312
2020-12-08 00:00:00+00:00,1023258.3243142932,7.936507936509071e-05,0.0,81.20453331595057,0.0,2.8368633716725475
2020-12-09 00:00:00+00:00,1023339.5352924134,7.936507936511276e-05,0.0,81.210978120182,0.0,2.836387233067208
2020-12-10 00:00:00+00:00,1023420.7527158493,7.936507936505673e-05,0.0,81.21742343590583,0.0,2.8394347951975263
2020-12-11 00:00:00+00:00,1023501.9765851125,7.93650793651105e-05,0.0,81.22386926316264,0.0,2.844412719937803
2020-12-14 00:00:00+00:00,1023583.2069007145,7.93650793651206e-05,0.0,81.23031560199306,0.0,2.8506273460340714
2020-12-15 00:00:00+00:00,1023664.443663167,7.936507936504741e-05,0.0,81.23676245243766,0.0,2.8451045273704976
2020-12-16 00:00:00+00:00,1023745.6868729815,7.93650793650787e-05,0.0,81.24320981453705,0.0,2.83860699811048
2020-12-17 00:00:00+00:00,1023826.9365306698,7.93650793650611e-05,0.0,81.24965768833187,0.0,2.82739466749721
2020-12-18 00:00:00+00:00,1023908.1926367437,7.936507936506863e-05,0.0,81.25610607386268,0.0,2.8393899998097076
2020-12-21 00:00:00+00:00,1023989.4551917148,7.936507936506164e-05,0.0,81.26255497117013,0.0,2.8406199763712707
2020-12-22 00:00:00+00:00,1024070.7241960951,7.936507936511415e-05,0.0,81.26900438029483,0.0,2.850876555546265
2020-12-23 00:00:00+00:00,1024151.9996503964,7.936507936507279e-05,0.0,81.27545430127739,0.0,2.84423922275242
2020-12-24 00:00:00+00:00,1024233.2815551306,7.936507936512527e-05,0.0,81.28190473415845,0.0,2.845785212562173
2020-12-28 00:00:00+00:00,1024314.5699108096,7.936507936511822e-05,0.0,81.28835567897862,0.0,2.8516387472233733
2020-12-29 00:00:00+00:00,1024395.8647179455,7.936507936512567e-05,0.0,81.29480713577854,0.0,2.8544023805271332
2020-12-30 00:00:00+00:00,1024477.1659770501,7.936507936510793e-05,0.0,81.30125910459884,0.0,2.846064095385937
2020-12-31 00:00:00+00:00,1024558.4736886355,7.936507936502536e-05,0.0,81.30771158548016,0.0,2.858693918848687
2021-01-04 00:00:00+00:00,1024639.787853214,7.936507936506555e-05,0.0,81.31416457846314,0.0,2.754879730563508
2021-01-05 00:00:00+00:00,1024721.1084712975,7.936507936507518e-05,0.0,81.32061808358841,0.0,2.761577783955066
2021-01-06 00:00:00+00:00,1024802.4355433985,7.936507936512821e-05,0.0,81.32707210089663,0.0,2.7469601775235177
2021-01-07 00:00:00+00:00,1024883.7690700289,7.936507936507136e-05,0.0,81.33352663042845,0.0,2.745937154366086
2021-01-08 00:00:00+00:00,1024965.1090517011,7.936507936509216e-05,0.0,81.33998167222451,0.0,2.7448258570372337
2021-01-11 00:00:00+00:00,1025046.4554889274,7.936507936503735e-05,0.0,81.34643722632549,0.0,2.754538118787376
2021-01-12 00:00:00+00:00,1025127.8083822202,7.936507936509445e-05,0.0,81.35289329277202,0.0,2.757822980502508
2021-01-13 00:00:00+00:00,1025209.1677320919,7.936507936511018e-05,0.0,81.35934987160478,0.0,2.7576402694058
2021-01-14 00:00:00+00:00,1025290.5335390547,7.936507936504489e-05,0.0,81.36580696286444,0.0,2.7583644704937256
2021-01-15 00:00:00+00:00,1025371.9058036213,7.936507936508602e-05,0.0,81.37226456659164,0.0,2.768557657307792
2021-01-19 00:00:00+00:00,1025453.2845263041,7.936507936508034e-05,0.0,81.37872268282709,0.0,2.7680982338372115
2021-01-20 00:00:00+00:00,1025534.6697076157,7.936507936510173e-05,0.0,81.38518131161143,0.0,2.7604539628689877
2021-01-21 00:00:00+00:00,1025616.0613480688,7.936507936511051e-05,0.0,81.39164045298537,0.0,2.7692994571306593
2021-01-22 00:00:00+00:00,1025697.4594481757,7.936507936506702e-05,0.0,81.39810010698959,0.0,2.7693153123326435
2021-01-25 00:00:00+00:00,1025778.8640084494,7.936507936504512e-05,0.0,81.40456027366474,0.0,2.7715863599002764
2021-01-26 00:00:00+00:00,1025860.2750294025,7.936507936511861e-05,0.0,81.41102095305153,0.0,2.7691482663885396
2021-01-27 00:00:00+00:00,1025941.6925115477,7.936507936513432e-05,0.0,81.41748214519068,0.0,2.7884112174397284
2021-01-28 00:00:00+00:00,1026023.1164553978,7.936507936505261e-05,0.0,81.42394385012284,0.0,2.77797140571561
2021-01-29 00:00:00+00:00,1026104.5468614657,7.936507936506076e-05,0.0,81.43040606788871,0.0,2.7793843712964423
2021-02-01 00:00:00+00:00,1026185.9837302642,7.936507936511909e-05,0.0,81.43686879852902,0.0,2.7603535950879103
2021-02-02 00:00:00+00:00,1026267.4270623063,7.936507936507445e-05,0.0,81.44333204208446,0.0,2.770811858615704
2021-02-03 00:00:00+00:00,1026348.876858105,7.93650793651141e-05,0.0,81.44979579859574,0.0,2.7700749459371714
2021-02-04 00:00:00+00:00,1026430.3331181731,7.936507936508491e-05,0.0,81.45626006810356,0.0,2.764852090695947
2021-02-05 00:00:00+00:00,1026511.7958430237,7.936507936506066e-05,0.0,81.46272485064866,0.0,2.758686227730417
2021-02-08 00:00:00+00:00,1026593.26503317,7.936507936511509e-05,0.0,81.46919014627173,0.0,2.7564711129011843
2021-02-09 00:00:00+00:00,1026674.740689125,7.93650793650951e-05,0.0,81.4756559550135,0.0,2.761189454601849
2021-02-10 00:00:00+00:00,1026756.2228114019,7.936507936507446e-05,0.0,81.48212227691468,0.0,2.7621013148084077
2021-02-11 00:00:00+00:00,1026837.711400514,7.936507936512687e-05,0.0,81.48858911201603,0.0,2.7624416710340287
2021-02-12 00:00:00+00:00,1026919.2064569744,7.936507936509927e-05,0.0,81.49505646035826,0.0,2.762278065289811
2021-02-16 00:00:00+00:00,1027000.7079812963,7.936507936506538e-05,0.0,81.50152432198209,0.0,2.754855973315611
2021-02-17 00:00:00+00:00,1027082.2159739933,7.936507936509891e-05,0.0,81.50799269692828,0.0,2.7670330931023357
2021-02-18 00:00:00+00:00,1027163.7304355785,7.93650793650468e-05,0.0,81.51446158523757,0.0,2.7690927021472675
2021-02-19 00:00:00+00:00,1027245.2513665655,7.93650793650961e-05,0.0,81.52093098695067,0.0,2.779864085828041
2021-02-22 00:00:00+00:00,1027326.7787674676,7.93650793650938e-05,0.0,81.52740090210837,0.0,2.7669146147828543
2021-02-23 00:00:00+00:00,1027408.3126387984,7.936507936511353e-05,0.0,81.5338713307514,0.0,2.779489139036926
2021-02-24 00:00:00+00:00,1027489.8529810713,7.936507936511565e-05,0.0,81.54034227292051,0.0,2.771579362285893
2021-02-25 00:00:00+00:00,1027571.3997948,7.936507936506049e-05,0.0,81.54681372865646,0.0,2.780519410255063
2021-02-26 00:00:00+00:00,1027652.953080498,7.936507936513498e-05,0.0,81.553285698,0.0,2.783856109040412
2021-03-01 00:00:00+00:00,1027734.512838679,7.936507936507286e-05,0.0,81.5597581809919,0.0,2.7850362326654055
2021-03-02 00:00:00+00:00,1027816.0790698567,7.936507936506106e-05,0.0,81.56623117767293,0.0,2.764907235656741
2021-03-03 00:00:00+00:00,1027897.6517745447,7.936507936505986e-05,0.0,81.57270468808386,0.0,2.7730562826038136
2021-03-04 00:00:00+00:00,1027979.230953257,7.936507936502964e-05,0.0,81.57917871226546,0.0,2.756032553786638
2021-03-05 00:00:00+00:00,1028060.8166065072,7.936507936504397e-05,0.0,81.58565325025849,0.0,2.753542410194681
2021-03-08 00:00:00+00:00,1028142.4087348093,7.936507936506316e-05,0.0,81.59212830210375,0.0,2.750425857407061
2021-03-09 00:00:00+00:00,1028224.0073386771,7.936507936504754e-05,0.0,81.598603867842,0.0,2.7486762594789877
2021-03-10 00:00:00+00:00,1028305.6124186246,7.93650793650707e-05,0.0,81.60507994751406,0.0,2.753239317256502
2021-03-11 00:00:00+00:00,1028387.2239751657,7.936507936509294e-05,0.0,81.61155654116068,0.0,2.7396716322300563
2021-03-12 00:00:00+00:00,1027728.2433254552,-0.0006407903894053335,0.25,61.21352523661701,0.0,2.7385805440681956
2021-03-15 00:00:00+00:00,1026628.6300949716,-0.001069945520739559,0.2501603003162534,61.16122518505268,10.262476493574084,2.731387528852576
2021-03-16 00:00:00+00:00,1027147.9144987459,0.0005058152369336,0.25042824489514565,61.07395429374446,10.27119907667943,2.7343229946379433
2021-03-17 00:00:00+00:00,1026117.8353654671,-0.0010028537455401359,0.25030163851255655,61.11516734166305,10.339092817942822,2.7278643676193193
2021-03-18 00:00:00+00:00,1027133.3373316517,0.0009896543371384838,0.2505529064332291,61.03341502949807,10.286648823775902,2.7336335462083285
2021-03-19 00:00:00+00:00,1027276.0153117256,0.0001389089175554378,0.2503051908155302,61.1140104236397,10.345168500023831,2.734340707311997
2021-03-22 00:00:00+00:00,1028340.2047587361,0.0010359333140739114,0.2502704260215554,61.12533407285191,10.332632379440199,2.74061684144746
2021-03-23 00:00:00+00:00,1030000.5412240584,0.0016145789668039244,0.2500114308514371,61.209793552773384,10.30099713347953,2.7508652411661476
2021-03-24 00:00:00+00:00,1031308.3414454665,0.001269708285642198,0.24960841834923325,61.341566288116425,10.366594969064696,2.7589596923751114
2021-03-25 00:00:00+00:00,1031160.0099490301,-0.00014382846572198038,0.0,81.84986836868782,10.331160875904757,2.758291783351481
2021-03-26 00:00:00+00:00,1031241.8480450578,7.93650793651059e-05,0.0,81.8380960277008,0.0,2.750191962915687
2021-03-29 00:00:00+00:00,1031323.6926361725,7.936507936506279e-05,0.0,81.84459111468713,0.0,2.7355462007378057
2021-03-30 00:00:00+00:00,1031405.5437228896,7.936507936502352e-05,0.0,81.85108671715655,0.0,2.74111412258836
2021-03-31 00:00:00+00:00,1031487.4013057248,7.936507936506129e-05,0.0,81.85758283514997,0.0,2.7414525535359338
2021-04-01 00:00:00+00:00,1031569.2653851934,7.936507936502356e-05,0.0,81.86407946870831,0.0,2.735534902561867
2021-04-05 00:00:00+00:00,1031651.1359618113,7.936507936509637e-05,0.0,81.87057661787249,0.0,2.7328334181396428
2021-04-06 00:00:00+00:00,1031733.013036094,7.93650793651272e-05,0.0,81.87707428268344,0.0,2.727583528156874
2021-04-07 00:00:00+00:00,1032055.2467616703,0.00031232278264322564,0.25000000000000006,61.41267934738654,0.0,2.7317890476100746
2021-04-08 00:00:00+00:00,1031526.8080795251,-0.0005120255759595369,0.24992194368310533,61.43825345259101,10.287575463779127,2.728070707486362
2021-04-09 00:00:00+00:00,1030028.7659870263,-0.0014522570627978934,0.2500499756659143,61.39631387464299,10.20606275598831,2.7181622280141187
2021-04-12 00:00:00+00:00,1031681.9077515536,0.0016049471812014668,0.2504136406441607,61.277421645079585,10.165637195514307,2.7283679809730725
2021-04-13 00:00:00+00:00,1031209.4932997541,-0.00045790708187279486,0.25001238397323744,61.408623372423015,10.22858859608382,2.7250247499652804
2021-04-14 00:00:00+00:00,1031285.5381683493,7.374337522035862e-05,0.2501269188607508,61.371130161962746,10.178307721423405,2.7251450004552082
2021-04-15 00:00:00+00:00,1030453.9286430132,-0.0008063814477735024,0.2501084750176318,61.37716546899411,10.3046537729164,2.71975201568538
2021-04-16 00:00:00+00:00,1029676.4544739345,-0.0007544967780389666,0.25031032061636305,61.31116471301505,10.354222809757063,2.7148081345489627
2021-04-19 00:00:00+00:00,1030027.3682789075,0.00034080006729132517,0.2504993215473715,61.24946041388183,10.33478818809491,2.7165749747343098
2021-04-20 00:00:00+00:00,1029320.5602665027,-0.0006862031380640374,0.2504139804459848,61.277310715863806,10.348525644622285,2.7120171591020723
2021-04-21 00:00:00+00:00,1029073.3857680018,-0.0002401336454766708,0.2505859332997698,61.221214841863436,10.431186021341928,2.7105798348057806
2021-04-22 00:00:00+00:00,1030125.0629480301,0.0010219651917665877,0.2506461218667383,61.20159781817288,10.39350070130224,2.716425995275397
2021-04-23 00:00:00+00:00,1029382.0025462772,-0.0007213302816129147,0.25039023176551556,61.28506426103227,10.33769155737303,2.7114256096598575
2021-04-26 00:00:00+00:00,1030690.0921368161,0.0012707523419908133,0.25057097619834073,61.226091213274096,10.394229840188537,2.7192428490022555
2021-04-27 00:00:00+00:00,1032543.2428923763,0.0017979708640821499,0.2502529666548739,61.329907847443856,10.405729629080081,2.730401365157733
2021-04-28 00:00:00+00:00,1032148.74319717,-0.00038206602766700126,0.2498038266528159,61.476983304234345,10.426225414338333,2.7276519053284143
2021-04-29 00:00:00+00:00,1033908.4830009973,0.0017049284954573714,0.2498993046874746,61.4456738046148,10.410482623285125,2.7383904331161966
2021-04-30 00:00:00+00:00,1034556.861693803,0.0006271142015622916,0.24947396940815575,61.585335693807444,10.402022149627298,2.7422320198409516
2021-05-03 00:00:00+00:00,1032619.7197828606,-0.0018724363857302627,0.24931761878871367,61.636794320220595,10.483865229905206,2.7297030432978793
2021-05-04 00:00:00+00:00,1032708.213273907,8.569804483781494e-05,0.24978532592159075,61.483052898717226,10.412960043275831,2.729842730587256
2021-05-05 00:00:00+00:00,1032185.2820850158,-0.0005063687711298159,0.249763921641835,61.490076191657415,10.437677414829714,2.726318476306504
2021-05-06 00:00:00+00:00,1031372.7203352576,-0.0007872247007018187,0.24989045836615495,61.44857371634859,10.574560130995259,2.721453353651174
2021-05-07 00:00:00+00:00,1031199.1784058746,-0.00016826305947527468,0.25008733329225524,61.38408468859,10.655861921542108,2.720429185832519
2021-05-10 00:00:00+00:00,1031888.2521322597,0.000668225635565626,0.2501294208338695,61.37031151959136,10.693915520647387,2.724304904023703
2021-05-11 00:00:00+00:00,1030870.047304666,-0.0009867394318034484,0.24996238955724015,61.42499991057429,10.672141887526898,2.71799390960288
2021-05-12 00:00:00+00:00,1030659.2929810061,-0.00020444315383008068,0.0,81.81508311941793,10.59081702889132,2.7216461951271382
2021-05-13 00:00:00+00:00,1030741.0913375919,7.936507936507213e-05,0.0,81.79835658579414,0.0,2.7256144104459503
2021-05-14 00:00:00+00:00,1030822.8961861107,7.936507936502906e-05,0.0,81.8048485188565,0.0,2.7206542132947944
2021-05-17 00:00:00+00:00,1030904.7075270779,7.936507936511972e-05,0.0,81.81134096715164,0.0,2.7022798564682757
2021-05-18 00:00:00+00:00,1030986.5253610086,7.936507936507857e-05,0.0,81.81783393072047,0.0,2.7034198738656916
2021-05-19 00:00:00+00:00,1031068.3496884182,7.936507936509179e-05,0.0,81.82432740960385,0.0,2.7104476863722033
2021-05-20 00:00:00+00:00,1031150.1805098221,7.936507936511972e-05,0.0,81.83082140384272,0.0,2.706942853050971
2021-05-21 00:00:00+00:00,1031232.0178257356,7.936507936512269e-05,0.0,81.83731591347794,0.0,2.714262998477919
2021-05-24 00:00:00+00:00,1031313.8616366741,7.936507936506103e-05,0.0,81.84381093855045,0.0,2.7117076605394383
2021-05-25 00:00:00+00:00,1031395.7119431533,7.936507936512085e-05,0.0,81.85030647910112,0.0,2.7177576720439403
2021-05-26 00:00:00+00:00,1031477.5687456884,7.936507936503673e-05,0.0,81.8568025351709,0.0,2.718833696832809
2021-05-27 00:00:00+00:00,1031559.4320447952,7.936507936510761e-05,0.0,81.86329910680067,0.0,2.724047631546394
2021-05-28 00:00:00+00:00,1031641.3018409893,7.936507936506808e-05,0.0,81.86979619403137,0.0,2.723831443663306
2021-06-01 00:00:00+00:00,1031723.1781347862,7.93650793651042e-05,0.0,81.87629379690391,0.0,2.7193372503784348
2021-06-02 00:00:00+00:00,1031805.0609267016,7.936507936506344e-05,0.0,81.88279191545922,0.0,2.723371803701431
2021-06-03 00:00:00+00:00,1031886.9502172514,7.936507936513183e-05,0.0,81.88929054973822,0.0,2.7286901167892164
2021-06-04 00:00:00+00:00,1031968.8460069512,7.936507936504399e-05,0.0,81.89578969978186,0.0,2.7305248238751045
2021-06-07 00:00:00+00:00,1032050.7482963168,7.936507936509879e-05,0.0,81.90228936563105,0.0,2.7332131699279754
2021-06-08 00:00:00+00:00,1032132.6570858641,7.936507936503087e-05,0.0,81.90878954732673,0.0,2.7409626322545084
2021-06-09 00:00:00+00:00,1032214.572376109,7.936507936502621e-05,0.0,81.91529024490985,0.0,2.740237954929181
2021-06-10 00:00:00+00:00,1032296.4941675673,7.936507936504512e-05,0.0,81.92179145842135,0.0,2.728271711543301
2021-06-11 00:00:00+00:00,1032378.4224607552,7.936507936504792e-05,0.0,81.92829318790217,0.0,2.7280447350193717
2021-06-14 00:00:00+00:00,1032460.3572561886,7.936507936510773e-05,0.0,81.93479543339328,0.0,2.7272395528991233
2021-06-15 00:00:00+00:00,1032542.2985543836,7.936507936507209e-05,0.0,81.94129819493561,0.0,2.7299090458150648
2021-06-16 00:00:00+00:00,1032624.2463558562,7.936507936512687e-05,0.0,81.94780147257012,0.0,2.7281441896054712
2021-06-17 00:00:00+00:00,1032706.2006611226,7.936507936511964e-05,0.0,81.9543052663378,0.0,2.7331824269278306
2021-06-18 00:00:00+00:00,1032788.1614706989,7.936507936512348e-05,0.0,81.96080957627957,0.0,2.74752746041702
2021-06-21 00:00:00+00:00,1032870.1287851013,7.93650793650987e-05,0.0,81.96731440243641,0.0,2.740615582216351
2021-06-22 00:00:00+00:00,1032952.1026048462,7.93650793651184e-05,0.0,81.97381974484931,0.0,2.7426224252185705
2021-06-23 00:00:00+00:00,1033034.0829304497,7.936507936503016e-05,0.0,81.98032560355922,0.0,2.7447523331987402
2021-06-24 00:00:00+00:00,1033116.0697624284,7.936507936513242e-05,0.0,81.98683197860713,0.0,2.7424160992731594
2021-06-25 00:00:00+00:00,1033198.0631012984,7.936507936504745e-05,0.0,81.993338870034,0.0,2.747334529499159
2021-06-28 00:00:00+00:00,1033280.0629475763,7.936507936507362e-05,0.0,81.99984627788082,0.0,2.7531688438797435
2021-06-29 00:00:00+00:00,1033940.3317409185,0.0006390027418690922,0.25000000000000006,61.50476565164144,0.0,2.7506841396539397
2021-06-30 00:00:00+00:00,1034734.5526367936,0.0007681496421924494,0.24984035133047033,61.55716793682733,0.9516901458013161,2.7459874860913955
2021-07-01 00:00:00+00:00,1033786.814091877,-0.0009159243232977137,0.24964858386010433,61.62020134126186,0.892962284341867,2.769943992871969
2021-07-02 00:00:00+00:00,1034158.8128612969,0.00035984089209606146,0.24987745269687306,61.54498399642722,0.9496405002387462,2.76806815202017
2021-07-06 00:00:00+00:00,1033329.7031147492,-0.0008017238128579065,0.2497875689152401,61.574507708285935,0.9024037171681769,2.7737445828795053
2021-07-07 00:00:00+00:00,1033384.186657968,5.2726194799765365e-05,0.24998799023994395,61.50870534744882,0.9235245255370583,2.773838907001341
2021-07-08 00:00:00+00:00,1030513.9308014404,-0.0027775302676250474,0.24997481001941585,61.51302943818046,0.6914912550785062,2.792458735793764
2021-07-09 00:00:00+00:00,1032346.2064455873,0.0017780212274490805,0.2506710564659676,61.28523135432908,0.8469112548697777,2.7811531217287158
2021-07-12 00:00:00+00:00,1031261.6425612833,-0.0010505815563930068,0.25022614906127383,61.4306500562455,0.7456598940926382,2.7884277629526038
2021-07-13 00:00:00+00:00,1032393.8988904773,0.0010979331359419384,0.25048930850886686,61.34457355749121,0.8336786535334777,2.7816115582172585
2021-07-14 00:00:00+00:00,1032551.7748346085,0.0001529221979139527,0.2502145896198272,61.4344351709193,0.8937885615560128,2.7810652806768386
2021-07-15 00:00:00+00:00,1033187.0456433834,0.000615243539605186,0.2501763321052556,61.44696500775512,0.9503560741036143,2.7775321860258466
2021-07-16 00:00:00+00:00,1031376.2888066933,-0.0017525934382602868,0.25002250737283854,61.49738332591185,0.7473671811939326,2.7892254279056203
2021-07-19 00:00:00+00:00,1029032.5561685768,-0.0022724321506636235,0.25046146449204437,61.353672465857066,0.5588993507574149,2.8047296073975834
2021-07-20 00:00:00+00:00,1029347.7251814799,0.00030627700845209046,0.2510319174921964,61.16766193902243,0.5788081654925823,2.8030721742091593
2021-07-21 00:00:00+00:00,1030999.1862611768,0.0016043762853857084,0.25095505572847193,61.19267535274491,0.6837651051643905,2.792854491217882
2021-07-22 00:00:00+00:00,1030045.8728800565,-0.0009246499840387193,0.25055307431780593,61.32374369240339,0.6160135105417897,2.7993668482498606
2021-07-23 00:00:00+00:00,1029774.1668510047,-0.0002637805132815062,0.25078496262949845,61.24808390025098,0.5709884301522528,2.801631996459544
2021-07-26 00:00:00+00:00,1031516.5457199978,0.0016920009503843371,0.2508511322699259,61.22651992969132,0.6929257817120513,2.790737983352417
2021-07-27 00:00:00+00:00,1031986.4807877162,0.000455576858818458,0.250427408856139,61.364803966912994,0.7289613647845623,2.7880905424017426
2021-07-28 00:00:00+00:00,1032692.8444425683,0.0006844698724278459,0.25031337187645925,61.402100400858906,0.8044813409783049,2.783941937762045
2021-07-29 00:00:00+00:00,1033522.8309291872,0.0008037108914674461,0.25014215710609605,61.45816100838684,0.9306606702561098,2.7792072495755313
2021-07-30 00:00:00+00:00,1034336.7594518454,0.0007875283431585385,0.2499412765798815,61.5240329517693,0.9490162591975548,2.7744195217731313
2021-08-02 00:00:00+00:00,1035237.3872463125,0.0008707297562781425,0.0,82.09021900411472,0.9570242916915899,2.773092114728521
2021-08-03 00:00:00+00:00,1035319.548943713,7.936507936507938e-05,0.0,82.16169740050098,0.0,2.768336359745769
2021-08-04 00:00:00+00:00,1035401.7171618831,7.93650793651183e-05,0.0,82.16821817013594,0.0,2.7756612921882082
2021-08-05 00:00:00+00:00,1035483.8919013405,7.936507936510381e-05,0.0,82.17473945729232,0.0,2.77894241332981
2021-08-06 00:00:00+00:00,1035566.0731626025,7.936507936510869e-05,0.0,82.18126126201115,0.0,2.777479580199957
2021-08-09 00:00:00+00:00,1035648.2609461868,7.936507936509327e-05,0.0,82.18778358433353,0.0,2.7737480570530817
2021-08-10 00:00:00+00:00,1035730.4552526112,7.936507936513028e-05,0.0,82.19430642430055,0.0,2.781983610421228
2021-08-11 00:00:00+00:00,1035812.6560823931,7.936507936506766e-05,0.0,82.20082978195327,0.0,2.7840761070183384
2021-08-12 00:00:00+00:00,1035894.8634360505,7.936507936509053e-05,0.0,82.20735365733279,0.0,2.7940077554307208
2021-08-13 00:00:00+00:00,1035977.0773141009,7.936507936504685e-05,0.0,82.21387805048019,0.0,2.7962258757768206
2021-08-16 00:00:00+00:00,1036059.2977170624,7.936507936512169e-05,0.0,82.22040296143658,0.0,2.8033818628261513
2021-08-17 00:00:00+00:00,1035567.3750796956,-0.00047480162424172885,0.14648299225055944,70.18208187606776,0.0,2.810187136416892
2021-08-18 00:00:00+00:00,1034222.9219804498,-0.001298276801296797,0.14655257565151558,70.14304039691167,0.30742843915306906,2.826062480905884
2021-08-19 00:00:00+00:00,1033473.8452866457,-0.0007242893943693502,0.14674308879945455,70.03633776998741,0.23017606067175334,2.835650780988391
2021-08-20 00:00:00+00:00,1033499.2914938193,2.462201369651162e-05,0.146849450298875,69.97688723873311,0.23218669626089894,2.836065914036471
2021-08-23 00:00:00+00:00,1034761.3697104041,0.0012211698904607293,0.14684583465872275,69.97890677898499,0.3613663639093463,2.8220833887047965
2021-08-24 00:00:00+00:00,1034827.4305134861,6.38415822389672e-05,0.1466667296645241,70.07907171680917,0.355894709595443,2.8221661627876204
2021-08-25 00:00:00+00:00,1034657.0624032101,-0.00016463431993827486,0.14665736682617891,70.0843146376887,0.31973929387803635,2.8250299892468433
2021-08-26 00:00:00+00:00,1034236.3598342165,-0.0004066106387138398,0.14668151563775345,70.07079335909536,0.2846110076587691,2.8305521663652113
2021-08-27 00:00:00+00:00,1035176.0597752038,0.0009085930232987653,0.1467411821635586,70.03740426631809,0.39372941274816786,2.820434740600455
2021-08-30 00:00:00+00:00,1034729.0349741897,-0.0004318345626261705,0.14660797518014995,70.11198362671392,0.34027944177742886,2.8262508865706186
2021-08-31 00:00:00+00:00,1035381.5738800605,0.000630637474947273,0.14667131292241561,70.07650546790327,0.3927549751023569,2.819743567484891
2021-09-01 00:00:00+00:00,1035262.4816395601,-0.0001150225612515836,0.14657887479093684,70.1282942699565,0.3755221801465487,2.821841778025914
2021-09-02 00:00:00+00:00,1035750.5241212088,0.0004714190751661509,0.14659573660803005,70.11884250483743,0.4025054801551171,2.8172609027845694
2021-09-03 00:00:00+00:00,1036235.9771531164,0.0004686968730423219,0.14652666114494592,70.15757603512701,0.4676246862841089,2.812644435102026
2021-09-07 00:00:00+00:00,1036404.1304984994,0.0001622732168062512,0.14645801673047237,70.19610405353237,0.4205139536431606,2.811681718336859
2021-09-08 00:00:00+00:00,1036297.7540924958,-0.00010263989005180703,0.14643425437296465,70.20944955713419,0.39858665283094763,2.8136699076703415
2021-09-09 00:00:00+00:00,1035672.3924741587,-0.0006034574675738299,0.14644928591156878,70.20100698522914,0.3513553394454858,2.8213863048525036
2021-09-10 00:00:00+00:00,1035310.4846909463,-0.00034944233895025165,0.14653771519008144,70.15137511075795,0.3043093069525986,2.8263960464373965
2021-09-13 00:00:00+00:00,1036198.8902847234,0.0008581054735887042,0.1465889395719897,70.12265227082045,0.37860822731035504,2.8170819188521494
2021-09-14 00:00:00+00:00,1036110.8240068944,-8.498974343120586e-05,0.14646325864806417,70.19316065127896,0.38403919806766496,2.818724600159001
2021-09-15 00:00:00+00:00,1036647.2282646968,0.0005177093466971057,0.14647570758087036,70.18617126414968,0.4044935690780629,2.813636936730379
2021-09-16 00:00:00+00:00,1036387.8690080052,-0.000250190469448019,0.0,82.2735895448172,0.30299004293196163,2.8194166547665214
2021-09-17 00:00:00+00:00,1036470.122013482,7.936507936503989e-05,0.0,82.25300547682582,0.0,2.8274990023531386
2021-09-20 00:00:00+00:00,1036552.3815469751,7.936507936502883e-05,0.0,82.25953349313349,0.0,2.8360055273740086
2021-09-21 00:00:00+00:00,1035584.088224109,-0.0009341479891454982,0.14703153726587612,70.17035646281892,0.0,2.841939683541016
2021-09-22 00:00:00+00:00,1036077.2323667584,0.00047619903420401805,0.14716901490521436,70.09350778640098,0.4349756804412295,2.8373374079438207
2021-09-23 00:00:00+00:00,1036122.2231404481,4.342415052102421e-05,0.1470989665194254,70.13264621042077,0.398412926568122,2.8377398201996984
2021-09-24 00:00:00+00:00,1035656.6745914739,-0.00044931817750530704,0.1470925791491279,70.13621690674535,0.36281154953545314,2.8436904248690116
2021-09-27 00:00:00+00:00,1035704.7440720382,4.641449405353408e-05,0.14715870022811844,70.09926860920771,0.35862025935289177,2.8439531401859135
2021-09-28 00:00:00+00:00,1035998.0060785438,0.0002831521320956965,0.1471518702485118,70.10308364734773,0.3509394732219957,2.8416340586259285
2021-09-29 00:00:00+00:00,1035464.5388287826,-0.000514930768815374,0.14711021567728974,70.12635840976881,0.2944088375763443,2.848628161642142
2021-09-30 00:00:00+00:00,1035401.0083592393,-6.135455842375837e-05,0.1471860062806627,70.08401973915285,0.32407803499079235,2.849681415827619
2021-10-01 00:00:00+00:00,1034716.8609449817,-0.0006607559860713058,0.14719503736718254,70.07897763839544,0.27553829414340303,2.7773804758286063
2021-10-04 00:00:00+00:00,1035139.3316339161,0.0004082959357099929,0.1472923616768631,70.02468022456547,0.31571551209480964,2.772934116483203
2021-10-05 00:00:00+00:00,1035691.3625141543,0.0005332913776610236,0.1472322473486652,70.05820964432218,0.34057840755340085,2.7676296570329573
2021-10-06 00:00:00+00:00,1036769.4274353945,0.0010409133070523918,0.14715377151112802,70.10202161894425,0.4271408046112781,2.7558940152766627
2021-10-07 00:00:00+00:00,1037341.3784611725,0.000551666562152367,0.14700075646757416,70.18758232697918,0.45358336497578033,2.750366635672967
2021-10-08 00:00:00+00:00,1038084.6112522064,0.0007164784963426983,0.14691970577857486,70.232975265533,0.5065066713738211,2.742746070059578
2021-10-11 00:00:00+00:00,1037992.5319548146,-8.870114862866721e-05,0.1468145163346701,70.29196199498013,0.4899519142115465,2.7446109851569958
2021-10-12 00:00:00+00:00,1038731.1444256325,0.0007115778274695121,0.14682754010612784,70.28465411423474,0.5559242828928943,2.737001217464704
2021-10-13 00:00:00+00:00,1039263.2633469808,0.0005122778152978928,0.14672313517635951,70.34327415160126,0.6468177901710073,2.7317729417413115
2021-10-14 00:00:00+00:00,1040458.9539235831,0.0011505175048250966,0.146648010653844,70.38550581202571,0.740246551387707,2.7198044263632655
2021-10-15 00:00:00+00:00,1041300.0328410212,0.0008083729918093638,0.14647948344404388,70.48040188953384,0.754862355938474,2.711334653661503
2021-10-18 00:00:00+00:00,1041012.7339070253,-0.00027590408617585296,0.14636116902795204,70.54715418456861,0.7201641126080673,2.7151144093571484
2021-10-19 00:00:00+00:00,1041333.1014843318,0.00030774606964132793,0.1464015618170799,70.52435268187052,0.7485255681149354,2.7124845627116123
2021-10-20 00:00:00+00:00,1041496.0555863739,0.00015648604832579883,0.14635652117292255,70.54977868006945,0.7788693674637801,2.711673391154165
2021-10-21 00:00:00+00:00,1041244.4911389446,-0.00024154143079075838,0.14633362200267816,70.56271154531089,0.7572473787165146,2.7150900264563904
2021-10-22 00:00:00+00:00,1041301.7417716511,5.498289133210687e-05,0.14636897617460676,70.54274611297522,0.7705521650675184,2.7153251559621814
2021-10-25 00:00:00+00:00,1041655.794104214,0.00034000935402305404,0.14636092882756174,70.54728981398368,0.8169483375431874,2.712575811228575
2021-10-26 00:00:00+00:00,1042151.313407648,0.0004757034965280362,0.14631118165720014,70.57538920545693,0.8258495008743996,2.707908522516671
2021-10-27 00:00:00+00:00,1041568.7416812092,-0.0005590087724727008,0.14624161401007765,70.6147161343009,0.7802496221709143,2.7147611760314305
2021-10-28 00:00:00+00:00,1040528.9929317912,-0.0009982526431617752,0.14632341007993044,70.56848028299623,0.6951853131194521,2.726462450085727
2021-10-29 00:00:00+00:00,1039699.8789182474,-0.0007968197130266492,0.14646962376900077,70.48596054097894,0.5992990163251561,2.73613961131059
2021-11-01 00:00:00+00:00,1039508.674519392,-0.00018390345399904115,0.14658642672347616,70.42015784149132,0.5912919225962618,2.7389312441766163
2021-11-02 00:00:00+00:00,1039063.6359589441,-0.00042812395062852645,0.14661338943219526,70.40498288920121,0.542130035144887,2.74461123448004
2021-11-03 00:00:00+00:00,1040737.2918200998,0.00161073470693747,0.14667618501998914,70.36966236853074,0.6538926286285527,2.727170675675974
2021-11-04 00:00:00+00:00,1039541.3835076955,-0.0011490972042645113,0.14644030853254114,70.5024921987812,0.5765544262077074,2.7408593471379383
2021-11-05 00:00:00+00:00,1040368.2413004031,0.000795406326121989,0.14660877626747074,70.40757884065388,0.6814817063708904,2.7326538212561906
2021-11-08 00:00:00+00:00,1040316.8973209723,-4.9351736618443335e-05,0.14649225540079705,70.47320247499576,0.6814001294713901,2.7339394188316186
2021-11-09 00:00:00+00:00,1040838.6093674118,0.0005014933889693047,0.1464994854048155,70.4691275559933,0.7250377218020432,2.7292310368161163
2021-11-10 00:00:00+00:00,1041221.0883290173,0.00036747191943419606,0.14642605370690862,70.51053327396468,0.7816337354165583,2.7261722260529835
2021-11-11 00:00:00+00:00,1042208.7721817773,0.000948582259647727,0.1463722660093662,70.54088874710797,0.8777938844784401,2.7171353520825865
2021-11-12 00:00:00+00:00,1042323.3041768448,0.0001098935243345977,0.14623355145668912,70.61927635446987,0.8843501399698999,2.7167255460115154
2021-11-15 00:00:00+00:00,1042700.05457109,0.00036145252891835893,0.14621748310215169,70.62836619534826,0.9046572519788965,2.713627255138582
2021-11-16 00:00:00+00:00,1041930.9182052743,-0.0007376391345180711,0.1461646515192216,70.65826702028835,0.8179479000526553,2.721809667186965
2021-11-17 00:00:00+00:00,1042106.1615121325,0.00016819090766601762,0.14627254787483973,70.59722445157283,0.8545650385254269,2.7210174187421754
2021-11-18 00:00:00+00:00,1041570.0282435281,-0.0005144708748544929,0.1462479502993346,70.61113265052983,0.7941169649648014,2.727001487329012
2021-11-19 00:00:00+00:00,1041207.738321047,-0.00034783059483000695,0.14632322933914424,70.56858239111678,0.740050999727438,2.731301402496973
2021-11-22 00:00:00+00:00,1041999.0579654303,0.0007600016934750008,0.14637414274428273,70.5398292226659,0.7327055852944859,2.72352339638181
2021-11-23 00:00:00+00:00,1042034.291029821,3.3812952249221554e-05,0.14626298262979137,70.60263236904552,0.7013570178747368,2.723777037445217
2021-11-24 00:00:00+00:00,1042037.1634419203,2.7565427779074377e-06,0.14625803721376301,70.60542864399717,0.6937416097127056,2.7244845359214183
2021-11-26 00:00:00+00:00,1041441.2129745636,-0.0005719090338277842,0.14625763404833816,70.6056566132114,0.6361246290966509,2.7316281858308584
2021-11-29 00:00:00+00:00,1041843.6040719636,0.00038637907967044923,0.14634132797582988,70.55835895707197,0.6582761941792037,2.7280433597059925
2021-11-30 00:00:00+00:00,1041905.8605396671,5.975605883663588e-05,0.14628480658689108,70.59029475845293,0.6389537927719693,2.728126817344013
2021-12-01 00:00:00+00:00,1039725.4541381553,-0.002092709604668488,0.14627606570570237,70.5952357479532,0.4742860210901516,2.7528582789772127
2021-12-02 00:00:00+00:00,1039649.8676614541,-7.2698495935016e-05,0.146582820983053,70.4221876208491,0.4420796404678642,2.754773070138186
2021-12-03 00:00:00+00:00,1039369.0118029806,-0.0002701446585140424,0.14659347810842538,70.41618869412677,0.4405381612309818,2.758351287699002
2021-12-06 00:00:00+00:00,1040505.7423608882,0.0010936737049103793,0.14663309025451904,70.39389854662888,0.5140877524053287,2.74655446745857
2021-12-07 00:00:00+00:00,1040733.2074622881,0.0002186101355710066,0.1464728966989174,70.48411525757392,0.5361214841886022,2.744727723123499
2021-12-08 00:00:00+00:00,1040964.7300428237,0.00022246102927777112,0.14644088323757967,70.50216804339932,0.5482382912005614,2.7429518188527853
2021-12-09 00:00:00+00:00,1039922.4759327428,-0.0010012386395051173,0.14640831309355407,70.52054285137832,0.44724850642149705,2.7554851057606573
2021-12-10 00:00:00+00:00,1039128.2408491729,-0.0007637445116834423,0.14655504967210037,70.43782427121317,0.39471881485957505,2.76500830907821
2021-12-13 00:00:00+00:00,1039370.89802754,0.0002335199533877778,0.14666706583867936,70.37478974077112,0.4073651982068205,2.7630689255599448
2021-12-14 00:00:00+00:00,1039348.6142508314,-2.143967735754218e-05,0.1466328241484191,70.39404824699074,0.37832721149629944,2.764515978907123
2021-12-15 00:00:00+00:00,1038142.5908400035,-0.001160364669074272,0.14663596797626152,70.3922796932837,0.28975720756586987,2.778975753972243
2021-12-16 00:00:00+00:00,1040089.6655307043,0.001875536855804558,0.14680631683951903,70.2965635495672,0.47140247281516756,2.757012901757711
2021-12-17 00:00:00+00:00,1040324.6890451427,0.00022596466653526464,0.14653149162643764,70.4510932869244,0.47673449256780054,2.7552767873087043
2021-12-20 00:00:00+00:00,1039465.1049819938,-0.0008262651768246568,0.14649838816700753,70.46974594680047,0.3951849424952505,2.7658227587178983
2021-12-21 00:00:00+00:00,1040265.6241481043,0.0007701260602917653,0.14661953478284082,70.4015249894077,0.44892980569605245,2.7576572944242224
2021-12-22 00:00:00+00:00,1040191.7315260358,-7.103245589705669e-05,0.14650670615042685,70.46505825655935,0.4629292514505974,2.758914155969545
2021-12-23 00:00:00+00:00,1040303.605183931,0.00010755099709455392,0.1465171136208383,70.45919376274436,0.47313815668938974,2.7583611618370125
2021-12-27 00:00:00+00:00,1040196.5533321371,-0.00010290443218733584,0.14650135725378993,70.46807262448209,0.4659707479631443,2.7602283500073774
2021-12-28 00:00:00+00:00,1040095.5923416958,-9.705953179507173e-05,0.14651643444428256,70.45957644576829,0.4439279520799255,2.7622410967731184
2021-12-29 00:00:00+00:00,1040482.2703694602,0.0003717716242733539,0.14653065664120976,70.45156366874913,0.46659096529787525,2.758759990229793
2021-12-30 00:00:00+00:00,1041130.6826521895,0.0006231843647840792,0.14647620094606667,70.48225240111138,0.5301530481706043,2.7522168527804522
2021-12-31 00:00:00+00:00,1040925.3613107804,-0.0001972099610839217,0.1463849761177108,70.53371369339149,0.5328391155160634,2.754985012968081
2022-01-03 00:00:00+00:00,1040704.851303846,-0.0002118403635172537,0.14641385038744786,70.5174183488352,0.4652942167594949,2.6961653655536835
2022-01-04 00:00:00+00:00,1040581.7747182029,-0.00011826271924159236,0.14644487332264777,70.49991755463408,0.46620834383095455,2.6979949725469976
2022-01-05 00:00:00+00:00,1039474.0394119134,-0.0010645346028566524,0.1464621943400165,70.49014957164653,0.3677848638288179,2.7116057771277577
2022-01-06 00:00:00+00:00,1038830.115094123,-0.0006194712839146334,0.1466182745667039,70.40223407114735,0.2788102516930693,2.7210541714996688
2022-01-07 00:00:00+00:00,1039005.8751277957,0.0001691903528007245,0.14670915667635223,70.35112896656082,0.29584926469090855,2.7194892264287462
2022-01-10 00:00:00+00:00,1039832.8443238687,0.0007959235032923146,0.14668433910126935,70.36507817558247,0.3647524314162147,2.710321749064115
2022-01-11 00:00:00+00:00,1040130.4346688115,0.0002861905608840999,0.14656768243799387,70.43071065146127,0.41476499723943827,2.7068085449559325
2022-01-12 00:00:00+00:00,1041123.6086314452,0.0009548552080873824,0.1465257481519463,70.45432893280594,0.49474394650602127,2.6962229532692428
2022-01-13 00:00:00+00:00,1040529.2412170084,-0.0005708903433839748,0.14638597074538914,70.53315226317369,0.43530064101630006,2.7038648488427337
2022-01-14 00:00:00+00:00,1040214.3992371273,-0.00030257869496577114,0.14646958881924546,70.48598024615491,0.3992784568476784,2.7083964136080048
2022-01-18 00:00:00+00:00,1039752.9278398464,-0.00044363104146545167,0.14651392081019854,70.46099278743418,0.34932220489337684,2.7147505373436625
2022-01-19 00:00:00+00:00,1042664.7743434167,0.002800517724552,0.14657894778145975,70.42436807336425,0.6167173744977335,2.6819629300780945
2022-01-20 00:00:00+00:00,1042805.2010836442,0.00013468062188629038,0.0,82.75117256693783,0.564862284870209,2.6889428668515096
2022-01-21 00:00:00+00:00,1042887.9634011905,7.936507936505357e-05,0.0,82.76231754632097,0.0,2.7003249035270107
2022-01-24 00:00:00+00:00,1042970.7322871747,7.936507936506062e-05,0.0,82.76888598422147,0.0,2.7125563993475277
2022-01-25 00:00:00+00:00,1043053.5077421181,7.936507936507075e-05,0.0,82.77545494342657,0.0,2.7088304681172803
2022-01-26 00:00:00+00:00,1043136.289766542,7.936507936504429e-05,0.0,82.78202442397763,0.0,2.7164624225216465
2022-01-27 00:00:00+00:00,1043219.0783609679,7.93650793650532e-05,0.0,82.78859442591603,0.0,2.7261185457446775
2022-01-28 00:00:00+00:00,1043301.8735259172,7.936507936505778e-05,0.0,82.79516494928316,0.0,2.7318555916739085
2022-01-31 00:00:00+00:00,1043384.6752619114,7.936507936512997e-05,0.0,82.8017359941204,0.0,2.7156198036040067
2022-02-01 00:00:00+00:00,1043467.4835694719,7.936507936511852e-05,0.0,82.80830756046916,0.0,2.7090331763253452
2022-02-02 00:00:00+00:00,1043550.2984491203,7.936507936509532e-05,0.0,82.81487964837078,0.0,2.71165753086702
2022-02-03 00:00:00+00:00,1043633.1199013782,7.936507936513229e-05,0.0,82.82145225786668,0.0,2.7168118403207817
2022-02-04 00:00:00+00:00,1043715.9479267672,7.93650793650782e-05,0.0,82.82802538899827,0.0,2.715953456648476
2022-02-07 00:00:00+00:00,1043798.782525809,7.936507936511647e-05,0.0,82.83459904180692,0.0,2.7050543725892076
2022-02-08 00:00:00+00:00,1043881.6236990254,7.93650793650959e-05,0.0,82.84117321633404,0.0,2.6990302279588976
2022-02-09 00:00:00+00:00,1043964.471446938,7.936507936508835e-05,0.0,82.84774791262106,0.0,2.7038946921484652
2022-02-10 00:00:00+00:00,1044047.3257700687,7.936507936505416e-05,0.0,82.85432313070936,0.0,2.7202592527604996
2022-02-11 00:00:00+00:00,1044130.1866689393,7.936507936506515e-05,0.0,82.86089887064037,0.0,2.699665490596538
2022-02-14 00:00:00+00:00,1044213.0541440718,7.936507936508167e-05,0.0,82.8674751324555,0.0,2.690786891014153
2022-02-15 00:00:00+00:00,1044295.928195988,7.936507936506405e-05,0.0,82.87405191619617,0.0,2.693582088654531
2022-02-16 00:00:00+00:00,1044378.8088252099,7.93650793650841e-05,0.0,82.8806292219038,0.0,2.681739504277738
2022-02-17 00:00:00+00:00,1044461.6960322595,7.936507936510215e-05,0.0,82.88720704961983,0.0,2.669753894176433
2022-02-18 00:00:00+00:00,1044544.5898176589,7.936507936507852e-05,0.0,82.89378539938568,0.0,2.6707008924831257
2022-02-22 00:00:00+00:00,1044627.4901819301,7.936507936508503e-05,0.0,82.90036427124276,0.0,2.6844953887313054
2022-02-23 00:00:00+00:00,1044710.3971255954,7.9365079365082e-05,0.0,82.90694366523255,0.0,2.6764245307425725
2022-02-24 00:00:00+00:00,1044793.3106491767,7.936507936502976e-05,0.0,82.91352358139646,0.0,2.687903905016304
2022-02-25 00:00:00+00:00,1044876.2307531965,7.936507936511151e-05,0.0,82.92010401977593,0.0,2.6738002995624464
2022-02-28 00:00:00+00:00,1044959.1574381769,7.936507936506471e-05,0.0,82.92668498041242,0.0,2.6820008214920446
2022-03-01 00:00:00+00:00,1045042.0907046403,7.936507936507256e-05,0.0,82.93326646334738,0.0,2.6729653288725954
2022-03-02 00:00:00+00:00,1045125.0305531089,7.936507936509536e-05,0.0,82.93984846862224,0.0,2.6657810020565167
2022-03-03 00:00:00+00:00,1045207.9769841052,7.936507936509345e-05,0.0,82.94643099627848,0.0,2.6648518399230694
2022-03-04 00:00:00+00:00,1045290.9299981515,7.936507936502716e-05,0.0,82.95301404635755,0.0,2.652013538277056
2022-03-07 00:00:00+00:00,1045913.6020444486,0.0005956925755571366,0.25,62.219698214175686,0.0,2.6527797778430506
2022-03-08 00:00:00+00:00,1048707.9070129243,0.002671640337226404,0.249851165515708,62.269116630548474,10.307803497787013,2.670367082839569
2022-03-09 00:00:00+00:00,1045756.6628084312,-0.0028141717867840505,0.24918543166502255,62.49088686614177,9.980704834611162,2.6510868958815355
2022-03-10 00:00:00+00:00,1044271.3772418638,-0.0014202974930885312,0.2498886612854493,62.25666113562645,9.974160086949073,2.6410562324765374
2022-03-11 00:00:00+00:00,1045018.1718828555,0.0007151346453296069,0.25024408232824036,62.138781328756025,9.943928972174575,2.645550663264573
2022-03-14 00:00:00+00:00,1047116.3726542866,0.002007812713582452,0.25006525200293994,62.19805074470774,9.836833441298047,2.659439599017018
2022-03-15 00:00:00+00:00,1043927.1651842747,-0.003045704902815839,0.24956417388176544,62.36457461545624,9.609661221367421,2.6375468098220813
2022-03-16 00:00:00+00:00,1044253.9865249598,0.0003130691025052859,0.2503265948189106,62.111462911487045,9.661563114476007,2.6394030675390963
2022-03-17 00:00:00+00:00,1043235.2992428709,-0.0009755167758361844,0.2502482498239347,62.137401113128725,9.70877525833465,2.632258871093921
2022-03-18 00:00:00+00:00,1043132.6515225081,-9.839364181527883e-05,0.2504926095667901,62.05655291613754,9.612782015580034,2.6311151126605212
2022-03-21 00:00:00+00:00,1041687.4201219392,-0.0013854723063836385,0.2505172588722281,62.048406271664305,9.649575446695387,2.6212979698735563
2022-03-22 00:00:00+00:00,1042111.4045627094,0.0004070169540115995,0.2508648251401055,61.93370536685723,9.587017672797526,2.6235760181686043
2022-03-23 00:00:00+00:00,1041451.2935145773,-0.0006334361616635991,0.25076276044516954,61.967354925648536,9.687805397649587,2.619215933414664
2022-03-24 00:00:00+00:00,1042929.7229420912,0.0014195857614469985,0.2509217033258023,61.91496515992377,9.77087626481931,2.6286567230844238
2022-03-25 00:00:00+00:00,1042242.3767640394,-0.0006590532064929439,0.25056600339508,62.03230082877407,9.743975183544075,2.623810536336082
2022-03-28 00:00:00+00:00,1042493.023963682,0.0002404883981217715,0.2507312486284566,61.97774954480171,9.60071056152141,2.6247463585368136
2022-03-29 00:00:00+00:00,1040946.4516271818,-0.001483532552208273,0.2506709651695873,61.997642179693976,9.53572953316922,2.6140598223580045
2022-03-30 00:00:00+00:00,1041221.3681687128,0.0002641024820260838,0.25104339621989646,61.874898343463805,9.620348635215132,2.615811381038072
2022-03-31 00:00:00+00:00,1041932.3720990955,0.0006828556847936844,0.2509771125415425,61.89671711660118,9.644177797606591,2.6201548057426485
2022-04-01 00:00:00+00:00,1037882.5830092706,-0.003886806090558556,0.25080584834222247,61.953145999964896,9.506056540764696,2.5732225603165433
2022-04-04 00:00:00+00:00,1039533.6779550156,0.0015908301890544517,0.25178448581519713,61.631734167439106,9.571037569116886,2.583709132674155
2022-04-05 00:00:00+00:00,1041170.7706124628,0.0015748336895325228,0.2513845756432013,61.762773448847426,9.554558578475678,2.593907888401282
2022-04-06 00:00:00+00:00,1041701.4446896225,0.0005096897570871675,0.2509893092233239,61.892701437533724,9.575786553776231,2.597109920716451
2022-04-07 00:00:00+00:00,1040605.4830110222,-0.001052088085494431,0.2508614477129766,61.93481842778449,9.586745820210734,2.5896507834100664
2022-04-08 00:00:00+00:00,1038893.4720292471,-0.001645206574177726,0.2511256540215346,61.84783734218131,9.635854855620527,2.5786879760447645
2022-04-11 00:00:00+00:00,1040640.2166792338,0.0016813510692052572,0.251539488441584,61.71196345473883,9.690019639225625,2.5896146678526284
2022-04-12 00:00:00+00:00,1040398.6752824067,-0.00023210845876960785,0.2511172721475628,61.850593982515555,9.737008579417955,2.5879718756385506
2022-04-13 00:00:00+00:00,1038547.4316982547,-0.0017793598051723538,0.2511755721224887,61.83142403038643,9.754993911796348,2.5763365489595444
2022-04-14 00:00:00+00:00,1038003.4725908792,-0.0005237691517718912,0.2516233005094601,61.684499936406084,9.717740335377055,2.5724695210971724
2022-04-18 00:00:00+00:00,1038006.7860092178,3.192107180900843e-06,0.25175516209716586,61.64132857867788,9.737315569362273,2.572315874692572
2022-04-19 00:00:00+00:00,1039657.6402587827,0.0015904079547608605,0.2517543584702704,61.6415915483873,9.639934455689286,2.5815379229538293
2022-04-20 00:00:00+00:00,1039114.6545031902,-0.0005222736163967523,0.2513546021116063,61.77261172692419,9.66969483867091,2.5779988479032445
2022-04-21 00:00:00+00:00,1044448.292626122,0.005132867773366049,0.251485946586403,61.729517619337486,9.740746278593221,2.612084323921771
2022-04-22 00:00:00+00:00,1044668.5538743781,0.00021088765218071556,0.0,82.89272163699381,9.679328621078817,2.6248816827182546
2022-04-25 00:00:00+00:00,1044751.4640770665,7.936507936505871e-05,0.0,82.91020268844271,0.0,2.6309629718453396
2022-04-26 00:00:00+00:00,1044834.3808599297,7.936507936502773e-05,0.0,82.91678286325924,0.0,2.6499426184413672
2022-04-27 00:00:00+00:00,1044917.3042234901,7.936507936511108e-05,0.0,82.92336356031188,0.0,2.6437771618081842
2022-04-28 00:00:00+00:00,1045000.2341682697,7.936507936504626e-05,0.0,82.92994477964207,0.0,2.6365876206875063
2022-04-29 00:00:00+00:00,1045083.170694791,7.936507936512782e-05,0.0,82.93652652129124,0.0,2.642753686516109
2022-05-02 00:00:00+00:00,1045166.1138035763,7.936507936509328e-05,0.0,82.94310878530088,0.0,2.6363126288441876
2022-05-03 00:00:00+00:00,1045249.0634951481,7.936507936512578e-05,0.0,82.9496915717124,0.0,2.623803598955773
2022-05-04 00:00:00+00:00,1045332.0197700287,7.936507936507427e-05,0.0,82.9562748805673,0.0,2.625640332831343
2022-05-05 00:00:00+00:00,1045414.9826287406,7.936507936512181e-05,0.0,82.96285871190703,0.0,2.643706399798082
2022-05-06 00:00:00+00:00,1045497.9520718064,7.936507936511738e-05,0.0,82.96944306577306,0.0,2.6539804249639
2022-05-09 00:00:00+00:00,1045580.9280997487,7.936507936513267e-05,0.0,82.97602794220685,0.0,2.681524477071862
2022-05-10 00:00:00+00:00,1044923.6576975799,-0.0006286174360154692,0.15185633247093902,70.38117802039368,0.0,2.6839765067345644
2022-05-11 00:00:00+00:00,1044149.3811850956,-0.0007409885945068619,0.15195185205457537,70.32901370276123,0.6899335916917981,2.6931973725704115
2022-05-12 00:00:00+00:00,1042961.979982749,-0.001137194757515423,0.15206453013703594,70.2675631858974,0.5425035317500566,2.7081340471243176
2022-05-13 00:00:00+00:00,1044844.4871300831,0.001804962389295633,0.15223765399906014,70.17332499523495,0.6719767192346096,2.6875102081916187
2022-05-16 00:00:00+00:00,1044817.3796790678,-2.5944005399159453e-05,0.15196336583916967,70.32273032438847,0.686686115086397,2.688405856932047
2022-05-17 00:00:00+00:00,1045462.8833747825,0.0006178148528817828,0.15196730847984136,70.32057893938725,0.7147536975027491,2.682056395153018
2022-05-18 00:00:00+00:00,1043969.8588737599,-0.0014280990026189417,0.15187347878888674,70.37180939142812,0.5913999693600893,2.6998471707266525
2022-05-19 00:00:00+00:00,1046234.8413906622,0.0021695861213329067,0.15209067933635464,70.25331538341044,0.8099152019593026,2.6749015883849157
2022-05-20 00:00:00+00:00,1046307.4304724255,6.938125064426643e-05,0.15176141986605945,70.43307590062491,0.817783302550261,2.6748668475168995
2022-05-23 00:00:00+00:00,1046111.0296422665,-0.00018770853043679705,0.15175089119944166,70.43883693886009,0.8044710855844144,2.6777504935542384
2022-05-24 00:00:00+00:00,1046344.3703925618,0.00022305543454131634,0.15177938148409065,70.42324957138715,0.8386678446156186,2.675978793056929
2022-05-25 00:00:00+00:00,1046825.6225698176,0.0004599367004528888,0.15174553381810513,70.44176867855344,0.8486125406661804,2.6715262392322865
2022-05-26 00:00:00+00:00,1046514.279302042,-0.00029741655254033624,0.15167577256373355,70.47996329579597,0.8156602141387208,2.6756434031537357
2022-05-27 00:00:00+00:00,1046843.2109295519,0.00031431164773906286,0.1517208968698289,70.45525351263917,0.8389544261873159,2.672838430194665
2022-05-31 00:00:00+00:00,1046096.9921565496,-0.000712827637616965,0.1516732242088099,70.48135919736218,0.7518091717440467,2.681782169656954
2022-06-01 00:00:00+00:00,1046077.7225191131,-1.8420507449089245e-05,0.15178141819857857,70.42213548521914,0.7559444981769856,2.682715591625074
2022-06-02 00:00:00+00:00,1047897.8261995653,0.0017399315952060723,0.1517842141408258,70.42060614891466,0.9320250209514345,2.6639237833959784
2022-06-03 00:00:00+00:00,1047187.0162133946,-0.0006783199357790837,0.15152057869862415,70.56505882196642,0.8414151860823584,2.672131277197534
2022-06-06 00:00:00+00:00,1047225.2287161209,3.649061928262755e-05,0.1516234278924948,70.5086453310005,0.8206001217682901,2.6724571685901792
2022-06-07 00:00:00+00:00,1047314.6017191972,8.534267569724803e-05,0.15161789526160238,70.51167806931211,0.841498454713266,2.672259726474811
2022-06-08 00:00:00+00:00,1047008.5468279463,-0.00029222822898536236,0.1516049568889325,70.51877116479434,0.8120153055714843,2.676326637842055
2022-06-09 00:00:00+00:00,1044901.0034714296,-0.002012918961265249,0.15164927308743376,70.49448109406016,0.6310643529187567,2.700461054645474
2022-06-10 00:00:00+00:00,1046805.5255383659,0.0018226818240283538,0.15195514648305133,70.32721574830485,0.8118073956708218,2.680005736636236
2022-06-13 00:00:00+00:00,1044835.6932157094,-0.0018817557555816807,0.15167868450171754,70.47836829329981,0.571736874999115,2.7034319529569864
2022-06-14 00:00:00+00:00,1043836.421643237,-0.0009563911138955593,0.15196464484680292,70.32203239467627,0.4706040606229964,2.716281877213576
2022-06-15 00:00:00+00:00,1044150.5387043331,0.00030092556130742703,0.1521101216154495,70.24272512701972,0.5273134353055235,2.712587868915534
2022-06-16 00:00:00+00:00,1044416.8433892608,0.0002550443399264435,0.15206436156209158,70.26765505250354,0.5720888607154482,2.7097870092780596
2022-06-17 00:00:00+00:00,1044455.3048651898,3.6825790557149875e-05,0.15202558829627263,70.28879034495813,0.5448442473352146,2.7105908088655823
2022-06-21 00:00:00+00:00,1044797.4045934374,0.00032753888716355556,0.15201999003995892,70.29184284304773,0.5610335673506408,2.7075521421068203
2022-06-22 00:00:00+00:00,1043975.8393158966,-0.0007863393170090421,0.0,82.9204289359871,0.49002706636420634,2.7188725366604585
2022-06-23 00:00:00+00:00,1042957.8779188239,-0.0009750813751971717,0.13107409352247096,71.9950517871591,0.0,2.739401911189134
2022-06-24 00:00:00+00:00,1044283.6836155676,0.0012711977394421333,0.13120202617458193,71.91426120008984,0.714697634830472,2.723432208405819
2022-06-27 00:00:00+00:00,1044201.2872038895,-7.890232603548398e-05,0.13103545420141433,72.01948387443458,0.694645322064056,2.7253700242194556
2022-06-28 00:00:00+00:00,1043306.7080730932,-0.0008567113848247685,0.1310457940193796,72.01294447668234,0.6159063771400447,2.7377055758895823
2022-06-29 00:00:00+00:00,1042435.4699799023,-0.0008350737960844249,0.1311581587071567,71.94194613296835,0.5382785945096826,2.749993389474675
2022-06-30 00:00:00+00:00,1041071.8266706476,-0.0013081321084373264,0.1312677769879896,71.87280025255637,0.4074914182740993,2.769543038688179
2022-07-01 00:00:00+00:00,1042718.0955346666,0.0015813211171833688,0.1314397175027789,71.76457459309172,0.5382728401586939,2.5984223415099827
2022-07-05 00:00:00+00:00,1042182.8572384332,-0.0005133106431407046,0.13123219725800048,71.89523085214084,0.43056351236413515,2.609913313656891
2022-07-06 00:00:00+00:00,1042970.2319510903,0.0007555053388072851,0.13129959473741926,71.85275162228105,0.4476809671982308,2.6014060585966927
2022-07-07 00:00:00+00:00,1043836.1553913252,0.0008302475120647313,0.13120047208030855,71.91524167884114,0.5134050268286224,2.5895958874297644
2022-07-08 00:00:00+00:00,1043727.28130933,-0.00010430188821578596,0.13109163357767817,71.98396576139946,0.5005724912149635,2.5921638305991253
2022-07-11 00:00:00+00:00,1043284.729972828,-0.00042401050966772144,0.13110530810886906,71.97532496124111,0.4488091937057702,2.6002658608314353
2022-07-12 00:00:00+00:00,1042988.5826239267,-0.000283860522821004,0.13116092171813523,71.94020183929652,0.40644236080687035,2.606475638022973
2022-07-13 00:00:00+00:00,1043886.9168126659,0.0008613077877412412,0.13119816369747556,71.91669808144721,0.4864406892767087,2.59341457439392
2022-07-14 00:00:00+00:00,1042732.0836969555,-0.0011062818176096132,0.1310852589430898,71.98799444563286,0.35710080177882353,2.6136019808322635
2022-07-15 00:00:00+00:00,1042632.545781155,-9.54587639113956e-05,0.1312304367892267,71.89634102375108,0.3380400029697451,2.616590110069461
2022-07-18 00:00:00+00:00,1043015.1731203896,0.00036698196385947824,0.13124296508044533,71.88844118916373,0.36376777554071293,2.6117200406243564
2022-07-19 00:00:00+00:00,1043434.3437534028,0.0004018835428435912,0.13119481894813956,71.91880843830933,0.3966925066995586,2.606082586858929
2022-07-20 00:00:00+00:00,1042953.5476554782,-0.0004607823202321307,0.13114211509031107,71.95207594886594,0.32855226409993155,2.6160981347299606
2022-07-21 00:00:00+00:00,1042909.5903170973,-4.214697622899034e-05,0.13120257091535786,71.91391752839573,0.3509409942780418,2.615868140879404
2022-07-22 00:00:00+00:00,1041868.9966917665,-0.0009977793233393532,0.13120810094006924,71.91042885074646,0.2761510409694937,2.632175905044705
2022-07-25 00:00:00+00:00,1040818.7986224142,-0.0010079943569556134,0.1313391484267144,71.8278420550853,0.17422571029197298,2.650952796142249
2022-07-26 00:00:00+00:00,1041968.2661452775,0.0011043877420206932,0.13147167112931227,71.7444930019621,0.2582982342254946,2.633912324390869
2022-07-27 00:00:00+00:00,1042025.2464648021,5.4685273415599944e-05,0.1313266356027518,71.83572058314171,0.28306882010598144,2.632260848091278
2022-07-28 00:00:00+00:00,1042269.368970617,0.00023427695887705236,0.13131945436248518,71.84024283072303,0.3240282470459517,2.627762325116112
2022-07-29 00:00:00+00:00,1042146.2613767594,-0.00011811494947717053,0.1312886964459469,71.85961763277183,0.32324765568444214,2.6297493221704507
2022-08-01 00:00:00+00:00,1041913.1644357378,-0.00022367008323158057,0.13130420543553806,71.84984718881488,0.3069221020747579,2.63382838285125
2022-08-02 00:00:00+00:00,1042054.4912557972,0.0001356416493076792,0.13133358082849306,71.83134743159094,0.29023740461706715,2.6342843936587763
2022-08-03 00:00:00+00:00,1041159.8475899766,-0.0008585382754240069,0.1313157689410138,71.84256384588137,0.22421710132139505,2.6483765109659463
2022-08-04 00:00:00+00:00,1041712.5875082994,0.0005308886234925617,0.1314286054292604,71.77156038034006,0.30048886947357734,2.6382883426610637
2022-08-05 00:00:00+00:00,1042550.2950427984,0.0008041637823564522,0.1313588685003787,71.81542862782598,0.3381886219000766,2.6283283866913147
2022-08-08 00:00:00+00:00,1042975.5433629679,0.00040789237909338166,0.1312533193346557,71.88191335278623,0.3865614855356654,2.6218577157820424
2022-08-09 00:00:00+00:00,1042683.8676523395,-0.0002796572867738708,0.1311998039344923,71.91566321946634,0.36380825483671275,2.6268406158976174
2022-08-10 00:00:00+00:00,1043245.097033218,0.0005382545930648591,0.13123650517945645,71.89251435354346,0.3998613046316637,2.619819454701004
2022-08-11 00:00:00+00:00,1042812.8677432043,-0.00041431231380127404,0.13116590452889026,71.9370563678989,0.356468829347645,2.6274254610262076
2022-08-12 00:00:00+00:00,1043124.3320585565,0.0002986770924933058,0.1312202707028628,71.90275245599304,0.39032812747116874,2.6230259618272926
2022-08-15 00:00:00+00:00,1043140.8308084917,1.5816666746355252e-05,0.1311810899163365,71.92747184610036,0.35617814119427627,2.6255984867727142
2022-08-16 00:00:00+00:00,1043553.1353799787,0.0003952530275010429,0.1311790151015705,71.9287812706984,0.37907383879441947,2.620789831194018
2022-08-17 00:00:00+00:00,1042334.4064205097,-0.0011678647863246987,0.13112718668404597,71.96150385573704,0.2551758687794554,2.641697485915348
2022-08-18 00:00:00+00:00,1042579.9731013068,0.00023559299135144713,0.13128050456245538,71.86477933514426,0.2652789135447092,2.6392900011534524
2022-08-19 00:00:00+00:00,1042136.2753226768,-0.00042557673279511245,0.1312495830805638,71.88426875425515,0.21163517224325823,2.648261809696029
2022-08-22 00:00:00+00:00,1042748.81500615,0.0005877731137260678,0.13130546363077394,71.84905464484007,0.23678732285847814,2.6411675360355056
2022-08-23 00:00:00+00:00,1043103.2543070648,0.0003399086106011736,0.1312283311459672,71.89766890543318,0.27390034230540583,2.6356786969447823
2022-08-24 00:00:00+00:00,1043470.7583181727,0.0003523179604611386,0.131183740662945,71.92579900868039,0.30375370182080574,2.6306873353416287
2022-08-25 00:00:00+00:00,1043536.153629254,6.267095705366776e-05,0.13113753855282217,71.95496599368894,0.31436966719815795,2.630036390535993
2022-08-26 00:00:00+00:00,1042258.4106957971,-0.0012244357121821935,0.13112932055280532,71.96015609774301,0.17674447738362764,2.6533163413288423
2022-08-29 00:00:00+00:00,1041714.7566150501,-0.0005216116033872947,0.13129007681150848,71.85874792842104,0.12864523768751446,2.6631118354128342
2022-08-30 00:00:00+00:00,1041493.8357738637,-0.00021207421684635088,0.1313585949788541,71.81560077915542,0.08378821061283126,2.669921079968734
2022-08-31 00:00:00+00:00,1041577.2672345481,8.010749350465997e-05,0.13138645865917847,71.79806737906125,0.06797537877616855,2.67138987020813
2022-09-01 00:00:00+00:00,1040858.6528372822,-0.0006899290334685528,0.13137593446236184,71.80468892356001,-0.011498719218668296,2.68653853326921
2022-09-02 00:00:00+00:00,1041522.1820490134,0.0006374825341774894,0.13146663711223805,71.74765603488811,0.054880727925009865,2.6744300094579287
2022-09-06 00:00:00+00:00,1041446.5480207561,-7.261873972625306e-05,0.13138288281915095,71.80031708343822,0.03088517789412082,2.6781915799281544
2022-09-07 00:00:00+00:00,1042649.030134724,0.001154626818105231,0.13139242437141838,71.79431438278287,0.13930088700456056,2.6576088522627628
2022-09-08 00:00:00+00:00,1043010.1134661618,0.0003463134007721896,0.13124089012005377,71.88974947119301,0.153079299445799,2.6537234052489382
2022-09-09 00:00:00+00:00,1044121.7139852952,0.0010657619756334663,0.13119545537573674,71.91840687844999,0.2474657907404023,2.6360828081816003
2022-09-12 00:00:00+00:00,1044539.8638935925,0.0004004800424093421,0.13105578110754537,72.00662914187328,0.28518280621986936,2.629902621242904
2022-09-13 00:00:00+00:00,1044886.8548490042,0.0003321950338192525,0.0,82.89998919790416,0.17906343290327675,2.6470778592021436
2022-09-14 00:00:00+00:00,1044969.7823771668,7.936507936506394e-05,0.0,82.92752816261938,0.0,2.64331899670094
2022-09-15 00:00:00+00:00,1045052.7164868793,7.936507936509053e-05,0.0,82.93410971247356,0.0,2.6467016703945316
2022-09-16 00:00:00+00:00,1045135.657178664,7.936507936512699e-05,0.0,82.94069178467296,0.0,2.6445522432828534
2022-09-19 00:00:00+00:00,1045218.6044530433,7.936507936513366e-05,0.0,82.94727437925904,0.0,2.631382064969672
2022-09-20 00:00:00+00:00,1045301.5583105396,7.936507936507087e-05,0.0,82.95385749627327,0.0,2.64505247002068
2022-09-21 00:00:00+00:00,1045384.5187516754,7.936507936512172e-05,0.0,82.96044113575711,0.0,2.652277707910801
2022-09-22 00:00:00+00:00,1045467.4857769731,7.936507936502379e-05,0.0,82.96702529775202,0.0,2.645807613041233
2022-09-23 00:00:00+00:00,1045550.4593869554,7.93650793650715e-05,0.0,82.97360998229945,0.0,2.6742178943835198
2022-09-26 00:00:00+00:00,1045633.4395821448,7.936507936511384e-05,0.0,82.9801951894409,0.0,2.686129629930114
2022-09-27 00:00:00+00:00,1045337.6222273044,-0.0002829073207133406,0.25000000000000006,62.240085689413384,0.0,2.677984016451166
2022-09-28 00:00:00+00:00,1049870.835640304,0.0043366021815427515,0.2500707468449787,62.216608121568896,2.255111491867877,2.6489695306011742
2022-09-29 00:00:00+00:00,1050734.5218828055,0.0008226595245640212,0.24899097205239187,62.57638696387046,2.3319179530628666,2.6440023502268124
2022-09-30 00:00:00+00:00,1053340.4894770961,0.0024801389314029567,0.2487863056284855,62.644933491053116,2.530243702001401,2.6280877213132796
2022-10-03 00:00:00+00:00,1053861.902704813,0.0004950091949619906,0.24817080754705034,62.851756315996816,2.683911142343775,2.612959153008231
2022-10-04 00:00:00+00:00,1055068.4981046321,0.0011449274299813544,0.2480480214956179,62.89313831819658,2.8429075477235797,2.60719433413447
2022-10-05 00:00:00+00:00,1054191.043260486,-0.0008316567556725759,0.2477643492959375,62.98889985786476,2.7436464458665717,2.612335529700607
2022-10-06 00:00:00+00:00,1056037.691433195,0.001751720605591057,0.24797057570042677,62.919260584519826,2.8720884292526767,2.6015821015426
2022-10-07 00:00:00+00:00,1051198.7897380416,-0.004582129723595715,0.24753696010676238,63.065819963306254,2.4347977308579214,2.63041956118157
2022-10-10 00:00:00+00:00,1051892.7166991031,0.0006601291476319822,0.24867642775794968,62.68178014623059,2.407150657723032,2.6257172544275407
2022-10-11 00:00:00+00:00,1050986.787587067,-0.0008612371752880551,0.24851237749401855,62.7368537145688,2.325799407628761,2.6317586249682465
2022-10-12 00:00:00+00:00,1051193.1718138533,0.00019637185664344805,0.248726590079878,62.66495457869293,2.3600599244311997,2.63103175755664
2022-10-13 00:00:00+00:00,1050637.3022777361,-0.0005287986556819254,0.2486777567670757,62.681334279231514,2.2841358667621,2.634705640541279
2022-10-14 00:00:00+00:00,1047576.9390552366,-0.0029128636646202828,0.24880932680461113,62.63721764938094,1.9765079468779152,2.6547031281145475
2022-10-17 00:00:00+00:00,1051634.5992716278,0.0038733768042380043,0.24953619171045222,62.394331679341306,2.3130274703864924,2.6287965461895557
2022-10-18 00:00:00+00:00,1052364.1317099647,0.0006937128531546535,0.24857337337188237,62.71636820445172,2.3673792909194606,2.624552114276616
2022-10-19 00:00:00+00:00,1050114.5972806802,-0.0021376008184821817,0.2484010543677303,62.774267604319725,2.116029909513423,2.6389737669069073
2022-10-20 00:00:00+00:00,1051912.9889254775,0.0017125670374017324,0.24893317412448618,62.59573312580507,2.2517966636463136,2.6275960161305103
2022-10-21 00:00:00+00:00,1055098.5910782511,0.0030283894070247362,0.2485075882203558,62.73846262142391,2.5917583823877606,2.6088348374532715
2022-10-24 00:00:00+00:00,1053823.4230541098,-0.0012085771272220085,0.24775728268994432,62.99128818910436,2.4671207211981336,2.6169066366271165
2022-10-25 00:00:00+00:00,1055176.2342372404,0.0012837171328095823,0.2480570788016295,62.89008437766456,2.567215112887164,2.608808384896009
2022-10-26 00:00:00+00:00,1059779.6056831211,0.00436265648951845,0.247739051936193,62.99745034457969,2.9650582662651397,2.5818815999962452
2022-10-27 00:00:00+00:00,1057338.1900819796,-0.0023037012488722228,0.2466629462330855,63.36279728472896,2.764001649172971,2.5968309274120798
2022-10-28 00:00:00+00:00,1057923.6863652072,0.0005537455174887629,0.2472324960429815,63.169034141781225,2.7488518051874276,2.59264327872744
2022-10-31 00:00:00+00:00,1056956.499256467,-0.0009142314528028505,0.24709566792447743,63.21550210076753,2.634058758310955,2.5984229291166487
2022-11-01 00:00:00+00:00,1058647.0105691084,0.0015994142746940424,0.2473217772722228,63.13874121912148,2.8016298691855765,2.589060218407049
2022-11-02 00:00:00+00:00,1052233.430128257,-0.006058280405858395,0.0,84.0196040134213,2.2589449536879216,2.628266623010532
2022-11-03 00:00:00+00:00,1052316.9407179498,7.936507936510105e-05,0.0,83.51058969271881,0.0,2.646728083271919
2022-11-04 00:00:00+00:00,1052400.4579354671,7.93650793651432e-05,0.0,83.5172175172976,0.0,2.5983792797618306
2022-11-07 00:00:00+00:00,1052483.981781335,7.936507936513459e-05,0.0,83.52384586789421,0.0,2.5932966316247312
2022-11-08 00:00:00+00:00,1052567.5122560796,7.936507936503558e-05,0.0,83.5304747445504,0.0,2.5717178139675445
2022-11-09 00:00:00+00:00,1052651.0493602268,7.936507936502773e-05,0.0,83.5371041473079,0.0,2.5768013161355485
2022-11-10 00:00:00+00:00,1052734.593094303,7.936507936507136e-05,0.0,83.54373407620848,0.0,2.5558635600956072
2022-11-11 00:00:00+00:00,1052818.1434588344,7.936507936512677e-05,0.0,83.5503645312939,0.0,2.5561657358793823
2022-11-14 00:00:00+00:00,1052901.700454347,7.936507936515431e-05,0.0,83.55699551260591,0.0,2.559670597932971
2022-11-15 00:00:00+00:00,1052985.2640813673,7.93650793651143e-05,0.0,83.56362702018627,0.0,2.577254315666229
2022-11-16 00:00:00+00:00,1053068.8343404215,7.936507936518823e-05,0.0,83.57025905407677,0.0,2.581282776226708
2022-11-17 00:00:00+00:00,1053152.4112320358,7.93650793651153e-05,0.0,83.57689161431917,0.0,2.587484221838679
2022-11-18 00:00:00+00:00,1053235.9947567368,7.936507936507697e-05,0.0,83.58352470095522,0.0,2.5752539050948657
2022-11-21 00:00:00+00:00,1053319.5849150508,7.936507936503354e-05,0.0,83.59015831402672,0.0,2.572462328607648
2022-11-22 00:00:00+00:00,1053403.1817075044,7.936507936516641e-05,0.0,83.59679245357546,0.0,2.5430511882822096
2022-11-23 00:00:00+00:00,1053486.785134624,7.936507936499381e-05,0.0,83.60342711964321,0.0,2.5372935985803835
2022-11-25 00:00:00+00:00,1053570.3951969363,7.93650793651392e-05,0.0,83.61006231227175,0.0,2.546231060483577
2022-11-28 00:00:00+00:00,1053654.0118949679,7.936507936512081e-05,0.0,83.61669803150288,0.0,2.5687367085203596
2022-11-29 00:00:00+00:00,1053737.6352292453,7.936507936512002e-05,0.0,83.6233342773784,0.0,2.550805196538033
2022-11-30 00:00:00+00:00,1053821.2652002953,7.936507936509715e-05,0.0,83.6299710499401,0.0,2.5398094028818887
2022-12-01 00:00:00+00:00,1053904.9018086444,7.936507936501254e-05,0.0,83.63660834922979,0.0,2.535200493627291
2022-12-02 00:00:00+00:00,1053988.5450548197,7.936507936504748e-05,0.0,83.64324617528924,0.0,2.530003323536836
2022-12-05 00:00:00+00:00,1054072.194939348,7.936507936516224e-05,0.0,83.64988452816029,0.0,2.544051177776446
2022-12-06 00:00:00+00:00,1054155.8514627558,7.936507936509627e-05,0.0,83.65652340788475,0.0,2.544677090594399
2022-12-07 00:00:00+00:00,1054239.5146255703,7.93650793650308e-05,0.0,83.66316281450443,0.0,2.5388928765879752
2022-12-08 00:00:00+00:00,1054323.1844283184,7.936507936514706e-05,0.0,83.66980274806113,0.0,2.5370146434544982
2022-12-09 00:00:00+00:00,1054406.860871527,7.936507936518445e-05,0.0,83.6764432085967,0.0,2.553294647271567
2022-12-12 00:00:00+00:00,1054490.5439557233,7.936507936510335e-05,0.0,83.68308419615295,0.0,2.5461968703292923
2022-12-13 00:00:00+00:00,1054574.233681434,7.936507936508494e-05,0.0,83.68972571077168,0.0,2.5435906154392964
2022-12-14 00:00:00+00:00,1054657.9300491866,7.936507936508952e-05,0.0,83.69636775249477,0.0,2.5447862886743096
2022-12-15 00:00:00+00:00,1054741.633059508,7.93650793650774e-05,0.0,83.70301032136402,0.0,2.563292139975313
2022-12-16 00:00:00+00:00,1054825.3427129253,7.936507936500896e-05,0.0,83.70965341742126,0.0,2.562404498105265
2022-12-19 00:00:00+00:00,1054909.059009966,7.936507936506524e-05,0.0,83.71629704070835,0.0,2.588930378808844
2022-12-20 00:00:00+00:00,1054992.7819511571,7.936507936498587e-05,0.0,83.72294119126714,0.0,2.568289926606795
2022-12-21 00:00:00+00:00,1055076.5115370264,7.936507936517257e-05,0.0,83.72958586913946,0.0,2.5647434221583856
2022-12-22 00:00:00+00:00,1055160.2477681008,7.936507936514425e-05,0.0,83.73623107436717,0.0,2.5582959231193807
2022-12-23 00:00:00+00:00,1055243.9906449078,7.9365079365082e-05,0.0,83.74287680699213,0.0,2.5600141384024755
2022-12-27 00:00:00+00:00,1055327.740167975,7.936507936516677e-05,0.0,83.74952306705617,0.0,2.550266195335212
2022-12-28 00:00:00+00:00,1055411.4963378296,7.936507936513824e-05,0.0,83.75616985460118,0.0,2.5683283547680427
2022-12-29 00:00:00+00:00,1055495.2591549994,7.936507936517738e-05,0.0,83.76281716966902,0.0,2.570710266001946
2022-12-30 00:00:00+00:00,1055579.0286200116,7.936507936502392e-05,0.0,83.76946501230154,0.0,2.5788178507020425
2023-01-03 00:00:00+00:00,1055662.8047333942,7.93650793650794e-05,0.0,83.7761133825406,0.0,2.3576957330501185
2023-01-04 00:00:00+00:00,1055746.5874956746,7.936507936508353e-05,0.0,83.78276228042812,0.0,2.3318350099326133
2023-01-05 00:00:00+00:00,1055830.3769073805,7.936507936499667e-05,0.0,83.78941170600592,0.0,2.328688017197781
2023-01-06 00:00:00+00:00,1055914.1729690398,7.936507936499968e-05,0.0,83.79606165931591,0.0,2.3235689948320486
2023-01-09 00:00:00+00:00,1055997.9756811801,7.936507936505288e-05,0.0,83.80271214039998,0.0,2.333109013455385
2023-01-10 00:00:00+00:00,1056081.7850443295,7.936507936511661e-05,0.0,83.80936314930001,0.0,2.3207629460030748
2023-01-11 00:00:00+00:00,1056165.6010590156,7.936507936515115e-05,0.0,83.8160146860579,0.0,2.327867783543142
2023-01-12 00:00:00+00:00,1056249.4237257664,7.936507936511689e-05,0.0,83.82266675071553,0.0,2.323064216993936
2023-01-13 00:00:00+00:00,1056333.2530451096,7.936507936497417e-05,0.0,83.8293193433148,0.0,2.323347148736458
2023-01-17 00:00:00+00:00,1056417.0890175735,7.936507936512418e-05,0.0,83.83597246389759,0.0,2.3462927237446403
2023-01-18 00:00:00+00:00,1056500.931643686,7.936507936508639e-05,0.0,83.84262611250584,0.0,2.3526238253806593
2023-01-19 00:00:00+00:00,1056584.7809239752,7.936507936504154e-05,0.0,83.84928028918144,0.0,2.346069754073229
2023-01-20 00:00:00+00:00,1056668.6368589692,7.936507936517034e-05,0.0,83.85593499396629,0.0,2.3321700595632984
2023-01-23 00:00:00+00:00,1056752.499449196,7.93650793649924e-05,0.0,83.86259022690231,0.0,2.335659713961772
2023-01-24 00:00:00+00:00,1056836.3686951841,7.936507936512912e-05,0.0,83.86924598803144,0.0,2.3306214281534783
2023-01-25 00:00:00+00:00,1056920.2445974615,7.93650793651001e-05,0.0,83.87590227739557,0.0,2.3219369419098315
2023-01-26 00:00:00+00:00,1057004.1271565566,7.936507936508605e-05,0.0,83.88255909503663,0.0,2.324192982594582
2023-01-27 00:00:00+00:00,1057088.0163729975,7.936507936504727e-05,0.0,83.88921644099655,0.0,2.3358209544679545
2023-01-30 00:00:00+00:00,1057171.912247313,7.936507936516438e-05,0.0,83.89587431531727,0.0,2.3447883168288755
2023-01-31 00:00:00+00:00,1057255.814780031,7.93650793651774e-05,0.0,83.90253271804072,0.0,2.3429293141954224
2023-02-01 00:00:00+00:00,1057339.7239716803,7.936507936504673e-05,0.0,83.90919164920882,0.0,2.3362345190982934
2023-02-02 00:00:00+00:00,1057423.6398227892,7.936507936517315e-05,0.0,83.9158511088635,0.0,2.345317970291251
2023-02-03 00:00:00+00:00,1057507.5623338863,7.936507936507652e-05,0.0,83.92251109704677,0.0,2.3539436033714227
2023-02-06 00:00:00+00:00,1057591.4915055002,7.936507936515759e-05,0.0,83.92917161380049,0.0,2.3590599486940524
2023-02-07 00:00:00+00:00,1057675.4273381594,7.93650793651565e-05,0.0,83.93583265916668,0.0,2.3505403133314378
2023-02-08 00:00:00+00:00,1057759.3698323925,7.936507936503361e-05,0.0,83.94249423318726,0.0,2.359628649626148
2023-02-09 00:00:00+00:00,1057843.3189887283,7.93650793649694e-05,0.0,83.94915633590416,0.0,2.366647011799882
2023-02-10 00:00:00+00:00,1057927.2748076958,7.936507936514428e-05,0.0,83.95581896735939,0.0,2.373825569891569
2023-02-13 00:00:00+00:00,1058011.2372898234,7.936507936507835e-05,0.0,83.9624821275949,0.0,2.368505159103379
2023-02-14 00:00:00+00:00,1058095.20643564,7.936507936517216e-05,0.0,83.96914581665264,0.0,2.368298203806727
2023-02-15 00:00:00+00:00,1058179.1822456748,7.936507936516594e-05,0.0,83.97581003457461,0.0,2.383061291110857
2023-02-16 00:00:00+00:00,1058263.164720456,7.936507936502005e-05,0.0,83.98247478140276,0.0,2.3844785291794057
2023-02-17 00:00:00+00:00,1058347.1538605134,7.936507936513489e-05,0.0,83.98914005717906,0.0,2.395535072964362
2023-02-21 00:00:00+00:00,1057218.2395162524,-0.0010666767895042895,0.25,62.996854396459135,0.0,2.400446708670279
2023-02-22 00:00:00+00:00,1055301.096523721,-0.0018133843334074858,0.25026695395095944,62.90725801993048,2.2833683865550216,2.414433267132075
2023-02-23 00:00:00+00:00,1055010.360221752,-0.0002755008053405383,0.2507216085880197,62.755103814174014,2.2492700574909255,2.4169751141577973
2023-02-24 00:00:00+00:00,1054863.1574715131,-0.00013952730303793635,0.2507907016282902,62.73202950449394,2.2032967087942548,2.418678834601018
2023-02-27 00:00:00+00:00,1055288.331161723,0.00040306051756418997,0.250825698661557,62.72034674653848,2.247390353600189,2.415949908579159
2023-02-28 00:00:00+00:00,1055702.9201609679,0.0003928679840403867,0.25072464145780493,62.75409069020593,2.296326077560269,2.4132965542904934
2023-03-01 00:00:00+00:00,1057646.7524777495,0.0018412682959001781,0.25062617845632706,62.78699457903489,2.4742163967057573,2.3999828494978686
2023-03-02 00:00:00+00:00,1058027.4236509837,0.00035992279307097466,0.2501655565483284,62.941266985128664,2.49881981377958,2.3977679086372143
2023-03-03 00:00:00+00:00,1058231.314865346,0.000192708818131357,0.25007554865837656,62.97147898300439,2.553760382758441,2.396743758018655
2023-03-06 00:00:00+00:00,1056817.208706946,-0.0013362921116919428,0.25002736618013943,62.98766082541411,2.418056716571642,2.40693238360427
2023-03-07 00:00:00+00:00,1054392.5183834683,-0.002294332741273715,0.2503619228427022,62.87543017792204,2.1366685971232533,2.4251105714464654
2023-03-08 00:00:00+00:00,1054258.108693359,-0.00012747595204429496,0.2509376573259236,62.68299443796348,2.1247117136211324,2.42649285779876
2023-03-09 00:00:00+00:00,1052744.8404692311,-0.00143538684848567,0.2509696499209815,62.67232700224053,2.0430824793150535,2.4374629270536623
2023-03-10 00:00:00+00:00,1052046.8778275705,-0.0006629931725426388,0.25133040628078146,62.55222634953196,2.0737835951890853,2.4418228683847363
2023-03-13 00:00:00+00:00,1056763.963752278,0.004483722183984732,0.2514971471722706,62.496832489082706,2.5507944687398627,2.40889999963087
2023-03-14 00:00:00+00:00,1056229.1791633312,-0.0005060586917137629,0.0,83.87015585335539,2.5998393445260035,2.4035531340546137
2023-03-15 00:00:00+00:00,1056313.0068759632,7.93650793650858e-05,0.0,83.8277126320104,0.0,2.4096375216737176
2023-03-16 00:00:00+00:00,1056396.8412415884,7.936507936516534e-05,0.0,83.83436562507644,0.0,2.4192477808256982
2023-03-17 00:00:00+00:00,1056480.6822607345,7.936507936506667e-05,0.0,83.8410191461578,0.0,2.3975451145506974
2023-03-20 00:00:00+00:00,1056564.5299339297,7.936507936497054e-05,0.0,83.8476731952964,0.0,2.3918996882045316
2023-03-21 00:00:00+00:00,1056648.3842617022,7.936507936505767e-05,0.0,83.8543277725341,0.0,2.4021544312138454
2023-03-22 00:00:00+00:00,1056732.24524458,7.936507936506797e-05,0.0,83.86098287791287,0.0,2.4028878129891735
2023-03-23 00:00:00+00:00,1056816.1128830917,7.936507936518213e-05,0.0,83.86763851147461,0.0,2.393033596725512
2023-03-24 00:00:00+00:00,1056899.987177765,7.936507936514016e-05,0.0,83.87429467326125,0.0,2.377313983373202
2023-03-27 00:00:00+00:00,1056983.8681291284,7.936507936512272e-05,0.0,83.88095136331468,0.0,2.3722737679708836
2023-03-28 00:00:00+00:00,1057067.75573771,7.936507936509015e-05,0.0,83.88760858167686,0.0,2.3575008723658013
2023-03-29 00:00:00+00:00,1057151.6500040384,7.936507936500278e-05,0.0,83.89426632838969,0.0,2.360492726586672
2023-03-30 00:00:00+00:00,1057235.5509286418,7.93650793650412e-05,0.0,83.90092460349511,0.0,2.35552698201172
2023-03-31 00:00:00+00:00,1057319.458512049,7.936507936516572e-05,0.0,83.90758340703506,0.0,2.3532611891518793
2023-04-03 00:00:00+00:00,1057403.372754788,7.936507936511643e-05,0.0,83.9142427390515,0.0,2.150491566742572
2023-04-04 00:00:00+00:00,1057487.2936573876,7.936507936507392e-05,0.0,83.92090259958636,0.0,2.1372660688616203
2023-04-05 00:00:00+00:00,1057571.2212203762,7.93650793649985e-05,0.0,83.92756298868156,0.0,2.134403103900544
2023-04-06 00:00:00+00:00,1057655.1554442826,7.936507936507068e-05,0.0,83.93422390637906,0.0,2.12663508937805
2023-04-10 00:00:00+00:00,1057739.0963296352,7.936507936503062e-05,0.0,83.94088535272084,0.0,2.1311117929877725
2023-04-11 00:00:00+00:00,1057823.043876963,7.93650793650588e-05,0.0,83.94754732774882,0.0,2.1214835426236696
2023-04-12 00:00:00+00:00,1057906.9980867945,7.936507936511554e-05,0.0,83.954209831505,0.0,2.118716147418039
2023-04-13 00:00:00+00:00,1057990.9589596586,7.936507936516117e-05,0.0,83.96087286403132,0.0,2.104863299973608
2023-04-14 00:00:00+00:00,1058074.926496084,7.9365079365156e-05,0.0,83.96753642536973,0.0,2.110613933891266
2023-04-17 00:00:00+00:00,1058158.9006965996,7.936507936506042e-05,0.0,83.97420051556223,0.0,2.1243473557959693
2023-04-18 00:00:00+00:00,1058242.8815617342,7.93650793650548e-05,0.0,83.98086513465077,0.0,2.123327843308699
2023-04-19 00:00:00+00:00,1058326.869092017,7.936507936509945e-05,0.0,83.98753028267733,0.0,2.1300504829788753
2023-04-20 00:00:00+00:00,1058410.8632879767,7.936507936515469e-05,0.0,83.99419595968388,0.0,2.134336936500732
2023-04-21 00:00:00+00:00,1058494.8641501425,7.936507936518086e-05,0.0,84.00086216571243,0.0,2.138114195814836
2023-04-24 00:00:00+00:00,1058578.8716790434,7.936507936513828e-05,0.0,84.00752890080496,0.0,2.137573086141488
2023-04-25 00:00:00+00:00,1058662.8858752083,7.936507936498734e-05,0.0,84.01419616500344,0.0,2.1372425479675785
2023-04-26 00:00:00+00:00,1058746.9067391667,7.936507936512824e-05,0.0,84.02086395834986,0.0,2.147022387204074
2023-04-27 00:00:00+00:00,1058830.9342714476,7.936507936508141e-05,0.0,84.02753228088625,0.0,2.1328388168754815
2023-04-28 00:00:00+00:00,1058914.9684725802,7.936507936502713e-05,0.0,84.03420113265457,0.0,2.1393434079954887
2023-05-01 00:00:00+00:00,1058999.009343094,7.936507936514562e-05,0.0,84.04087051369685,0.0,2.138950783298823
2023-05-02 00:00:00+00:00,1059083.0568835181,7.936507936517731e-05,0.0,84.04754042405507,0.0,2.121527497126056
2023-05-03 00:00:00+00:00,1059167.111094382,7.936507936508254e-05,0.0,84.05421086377127,0.0,2.126544180322315
2023-05-04 00:00:00+00:00,1059251.1719762147,7.936507936504153e-05,0.0,84.06088183288745,0.0,2.1144961373115265
2023-05-05 00:00:00+00:00,1059335.2395295461,7.936507936501457e-05,0.0,84.06755333144561,0.0,2.106907229961392
2023-05-08 00:00:00+00:00,1059419.3137549057,7.936507936518181e-05,0.0,84.07422535948778,0.0,2.1108670568681545
2023-05-09 00:00:00+00:00,1059503.3946528228,7.936507936506397e-05,0.0,84.080897917056,0.0,2.120033769953865
2023-05-10 00:00:00+00:00,1059587.482223827,7.936507936506096e-05,0.0,84.08757100419228,0.0,2.1243277912353626
2023-05-11 00:00:00+00:00,1059671.576468448,7.936507936513311e-05,0.0,84.09424462093864,0.0,2.152495171173683
2023-05-12 00:00:00+00:00,1059755.6773872152,7.9365079365021e-05,0.0,84.10091876733713,0.0,2.149519882287378
2023-05-15 00:00:00+00:00,1059839.7849806587,7.936507936512443e-05,0.0,84.10759344342978,0.0,2.1408534174153337
2023-05-16 00:00:00+00:00,1059923.899249308,7.936507936518396e-05,0.0,84.11426864925862,0.0,2.15359927527283
2023-05-17 00:00:00+00:00,1060008.020193693,7.936507936515996e-05,0.0,84.12094438486572,0.0,2.1586164604385774
2023-05-18 00:00:00+00:00,1060092.1478143432,7.93650793650128e-05,0.0,84.1276206502931,0.0,2.168858465507452
2023-05-19 00:00:00+00:00,1060176.2821117889,7.936507936514209e-05,0.0,84.13429744558279,0.0,2.171198421012588
2023-05-22 00:00:00+00:00,1060260.4230865596,7.936507936506885e-05,0.0,84.1409747707769,0.0,2.1743920794858487
2023-05-23 00:00:00+00:00,1060344.5707391854,7.93650793649731e-05,0.0,84.14765262591743,0.0,2.183520319436734
2023-05-24 00:00:00+00:00,1060428.7250701964,7.936507936503475e-05,0.0,84.15433101104647,0.0,2.1978864161295104
2023-05-25 00:00:00+00:00,1060512.8860801226,7.936507936499453e-05,0.0,84.16100992620606,0.0,2.204278657781503
2023-05-26 00:00:00+00:00,1060597.053769494,7.936507936503232e-05,0.0,84.1676893714383,0.0,2.2037248342551887
2023-05-30 00:00:00+00:00,1060681.2281388408,7.936507936510846e-05,0.0,84.17436934678523,0.0,2.2134339066096387
2023-05-31 00:00:00+00:00,1060765.4091886932,7.936507936518327e-05,0.0,84.18104985228895,0.0,2.197300633591767
2023-06-01 00:00:00+00:00,1060849.596919581,7.936507936499758e-05,0.0,84.18773088799152,0.0,2.1736044060024886
2023-06-02 00:00:00+00:00,1060933.791332035,7.936507936517023e-05,0.0,84.194412453935,0.0,2.176263031907174
2023-06-05 00:00:00+00:00,1061017.9924265852,7.936507936500309e-05,0.0,84.20109455016151,0.0,2.1791851225792365
2023-06-06 00:00:00+00:00,1061102.200203762,7.936507936511491e-05,0.0,84.20777717671311,0.0,2.1786781923833884
2023-06-07 00:00:00+00:00,1061186.4146640955,7.936507936502709e-05,0.0,84.2144603336319,0.0,2.184936274648934
2023-06-08 00:00:00+00:00,1061270.6358081165,7.936507936513883e-05,0.0,84.22114402095995,0.0,2.180614664033272
2023-06-09 00:00:00+00:00,1061354.8636363551,7.936507936497164e-05,0.0,84.2278282387394,0.0,2.1912477320977426
2023-06-12 00:00:00+00:00,1061439.0981493422,7.936507936514405e-05,0.0,84.23451298701231,0.0,2.1865091671373826
2023-06-13 00:00:00+00:00,1061523.3393476082,7.936507936517757e-05,0.0,84.24119826582081,0.0,2.1883951579538543
2023-06-14 00:00:00+00:00,1061607.5872316833,7.93650793650326e-05,0.0,84.247884075207,0.0,2.1897040422881915
2023-06-15 00:00:00+00:00,1061691.8418020986,7.936507936510814e-05,0.0,84.25457041521297,0.0,2.192517519955881
2023-06-16 00:00:00+00:00,1061776.1030593845,7.936507936514518e-05,0.0,84.26125728588083,0.0,2.181253604739347
2023-06-20 00:00:00+00:00,1061860.3710040718,7.936507936510404e-05,0.0,84.26794468725274,0.0,2.206730620352611
2023-06-21 00:00:00+00:00,1061944.6456366912,7.936507936516438e-05,0.0,84.27463261937078,0.0,2.2088091117226623
2023-06-22 00:00:00+00:00,1062028.9269577735,7.936507936506722e-05,0.0,84.28132108227709,0.0,2.2046535887555883
2023-06-23 00:00:00+00:00,1062113.2149678494,7.93650793649922e-05,0.0,84.28801007601378,0.0,2.2102509049259202
2023-06-26 00:00:00+00:00,1062197.50966745,7.936507936511884e-05,0.0,84.29469960062298,0.0,2.199276323167045
2023-06-27 00:00:00+00:00,1062281.8110571064,7.936507936518823e-05,0.0,84.30138965614684,0.0,2.2094148540913428
2023-06-28 00:00:00+00:00,1062366.119137349,7.936507936516072e-05,0.0,84.30808024262748,0.0,2.2189008337005762
2023-06-29 00:00:00+00:00,1062450.433908709,7.936507936499668e-05,0.0,84.31477136010707,0.0,2.206583773317259
2023-06-30 00:00:00+00:00,1062534.7553717177,7.936507936509476e-05,0.0,84.3214630086277,0.0,2.198211151377476
2023-07-03 00:00:00+00:00,1062619.0835269059,7.936507936497696e-05,0.0,84.32815518823156,0.0,2.040260720442642
2023-07-05 00:00:00+00:00,1062703.4183748048,7.936507936504192e-05,0.0,84.33484789896079,0.0,2.062824296980158
2023-07-06 00:00:00+00:00,1062787.7599159456,7.936507936503082e-05,0.0,84.34154114085752,0.0,2.0849036129579255
2023-07-07 00:00:00+00:00,1062872.1081508596,7.936507936512307e-05,0.0,84.34823491396394,0.0,2.077322055567707
2023-07-10 00:00:00+00:00,1062956.463080078,7.936507936505994e-05,0.0,84.35492921832218,0.0,2.0605136564150333
2023-07-11 00:00:00+00:00,1063040.8247041318,7.936507936502085e-05,0.0,84.36162405397444,0.0,2.05922040218279
2023-07-12 00:00:00+00:00,1063125.193023553,7.936507936518514e-05,0.0,84.36831942096285,0.0,2.0261761487387826
2023-07-13 00:00:00+00:00,1063209.5680388722,7.936507936507507e-05,0.0,84.37501531932959,0.0,2.0162681237060354
2023-07-14 00:00:00+00:00,1063293.9497506213,7.936507936508904e-05,0.0,84.38171174911685,0.0,2.020656074345696
2023-07-17 00:00:00+00:00,1063378.3381593318,7.936507936518735e-05,0.0,84.38840871036678,0.0,2.0196287005445055
2023-07-18 00:00:00+00:00,1063462.733265535,7.936507936511136e-05,0.0,84.39510620312157,0.0,2.0117592501283106
2023-07-19 00:00:00+00:00,1063547.1350697624,7.936507936504037e-05,0.0,84.40180422742341,0.0,2.0223916432573366
2023-07-20 00:00:00+00:00,1063631.5435725458,7.936507936515366e-05,0.0,84.40850278331447,0.0,2.044067273096437
2023-07-21 00:00:00+00:00,1063715.9587744165,7.936507936497368e-05,0.0,84.41520187083697,0.0,2.037860621904636
2023-07-24 00:00:00+00:00,1063800.3806759065,7.936507936511753e-05,0.0,84.42190149003305,0.0,2.0397931911999128
2023-07-25 00:00:00+00:00,1063884.8092775475,7.936507936510769e-05,0.0,84.42860164094496,0.0,2.030377460208669
2023-07-26 00:00:00+00:00,1063969.2445798712,7.936507936512341e-05,0.0,84.43530232361488,0.0,2.035073631572865
2023-07-27 00:00:00+00:00,1064053.6865834093,7.936507936512501e-05,0.0,84.44200353808502,0.0,2.062329191622983
2023-07-28 00:00:00+00:00,1064138.1352886937,7.936507936507282e-05,0.0,84.44870528439756,0.0,2.059095257124962
2023-07-31 00:00:00+00:00,1064222.5906962564,7.936507936514599e-05,0.0,84.45540756259474,0.0,2.0393048540434933
2023-08-01 00:00:00+00:00,1064307.052806629,7.936507936508605e-05,0.0,84.46211037271875,0.0,2.058904410493564
2023-08-02 00:00:00+00:00,1064391.521620344,7.936507936507213e-05,0.0,84.46881371481183,0.0,2.0902067729813862
2023-08-03 00:00:00+00:00,1064475.9971379328,7.936507936506454e-05,0.0,84.47551758891618,0.0,2.090115796819922
2023-08-04 00:00:00+00:00,1064560.4793599278,7.936507936502362e-05,0.0,84.48222199507403,0.0,2.084689815436862
2023-08-07 00:00:00+00:00,1064644.9682868612,7.936507936512844e-05,0.0,84.4889269333276,0.0,2.0885286805810406
2023-08-08 00:00:00+00:00,1064729.463919265,7.936507936512056e-05,0.0,84.49563240371914,0.0,2.08988134442642
2023-08-09 00:00:00+00:00,1064813.9662576714,7.936507936517907e-05,0.0,84.50233840629087,0.0,2.0844272573222473
2023-08-10 00:00:00+00:00,1064898.4753026124,7.936507936504559e-05,0.0,84.50904494108502,0.0,2.08477870362378
2023-08-11 00:00:00+00:00,1064982.9910546206,7.936507936511781e-05,0.0,84.51575200814383,0.0,2.073887314571067
2023-08-14 00:00:00+00:00,1065067.5135142282,7.936507936513738e-05,0.0,84.52245960750957,0.0,2.0846927296830158
2023-08-15 00:00:00+00:00,1065152.0426819674,7.936507936506465e-05,0.0,84.52916773922446,0.0,2.106861907290471
2023-08-16 00:00:00+00:00,1064041.7479940439,-0.001042381409820026,0.25000000000000006,63.40190730249806,0.0,2.114276463772536
2023-08-17 00:00:00+00:00,1063476.0460317568,-0.0005316539161678069,0.2502608672756536,63.31378867647237,3.34021312283498,2.1188778688709715
2023-08-18 00:00:00+00:00,1062584.6441693315,-0.0008381964650275212,0.25039399022113956,63.26889169533848,3.261960969368911,2.125918579515685
2023-08-21 00:00:00+00:00,1063740.7187536072,0.001087983522648655,0.25060404564632194,63.19814551578093,3.361434516497998,2.117783825948073
2023-08-22 00:00:00+00:00,1064789.029385821,0.0009854945041889818,0.25033168889360885,63.289897466913914,3.4486138437182583,2.1105559718083744
2023-08-23 00:00:00+00:00,1066913.0931396377,0.0019948212229815537,0.2500852312726109,63.37309672343881,3.6543517679967494,2.095804649761973
2023-08-24 00:00:00+00:00,1066517.9638351812,-0.00037034816331081425,0.24958734913157551,63.541673211836965,3.6154927342304495,2.0990216960071444
2023-08-25 00:00:00+00:00,1065363.667501141,-0.0010823036959352167,0.24967981759343702,63.510313743229304,3.516127540803911,2.1076824257816975
2023-08-28 00:00:00+00:00,1068081.1600267359,0.002550765159815124,0.24995033976997033,63.4187029230674,3.7415310952170096,2.0888822536076446
2023-08-29 00:00:00+00:00,1068751.708575145,0.0006278067374509861,0.2493143972915188,63.63437693303523,3.827913134826704,2.0848235781347464
2023-08-30 00:00:00+00:00,1068542.2332758084,-0.00019599996674249642,0.24915797423660344,63.687595071797865,3.822249775244128,2.0867650510658904
2023-08-31 00:00:00+00:00,1067735.3629881172,-0.0007551131462699767,0.24920681876479334,63.670970048040985,3.743729298381443,2.09272469797495
2023-09-01 00:00:00+00:00,1066967.3640148332,-0.0007192783904193532,0.24939514031386018,63.60693272362106,3.6785195973030156,2.0985023091389845
2023-09-05 00:00:00+00:00,1065694.4528722058,-0.0011930178799824842,0.24957465396925665,63.54598042415407,3.5405585717872716,2.107880583978112
2023-09-06 00:00:00+00:00,1066084.7355829384,0.0003662238361856807,0.24987275663564348,63.44495573029476,3.54483125925502,2.1055211931192157
2023-09-07 00:00:00+00:00,1065067.4273189986,-0.000954247096862838,0.24978128077679004,63.47593054860686,3.4663133432520983,2.1132408836347496
2023-09-08 00:00:00+00:00,1065500.2017482615,0.00040633524053236135,0.2500198615037881,63.39519179750053,3.492664010564228,2.110565369172486
2023-09-11 00:00:00+00:00,1067113.5223551467,0.0015141438774372129,0.24991831088682043,63.42953897442616,3.623939998902448,2.099495416016714
2023-09-12 00:00:00+00:00,1067990.2752025598,0.0008216115989965632,0.2495404707109207,63.557580292432924,3.6685681850941156,2.0936664540339955
2023-09-13 00:00:00+00:00,1068048.6403468875,5.4649509160257824e-05,0.24933561367867937,63.62716385175141,3.658464485770434,2.09364621532166
2023-09-14 00:00:00+00:00,1070213.5155454557,0.002026944388848335,0.24932198835439293,63.63179600606315,3.8260323101906364,2.0788530664869023
2023-09-15 00:00:00+00:00,1071908.4126767055,0.001583699987554293,0.24881764881727633,63.803611498013005,3.98697695686387,2.0678171499083353
2023-09-18 00:00:00+00:00,1071196.4523149487,-0.0006641988749570359,0.24842421938412948,63.93812714335028,3.951650060665801,2.0733214109368006
2023-09-19 00:00:00+00:00,1071070.0464655315,-0.00011800435778519605,0.0,85.01559145356735,3.819839986394114,2.084255791218967
2023-09-20 00:00:00+00:00,1071155.0520247747,7.936507936504731e-05,0.0,85.00555924329615,0.0,2.074939610328031
2023-09-21 00:00:00+00:00,1071240.064330491,7.936507936511066e-05,0.0,85.01230571625196,0.0,2.0935015467095437
2023-09-22 00:00:00+00:00,1071325.0833832156,7.93650793650277e-05,0.0,85.01905272464214,0.0,2.096921320742778
2023-09-25 00:00:00+00:00,1071410.109183484,7.936507936497615e-05,0.0,85.02580026850917,0.0,2.1026886946212224
2023-09-26 00:00:00+00:00,1071495.141731832,7.936507936513364e-05,0.0,85.03254834789556,0.0,2.1189234484966146
2023-09-27 00:00:00+00:00,1071580.1810287947,7.936507936502585e-05,0.0,85.0392969628438,0.0,2.135601437665218
2023-09-28 00:00:00+00:00,1071665.227074908,7.936507936504776e-05,0.0,85.0460461133964,0.0,2.1214804838861183
2023-09-29 00:00:00+00:00,1071750.2798707078,7.936507936515965e-05,0.0,85.05279579959588,0.0,2.1253871913642617
2023-10-02 00:00:00+00:00,1071835.3394167293,7.936507936510459e-05,0.0,85.05954602148475,0.0,1.9204149129466046
2023-10-03 00:00:00+00:00,1071920.4057135084,7.936507936506019e-05,0.0,85.0662967791055,0.0,1.9127961470870107
2023-10-04 00:00:00+00:00,1072005.4787615808,7.936507936498679e-05,0.0,85.07304807250067,0.0,1.9210683377887552
2023-10-05 00:00:00+00:00,1072090.5585614825,7.936507936506192e-05,0.0,85.07979990171276,0.0,1.903462928686566
2023-10-06 00:00:00+00:00,1072175.6451137492,7.936507936502869e-05,0.0,85.08655226678432,0.0,1.8858132678931665
2023-10-09 00:00:00+00:00,1072260.738418917,7.936507936506463e-05,0.0,85.09330516775788,0.0,1.8801074363810741
2023-10-10 00:00:00+00:00,1072345.8384775217,7.936507936513005e-05,0.0,85.10005860467595,0.0,1.8718501765421403
2023-10-11 00:00:00+00:00,1072430.9452900994,7.936507936518528e-05,0.0,85.10681257758108,0.0,1.8579259002722712
2023-10-12 00:00:00+00:00,1072516.0588571858,7.936507936497353e-05,0.0,85.11356708651583,0.0,1.8799389747235455
2023-10-13 00:00:00+00:00,1072601.1791793173,7.936507936510652e-05,0.0,85.12032213152268,0.0,1.8660318450402347
2023-10-16 00:00:00+00:00,1072686.30625703,7.93650793651103e-05,0.0,85.12707771264424,0.0,1.8604478213588185
2023-10-17 00:00:00+00:00,1072771.44009086,7.936507936516233e-05,0.0,85.13383382992302,0.0,1.845622140127872
2023-10-18 00:00:00+00:00,1072856.5806813433,7.936507936500587e-05,0.0,85.14059048340158,0.0,1.8626039148770137
2023-10-19 00:00:00+00:00,1072941.7280290164,7.936507936503536e-05,0.0,85.14734767312248,0.0,1.8724753373597758
2023-10-20 00:00:00+00:00,1073026.8821344154,7.936507936499408e-05,0.0,85.15410539912828,0.0,1.8771043566024748
2023-10-23 00:00:00+00:00,1073112.0429980769,7.936507936505938e-05,0.0,85.16086366146155,0.0,1.8830672699642768
2023-10-24 00:00:00+00:00,1073197.210620537,7.936507936497456e-05,0.0,85.16762246016484,0.0,1.8792993209569353
2023-10-25 00:00:00+00:00,1073282.3850023323,7.936507936513394e-05,0.0,85.17438179528071,0.0,1.9056829918113265
2023-10-26 00:00:00+00:00,1073367.566143999,7.93650793650639e-05,0.0,85.18114166685177,0.0,1.909782335703004
2023-10-27 00:00:00+00:00,1073452.754046074,7.936507936515867e-05,0.0,85.18790207492056,0.0,1.8945898905067837
2023-10-30 00:00:00+00:00,1073537.9487090937,7.936507936516164e-05,0.0,85.19466301952968,0.0,1.906027227543091
2023-10-31 00:00:00+00:00,1073623.1501335944,7.936507936503318e-05,0.0,85.20142450072173,0.0,1.928362244888441
2023-11-01 00:00:00+00:00,1074476.9809826524,0.0007952798418623423,0.25,63.90613988890443,0.0,1.9204601603405758
2023-11-02 00:00:00+00:00,1074294.5110173256,-0.0001698221260728699,0.2498013380313934,63.97390424200427,4.208380298902473,1.9222383378614771
2023-11-03 00:00:00+00:00,1080705.675157288,0.0059677900931387395,0.24984376703109668,63.959422498724365,4.727237632273478,1.8768707770431523
2023-11-06 00:00:00+00:00,1079395.1576903884,-0.0012126497500894225,0.24836159715209627,64.46824504951503,4.5878348927935875,1.88620018559556
2023-11-07 00:00:00+00:00,1077118.8049807502,-0.0021089150654603293,0.2486631384447878,64.36423572674522,4.382763878878959,1.9028200429407547
2023-11-08 00:00:00+00:00,1074277.183505157,-0.002638169032471744,0.24918865615589678,64.18357281328187,4.112941621387884,1.9240740956458087
2023-11-09 00:00:00+00:00,1073678.318007921,-0.0005574590119115496,0.2498477968764475,63.95804729934591,4.077033207382906,1.9290067865132206
2023-11-10 00:00:00+00:00,1073483.659909482,-0.0001813002043294977,0.24998715446856815,63.91051829162877,4.018003246961753,1.9309554196792216
2023-11-13 00:00:00+00:00,1072016.5543265976,-0.0013666771443994047,0.2500324854092619,63.895069236197095,3.9089683352474687,1.9425462731542562
2023-11-14 00:00:00+00:00,1076925.047592001,0.004578747637425034,0.2503746667438373,63.77863228517452,4.330535613597868,1.9063404996252902
2023-11-15 00:00:00+00:00,1076645.254152536,-0.0002598077183651044,0.24923348949265559,64.16819524274622,4.294689689611308,1.908786691459572
2023-11-16 00:00:00+00:00,1077104.6715417863,0.000426711943863054,0.24929825910454592,64.14598941421725,4.375760784463865,1.9061001148912609
2023-11-17 00:00:00+00:00,1076339.956135285,-0.0007099731592534764,0.2491919259334359,64.1824511117768,4.307744216004327,1.912072672431635
2023-11-20 00:00:00+00:00,1076795.7956659698,0.00042350888126600213,0.24936897120974547,64.12175941284814,4.338709468455692,1.9091915434885656
2023-11-21 00:00:00+00:00,1079104.0587132268,0.0021436404716173437,0.24926340594355376,64.15793715337867,4.559277037815774,1.8933286740806414
2023-11-22 00:00:00+00:00,1079709.4925369252,0.0005610523089129886,0.24873021778220164,64.3411326333197,4.582235203105467,1.8893004024524247
2023-11-24 00:00:00+00:00,1079476.2339120489,-0.00021603832001912906,0.2485907453705371,64.38918293678782,4.58189828114349,1.8915643569183458
2023-11-27 00:00:00+00:00,1080964.7661554941,0.0013789393380628722,0.24864446210241176,64.37067034751192,4.727112652236637,1.881860546992685
2023-11-28 00:00:00+00:00,1085569.2621908956,0.004259617130517214,0.2483020686122799,64.48880782715044,5.146314320772797,1.851812177291022
2023-11-29 00:00:00+00:00,1085804.4251117818,0.00021662636284632754,0.24724888303460446,64.85424402043627,5.163749215612556,1.8507072673596174
2023-11-30 00:00:00+00:00,1087018.1043649148,0.001117769669255186,0.24719533400848562,64.87290774431612,5.236861784102088,1.84274855678642
2023-12-01 00:00:00+00:00,1086798.225035348,-0.00020227752296297517,0.2469193350649973,64.96923149456478,5.294669036712188,1.846028973020522
2023-12-04 00:00:00+00:00,1085789.6077459457,-0.0009280630628279542,0.24696929140150992,64.95178075412296,5.121223189953108,1.851540705497655
2023-12-05 00:00:00+00:00,1083888.5176716216,-0.0017508825473754842,0.24719870739101835,64.87173176290057,4.937050408466687,1.8643126480294656
2023-12-06 00:00:00+00:00,1083318.605771098,-0.0005258030611375539,0.24763228243249616,64.72085159827166,4.905550221347987,1.8688488875123066
2023-12-07 00:00:00+00:00,1083290.420748448,-2.6017297681314943e-05,0.24776255674326703,64.6756204950555,4.898335185007763,1.8694447235809868
2023-12-08 00:00:00+00:00,1082766.0302488292,-0.00048407194375127313,0.0,85.9754302181308,4.69145081173567,1.8823768638282696
2023-12-11 00:00:00+00:00,1082851.9640607536,7.936507936499629e-05,0.0,85.93381192451025,0.0,1.8750885792650531
2023-12-12 00:00:00+00:00,1082937.904692822,7.936507936508442e-05,0.0,85.94063206831377,0.0,1.898599910605625
2023-12-13 00:00:00+00:00,1083023.8521455752,7.936507936500369e-05,0.0,85.94745275339857,0.0,1.8590969908607646
2023-12-14 00:00:00+00:00,1083109.806419555,7.936507936514446e-05,0.0,85.95427397980755,0.0,1.843689776453708
2023-12-15 00:00:00+00:00,1083195.7675153026,7.936507936503705e-05,0.0,85.96109574758374,0.0,1.8446696566004164
2023-12-18 00:00:00+00:00,1083281.7354333594,7.936507936507179e-05,0.0,85.96791805677005,0.0,1.8582043655662623
2023-12-19 00:00:00+00:00,1083367.7101742667,7.936507936499402e-05,0.0,85.97474090740947,0.0,1.8380216232923652
2023-12-20 00:00:00+00:00,1083453.6917385662,7.936507936497904e-05,0.0,85.98156429954497,0.0,1.860114404258407
2023-12-21 00:00:00+00:00,1083539.6801267993,7.936507936498715e-05,0.0,85.98838823321954,0.0,1.849775129501798
2023-12-22 00:00:00+00:00,1083625.6753395076,7.936507936497868e-05,0.0,85.99521270847613,0.0,1.8441320976157898
2023-12-26 00:00:00+00:00,1083711.677377233,7.936507936512883e-05,0.0,86.00203772535775,0.0,1.8460017136557578
2023-12-27 00:00:00+00:00,1083797.686240517,7.936507936518306e-05,0.0,86.00886328390739,0.0,1.8429117339180903
2023-12-28 00:00:00+00:00,1083883.7019299013,7.93650793651017e-05,0.0,86.01568938416803,0.0,1.8643140706810581
2023-12-29 00:00:00+00:00,1083969.7244459274,7.936507936505996e-05,0.0,86.02251602618264,0.0,1.8652281459556912
2024-01-02 00:00:00+00:00,1084055.7537891374,7.936507936501816e-05,0.0,86.02934320999424,0.0,1.4400586196350176
2024-01-03 00:00:00+00:00,1084141.789960073,7.936507936515142e-05,0.0,86.03617093564583,0.0,1.459857703708746
2024-01-04 00:00:00+00:00,1084227.8329592762,7.936507936499047e-05,0.0,86.0429992031804,0.0,1.4583069189241096
2024-01-05 00:00:00+00:00,1084313.8827872889,7.936507936514e-05,0.0,86.04982801264096,0.0,1.4636920945568317
2024-01-08 00:00:00+00:00,1084399.939444653,7.936507936513078e-05,0.0,86.05665736407055,0.0,1.4551074411257217
2024-01-09 00:00:00+00:00,1084486.0029319106,7.93650793651379e-05,0.0,86.06348725751214,0.0,1.4780042840855772
2024-01-10 00:00:00+00:00,1084572.0732496036,7.936507936512169e-05,0.0,86.07031769300877,0.0,1.4779676163019237
2024-01-11 00:00:00+00:00,1084658.1503982742,7.93650793650425e-05,0.0,86.07714867060346,0.0,1.4865358880197341
2024-01-12 00:00:00+00:00,1084744.2343784645,7.936507936507533e-05,0.0,86.08398019033922,0.0,1.4656485872630802
2024-01-16 00:00:00+00:00,1084830.325190717,7.936507936518048e-05,0.0,86.09081225225908,0.0,1.50672115540817
2024-01-17 00:00:00+00:00,1082269.219913392,-0.0023608348862063223,0.25,64.57323364230457,0.0,1.5318628440669273
2024-01-18 00:00:00+00:00,1081764.7733109929,-0.0004661008491395479,0.25059160540422876,64.36997131870737,4.994038539461517,1.5362012023790559
2024-01-19 00:00:00+00:00,1081876.4917458652,0.0001032742400461038,0.2507084608307084,64.32993587407252,5.0110216059261115,1.5357147276942635
2024-01-22 00:00:00+00:00,1081817.5548837325,-5.447651611103612e-05,0.2506825717786152,64.3388024165227,4.9844617953347585,1.5367502994208122
2024-01-23 00:00:00+00:00,1084994.8114837375,0.002936961584383385,0.2506962288357643,64.334124887782,5.245629277875597,1.5121553987366294
2024-01-24 00:00:00+00:00,1083130.9092807802,-0.0017178904297324806,0.24996209975124312,64.58628811000463,5.067110676384884,1.5273046508631651
2024-01-25 00:00:00+00:00,1086012.1051990688,0.002660062503618992,0.25039224619466016,64.43835936373817,5.301299628694014,1.505166404044337
2024-01-26 00:00:00+00:00,1084832.562773908,-0.0010861227232311088,0.24972795422751404,64.66702570645948,5.198835569610457,1.5148195507260795
2024-01-29 00:00:00+00:00,1085451.741642008,0.0005707598475075378,0.24999948434826075,64.57341122827214,5.272179485518558,1.510451140567592
2024-01-30 00:00:00+00:00,1084294.4027035036,-0.0010662279068747015,0.24985687607577303,64.62255240828007,5.183652220036394,1.51990518460997
2024-01-31 00:00:00+00:00,1083232.9126395928,-0.0009789684990203706,0.25012356480073056,64.53070011157337,5.09968956237484,1.5286654224409943
2024-02-01 00:00:00+00:00,1087867.26056633,0.004278256202024384,0.2503686678396873,64.44645486840585,5.493029466626784,1.4934038514131034
2024-02-02 00:00:00+00:00,1083699.6582335266,-0.003830984242171071,0.2493020896285563,64.81426025941673,5.12753434073244,1.5259336819047027
2024-02-05 00:00:00+00:00,1081202.527286818,-0.0023042647727498896,0.25026083494365803,64.4834981695117,4.893102418283762,1.5463952904237472
2024-02-06 00:00:00+00:00,1082446.4421703261,0.0011504920235708368,0.2508388340325569,64.28531317374117,5.009074948379955,1.5367914778629155
2024-02-07 00:00:00+00:00,1081194.3738931303,-0.0011567022888313747,0.25055057759153676,64.3840365771942,4.904766510923238,1.5472408641222821
2024-02-08 00:00:00+00:00,1080676.7679086921,-0.00047873536612517834,0.2508407256330086,64.28466607900407,4.856361791476095,1.5518926560397177
2024-02-09 00:00:00+00:00,1079383.2451731758,-0.0011969561796165117,0.2509608694767406,64.24358623896927,4.733980275186121,1.5630009228297674
2024-02-12 00:00:00+00:00,1081249.8268819065,0.0017293039493411727,0.25126161862385293,64.14092570440448,4.8635059377775915,1.5484838666229357
2024-02-13 00:00:00+00:00,1076577.4908760483,-0.004321236304224126,0.250827861013198,64.2890671098593,4.435333652470567,1.5882427306760971
2024-02-14 00:00:00+00:00,1076817.762372039,0.0002231808653134395,0.2519164515291772,63.91824679193406,4.445552880480449,1.586784284955558
2024-02-15 00:00:00+00:00,1080176.3368618956,0.0031189813236905187,0.2518602411426209,63.937315958282525,4.733056409369875,1.558958442160042
2024-02-16 00:00:00+00:00,1080307.438093841,0.00012137021287312973,0.25107713624387057,64.20386948922352,4.754175761066334,1.5582110389663155
2024-02-20 00:00:00+00:00,1079478.1339287881,-0.0007676557022658496,0.2510466666564974,64.21427434890174,4.7086319620332,1.5651921834806721
2024-02-21 00:00:00+00:00,1078985.3904606588,-0.00045646451988421154,0.25123953211596084,64.14845655802452,4.66784772621827,1.5696749354381931
2024-02-22 00:00:00+00:00,1075824.419844148,-0.0029295768454856473,0.2513542664205033,64.1093499335698,4.409848001610412,1.5964515366434653
2024-02-23 00:00:00+00:00,1077639.8223222021,0.0016874523803030598,0.252092791625764,63.85847924971974,4.570741052753405,1.5814459142801072
2024-02-26 00:00:00+00:00,1075007.708201929,-0.002442480377721398,0.251668113668308,64.00255881147007,4.350805334513032,1.6040197598091082
2024-02-27 00:00:00+00:00,1074747.7516781096,-0.0002418182882187583,0.25228431315279065,63.79366086541665,4.3211065748338715,1.6068121390653483
2024-02-28 00:00:00+00:00,1073583.6677038153,-0.0010831229676701024,0.2523453348697088,63.77302939527225,4.232253265935949,1.6170146825755367
2024-02-29 00:00:00+00:00,1075927.9361198205,0.0021835917278986896,0.25261895225896924,63.680641778264764,4.4312103234464235,1.5973553897547572
2024-03-01 00:00:00+00:00,1078561.4906622556,0.0024477053286046614,0.25206853748565206,63.86669482715406,4.716386886942909,1.5748905419170014
2024-03-04 00:00:00+00:00,1082384.0784055628,0.0035441537421849684,0.2514530545042481,64.07570709242668,5.080728133089173,1.5445206933458402
2024-03-05 00:00:00+00:00,1082186.3710703673,-0.00018265913102375142,0.2505650135737301,64.37908707205426,5.086197400829247,1.5462821546429262
2024-03-06 00:00:00+00:00,1084151.3223321908,0.0018157235337200191,0.25061078992284264,64.3633960137054,5.273538380442211,1.5315368785566528
2024-03-07 00:00:00+00:00,1085256.867221605,0.0010197330083368855,0.25015657474296704,64.51934452654854,5.386148197207837,1.5235732564111388
2024-03-08 00:00:00+00:00,1085121.0889436596,-0.00012511165056534635,0.24990174168812676,64.60708618443856,5.410668674028438,1.5248451704918224
2024-03-11 00:00:00+00:00,1086661.7841939006,0.0014198371646623486,0.24993301121969122,64.59631013063336,5.534344761033049,1.5139609254554913
2024-03-12 00:00:00+00:00,1086664.2316224026,2.252244937209356e-06,0.0,86.24299874554767,5.370702671597429,1.5249803787915992
2024-03-13 00:00:00+00:00,1086750.4748153884,7.936507936506256e-05,0.0,86.24319298590497,0.0,1.5028063486461938
2024-03-14 00:00:00+00:00,1086836.7248530723,7.936507936518198e-05,0.0,86.250037683761,0.0,1.5118894002032177
2024-03-15 00:00:00+00:00,1086922.9817359971,7.936507936505393e-05,0.0,86.256882924847,0.0,1.5106726236803465
2024-03-18 00:00:00+00:00,1087009.2454647063,7.936507936506725e-05,0.0,86.26372870920612,0.0,1.5207650817390732
2024-03-19 00:00:00+00:00,1087095.5160397433,7.936507936518222e-05,0.0,86.27057503688145,0.0,1.5406265573580047
2024-03-20 00:00:00+00:00,1087181.7934616513,7.936507936514496e-05,0.0,86.27742190791614,0.0,1.5008619410516069
2024-03-21 00:00:00+00:00,1087268.0777309737,7.936507936513004e-05,0.0,86.28426932235328,0.0,1.5134875444145934
2024-03-22 00:00:00+00:00,1087354.368848254,7.936507936509776e-05,0.0,86.29111728023601,0.0,1.525769085220373
2024-03-25 00:00:00+00:00,1087440.6668140355,7.936507936500847e-05,0.0,86.29796578160746,0.0,1.5189106230695901
2024-03-26 00:00:00+00:00,1087526.971628862,7.936507936503663e-05,0.0,86.30481482651075,0.0,1.5205725299798667
2024-03-27 00:00:00+00:00,1087613.283293277,7.936507936514253e-05,0.0,86.31166441498904,0.0,1.493801427158357
2024-03-28 00:00:00+00:00,1087699.601807824,7.936507936507244e-05,0.0,86.31851454708548,0.0,1.475788827694132
2024-04-01 00:00:00+00:00,1087785.9271730469,7.936507936500076e-05,0.0,86.32536522284319,0.0,0.6013192259767246
2024-04-02 00:00:00+00:00,1087872.2593894892,7.936507936510189e-05,0.0,86.33221644230531,0.0,0.5953727195914462
2024-04-03 00:00:00+00:00,1085251.3269762553,-0.0024092280969686365,0.25,64.75430115413627,0.0,0.5746860310222557
2024-04-04 00:00:00+00:00,1086947.693769026,0.0015631096231849314,0.2506037616237099,64.54629064514944,6.045253682159727,0.5886490905730515
2024-04-05 00:00:00+00:00,1082871.7669083376,-0.0037498831673813847,0.25021265181980773,64.68092293028998,6.08360751915429,0.5540319778337928
2024-04-08 00:00:00+00:00,1085785.1135530816,0.002690389327502572,0.25115445167053996,64.35743667150518,6.163033482186199,0.5778826777623625
2024-04-09 00:00:00+00:00,1083847.55182363,-0.001784479917127652,0.2504805614412915,64.58865465918328,6.177768158544096,0.5613517636074841
2024-04-10 00:00:00+00:00,1085204.5446194445,0.001252014449385724,0.2509283380211284,64.43487991875061,6.139437462560576,0.572023729643858
2024-04-11 00:00:00+00:00,1083176.1768802924,-0.0018691109885311656,0.25061456496456624,64.54257775968827,6.222002067564118,0.5550296556820564
2024-04-12 00:00:00+00:00,1084724.615820026,0.001429535631215041,0.25108386858237647,64.3815961930889,6.155584720023994,0.5670942599213094
2024-04-15 00:00:00+00:00,1088258.2886000795,0.0032576681016702885,0.2507254476213494,64.50448817243284,6.339074530561998,0.5961496943791129
2024-04-16 00:00:00+00:00,1091317.0096876833,0.0028106572857244457,0.2499113194876083,64.784938393072,6.398279602478563,0.6215799129087936
2024-04-17 00:00:00+00:00,1088066.9020444516,-0.002978151732613309,0.2492108731313599,65.02769403494531,6.282845683095162,0.5936273535844636
2024-04-18 00:00:00+00:00,1087510.5981454086,-0.0005112772918629591,0.24995527787523988,64.76974898389518,6.311970414405912,0.588426676337563
2024-04-19 00:00:00+00:00,1086371.751823035,-0.0010472048036273157,0.25008313970564916,64.72559788079653,6.3266095728787635,0.5784598103704264
2024-04-22 00:00:00+00:00,1090625.462734792,0.0039155205431462255,0.2503453025090021,64.63521325203673,6.229593060078057,0.6141626647557006
2024-04-23 00:00:00+00:00,1087720.5292643525,-0.0026635481837689254,0.24936889348374489,64.97280935614441,6.144433040466834,0.588790432376677
2024-04-24 00:00:00+00:00,1088124.4269244112,0.00037132484787416343,0.2500348734167129,64.74225908071271,6.131436210702869,0.5917358296405686
2024-04-25 00:00:00+00:00,1081847.6750512435,-0.005768413719843572,0.24994206371792543,64.77431445055863,6.047054643296111,0.5388740905156428
2024-04-26 00:00:00+00:00,1081751.1957068932,-8.918015592695703e-05,0.2513921979214773,64.27615953998978,6.072292991630621,0.5377512033849143
2024-04-29 00:00:00+00:00,1080624.4920501683,-0.0010415552681581448,0.25141461911641244,64.26850244916834,6.027307556511588,0.527997886398496
2024-04-30 00:00:00+00:00,1086631.3927595469,0.005558730857545343,0.25167675436579506,64.17908152403143,6.020394881969128,0.5769494597298683
2024-05-01 00:00:00+00:00,1086215.6839818093,-0.0003825665083003545,0.2502854847186936,64.6558196755694,6.0981848247828285,0.5730839158887697
2024-05-02 00:00:00+00:00,1084860.2198579519,-0.001247877510743198,0.2503812722077459,64.62282691543152,6.01481441102477,0.5610635581640473
2024-05-03 00:00:00+00:00,1085519.488709937,0.0006076993514164858,0.25069410774687906,64.51525039766504,6.016322510015338,0.5660858875648573
2024-05-06 00:00:00+00:00,1082816.1202147827,-0.002490391488380544,0.25054185362492853,64.56757332242577,6.033755689054776,0.5433486562662591
2024-05-07 00:00:00+00:00,1082706.1875699481,-0.0001015247582504621,0.2511673586771371,64.35302026725479,6.00308540861832,0.5418301524363276
2024-05-08 00:00:00+00:00,1082188.7144188238,-0.00047794420782404926,0.25119286097162147,64.3442954541727,5.971812140925264,0.5369806878804306
2024-05-09 00:00:00+00:00,1078315.9081219349,-0.003578679250013076,0.25131297455215973,64.3032261564644,6.008996191843632,0.5059620662433035
2024-05-10 00:00:00+00:00,1080551.2015681365,0.002072948594530828,0.25221557319046656,63.99586057734624,6.101004509756726,0.5236845749648964
2024-05-13 00:00:00+00:00,1080457.6588848482,-8.656941304814573e-05,0.25169382483003305,64.17326481910827,6.028364992182375,0.5220306250909799
2024-05-14 00:00:00+00:00,1079396.4837175845,-0.000982153403733533,0.25171561570313955,64.16584079662508,6.054962900665041,0.5133895885328972
2024-05-15 00:00:00+00:00,1078255.109196523,-0.0010574191580933266,0.25196308210184104,64.08162054525495,6.127151754919611,0.5046003540499546
2024-05-16 00:00:00+00:00,1079521.4013736588,0.0011743901478745774,0.2522297947190189,63.991035265805614,6.136486902518159,0.5140161440241444
2024-05-17 00:00:00+00:00,1075088.8018520519,-0.004106078412124648,0.251933925998411,64.09153464494337,6.143699178141719,0.4798753084077685
2024-05-20 00:00:00+00:00,1073938.2062755823,-0.0010702330584110135,0.25297265154176457,63.73974103211743,6.1574706750157375,0.47105312857459225
2024-05-21 00:00:00+00:00,1075462.2086839061,0.0014190783039641078,0.25324368130132696,63.6484239228738,6.169974344532243,0.4820400505806193
2024-05-22 00:00:00+00:00,1080328.3333182144,0.004524682127383333,0.25288481794278245,63.769376494963,6.147596085147647,0.5185798054642348
2024-05-23 00:00:00+00:00,1081070.2917562788,0.0006867897612066895,0.2517457484541074,64.15557686276524,6.005635372457449,0.5230729981377342
2024-05-24 00:00:00+00:00,1079151.2886396244,-0.0017750955985821257,0.25157297071362494,64.21446245308782,5.987228489904444,0.5073370194264974
2024-05-28 00:00:00+00:00,1076764.2255365108,-0.002211981886360607,0.25202033089374765,64.0621606184327,6.0067172108374125,0.48861746166195097
2024-05-29 00:00:00+00:00,1079665.2859763673,0.0026942392503902157,0.25257903113549385,63.872711165804645,5.99284893438021,0.510500006113805
2024-05-30 00:00:00+00:00,1078424.187046833,-0.001149521935783871,0.25190035132177563,64.10295405785673,5.984966341418592,0.5002992010962108
2024-05-31 00:00:00+00:00,1078448.9381785803,2.2951202360297133e-05,0.25219024954561914,64.00445414281434,5.936150067676958,0.499611286852808
2024-06-03 00:00:00+00:00,1078949.50155753,0.0004641512094166125,0.25218446160900865,64.00641851834983,6.014561091965758,0.5037234922420621
2024-06-04 00:00:00+00:00,1084706.989355786,0.005336197653314463,0.25206746419064996,64.04614577064743,6.062897252885891,0.5494353719217795
2024-06-05 00:00:00+00:00,1083534.3873780216,-0.0010810310888296308,0.0,86.08785629807825,6.107189229655821,0.5353228884214252
2024-06-06 00:00:00+00:00,1083620.3821706707,7.936507936508622e-05,0.0,85.99479264904933,0.0,0.49315950639846484
2024-06-07 00:00:00+00:00,1083706.3837883032,7.936507936506142e-05,0.0,86.00161763259291,0.0,0.554109552811406
2024-06-10 00:00:00+00:00,1083792.3922314611,7.936507936515802e-05,0.0,86.00844315780185,0.0,0.5472954892526927
2024-06-11 00:00:00+00:00,1083878.407500686,7.936507936512147e-05,0.0,86.01526922471913,0.0,0.560123070412696
2024-06-12 00:00:00+00:00,1083964.4295965193,7.936507936512699e-05,0.0,86.02209583338777,0.0,0.5547475487748068
2024-06-13 00:00:00+00:00,1084050.4585195032,7.936507936513485e-05,0.0,86.02892298385073,0.0,0.5788851979077396
2024-06-14 00:00:00+00:00,1084136.4942701794,7.936507936510543e-05,0.0,86.03575067615105,0.0,0.5787327395970951
2024-06-17 00:00:00+00:00,1084222.5368490897,7.936507936499905e-05,0.0,86.0425789103317,0.0,0.5850010072955794
2024-06-18 00:00:00+00:00,1084308.586256776,7.936507936499083e-05,0.0,86.04940768643569,0.0,0.5672379323123407
2024-06-20 00:00:00+00:00,1084394.6424937805,7.936507936504105e-05,0.0,86.05623700450603,0.0,0.5466338209734936
2024-06-21 00:00:00+00:00,1084480.705560645,7.936507936511006e-05,0.0,86.06306686458575,0.0,0.5503970581103257
2024-06-24 00:00:00+00:00,1084566.775457912,7.936507936515816e-05,0.0,86.06989726671786,0.0,0.5475648884627713
2024-06-25 00:00:00+00:00,1084652.852186123,7.936507936514569e-05,0.0,86.07672821094539,0.0,0.5587835644214483
2024-06-26 00:00:00+00:00,1084738.9357458202,7.936507936503303e-05,0.0,86.08355969731134,0.0,0.5496605155683634
2024-06-27 00:00:00+00:00,1084825.026137546,7.936507936499516e-05,0.0,86.09039172585874,0.0,0.543666537377856
2024-06-28 00:00:00+00:00,1084911.1233618425,7.936507936499241e-05,0.0,86.09722429663063,0.0,0.5573546266015592
2024-07-01 00:00:00+00:00,1084997.227419252,7.93650793649851e-05,0.0,86.10405740967003,0.0,0.5340742327162733
2024-07-02 00:00:00+00:00,1085083.3383103171,7.936507936514813e-05,0.0,86.11089106502,0.0,0.5292459249442754
2024-07-03 00:00:00+00:00,1085169.4560355798,7.936507936501267e-05,0.0,86.11772526272358,0.0,0.4978044958673822
2024-07-05 00:00:00+00:00,1085255.5805955827,7.936507936518281e-05,0.0,86.1245600028238,0.0,0.47088437753784795
2024-07-08 00:00:00+00:00,1085341.711990868,7.936507936497516e-05,0.0,86.13139528536371,0.0,0.460840899651914
2024-07-09 00:00:00+00:00,1085427.8502219783,7.936507936499374e-05,0.0,86.13823111038634,0.0,0.4651259145961646
2024-07-10 00:00:00+00:00,1085513.995289456,7.936507936498432e-05,0.0,86.14506747793479,0.0,0.4291348212471693
2024-07-11 00:00:00+00:00,1083958.4179016317,-0.0014330330097767387,0.25,64.61392829103906,0.0,0.41289329289593013
2024-07-12 00:00:00+00:00,1082923.219552831,-0.0009550166608831992,0.25035877238511506,64.49046976819585,5.9974333310061745,0.40353642053056493
2024-07-15 00:00:00+00:00,1084854.481776867,0.0017833787189765011,0.2505980977436459,64.40831116908467,6.06582939352548,0.4195908170534697
2024-07-16 00:00:00+00:00,1081533.82059977,-0.0030609277399658795,0.25015198202239736,64.56158594877007,6.128671813854895,0.39119642121383524
2024-07-17 00:00:00+00:00,1084514.4378073048,0.0027559167829647045,0.25092003010305286,64.29804141090523,6.165009621323935,0.41568507616789496
2024-07-18 00:00:00+00:00,1086100.2768707944,0.0014622572168756565,0.25023041590026507,64.53459833213816,6.148309160708229,0.42875330843004456
2024-07-19 00:00:00+00:00,1085756.6763176173,-0.0003163617213753275,0.24986504892922332,64.66045857527224,6.011058586821768,0.4253755610567609
2024-07-22 00:00:00+00:00,1086834.446407467,0.0009926442207151723,0.24994412168180621,64.63318869009946,6.019218915595105,0.43427519427865136
2024-07-23 00:00:00+00:00,1085883.8961460537,-0.0008746044667200772,0.24969626213026844,64.71872599881769,6.036923823311688,0.42545409400871304
2024-07-24 00:00:00+00:00,1087022.208899005,0.001048282193880419,0.24991483876455153,64.64328550188013,6.034842996243648,0.4348754246012936
2024-07-25 00:00:00+00:00,1089648.1521523846,0.002415721805757074,0.24965313183180576,64.7336277838604,5.982796774406077,0.457874822049277
2024-07-26 00:00:00+00:00,1089597.6755503933,-4.632376230036295e-05,0.2490514927101096,64.94203597857306,6.044333590344408,0.4566861790854677
2024-07-29 00:00:00+00:00,1088816.2530193932,-0.0007171661141855706,0.24906303024672055,64.93802989904995,6.017763898301368,0.4492304832425118
2024-07-30 00:00:00+00:00,1088716.0759177948,-9.200551637666431e-05,0.2492417780041445,64.87601223785946,6.08790373455091,0.4476309929969702
2024-07-31 00:00:00+00:00,1086443.0974774312,-0.0020877605196079453,0.24926471173266193,64.86806167424054,6.151116913551913,0.4271498609706974
2024-08-01 00:00:00+00:00,1089394.1253521275,0.0027162286561976186,0.24978620551087022,64.68766655992596,6.202632753675352,0.45221343226169
2024-08-02 00:00:00+00:00,1092649.495582002,0.002988239200227249,0.2491095669665427,64.9218751214098,6.265750363845106,0.48044979927822595
2024-08-05 00:00:00+00:00,1095234.6624090734,0.002365961671628708,0.24836738580821263,65.1802378380665,6.207942579873787,0.5041678537763792
2024-08-06 00:00:00+00:00,1093718.6622758813,-0.0013841783731146523,0.24778114511591612,65.385409808469,6.110506125805565,0.4902541871706587
2024-08-07 00:00:00+00:00,1097927.2935602136,0.0038480017114956907,0.24812459381250926,65.26509233758074,6.194075698780558,0.5287631243306921
2024-08-08 00:00:00+00:00,1095738.6303921784,-0.0019934500042695057,0.24717346987738475,65.59911069348013,6.261423539496396,0.506726948149737
2024-08-09 00:00:00+00:00,1094749.827328129,-0.0009024077792124109,0.2476671820224448,65.42540726744559,6.263515601675693,0.4969736083350069
2024-08-12 00:00:00+00:00,1092357.172706861,-0.00218557204718405,0.24789088068156767,65.34693083379086,6.34228545065768,0.4741149774546072
2024-08-13 00:00:00+00:00,1090644.117960915,-0.0015682185174846518,0.248433850761366,65.15703760988072,6.2718726152816275,0.4587785826787467
2024-08-14 00:00:00+00:00,1090586.1466189127,-5.315330734159056e-05,0.24882406126183254,65.02108088401198,6.227496899520664,0.45795080585109904
2024-08-15 00:00:00+00:00,1090239.3020723418,-0.00031803498297334175,0.2488372877866683,65.01647998385307,6.242952453500304,0.4543016986224666
2024-08-16 00:00:00+00:00,1088339.2763154942,-0.001742760285045663,0.24891645192621845,64.98895263888713,6.363357676067131,0.43687838966148096
2024-08-19 00:00:00+00:00,1084696.606212576,-0.0033469986631837123,0.24935101096516452,64.83815694389922,6.262705648693592,0.40586483433610354
2024-08-20 00:00:00+00:00,1083947.0377783296,-0.0006910397155787281,0.2501883911759746,64.5490561420803,6.278839831547564,0.39919438766965154
2024-08-21 00:00:00+00:00,1082774.2386579006,-0.001081970870858003,0.2503614008472079,64.48956658380679,6.248847811997803,0.3890780400779992
2024-08-22 00:00:00+00:00,1085667.5013855034,0.0026720830846410346,0.25063257799588756,64.39648728853464,6.2280946919023545,0.4125144354268846
2024-08-23 00:00:00+00:00,1084697.7287368483,-0.0008932501409662809,0.24996465167837956,64.62611131453488,6.281917227061489,0.4039467505049128
2024-08-26 00:00:00+00:00,1085752.1653474967,0.0009721017963929181,0.2501881322627914,64.54914523130827,6.320857198915253,0.41220356571554095
2024-08-27 00:00:00+00:00,1085804.2214842625,4.794476900636848e-05,0.2499451601236355,64.63283067659782,6.347948228274986,0.4121309172484029
2024-08-28 00:00:00+00:00,1089442.1550706704,0.0033504507667459333,0.2499331771351907,64.63696211602368,6.3561939157396825,0.44235522727317367
2024-08-29 00:00:00+00:00,1086838.0319847127,-0.0023903270805495807,0.24909858459145096,64.92568700383384,6.34047324128852,0.41978994515903434
2024-08-30 00:00:00+00:00,1087602.6380529366,0.0007035142732608224,0.24969543835965172,64.71901056844037,6.306240921823859,0.42579769581347726
2024-09-03 00:00:00+00:00,1093122.8602098215,0.005075587318147129,0.24951989755026255,64.77969358972797,6.3886329988303485,0.47281771900331915
2024-09-04 00:00:00+00:00,1093978.2203070214,0.0007824921866840545,0.0,86.75578255633503,6.419104771708029,0.48533955817476215
2024-09-05 00:00:00+00:00,1094065.0439752997,7.936507936503646e-05,0.0,86.82366827833503,0.0,0.4771718614810547
2024-09-06 00:00:00+00:00,1094151.8745343455,7.936507936518554e-05,0.0,86.8305590456587,0.0,0.5094169578731309
2024-09-09 00:00:00+00:00,1094238.7119847054,7.936507936515183e-05,0.0,86.83745035986868,0.0,0.4915452552551578
2024-09-10 00:00:00+00:00,1094325.5563269265,7.936507936510853e-05,0.0,86.84434222100836,0.0,0.48225770896008857
2024-09-11 00:00:00+00:00,1094412.4075615555,7.936507936501595e-05,0.0,86.85123462912115,0.0,0.47510503332539145
2024-09-12 00:00:00+00:00,1094499.2656891397,7.936507936504722e-05,0.0,86.85812758425044,0.0,0.42898044303712357
2024-09-13 00:00:00+00:00,1094586.1307102263,7.93650793651626e-05,0.0,86.86502108643965,0.0,0.4071410478043225
2024-09-16 00:00:00+00:00,1094673.002625362,7.93650793651097e-05,0.0,86.87191513573224,0.0,0.41380591722614213
2024-09-17 00:00:00+00:00,1094759.8814350942,7.936507936506161e-05,0.0,86.87880973217159,0.0,0.4219392666302646
2024-09-18 00:00:00+00:00,1094846.7671399699,7.936507936497864e-05,0.0,86.88570487580112,0.0,0.42517419685653035
2024-09-19 00:00:00+00:00,1094933.6597405365,7.936507936503383e-05,0.0,86.89260056666427,0.0,0.42630088319404447
2024-09-20 00:00:00+00:00,1095020.5592373412,7.93650793649748e-05,0.0,86.89949680480449,0.0,0.41021357029691075
2024-09-23 00:00:00+00:00,1095107.4656309313,7.936507936497455e-05,0.0,86.90639359026517,0.0,0.4166339512960935
2024-09-24 00:00:00+00:00,1095194.3789218543,7.936507936499341e-05,0.0,86.91329092308979,0.0,0.39282218418198855
2024-09-25 00:00:00+00:00,1095281.2991106575,7.93650793649917e-05,0.0,86.92018880332176,0.0,0.3933360970405584
2024-09-26 00:00:00+00:00,1095368.2261978886,7.936507936514233e-05,0.0,86.92708723100456,0.0,0.38896444357126825
2024-09-27 00:00:00+00:00,1095455.1601840947,7.936507936498047e-05,0.0,86.93398620618163,0.0,0.4250283171460829
2024-09-30 00:00:00+00:00,1095542.1010698236,7.93650793651042e-05,0.0,86.9408857288964,0.0,0.4328403531532281
2024-10-01 00:00:00+00:00,1095629.0488556228,7.936507936504868e-05,0.0,86.94778579919235,0.0,0.732603626870211
2024-10-02 00:00:00+00:00,1095716.0035420398,7.936507936498684e-05,0.0,86.95468641711292,0.0,0.7338718670563091
2024-10-03 00:00:00+00:00,1095802.9651296225,7.93650793650915e-05,0.0,86.96158758270157,0.0,0.759153360595147
2024-10-04 00:00:00+00:00,1095889.9336189185,7.936507936511044e-05,0.0,86.96848929600179,0.0,0.7609047788222814
2024-10-07 00:00:00+00:00,1095976.9090104755,7.936507936500407e-05,0.0,86.97539155705702,0.0,0.7729468043549419
2024-10-08 00:00:00+00:00,1096063.8913048415,7.93650793651576e-05,0.0,86.98229436591076,0.0,0.7659210113898913
2024-10-09 00:00:00+00:00,1096150.8805025641,7.936507936510646e-05,0.0,86.98919772260646,0.0,0.7706671265173632
2024-10-10 00:00:00+00:00,1096237.8766041913,7.936507936502345e-05,0.0,86.99610162718763,0.0,0.7399343622818897
2024-10-11 00:00:00+00:00,1096324.879610271,7.93650793650813e-05,0.0,87.00300607969771,0.0,0.7429741142298409
2024-10-14 00:00:00+00:00,1096411.889521351,7.936507936502795e-05,0.0,87.00991108018023,0.0,0.7408528765901874
2024-10-15 00:00:00+00:00,1096498.9063379797,7.936507936503608e-05,0.0,87.01681662867865,0.0,0.7256552938270255
2024-10-16 00:00:00+00:00,1096585.930060705,7.936507936506606e-05,0.0,87.02372272523648,0.0,0.7173772203408326
2024-10-17 00:00:00+00:00,1096672.9606900748,7.936507936507817e-05,0.0,87.03062936989721,0.0,0.7118435637973208
2024-10-18 00:00:00+00:00,1096759.9982266375,7.936507936503277e-05,0.0,87.03753656270435,0.0,0.672504972044309
2024-10-21 00:00:00+00:00,1097450.9969405779,0.0006300363936117883,0.25,65.28333322777604,0.0,0.6732235090910379
2024-10-22 00:00:00+00:00,1095222.0473484385,-0.0020310242537963877,0.24984259007557816,65.33817439554909,6.453002717324076,0.6542148138784274
2024-10-23 00:00:00+00:00,1097414.6957034217,0.0020020126149684894,0.2503510591486727,65.16127363426818,6.429755098346731,0.6719268676110248
2024-10-24 00:00:00+00:00,1102440.7849492866,0.004579936158630774,0.24985085458593104,65.33529334498114,6.563650939215958,0.7141602098632367
2024-10-25 00:00:00+00:00,1104735.4244439197,0.002081417456574436,0.2487117705548896,65.73418931687517,6.69451538479544,0.7329818427031061
2024-10-28 00:00:00+00:00,1104856.6413436562,0.00010972482374915006,0.24819517278960782,65.91630356248098,6.625350874012877,0.7340590844965966
2024-10-29 00:00:00+00:00,1103948.9359341976,-0.0008215594453545685,0.2481679426058452,65.92592395134896,6.694651853981612,0.7250157193035855
2024-10-30 00:00:00+00:00,1106623.5032279757,0.0024227273623981128,0.24837199496426965,65.85388383948717,6.773120567837202,0.7475143846773875
2024-10-31 00:00:00+00:00,1108746.967930452,0.0019188682476761261,0.24777171165880565,66.0661510850251,6.7125845559774815,0.7668664334925017
2024-11-01 00:00:00+00:00,1109915.2258991706,0.0010536741046510195,0.24729718095053985,66.23468002966608,6.711684272919686,0.777147218897392
2024-11-04 00:00:00+00:00,1109552.7815670723,-0.00032655136504207346,0.24703688458236175,66.32739891607233,6.699351970340415,0.7733713582233657
2024-11-05 00:00:00+00:00,1109560.7462181577,7.178253452879909e-06,0.24711758116581733,66.29863349288992,6.716420843751684,0.7726864718909718
2024-11-06 00:00:00+00:00,1111645.798164506,0.0018791688093283744,0.24711580730592028,66.29926560805542,6.54486031091759,0.7940879854313101
2024-11-07 00:00:00+00:00,1109904.9368535844,-0.0015660215815109747,0.2466523059857629,66.46474592125767,6.619951832378367,0.7759479253813071
2024-11-08 00:00:00+00:00,1110906.5579730151,0.0009024386559358871,0.2470391746647666,66.32658232515277,6.58464352083796,0.785304015530035
2024-11-11 00:00:00+00:00,1116783.8097283333,0.00529050054942686,0.24681643797022187,66.40607606479014,6.542601977778743,0.8435365298664532
2024-11-12 00:00:00+00:00,1117859.2409228464,0.0009629716916962757,0.24551752735684654,66.87252461679951,6.498285572449497,0.8549640520983299
2024-11-13 00:00:00+00:00,1118479.3774618437,0.000554753690174212,0.24528132838111388,66.95787629890373,6.434755258844461,0.8622312858334524
2024-11-14 00:00:00+00:00,1117923.299927848,-0.0004971728090844508,0.24514533310294603,67.00709348453843,6.411211530582917,0.8562093766234318
2024-11-15 00:00:00+00:00,1118735.062990396,0.0007261348453874405,0.2452672733222001,66.96296034691973,6.4179182451927055,0.8640339412137177
2024-11-18 00:00:00+00:00,1115383.60353758,-0.002995757944564238,0.2450893054372903,67.0273859868045,6.483655875759584,0.8272800622439878
2024-11-19 00:00:00+00:00,1113906.9900404557,-0.001323861577703868,0.24582573985042558,66.76139714134291,6.507724277281335,0.8114742150174363
2024-11-20 00:00:00+00:00,1114954.4437508385,0.000940342164784119,0.24615161050986953,66.6442055939521,6.5691552587743125,0.8202706971605709
2024-11-21 00:00:00+00:00,1114406.7087245418,-0.0004912622478583506,0.2459203612250307,66.72733684080787,6.603457959119411,0.8136758051757331
2024-11-22 00:00:00+00:00,1115396.9812639658,0.0008886096356664937,0.24604123199372577,66.6838658069748,6.738673428169125,0.8205126481102445
2024-11-25 00:00:00+00:00,1116321.6353678608,0.0008289910403443396,0.24582279149253905,66.76245886565924,6.4855591133004244,0.8337259307974234
2024-11-26 00:00:00+00:00,1115968.803240731,-0.0003160667283973434,0.24561917539679834,66.83584411200012,6.535316277948239,0.8286227794129193
2024-11-27 00:00:00+00:00,1115493.6435194528,-0.0004257822619219051,0.24569683199066322,66.8078415622279,6.535152652781813,0.8232388259925374
2024-11-29 00:00:00+00:00,1115476.789462428,-1.5109056983528021e-05,0.24580148990501877,66.77013047323759,6.573485078760062,0.8218029190201808
2024-12-02 00:00:00+00:00,1116536.0322544202,0.0009495874786445517,0.0,88.52990392558954,6.594068942108451,0.8458707310161708
2024-12-03 00:00:00+00:00,1116624.646225234,7.936507936504733e-05,0.0,88.61397081384287,0.0,0.816833986470904
2024-12-04 00:00:00+00:00,1116713.2672289028,7.936507936515632e-05,0.0,88.62100366866937,0.0,0.8217117045478854
2024-12-05 00:00:00+00:00,1116801.8952659843,7.936507936499587e-05,0.0,88.62803708165895,0.0,0.8195860984470436
2024-12-06 00:00:00+00:00,1116890.5303370373,7.936507936515183e-05,0.0,88.6350710528559,0.0,0.8411660242152665
2024-12-09 00:00:00+00:00,1116979.1724426197,7.936507936516754e-05,0.0,88.64210558230455,0.0,0.8125386060758135
2024-12-10 00:00:00+00:00,1117067.8215832897,7.936507936500334e-05,0.0,88.64914067004918,0.0,0.8249215235065464
2024-12-11 00:00:00+00:00,1117156.4777596057,7.936507936503648e-05,0.0,88.6561763161341,0.0,0.7979820715325463
2024-12-12 00:00:00+00:00,1117245.1409721263,7.936507936501885e-05,0.0,88.66321252060364,0.0,0.8303488058680699
2024-12-13 00:00:00+00:00,1117333.8112214098,7.93650793651192e-05,0.0,88.67024928350209,0.0,0.853734092616607
2024-12-16 00:00:00+00:00,1117422.4885080147,7.936507936508941e-05,0.0,88.6772866048738,0.0,0.8642261674412408
2024-12-17 00:00:00+00:00,1117511.1728324995,7.936507936509823e-05,0.0,88.68432448476307,0.0,0.8684882929196691
2024-12-18 00:00:00+00:00,1117599.8641954227,7.936507936510601e-05,0.0,88.69136292321424,0.0,0.9110028659471832
2024-12-19 00:00:00+00:00,1115812.8821093063,-0.0015989462269690984,0.25,66.52380144020374,0.0,0.9171314415575367
2024-12-20 00:00:00+00:00,1116586.9358083953,0.0006937128182511467,0.2504003767376162,66.38197746511514,6.600482800102456,0.911119597800301
2024-12-23 00:00:00+00:00,1115408.7314135425,-0.0010551837542320311,0.25022679120508745,66.44341029837615,6.48875692441639,0.9214125838393308
2024-12-24 00:00:00+00:00,1115173.8449644626,-0.00021058329782150094,0.2504911053500324,66.34990201307039,6.4661636129828635,0.9238661926688367
2024-12-26 00:00:00+00:00,1114900.1099791056,-0.00024546395756407,0.2505438657035212,66.33126023139737,6.4659650510435,0.9265213936951158
2024-12-27 00:00:00+00:00,1114592.0163341276,-0.00027634192715595557,0.2506053802919545,66.30953523255953,6.418493745298305,0.9296881244633273
2024-12-30 00:00:00+00:00,1112579.553085666,-0.0018055604373344355,0.25067465220843493,66.28508335597397,6.228531543952516,0.9473736797566046
2024-12-31 00:00:00+00:00,1112259.9227645276,-0.0002872876103572387,0.251128079132821,66.1253640505405,6.227572048338567,0.9503311931487364
2025-01-02 00:00:00+00:00,1117631.8388109661,0.004829730835834291,0.2512002458511727,66.09999656473587,6.701595504917718,-0.2759424246906068
2025-01-03 00:00:00+00:00,1117122.3453367485,-0.00045586879017301513,0.24999284768596575,66.526339108104,6.628846258200509,-0.268231373105829
2025-01-06 00:00:00+00:00,1115872.4888933755,-0.0011188178703884582,0.25010686359928874,66.48590311808674,6.516559892633639,-0.2540855197453915
2025-01-07 00:00:00+00:00,1116673.2749658586,0.0007176322388566124,0.2503870010505771,66.38670816226347,6.597480847831857,-0.26331915131228456
2025-01-08 00:00:00+00:00,1119974.8581290306,0.002956624141714997,0.250207444122273,66.45026261246055,6.875933440548347,-0.29774739969684916
2025-01-10 00:00:00+00:00,1119125.2332416954,-0.0007586106787740322,0.24946985552479825,66.7122930222361,6.849737786390108,-0.29155701520051736
2025-01-13 00:00:00+00:00,1118086.7733591301,-0.0009279210688130683,0.24965924969767364,66.6448624756222,6.7204240485516555,-0.27767434649639533
2025-01-14 00:00:00+00:00,1122045.4684351468,0.0035405973582205807,0.24989112894112758,66.56244502462495,7.041579078390479,-0.31759216013693603
2025-01-15 00:00:00+00:00,1122724.0833159287,0.0006048015877006119,0.24900948661066202,66.87662717351517,7.119536100037002,-0.32540105545981124
2025-01-16 00:00:00+00:00,1121311.679737592,-0.0012580148580807991,0.2488589763066782,66.93048549738674,7.0308870473002525,-0.3125998094258007
2025-01-17 00:00:00+00:00,1123044.5586215258,0.0015454034014335555,0.24917243893708527,66.81838997529654,7.146216206638235,-0.3279971703601312
2025-01-21 00:00:00+00:00,1124235.4370226942,0.0010604017374253839,0.2487879611756487,66.95592004545,7.298485183851652,-0.3425460079048097
2025-01-22 00:00:00+00:00,1123391.77202,-0.0007504344507484958,0.24852442544311618,67.05043420427289,7.241201541483548,-0.3346740290819401
2025-01-23 00:00:00+00:00,1123746.2618892917,0.00031555320069172647,0.24871106679592225,66.98347666437654,7.263794852917074,-0.33746647236100014
2025-01-24 00:00:00+00:00,1124744.7720888979,0.000888554857506219,0.24863260998004671,67.01161078098698,7.365546907832567,-0.34799609294845
2025-01-27 00:00:00+00:00,1124126.1564718594,-0.0005500053277772025,0.2484118823952821,67.09085762222557,7.267639421863283,-0.33901243068053777
2025-01-28 00:00:00+00:00,1124189.4761317202,5.632789477965481e-05,0.24854858544148642,67.04176114468284,7.300610264436539,-0.3409090278934741
2025-01-29 00:00:00+00:00,1125949.5707408262,0.001565656543203337,0.24853458601147646,67.04678651451306,7.4257944837523535,-0.35658874409779884
2025-01-30 00:00:00+00:00,1130046.9959816167,0.003639084153737492,0.24814607448628678,67.1864765628548,7.803475985993512,-0.3972103758840051
2025-01-31 00:00:00+00:00,1128790.9408817678,-0.0011115069588391914,0.24724632430543703,67.51166904228262,7.708015607977246,-0.385522784932685
2025-02-03 00:00:00+00:00,1130552.516724255,0.001560586445804646,0.24752144611525606,67.4119821295962,7.857517331723929,-0.40185157162603424
2025-02-04 00:00:00+00:00,1130949.8772585732,0.0003514746360209771,0.24713576938328302,67.5517897361428,7.932070572585108,-0.40715767563746486
2025-02-05 00:00:00+00:00,1134720.135938144,0.0033337097915514917,0.24704893794773847,67.5833262864855,8.262801358388561,-0.44183320530389825
2025-02-06 00:00:00+00:00,1136104.0950199473,0.0012196479448732178,0.24622808496991927,67.88255316581655,8.348686921367396,-0.4526873533516049
2025-02-07 00:00:00+00:00,1134747.0356040185,-0.0011944851020935364,0.24592813922033271,67.99239118818187,8.248419656009364,-0.440728300851295
2025-02-10 00:00:00+00:00,1137204.5573921225,0.002165700117291647,0.24622224802740542,67.88468805993355,8.518063071999022,-0.4647528370052223
2025-02-11 00:00:00+00:00,1135382.5665935217,-0.0016021662828884277,0.24569015682595005,68.07972947168784,8.340038287861026,-0.4473400516465489
2025-02-12 00:00:00+00:00,1138798.9590688024,0.0030090231925357547,0.2460844249944201,67.93512702735445,8.612561131619728,-0.47654581209157065
2025-02-13 00:00:00+00:00,1139068.0221597315,0.00023626917533282286,0.24534617267065423,68.20626928729735,8.672452425161305,-0.47989972022238625
2025-02-14 00:00:00+00:00,1134610.4375975279,-0.003913361164991538,0.24528821862552072,68.22762350086316,8.243414206728223,-0.4381380428173349
2025-02-18 00:00:00+00:00,1134598.4293397411,-1.0583595381133753e-05,0.24625189121340096,67.87384694830732,8.314163720143707,-0.44077109029218864
2025-02-19 00:00:00+00:00,1134064.45418901,-0.00047062919965603733,0.24625449747136297,67.87289391197504,8.265932421651137,-0.43556248368128525
2025-02-20 00:00:00+00:00,1137774.051304062,0.003271063740115841,0.24637044659746404,67.83051493175827,8.565255073731015,-0.4674113151131971
2025-02-21 00:00:00+00:00,1131414.7637974757,-0.005589235841068325,0.24556718069692385,68.12492740120685,8.042802697647133,-0.41110843699136534
2025-02-24 00:00:00+00:00,1131561.1593637378,0.00012939159974429757,0.24694742811299264,67.62022204354128,8.072608221947718,-0.4129732738961138
2025-02-25 00:00:00+00:00,1131014.0438463842,-0.0004835050344616591,0.24691547932412125,67.63184073927636,7.975261225859242,-0.4052246747878323
2025-02-26 00:00:00+00:00,1132785.1132158653,0.0015659128010984513,0.24703492195257318,67.58841887281972,8.112383803310061,-0.4204620609222971
2025-02-27 00:00:00+00:00,1128767.1934717582,-0.0035469390418635493,0.24664869160900843,67.72897993388966,7.731377380502981,-0.38107664603868674
2025-02-28 00:00:00+00:00,1130434.8513369781,0.0014774152498982132,0.24752665356042375,67.41009741451607,7.827917896780338,-0.39413535686734225
2025-03-03 00:00:00+00:00,1129029.425926424,-0.0012432608645176087,0.24716149340088567,67.54245121334306,7.762424527212325,-0.38340108285309515
2025-03-04 00:00:00+00:00,1130702.6521847039,0.001482004117746348,0.24746916212533104,67.43090951409272,7.929113225523844,-0.39989422319341017
2025-03-05 00:00:00+00:00,1136691.5647983442,0.005296629137703657,0.24710295452921147,67.56370524887684,8.399728196681627,-0.4520356211395038
2025-03-06 00:00:00+00:00,1135521.738298131,-0.0010291503310493673,0.24580103759142694,68.03901577376892,8.292689506617386,-0.44095977414639176
2025-03-07 00:00:00+00:00,1136929.4591171455,0.001239712787114423,0.24605426441910996,67.94617240073613,8.398245288978572,-0.45262106333427354
2025-03-10 00:00:00+00:00,1133084.7035773962,-0.0033817010447902665,0.24574960549075475,68.0578962752611,8.049728079083366,-0.4166540482093506
2025-03-11 00:00:00+00:00,1136910.0322832116,0.003376030665437426,0.2465834770928677,67.75275694670958,8.398766819213272,-0.45188698303585184
2025-03-12 00:00:00+00:00,1137290.6917155667,0.00033481930983634504,0.24575380471201203,68.05635446304412,8.448281522542317,-0.45563160088673005
2025-03-13 00:00:00+00:00,1141325.4195618236,0.0035476662876495232,0.24567154913348474,68.08656552910405,8.84294955555454,-0.49226444106631106
2025-03-14 00:00:00+00:00,1143429.5410361837,0.0018435771588859624,0.2448030695365767,68.40678202483872,8.995934861233199,-0.5088794279492728
2025-03-17 00:00:00+00:00,1146138.8333232382,0.0023694440189111193,0.24435258668904208,68.57377579264507,9.236211659228724,-0.5314619990616016
2025-03-18 00:00:00+00:00,1146062.1336361393,-6.692006663491203e-05,0.24377497553130922,68.78879899003036,9.272508363295108,-0.5317731606734348
2025-03-19 00:00:00+00:00,1146947.3503181206,0.0007723985078999843,0.2437912900606851,68.78271171327648,9.360319503992264,-0.539054239038208
2025-03-20 00:00:00+00:00,1147383.8548697906,0.0003805794150437492,0.2436031313654986,68.8529670054972,9.382551828411556,-0.5418380079502443
2025-03-21 00:00:00+00:00,1145379.606127204,-0.0017467988015346006,0.2435104562984835,68.88761022388371,9.183014812028333,-0.5241722900346488
2025-03-24 00:00:00+00:00,1144561.4628148114,-0.0007142988298515784,0.24393656439682235,68.72854286336097,9.097006724547946,-0.5165176536972682
2025-03-25 00:00:00+00:00,1147739.1057631832,0.0027762973432261737,0.244110932550297,68.66361085444093,9.362439879941135,-0.5422728049904011
2025-03-26 00:00:00+00:00,1146131.6175397097,-0.0014005693588393074,0.24343508437230613,68.91580473923234,9.23028473305255,-0.5288656604056534
2025-03-27 00:00:00+00:00,1149646.9125899707,0.003067095433425894,0.24377651028301328,68.78822630879793,9.556009128647661,-0.5579045709270538
2025-03-28 00:00:00+00:00,1147540.7493591243,-0.0018320087739822255,0.24303111067328684,69.06721797945357,9.425779559477393,-0.5419818804864702
2025-03-31 00:00:00+00:00,1147186.890991645,-0.0003083623546066039,0.24347716297211605,68.90006216748164,9.447455157724692,-0.5403717834435664
2025-04-01 00:00:00+00:00,1146285.858214824,-0.0007854280622419537,0.24355226532212054,68.87197817006265,9.363210222887757,0.5209278906434571
2025-04-02 00:00:00+00:00,1145190.5592409554,-0.0009555199220326876,0.2437437084707484,68.80046763221972,9.348153033543825,0.5291990364025843
2025-04-03 00:00:00+00:00,1147183.9251209726,0.0017406412093882377,0.24397683319538102,68.71353914223013,9.423138594221031,0.5158013154024106
2025-04-04 00:00:00+00:00,1131518.2246903377,-0.013655787958310977,0.24355289498969615,68.87174278350133,8.05675302113751,0.6233993387815113
2025-04-07 00:00:00+00:00,1134500.009868053,0.0026352073812433555,0.24692484836054585,67.62843322551444,8.210174410341011,0.602490895219141
2025-04-08 00:00:00+00:00,1133311.0193220163,-0.0010480304413351472,0.24627586039540983,67.86508284279344,8.099370011549986,0.611535368137103
2025-04-09 00:00:00+00:00,1143171.1210181124,0.008700261029840478,0.24653423577933786,67.7707185137429,9.03956912544981,0.5435601317078378
2025-04-10 00:00:00+00:00,1151495.2452499927,0.007281608220182121,0.24440782391355464,68.55326626740133,9.853862046005341,0.4914117742710076
2025-04-11 00:00:00+00:00,1160361.7426667977,0.007699986129669228,0.24264100716125597,69.2139110477093,10.629812983056235,0.4385520408282666
2025-04-14 00:00:00+00:00,1161858.4146952347,0.0012898322767840504,0.24078695097851605,69.9176013188843,10.701115458934892,0.42904324929223936
2025-04-15 00:00:00+00:00,1165452.7264869378,0.0030935884667547234,0.2404767762706652,70.03638481320469,11.034891861291069,0.40932615329407795
2025-04-16 00:00:00+00:00,1165211.265333125,-0.00020718228060676776,0.239735134423736,70.32164765381606,11.157482543341471,0.41436043171881565
2025-04-17 00:00:00+00:00,1161397.2853908816,-0.003273208949926283,0.2397848135882701,70.3024840701801,10.807603068390362,0.43602526810556075
2025-04-21 00:00:00+00:00,1160938.7145342543,-0.0003948440920222854,0.2405722568525037,69.99978724936713,10.934120943315211,0.4419237729407941
2025-04-22 00:00:00+00:00,1152633.7113896587,-0.007153696436015007,0.2406672829073027,69.9633927369364,10.125076639189514,0.48952140701085156
2025-04-23 00:00:00+00:00,1153896.6007676893,0.00109565542422663,0.24240134857065784,69.30426550323834,10.189529771069752,0.48182452008765164
2025-04-24 00:00:00+00:00,1155559.285020772,0.001440930020919053,0.242136050893096,69.40449481895504,10.369999781306355,0.4728091937175467
2025-04-25 00:00:00+00:00,1152463.5172505039,-0.002679021154862145,0.24178765180691988,69.53645388666001,10.064304710253419,0.4912824911317655
2025-04-28 00:00:00+00:00,1152883.6228275336,0.00036452830891516865,0.242437146049912,69.29075803187683,10.131406334807652,0.4894991242445714
2025-04-29 00:00:00+00:00,1151249.5141845974,-0.0014174098847275186,0.24234880305056836,69.32409974433952,9.958067795364277,0.4994763391955024
2025-04-30 00:00:00+00:00,1153022.201344894,0.0015397940572006673,0.24269279822172002,69.19440858220173,10.032533707661196,0.488210775931889
2025-05-01 00:00:00+00:00,1149474.8612089949,-0.0030765583973677998,0.24231967582494196,69.33509803936812,9.698196815424215,0.510231155357113
2025-05-02 00:00:00+00:00,1148362.793936924,-0.0009674568010135906,0.24306748714364082,69.05356310794755,9.601053085911122,0.5176279217743689
2025-05-05 00:00:00+00:00,1152021.2661343818,0.0031858156819199687,0.24330287216202012,68.96530380064034,10.02773246588265,0.49645941877970223
2025-05-06 00:00:00+00:00,1153496.7370112236,0.0012807670485048964,0.2425302155978291,69.25565873694653,10.243497902143972,0.48889278387874224
2025-05-07 00:00:00+00:00,1154508.2296951716,0.0008768925403021541,0.24221998821842972,69.37275960018793,10.278867483752085,0.4827455627290922
2025-05-08 00:00:00+00:00,1154233.759802745,-0.00023773749321743328,0.24200777340723378,69.45303679732666,10.164572916538662,0.48374062982826516
2025-05-09 00:00:00+00:00,1159292.1401482127,0.004382457455006491,0.24206532140994064,69.4312534725309,10.580909020380547,0.45391297258675944
2025-05-12 00:00:00+00:00,1147271.2174628342,-0.010369191913818736,0.24100910924241675,69.8327122301077,9.485081753691293,0.5268638155518852
2025-05-13 00:00:00+00:00,1145768.054828922,-0.0013102068726489838,0.24353436379825055,68.87867074714116,9.390704336717734,0.5370855545325419
2025-05-14 00:00:00+00:00,1144570.667672246,-0.0010450519646010036,0.24385386280521995,68.7593721254021,9.18823858272012,0.544695774289135
2025-05-15 00:00:00+00:00,1146844.7307023979,0.0019868262348332983,0.0,90.83894187874968,9.452954468720865,0.5296725941995577
2025-05-16 00:00:00+00:00,1146935.7501254694,7.936507936499999e-05,0.0,91.01942307161887,0.0,0.5158712870089026
2025-05-19 00:00:00+00:00,1147026.7767723047,7.936507936500011e-05,0.0,91.02664683535471,0.0,0.5097659453354506
2025-05-20 00:00:00+00:00,1147117.8106434771,7.936507936512864e-05,0.0,91.03387117240513,0.0,0.48709230731103137
2025-05-21 00:00:00+00:00,1147208.85173956,7.936507936514291e-05,0.0,91.04109608281564,0.0,0.474309830412861
2025-05-22 00:00:00+00:00,1147299.9000611266,7.93650793650033e-05,0.0,91.04832156663174,0.0,0.47265207296217326
2025-05-23 00:00:00+00:00,1147390.9556087505,7.936507936507603e-05,0.0,91.05554762389893,0.0,0.4553415013768589
2025-05-27 00:00:00+00:00,1147482.0183830052,7.936507936511848e-05,0.0,91.06277425466274,0.0,0.45983386310202423
2025-05-28 00:00:00+00:00,1147573.0883844642,7.936507936509099e-05,0.0,91.07000145896866,0.0,0.458051640682676
2025-05-29 00:00:00+00:00,1147664.165613701,7.93650793651568e-05,0.0,91.07722923686224,0.0,0.45260827962326555
2025-05-30 00:00:00+00:00,1147755.2500712895,7.936507936507335e-05,0.0,91.08445758838897,0.0,0.4375383170224829
2025-06-02 00:00:00+00:00,1147846.341757803,7.936507936500385e-05,0.0,91.0916865135944,0.0,0.3810493108684181
2025-06-03 00:00:00+00:00,1147937.4406738156,7.936507936511151e-05,0.0,91.09891601252404,0.0,0.38973981494347143
2025-06-04 00:00:00+00:00,1148028.5468199009,7.936507936515377e-05,0.0,91.10614608522346,0.0,0.3921459220473569
2025-06-05 00:00:00+00:00,1148119.6601966326,7.936507936509097e-05,0.0,91.11337673173816,0.0,0.3883257168307912
2025-06-06 00:00:00+00:00,1148210.7808045847,7.936507936508629e-05,0.0,91.1206079521137,0.0,0.4154310766967573
2025-06-09 00:00:00+00:00,1148301.9086443312,7.936507936510003e-05,0.0,91.12783974639561,0.0,0.40730495441655457
2025-06-10 00:00:00+00:00,1148393.0437164458,7.936507936509252e-05,0.0,91.13507211462945,0.0,0.42269135992341234
2025-06-11 00:00:00+00:00,1148484.1860215026,7.936507936502412e-05,0.0,91.14230505686078,0.0,0.41275706190259687
2025-06-12 00:00:00+00:00,1148575.3355600757,7.93650793650579e-05,0.0,91.14953857313513,0.0,0.3869376715840751
2025-06-13 00:00:00+00:00,1148666.4923327393,7.936507936515416e-05,0.0,91.15677266349807,0.0,0.37821029507508186
2025-06-16 00:00:00+00:00,1148757.6563400673,7.936507936507052e-05,0.0,91.16400732799518,0.0,0.38356645835814795
2025-06-17 00:00:00+00:00,1148848.827582634,7.936507936517273e-05,0.0,91.171242566672,0.0,0.39002650371173164
2025-06-18 00:00:00+00:00,1148940.0060610136,7.936507936501574e-05,0.0,91.17847837957413,0.0,0.3920630753919907
2025-06-20 00:00:00+00:00,1149031.1917757804,7.93650793651679e-05,0.0,91.18571476674711,0.0,0.40933084952723764
2025-06-23 00:00:00+00:00,1149122.3847275085,7.936507936498157e-05,0.0,91.19295172823654,0.0,0.40593905165531474
2025-06-24 00:00:00+00:00,1149213.5849167726,7.936507936502503e-05,0.0,91.20018926408798,0.0,0.412241086256528
2025-06-25 00:00:00+00:00,1149304.7923441469,7.936507936505593e-05,0.0,91.20742737434703,0.0,0.41204548621507975
2025-06-26 00:00:00+00:00,1149396.0070102059,7.936507936503464e-05,0.0,91.21466605905927,0.0,0.39655244846176707
2025-06-27 00:00:00+00:00,1149487.2289155242,7.936507936512405e-05,0.0,91.2219053182703,0.0,0.42909410961125527
2025-06-30 00:00:00+00:00,1149578.4580606762,7.93650793650819e-05,0.0,91.22914515202574,0.0,0.4040112158841307
2025-07-01 00:00:00+00:00,1149669.6944462366,7.936507936507114e-05,0.0,91.23638556037113,0.0,0.8033208803582221
2025-07-02 00:00:00+00:00,1149760.93807278,7.936507936505206e-05,0.0,91.24362654335211,0.0,0.7924618305227318
2025-07-03 00:00:00+00:00,1149852.1889408808,7.936507936498501e-05,0.0,91.25086810101428,0.0,0.7878620804518892
2025-07-07 00:00:00+00:00,1149943.4470511142,7.936507936503283e-05,0.0,91.25811023340324,0.0,0.7755757110068631
2025-07-08 00:00:00+00:00,1150034.7124040548,7.93650793651558e-05,0.0,91.26535294056461,0.0,0.8239655045133967
2025-07-09 00:00:00+00:00,1150125.9850002774,7.936507936511181e-05,0.0,91.27259622254404,0.0,0.8123438371967238
2025-07-10 00:00:00+00:00,1150217.2648403568,7.936507936506366e-05,0.0,91.2798400793871,0.0,0.801033054108089
2025-07-11 00:00:00+00:00,1150308.551924868,7.93650793651741e-05,0.0,91.28708451113943,0.0,0.8010826906671085
2025-07-14 00:00:00+00:00,1150399.8462543858,7.936507936499863e-05,0.0,91.29432951784666,0.0,0.7956041130608718
2025-07-15 00:00:00+00:00,1150491.1478294854,7.936507936510483e-05,0.0,91.30157509955443,0.0,0.8111833612906665
2025-07-16 00:00:00+00:00,1150582.4566507416,7.93650793650482e-05,0.0,91.30882125630836,0.0,0.8140688545422705
2025-07-17 00:00:00+00:00,1150673.7727187297,7.936507936499146e-05,0.0,91.3160679881541,0.0,0.8243736477068602
2025-07-18 00:00:00+00:00,1150765.0960340248,7.936507936509734e-05,0.0,91.32331529513728,0.0,0.8287392860685951
2025-07-21 00:00:00+00:00,1150856.4265972022,7.936507936512375e-05,0.0,91.33056317730356,0.0,0.7956200371958344
2025-07-22 00:00:00+00:00,1150947.7644088368,7.936507936503106e-05,0.0,91.33781163469858,0.0,0.7701047345188643
2025-07-23 00:00:00+00:00,1151039.109469504,7.936507936498196e-05,0.0,91.345060667368,0.0,0.7765197689710623
2025-07-24 00:00:00+00:00,1151130.4617797795,7.936507936513902e-05,0.0,91.35231027535747,0.0,0.7712005656346301
2025-07-25 00:00:00+00:00,1151221.8213402382,7.936507936505799e-05,0.0,91.35956045871266,0.0,0.758412134878168
2025-07-28 00:00:00+00:00,1151313.1881514557,7.93650793651038e-05,0.0,91.36681121747922,0.0,0.7829569983609312
2025-07-29 00:00:00+00:00,1151404.5622140074,7.936507936503448e-05,0.0,91.37406255170283,0.0,0.7719339101875446
2025-07-30 00:00:00+00:00,1151495.9435284687,7.936507936501262e-05,0.0,91.38131446142916,0.0,0.7890359998314569
2025-07-31 00:00:00+00:00,1151587.3320954153,7.936507936499855e-05,0.0,91.38856694670386,0.0,0.7977089243547368
2025-08-01 00:00:00+00:00,1151678.727915423,7.936507936515478e-05,0.0,91.39582000757265,0.0,0.7979493354839864
2025-08-04 00:00:00+00:00,1151770.130989067,7.936507936503726e-05,0.0,91.40307364408119,0.0,0.7502121441867677
2025-08-05 00:00:00+00:00,1151861.5413169232,7.936507936501071e-05,0.0,91.41032785627516,0.0,0.7159812662047464
2025-08-06 00:00:00+00:00,1148725.3315762316,-0.0027227315334323577,0.25000000000000006,68.56318698315019,0.0,0.6903021914629264
2025-08-07 00:00:00+00:00,1147357.9675492856,-0.0011903315695752765,0.2506825412599695,68.31428144817465,6.984537030123841,0.6796932994544518
2025-08-08 00:00:00+00:00,1147868.5782063291,0.00044503169149046637,0.2509812922154664,68.20576049365515,6.979698773525828,0.6830403990976137
2025-08-11 00:00:00+00:00,1147233.9608001425,-0.0005528659101186542,0.25086964727199734,68.24628514897604,6.850202823206841,0.6773461454649237
2025-08-12 00:00:00+00:00,1145915.900393507,-0.0011489028843918022,0.25100842127127093,68.1959186881676,6.828482441099213,0.6669090157732844
2025-08-13 00:00:00+00:00,1146695.3937439374,0.0006802360890207685,0.251297137277128,68.091310719387,6.860172565661919,0.6724233960555273
2025-08-14 00:00:00+00:00,1146365.421143525,-0.0002877595935350959,0.25112631209673714,68.15317527100845,6.791985936098344,0.6691670442372706
2025-08-15 00:00:00+00:00,1145139.1840468051,-0.001069673835326183,0.2511985969028785,68.12698696938843,6.780930123436865,0.6595074928527014
2025-08-18 00:00:00+00:00,1145770.4216908093,0.0005512322456502103,0.2514675851991987,68.02966656488684,6.7755372844806026,0.6637131585517322
2025-08-19 00:00:00+00:00,1149396.008831133,0.0031643225132076008,0.25132904452558774,68.07976479060146,6.806958899513937,0.6908707675429797
2025-08-20 00:00:00+00:00,1145763.1946156947,-0.003160628875971618,0.2505362669756218,68.36750980173825,6.8107819946554295,0.6629423676247983
2025-08-21 00:00:00+00:00,1142734.91882443,-0.0026430206568821856,0.2513306298216523,68.07919121321142,6.725900485845048,0.6396958472399064
2025-08-22 00:00:00+00:00,1141571.4656982163,-0.0010181303704367673,0.2519966622053263,67.83885186469836,6.789044861858085,0.6314093533874745
2025-08-25 00:00:00+00:00,1141577.9031737412,5.63913492783862e-06,0.2522534891436721,67.74651431499885,6.742522831122395,0.6306210877134699
2025-08-26 00:00:00+00:00,1138265.7180857663,-0.0029014096004894266,0.25225206666023237,67.7470252257548,6.756648743177833,0.607032574944796
2025-08-27 00:00:00+00:00,1139274.027263792,0.0008858293472295545,0.2529860829099776,67.48415339337583,6.787977115208337,0.6139298125072781
2025-08-28 00:00:00+00:00,1140197.5629648727,0.0008106352633165506,0.25276217875416745,67.56417793131438,6.844641009191778,0.6204857053222614
2025-08-29 00:00:00+00:00,1136547.063379445,-0.0032016377722603865,0.252557446781793,67.63747441552712,6.858935843953371,0.5951728973147823
2025-09-02 00:00:00+00:00,1134971.3159814118,-0.001386433917965434,0.25336864139438753,67.34775222620749,6.997423834994004,0.5858470330764929
2025-09-03 00:00:00+00:00,1135602.231889982,0.0005558870957233085,0.2537204079736823,67.22269290890324,7.073100524480463,0.5904193399911035
2025-09-04 00:00:00+00:00,1136795.334963197,0.0010506346674127249,0.25357944643167024,67.27276560005961,7.078631222592822,0.5979429314878466
2025-09-05 00:00:00+00:00,1133305.6610447443,-0.0030697468674654228,0.25331330668994484,67.36745632015602,7.093916499081262,0.5749831201762152
2025-09-08 00:00:00+00:00,1132136.552069614,-0.0010315919308588085,0.25409330882876585,67.0904980726598,7.168515087401282,0.568053681132084
2025-09-09 00:00:00+00:00,1133525.9782291497,0.0012272602249223494,0.25435570011657405,66.99771164606216,7.211598870037787,0.5769640272215124
2025-09-10 00:00:00+00:00,1129007.876147624,-0.003985883136603545,0.25404392211557836,67.10798356348562,7.130097440570128,0.5473472557168693
2025-09-11 00:00:00+00:00,1125301.0982648437,-0.0032832170271730964,0.2550605637153038,66.7494040332058,7.030312304227096,0.5230224608979324
2025-09-12 00:00:00+00:00,1125987.5669972184,0.0006100311582679691,0.2559007413866908,66.45521531235023,7.066579332288618,0.5273502120317541
2025-09-15 00:00:00+00:00,1124969.8044092343,-0.0009038843925233206,0.2557447291333566,66.5096969577768,7.12454202272809,0.5218118375754628
2025-09-16 00:00:00+00:00,1129661.0968728685,0.004170149674459702,0.25597610193675624,66.42892214920661,7.25083559806026,0.551487314422034
2025-09-17 00:00:00+00:00,1129786.1963876334,0.00011074074792100687,0.25491307625479676,66.80124694790774,7.202029100095143,0.5512590107915534
2025-09-18 00:00:00+00:00,1128971.37774768,-0.0007212149011544667,0.2548848501158612,66.81117548082561,7.107307738945817,0.5446179134941742
2025-09-19 00:00:00+00:00,1120315.5018454886,-0.0076670463687575005,0.2550688095421227,66.74650733479756,7.041714691597999,0.49191805110864006
2025-09-22 00:00:00+00:00,1117121.4535707994,-0.002851025688234775,0.25703954364182885,66.05953305684585,7.119384191921771,0.4749969946402368
2025-09-23 00:00:00+00:00,1118135.147170098,0.0009074157479103071,0.2577744652640677,65.80603716202926,7.174930952148747,0.48132212993485357
2025-09-24 00:00:00+00:00,1121601.3514448262,0.003099986869656011,0.25754076871480697,65.88648903498945,7.193907913148257,0.5008883805798483
2025-09-25 00:00:00+00:00,1120466.4686444332,-0.0010118415058354773,0.2567448630106224,66.16158461234885,7.173413033270057,0.4937416822091363
2025-09-26 00:00:00+00:00,1116826.6320111698,-0.0032485011690416305,0.2570049112470257,66.07151454882559,7.149885461368347,0.47263175213640096
2025-09-29 00:00:00+00:00,1116321.6322210662,-0.0004521738429484279,0.2578425129517782,65.78263862555072,7.2941814417004665,0.47218139473509346
2025-09-30 00:00:00+00:00,1115873.394177494,-0.0004015312707684681,0.25795915533436947,65.74255927712979,7.3484811780548505,0.4704058731002698
2025-10-01 00:00:00+00:00,1113823.8593696689,-0.0018367090912996742,0.25806277560859764,65.70698482922725,7.30100773818234,1.509531983634436
2025-10-02 00:00:00+00:00,1113947.589233332,0.00011108566459801352,0.25853763403146635,65.54432333654269,7.304517707641198,1.509915498895431
2025-10-03 00:00:00+00:00,1114962.553890361,0.0009111421999013864,0.25850891739657283,65.55414316699216,7.378765710555493,1.5163558527199408
2025-10-06 00:00:00+00:00,1113127.517758972,-0.0016458275885464584,0.25827359342648176,65.63469591755002,7.532294375675082,1.514686969557105
2025-10-07 00:00:00+00:00,1118324.3203829343,0.0046686498546229995,0.25869936798344845,65.48905812934454,7.683627858224412,1.5397152908307046
2025-10-08 00:00:00+00:00,1115669.8769358753,-0.0023735900209610854,0.2574972037008248,65.90150278203996,7.672542554879808,1.528850313231259
2025-10-09 00:00:00+00:00,1122324.667417484,0.005964838362299281,0.25810985066667896,65.690832667194,7.7471858117057355,1.5572225449561357
2025-10-10 00:00:00+00:00,1124121.9801941821,0.001601419650548824,0.25657939604219093,66.21899064192486,7.851444254028062,1.5675822668528117
2025-10-13 00:00:00+00:00,1117933.8320180653,-0.005504872500623038,0.2561691617127595,66.36163451309136,7.973368828804958,1.5468737941191648
2025-10-14 00:00:00+00:00,1120875.555248272,0.0026313929733178553,0.2575871461098938,65.87051164197099,8.109433733202923,1.5622746980169993
2025-10-15 00:00:00+00:00,1114678.9439356888,-0.005528366894584074,0.25691111201497036,66.10398173960644,8.087265511990436,1.5378673022574487
2025-10-16 00:00:00+00:00,1108587.6500140675,-0.005464617372347817,0.2583393064845091,65.61218719098873,8.31822303336797,1.5232176943991682
2025-10-17 00:00:00+00:00,1122665.7051672775,0.012699090733178656,0.25975878887481446,65.12875116546323,8.344172984007841,1.5755901916870974
2025-10-20 00:00:00+00:00,1124921.7269469695,0.0020095223086518755,0.2565014536418247,66.2460571300037,8.63341038455643,1.5922680951594206
2025-10-21 00:00:00+00:00,1136814.6162800384,0.010572192756331665,0.2559870419702597,66.4251064775983,8.264742587615475,1.6312492098314824
2025-10-22 00:00:00+00:00,1136023.573107796,-0.0006958418381625473,0.2533090102865942,67.36898658339742,8.236084342466489,1.6267874309402295
2025-10-23 00:00:00+00:00,1134782.6304023468,-0.001092356474658674,0.2534853960305154,67.3062053792512,8.276362524542101,1.6222225611100942
2025-10-24 00:00:00+00:00,1136544.1576073922,0.001552303637588082,0.2537625952444569,67.20771786294571,8.301793674974595,1.6302518522643776
2025-10-27 00:00:00+00:00,1140751.6946804104,0.003702044522296259,0.2533692891752171,67.34752160937789,8.124728708656185,1.6442217917244726
2025-10-28 00:00:00+00:00,1137120.6599856915,-0.00318301932984299,0.25243476443829116,67.68145312310949,7.970200007550215,1.6234568372625402
2025-10-29 00:00:00+00:00,1136700.8130253842,-0.00036921935822766135,0.2532408349109182,67.39327576638577,7.916969590712512,1.6198446006742353
2025-10-30 00:00:00+00:00,1133650.478631478,-0.002683498031278399,0.2533343708647459,67.35995457905979,8.054957970064846,1.6100486675844632
2025-10-31 00:00:00+00:00,1134554.8611645666,0.0007977613472013995,0.2540160223606639,67.1178645477974,8.002219195875485,1.6122332856014463
2025-11-03 00:00:00+00:00,1137402.6870338258,0.0025100821183173406,0.2538135397292715,67.18964093931235,8.037900578028692,1.6254982620112335
2025-11-04 00:00:00+00:00,1143247.2438621428,0.005138511535926401,0.2531780420531633,67.41565886544403,8.012683018808266,1.6513013412287334
2025-11-05 00:00:00+00:00,1137763.3100803152,-0.004796804725547925,0.2518837345773255,67.87951258197714,7.997986533962011,1.6254951747423307
2025-11-06 00:00:00+00:00,1137682.8212744938,-7.074301404192453e-05,0.2530977952777395,67.44427974214955,8.027386607732053,1.6256663086018648
2025-11-07 00:00:00+00:00,1133168.476326525,-0.003968017151662384,0.25311570144536105,67.43789174168754,7.959724257233811,1.603734215329287
2025-11-10 00:00:00+00:00,1127813.2238120763,-0.004725910247529325,0.25412407011422455,67.07961039661065,8.130830635111222,1.586047162771897
2025-11-11 00:00:00+00:00,1126113.3289088588,-0.0015072486005011502,0.2553307402762051,66.65459035578138,8.146539030974846,1.5794127432992822
2025-11-12 00:00:00+00:00,1121899.616635038,-0.0037418190209182784,0.2557161681127186,66.51967806187523,8.156829868152528,1.5629119939609915
2025-11-13 00:00:00+00:00,1126832.6027336877,0.004396994192265968,0.25667660551746857,66.18525645284184,8.248399054031541,1.5848089117480209
2025-11-14 00:00:00+00:00,1127579.765149633,0.0006630642511874376,0.2555529407213005,66.576763286068,8.039777811610223,1.5814523879776088
2025-11-17 00:00:00+00:00,1128850.8458039176,0.0011272645125163345,0.25538360498249724,66.6360618905081,7.950357671633904,1.583749019343446
2025-11-18 00:00:00+00:00,1128386.6756456147,-0.00041118820969861226,0.25509604426451454,66.73694130751483,8.030370620553354,1.583990201190245
2025-11-19 00:00:00+00:00,1126394.09356641,-0.0017658681391861174,0.2552009798985524,66.70010240606221,8.036338750901242,1.5758309301825175
2025-11-20 00:00:00+00:00,1134666.6146800835,0.007344251147021596,0.255652428376528,66.5419609712047,8.160018795241426,1.6135302942165168
2025-11-21 00:00:00+00:00,1133066.501961696,-0.0014102051630721989,0.2537885415888631,67.19851026594068,8.09246562582594,1.6045772122302369
2025-11-24 00:00:00+00:00,1123814.0973485191,-0.008165808976929414,0.2541469409171234,67.07151719305278,8.079157169742242,1.5661670121801432
2025-11-25 00:00:00+00:00,1124376.8577502142,0.000500759336462133,0.25623934243986135,66.33719936661018,8.070254361327125,1.567881190770919
2025-11-26 00:00:00+00:00,1115259.009958624,-0.008109245337754752,0.2561110924191609,66.38186289055423,7.959660400208822,1.5293189660002513
2025-11-28 00:00:00+00:00,1112067.3550658226,-0.002861805970004867,0.25820493962197566,65.65822417693596,8.049439094630829,1.5204933992175906
2025-12-01 00:00:00+00:00,1114030.9574011706,0.0017657224865051473,0.2589459928101085,65.40491823306283,8.082595365488789,1.5284617794446032
2025-12-02 00:00:00+00:00,1116326.420730493,0.0020605022814422476,0.258489571960371,65.56075968824918,8.094824095186471,1.5370487816636471
2025-12-03 00:00:00+00:00,1117818.470938812,0.0013365716161609991,0.2579580488122769,65.74293931756048,8.098968337403205,1.542504078178161
2025-12-04 00:00:00+00:00,1117270.0536967232,-0.0004906138665146825,0.25761372961334233,65.86135600076041,8.091361939967392,1.5400036663263164
2025-12-05 00:00:00+00:00,1117084.8731323993,-0.00016574378209744097,0.25774018051986336,65.81783082281684,8.073769861996576,1.5385352918815913
2025-12-08 00:00:00+00:00,1122965.9686845657,0.005264681040461478,0.25778290643373575,65.80313395263241,8.173104013500875,1.5637081871027254
2025-12-09 00:00:00+00:00,1116763.2745985293,-0.0055234924824144075,0.25643286916926916,66.26988756788371,8.091372294484081,1.5374834870515937
2025-12-10 00:00:00+00:00,1112513.3945887652,-0.0038055334612359247,0.2578571411499478,65.77761025946813,8.051588900790676,1.520509733585559
2025-12-11 00:00:00+00:00,1105685.6549022717,-0.00613722020759792,0.25884217370315415,65.44031819520114,8.008067633566002,1.494981457029203
2025-12-12 00:00:00+00:00,1108965.4179825454,0.002966270807378471,0.26044055473857375,64.89843409309849,8.133911796926379,1.5103539109549207
2025-12-15 00:00:00+00:00,1112051.0399350286,0.002782432979827838,0.2596703023013142,65.15873275026306,8.20382912397092,1.523269240407715
2025-12-16 00:00:00+00:00,1111639.163804693,-0.0003703752036055784,0.2589497918603225,65.40362338141252,8.196978107759366,1.5213897408279289
2025-12-17 00:00:00+00:00,1110864.457061535,-0.0006969048665993607,0.25904573597752834,65.37093479963985,8.254159124377967,1.52033473379326
2025-12-18 00:00:00+00:00,1110271.8336829757,-0.0005334794670871541,0.25922639211174203,65.30945013748445,8.222846690427387,1.5170470090783779
2025-12-19 00:00:00+00:00,1104481.8114712604,-0.005214959108265206,0.2593647578845594,65.26241653601149,8.125007363291678,1.4937988108570206
2025-12-22 00:00:00+00:00,1101838.6033168186,-0.002393165851161296,0.26072442509998184,64.80289096365313,8.339411875274802,1.4921600565615014
2025-12-23 00:00:00+00:00,1104261.9195273176,0.002199338635626149,0.26134987870490356,64.59311253869744,8.496908703474798,1.5050766647356904
2025-12-24 00:00:00+00:00,1104466.691738449,0.00018543808086677504,0.26077634321800686,64.78543922207038,8.442870320219606,1.5038126125623092
2025-12-26 00:00:00+00:00,1102084.2376261028,-0.0021571081592295567,0.2607279943191121,64.8016909848586,8.510905538023893,1.4980734272777028
2025-12-29 00:00:00+00:00,1110587.6225838542,0.007715730492677986,0.26129162862315347,64.61260732514857,8.253094575814728,1.517956741919563
2025-12-30 00:00:00+00:00,1108162.3531509736,-0.0021837713509161357,0.2592910090779336,65.28747914719233,8.179279234182513,1.5069544499840077
2025-12-31 00:00:00+00:00,1109626.1457769987,0.0013209189266022029,0.25985848058312366,65.09499744617005,8.159297518595816,1.511131576311299
2026-01-02 00:00:00+00:00,1110997.054670029,0.0012354691697269008,0.259515681407802,65.21117146410856,8.229824398668558,1.7020562863104773
2026-01-05 00:00:00+00:00,1106537.9039539977,-0.004013647648558189,0.25919545341617295,65.31997375720621,8.376012790404982,1.6928287787596537
2026-01-06 00:00:00+00:00,1099267.4014376993,-0.006570495678745931,0.2602399649395133,64.96607290672752,8.361548167974801,1.6699875591158975
2026-01-07 00:00:00+00:00,1101558.9417309035,0.0020846067937674625,0.26196117973898747,64.3890488974975,8.326322593966408,1.6753953259704666
2026-01-08 00:00:00+00:00,1100733.4420661395,-0.000749392187282139,0.26141622969057343,64.57091717473592,8.339038955616125,1.6732049715389916
2026-01-09 00:00:00+00:00,1097760.769230959,-0.0027006291637698037,0.2616122798892195,64.50540132832609,8.360242975345743,1.6649995028565003
2026-01-12 00:00:00+00:00,1093014.8583671143,-0.004323265138331958,0.26232071085120506,64.26947491283556,8.44156984619136,1.6541692866900908
2026-01-13 00:00:00+00:00,1089633.9681796262,-0.003093178616564259,0.0,86.74721098151701,8.397215132562378,1.6434710442515073
2026-01-14 00:00:00+00:00,1089720.4470659897,7.936507936517095e-05,0.0,86.4788863634624,0.0,1.650543066749873
2026-01-15 00:00:00+00:00,1089806.9328157569,7.936507936509759e-05,0.0,86.48574976714204,0.0,1.6416267032295249
2026-01-16 00:00:00+00:00,1089893.4254294725,7.936507936512439e-05,0.0,86.49261371553627,0.0,1.6370949175029903
2026-01-20 00:00:00+00:00,1089979.924907681,7.9365079364998e-05,0.0,86.49947820868829,0.0,1.6183024955627046
2026-01-21 00:00:00+00:00,1095989.407320905,0.005513388160550695,0.25,64.87975743498102,0.0,1.6453193810255522
2026-01-22 00:00:00+00:00,1094345.9493015234,-0.0014995199847770229,0.2486292106536153,65.35670048364959,8.743239032198755,1.6313867350237148
2026-01-23 00:00:00+00:00,1093939.2127909982,-0.0003716708695132724,0.2490025950211108,65.22626730750818,8.789449414774694,1.6278954954533136
2026-01-26 00:00:00+00:00,1094131.222501439,0.00017552137101932566,0.24909517644193052,65.19398663206968,8.891487015932434,1.6285436775172561
2026-01-27 00:00:00+00:00,1096820.4981661174,0.0024579096267173493,0.24905146258776276,65.20922549797768,9.163832584763387,1.6460565138814012
2026-01-28 00:00:00+00:00,1102410.8843868729,0.005096901662671915,0.2484408175107336,65.42266007453945,9.864837854242886,1.6800086939945809
2026-01-29 00:00:00+00:00,1104174.3861393614,0.0015996773775227677,0.2471809604623721,65.86634152063115,9.76274924726452,1.692955311043633
2026-01-30 00:00:00+00:00,1105815.4843261866,0.0014862672123405341,0.2467861821896381,66.00630197717787,8.830210538477068,1.7167139870832981
2026-02-02 00:00:00+00:00,1101663.1978557715,-0.0037549541756916245,0.24641993631782189,66.13654786502114,8.557944753570744,1.6858052047250789
2026-02-03 00:00:00+00:00,1104442.3719001743,0.0025227075296806165,0.24734871942467757,65.8070013197501,8.918819848452785,1.7033734789806356
2026-02-04 00:00:00+00:00,1104032.7402119415,-0.0003708945787076261,0.2467263011270541,66.02757068835349,9.015291160066901,1.6984647187671023
2026-02-05 00:00:00+00:00,1109011.6269923963,0.004509727473751348,0.24681784452751765,65.99506023690645,8.583725486728907,1.7465479079024169
2026-02-06 00:00:00+00:00,1105974.3834672906,-0.0027386940327602046,0.24570976047015652,66.39020998138697,8.975479453308855,1.7135380966076266
2026-02-09 00:00:00+00:00,1102649.3602621253,-0.0030064197280421224,0.24638453231858184,66.1491589079659,9.02837616957973,1.686244504169478
2026-02-10 00:00:00+00:00,1100899.7583754968,-0.0015867255264289163,0.24712750131387362,65.88526817739722,9.003425506629169,1.6727468837688102
2026-02-11 00:00:00+00:00,1099310.0940927824,-0.0014439682365451813,0.24752024800969863,65.74641088480766,9.003247699058,1.6604781100329138
2026-02-12 00:00:00+00:00,1102944.7601994951,0.0033063155939747095,0.24787817622269695,65.6202470528462,8.826344226810377,1.689404823203577
2026-02-13 00:00:00+00:00,1100199.2282886556,-0.0024892741775598016,0.24706131354904187,65.90871261687103,8.983326942732262,1.6663817287585232
2026-02-17 00:00:00+00:00,1100072.0548848899,-0.0001155912497444575,0.24767785162945657,65.69081325886789,8.66473540234617,1.6675810466586185
2026-02-18 00:00:00+00:00,1100362.6869527479,0.0002641936649217219,0.24770648433155026,65.68072013158489,8.862055025424176,1.6677296146186391
2026-02-19 00:00:00+00:00,1098709.9179770297,-0.0015020220108473684,0.24764105913255294,65.70378616871648,8.863138452806865,1.6561048431265588
