ts_event,equity,returns,exposure,cash_credit,financing,spread
2020-07-01 00:00:00+00:00,1000000.0,0.0,0.0,0.0,0.0,2.2307288048564695
2020-07-02 00:00:00+00:00,1000079.3650793651,7.936507936508861e-05,0.0,79.36507936507937,0.0,2.2310422727952823
2020-07-06 00:00:00+00:00,1000158.736457546,7.936507936509753e-05,0.0,79.37137818090198,0.0,2.23078755616457
2020-07-07 00:00:00+00:00,1000238.1141350426,7.936507936508781e-05,0.0,79.37767749663064,0.0,2.2254106248079344
2020-07-08 00:00:00+00:00,1000317.498112355,7.93650793651362e-05,0.0,79.38397731230498,0.0,2.222368771918795
2020-07-09 00:00:00+00:00,1000396.888389983,7.936507936508663e-05,0.0,79.39027762796468,0.0,2.205975111454383
2020-07-10 00:00:00+00:00,1002482.3360990433,0.00208462034744685,0.25,59.54743383273708,0.0,2.214801661010374
2020-07-13 00:00:00+00:00,1002995.3476694599,0.0005117412566219413,0.24947992906359442,59.71294555567838,8.117403425233153,2.2176473514021784
2020-07-14 00:00:00+00:00,1004685.31965025,0.0016849250444849295,0.24935232519135941,59.75366075967969,8.40143802147764,2.227603416014939
2020-07-15 00:00:00+00:00,1005792.7762641462,0.001102292023418545,0.24893289192735493,59.887785520059865,8.469112347641992,2.2338239183615056
2020-07-16 00:00:00+00:00,1005159.1218061291,-0.0006300049801219442,0.2486587973185179,59.97567890211511,8.382451193052177,2.229769250338581
2020-07-17 00:00:00+00:00,1004768.0442325766,-0.0003890703124195736,0.24881555235563374,59.92538886576456,8.30159123862129,2.2271422251557165
2020-07-20 00:00:00+00:00,1003162.7430517236,-0.0015976833559422587,0.24891239677961388,59.89435096310166,8.112920589451567,2.21708913370164
2020-07-21 00:00:00+00:00,1009677.4331661051,0.006494150784112194,0.24931071636160285,59.766946107478404,8.767121209387692,2.2552436628347055
2020-07-22 00:00:00+00:00,1009950.4727576518,0.0002704225949574471,0.0,80.13312961635755,8.858635530074181,2.267960463843517
2020-07-23 00:00:00+00:00,1010030.627557077,7.936507936502899e-05,0.0,80.15479942521046,0.0,2.2671313033284464
2020-07-24 00:00:00+00:00,1010110.7887179942,7.936507936510494e-05,0.0,80.16116091722833,0.0,2.2606495317977022
2020-07-27 00:00:00+00:00,1010190.9562409084,7.936507936507843e-05,0.0,80.16752291412652,0.0,2.2617029912844013
2020-07-28 00:00:00+00:00,1010271.1301263242,7.936507936502506e-05,0.0,80.17388541594511,0.0,2.2463189364806873
2020-07-29 00:00:00+00:00,1010351.310374747,7.936507936513565e-05,0.0,80.18024842272415,0.0,2.251728831568671
2020-07-30 00:00:00+00:00,1010431.4969866815,7.936507936502479e-05,0.0,80.18661193450373,0.0,2.241807357110224
2020-07-31 00:00:00+00:00,1010511.6899626328,7.936507936511376e-05,0.0,80.19297595132393,0.0,2.2063041948595927
2020-08-03 00:00:00+00:00,1013148.6407434625,0.0026095203123549793,0.24999999999999997,60.14950535491862,0.0,2.215874703505367
2020-08-04 00:00:00+00:00,1015145.3388719638,0.00197078498475416,0.2493493178900939,60.35878716292098,8.333266429468745,2.227486163250251
2020-08-05 00:00:00+00:00,1014051.912559712,-0.0010771130698061953,0.2488588705646622,60.517255268357594,8.275310715118925,2.2204579234482704
2020-08-06 00:00:00+00:00,1015330.6104146484,0.0012609786926082807,0.2491272087372374,60.43047540230586,8.350241490273385,2.227934956486077
2020-08-07 00:00:00+00:00,1014364.9842356137,-0.0009510460623661839,0.2488134602654086,60.53195935904684,8.256926951485976,2.22180286135411
2020-08-10 00:00:00+00:00,1017750.8522418296,0.00333791885449137,0.24905031859023488,60.45532236071076,8.594724863948954,2.241484550964088
2020-08-11 00:00:00+00:00,1017803.2162235914,5.145068819779725e-05,0.0,80.77387716204997,8.55121114175395,2.2353941850132326
2020-08-12 00:00:00+00:00,1017883.994256625,7.936507936505683e-05,0.0,80.77803303361836,0.0,2.2586826729523866
2020-08-13 00:00:00+00:00,1017964.7787006135,7.936507936504023e-05,0.0,80.78444398862102,0.0,2.2655152527571323
2020-08-14 00:00:00+00:00,1018045.569556066,7.936507936506825e-05,0.0,80.79085545242964,0.0,2.265940020212435
2020-08-17 00:00:00+00:00,1018126.3668234911,7.936507936510121e-05,0.0,80.7972674250846,0.0,2.279948667489704
2020-08-18 00:00:00+00:00,1020548.3509776428,0.002378863992795153,0.24999999999999997,60.6027599299697,0.0,2.2454400648966897
2020-08-19 00:00:00+00:00,1021844.7926207273,0.001270338286120965,0.24940669539276808,60.79498089458493,-0.2735786280546777,2.237374861231993
2020-08-20 00:00:00+00:00,1023168.4175813243,0.0012953287721928091,0.24909026649054508,60.897873088480516,-0.2471387037787265,2.2289755796538007
2020-08-21 00:00:00+00:00,1022130.1586229214,-0.001014748833683953,0.24876803010355023,61.00292268852791,-0.3227335704988321,2.2361789553753675
2020-08-24 00:00:00+00:00,1018943.03731386,-0.0031181168877311184,0.24902072359237873,60.92052118389276,-0.4707126184330599,2.2573296501648192
2020-08-25 00:00:00+00:00,1019989.0981137836,0.001026613619816508,0.2497996280310914,60.66757504825296,-0.437644679128268,2.250995868758437
2020-08-26 00:00:00+00:00,1020447.1843455513,0.00044910894892384855,0.2495434433334294,60.7505957466596,-0.4830890932550056,2.248572050833842
2020-08-27 00:00:00+00:00,1019886.6580827772,-0.0005492947321263054,0.24943142144991345,60.78695179679988,-0.5218285776327045,2.2527108318846163
2020-08-28 00:00:00+00:00,1020803.3687122056,0.0008988357894117922,0.2495685081167266,60.74246558546861,-0.43005059523394884,2.246921969593306
2020-08-31 00:00:00+00:00,1022102.1485854933,0.0012723115078727126,0.2493443884564929,60.815220397328005,-0.4114258589554234,2.238800895093094
2020-09-01 00:00:00+00:00,1021823.4394628099,-0.00027268225888097205,0.0,81.11921814170582,-0.4380051937334899,2.2373096091765645
2020-09-02 00:00:00+00:00,1021904.53656118,7.936507936509736e-05,0.0,81.09709837006429,0.0,2.241591387275612
2020-09-03 00:00:00+00:00,1021985.6400958278,7.936507936509556e-05,0.0,81.1035346477127,0.0,2.228219926893563
2020-09-04 00:00:00+00:00,1022066.750067264,7.936507936510818e-05,0.0,81.1099714361768,0.0,2.224075618220427
2020-09-08 00:00:00+00:00,1022147.8664759995,7.936507936509556e-05,0.0,81.11640873549715,0.0,2.2025013487127922
2020-09-09 00:00:00+00:00,1025090.3098738776,0.002878686630753905,0.24999999999999997,60.84213490928568,0.0,2.2205526339205983
2020-09-10 00:00:00+00:00,1024049.4302996497,-0.0010154028032475601,0.24928239410480812,61.07566216308553,8.055484232257843,2.214046158149824
2020-09-11 00:00:00+00:00,1023271.6179608145,-0.0007595456975232268,0.24953577342865815,60.99305267306745,7.96298241512021,2.208936070705785
2020-09-14 00:00:00+00:00,1022817.8752078178,-0.0004434235691017815,0.24972545132077087,60.931321535064654,7.9161230442315045,2.2057421675611053
2020-09-15 00:00:00+00:00,1022731.8007191787,-8.415426707470074e-05,0.24983623459560622,60.89531020546174,7.8681916460807315,2.2050431375913577
2020-09-16 00:00:00+00:00,1023722.027326218,0.0009682172846712112,0.2498572611502916,60.888478896839594,8.070971920138446,2.2104400348772737
2020-09-17 00:00:00+00:00,1022806.4553484779,-0.0008943560393355512,0.24961557903214948,60.96706831009668,7.986724370647992,2.2044012406102467
2020-09-18 00:00:00+00:00,1023876.1840228944,0.0010458759512345526,0.24983902407219014,60.894403867418895,8.010613299950915,2.210984471260976
2020-09-21 00:00:00+00:00,1021638.9792965422,-0.0021850344419204683,0.24957799644774814,60.979302968563054,7.788993001015904,2.1965219467842774
2020-09-22 00:00:00+00:00,1022546.9565301616,0.0008887456841598857,0.25012452715434946,60.80174703790018,7.780112116804436,2.202463825926106
2020-09-23 00:00:00+00:00,1017762.8785550647,-0.004678590009529568,0.24990242745049174,60.87380872310807,7.318700648302494,2.1704622076348414
2020-09-24 00:00:00+00:00,1018503.0158862543,0.00072721981395153,0.2510771143292139,60.49411999492578,7.376915213965889,2.175153353235758
2020-09-25 00:00:00+00:00,1017463.6655758658,-0.0010204685643312428,0.2508946587621475,60.5528610529567,7.293151460059447,2.1676606851105404
2020-09-28 00:00:00+00:00,1020768.8714847683,0.0032484756170942826,0.2511509504119448,60.4703729330846,7.589639757329923,2.189531945462354
2020-09-29 00:00:00+00:00,1019644.8573532145,-0.0011011446008525668,0.250337734385754,60.73269086236258,7.440127504206597,2.1819194261772243
2020-09-30 00:00:00+00:00,1018314.9940306356,-0.0013042416808054136,0.2506136963043393,60.64348339160434,7.331089485453019,2.1724608282417024
2020-10-01 00:00:00+00:00,1018642.1931097663,0.00032131421126941847,0.25094098399508796,60.53793868346315,7.265027677953995,2.2012832881709916
2020-10-02 00:00:00+00:00,1020058.7202592551,0.0013906032550687392,0.25086037899027397,60.563906864346556,7.34592704324261,2.2109799324957513
2020-10-05 00:00:00+00:00,1021953.5841064876,0.0018576027140386885,0.2505120161651609,60.67632965398852,7.555550659479138,2.2231336170577847
2020-10-06 00:00:00+00:00,1022151.5120255621,0.000193676035930336,0.2500475271999955,60.82671567361013,7.536778762207084,2.224389654718093
2020-10-07 00:00:00+00:00,1024576.2994266273,0.002372238726390096,0.2499991083637015,60.842424238616054,7.7515705903227925,2.2401109034997364
2020-10-08 00:00:00+00:00,1023451.3719637825,-0.001097944060851698,0.24940745434186137,61.03486768314504,7.804156662049715,2.2311357350237095
2020-10-09 00:00:00+00:00,1022318.4305470638,-0.0011069811890962416,0.249681590761542,60.9455877257764,7.648770734313028,2.223617120049953
2020-10-12 00:00:00+00:00,1022475.3142478612,0.000153458742510768,0.24995828988650504,60.855671740322535,7.6533102532304875,2.224326660097056
2020-10-13 00:00:00+00:00,1022547.1405544817,7.024747259872203e-05,0.24991993748716987,60.86812282768741,7.618630847304211,2.224672589171525
2020-10-14 00:00:00+00:00,1021442.5339983257,-0.0010802500074050111,0.2499023824764045,60.87382332821284,7.530419215612278,2.216853042802103
2020-10-15 00:00:00+00:00,1022507.0076519108,0.0010421277929540506,0.25017263146339536,60.78615614121634,7.621011440338027,2.2235987009188967
2020-10-16 00:00:00+00:00,1021733.915906519,-0.0007560747648733009,0.24991219102333193,60.870638177215156,7.534762657303719,2.2181579996453706
2020-10-19 00:00:00+00:00,1020465.7022733174,-0.001241236699161995,0.2501012862945616,60.80928168948566,7.3841251206725875,2.2093850838736326
2020-10-20 00:00:00+00:00,1020680.991888176,0.00021097192622835368,0.25041210699167415,60.708629813834726,7.410262540593694,2.2104291988742157
2020-10-21 00:00:00+00:00,1019894.7403643555,-0.0007703205311641494,0.2503592882103912,60.725716291204456,7.305254655249415,2.2048231148761155
2020-10-22 00:00:00+00:00,1020880.7876148892,0.0009668127616595471,0.2505522937864252,60.66331537661553,7.508414288797085,2.210749826371228
2020-10-23 00:00:00+00:00,1021243.4984744657,0.00035529208108998114,0.2503102906030954,60.74157309491186,7.479111966938086,2.2130043886798103
2020-10-26 00:00:00+00:00,1020036.4457168547,-0.0011819441293032748,0.250221388925091,60.77035967106871,7.313404486802546,2.2046462053007314
2020-10-27 00:00:00+00:00,1018252.46477507,-0.001748938431833139,0.25051748659766293,60.67456183316308,7.123298691855915,2.191910429747494
2020-10-28 00:00:00+00:00,1017561.2757991754,-0.0006787992170952154,0.25095639387963325,60.53297604413254,7.00369186362916,2.186830978515751
2020-10-29 00:00:00+00:00,1015917.3629333901,-0.0016155418891055956,0.25112685859463885,60.47811977620441,6.9442327070044,2.174375357345927
2020-10-30 00:00:00+00:00,1019507.5914167586,0.0035339768906025915,0.2515332210497464,60.347650501142084,7.203556569220736,2.1997166552662453
2020-11-02 00:00:00+00:00,1021275.8570650958,0.0017344310755743636,0.25064743879336193,60.63258926966339,7.437067038362753,2.2111274802924776
2020-11-03 00:00:00+00:00,1021978.1393148171,0.0006876518668908336,0.25021346079143825,60.77292781318222,7.475292782114317,2.2156331431618423
2020-11-04 00:00:00+00:00,1022333.92320527,0.0003481325840211734,0.25004151927390933,60.82866449966803,7.463140483473474,2.2179653865831144
2020-11-05 00:00:00+00:00,1023678.1625619606,0.0013148730822470855,0.24995450196725175,60.856901316370646,7.556741994194763,2.2268872332819862
2020-11-06 00:00:00+00:00,1022687.9688069476,-0.0009672901027163597,0.0,81.24429861602862,7.4088772050494835,2.215855818742229
2020-11-09 00:00:00+00:00,1022769.1345187577,7.936507936511716e-05,0.0,81.16571181007521,0.0,2.265848225648013
2020-11-10 00:00:00+00:00,1022850.3066722909,7.936507936504884e-05,0.0,81.17215353323473,0.0,2.3046119600908783
2020-11-11 00:00:00+00:00,1022931.4852680585,7.93650793650277e-05,0.0,81.17859576764214,0.0,2.30471888664865
2020-11-12 00:00:00+00:00,1022937.3086616525,5.692848130959546e-06,0.1392672187200288,69.87862399790697,0.0,2.300940730451208
2020-11-13 00:00:00+00:00,1021632.4782122514,-0.0012755722548708393,0.13926642589741645,69.87908617200173,-0.3414922726205821,2.3160429199494628
2020-11-16 00:00:00+00:00,1018162.6548400018,-0.003396351864538832,0.13944429717399154,69.77552819982705,-0.4298974968013879,2.3528338421828914
2020-11-17 00:00:00+00:00,1021103.3473882349,0.0028882345411649344,0.13991951307310274,69.50014539250564,-0.2679700587140673,2.3230204597504085
2020-11-18 00:00:00+00:00,1022261.3252027504,0.00113404565510174,0.13951655653545267,69.73353368998445,-0.27169700466076585,2.3113648760109977
2020-11-19 00:00:00+00:00,1021316.6634754564,-0.0009240902536409826,0.13935851761405102,69.82543669113649,-0.33461524641353724,2.3223304805905576
2020-11-20 00:00:00+00:00,1020341.3284159799,-0.000954978112427507,0.13948741657621466,69.75046353817665,-0.3856063568452027,2.3334983943065755
2020-11-23 00:00:00+00:00,1017749.9162199856,-0.0025397503010265218,0.13962075133778293,69.67305599377374,-0.4078764327459258,2.3600031741479395
2020-11-24 00:00:00+00:00,1016824.4479506436,-0.0009093277774752825,0.13997625607628925,69.46738835917103,-0.3422914869379041,2.3691789551125573
2020-11-25 00:00:00+00:00,1018969.0090187971,0.002109077011745464,0.14010365622261833,69.39393849652484,-0.2970651848364143,2.3491123363239637
2020-11-27 00:00:00+00:00,1019195.4060347211,0.0002221824353048671,0.13980878872028837,69.5641417559021,-0.317931572668282,2.3475609907795345
2020-11-30 00:00:00+00:00,1020732.1768253206,0.0015078274308343634,0.1397777325632661,69.58210977303892,-0.32585513813224787,2.332748949698957
2020-12-01 00:00:00+00:00,1021181.6843020851,0.0004403774927156266,0.139567289176199,69.70407570880079,-0.3009575763780632,2.3287819410153676
2020-12-02 00:00:00+00:00,1020199.5650602768,-0.000961747803457253,0.13950585393802264,69.7397509053694,-0.2885129804968054,2.3395882759111157
2020-12-03 00:00:00+00:00,1020988.4947753283,0.0007733092054444622,0.13964015254801013,69.66180493379731,-0.2428699256610617,2.3323406682848606
2020-12-04 00:00:00+00:00,1019301.4842037994,-0.0016523306385545083,0.13953225097387564,69.72441840324585,-0.27102779714018443,2.3500229157491805
2020-12-07 00:00:00+00:00,1021432.1795767504,0.0020903485435570823,0.13976318596819287,69.59052867534672,-0.19786408248875553,2.3294462884209
2020-12-08 00:00:00+00:00,1022241.7038835796,0.0007925384798084641,0.13947164162525402,69.75963148272378,-0.10391450890695486,2.322658583683426
2020-12-09 00:00:00+00:00,1024432.4784140987,0.0021431081535768087,0.13936119251759183,69.82387944358325,0.02688621816829062,2.3018966968501733
2020-12-10 00:00:00+00:00,1024637.6244068139,0.00020025330808793421,0.0,81.30416495349989,0.03716253927706914,2.314962298719396
2020-12-11 00:00:00+00:00,1024718.9448531953,7.936507936504876e-05,0.0,81.32044638149317,0.0,2.3079253710921113
2020-12-14 00:00:00+00:00,1024800.2717535805,7.936507936510819e-05,0.0,81.32690038517423,0.0,2.297341634934203
2020-12-15 00:00:00+00:00,1024881.6051084816,7.936507936505879e-05,0.0,81.33335490107783,0.0,2.2848165716206204
2020-12-16 00:00:00+00:00,1024962.9449184109,7.93650793650881e-05,0.0,81.33980992924457,0.0,2.2677078433288025
2020-12-17 00:00:00+00:00,1025044.2911838805,7.936507936504288e-05,0.0,81.34626546971515,0.0,2.269660367573964
2020-12-18 00:00:00+00:00,1025125.6439054031,7.936507936511059e-05,0.0,81.3527215225302,0.0,2.2653696383601525
2020-12-21 00:00:00+00:00,1025207.0030834908,7.936507936502442e-05,0.0,81.3591780877304,0.0,2.26408861928806
2020-12-22 00:00:00+00:00,1025288.3687186561,7.936507936508542e-05,0.0,81.36563516535641,0.0,2.252438641725384
2020-12-23 00:00:00+00:00,1025369.7408114115,7.936507936502678e-05,0.0,81.3720927554489,0.0,2.2593358898392157
2020-12-24 00:00:00+00:00,1025451.1193622695,7.936507936503596e-05,0.0,81.37855085804853,0.0,2.258944053964618
2020-12-28 00:00:00+00:00,1025532.5043717427,7.936507936507324e-05,0.0,81.38500947319599,0.0,2.2526755828563054
2020-12-29 00:00:00+00:00,1025613.8958403437,7.936507936509898e-05,0.0,81.39146860093196,0.0,2.255869224720559
2020-12-30 00:00:00+00:00,1025695.293768585,7.936507936507348e-05,0.0,81.39792824129712,0.0,2.2580736207225804
2020-12-31 00:00:00+00:00,1025776.6981569793,7.936507936507062e-05,0.0,81.40438839433214,0.0,2.253742654713203
2021-01-04 00:00:00+00:00,1025858.1090060393,7.936507936505073e-05,0.0,81.41084906007772,0.0,2.277985312791269
2021-01-05 00:00:00+00:00,1025939.5263162779,7.936507936508762e-05,0.0,81.41731023857454,0.0,2.279274570010649
2021-01-06 00:00:00+00:00,1026020.9500882077,7.936507936502812e-05,0.0,81.42377192986332,0.0,2.295090594386851
2021-01-07 00:00:00+00:00,1026102.3803223417,7.936507936505955e-05,0.0,81.43023413398474,0.0,2.29339102457931
2021-01-08 00:00:00+00:00,1026183.8170191926,7.936507936502873e-05,0.0,81.4366968509795,0.0,2.2977102078267384
2021-01-11 00:00:00+00:00,1026265.2601792736,7.936507936512294e-05,0.0,81.4431600808883,0.0,2.285615588544628
2021-01-12 00:00:00+00:00,1026346.7098030973,7.936507936507557e-05,0.0,81.44962382375186,0.0,2.2892666414561713
2021-01-13 00:00:00+00:00,1026428.1658911769,7.936507936507386e-05,0.0,81.4560880796109,0.0,2.283007251779365
2021-01-14 00:00:00+00:00,1026509.6284440254,7.936507936507815e-05,0.0,81.4625528485061,0.0,2.2839828624112752
2021-01-15 00:00:00+00:00,1026591.0974621559,7.936507936504875e-05,0.0,81.4690181304782,0.0,2.278908327002579
2021-01-19 00:00:00+00:00,1026672.5729460814,7.936507936505942e-05,0.0,81.47548392556793,0.0,2.292113182219694
2021-01-20 00:00:00+00:00,1026754.0548963152,7.936507936507047e-05,0.0,81.48195023381598,0.0,2.293629574462616
2021-01-21 00:00:00+00:00,1026835.5433133704,7.936507936504224e-05,0.0,81.48841705526311,0.0,2.275549727020592
2021-01-22 00:00:00+00:00,1026917.0381977604,7.936507936504845e-05,0.0,81.49488438995003,0.0,2.2800255210813645
2021-01-25 00:00:00+00:00,1026998.5395499982,7.936507936504943e-05,0.0,81.50135223791749,0.0,2.2781767157951442
2021-01-26 00:00:00+00:00,1027080.0473705975,7.936507936511886e-05,0.0,81.50782059920621,0.0,2.269923423417387
2021-01-27 00:00:00+00:00,1027161.5616600714,7.93650793651037e-05,0.0,81.51428947385695,0.0,2.2627867423208414
2021-01-28 00:00:00+00:00,1027243.0824189333,7.936507936507767e-05,0.0,81.52075886191042,0.0,2.264727132524877
2021-01-29 00:00:00+00:00,1027324.6096476967,7.936507936511443e-05,0.0,81.52722876340741,0.0,2.2426994969838456
2021-02-01 00:00:00+00:00,1027406.1433468751,7.936507936506096e-05,0.0,81.53369917838863,0.0,2.2497185022086437
2021-02-02 00:00:00+00:00,1027487.683516982,7.936507936510425e-05,0.0,81.54017010689485,0.0,2.2513337166403167
2021-02-03 00:00:00+00:00,1027569.230158531,7.93650793650913e-05,0.0,81.54664154896683,0.0,2.251674715141605
2021-02-04 00:00:00+00:00,1027650.7832720357,7.936507936509578e-05,0.0,81.55311350464531,0.0,2.2339691406654785
2021-02-05 00:00:00+00:00,1025345.3158034249,-0.002243434740807703,0.25,61.16968948047832,0.0,2.2235872804613823
2021-02-08 00:00:00+00:00,1025135.9642874012,-0.00020417659572541505,0.25056211976420945,60.986715871858415,8.232806884107164,2.2229088771471717
2021-02-09 00:00:00+00:00,1026945.6788822095,0.0017653410453376012,0.25061328913242803,60.97010067217399,8.280358745471581,2.232848836355468
2021-02-10 00:00:00+00:00,1029162.1901604452,0.002158352991609341,0.25017165084880477,61.113728814619094,8.472322810897369,2.245856710845373
2021-02-11 00:00:00+00:00,1030786.4935636511,0.0015782773781775929,0.2496328550293482,61.289642408129865,8.5155559615455,2.255181769444485
2021-02-12 00:00:00+00:00,1030234.0561713753,-0.0005359377482390997,0.24923948598686654,61.418555376638274,8.522419170061946,2.251545525187861
2021-02-16 00:00:00+00:00,1032145.9079846934,0.0018557451113808477,0.24937313446302198,61.37471113915606,8.758404380052685,2.262467574252011
2021-02-17 00:00:00+00:00,1032147.2786205916,1.3279478100900951e-06,0.24891121868577798,61.52644541005432,8.805766812808624,2.262250340735445
2021-02-18 00:00:00+00:00,1031920.5896994075,-0.00021962846376645003,0.24891088814510917,61.52655419068116,8.724633775680422,2.2605515601954607
2021-02-19 00:00:00+00:00,1032738.7351653036,0.000792837621482518,0.24896556807035522,61.50856300646021,8.811969532444344,2.2649793406324092
2021-02-22 00:00:00+00:00,1033939.8683231748,0.0011630561699411232,0.24876833517519473,61.57349518629323,9.026809169340874,2.2716768306997053
2021-02-23 00:00:00+00:00,1034562.1490499836,0.0006018538851954955,0.24847933974600026,61.668823214695706,9.096298139522881,2.2748952123653425
2021-02-24 00:00:00+00:00,1038534.3977155939,0.003839545714346847,0.24832988144204424,61.71821057396624,9.521848131208131,2.2962924876704203
2021-02-25 00:00:00+00:00,1039329.6598378244,0.0007657542436531534,0.0,82.42336489806301,9.46909747824009,2.2989484148987747
2021-02-26 00:00:00+00:00,1039412.146318764,7.936507936511918e-05,0.0,82.48648093950987,0.0,2.2835401713591765
2021-03-01 00:00:00+00:00,1039494.6393462496,7.936507936513523e-05,0.0,82.49302748561618,0.0,2.2850262029764106
2021-03-02 00:00:00+00:00,1039577.1389208009,7.936507936503391e-05,0.0,82.49957455128965,0.0,2.2919431154332925
2021-03-03 00:00:00+00:00,1039659.6450429375,7.936507936511157e-05,0.0,82.50612213657149,0.0,2.2986763417696623
2021-03-04 00:00:00+00:00,1039742.157713179,7.936507936510452e-05,0.0,82.51267024150297,0.0,2.2864145730110503
2021-03-05 00:00:00+00:00,1039824.6769320451,7.936507936508508e-05,0.0,82.51921886612531,0.0,2.307315894390118
2021-03-08 00:00:00+00:00,1039907.2027000557,7.936507936512558e-05,0.0,82.52576801047978,0.0,2.3163824084234053
2021-03-09 00:00:00+00:00,1039989.7350177303,7.936507936507435e-05,0.0,82.5323176746076,0.0,2.320265277629808
2021-03-10 00:00:00+00:00,1040072.2738855889,7.936507936511566e-05,0.0,82.53886785855002,0.0,2.3218910505806636
2021-03-11 00:00:00+00:00,1039852.1702953522,-0.00021162336095581716,0.25,61.90906392176124,0.0,2.323411252730717
2021-03-12 00:00:00+00:00,1040557.6422062069,0.0006784348112235107,0.2500529170387205,61.89159538285358,-0.5635715809522184,2.3194673296375963
2021-03-15 00:00:00+00:00,1040160.8908240459,-0.0003812872695066173,0.24988338744992805,61.94758521704839,-0.6582219313524937,2.3223484079760808
2021-03-16 00:00:00+00:00,1041871.1584883035,0.0016442337712800812,0.24997870114632295,61.916097012114975,-0.6451510758637318,2.3122223527683516
2021-03-17 00:00:00+00:00,1041807.4023776102,-6.11938531687878e-05,0.24956835243300987,62.051832541024304,-0.6276203351628649,2.3129682696730636
2021-03-18 00:00:00+00:00,1043415.8238845881,0.0015438760593437305,0.24958362541673695,62.046772532239125,-0.6685869211539379,2.303412763561416
2021-03-19 00:00:00+00:00,1044408.4533469094,0.000951326824454105,0.24919889321149277,62.17442503279292,-0.6398591586281916,2.2973898751300754
2021-03-22 00:00:00+00:00,1044861.7353600886,0.0004340083726119623,0.24896204893606882,62.253205148850164,-0.6447549537415647,2.294894387564586
2021-03-23 00:00:00+00:00,1044544.3014024551,-0.0003038047493663511,0.24885404419732884,62.289179911800915,-0.7020751955902775,2.2976007600670636
2021-03-24 00:00:00+00:00,1042410.6847885696,-0.0020426291264246128,0.24892967021339787,62.26398674056015,-0.7556490987474478,2.311715525351037
2021-03-25 00:00:00+00:00,1041560.0534471975,-0.0008160232370839202,0.249439181951724,62.094652088664475,-0.802336216260704,2.3176409774233777
2021-03-26 00:00:00+00:00,1040274.4139001585,-0.0012343402982708882,0.24964289635612352,62.02714166474606,-0.8069725010909092,2.325775389625405
2021-03-29 00:00:00+00:00,1040630.946397541,0.00034272927663941234,0.2499514214682519,61.92510678006041,-0.8024690675919421,2.323990049318067
2021-03-30 00:00:00+00:00,1040948.1793960978,0.0003048467851691368,0.249865785148451,61.95340301001141,-0.8264663785000281,2.3226583372159726
2021-03-31 00:00:00+00:00,1041894.8826858732,0.0009094624578954901,0.24978963758046605,61.9785802321191,-0.8210718956270784,2.31729073752473
2021-04-01 00:00:00+00:00,1042741.7929061406,0.0008128557250268282,0.2495626697014804,62.05371541384731,-0.7093954592639207,2.310868919064838
2021-04-05 00:00:00+00:00,1043387.0482292358,0.0006188064269457434,0.2493599760173821,62.12093051069391,-0.7239911096881262,2.3073345407156176
2021-04-06 00:00:00+00:00,1044619.2260052782,0.001180940263858497,0.2492057658878188,62.172141250622104,-0.6705657523267694,2.299713132463203
2021-04-07 00:00:00+00:00,1044040.2935441084,-0.0005542042945003733,0.24891181590226966,62.269933137609605,-0.6891312244543439,2.303853438108416
2021-04-08 00:00:00+00:00,1045031.4221739583,0.00094932028579604,0.24904984039336028,62.22398611688183,-0.6714676324222439,2.297893628572738
2021-04-09 00:00:00+00:00,1045224.4542842387,0.00018471416857391028,0.24881363656079045,62.30264711925087,-0.6764600261946172,2.2970858120057955
2021-04-12 00:00:00+00:00,1046208.6362828201,0.0009415987107337175,0.24876768564456855,62.3179671280033,-0.6440389753494613,2.2910136346570082
2021-04-13 00:00:00+00:00,1045562.8645090299,-0.0006172495154357257,0.24853366666446336,62.396076810430394,-0.6714181171569724,2.2957028603933423
2021-04-14 00:00:00+00:00,1045402.3430007179,-0.00015352640549963115,0.2486871686988378,62.344825082351804,-0.6051453873186794,2.2969211367605364
2021-04-15 00:00:00+00:00,1046572.8318855581,0.0011196539711977255,0.24872535460848746,62.33208528010482,-0.566683948681409,2.2896870172305395
2021-04-16 00:00:00+00:00,1046465.086288006,-0.00010295088336845377,0.24844717973706198,62.42498122334611,-0.5911750836059857,2.290835842120403
2021-04-19 00:00:00+00:00,1045531.6165764065,-0.0008920218398405454,0.2484727602272204,62.41642998544514,-0.648387896074208,2.2974230934168576
2021-04-20 00:00:00+00:00,1047104.7847935231,0.001504658675237347,0.24869460124297957,62.342345087699144,-0.6357299604075131,2.287603576489807
2021-04-21 00:00:00+00:00,1045990.6520874265,-0.0010640126205863176,0.2483209629518308,62.46719970810523,-0.6552178708382252,2.2953142899950922
2021-04-22 00:00:00+00:00,1047362.0876254266,0.001311135558681312,0.24858546101964996,62.378776477462644,-0.6200681896274456,2.286689299581702
2021-04-23 00:00:00+00:00,1047001.1219382682,-0.0003446426898808038,0.24825995856018496,62.487620567780105,-0.6296606155577844,2.2894960183205324
2021-04-26 00:00:00+00:00,1047503.4146408874,0.00047974418756051214,0.24834554903822542,62.458972497370716,-0.5991761762348176,2.2865319295715882
2021-04-27 00:00:00+00:00,1046886.8542393085,-0.000588599896631624,0.24822646383500188,62.49883699757858,-0.6054254558095107,2.2909934774437066
2021-04-28 00:00:00+00:00,1045948.5870344329,-0.0008962450918894747,0.24837265595462288,62.44990363237392,-0.5768197138935085,2.2974201589843255
2021-04-29 00:00:00+00:00,1044642.7306336104,-0.0012484900472259379,0.24859545841409253,62.37543798119331,-0.596197763072188,2.3061380911363063
2021-04-30 00:00:00+00:00,1047663.942444569,0.002892100545347314,0.2489062153466455,62.27179858430264,-0.5364216637340531,2.287059957865918
2021-05-03 00:00:00+00:00,1046523.0321199449,-0.0010890040960671945,0.24818842945447134,62.51157729945807,-0.5256497210889461,2.2949274737766197
2021-05-04 00:00:00+00:00,1045603.2430989462,-0.0008788999312662362,0.2484590023257088,62.42102886099585,-0.5332005379881493,2.3012365652090265
2021-05-05 00:00:00+00:00,1044527.3190350013,-0.0010289983997716276,0.24867756502051278,62.34802973234516,-0.5347604823605043,2.308436634524289
2021-05-06 00:00:00+00:00,1045634.5159216479,0.0010599980167770604,0.24893371741738446,62.26263893361938,-0.452740213804637,2.3019963620351445
2021-05-07 00:00:00+00:00,1046009.6071232592,0.0003587211362095429,0.24867012757532292,62.35051170240085,-0.3951350397220077,2.3002267315855356
2021-05-10 00:00:00+00:00,1046771.4545364927,0.0007283369177924836,0.24858095633222738,62.38028084538587,-0.35496400768124126,2.295926004668354
2021-05-11 00:00:00+00:00,1048146.7859176571,0.0013138793336443888,0.2484000374145973,62.44074492580123,-0.37637150653334706,2.287199290106009
2021-05-12 00:00:00+00:00,1046277.8426566892,-0.0017830930610845503,0.2480740979840436,62.54989821002063,-0.5060773713569449,2.2993628464802205
2021-05-13 00:00:00+00:00,1046290.7941695185,1.2378655364045503e-05,0.2485172273276515,62.40156937978509,-0.5323590038794372,2.2996547904224656
2021-05-14 00:00:00+00:00,1044740.8612208173,-0.0014813596347576028,0.24851415105662247,62.40259727762868,-0.5400402402383373,2.3098492662531545
2021-05-17 00:00:00+00:00,1045069.5844638456,0.0003146457224274255,0.24888283604372163,62.27958672614446,-0.46642558528341693,2.308321136414292
2021-05-18 00:00:00+00:00,1048946.5199596842,0.0037097390962991545,0.24880455075610575,62.30567587241654,-0.37197793428641357,2.2839939247286387
2021-05-19 00:00:00+00:00,1050580.519830354,0.0015577532691872578,0.2478849622203722,62.61336916573706,-0.3549288582443306,2.2734640969813418
2021-05-20 00:00:00+00:00,1050271.3526709178,-0.00029428221216798727,0.24749941919100546,62.743051695155295,-0.376599627887364,2.2758907616252713
2021-05-21 00:00:00+00:00,1048883.8506676848,-0.0013210890687482128,0.24757227530785453,62.71851461900956,-0.4751075068674351,2.2852943079993033
2021-05-24 00:00:00+00:00,1048744.4471414066,-0.00013290654269247542,0.24789977298809426,62.60839541240377,-0.42335438700200934,2.286785375497205
2021-05-25 00:00:00+00:00,1049028.045564584,0.000270417091552083,0.24793272486937695,62.59733164047693,-0.4719213051575548,2.2851808426961804
2021-05-26 00:00:00+00:00,1049836.7755176786,0.0007709326328443032,0.24786569774829634,62.619839451840214,-0.4079256013190453,2.2803964268061794
2021-05-27 00:00:00+00:00,1050911.2936165517,0.0010235096768668988,0.24767475719564244,62.68402436875248,-0.369654928128228,2.273711510121914
2021-05-28 00:00:00+00:00,1049685.7588790813,-0.0011661638283977662,0.2474215188768069,62.76930358294876,-0.4500597700680611,2.282112853192993
2021-06-01 00:00:00+00:00,1048575.6470668678,-0.0010575658503731607,0.24771038977327883,62.67203892124477,-0.4070937946965003,2.2900461371007714
2021-06-02 00:00:00+00:00,1047259.2296955839,-0.0012554338592224803,0.24797263716617274,62.583934809164326,-0.45400549845690974,2.2988444644946124
2021-06-03 00:00:00+00:00,1047159.4006064276,-9.53241435603009e-05,0.0,83.1158118806019,-0.39609483393270306,2.292151758697256
2021-06-04 00:00:00+00:00,1047242.5084953646,7.936507936505874e-05,0.0,83.10788893701806,0.0,2.2953182886659644
2021-06-07 00:00:00+00:00,1047325.6229801658,7.936507936505126e-05,0.0,83.1144848012194,0.0,2.2919746949209228
2021-06-08 00:00:00+00:00,1047408.7440613547,7.936507936508046e-05,0.0,83.12108118890204,0.0,2.290850820199122
2021-06-09 00:00:00+00:00,1047491.8717394548,7.936507936510666e-05,0.0,83.12767810010752,0.0,2.278354610113592
2021-06-10 00:00:00+00:00,1047575.0060149897,7.936507936509022e-05,0.0,83.13427553487736,0.0,2.2824266604331096
2021-06-11 00:00:00+00:00,1047658.146888483,7.936507936510258e-05,0.0,83.14087349325315,0.0,2.283927822133017
2021-06-14 00:00:00+00:00,1047741.2943604583,7.936507936510408e-05,0.0,83.14747197527643,0.0,2.285606809033951
2021-06-15 00:00:00+00:00,1047824.4484314392,7.936507936505507e-05,0.0,83.15407098098875,0.0,2.285475366474957
2021-06-16 00:00:00+00:00,1047907.6091019496,7.936507936502698e-05,0.0,83.16067051043169,0.0,2.2814425330088413
2021-06-17 00:00:00+00:00,1047990.7763725133,7.936507936509126e-05,0.0,83.1672705636468,0.0,2.27770603172023
2021-06-18 00:00:00+00:00,1048073.950243654,7.93650793650971e-05,0.0,83.17387114067566,0.0,2.255001886096057
2021-06-21 00:00:00+00:00,1048080.8134428528,6.548392121811462e-06,0.25,62.38535418116988,0.0,2.259388644189673
2021-06-22 00:00:00+00:00,1047599.1445483688,-0.0004595722851769582,0.24999836291268984,62.38589887951899,8.493997137138324,2.256392400918831
2021-06-23 00:00:00+00:00,1046730.5733108531,-0.0008291064784041118,0.25011330805722687,62.34767118948057,8.445859416377749,2.251115188004861
2021-06-24 00:00:00+00:00,1047506.5437414417,0.0007413277593814378,0.25032085069621873,62.278736964280924,8.515004967767407,2.2554155202132056
2021-06-25 00:00:00+00:00,1047529.8488575158,2.2248181849938107e-05,0.2501354183669788,62.34032191908953,8.519679636270737,2.2552798272981756
2021-06-28 00:00:00+00:00,1045230.7769155486,-0.0021947555427415384,0.25012985343251354,62.342171531476374,8.24634255428489,2.2407983735261374
2021-06-29 00:00:00+00:00,1045426.869624235,0.00018760709406685444,0.25068003482840784,62.15970550433612,8.249111006266446,2.241597959612504
2021-06-30 00:00:00+00:00,1046332.8338420973,0.000866597410288473,0.25063301429691837,62.17526841772392,8.338029738586691,2.246831254121191
2021-07-01 00:00:00+00:00,1048116.1587506426,0.0017043572091653995,0.25041600443597933,62.247170339776495,8.485704930823502,2.259631657156974
2021-07-02 00:00:00+00:00,1047912.9976313193,-0.0001938345455578058,0.2499899322926576,62.388704062676915,8.459623718192692,2.2580911572749516
2021-07-06 00:00:00+00:00,1047420.8565064758,-0.00046963929825847076,0.25003839837197805,62.37258016431792,8.327805486333514,2.2545151480715107
2021-07-07 00:00:00+00:00,1048010.0292691404,0.00056249859739257,0.2501558814045761,62.333521344885895,8.328646118972292,2.2576751116406504
2021-07-08 00:00:00+00:00,1047710.275629188,-0.0002860217284002881,0.25001524817814913,62.38028108795452,8.291101307951136,2.255517216798936
2021-07-09 00:00:00+00:00,1048174.6298149497,0.00044320858214623264,0.250086778430766,62.356491116529725,8.374292467671784,2.258075248974132
2021-07-12 00:00:00+00:00,1048803.2310279768,0.0005997103871309284,0.249975986928029,62.393344623336205,8.414220166805944,2.261514882790345
2021-07-13 00:00:00+00:00,1048324.8904419573,-0.00045608229634334886,0.24982616358275134,62.443233608497096,8.349727681098624,2.258285732499034
2021-07-14 00:00:00+00:00,1047632.2135593339,-0.0006607463859141262,0.24994015686344204,62.40527006992411,8.236993687121329,2.25369583810839
2021-07-15 00:00:00+00:00,1047774.7595824313,0.00013606494841644315,0.25010541311125284,62.35029571416036,8.207580939633763,2.254245219518803
2021-07-16 00:00:00+00:00,1046134.3794314405,-0.001565584717506015,0.25007138716085836,62.36160889059665,7.999273596813864,2.243700868379263
2021-07-19 00:00:00+00:00,1045356.3416253941,-0.0007437264479055557,0.2504635090028462,62.23141998972436,7.852781395442393,2.238503849859574
2021-07-20 00:00:00+00:00,1044950.5701416084,-0.00038816570735562134,0.250649923980476,62.169670957498454,7.834242864210297,2.2354852918719734
2021-07-21 00:00:00+00:00,1047470.2089147277,0.0024112516372691737,0.25074725546626153,62.13746687148372,8.118870252175425,2.2510577263730127
2021-07-22 00:00:00+00:00,1046943.1008271909,-0.0005032201231602504,0.2501440951073806,62.33743820268367,8.045760578152136,2.2474469682942924
2021-07-23 00:00:00+00:00,1046979.1093082891,3.439392367147002e-05,0.25027003602573283,62.29560422748233,8.033430517706432,2.247352531138333
2021-07-26 00:00:00+00:00,1048183.8465587621,0.0011506793590838106,0.2502614285532612,62.29846204344251,8.197135492888842,2.254439339865697
2021-07-27 00:00:00+00:00,1048774.0902628752,0.0005631108569845452,0.24997378887409186,62.394076110940375,8.202304209208814,2.2578479513772
2021-07-28 00:00:00+00:00,1049665.0579663788,0.0008495325273341139,0.24983310514015328,62.440920849362044,8.293319826687323,2.262946664603959
2021-07-29 00:00:00+00:00,1050701.4103395827,0.0009873172068924447,0.2496210439438159,62.511632571862314,8.402973536311755,2.268846345108548
2021-07-30 00:00:00+00:00,1051237.9013876359,0.0005106027676119212,0.24937483188133355,62.59388276021184,8.375961053162609,2.2721193970334395
2021-08-02 00:00:00+00:00,1051480.694215418,0.0002309589746162445,0.0,83.43157947520919,8.381424225628466,2.27198798752918
2021-08-03 00:00:00+00:00,1051564.1450641654,7.936507936510051e-05,0.0,83.4508487472554,0.0,2.2737598120076754
2021-08-04 00:00:00+00:00,1051647.602535996,7.936507936512523e-05,0.0,83.45747183048931,0.0,2.2661403511713294
2021-08-05 00:00:00+00:00,1051731.0666314352,7.936507936501419e-05,0.0,83.46409543936475,0.0,2.270736620386424
2021-08-06 00:00:00+00:00,1051814.5373510092,7.936507936517053e-05,0.0,83.47071957392343,0.0,2.271738872866703
2021-08-09 00:00:00+00:00,1051898.0146952434,7.936507936511178e-05,0.0,83.47734423420708,0.0,2.2609917635458796
2021-08-10 00:00:00+00:00,1051981.4986646636,7.936507936501967e-05,0.0,83.48396942025741,0.0,2.268054730720536
2021-08-11 00:00:00+00:00,1052064.9892597958,7.936507936507588e-05,0.0,83.49059513211616,0.0,2.274767332139566
2021-08-12 00:00:00+00:00,1052148.4864811655,7.93650793650194e-05,0.0,83.49722136982506,0.0,2.2830445021274115
2021-08-13 00:00:00+00:00,1052231.990329299,7.936507936503188e-05,0.0,83.50384813342583,0.0,2.282032658168087
2021-08-16 00:00:00+00:00,1052315.5008047218,7.936507936507362e-05,0.0,83.51047542296023,0.0,2.280896969370608
2021-08-17 00:00:00+00:00,1052399.0179079603,7.936507936510497e-05,0.0,83.51710323846999,0.0,2.282893580411842
2021-08-18 00:00:00+00:00,1052482.5416395403,7.936507936508625e-05,0.0,83.52373157999685,0.0,2.2592089539413447
2021-08-19 00:00:00+00:00,1052566.0719999878,7.936507936497782e-05,0.0,83.53036044758257,0.0,2.247118616628932
2021-08-20 00:00:00+00:00,1052649.6089898292,7.936507936518243e-05,0.0,83.53698984126888,0.0,2.2499914628889073
2021-08-23 00:00:00+00:00,1052733.1526095902,7.936507936499679e-05,0.0,83.54361976109756,0.0,2.2516139446292875
2021-08-24 00:00:00+00:00,1052816.7028597973,7.936507936504483e-05,0.0,83.55025020711034,0.0,2.2544070251988297
2021-08-25 00:00:00+00:00,1052900.2597409766,7.936507936506569e-05,0.0,83.55688117934899,0.0,2.2607117263660386
2021-08-26 00:00:00+00:00,1052983.8232536544,7.93650793650197e-05,0.0,83.56351267785529,0.0,2.2564349939133908
2021-08-27 00:00:00+00:00,1053067.393398357,7.936507936508831e-05,0.0,83.57014470267099,0.0,2.259476843293895
2021-08-30 00:00:00+00:00,1053150.9701756109,7.936507936501075e-05,0.0,83.57677725383786,0.0,2.2638240723054603
2021-08-31 00:00:00+00:00,1053234.5535859424,7.936507936518956e-05,0.0,83.58341033139769,0.0,2.2529575847982604
2021-09-01 00:00:00+00:00,1053318.1436298778,7.936507936514285e-05,0.0,83.59004393539225,0.0,2.2502990046649303
2021-09-02 00:00:00+00:00,1053401.7403079437,7.936507936505207e-05,0.0,83.59667806586332,0.0,2.2568160248526725
2021-09-03 00:00:00+00:00,1053485.3436206665,7.936507936509861e-05,0.0,83.60331272285268,0.0,2.2572003962721165
2021-09-07 00:00:00+00:00,1053568.9535685729,7.936507936502174e-05,0.0,83.60994790640211,0.0,2.2558523487409414
2021-09-08 00:00:00+00:00,1053652.5701521893,7.936507936500285e-05,0.0,83.6165836165534,0.0,2.2513087998822363
2021-09-09 00:00:00+00:00,1053736.1933720426,7.936507936500221e-05,0.0,83.62321985334836,0.0,2.2490431347871924
2021-09-10 00:00:00+00:00,1053819.8232286593,7.93650793649802e-05,0.0,83.62985661682877,0.0,2.2535795974083204
2021-09-13 00:00:00+00:00,1053903.4597225664,7.936507936511807e-05,0.0,83.63649390703645,0.0,2.2562022380863183
2021-09-14 00:00:00+00:00,1053987.1028542905,7.936507936515518e-05,0.0,83.6431317240132,0.0,2.246616301006696
2021-09-15 00:00:00+00:00,1054070.7526243583,7.936507936505191e-05,0.0,83.64977006780083,0.0,2.2499370357513335
2021-09-16 00:00:00+00:00,1054154.4090332966,7.936507936498953e-05,0.0,83.65640893844113,0.0,2.2458156589399665
2021-09-17 00:00:00+00:00,1054238.0720816327,7.93650793651492e-05,0.0,83.66304833597593,0.0,2.244872754967567
2021-09-20 00:00:00+00:00,1054321.741769893,7.936507936504951e-05,0.0,83.66968826044703,0.0,2.23751754172087
2021-09-21 00:00:00+00:00,1054024.941519619,-0.00028150823274865767,0.25,62.757246533922206,0.0,2.24365188142249
2021-09-22 00:00:00+00:00,1055753.4331691545,0.001639896345378191,0.25007039687548716,62.73369095850363,8.599098001327441,2.2535925334387668
2021-09-23 00:00:00+00:00,1057149.4664803678,0.001322309989580391,0.24966097874885337,62.87087283545089,8.801316688775408,2.2614166205401594
2021-09-24 00:00:00+00:00,1056975.950648537,-0.00016413557148981797,0.2493312854993227,62.98166912999163,8.810215302447885,2.260147683889994
2021-09-27 00:00:00+00:00,1058441.8228492932,0.0013868548284915161,0.24937221635056708,62.967898032227275,9.017457407948159,2.2683171433118474
2021-09-28 00:00:00+00:00,1058218.6287616782,-0.00021087043500810665,0.0,84.00331927375343,8.970806145268716,2.263944457699574
2021-09-29 00:00:00+00:00,1058302.6143671356,7.936507936513222e-05,0.0,83.98560545727605,0.0,2.265395153211672
2021-09-30 00:00:00+00:00,1058386.606638117,7.936507936499298e-05,0.0,83.9922709815187,0.0,2.2571066704530014
2021-10-01 00:00:00+00:00,1058470.6055751517,7.936507936505616e-05,0.0,83.99893703477119,0.0,2.258257168794337
2021-10-04 00:00:00+00:00,1058554.6111787688,7.936507936506204e-05,0.0,84.00560361707554,0.0,2.255845709012925
2021-10-05 00:00:00+00:00,1058638.6234494972,7.9365079364971e-05,0.0,84.01227072847371,0.0,2.265802313955325
2021-10-06 00:00:00+00:00,1058722.6423878663,7.936507936518325e-05,0.0,84.01893836900771,0.0,2.2709546451424028
2021-10-07 00:00:00+00:00,1058806.667994405,7.936507936499927e-05,0.0,84.02560653871954,0.0,2.274729415329943
2021-10-08 00:00:00+00:00,1057305.473736534,-0.001417817155151263,0.25,63.02420642823838,0.0,2.2820579413126927
2021-10-11 00:00:00+00:00,1057945.1426724724,0.0006049991717889301,0.2503549575536968,62.90506402682006,-0.6015067274597758,2.2786750285863127
2021-10-12 00:00:00+00:00,1057226.6453845997,-0.0006791441813870603,0.25020358459223985,62.95583140268818,-0.6682799622193081,2.28333590907145
2021-10-13 00:00:00+00:00,1056329.588491464,-0.0008485000799514667,0.25037362438241195,62.89880780841258,-0.7069221648580823,2.2889770600501476
2021-10-14 00:00:00+00:00,1056059.160095497,-0.0002560075935704839,0.25058624683288444,62.82761281689387,-0.6779635886142807,2.290815258607977
2021-10-15 00:00:00+00:00,1055956.7837277364,-9.694188699744027e-05,0.2506504152425181,62.80615024578539,-0.6596349417444201,2.2917303762274406
2021-10-18 00:00:00+00:00,1055924.0906841017,-3.0960588670445596e-05,0.25067471612252157,62.79802513723295,-0.6691467480152895,2.292293156504527
2021-10-19 00:00:00+00:00,1054012.2489775992,-0.0018105863133247191,0.2506824773995912,62.79543045123019,-0.7182885186896173,2.3034856032412336
2021-10-20 00:00:00+00:00,1052356.9911912794,-0.001570435057017068,0.2511371829457998,62.64369698246016,-0.7945315840157405,2.3131266632651104
2021-10-21 00:00:00+00:00,1052641.0575915736,0.00026993349469045286,0.25153219792739356,62.512327316879215,-0.838115846427846,2.312141907458126
2021-10-22 00:00:00+00:00,1052014.7856551271,-0.0005949529822438513,0.25146431928489904,62.53487226928351,-0.8547800196819433,2.315934625981767
2021-10-25 00:00:00+00:00,1052303.5938398305,0.00027452863651863523,0.2516140177951606,62.48516814734332,-0.7753079952408632,2.3143662757339953
2021-10-26 00:00:00+00:00,1054611.14536917,0.0021928572161569026,0.2515449614998569,62.508089431843594,-0.6042280608164223,2.3018025005764233
2021-10-27 00:00:00+00:00,1054936.970184601,0.00030895256214730714,0.2509945662540306,62.69122844210863,-0.6647090630503631,2.3003572775560346
2021-10-28 00:00:00+00:00,1053553.1316346969,-0.0013117736784425188,0.25091704479015625,62.71708755444441,-0.717530589461328,2.308451282233064
2021-10-29 00:00:00+00:00,1051687.5016984001,-0.00177079814987784,0.25124662349765803,62.60725909810282,-0.8212793361310868,2.319196354266566
2021-11-01 00:00:00+00:00,1053853.9069529772,0.0020599324904769373,0.25169231979188394,62.45919323014277,-0.6538813745560639,2.307407132984191
2021-11-02 00:00:00+00:00,1053728.7716823374,-0.0001187406241170503,0.251174916420756,62.631130155109204,-0.7130210724888741,2.308519628523296
2021-11-03 00:00:00+00:00,1053640.8736973773,-8.341613831022413e-05,0.2512047446289144,62.62119878442351,-0.7513472740699123,2.309444302603967
2021-11-04 00:00:00+00:00,1053315.6152043075,-0.00030869957799607126,0.25122570090672836,62.61422275387111,-0.7497595836058029,2.311553148423704
2021-11-05 00:00:00+00:00,1052754.8568545703,-0.000532374476977999,0.2513032781226338,62.58840858775446,-0.7551104642965392,2.3149411345059216
2021-11-08 00:00:00+00:00,1052328.7308582987,-0.0004047722919510405,0.0,83.55197276623574,-0.6991925572217905,2.3122905084690326
2021-11-09 00:00:00+00:00,1052412.2490115415,7.936507936512188e-05,0.0,83.51815324272212,0.0,2.3153919439809214
2021-11-10 00:00:00+00:00,1052495.773793209,7.936507936512188e-05,0.0,83.52478166758266,0.0,2.316985999653943
2021-11-11 00:00:00+00:00,1052579.3052038276,7.936507936502587e-05,0.0,83.53141061850866,0.0,2.319228333683775
2021-11-12 00:00:00+00:00,1052662.843243923,7.936507936501542e-05,0.0,83.53804009554187,0.0,2.324809346975981
2021-11-15 00:00:00+00:00,1049135.016419308,-0.0033513359450814614,0.25,62.65850257404304,0.0,2.346556505882804
2021-11-16 00:00:00+00:00,1050480.4837473587,0.0012824539329958807,0.25084065129115973,62.378516318121214,-0.6313859736884033,2.3390014806941384
2021-11-17 00:00:00+00:00,1052295.0095771702,0.0017273294058150015,0.2505193717375832,62.48529943939507,-0.579734687536029,2.328660352092919
2021-11-18 00:00:00+00:00,1052801.9842082136,0.0004817799442450029,0.2500873884375116,62.629309425888046,-0.5929498906672832,2.3260069951514213
2021-11-19 00:00:00+00:00,1052155.7081754585,-0.0006138628559303102,0.24996695936976335,62.6695455077169,-0.7487367865409995,2.33065956021819
2021-11-22 00:00:00+00:00,1050338.8337077948,-0.0017268113963990546,0.25012049905363914,62.618253759085526,-0.8054239400330789,2.3418996617408876
2021-11-23 00:00:00+00:00,1049132.6712883478,-0.0011483555408392453,0.2505531571007244,62.47405737276302,-0.8110362250397021,2.3491352767318525
2021-11-24 00:00:00+00:00,1048833.4751791963,-0.0002851842453672243,0.2508412119963913,62.37833019661643,-0.7978489340555066,2.351096284200006
2021-11-26 00:00:00+00:00,1048905.829559745,6.898557517563679e-05,0.25091276836489046,62.354584473667906,-0.9234020177929401,2.3519749818599935
2021-11-29 00:00:00+00:00,1049642.4603187093,0.000702284931787831,0.2508954601972598,62.36032688482256,-0.8457387908977949,2.3475603176235427
2021-11-30 00:00:00+00:00,1049259.7737877064,-0.0003645875100047579,0.25071938375194364,62.41878964347052,-0.9360591946691474,2.3508385687469495
2021-12-01 00:00:00+00:00,1050683.0631877014,0.0013564699948965858,0.25081082624656714,62.388417696565526,-0.872662095072213,2.342601940942574
2021-12-02 00:00:00+00:00,1048657.1932548685,-0.0019281456071886629,0.25047106975585365,62.5013771727556,-0.9130697697409562,2.354654652551199
2021-12-03 00:00:00+00:00,1049048.260471175,0.00037292188412177624,0.2509549474353534,62.340593844752995,-0.9216489629542075,2.3529223953354155
2021-12-06 00:00:00+00:00,1047933.5913533515,-0.0010625527536005138,0.25086139573100397,62.37163092541224,-0.9502738246684865,2.3596589154154057
2021-12-07 00:00:00+00:00,1046180.8580166704,-0.0016725614591831825,0.251128232726194,62.283165122410374,-1.009644004528987,2.370009490163035
2021-12-08 00:00:00+00:00,1045883.9974683513,-0.00028375643278539923,0.25154896382819053,62.14405930203886,-1.0252445044600116,2.372079112191439
2021-12-09 00:00:00+00:00,1046852.7553756634,0.000926257510065255,0.2516203627247335,62.12049894106114,-0.96677162361454,2.366670042757284
2021-12-10 00:00:00+00:00,1047261.9703078385,0.0003909001815907467,0.2513875131527391,62.19738448926053,-0.9310880223002334,2.3644871319055243
2021-12-13 00:00:00+00:00,1048397.319129573,0.001084111572771707,0.2512892841259425,62.22986186482998,-0.9411320615187602,2.35876541678673
2021-12-14 00:00:00+00:00,1047884.2744792989,-0.0004893608948752836,0.251017153524842,62.319968914173984,-0.9764947814849514,2.3622448218178747
2021-12-15 00:00:00+00:00,1047323.4308817984,-0.00053521520568591,0.0,83.16541860946816,-0.9503668651586881,2.358182133028204
2021-12-16 00:00:00+00:00,1047406.5517890112,7.936507936507865e-05,0.0,83.12090721284115,0.0,2.366512885207905
2021-12-17 00:00:00+00:00,1047489.6792931214,7.936507936506114e-05,0.0,83.12750411023899,0.0,2.3556113699910095
2021-12-20 00:00:00+00:00,1047572.8133946527,7.936507936511315e-05,0.0,83.13410153120012,0.0,2.3622570460317522
2021-12-21 00:00:00+00:00,1047655.9540941285,7.936507936508388e-05,0.0,83.14069947576608,0.0,2.3650710222193885
2021-12-22 00:00:00+00:00,1047739.1013920724,7.93650793650448e-05,0.0,83.14729794397844,0.0,2.3654848304165084
2021-12-23 00:00:00+00:00,1047822.2552890083,7.936507936506738e-05,0.0,83.15389693587876,0.0,2.3674349705468147
2021-12-27 00:00:00+00:00,1047905.4157854598,7.936507936511193e-05,0.0,83.16049645150859,0.0,2.378097051089359
2021-12-28 00:00:00+00:00,1047988.5828819507,7.936507936502766e-05,0.0,83.16709649090951,0.0,2.379189960087126
2021-12-29 00:00:00+00:00,1048071.7565790048,7.936507936510822e-05,0.0,83.17369705412307,0.0,2.3775178790916756
2021-12-30 00:00:00+00:00,1048154.936877146,7.936507936509174e-05,0.0,83.18029814119086,0.0,2.378056810174251
2021-12-31 00:00:00+00:00,1048238.1237768981,7.936507936504963e-05,0.0,83.18689975215445,0.0,2.3739818816607294
2022-01-03 00:00:00+00:00,1048321.3172787852,7.936507936505332e-05,0.0,83.1935018870554,0.0,2.362734307442439
2022-01-04 00:00:00+00:00,1048404.5173833311,7.936507936506312e-05,0.0,83.20010454593533,0.0,2.358912179418639
2022-01-05 00:00:00+00:00,1048487.7240910599,7.936507936503934e-05,0.0,83.2067077288358,0.0,2.359021081875577
2022-01-06 00:00:00+00:00,1048570.9374024956,7.93650793650534e-05,0.0,83.2133114357984,0.0,2.3558716056341167
2022-01-07 00:00:00+00:00,1048654.1573181625,7.936507936506558e-05,0.0,83.21991566686474,0.0,2.362667213683181
2022-01-10 00:00:00+00:00,1048737.3838385846,7.936507936514726e-05,0.0,83.22652042207639,0.0,2.3653891005939025
2022-01-11 00:00:00+00:00,1048820.6169642862,7.936507936514772e-05,0.0,83.23312570147498,0.0,2.3650494178913797
2022-01-12 00:00:00+00:00,1048903.8566957912,7.936507936502735e-05,0.0,83.23973150510209,0.0,2.3628339974802732
2022-01-13 00:00:00+00:00,1048987.1030336241,7.936507936496848e-05,0.0,83.2463378329993,0.0,2.3610882556243014
2022-01-14 00:00:00+00:00,1049070.3559783094,7.936507936515339e-05,0.0,83.25294468520826,0.0,2.3660313058726836
2022-01-18 00:00:00+00:00,1049153.6155303712,7.936507936509845e-05,0.0,83.25955206177059,0.0,2.3617140751179786
2022-01-19 00:00:00+00:00,1049236.8816903338,7.936507936498599e-05,0.0,83.26615996272787,0.0,2.3587106658311328
2022-01-20 00:00:00+00:00,1049320.1544587219,7.936507936499827e-05,0.0,83.27276838812173,0.0,2.3520121258344004
2022-01-21 00:00:00+00:00,1049403.4338360599,7.936507936509559e-05,0.0,83.2793773379938,0.0,2.35096255306609
2022-01-24 00:00:00+00:00,1049486.7198228722,7.936507936501637e-05,0.0,83.2859868123857,0.0,2.3460819161426376
2022-01-25 00:00:00+00:00,1049570.0124196836,7.936507936516475e-05,0.0,83.29259681133907,0.0,2.368675117686387
2022-01-26 00:00:00+00:00,1049653.3116270185,7.936507936505727e-05,0.0,83.29920733489553,0.0,2.3824297523820483
2022-01-27 00:00:00+00:00,1049736.6174454016,7.936507936509801e-05,0.0,83.3058183830967,0.0,2.3900319877551506
2022-01-28 00:00:00+00:00,1049819.9298753575,7.936507936502545e-05,0.0,83.31242995598426,0.0,2.353880856182435
2022-01-31 00:00:00+00:00,1049903.248917411,7.936507936502174e-05,0.0,83.3190420535998,0.0,2.350626591963118
2022-02-01 00:00:00+00:00,1049986.574572087,7.936507936504719e-05,0.0,83.325654675985,0.0,2.3439011740789937
2022-02-02 00:00:00+00:00,1050069.9068399102,7.936507936506214e-05,0.0,83.33226782318151,0.0,2.350955651527577
2022-02-03 00:00:00+00:00,1050153.2457214054,7.93650793650269e-05,0.0,83.33888149523096,0.0,2.3468143309081007
2022-02-04 00:00:00+00:00,1050236.5912170976,7.936507936512356e-05,0.0,83.34549569217504,0.0,2.3473021815402126
2022-02-07 00:00:00+00:00,1050319.9433275117,7.936507936509071e-05,0.0,83.35211041405536,0.0,2.360205782155584
2022-02-08 00:00:00+00:00,1050403.3020531726,7.93650793651104e-05,0.0,83.35872566091362,0.0,2.3583520177267974
2022-02-09 00:00:00+00:00,1050486.6673946055,7.936507936514294e-05,0.0,83.36534143279148,0.0,2.3791535901046834
2022-02-10 00:00:00+00:00,1050570.0393523353,7.936507936514867e-05,0.0,83.3719577297306,0.0,2.3728904180242467
2022-02-11 00:00:00+00:00,1050653.417926887,7.936507936508793e-05,0.0,83.37857455177264,0.0,2.3798897206169833
2022-02-14 00:00:00+00:00,1050736.803118786,7.936507936514268e-05,0.0,83.38519189895929,0.0,2.379385943980696
2022-02-15 00:00:00+00:00,1050820.1949285574,7.936507936505164e-05,0.0,83.39180977133223,0.0,2.362479632300935
2022-02-16 00:00:00+00:00,1050903.5933567262,7.936507936499674e-05,0.0,83.39842816893312,0.0,2.3606133584552254
2022-02-17 00:00:00+00:00,1050986.998403818,7.936507936515987e-05,0.0,83.40504709180367,0.0,2.35360000438752
2022-02-18 00:00:00+00:00,1051070.410070358,7.936507936505821e-05,0.0,83.41166653998556,0.0,2.3601824666070494
2022-02-22 00:00:00+00:00,1051153.8283568716,7.936507936509524e-05,0.0,83.41828651352048,0.0,2.3589455136323565
2022-02-23 00:00:00+00:00,1051237.253263884,7.936507936500973e-05,0.0,83.42490701245013,0.0,2.381206580760262
2022-02-24 00:00:00+00:00,1050093.3625462009,-0.0010881375390108868,0.25,62.573646027612135,0.0,2.3819497203920994
2022-02-25 00:00:00+00:00,1046209.1555807515,-0.003698915833570455,0.25027233071803,62.48286105001825,-0.8773773008330865,2.405274053584723
2022-02-28 00:00:00+00:00,1042299.7186295843,-0.0037367642314285153,0.2512015039383644,62.174590655934956,-1.0461785554128997,2.428186219471219
2022-03-01 00:00:00+00:00,1041943.2104090771,-0.00034204002374280427,0.0,82.72219989123685,-1.3363532545872712,2.4657847296358737
2022-03-02 00:00:00+00:00,1042372.2215868834,0.0004117414207611815,0.25,62.0204291910165,0.0,2.4813525877112066
2022-03-03 00:00:00+00:00,1041025.1898964221,-0.001292275122614682,0.24989710701011555,62.054477697191594,-0.5748741541539422,2.4898807950346247
2022-03-04 00:00:00+00:00,1041882.7270085554,0.0008237429031075282,0.25022046068663006,61.947570420170855,-0.4360252614834834,2.4852809698312486
2022-03-07 00:00:00+00:00,1042446.8993069741,0.0005414930911068598,0.2500145130058676,62.015628921133825,-0.2897128177269852,2.4829567454768173
2022-03-08 00:00:00+00:00,1034389.1244547801,-0.007729674151796962,0.24987920514267156,62.060404500373394,-0.6648235196113204,2.528913326166775
2022-03-09 00:00:00+00:00,1032968.5941460192,-0.0013733036003348235,0.25182573602518266,61.420898559723085,-0.9251215808604631,2.5380406712685972
2022-03-10 00:00:00+00:00,1030901.1119179113,-0.002001495727773898,0.25217204480221334,61.308158059027775,-0.9363263705798159,2.5491815177034884
2022-03-11 00:00:00+00:00,1030401.7083978672,-0.0004844339716687964,0.25267777829597615,61.14407216790809,-0.9840614740343241,2.5524258678423046
2022-03-14 00:00:00+00:00,1031143.5589630089,0.0007199624758922817,0.2528002433218874,61.10443696790459,-1.0689253835770531,2.5498370698583517
2022-03-15 00:00:00+00:00,1035173.270943781,0.003908002863175184,0.2526183675765111,61.163313996884106,-1.029754560080065,2.5287738102665225
2022-03-16 00:00:00+00:00,1035005.3137637059,-0.0001622503060980176,0.2516349773644957,61.483132408056484,-1.0489980922647926,2.5302475937518816
2022-03-17 00:00:00+00:00,1034373.6754396599,-0.0006102754407599556,0.2516758118420045,61.469802473129896,-1.0131339343299888,2.5334682300184848
2022-03-18 00:00:00+00:00,1033897.7307934937,-0.0004601283438152773,0.25182949719940423,61.419672447411955,-1.044456032363231,2.5366674748510714
2022-03-21 00:00:00+00:00,1033831.574720799,-6.398705667331189e-05,0.2519454244302792,61.38189906279558,-0.9240845468760728,2.536111805164816
2022-03-22 00:00:00+00:00,1034493.8591747009,0.0006406115561722782,0.2519615467080479,61.3766485808357,-0.9110089347235975,2.5328237282990704
2022-03-23 00:00:00+00:00,1034113.5575047913,-0.0003676210028090607,0.25180024056409556,61.42921083908187,-0.8903614589306499,2.535018802577699
2022-03-24 00:00:00+00:00,1034039.2386838363,-7.186717591665906e-05,0.2518928416631482,61.399028166866835,-0.8818712014936745,2.5356833934133993
2022-03-25 00:00:00+00:00,1032984.3545586743,-0.0010201586996879618,0.2519109457914047,61.39312984774341,-0.8779966202458702,2.5415420707670537
2022-03-28 00:00:00+00:00,1033059.9990633522,7.322909039632827e-05,0.2521681973717381,61.309408885428965,-0.9621840463547833,2.542110121371438
2022-03-29 00:00:00+00:00,1034798.1409630676,0.0016825178608128638,0.2521497326761706,61.31541241754626,-0.8897029850569451,2.532696639470633
2022-03-30 00:00:00+00:00,1035643.1956465595,0.0008166372261795364,0.25172619885056996,61.45336018736496,-0.8050756944632955,2.527956163785103
2022-03-31 00:00:00+00:00,1037152.4764399705,0.001457336657794406,0.2515207976040881,61.52042801938811,-0.7719981070513087,2.519868095104922
2022-04-01 00:00:00+00:00,1036309.08955468,-0.0008131754052069838,0.25115478053563317,61.64021220934138,-0.8023741355211815,2.3651650900136687
2022-04-04 00:00:00+00:00,1035608.9364272748,-0.0006756219109359335,0.0,82.24675313926032,-0.8028726586731623,2.3658815988444815
2022-04-05 00:00:00+00:00,1035691.1276127056,7.936507936508313e-05,0.0,82.1911854307361,0.0,2.3631715666523525
2022-04-06 00:00:00+00:00,1035773.3253212463,7.936507936510018e-05,0.0,82.19770854069093,0.0,2.365485854532928
2022-04-07 00:00:00+00:00,1035855.5295534147,7.936507936510932e-05,0.0,82.20423216835287,0.0,2.369199477645358
2022-04-08 00:00:00+00:00,1035937.7403097284,7.936507936507084e-05,0.0,82.21075631376307,0.0,2.3725137780209065
2022-04-11 00:00:00+00:00,1036019.9575907054,7.936507936505752e-05,0.0,82.21728097696257,0.0,2.37068224127258
2022-04-12 00:00:00+00:00,1036102.1813968633,7.936507936502967e-05,0.0,82.22380615799248,0.0,2.3791233911083216
2022-04-13 00:00:00+00:00,1036184.4117287202,7.936507936505997e-05,0.0,82.23033185689391,0.0,2.3822995350865237
2022-04-14 00:00:00+00:00,1036266.6485867939,7.936507936510876e-05,0.0,82.23685807370795,0.0,2.373802174796777
2022-04-18 00:00:00+00:00,1036348.8919716023,7.9365079365024e-05,0.0,82.24338480847571,0.0,2.384953304643496
2022-04-19 00:00:00+00:00,1036431.1418836636,7.93650793651031e-05,0.0,82.24991206123828,0.0,2.3776607421122056
2022-04-20 00:00:00+00:00,1036513.3983234956,7.936507936508167e-05,0.0,82.25643983203679,0.0,2.3790184583714966
2022-04-21 00:00:00+00:00,1036595.6612916165,7.936507936503239e-05,0.0,82.26296812091235,0.0,2.3360450334767044
2022-04-22 00:00:00+00:00,1036677.9307885444,7.936507936502792e-05,0.0,82.26949692790608,0.0,2.329759190642521
2022-04-25 00:00:00+00:00,1036760.2068147974,7.936507936502857e-05,0.0,82.27602625305907,0.0,2.327348836928052
2022-04-26 00:00:00+00:00,1036842.4893708938,7.936507936510697e-05,0.0,82.28255609641249,0.0,2.325242169423443
2022-04-27 00:00:00+00:00,1036924.7784573518,7.936507936511115e-05,0.0,82.28908645800745,0.0,2.304359186826126
2022-04-28 00:00:00+00:00,1037007.0740746898,7.936507936511373e-05,0.0,82.29561733788506,0.0,2.3267605999809664
2022-04-29 00:00:00+00:00,1037089.3762234258,7.936507936507506e-05,0.0,82.3021487360865,0.0,2.3046771345100425
2022-05-02 00:00:00+00:00,1037171.6849040785,7.936507936506771e-05,0.0,82.30868065265284,0.0,2.3137286543470643
2022-05-03 00:00:00+00:00,1037254.0001171661,7.936507936505203e-05,0.0,82.31521308762528,0.0,2.318294998695759
2022-05-04 00:00:00+00:00,1037336.3218632072,7.936507936510059e-05,0.0,82.32174604104493,0.0,2.323471270299526
2022-05-05 00:00:00+00:00,1037418.6501427201,7.936507936506148e-05,0.0,82.32827951295295,0.0,2.3269826135707894
2022-05-06 00:00:00+00:00,1037500.9849562235,7.936507936511947e-05,0.0,82.33481350339048,0.0,2.3437799927626233
2022-05-09 00:00:00+00:00,1037583.326304236,7.936507936512268e-05,0.0,82.3413480123987,0.0,2.3248786501151337
2022-05-10 00:00:00+00:00,1037665.6741872759,7.936507936503146e-05,0.0,82.34788304001873,0.0,2.3279627028658574
2022-05-11 00:00:00+00:00,1037748.0286058622,7.936507936503055e-05,0.0,82.35441858629174,0.0,2.330898359622487
2022-05-12 00:00:00+00:00,1037830.3895605134,7.936507936508025e-05,0.0,82.36095465125891,0.0,2.346958092105622
2022-05-13 00:00:00+00:00,1037912.7570517483,7.93650793650287e-05,0.0,82.36749123496138,0.0,2.346010411548814
2022-05-16 00:00:00+00:00,1037995.1310800858,7.936507936506062e-05,0.0,82.37402833744035,0.0,2.3644650465540407
2022-05-17 00:00:00+00:00,1038077.5116460444,7.936507936502415e-05,0.0,82.38056595873697,0.0,2.3623852711917745
2022-05-18 00:00:00+00:00,1038159.8987501434,7.936507936510394e-05,0.0,82.38710409889242,0.0,2.3345209218763996
2022-05-19 00:00:00+00:00,1038242.2923929013,7.936507936503598e-05,0.0,82.39364275794789,0.0,2.3251431073931723
2022-05-20 00:00:00+00:00,1038324.6925748372,7.936507936511708e-05,0.0,82.40018193594454,0.0,2.3251360786913047
2022-05-23 00:00:00+00:00,1038407.0992964702,7.936507936508328e-05,0.0,82.40672163292359,0.0,2.3342897853170785
2022-05-24 00:00:00+00:00,1038489.5125583191,7.936507936511916e-05,0.0,82.4132618489262,0.0,2.3349245917824426
2022-05-25 00:00:00+00:00,1038571.9323609031,7.936507936507293e-05,0.0,82.41980258399359,0.0,2.3397475130330565
2022-05-26 00:00:00+00:00,1038654.3587047413,7.936507936512913e-05,0.0,82.42634383816691,0.0,2.3492053076753554
2022-05-27 00:00:00+00:00,1038736.7915903528,7.936507936502391e-05,0.0,82.43288561148741,0.0,2.347808405863385
2022-05-31 00:00:00+00:00,1038819.2310182567,7.936507936505387e-05,0.0,82.43942790399625,0.0,2.3396912659180265
2022-06-01 00:00:00+00:00,1038901.6769889725,7.936507936506725e-05,0.0,82.44597071573466,0.0,2.333956521179998
2022-06-02 00:00:00+00:00,1038984.1295030192,7.936507936502436e-05,0.0,82.45251404674384,0.0,2.3342253334438228
2022-06-03 00:00:00+00:00,1039066.5885609163,7.936507936510967e-05,0.0,82.45905789706501,0.0,2.33580138806178
2022-06-06 00:00:00+00:00,1039149.054163183,7.936507936505939e-05,0.0,82.46560226673938,0.0,2.3332148452327863
2022-06-07 00:00:00+00:00,1039231.5263103388,7.936507936505797e-05,0.0,82.47214715580817,0.0,2.3231117934889896
2022-06-08 00:00:00+00:00,1039314.005002903,7.93650793650657e-05,0.0,82.4786925643126,0.0,2.3218432997410194
2022-06-09 00:00:00+00:00,1039396.4902413953,7.936507936504294e-05,0.0,82.48523849229389,0.0,2.3145817078296327
2022-06-10 00:00:00+00:00,1039478.9820263351,7.936507936506202e-05,0.0,82.49178493979328,0.0,2.315160875731934
2022-06-13 00:00:00+00:00,1039561.4803582419,7.936507936508325e-05,0.0,82.49833190685199,0.0,2.297586486010415
2022-06-14 00:00:00+00:00,1039643.9852376354,7.9365079365067e-05,0.0,82.50487939351126,0.0,2.2962259702455556
2022-06-15 00:00:00+00:00,1039726.4966650353,7.936507936508557e-05,0.0,82.51142739981233,0.0,2.286081294057524
2022-06-16 00:00:00+00:00,1039809.0146409611,7.936507936509927e-05,0.0,82.51797592579645,0.0,2.252441013555561
2022-06-17 00:00:00+00:00,1039891.5391659326,7.936507936506847e-05,0.0,82.52452497150485,0.0,2.2419562408760907
2022-06-21 00:00:00+00:00,1039974.0702404695,7.936507936506545e-05,0.0,82.53107453697878,0.0,2.2423624184217186
2022-06-22 00:00:00+00:00,1040056.6078650918,7.936507936505051e-05,0.0,82.53762462225949,0.0,2.2216880190190382
2022-06-23 00:00:00+00:00,1040139.1520403192,7.936507936509597e-05,0.0,82.54417522738824,0.0,2.2085722523214355
2022-06-24 00:00:00+00:00,1040221.7027666715,7.936507936505019e-05,0.0,82.55072635240629,0.0,2.2146710645972396
2022-06-27 00:00:00+00:00,1040304.2600446689,7.936507936509736e-05,0.0,82.55727799735489,0.0,2.218567631455582
2022-06-28 00:00:00+00:00,1040386.8238748312,7.93650793650859e-05,0.0,82.56383016227531,0.0,2.215426391131033
2022-06-29 00:00:00+00:00,1040469.3942576784,7.936507936508804e-05,0.0,82.57038284720882,0.0,2.2200997352487057
2022-06-30 00:00:00+00:00,1040551.9711937306,7.93650793650641e-05,0.0,82.5769360521967,0.0,2.2173550890423073
2022-07-01 00:00:00+00:00,1040634.5546835079,7.936507936508634e-05,0.0,82.5834897772802,0.0,1.9696868281122986
2022-07-05 00:00:00+00:00,1040717.1447275304,7.936507936511506e-05,0.0,82.59004402250062,0.0,1.9648310495037098
2022-07-06 00:00:00+00:00,1040799.7413263184,7.936507936511058e-05,0.0,82.59659878789924,0.0,1.9648768513413404
2022-07-07 00:00:00+00:00,1040882.3444803918,7.936507936503326e-05,0.0,82.60315407351733,0.0,1.9609496336170178
2022-07-08 00:00:00+00:00,1040964.9541902712,7.936507936506713e-05,0.0,82.60970987939618,0.0,1.9568037000869967
2022-07-11 00:00:00+00:00,1041047.5704564768,7.936507936506068e-05,0.0,82.61626620557708,0.0,1.9486646173305098
2022-07-12 00:00:00+00:00,1041130.1932795289,7.936507936508605e-05,0.0,82.62282305210132,0.0,1.9416564383790922
2022-07-13 00:00:00+00:00,1041212.8226599479,7.936507936510358e-05,0.0,82.62938041901023,0.0,1.9325307060860486
2022-07-14 00:00:00+00:00,1041295.4585982542,7.936507936507362e-05,0.0,82.63593830634507,0.0,1.9301412867624572
2022-07-15 00:00:00+00:00,1041378.1010949684,7.936507936506829e-05,0.0,82.64249671414716,0.0,1.9294193765313712
2022-07-18 00:00:00+00:00,1041460.7501506108,7.936507936504794e-05,0.0,82.64905564245781,0.0,1.9338592160160584
2022-07-19 00:00:00+00:00,1041543.4057657021,7.936507936508468e-05,0.0,82.65561509131832,0.0,1.9522767797511023
2022-07-20 00:00:00+00:00,1041626.0679407628,7.936507936502705e-05,0.0,82.66217506077001,0.0,1.9576090720801211
2022-07-21 00:00:00+00:00,1041708.7366763137,7.936507936505895e-05,0.0,82.6687355508542,0.0,1.961567193442919
2022-07-22 00:00:00+00:00,1041791.4119728752,7.936507936502894e-05,0.0,82.6752965616122,0.0,1.957712124186079
2022-07-25 00:00:00+00:00,1041874.0938309684,7.936507936512084e-05,0.0,82.68185809308534,0.0,1.9643896540648553
2022-07-26 00:00:00+00:00,1041956.7822511137,7.936507936507148e-05,0.0,82.68842014531495,0.0,1.956190926384192
2022-07-27 00:00:00+00:00,1042039.477233832,7.93650793650647e-05,0.0,82.69498271834236,0.0,1.9579109752296202
2022-07-28 00:00:00+00:00,1042122.1787796442,7.936507936506084e-05,0.0,82.70154581220889,0.0,1.9572316786061843
2022-07-29 00:00:00+00:00,1042204.8868890712,7.936507936513191e-05,0.0,82.70810942695589,0.0,2.0153044809491663
2022-08-01 00:00:00+00:00,1042287.6015626339,7.936507936512653e-05,0.0,82.7146735626247,0.0,2.012091778061947
2022-08-02 00:00:00+00:00,1042370.3228008532,7.936507936511676e-05,0.0,82.72123821925666,0.0,2.00472888257925
2022-08-03 00:00:00+00:00,1042453.05060425,7.936507936506293e-05,0.0,82.72780339689311,0.0,2.003668402899199
2022-08-04 00:00:00+00:00,1042535.7849733456,7.936507936503705e-05,0.0,82.7343690955754,0.0,2.0045850582451146
2022-08-05 00:00:00+00:00,1042618.525908661,7.936507936511113e-05,0.0,82.74093531534488,0.0,2.0117333453144433
2022-08-08 00:00:00+00:00,1042701.2734107173,7.936507936513382e-05,0.0,82.74750205624294,0.0,2.0070182186107055
2022-08-09 00:00:00+00:00,1042784.0274800356,7.936507936506546e-05,0.0,82.7540693183109,0.0,2.0059408770333116
2022-08-10 00:00:00+00:00,1042866.7881171372,7.936507936508968e-05,0.0,82.76063710159012,0.0,2.001017693311505
2022-08-11 00:00:00+00:00,1042949.5553225433,7.936507936505517e-05,0.0,82.767205406122,0.0,2.017384143815154
2022-08-12 00:00:00+00:00,1043032.3290967752,7.93650793650339e-05,0.0,82.77377423194788,0.0,2.0093787716164218
2022-08-15 00:00:00+00:00,1043115.1094403543,7.936507936509781e-05,0.0,82.78034357910914,0.0,2.004669651254684
2022-08-16 00:00:00+00:00,1043197.896353802,7.936507936509561e-05,0.0,82.78691344764717,0.0,2.0078648012925595
2022-08-17 00:00:00+00:00,1043280.6898376396,7.936507936509926e-05,0.0,82.79348383760333,0.0,2.011963243620457
2022-08-18 00:00:00+00:00,1043363.4898923886,7.936507936506907e-05,0.0,82.80005474901901,0.0,2.0031564705535416
2022-08-19 00:00:00+00:00,1043446.2965185705,7.936507936507697e-05,0.0,82.8066261819356,0.0,1.994273115836954
2022-08-22 00:00:00+00:00,1043529.1097167069,7.936507936508328e-05,0.0,82.81319813639449,0.0,1.9896364082053535
2022-08-23 00:00:00+00:00,1043611.9294873193,7.936507936504834e-05,0.0,82.81977061243705,0.0,1.9972856437461997
2022-08-24 00:00:00+00:00,1043694.7558309294,7.936507936504405e-05,0.0,82.8263436101047,0.0,1.9981033483346984
2022-08-25 00:00:00+00:00,1043777.5887480588,7.936507936503072e-05,0.0,82.83291712943884,0.0,2.0030561304481083
2022-08-26 00:00:00+00:00,1043860.4282392293,7.936507936508025e-05,0.0,82.83949117048085,0.0,2.0029874945243256
2022-08-29 00:00:00+00:00,1043943.2743049625,7.93650793650414e-05,0.0,82.84606573327217,0.0,1.9960339140784282
2022-08-30 00:00:00+00:00,1044026.1269457804,7.936507936509758e-05,0.0,82.85264081785417,0.0,1.9975968738231646
2022-08-31 00:00:00+00:00,1044108.9861622046,7.936507936509758e-05,0.0,82.85921642426828,0.0,1.9864450586185924
2022-09-01 00:00:00+00:00,1044191.8519547572,7.936507936511325e-05,0.0,82.86579255255593,0.0,1.981672238772374
2022-09-02 00:00:00+00:00,1044274.72432396,7.936507936510493e-05,0.0,82.8723692027585,0.0,1.9843863609330255
2022-09-06 00:00:00+00:00,1044357.6032703349,7.936507936503293e-05,0.0,82.87894637491746,0.0,1.9844025665239329
2022-09-07 00:00:00+00:00,1044440.488794404,7.936507936508058e-05,0.0,82.8855240690742,0.0,1.9793044733888174
2022-09-08 00:00:00+00:00,1044523.3808966893,7.936507936509671e-05,0.0,82.89210228527016,0.0,1.9768941643854934
2022-09-09 00:00:00+00:00,1044606.2795777128,7.936507936504166e-05,0.0,82.89868102354677,0.0,1.9919700225718255
2022-09-12 00:00:00+00:00,1044689.1848379967,7.936507936509866e-05,0.0,82.90526028394545,0.0,2.0000534318843664
2022-09-13 00:00:00+00:00,1044772.0966780633,7.93650793651166e-05,0.0,82.91184006650768,0.0,1.9974871278700514
2022-09-14 00:00:00+00:00,1044855.0150984345,7.936507936505581e-05,0.0,82.91842037127486,0.0,2.0059134927008317
2022-09-15 00:00:00+00:00,1044937.9400996328,7.936507936509948e-05,0.0,82.92500119828846,0.0,2.007139660994115
2022-09-16 00:00:00+00:00,1045020.8716821804,7.936507936509652e-05,0.0,82.93158254758991,0.0,1.990682057463058
2022-09-19 00:00:00+00:00,1045103.8098465997,7.936507936511867e-05,0.0,82.93816441922067,0.0,1.9967344870553139
2022-09-20 00:00:00+00:00,1045186.754593413,7.936507936512624e-05,0.0,82.9447468132222,0.0,1.9979514068196247
2022-09-21 00:00:00+00:00,1045269.7059231426,7.936507936507961e-05,0.0,82.95132972963594,0.0,2.002030720730981
2022-09-22 00:00:00+00:00,1045352.6638363111,7.936507936505046e-05,0.0,82.95791316850338,0.0,2.003127407775451
2022-09-23 00:00:00+00:00,1045435.628333441,7.936507936511051e-05,0.0,82.96449712986596,0.0,1.9741193370762224
2022-09-26 00:00:00+00:00,1045518.5994150548,7.93650793651087e-05,0.0,82.97108161376515,0.0,1.9604787414948692
2022-09-27 00:00:00+00:00,1045601.5770816751,7.936507936511674e-05,0.0,82.97766662024245,0.0,1.949367742014835
2022-09-28 00:00:00+00:00,1045684.5613338244,7.936507936509496e-05,0.0,82.98425214933928,0.0,1.9556923580242267
2022-09-29 00:00:00+00:00,1045767.5521720255,7.936507936511502e-05,0.0,82.99083820109718,0.0,1.9492933270032293
2022-09-30 00:00:00+00:00,1045850.549596801,7.936507936502594e-05,0.0,82.99742477555759,0.0,1.954413676407054
2022-10-03 00:00:00+00:00,1045933.5536086739,7.9365079365122e-05,0.0,83.00401187276199,0.0,1.8829852635412965
2022-10-04 00:00:00+00:00,1046016.5642081666,7.93650793650296e-05,0.0,83.0105994927519,0.0,1.897848662332049
2022-10-05 00:00:00+00:00,1046099.5813958021,7.936507936504298e-05,0.0,83.01718763556877,0.0,1.8772802089335374
2022-10-06 00:00:00+00:00,1046182.6051721034,7.936507936512246e-05,0.0,83.02377630125413,0.0,1.8749754443111022
2022-10-07 00:00:00+00:00,1046265.6355375933,7.936507936511708e-05,0.0,83.03036548984947,0.0,1.8735494470297689
2022-10-10 00:00:00+00:00,1046348.6724927947,7.936507936509846e-05,0.0,83.0369552013963,0.0,1.8658515321126
2022-10-11 00:00:00+00:00,1046431.7160382306,7.936507936502694e-05,0.0,83.04354543593608,0.0,1.8738237537548956
2022-10-12 00:00:00+00:00,1046514.7661744241,7.936507936508538e-05,0.0,83.05013619351037,0.0,1.8750368635358319
2022-10-13 00:00:00+00:00,1046597.8229018983,7.936507936512283e-05,0.0,83.05672747416064,0.0,1.8983309572979654
2022-10-14 00:00:00+00:00,1046680.8862211762,7.936507936509961e-05,0.0,83.06331927792844,0.0,1.8862390369232003
2022-10-17 00:00:00+00:00,1046763.9561327811,7.936507936508733e-05,0.0,83.06991160485526,0.0,1.8849408000315964
2022-10-18 00:00:00+00:00,1046847.032637236,7.93650793650463e-05,0.0,83.07650445498263,0.0,1.8904198748652963
2022-10-19 00:00:00+00:00,1046930.1157350644,7.936507936504806e-05,0.0,83.08309782835207,0.0,1.900520986977543
2022-10-20 00:00:00+00:00,1047013.2054267894,7.936507936505295e-05,0.0,83.08969172500511,0.0,1.9071910318851208
2022-10-21 00:00:00+00:00,1047096.3017129344,7.936507936513249e-05,0.0,83.09628614498328,0.0,1.9174978903895057
2022-10-24 00:00:00+00:00,1047179.4045940227,7.936507936502463e-05,0.0,83.10288108832813,0.0,1.911487664462053
2022-10-25 00:00:00+00:00,1047262.5140705778,7.936507936513443e-05,0.0,83.10947655508116,0.0,1.9324658993534523
2022-10-26 00:00:00+00:00,1047345.6301431231,7.936507936508869e-05,0.0,83.11607254528396,0.0,1.9327393989572812
2022-10-27 00:00:00+00:00,1047428.7528121821,7.93650793650701e-05,0.0,83.12266905897802,0.0,1.938652015866976
2022-10-28 00:00:00+00:00,1047511.8820782782,7.936507936503896e-05,0.0,83.12926609620493,0.0,1.9255487465689476
2022-10-31 00:00:00+00:00,1047595.0179419352,7.936507936506677e-05,0.0,83.13586365700621,0.0,1.9304856416120888
2022-11-01 00:00:00+00:00,1047678.1604036767,7.936507936511386e-05,0.0,83.14246174142343,0.0,1.9315619539533984
2022-11-02 00:00:00+00:00,1047761.3094640261,7.936507936502938e-05,0.0,83.14906034949814,0.0,1.9232311625658816
2022-11-03 00:00:00+00:00,1047844.4651235074,7.93650793651071e-05,0.0,83.15565948127191,0.0,1.9246803334779141
2022-11-04 00:00:00+00:00,1047927.6273826442,7.936507936508506e-05,0.0,83.1622591367863,0.0,1.9342127823222244
2022-11-07 00:00:00+00:00,1048010.7962419603,7.936507936503474e-05,0.0,83.16885931608287,0.0,1.9384663216101945
2022-11-08 00:00:00+00:00,1048093.9717019794,7.936507936502754e-05,0.0,83.1754600192032,0.0,1.9346907621736755
2022-11-09 00:00:00+00:00,1048177.1537632257,7.936507936513489e-05,0.0,83.18206124618884,0.0,1.9240178647538184
2022-11-10 00:00:00+00:00,1048260.3424262227,7.936507936509492e-05,0.0,83.1886629970814,0.0,1.9365313665753945
2022-11-11 00:00:00+00:00,1048343.5376914947,7.936507936509015e-05,0.0,83.19526527192244,0.0,1.94037802008059
2022-11-14 00:00:00+00:00,1048426.7395595654,7.93650793650809e-05,0.0,83.20186807075355,0.0,1.9454475198354761
2022-11-15 00:00:00+00:00,1048509.948030959,7.93650793650275e-05,0.0,83.2084713936163,0.0,1.9491798876067268
2022-11-16 00:00:00+00:00,1048593.1631061996,7.936507936511235e-05,0.0,83.2150752405523,0.0,1.9400347109381868
2022-11-17 00:00:00+00:00,1048676.3847858112,7.936507936507371e-05,0.0,83.22167961160314,0.0,1.9285510454922719
2022-11-18 00:00:00+00:00,1048759.613070318,7.936507936509397e-05,0.0,83.22828450681041,0.0,1.9335608698712523
2022-11-21 00:00:00+00:00,1048842.8479602442,7.936507936502246e-05,0.0,83.23488992621571,0.0,1.932821086796948
2022-11-22 00:00:00+00:00,1048926.089456114,7.93650793650415e-05,0.0,83.24149586986064,0.0,1.9358939491887108
2022-11-23 00:00:00+00:00,1049009.3375584518,7.936507936511143e-05,0.0,83.24810233778682,0.0,1.9310088101199456
2022-11-25 00:00:00+00:00,1049092.5922677817,7.936507936497059e-05,0.0,83.25470933003585,0.0,1.9298602809089367
2022-11-28 00:00:00+00:00,1049175.8535846283,7.936507936502327e-05,0.0,83.26131684664935,0.0,1.9232399522113695
2022-11-29 00:00:00+00:00,1049259.121509516,7.936507936500781e-05,0.0,83.26792488766891,0.0,1.9307185352591234
2022-11-30 00:00:00+00:00,1049342.396042969,7.936507936510647e-05,0.0,83.27453345313619,0.0,1.9411042471257223
2022-12-01 00:00:00+00:00,1049425.6771855121,7.936507936505767e-05,0.0,83.28114254309278,0.0,1.9398812495506816
2022-12-02 00:00:00+00:00,1049508.9649376697,7.936507936504365e-05,0.0,83.28775215758033,0.0,1.9351165770350836
2022-12-05 00:00:00+00:00,1049592.2592999663,7.936507936502475e-05,0.0,83.29436229664046,0.0,1.9296980743574625
2022-12-06 00:00:00+00:00,1049675.5602729267,7.936507936518311e-05,0.0,83.30097296031478,0.0,1.9230534800766828
2022-12-07 00:00:00+00:00,1049758.8678570753,7.936507936503541e-05,0.0,83.30758414864498,0.0,1.928495008571717
2022-12-08 00:00:00+00:00,1049842.1820529369,7.936507936498565e-05,0.0,83.31419586167264,0.0,1.931501137789339
2022-12-09 00:00:00+00:00,1049925.5028610362,7.936507936499413e-05,0.0,83.32080809943943,0.0,1.9033363180248828
2022-12-12 00:00:00+00:00,1050008.8302818981,7.93650793650212e-05,0.0,83.32742086198701,0.0,1.895789173373089
2022-12-13 00:00:00+00:00,1050092.1643160474,7.936507936502715e-05,0.0,83.334034149357,0.0,1.9098320937569966
2022-12-14 00:00:00+00:00,1050175.504964009,7.936507936497234e-05,0.0,83.34064796159107,0.0,1.90938455069469
2022-12-15 00:00:00+00:00,1050258.8522263076,7.936507936503883e-05,0.0,83.34726229873087,0.0,1.9087667344972248
2022-12-16 00:00:00+00:00,1050342.2061034685,7.93650793651869e-05,0.0,83.35387716081806,0.0,1.9036296561998465
2022-12-19 00:00:00+00:00,1050425.5665960165,7.93650793651552e-05,0.0,83.36049254789432,0.0,1.904483875520571
2022-12-20 00:00:00+00:00,1050508.9337044766,7.93650793651258e-05,0.0,83.3671084600013,0.0,1.9083440195405386
2022-12-21 00:00:00+00:00,1050592.3074293737,7.936507936505898e-05,0.0,83.37372489718068,0.0,1.9140955460439066
2022-12-22 00:00:00+00:00,1050675.6877712333,7.936507936513675e-05,0.0,83.3803418594741,0.0,1.9121394801181766
2022-12-23 00:00:00+00:00,1050759.0747305802,7.936507936509776e-05,0.0,83.38695934692328,0.0,1.9246657738922361
2022-12-27 00:00:00+00:00,1050842.4683079398,7.9365079365124e-05,0.0,83.39357735956986,0.0,1.9240057287605539
2022-12-28 00:00:00+00:00,1050925.8685038374,7.936507936517576e-05,0.0,83.40019589745555,0.0,1.9231342060446583
2022-12-29 00:00:00+00:00,1051009.275318798,7.936507936499183e-05,0.0,83.40681496062201,0.0,1.9242294288434056
2022-12-30 00:00:00+00:00,1051092.688753347,7.936507936497569e-05,0.0,83.41343454911095,0.0,1.9269566252068326
2023-01-03 00:00:00+00:00,1051176.10880801,7.936507936508759e-05,0.0,83.42005466296403,0.0,1.7982022063669971
2023-01-04 00:00:00+00:00,1051259.535483312,7.936507936506635e-05,0.0,83.426675302223,0.0,1.7835107290636745
2023-01-05 00:00:00+00:00,1051342.968779779,7.936507936509383e-05,0.0,83.43329646692953,0.0,1.7907985168321612
2023-01-06 00:00:00+00:00,1051426.4086979362,7.936507936513034e-05,0.0,83.43991815712532,0.0,1.7853019502987393
2023-01-09 00:00:00+00:00,1051509.8552383091,7.93650793651362e-05,0.0,83.44654037285208,0.0,1.7909005742901964
2023-01-10 00:00:00+00:00,1051593.3084014233,7.936507936507178e-05,0.0,83.45316311415152,0.0,1.7837622951077408
2023-01-11 00:00:00+00:00,1051676.7681878044,7.936507936511882e-05,0.0,83.45978638106534,0.0,1.771756074513354
2023-01-12 00:00:00+00:00,1051760.234597978,7.936507936501624e-05,0.0,83.46641017363527,0.0,1.7703725092484084
2023-01-13 00:00:00+00:00,1051843.70763247,7.936507936516716e-05,0.0,83.47303449190301,0.0,1.7742531243179762
2023-01-17 00:00:00+00:00,1051927.1872918059,7.936507936508914e-05,0.0,83.47965933591031,0.0,1.7869631449364465
2023-01-18 00:00:00+00:00,1052010.6735765117,7.936507936518524e-05,0.0,83.48628470569888,0.0,1.7884392049515094
2023-01-19 00:00:00+00:00,1052094.1664871129,7.936507936497311e-05,0.0,83.49291060131046,0.0,1.7940038831592586
2023-01-20 00:00:00+00:00,1052177.6660241357,7.93650793650771e-05,0.0,83.49953702278674,0.0,1.7915728808611315
2023-01-23 00:00:00+00:00,1052261.1721881058,7.936507936501485e-05,0.0,83.5061639701695,0.0,1.7939620070334485
2023-01-24 00:00:00+00:00,1052344.6849795494,7.936507936518932e-05,0.0,83.51279144350046,0.0,1.7887345158450718
2023-01-25 00:00:00+00:00,1052428.2043989922,7.936507936511822e-05,0.0,83.51941944282137,0.0,1.8026473028497967
2023-01-26 00:00:00+00:00,1052511.7304469603,7.936507936498324e-05,0.0,83.52604796817398,0.0,1.802970086396937
2023-01-27 00:00:00+00:00,1052595.26312398,7.936507936518713e-05,0.0,83.53267701960003,0.0,1.7723936152320232
2023-01-30 00:00:00+00:00,1052678.802430577,7.936507936502654e-05,0.0,83.53930659714128,0.0,1.752431900166536
2023-01-31 00:00:00+00:00,1052762.348367278,7.936507936512546e-05,0.0,83.54593670083945,0.0,1.7385647477155253
2023-02-01 00:00:00+00:00,1052845.9009346087,7.936507936500182e-05,0.0,83.55256733073635,0.0,1.7303127366807516
2023-02-02 00:00:00+00:00,1052929.4601330955,7.93650793650583e-05,0.0,83.5591984868737,0.0,1.738606372912625
2023-02-03 00:00:00+00:00,1053013.0259632648,7.936507936503407e-05,0.0,83.56583016929329,0.0,1.7362208346424772
2023-02-06 00:00:00+00:00,1053096.5984256428,7.936507936511059e-05,0.0,83.57246237803689,0.0,1.738268814803766
2023-02-07 00:00:00+00:00,1053180.177520756,7.936507936502705e-05,0.0,83.57909511314625,0.0,1.7432331803983487
2023-02-08 00:00:00+00:00,1053263.7632491307,7.936507936518602e-05,0.0,83.58572837466316,0.0,1.7256058515350987
2023-02-09 00:00:00+00:00,1053347.3556112933,7.936507936510563e-05,0.0,83.59236216262941,0.0,1.714428024264918
2023-02-10 00:00:00+00:00,1053430.9546077705,7.936507936518835e-05,0.0,83.59899647708677,0.0,1.7042855729653397
2023-02-13 00:00:00+00:00,1053514.5602390887,7.936507936517347e-05,0.0,83.60563131807703,0.0,1.7081032219318737
2023-02-14 00:00:00+00:00,1053598.1725057743,7.936507936502135e-05,0.0,83.61226668564196,0.0,1.723165456837251
2023-02-15 00:00:00+00:00,1053681.7914083542,7.936507936513431e-05,0.0,83.61890257982336,0.0,1.7073506174859792
2023-02-16 00:00:00+00:00,1053765.4169473548,7.93650793650307e-05,0.0,83.62553900066303,0.0,1.695361239354626
2023-02-17 00:00:00+00:00,1053849.049123303,7.93650793651128e-05,0.0,83.63217594820276,0.0,1.6985020245061708
2023-02-21 00:00:00+00:00,1053932.6879367256,7.936507936511997e-05,0.0,83.63881342248436,0.0,1.6887629913562905
2023-02-22 00:00:00+00:00,1054016.333388149,7.936507936501256e-05,0.0,83.64545142354964,0.0,1.6946536415590736
2023-02-23 00:00:00+00:00,1054099.9854781004,7.936507936497184e-05,0.0,83.6520899514404,0.0,1.6963810757924693
2023-02-24 00:00:00+00:00,1054183.6442071067,7.9365079365179e-05,0.0,83.65872900619844,0.0,1.7012387117270005
2023-02-27 00:00:00+00:00,1054267.3095756946,7.936507936515259e-05,0.0,83.66536858786561,0.0,1.7026388141226536
2023-02-28 00:00:00+00:00,1054350.981584391,7.936507936507382e-05,0.0,83.6720086964837,0.0,1.6952664994354607
2023-03-01 00:00:00+00:00,1054434.6602337232,7.936507936512391e-05,0.0,83.67864933209454,0.0,1.6972922975730431
2023-03-02 00:00:00+00:00,1054518.345524218,7.936507936504234e-05,0.0,83.68529049473995,0.0,1.6948785481572206
2023-03-03 00:00:00+00:00,1054602.0374564023,7.936507936501025e-05,0.0,83.69193218446173,0.0,1.7029714340674191
2023-03-06 00:00:00+00:00,1054685.7360308035,7.9365079364988e-05,0.0,83.69857440130177,0.0,1.7043277661717928
2023-03-07 00:00:00+00:00,1054769.441247949,7.936507936515663e-05,0.0,83.70521714530187,0.0,1.7043593535277775
2023-03-08 00:00:00+00:00,1054853.1531083654,7.936507936503497e-05,0.0,83.71186041650388,0.0,1.7089816262021382
2023-03-09 00:00:00+00:00,1054936.8716125803,7.936507936502488e-05,0.0,83.71850421494963,0.0,1.700321688108478
2023-03-10 00:00:00+00:00,1055020.596761121,7.936507936508667e-05,0.0,83.72514854068098,0.0,1.7015589969998532
2023-03-13 00:00:00+00:00,1055104.3285545148,7.936507936518064e-05,0.0,83.73179339373976,0.0,1.7042836957851693
2023-03-14 00:00:00+00:00,1055188.066993289,7.936507936504645e-05,0.0,83.73843877416785,0.0,1.7127500904662183
2023-03-15 00:00:00+00:00,1055271.812077971,7.936507936508579e-05,0.0,83.74508468200706,0.0,1.708388133325022
2023-03-16 00:00:00+00:00,1055355.5638090882,7.936507936503834e-05,0.0,83.75173111729929,0.0,1.7148433025027914
2023-03-17 00:00:00+00:00,1055439.3221871683,7.936507936508506e-05,0.0,83.75837808008636,0.0,1.7110003887277907
2023-03-20 00:00:00+00:00,1055523.0872127388,7.936507936518625e-05,0.0,83.76502557041019,0.0,1.708101004352494
2023-03-21 00:00:00+00:00,1055606.8588863271,7.936507936508166e-05,0.0,83.77167358831261,0.0,1.7061022426796026
2023-03-22 00:00:00+00:00,1055690.637208461,7.936507936517281e-05,0.0,83.77832213383549,0.0,1.7016306729860666
2023-03-23 00:00:00+00:00,1055774.422179668,7.936507936497887e-05,0.0,83.78497120702072,0.0,1.7009860611274275
2023-03-24 00:00:00+00:00,1055858.213800476,7.936507936512188e-05,0.0,83.79162080791016,0.0,1.7088519077363737
2023-03-27 00:00:00+00:00,1055942.0120714125,7.936507936512101e-05,0.0,83.7982709365457,0.0,1.7047326129554494
2023-03-28 00:00:00+00:00,1056025.8169930056,7.936507936515717e-05,0.0,83.80492159296925,0.0,1.708479995759657
2023-03-29 00:00:00+00:00,1056109.6285657827,7.936507936497017e-05,0.0,83.81157277722266,0.0,1.7028295955810302
2023-03-30 00:00:00+00:00,1056193.4467902721,7.936507936518182e-05,0.0,83.81822448934783,0.0,1.7117125854494128
2023-03-31 00:00:00+00:00,1056277.2716670015,7.936507936509099e-05,0.0,83.82487672938667,0.0,1.7117300980322527
2023-04-03 00:00:00+00:00,1056361.103196499,7.936507936509898e-05,0.0,83.83152949738107,0.0,1.707319823544287
2023-04-04 00:00:00+00:00,1056444.9413792924,7.936507936516606e-05,0.0,83.83818279337294,0.0,1.7061275408049115
2023-04-05 00:00:00+00:00,1056528.7862159098,7.936507936503218e-05,0.0,83.84483661740416,0.0,1.6999576326059218
2023-04-06 00:00:00+00:00,1056612.6377068793,7.936507936509846e-05,0.0,83.85149096951665,0.0,1.6980704862161944
2023-04-10 00:00:00+00:00,1056696.495852729,7.936507936510484e-05,0.0,83.85814584975232,0.0,1.7057189527551015
2023-04-11 00:00:00+00:00,1056780.3606539872,7.936507936501167e-05,0.0,83.86480125815311,0.0,1.7063709291545774
2023-04-12 00:00:00+00:00,1056864.2321111818,7.936507936499964e-05,0.0,83.87145719476088,0.0,1.7083397723460525
2023-04-13 00:00:00+00:00,1056948.1102248414,7.936507936502903e-05,0.0,83.87811365961761,0.0,1.7193512808739548
2023-04-14 00:00:00+00:00,1057031.9949954941,7.936507936506019e-05,0.0,83.88477065276518,0.0,1.7219976410622446
2023-04-17 00:00:00+00:00,1057115.8864236684,7.936507936505344e-05,0.0,83.89142817424556,0.0,1.7197819165450565
2023-04-18 00:00:00+00:00,1057199.7845098926,7.936507936518938e-05,0.0,83.89808622410067,0.0,1.7042021535638119
2023-04-19 00:00:00+00:00,1057283.6892546949,7.936507936498784e-05,0.0,83.90474480237242,0.0,1.7065256642517315
2023-04-20 00:00:00+00:00,1057367.600658604,7.93650793650699e-05,0.0,83.91140390910276,0.0,1.7074053748205626
2023-04-21 00:00:00+00:00,1057451.5187221484,7.936507936517563e-05,0.0,83.91806354433365,0.0,1.7007564442599707
2023-04-24 00:00:00+00:00,1057535.4434458565,7.936507936504513e-05,0.0,83.92472370810701,0.0,1.703174768260845
2023-04-25 00:00:00+00:00,1057619.374830257,7.936507936507918e-05,0.0,83.9313844004648,0.0,1.6975941232825402
2023-04-26 00:00:00+00:00,1057703.3128758783,7.936507936501788e-05,0.0,83.93804562144896,0.0,1.6865988219510806
2023-04-27 00:00:00+00:00,1057787.2575832494,7.936507936504176e-05,0.0,83.94470737110146,0.0,1.6815215354483808
2023-04-28 00:00:00+00:00,1057871.2089528989,7.936507936511109e-05,0.0,83.95136964946424,0.0,1.6833703801447424
2023-05-01 00:00:00+00:00,1057955.1669853556,7.936507936518621e-05,0.0,83.95803245657928,0.0,1.6973411176245419
2023-05-02 00:00:00+00:00,1058039.131681148,7.936507936500739e-05,0.0,83.96469579248854,0.0,1.682866911717317
2023-05-03 00:00:00+00:00,1058123.103040805,7.936507936497513e-05,0.0,83.97135965723396,0.0,1.6735870307630298
2023-05-04 00:00:00+00:00,1058207.081064856,7.936507936504975e-05,0.0,83.97802405085754,0.0,1.6876474286301244
2023-05-05 00:00:00+00:00,1058291.0657538292,7.93650793649715e-05,0.0,83.98468897340126,0.0,1.693881095926478
2023-05-08 00:00:00+00:00,1058375.0571082542,7.93650793651408e-05,0.0,83.99135442490707,0.0,1.688853501613186
2023-05-09 00:00:00+00:00,1058459.0551286596,7.93650793650779e-05,0.0,83.998020405417,0.0,1.6844647798354369
2023-05-10 00:00:00+00:00,1058543.0598155747,7.936507936518318e-05,0.0,84.00468691497298,0.0,1.6804784383716793
2023-05-11 00:00:00+00:00,1058627.0711695282,7.936507936497698e-05,0.0,84.01135395361703,0.0,1.688205698513646
2023-05-12 00:00:00+00:00,1058711.0891910496,7.936507936507957e-05,0.0,84.01802152139112,0.0,1.6902982539785185
2023-05-15 00:00:00+00:00,1058795.1138806678,7.936507936501134e-05,0.0,84.02468961833726,0.0,1.6995604762141805
2023-05-16 00:00:00+00:00,1058879.1452389124,7.93650793651725e-05,0.0,84.03135824449745,0.0,1.6936427539834042
2023-05-17 00:00:00+00:00,1058963.1832663123,7.93650793650835e-05,0.0,84.03802739991369,0.0,1.6913375107431876
2023-05-18 00:00:00+00:00,1059047.227963397,7.936507936514453e-05,0.0,84.04469708462797,0.0,1.6755341408724038
2023-05-19 00:00:00+00:00,1059131.2793306957,7.9365079365096e-05,0.0,84.05136729868231,0.0,1.677115602439573
2023-05-22 00:00:00+00:00,1059215.337368738,7.936507936511811e-05,0.0,84.05803804211871,0.0,1.6737510513976646
2023-05-23 00:00:00+00:00,1059299.402078053,7.93650793651712e-05,0.0,84.0647093149792,0.0,1.688466115399958
2023-05-24 00:00:00+00:00,1059383.4734591702,7.936507936499577e-05,0.0,84.07138111730579,0.0,1.683093845224223
2023-05-25 00:00:00+00:00,1059467.5515126192,7.93650793649918e-05,0.0,84.0780534491405,0.0,1.6751783903548843
2023-05-26 00:00:00+00:00,1059551.6362389298,7.936507936511956e-05,0.0,84.08472631052534,0.0,1.678559592393757
2023-05-30 00:00:00+00:00,1059635.7276386314,7.936507936511962e-05,0.0,84.09139970150237,0.0,1.6807557978873269
2023-05-31 00:00:00+00:00,1059719.8257122536,7.936507936517205e-05,0.0,84.0980736221136,0.0,1.676471197320006
2023-06-01 00:00:00+00:00,1059803.930460326,7.936507936501748e-05,0.0,84.10474807240108,0.0,1.6779202669198385
2023-06-02 00:00:00+00:00,1059888.0418833783,7.936507936505569e-05,0.0,84.11142305240682,0.0,1.6879745434660167
2023-06-05 00:00:00+00:00,1059972.1599819404,7.936507936502727e-05,0.0,84.11809856217288,0.0,1.687970208409014
2023-06-06 00:00:00+00:00,1060056.2847565422,7.936507936511224e-05,0.0,84.12477460174131,0.0,1.682975434397688
2023-06-07 00:00:00+00:00,1060140.4162077133,7.936507936505127e-05,0.0,84.13145117115414,0.0,1.6920164607794108
2023-06-08 00:00:00+00:00,1060224.5543359837,7.936507936502434e-05,0.0,84.13812827045344,0.0,1.6914031722736085
2023-06-09 00:00:00+00:00,1060308.6991418833,7.936507936499179e-05,0.0,84.14480589968124,0.0,1.6962312290729673
2023-06-12 00:00:00+00:00,1060392.8506259422,7.936507936513353e-05,0.0,84.15148405887963,0.0,1.690439773191176
2023-06-13 00:00:00+00:00,1060477.0087886902,7.936507936497071e-05,0.0,84.15816274809065,0.0,1.6993988377010059
2023-06-14 00:00:00+00:00,1060561.1736306576,7.936507936512242e-05,0.0,84.16484196735637,0.0,1.698306868528089
2023-06-15 00:00:00+00:00,1060645.3451523744,7.936507936510982e-05,0.0,84.17152171671886,0.0,1.7033514320051215
2023-06-16 00:00:00+00:00,1060729.5233543706,7.936507936511281e-05,0.0,84.17820199622018,0.0,1.6992277978282728
2023-06-20 00:00:00+00:00,1060813.7082371765,7.936507936509174e-05,0.0,84.18488280590243,0.0,1.6937130224360568
2023-06-21 00:00:00+00:00,1060897.8998013223,7.936507936500691e-05,0.0,84.19156414580766,0.0,1.6931074065545562
2023-06-22 00:00:00+00:00,1060982.0980473382,7.936507936503819e-05,0.0,84.19824601597796,0.0,1.682365124460298
2023-06-23 00:00:00+00:00,1061066.3029757547,7.936507936514584e-05,0.0,84.20492841645542,0.0,1.6806921328802487
2023-06-26 00:00:00+00:00,1061150.514587102,7.936507936507076e-05,0.0,84.21161134728212,0.0,1.6800803676113807
2023-06-27 00:00:00+00:00,1061234.7328819104,7.936507936499275e-05,0.0,84.21829480850016,0.0,1.6823036982430786
2023-06-28 00:00:00+00:00,1061318.9578607106,7.936507936509154e-05,0.0,84.22497880015162,0.0,1.6836348212840155
2023-06-29 00:00:00+00:00,1061403.1895240329,7.936507936510803e-05,0.0,84.23166332227862,0.0,1.6823243262795038
2023-06-30 00:00:00+00:00,1061487.4278724077,7.936507936500258e-05,0.0,84.23834837492325,0.0,1.6853877576738925
2023-07-03 00:00:00+00:00,1061571.672906366,7.936507936517425e-05,0.0,84.24503395812759,0.0,1.7150524784371854
2023-07-05 00:00:00+00:00,1061655.924626438,7.936507936514462e-05,0.0,84.2517200719338,0.0,1.715342532353322
2023-07-06 00:00:00+00:00,1061740.1830331543,7.936507936509343e-05,0.0,84.25840671638396,0.0,1.7170069134144126
2023-07-07 00:00:00+00:00,1061824.4481270458,7.9365079364981e-05,0.0,84.26509389152018,0.0,1.7239649672331687
2023-07-10 00:00:00+00:00,1061908.719908643,7.936507936498695e-05,0.0,84.27178159738459,0.0,1.7206451429546732
2023-07-11 00:00:00+00:00,1061992.998378477,7.93650793650716e-05,0.0,84.27846983401929,0.0,1.7299107147637884
2023-07-12 00:00:00+00:00,1062077.2835370784,7.936507936497601e-05,0.0,84.28515860146643,0.0,1.736449147014802
2023-07-13 00:00:00+00:00,1062161.5753849782,7.9365079365099e-05,0.0,84.29184789976813,0.0,1.736962870213492
2023-07-14 00:00:00+00:00,1062245.8739227073,7.936507936518166e-05,0.0,84.29853772896652,0.0,1.736050977618988
2023-07-17 00:00:00+00:00,1062330.1791507965,7.936507936518432e-05,0.0,84.30522808910375,0.0,1.7320966305748633
2023-07-18 00:00:00+00:00,1062414.4910697767,7.936507936506733e-05,0.0,84.31191898022195,0.0,1.7379653879343566
2023-07-19 00:00:00+00:00,1062498.809680179,7.936507936501023e-05,0.0,84.31861040236323,0.0,1.7365474060795143
2023-07-20 00:00:00+00:00,1062583.1349825345,7.936507936497333e-05,0.0,84.32530235556976,0.0,1.7373320932661924
2023-07-21 00:00:00+00:00,1062667.4669773744,7.936507936513607e-05,0.0,84.33199483988369,0.0,1.7496483722600917
2023-07-24 00:00:00+00:00,1062751.8056652297,7.936507936502053e-05,0.0,84.33868785534717,0.0,1.7573598168614448
2023-07-25 00:00:00+00:00,1062836.1510466316,7.93650793650253e-05,0.0,84.34538140200236,0.0,1.7603290903237716
2023-07-26 00:00:00+00:00,1062920.5031221115,7.936507936511067e-05,0.0,84.3520754798914,0.0,1.7559418613682376
2023-07-27 00:00:00+00:00,1063004.8618922005,7.93650793650179e-05,0.0,84.35877008905648,0.0,1.7394175816673805
2023-07-28 00:00:00+00:00,1063089.2273574302,7.936507936514546e-05,0.0,84.36546522953972,0.0,1.7480562938354152
2023-07-31 00:00:00+00:00,1063173.5995183315,7.936507936501556e-05,0.0,84.37216090138334,0.0,1.7571516166427483
2023-08-01 00:00:00+00:00,1063257.978375436,7.936507936502662e-05,0.0,84.37885710462947,0.0,1.7520832218281153
2023-08-02 00:00:00+00:00,1063342.3639292754,7.936507936513893e-05,0.0,84.38555383932032,0.0,1.745764641205659
2023-08-03 00:00:00+00:00,1063426.756180381,7.936507936509383e-05,0.0,84.39225110549805,0.0,1.7320510272044713
2023-08-04 00:00:00+00:00,1063511.1551292841,7.936507936507064e-05,0.0,84.39894890320484,0.0,1.7292104601156963
2023-08-07 00:00:00+00:00,1063595.5607765166,7.936507936502971e-05,0.0,84.40564723248286,0.0,1.7337975198209636
2023-08-08 00:00:00+00:00,1063679.97312261,7.936507936515027e-05,0.0,84.41234609337432,0.0,1.7278321443457485
2023-08-09 00:00:00+00:00,1063764.392168096,7.936507936517372e-05,0.0,84.41904548592143,0.0,1.7177277689076784
2023-08-10 00:00:00+00:00,1063848.8179135062,7.936507936506042e-05,0.0,84.42574541016636,0.0,1.7195383339109318
2023-08-11 00:00:00+00:00,1063933.2503593722,7.936507936498959e-05,0.0,84.43244586615128,0.0,1.7291156908353025
2023-08-14 00:00:00+00:00,1064017.6895062262,7.936507936514043e-05,0.0,84.43914685391843,0.0,1.7281441878918047
2023-08-15 00:00:00+00:00,1064102.1353545997,7.936507936503554e-05,0.0,84.44584837351002,0.0,1.7237709630451463
2023-08-16 00:00:00+00:00,1064186.5879050246,7.936507936507293e-05,0.0,84.45255042496822,0.0,1.7321416680959474
2023-08-17 00:00:00+00:00,1064271.047158033,7.93650793649941e-05,0.0,84.4592530083353,0.0,1.7256896729709323
2023-08-18 00:00:00+00:00,1064355.5131141564,7.936507936497822e-05,0.0,84.4659561236534,0.0,1.720501181651049
2023-08-21 00:00:00+00:00,1064439.9857739273,7.93650793649856e-05,0.0,84.4726597709648,0.0,1.7263048041952516
2023-08-22 00:00:00+00:00,1064524.4651378775,7.936507936497654e-05,0.0,84.4793639503117,0.0,1.721522840483933
2023-08-23 00:00:00+00:00,1064608.9512065393,7.936507936513012e-05,0.0,84.48606866173631,0.0,1.7301136642152568
2023-08-24 00:00:00+00:00,1064693.4439804447,7.936507936518792e-05,0.0,84.4927739052809,0.0,1.7263489850605218
2023-08-25 00:00:00+00:00,1064777.9434601257,7.936507936511029e-05,0.0,84.49947968098768,0.0,1.7202296634370948
2023-08-28 00:00:00+00:00,1064862.4496461146,7.936507936507629e-05,0.0,84.50618598889886,0.0,1.7222540642986224
2023-08-29 00:00:00+00:00,1064946.9625389436,7.936507936504624e-05,0.0,84.51289282905671,0.0,1.7167303554158195
2023-08-30 00:00:00+00:00,1065031.482139145,7.936507936498046e-05,0.0,84.51960020150347,0.0,1.7105596767998619
2023-08-31 00:00:00+00:00,1065116.0084472513,7.936507936505792e-05,0.0,84.52630810628135,0.0,1.7142393267830616
2023-09-01 00:00:00+00:00,1065200.5414637947,7.93650793650203e-05,0.0,84.53301654343264,0.0,1.7194112187079997
2023-09-05 00:00:00+00:00,1065285.0811893076,7.936507936504658e-05,0.0,84.53972551299958,0.0,1.7328706235961722
2023-09-06 00:00:00+00:00,1065369.6276243227,7.936507936509704e-05,0.0,84.54643501502441,0.0,1.7287205978134979
2023-09-07 00:00:00+00:00,1065454.1807693723,7.936507936513203e-05,0.0,84.55314504954941,0.0,1.7306575572860758
2023-09-08 00:00:00+00:00,1065538.740624989,7.936507936511186e-05,0.0,84.55985561661684,0.0,1.72342738886233
2023-09-11 00:00:00+00:00,1065623.307191705,7.936507936499692e-05,0.0,84.56656671626897,0.0,1.7133740370784603
2023-09-12 00:00:00+00:00,1065707.8804700538,7.936507936518453e-05,0.0,84.57327834854803,0.0,1.708966251128314
2023-09-13 00:00:00+00:00,1065792.4604605671,7.936507936497952e-05,0.0,84.57999051349633,0.0,1.7126893092061022
2023-09-14 00:00:00+00:00,1065877.0471637782,7.936507936499772e-05,0.0,84.58670321115612,0.0,1.707640000454147
2023-09-15 00:00:00+00:00,1065961.6405802197,7.936507936498095e-05,0.0,84.5934164415697,0.0,1.7127747557544062
2023-09-18 00:00:00+00:00,1066046.2407104245,7.936507936510797e-05,0.0,84.60013020477933,0.0,1.7123604259852514
2023-09-19 00:00:00+00:00,1066130.8475549254,7.936507936512067e-05,0.0,84.60684450082734,0.0,1.713552366807504
2023-09-20 00:00:00+00:00,1066215.461114255,7.936507936497943e-05,0.0,84.61355932975599,0.0,1.7150566442998372
2023-09-21 00:00:00+00:00,1066300.0813889466,7.936507936508136e-05,0.0,84.62027469160753,0.0,1.7186063750299776
2023-09-22 00:00:00+00:00,1066384.7083795331,7.936507936516836e-05,0.0,84.62699058642434,0.0,1.7229119132144781
2023-09-25 00:00:00+00:00,1066469.3420865473,7.936507936498246e-05,0.0,84.63370701424866,0.0,1.7284768532456032
2023-09-26 00:00:00+00:00,1066553.9825105225,7.936507936513902e-05,0.0,84.6404239751228,0.0,1.723824816351943
2023-09-27 00:00:00+00:00,1066638.6296519917,7.936507936516166e-05,0.0,84.64714146908908,0.0,1.719526900357169
2023-09-28 00:00:00+00:00,1066723.2835114878,7.936507936501076e-05,0.0,84.65385949618981,0.0,1.7211612555580333
2023-09-29 00:00:00+00:00,1066807.9440895442,7.936507936508324e-05,0.0,84.66057805646729,0.0,1.7200122744275745
2023-10-02 00:00:00+00:00,1066892.6113866942,7.936507936512112e-05,0.0,84.66729714996383,0.0,1.7416863247018615
2023-10-03 00:00:00+00:00,1066977.285403471,7.936507936508475e-05,0.0,84.67401677672177,0.0,1.74188313642287
2023-10-04 00:00:00+00:00,1067061.9661404078,7.93650793651527e-05,0.0,84.6807369367834,0.0,1.7460597812385434
2023-10-05 00:00:00+00:00,1067146.653598038,7.936507936506705e-05,0.0,84.6874576301911,0.0,1.7679833026621194
2023-10-06 00:00:00+00:00,1067231.347776895,7.93650793650064e-05,0.0,84.69417885698715,0.0,1.7704311079559645
2023-10-09 00:00:00+00:00,1067316.0486775122,7.936507936514921e-05,0.0,84.70090061721389,0.0,1.7713779315637272
2023-10-10 00:00:00+00:00,1067400.756300423,7.936507936501948e-05,0.0,84.70762291091367,0.0,1.7772743462536482
2023-10-11 00:00:00+00:00,1067485.4706461611,7.936507936501388e-05,0.0,84.71434573812881,0.0,1.7690168711068543
2023-10-12 00:00:00+00:00,1067570.19171526,7.93650793650927e-05,0.0,84.72106909890168,0.0,1.7673742331715658
2023-10-13 00:00:00+00:00,1067654.9195082532,7.936507936499814e-05,0.0,84.7277929932746,0.0,1.7632218687806351
2023-10-16 00:00:00+00:00,1067739.6540256746,7.936507936512679e-05,0.0,84.73451742128994,0.0,1.7688399821188696
2023-10-17 00:00:00+00:00,1067824.3952680575,7.936507936500275e-05,0.0,84.74124238299005,0.0,1.774273986538189
2023-10-18 00:00:00+00:00,1067909.1432359358,7.936507936502254e-05,0.0,84.74796787841726,0.0,1.7710414642030146
2023-10-19 00:00:00+00:00,1067993.8979298435,7.936507936514644e-05,0.0,84.75469390761396,0.0,1.7711297806905293
2023-10-20 00:00:00+00:00,1068078.6593503142,7.936507936511674e-05,0.0,84.7614204706225,0.0,1.7709618314489002
2023-10-23 00:00:00+00:00,1068163.4274978817,7.936507936511182e-05,0.0,84.76814756748526,0.0,1.7486619803648047
2023-10-24 00:00:00+00:00,1068248.20237308,7.936507936509201e-05,0.0,84.77487519824457,0.0,1.7257284896735943
2023-10-25 00:00:00+00:00,1068332.9839764428,7.936507936501765e-05,0.0,84.78160336294286,0.0,1.7171249531016644
2023-10-26 00:00:00+00:00,1068417.7723085044,7.936507936506702e-05,0.0,84.78833206162244,0.0,1.7207027301759825
2023-10-27 00:00:00+00:00,1068502.5673697987,7.936507936498249e-05,0.0,84.79506129432575,0.0,1.6640692240944577
2023-10-30 00:00:00+00:00,1068587.3691608598,7.936507936516026e-05,0.0,84.80179106109513,0.0,1.6712811451584888
2023-10-31 00:00:00+00:00,1068672.1776822219,7.93650793651248e-05,0.0,84.808521361973,0.0,1.6665575260026184
2023-11-01 00:00:00+00:00,1068756.9929344188,7.93650793650544e-05,0.0,84.81525219700174,0.0,1.6610442313610219
2023-11-02 00:00:00+00:00,1068841.8149179851,7.936507936512722e-05,0.0,84.82198356622372,0.0,1.6706036009313516
2023-11-03 00:00:00+00:00,1068926.6436334548,7.936507936508575e-05,0.0,84.82871546968136,0.0,1.6726777379342335
2023-11-06 00:00:00+00:00,1069011.4790813623,7.936507936510815e-05,0.0,84.83544790741705,0.0,1.6795236276415557
2023-11-07 00:00:00+00:00,1069096.3212622418,7.936507936515474e-05,0.0,84.84218087947319,0.0,1.672722822968487
2023-11-08 00:00:00+00:00,1069181.1701766278,7.936507936518587e-05,0.0,84.8489143858922,0.0,1.6668840827247782
2023-11-09 00:00:00+00:00,1069266.0258250546,7.936507936516186e-05,0.0,84.8556484267165,0.0,1.6644329044073212
2023-11-10 00:00:00+00:00,1069350.8882080566,7.936507936504306e-05,0.0,84.86238300198846,0.0,1.665571204881397
2023-11-13 00:00:00+00:00,1069435.7573261682,7.936507936500756e-05,0.0,84.86911811175052,0.0,1.66560629665566
2023-11-14 00:00:00+00:00,1069520.6331799242,7.93650793650157e-05,0.0,84.8758537560451,0.0,1.6770222969779907
2023-11-15 00:00:00+00:00,1069605.515769859,7.936507936502776e-05,0.0,84.88258993491462,0.0,1.684137390228086
2023-11-16 00:00:00+00:00,1069690.4050965074,7.93650793650041e-05,0.0,84.88932664840151,0.0,1.6675134240547789
2023-11-17 00:00:00+00:00,1069775.301160404,7.93650793651227e-05,0.0,84.8960638965482,0.0,1.6681375051999328
2023-11-20 00:00:00+00:00,1069860.2039620834,7.936507936512624e-05,0.0,84.90280167939714,0.0,1.6703455065890318
2023-11-21 00:00:00+00:00,1069945.1135020803,7.936507936497508e-05,0.0,84.90953999699074,0.0,1.667417094558374
2023-11-22 00:00:00+00:00,1070030.0297809297,7.936507936506481e-05,0.0,84.91627884937145,0.0,1.67270136335169
2023-11-24 00:00:00+00:00,1070114.9527991663,7.93650793651381e-05,0.0,84.92301823658173,0.0,1.6738666439287684
2023-11-27 00:00:00+00:00,1070199.882557325,7.936507936515529e-05,0.0,84.92975815866399,0.0,1.67525733236493
2023-11-28 00:00:00+00:00,1070284.8190559407,7.936507936507674e-05,0.0,84.93649861566072,0.0,1.6817384903005816
2023-11-29 00:00:00+00:00,1070369.7622955483,7.936507936508035e-05,0.0,84.94323960761434,0.0,1.6804524407383288
2023-11-30 00:00:00+00:00,1070454.712276683,7.936507936512642e-05,0.0,84.94998113456732,0.0,1.6746164837525614
2023-12-01 00:00:00+00:00,1070539.6689998796,7.936507936517529e-05,0.0,84.95672319656214,0.0,1.6847523794126285
2023-12-04 00:00:00+00:00,1070624.6324656734,7.936507936518728e-05,0.0,84.96346579364123,0.0,1.6873150985105498
2023-12-05 00:00:00+00:00,1070709.6026745993,7.936507936512273e-05,0.0,84.97020892584709,0.0,1.688117616845004
2023-12-06 00:00:00+00:00,1070794.5796271926,7.936507936515947e-05,0.0,84.97695259322217,0.0,1.6937840776746622
2023-12-07 00:00:00+00:00,1070879.5633239883,7.936507936504036e-05,0.0,84.98369679580894,0.0,1.6985993705182239
2023-12-08 00:00:00+00:00,1070964.553765522,7.936507936516063e-05,0.0,84.99044153364987,0.0,1.7052179008756538
2023-12-11 00:00:00+00:00,1071049.5509523288,7.93650793650457e-05,0.0,84.99718680678747,0.0,1.7029456425569376
2023-12-12 00:00:00+00:00,1071134.554884944,7.936507936509079e-05,0.0,85.00393261526419,0.0,1.7030737899293968
2023-12-13 00:00:00+00:00,1071219.5655639032,7.936507936503879e-05,0.0,85.01067895912254,0.0,1.7112722141471974
2023-12-14 00:00:00+00:00,1071304.5829897416,7.936507936506743e-05,0.0,85.01742583840502,0.0,1.7277680790534427
2023-12-15 00:00:00+00:00,1071389.6071629948,7.9365079365137e-05,0.0,85.02417325315409,0.0,1.7314778226416756
2023-12-18 00:00:00+00:00,1071474.638084198,7.936507936499054e-05,0.0,85.03092120341229,0.0,1.7250424023242221
2023-12-19 00:00:00+00:00,1071559.6757538873,7.936507936502303e-05,0.0,85.03766968922207,0.0,1.729437740199955
2023-12-20 00:00:00+00:00,1071644.7201725978,7.936507936497745e-05,0.0,85.04441871062598,0.0,1.7322487882993234
2023-12-21 00:00:00+00:00,1071729.7713408654,7.936507936503144e-05,0.0,85.0511682676665,0.0,1.7314934119271763
2023-12-22 00:00:00+00:00,1071814.8292592259,7.936507936514531e-05,0.0,85.05791836038614,0.0,1.7329100279605512
2023-12-26 00:00:00+00:00,1071899.8939282147,7.936507936506214e-05,0.0,85.06466898882745,0.0,1.7412816335414645
2023-12-27 00:00:00+00:00,1071984.9653483678,7.936507936517675e-05,0.0,85.07142015303292,0.0,1.738777417444818
2023-12-28 00:00:00+00:00,1072070.0435202208,7.936507936501502e-05,0.0,85.07817185304506,0.0,1.7367154987843554
2023-12-29 00:00:00+00:00,1072155.1284443096,7.936507936497172e-05,0.0,85.0849240889064,0.0,1.7321025269051953
2024-01-02 00:00:00+00:00,1072240.2201211702,7.936507936500717e-05,0.0,85.09167686065949,0.0,1.7583110201185495
2024-01-03 00:00:00+00:00,1072325.3185513385,7.936507936508166e-05,0.0,85.09843016834684,0.0,1.7723881574825184
2024-01-04 00:00:00+00:00,1072410.4237353506,7.936507936515552e-05,0.0,85.105184012011,0.0,1.7673300505413665
2024-01-05 00:00:00+00:00,1072495.5356737422,7.936507936497196e-05,0.0,85.1119383916945,0.0,1.7639751589544383
2024-01-08 00:00:00+00:00,1072580.6543670497,7.93650793651427e-05,0.0,85.11869330743986,0.0,1.7686756449399805
2024-01-09 00:00:00+00:00,1072665.7798158089,7.936507936497672e-05,0.0,85.12544875928965,0.0,1.7524063072114053
2024-01-10 00:00:00+00:00,1072750.9120205562,7.936507936508564e-05,0.0,85.13220474728642,0.0,1.7506688263935741
2024-01-11 00:00:00+00:00,1072836.0509818275,7.936507936499561e-05,0.0,85.13896127147271,0.0,1.7545590304227359
2024-01-12 00:00:00+00:00,1072921.1967001595,7.93650793651011e-05,0.0,85.14571833189108,0.0,1.7598202769463986
2024-01-16 00:00:00+00:00,1073006.349176088,7.936507936514537e-05,0.0,85.15247592858408,0.0,1.7518726315995523
2024-01-17 00:00:00+00:00,1073091.5084101497,7.936507936508876e-05,0.0,85.15923406159429,0.0,1.7530474172580277
2024-01-18 00:00:00+00:00,1073176.6744028807,7.936507936510861e-05,0.0,85.16599273096426,0.0,1.7459836499736316
2024-01-19 00:00:00+00:00,1073261.8471548175,7.936507936516523e-05,0.0,85.17275193673656,0.0,1.7464210541295477
2024-01-22 00:00:00+00:00,1073347.0266664964,7.936507936500202e-05,0.0,85.17951167895377,0.0,1.7500871766861938
2024-01-23 00:00:00+00:00,1073432.212938454,7.936507936501322e-05,0.0,85.18627195765845,0.0,1.7393314258297479
2024-01-24 00:00:00+00:00,1073517.405971227,7.936507936515911e-05,0.0,85.19303277289318,0.0,1.7467906530685982
2024-01-25 00:00:00+00:00,1073602.6057653518,7.936507936518307e-05,0.0,85.19979412470056,0.0,1.753526501070342
2024-01-26 00:00:00+00:00,1073687.8123213649,7.936507936504551e-05,0.0,85.20655601312316,0.0,1.7514555299083399
2024-01-29 00:00:00+00:00,1073773.0256398031,7.93650793651405e-05,0.0,85.21331843820356,0.0,1.750507027492755
2024-01-30 00:00:00+00:00,1073858.245721203,7.936507936499462e-05,0.0,85.22008139998438,0.0,1.7456597772453022
2024-01-31 00:00:00+00:00,1073943.4725661015,7.936507936500195e-05,0.0,85.22684489850818,0.0,1.7401275170759756
2024-02-01 00:00:00+00:00,1074028.7061750353,7.936507936512275e-05,0.0,85.23360893381758,0.0,1.7456689439863466
2024-02-02 00:00:00+00:00,1074113.9465485413,7.936507936510052e-05,0.0,85.24037350595519,0.0,1.7799610000283232
2024-02-05 00:00:00+00:00,1074199.1936871563,7.936507936511245e-05,0.0,85.24713861496359,0.0,1.7829971710203147
2024-02-06 00:00:00+00:00,1074284.4475914172,7.936507936511883e-05,0.0,85.25390426088542,0.0,1.7783520935544024
2024-02-07 00:00:00+00:00,1074369.708261861,7.936507936508e-05,0.0,85.26067044376327,0.0,1.7776592859059703
2024-02-08 00:00:00+00:00,1074454.9756990247,7.936507936517304e-05,0.0,85.26743716363976,0.0,1.7783888811097879
2024-02-09 00:00:00+00:00,1074540.2499034454,7.936507936514152e-05,0.0,85.27420442055752,0.0,1.7735333105358277
2024-02-12 00:00:00+00:00,1074625.53087566,7.936507936516251e-05,0.0,85.28097221455916,0.0,1.7706271019048652
2024-02-13 00:00:00+00:00,1074710.8186162056,7.936507936497967e-05,0.0,85.2877405456873,0.0,1.7726533051528737
2024-02-14 00:00:00+00:00,1074796.1131256195,7.936507936498667e-05,0.0,85.29450941398457,0.0,1.7808328872838874
2024-02-15 00:00:00+00:00,1074881.414404439,7.936507936514381e-05,0.0,85.3012788194936,0.0,1.7831965267294234
2024-02-16 00:00:00+00:00,1074966.7224532012,7.936507936497813e-05,0.0,85.30804876225707,0.0,1.7835966634531655
2024-02-20 00:00:00+00:00,1075052.0372724435,7.936507936509986e-05,0.0,85.31481924231755,0.0,1.7873891002508708
2024-02-21 00:00:00+00:00,1075137.3588627032,7.936507936503608e-05,0.0,85.32159025971774,0.0,1.7809317656946986
2024-02-22 00:00:00+00:00,1075222.6872245178,7.936507936518032e-05,0.0,85.32836181450025,0.0,1.7810485580688824
2024-02-23 00:00:00+00:00,1075308.0223584245,7.936507936505975e-05,0.0,85.33513390670777,0.0,1.783393575697187
2024-02-26 00:00:00+00:00,1075393.3642649609,7.936507936506785e-05,0.0,85.3419065363829,0.0,1.7714731115652294
2024-02-27 00:00:00+00:00,1075478.7129446645,7.936507936516491e-05,0.0,85.34867970356832,0.0,1.7649965623672799
2024-02-28 00:00:00+00:00,1075564.0683980728,7.936507936509472e-05,0.0,85.35545340830672,0.0,1.763827621937481
2024-02-29 00:00:00+00:00,1075649.4306257234,7.936507936503418e-05,0.0,85.3622276506407,0.0,1.7600409189257338
2024-03-01 00:00:00+00:00,1075734.7996281541,7.936507936516006e-05,0.0,85.36900243061297,0.0,1.7574756829745861
2024-03-04 00:00:00+00:00,1075820.1754059023,7.936507936499974e-05,0.0,85.3757777482662,0.0,1.741107826324333
2024-03-05 00:00:00+00:00,1075905.557959506,7.936507936516294e-05,0.0,85.38255360364305,0.0,1.738307334819412
2024-03-06 00:00:00+00:00,1075990.947289503,7.936507936517708e-05,0.0,85.38932999678619,0.0,1.7214493158071873
2024-03-07 00:00:00+00:00,1076076.3433964306,7.936507936500251e-05,0.0,85.39610692773833,0.0,1.7241906347493168
2024-03-08 00:00:00+00:00,1076161.746280827,7.93650793650324e-05,0.0,85.4028843965421,0.0,1.7217495949784283
2024-03-11 00:00:00+00:00,1076247.1559432303,7.936507936501065e-05,0.0,85.40966240324025,0.0,1.7319157302387906
2024-03-12 00:00:00+00:00,1076332.5723841782,7.936507936511395e-05,0.0,85.41644094787542,0.0,1.7329297926912521
2024-03-13 00:00:00+00:00,1076417.9956042087,7.936507936508626e-05,0.0,85.42322003049033,0.0,1.7416371348938724
2024-03-14 00:00:00+00:00,1076503.4256038598,7.936507936510429e-05,0.0,85.42999965112767,0.0,1.7407725090596609
2024-03-15 00:00:00+00:00,1076588.8623836697,7.936507936512834e-05,0.0,85.43677980983014,0.0,1.741656546128374
2024-03-18 00:00:00+00:00,1076674.3059441764,7.936507936511874e-05,0.0,85.44356050664045,0.0,1.73235679886989
2024-03-19 00:00:00+00:00,1076759.756285918,7.936507936503583e-05,0.0,85.4503417416013,0.0,1.7352325156354005
2024-03-20 00:00:00+00:00,1076845.2134094327,7.936507936505623e-05,0.0,85.4571235147554,0.0,1.725311717204184
2024-03-21 00:00:00+00:00,1076930.677315259,7.936507936514022e-05,0.0,85.46390582614545,0.0,1.7207084128970114
2024-03-22 00:00:00+00:00,1077016.1480039346,7.93650793650319e-05,0.0,85.4706886758142,0.0,1.7213220779272138
2024-03-25 00:00:00+00:00,1077101.6254759985,7.936507936512406e-05,0.0,85.47747206380434,0.0,1.7249631019877043
2024-03-26 00:00:00+00:00,1077187.1097319887,7.936507936516079e-05,0.0,85.48425599015862,0.0,1.7216729037612106
2024-03-27 00:00:00+00:00,1077272.6007724437,7.936507936510243e-05,0.0,85.49104045491974,0.0,1.7221442699901814
2024-03-28 00:00:00+00:00,1077358.0985979019,7.936507936512551e-05,0.0,85.49782545813045,0.0,1.7234765867018194
2024-04-01 00:00:00+00:00,1077443.6032089016,7.936507936497418e-05,0.0,85.50461099983349,0.0,1.760274456142497
2024-04-02 00:00:00+00:00,1077529.1146059816,7.936507936504107e-05,0.0,85.51139708007156,0.0,1.7529054775852368
2024-04-03 00:00:00+00:00,1077614.6327896805,7.936507936507033e-05,0.0,85.51818369888743,0.0,1.7571282951112415
2024-04-04 00:00:00+00:00,1077700.1577605368,7.936507936502231e-05,0.0,85.52497085632385,0.0,1.7572746217114776
2024-04-05 00:00:00+00:00,1077785.6895190892,7.936507936507343e-05,0.0,85.53175855242355,0.0,1.7501848942446059
2024-04-08 00:00:00+00:00,1077871.2280658765,7.936507936518399e-05,0.0,85.5385467872293,0.0,1.7550182239396026
2024-04-09 00:00:00+00:00,1077956.7734014373,7.936507936509827e-05,0.0,85.54533556078385,0.0,1.7537114119561505
2024-04-10 00:00:00+00:00,1078042.3255263104,7.93650793649927e-05,0.0,85.55212487312994,0.0,1.752665520363061
2024-04-11 00:00:00+00:00,1078127.8844410346,7.936507936504356e-05,0.0,85.55891472431034,0.0,1.7494350970217947
2024-04-12 00:00:00+00:00,1078213.450146149,7.936507936499519e-05,0.0,85.56570511436783,0.0,1.7381253116017819
2024-04-15 00:00:00+00:00,1078299.0226421922,7.936507936502391e-05,0.0,85.57249604334515,0.0,1.7358102146739154
2024-04-16 00:00:00+00:00,1078384.6019297035,7.936507936509e-05,0.0,85.57928751128509,0.0,1.7280415737768346
2024-04-17 00:00:00+00:00,1078470.1880092218,7.936507936515382e-05,0.0,85.58607951823043,0.0,1.7333330705526415
2024-04-18 00:00:00+00:00,1078555.7808812861,7.936507936517567e-05,0.0,85.59287206422395,0.0,1.7408149413373701
2024-04-19 00:00:00+00:00,1078641.3805464355,7.936507936511593e-05,0.0,85.59966514930842,0.0,1.7467096750380975
2024-04-22 00:00:00+00:00,1078726.987005209,7.936507936515079e-05,0.0,85.60645877352663,0.0,1.7566906278964223
2024-04-23 00:00:00+00:00,1078812.600258146,7.936507936502472e-05,0.0,85.61325293692136,0.0,1.758527950345543
2024-04-24 00:00:00+00:00,1078898.2203057855,7.936507936512975e-05,0.0,85.62004763953539,0.0,1.7636148321577325
2024-04-25 00:00:00+00:00,1078983.8471486669,7.936507936499455e-05,0.0,85.62684288141155,0.0,1.771909113637125
2024-04-26 00:00:00+00:00,1079069.4807873294,7.936507936501109e-05,0.0,85.6336386625926,0.0,1.798180011881401
2024-04-29 00:00:00+00:00,1079155.1212223126,7.936507936513965e-05,0.0,85.64043498312138,0.0,1.7884075470322593
2024-04-30 00:00:00+00:00,1079240.7684541557,7.936507936512478e-05,0.0,85.64723184304069,0.0,1.766376132517542
2024-05-01 00:00:00+00:00,1079326.422483398,7.93650793651426e-05,0.0,85.6540292423933,0.0,1.7710223995482712
2024-05-02 00:00:00+00:00,1079412.0833105794,7.936507936515343e-05,0.0,85.66082718122207,0.0,1.7732042186578405
2024-05-03 00:00:00+00:00,1079497.750936239,7.936507936511761e-05,0.0,85.6676256595698,0.0,1.7722660125498972
2024-05-06 00:00:00+00:00,1079583.4253609164,7.936507936499549e-05,0.0,85.6744246774793,0.0,1.781142650856753
2024-05-07 00:00:00+00:00,1079669.1065851515,7.936507936517876e-05,0.0,85.68122423499337,0.0,1.7873917074451295
2024-05-08 00:00:00+00:00,1079754.7946094836,7.936507936498072e-05,0.0,85.68802433215488,0.0,1.786424467128347
2024-05-09 00:00:00+00:00,1079840.4894344525,7.93650793650087e-05,0.0,85.69482496900663,0.0,1.7898214490227695
2024-05-10 00:00:00+00:00,1079926.191060598,7.936507936500737e-05,0.0,85.70162614559146,0.0,1.7961023080009322
2024-05-13 00:00:00+00:00,1080011.89948846,7.936507936515267e-05,0.0,85.70842786195222,0.0,1.7871024957111228
2024-05-14 00:00:00+00:00,1080097.614718578,7.936507936497371e-05,0.0,85.71523011813174,0.0,1.7826363868299047
2024-05-15 00:00:00+00:00,1080183.3367514922,7.936507936507764e-05,0.0,85.72203291417286,0.0,1.7751499256210361
2024-05-16 00:00:00+00:00,1080269.0655877423,7.936507936499359e-05,0.0,85.72883625011843,0.0,1.766220302504811
2024-05-17 00:00:00+00:00,1080354.8012278683,7.936507936511303e-05,0.0,85.73564012601129,0.0,1.7672617746330879
2024-05-20 00:00:00+00:00,1080440.5436724103,7.936507936518071e-05,0.0,85.74244454189432,0.0,1.7639771281877654
2024-05-21 00:00:00+00:00,1080526.2929219082,7.936507936515698e-05,0.0,85.74924949781034,0.0,1.7600646655472265
2024-05-22 00:00:00+00:00,1080612.048976902,7.93650793650022e-05,0.0,85.75605499380224,0.0,1.7594298170810552
2024-05-23 00:00:00+00:00,1080697.8118379319,7.936507936510768e-05,0.0,85.76286102991286,0.0,1.7679345281830532
2024-05-24 00:00:00+00:00,1080783.581505538,7.936507936500278e-05,0.0,85.76966760618507,0.0,1.772551879155475
2024-05-28 00:00:00+00:00,1080869.3579802606,7.936507936507876e-05,0.0,85.77647472266175,0.0,1.7735205905526858
2024-05-29 00:00:00+00:00,1080955.14126264,7.936507936508046e-05,0.0,85.78328237938577,0.0,1.7658251918853463
2024-05-30 00:00:00+00:00,1081040.9313532165,7.936507936518367e-05,0.0,85.7900905764,0.0,1.7720736634714531
2024-05-31 00:00:00+00:00,1081126.7282525303,7.936507936513328e-05,0.0,85.79689931374735,0.0,1.7780562317373252
2024-06-03 00:00:00+00:00,1081212.5319611218,7.936507936510506e-05,0.0,85.80370859147067,0.0,1.7664385243294412
2024-06-04 00:00:00+00:00,1081298.3424795314,7.936507936505932e-05,0.0,85.81051840961284,0.0,1.7671065323374968
2024-06-05 00:00:00+00:00,1081384.1598082997,7.936507936517174e-05,0.0,85.81732876821678,0.0,1.756738989331872
2024-06-06 00:00:00+00:00,1081469.983947967,7.936507936497196e-05,0.0,85.82413966732537,0.0,1.7573852715839173
2024-06-07 00:00:00+00:00,1081555.814899074,7.936507936506633e-05,0.0,85.8309511069815,0.0,1.7676911651194964
2024-06-10 00:00:00+00:00,1081641.652662161,7.936507936498451e-05,0.0,85.83776308722808,0.0,1.7683668697903334
2024-06-11 00:00:00+00:00,1081727.4972377692,7.936507936511741e-05,0.0,85.84457560810802,0.0,1.7725053312078258
2024-06-12 00:00:00+00:00,1081813.3486264388,7.936507936499482e-05,0.0,85.85138866966422,0.0,1.766364962020314
2024-06-13 00:00:00+00:00,1081899.2068287106,7.93650793650076e-05,0.0,85.85820227193959,0.0,1.76210320764234
2024-06-14 00:00:00+00:00,1081985.0718451256,7.936507936511605e-05,0.0,85.86501641497703,0.0,1.7663165918428616
2024-06-17 00:00:00+00:00,1082070.9436762244,7.936507936506527e-05,0.0,85.8718310988195,0.0,1.7756198765335331
2024-06-18 00:00:00+00:00,1082156.822322548,7.936507936503083e-05,0.0,85.87864632350987,0.0,1.7691598190279971
2024-06-20 00:00:00+00:00,1082242.7077846369,7.936507936497305e-05,0.0,85.8854620890911,0.0,1.7758007823457018
2024-06-21 00:00:00+00:00,1082328.6000630325,7.936507936506741e-05,0.0,85.8922783956061,0.0,1.7733213988597232
2024-06-24 00:00:00+00:00,1082414.4991582755,7.936507936505908e-05,0.0,85.89909524309782,0.0,1.778188299089746
2024-06-25 00:00:00+00:00,1082500.4050709072,7.936507936512353e-05,0.0,85.90591263160917,0.0,1.77209844855363
2024-06-26 00:00:00+00:00,1082586.3178014683,7.936507936500598e-05,0.0,85.91273056118311,0.0,1.7545658802881392
2024-06-27 00:00:00+00:00,1082672.2373505002,7.936507936509697e-05,0.0,85.91954903186256,0.0,1.755156281518632
2024-06-28 00:00:00+00:00,1082758.163718544,7.936507936514169e-05,0.0,85.92636804369049,0.0,1.7548567814207559
2024-07-01 00:00:00+00:00,1082844.0969061407,7.936507936510052e-05,0.0,85.93318759670984,0.0,1.8045320397556295
2024-07-02 00:00:00+00:00,1082930.0369138317,7.936507936514884e-05,0.0,85.94000769096354,0.0,1.8108653289022674
2024-07-03 00:00:00+00:00,1083015.9837421582,7.936507936503193e-05,0.0,85.94682832649458,0.0,1.804765439591085
2024-07-05 00:00:00+00:00,1083101.9373916616,7.936507936514016e-05,0.0,85.95364950334589,0.0,1.7999720445746052
2024-07-08 00:00:00+00:00,1083187.897862883,7.936507936500385e-05,0.0,85.96047122156044,0.0,1.8083715182475975
2024-07-09 00:00:00+00:00,1083273.8651563642,7.936507936501332e-05,0.0,85.9672934811812,0.0,1.8072996862756945
2024-07-10 00:00:00+00:00,1083359.8392726465,7.936507936512887e-05,0.0,85.97411628225112,0.0,1.8144807869561168
2024-07-11 00:00:00+00:00,1083445.8202122713,7.936507936509586e-05,0.0,85.98093962481322,0.0,1.8067103715633661
2024-07-12 00:00:00+00:00,1083531.8079757802,7.936507936508958e-05,0.0,85.98776350891042,0.0,1.8114609770765213
2024-07-15 00:00:00+00:00,1083617.8025637148,7.936507936507037e-05,0.0,85.99458793458574,0.0,1.8121114462389571
2024-07-16 00:00:00+00:00,1083703.8039766166,7.936507936499854e-05,0.0,86.00141290188212,0.0,1.8046756159092934
2024-07-17 00:00:00+00:00,1083789.8122150274,7.93650793650493e-05,0.0,86.00823841084258,0.0,1.8192123429205438
2024-07-18 00:00:00+00:00,1083875.827279489,7.936507936518296e-05,0.0,86.01506446151011,0.0,1.8165362173275734
2024-07-19 00:00:00+00:00,1083961.849170543,7.9365079365145e-05,0.0,86.0218910539277,0.0,1.8139734244657135
2024-07-22 00:00:00+00:00,1084047.8778887312,7.936507936511062e-05,0.0,86.02871818813834,0.0,1.8054070864758782
2024-07-23 00:00:00+00:00,1084133.9134345953,7.936507936504013e-05,0.0,86.03554586418501,0.0,1.7994607458297116
2024-07-24 00:00:00+00:00,1084219.9558086775,7.936507936510865e-05,0.0,86.04237408211074,0.0,1.7944747790097777
2024-07-25 00:00:00+00:00,1084306.0050115194,7.936507936506172e-05,0.0,86.04920284195853,0.0,1.7970842050769393
2024-07-26 00:00:00+00:00,1084392.0610436632,7.936507936507446e-05,0.0,86.05603214377138,0.0,1.8000190976558943
2024-07-29 00:00:00+00:00,1084478.1239056508,7.936507936510716e-05,0.0,86.06286198759231,0.0,1.7992401311086663
2024-07-30 00:00:00+00:00,1084564.1935980243,7.936507936512016e-05,0.0,86.06969237346435,0.0,1.806080537824995
2024-07-31 00:00:00+00:00,1084650.2701213257,7.93650793650738e-05,0.0,86.0765233014305,0.0,1.8145770353772663
2024-08-01 00:00:00+00:00,1084736.3534760973,7.936507936514308e-05,0.0,86.08335477153379,0.0,1.7698108499726999
2024-08-02 00:00:00+00:00,1084822.4436628812,7.936507936507367e-05,0.0,86.09018678381724,0.0,1.7429375859902003
2024-08-05 00:00:00+00:00,1084908.5406822194,7.936507936504058e-05,0.0,86.0970193383239,0.0,1.730632507164179
2024-08-06 00:00:00+00:00,1084994.6445346544,7.936507936500412e-05,0.0,86.10385243509678,0.0,1.7220110068880037
2024-08-07 00:00:00+00:00,1085080.7552207287,7.936507936513921e-05,0.0,86.11068607417893,0.0,1.707144266354471
2024-08-08 00:00:00+00:00,1085166.8727409842,7.9365079364977e-05,0.0,86.11752025561339,0.0,1.708927054477741
2024-08-09 00:00:00+00:00,1085252.9970959637,7.936507936512158e-05,0.0,86.1243549794432,0.0,1.709811475184169
2024-08-12 00:00:00+00:00,1085339.1282862094,7.936507936510411e-05,0.0,86.13119024571141,0.0,1.7057694809577675
2024-08-13 00:00:00+00:00,1085425.266312264,7.936507936509949e-05,0.0,86.13802605446106,0.0,1.706222767415405
2024-08-14 00:00:00+00:00,1085511.4111746696,7.936507936506806e-05,0.0,86.14486240573522,0.0,1.7024552149991572
2024-08-15 00:00:00+00:00,1085597.5628739693,7.936507936518465e-05,0.0,86.15169929957696,0.0,1.7193000215327716
2024-08-16 00:00:00+00:00,1085683.7214107052,7.936507936498061e-05,0.0,86.1585367360293,0.0,1.7254401932418575
2024-08-19 00:00:00+00:00,1085769.8867854204,7.936507936505973e-05,0.0,86.16537471513534,0.0,1.7205760521557885
2024-08-20 00:00:00+00:00,1085856.0589986574,7.936507936516781e-05,0.0,86.17221323693812,0.0,1.729378158225627
2024-08-21 00:00:00+00:00,1085942.2380509588,7.936507936505077e-05,0.0,86.17905230148075,0.0,1.7364829949011429
2024-08-22 00:00:00+00:00,1086028.4239428677,7.936507936509782e-05,0.0,86.18589190880625,0.0,1.7344866249702595
2024-08-23 00:00:00+00:00,1086114.6166749266,7.936507936505486e-05,0.0,86.19273205895774,0.0,1.737422256755572
2024-08-26 00:00:00+00:00,1086200.8162476786,7.936507936509662e-05,0.0,86.1995727519783,0.0,1.729196786159168
2024-08-27 00:00:00+00:00,1086287.0226616666,7.93650793651834e-05,0.0,86.206413987911,0.0,1.7240743808584567
2024-08-28 00:00:00+00:00,1086373.2359174334,7.936507936506118e-05,0.0,86.21325576679894,0.0,1.7269705715975454
2024-08-29 00:00:00+00:00,1086459.4560155221,7.936507936511902e-05,0.0,86.22009808868519,0.0,1.7271026716556008
2024-08-30 00:00:00+00:00,1086545.6829564758,7.936507936510287e-05,0.0,86.22694095361287,0.0,1.730342935286028
2024-09-03 00:00:00+00:00,1086631.9167408373,7.936507936497311e-05,0.0,86.23378436162506,0.0,1.7236101837784452
2024-09-04 00:00:00+00:00,1086718.15736915,7.936507936511863e-05,0.0,86.24062831276487,0.0,1.7130749799272582
2024-09-05 00:00:00+00:00,1086804.4048419571,7.936507936507119e-05,0.0,86.2474728070754,0.0,1.710579328142705
2024-09-06 00:00:00+00:00,1086890.6591598017,7.936507936500541e-05,0.0,86.25431784459977,0.0,1.696671502545545
2024-09-09 00:00:00+00:00,1086976.920323227,7.936507936509584e-05,0.0,86.26116342538108,0.0,1.6932011540692775
2024-09-10 00:00:00+00:00,1087063.1883327765,7.936507936508858e-05,0.0,86.26800954946246,0.0,1.703095348642481
2024-09-11 00:00:00+00:00,1087149.4631889935,7.936507936515817e-05,0.0,86.27485621688703,0.0,1.711589441955895
2024-09-12 00:00:00+00:00,1087235.7448924212,7.936507936505076e-05,0.0,86.28170342769789,0.0,1.7098609405226783
2024-09-13 00:00:00+00:00,1087322.0334436032,7.936507936515503e-05,0.0,86.28855118193819,0.0,1.7203365522670362
2024-09-16 00:00:00+00:00,1087408.3288430828,7.9365079365003e-05,0.0,86.29539947965105,0.0,1.7217978382709176
2024-09-17 00:00:00+00:00,1087494.6310914035,7.936507936498329e-05,0.0,86.30224832087958,0.0,1.7232546986664836
2024-09-18 00:00:00+00:00,1087580.9401891092,7.93650793650562e-05,0.0,86.30909770566694,0.0,1.7231333252456924
2024-09-19 00:00:00+00:00,1087667.2561367434,7.936507936518205e-05,0.0,86.31594763405629,0.0,1.7206986912030584
2024-09-20 00:00:00+00:00,1087753.5789348495,7.93650793651071e-05,0.0,86.32279810609074,0.0,1.7307698415048467
2024-09-23 00:00:00+00:00,1087839.9085839712,7.936507936500576e-05,0.0,86.32964912181345,0.0,1.7277506651703995
2024-09-24 00:00:00+00:00,1087926.2450846524,7.936507936505242e-05,0.0,86.33650068126755,0.0,1.7315738961869536
2024-09-25 00:00:00+00:00,1088012.5884374368,7.936507936499337e-05,0.0,86.34335278449623,0.0,1.7216184737893117
2024-09-26 00:00:00+00:00,1088098.9386428683,7.936507936500296e-05,0.0,86.3502054315426,0.0,1.7197062296996997
2024-09-27 00:00:00+00:00,1088185.2957014907,7.93650793650415e-05,0.0,86.35705862244987,0.0,1.726046890090979
2024-09-30 00:00:00+00:00,1088271.659613848,7.936507936506931e-05,0.0,86.36391235726117,0.0,1.7292790309179642
2024-10-01 00:00:00+00:00,1088358.030380484,7.936507936504674e-05,0.0,86.37076663601968,0.0,1.8163856857029583
2024-10-02 00:00:00+00:00,1088444.4080019428,7.936507936514808e-05,0.0,86.37762145876857,0.0,1.8122598232895712
2024-10-03 00:00:00+00:00,1088530.7924787684,7.936507936511968e-05,0.0,86.38447682555102,0.0,1.8111731851601323
2024-10-04 00:00:00+00:00,1088617.1838115049,7.936507936513584e-05,0.0,86.39133273641019,0.0,1.795004625051357
2024-10-07 00:00:00+00:00,1088703.5820006963,7.936507936515687e-05,0.0,86.39818919138928,0.0,1.7938372652178405
2024-10-08 00:00:00+00:00,1088789.987046887,7.93650793651431e-05,0.0,86.40504619053145,0.0,1.7973650311926264
2024-10-09 00:00:00+00:00,1088876.3989506208,7.936507936505488e-05,0.0,86.41190373387991,0.0,1.802086726622547
2024-10-10 00:00:00+00:00,1088962.8177124423,7.936507936506638e-05,0.0,86.41876182147784,0.0,1.8035599001313285
2024-10-11 00:00:00+00:00,1089049.2433328957,7.936507936513793e-05,0.0,86.42562045336844,0.0,1.808475254954189
2024-10-14 00:00:00+00:00,1089135.6758125252,7.936507936501602e-05,0.0,86.4324796295949,0.0,1.8042604047402127
2024-10-15 00:00:00+00:00,1089222.1151518754,7.936507936508863e-05,0.0,86.43933935020041,0.0,1.8001267073732534
2024-10-16 00:00:00+00:00,1089308.5613514907,7.936507936510226e-05,0.0,86.44619961522821,0.0,1.8044774683091394
2024-10-17 00:00:00+00:00,1089395.0144119153,7.936507936501724e-05,0.0,86.45306042472149,0.0,1.821978171198785
2024-10-18 00:00:00+00:00,1089481.474333694,7.93650793650077e-05,0.0,86.45992177872344,0.0,1.821086224988015
2024-10-21 00:00:00+00:00,1089567.9411173712,7.936507936503392e-05,0.0,86.4667836772773,0.0,1.8225748370881258
2024-10-22 00:00:00+00:00,1089654.4147634916,7.936507936505624e-05,0.0,86.47364612042628,0.0,1.81837676384743
2024-10-23 00:00:00+00:00,1089740.8952725998,7.936507936503501e-05,0.0,86.48050910821362,0.0,1.81936570206814
2024-10-24 00:00:00+00:00,1089827.3826452405,7.936507936514419e-05,0.0,86.48737264068252,0.0,1.8225838696671381
2024-10-25 00:00:00+00:00,1089913.8768819585,7.936507936513047e-05,0.0,86.49423671787623,0.0,1.8261494541647778
2024-10-28 00:00:00+00:00,1090000.3779832984,7.936507936516784e-05,0.0,86.50110133983797,0.0,1.8255515370473123
2024-10-29 00:00:00+00:00,1090086.885949805,7.9365079365003e-05,0.0,86.50796650661098,0.0,1.8226718378497129
2024-10-30 00:00:00+00:00,1090173.400782023,7.936507936502353e-05,0.0,86.51483221823848,0.0,1.8240129703716939
2024-10-31 00:00:00+00:00,1090259.9224804977,7.936507936497614e-05,0.0,86.52169847476374,0.0,1.8261735648123079
2024-11-01 00:00:00+00:00,1090346.451045774,7.936507936503474e-05,0.0,86.52856527622998,0.0,1.8642757313970706
2024-11-04 00:00:00+00:00,1090432.9864783967,7.936507936515962e-05,0.0,86.53543262268047,0.0,1.8498823768707386
2024-11-05 00:00:00+00:00,1090519.5287789109,7.936507936509759e-05,0.0,86.54230051415847,0.0,1.8448290839244192
2024-11-06 00:00:00+00:00,1090606.0779478615,7.936507936502255e-05,0.0,86.54916895070721,0.0,1.8612918742559015
2024-11-07 00:00:00+00:00,1090692.633985794,7.93650793651083e-05,0.0,86.55603793236996,0.0,1.8532008726465081
2024-11-08 00:00:00+00:00,1090779.1968932531,7.936507936510167e-05,0.0,86.56290745918999,0.0,1.8561253328355662
2024-11-11 00:00:00+00:00,1090865.7666707844,7.936507936517648e-05,0.0,86.56977753121056,0.0,1.8558532692476724
2024-11-12 00:00:00+00:00,1090952.343318933,7.936507936507961e-05,0.0,86.57664814847496,0.0,1.8506770816005917
2024-11-13 00:00:00+00:00,1091038.9268382438,7.936507936498484e-05,0.0,86.58351931102642,0.0,1.8650199015728166
2024-11-14 00:00:00+00:00,1091125.5172292627,7.936507936506592e-05,0.0,86.59039101890824,0.0,1.889158328809439
2024-11-15 00:00:00+00:00,1091212.114492535,7.936507936506974e-05,0.0,86.59726327216372,0.0,1.8941488872510401
2024-11-18 00:00:00+00:00,1091298.7186286058,7.936507936517004e-05,0.0,86.6041360708361,0.0,1.8849338355538783
2024-11-19 00:00:00+00:00,1091385.3296380208,7.936507936511377e-05,0.0,86.61100941496872,0.0,1.8852101858290191
2024-11-20 00:00:00+00:00,1091471.9475213254,7.936507936507464e-05,0.0,86.61788330460483,0.0,1.888290141115284
2024-11-21 00:00:00+00:00,1091558.5722790651,7.936507936501298e-05,0.0,86.62475773978774,0.0,1.8799061294941213
2024-11-22 00:00:00+00:00,1091645.2039117857,7.936507936510244e-05,0.0,86.63163272056073,0.0,1.8855581427717913
2024-11-25 00:00:00+00:00,1091731.8424200327,7.936507936509002e-05,0.0,86.63850824696712,0.0,1.8796526680550323
2024-11-26 00:00:00+00:00,1091818.4878043518,7.936507936514934e-05,0.0,86.64538431905021,0.0,1.908312711547734
2024-11-27 00:00:00+00:00,1091905.1400652886,7.936507936502747e-05,0.0,86.65226093685332,0.0,1.9075580107434824
2024-11-29 00:00:00+00:00,1091991.799203389,7.936507936511128e-05,0.0,86.65913810041974,0.0,1.9036067254500413
2024-12-02 00:00:00+00:00,1092078.465219199,7.936507936514782e-05,0.0,86.66601580979278,0.0,1.9068832655646228
2024-12-03 00:00:00+00:00,1092165.138113264,7.936507936509742e-05,0.0,86.6728940650158,0.0,1.9050030084207572
2024-12-04 00:00:00+00:00,1092251.8178861302,7.936507936513364e-05,0.0,86.67977286613207,0.0,1.9026160299867034
2024-12-05 00:00:00+00:00,1092338.5045383433,7.936507936500362e-05,0.0,86.68665221318494,0.0,1.9065497486286938
2024-12-06 00:00:00+00:00,1092425.1980704495,7.936507936509404e-05,0.0,86.69353210621772,0.0,1.8883900013558712
2024-12-09 00:00:00+00:00,1092511.8984829949,7.936507936515205e-05,0.0,86.70041254527378,0.0,1.9034030069688344
2024-12-10 00:00:00+00:00,1092598.6057765253,7.936507936513797e-05,0.0,86.70729353039641,0.0,1.9039856396661872
2024-12-11 00:00:00+00:00,1092685.319951587,7.936507936501217e-05,0.0,86.71417506162899,0.0,1.904036363909198
2024-12-12 00:00:00+00:00,1092772.041008726,7.936507936516118e-05,0.0,86.72105713901483,0.0,1.8927894603744226
2024-12-13 00:00:00+00:00,1092858.7689484886,7.936507936511911e-05,0.0,86.7279397625973,0.0,1.8949521900680946
2024-12-16 00:00:00+00:00,1092945.503771421,7.936507936505943e-05,0.0,86.73482293241973,0.0,1.881375629590702
2024-12-17 00:00:00+00:00,1093032.2454780696,7.936507936515548e-05,0.0,86.74170664852548,0.0,1.874855130113668
2024-12-18 00:00:00+00:00,1093118.9940689807,7.936507936515454e-05,0.0,86.7485909109579,0.0,1.8587458300823498
2024-12-19 00:00:00+00:00,1093205.7495447004,7.936507936501698e-05,0.0,86.75547571976037,0.0,1.8422592417499204
2024-12-20 00:00:00+00:00,1093292.5119057754,7.936507936512914e-05,0.0,86.76236107497623,0.0,1.8509211203493625
2024-12-23 00:00:00+00:00,1093379.281152752,7.936507936502534e-05,0.0,86.76924697664884,0.0,1.849910441978099
2024-12-24 00:00:00+00:00,1093466.0572861768,7.936507936509189e-05,0.0,86.77613342482158,0.0,1.855112982332857
2024-12-26 00:00:00+00:00,1093552.8403065964,7.936507936507613e-05,0.0,86.78302041953785,0.0,1.8553653472118858
2024-12-27 00:00:00+00:00,1093639.6302145573,7.936507936515132e-05,0.0,86.78990796084098,0.0,1.8578293595659927
2024-12-30 00:00:00+00:00,1093726.427010606,7.936507936506489e-05,0.0,86.79679604877438,0.0,1.8533992164093838
2024-12-31 00:00:00+00:00,1093813.2306952893,7.93650793649901e-05,0.0,86.80368468338143,0.0,1.8557942901745896
2025-01-02 00:00:00+00:00,1093900.041269154,7.936507936510013e-05,0.0,86.8105738647055,0.0,1.925270737991065
2025-01-03 00:00:00+00:00,1093986.858732747,7.936507936514242e-05,0.0,86.81746359279,0.0,1.9304518138401447
2025-01-06 00:00:00+00:00,1094073.6830866146,7.936507936507733e-05,0.0,86.82435386767833,0.0,1.9265265260575868
2025-01-07 00:00:00+00:00,1094160.514331304,7.936507936507805e-05,0.0,86.83124468941385,0.0,1.9367739902025027
2025-01-08 00:00:00+00:00,1094247.352467362,7.936507936510487e-05,0.0,86.83813605804,0.0,1.9515409302135893
2025-01-10 00:00:00+00:00,1094334.1974953357,7.936507936511813e-05,0.0,86.84502797360017,0.0,1.9727824681822113
2025-01-13 00:00:00+00:00,1094421.0494157718,7.936507936507815e-05,0.0,86.85192043613776,0.0,1.972862119224664
2025-01-14 00:00:00+00:00,1094507.9082292176,7.936507936515805e-05,0.0,86.85881344569619,0.0,1.9769772106262358
2025-01-15 00:00:00+00:00,1094594.77393622,7.936507936510539e-05,0.0,86.86570700231886,0.0,1.9759863863212472
2025-01-16 00:00:00+00:00,1094681.646537326,7.936507936509324e-05,0.0,86.8726011060492,0.0,1.9837943450704572
2025-01-17 00:00:00+00:00,1094768.526033083,7.936507936508195e-05,0.0,86.87949575693064,0.0,1.9912374854203736
2025-01-21 00:00:00+00:00,1094855.412424038,7.936507936503184e-05,0.0,86.88639095500659,0.0,1.975616725787857
2025-01-22 00:00:00+00:00,1094942.3057107383,7.93650793651159e-05,0.0,86.89328670032047,0.0,1.975420954325569
2025-01-23 00:00:00+00:00,1095029.2058937312,7.936507936508182e-05,0.0,86.90018299291573,0.0,1.969785767169308
2025-01-24 00:00:00+00:00,1095116.112973564,7.936507936510255e-05,0.0,86.9070798328358,0.0,1.9762596695111836
2025-01-27 00:00:00+00:00,1095203.0269507843,7.936507936513844e-05,0.0,86.91397722012414,0.0,1.9763071676859862
2025-01-28 00:00:00+00:00,1095289.9478259392,7.936507936514981e-05,0.0,86.92087515482415,0.0,1.9841400917448655
2025-01-29 00:00:00+00:00,1095376.8755995762,7.9365079365097e-05,0.0,86.9277736369793,0.0,1.9774878025690121
2025-01-30 00:00:00+00:00,1095463.8102722429,7.936507936515291e-05,0.0,86.93467266663303,0.0,1.9750160780350554
2025-01-31 00:00:00+00:00,1095550.7518444867,7.936507936506532e-05,0.0,86.9415722438288,0.0,1.9456611027768482
2025-02-03 00:00:00+00:00,1095637.7003168552,7.936507936500714e-05,0.0,86.94847236861006,0.0,1.945733611816033
2025-02-04 00:00:00+00:00,1095724.6556898963,7.936507936515118e-05,0.0,86.95537304102025,0.0,1.9524636762140988
2025-02-05 00:00:00+00:00,1095811.6179641574,7.936507936503273e-05,0.0,86.96227426110288,0.0,1.95263999780666
2025-02-06 00:00:00+00:00,1095898.5871401862,7.936507936503718e-05,0.0,86.96917602890137,0.0,1.953388977222143
2025-02-07 00:00:00+00:00,1095985.5632185307,7.936507936512479e-05,0.0,86.97607834445922,0.0,1.9546952427095254
2025-02-10 00:00:00+00:00,1096072.5461997385,7.936507936504345e-05,0.0,86.9829812078199,0.0,1.964163310079993
2025-02-11 00:00:00+00:00,1096159.5360843576,7.93650793651784e-05,0.0,86.98988461902687,0.0,1.9696162765662901
2025-02-12 00:00:00+00:00,1096246.5328729358,7.936507936506507e-05,0.0,86.99678857812363,0.0,1.980441769630699
2025-02-13 00:00:00+00:00,1096333.536566021,7.936507936508868e-05,0.0,87.00369308515363,0.0,1.981830941718329
2025-02-14 00:00:00+00:00,1096420.547164161,7.936507936499711e-05,0.0,87.0105981401604,0.0,1.9768025343323044
2025-02-18 00:00:00+00:00,1096507.5646679043,7.936507936517548e-05,0.0,87.01750374318738,0.0,1.9721233834618146
2025-02-19 00:00:00+00:00,1096594.5890777986,7.936507936515935e-05,0.0,87.02440989427812,0.0,1.9768159085092947
2025-02-20 00:00:00+00:00,1096681.6203943922,7.936507936512142e-05,0.0,87.03131659347608,0.0,1.9751084856303511
2025-02-21 00:00:00+00:00,1096768.658618233,7.936507936502206e-05,0.0,87.03822384082477,0.0,1.973059139321244
2025-02-24 00:00:00+00:00,1096855.7037498693,7.93650793650339e-05,0.0,87.0451316363677,0.0,1.9759572297953891
2025-02-25 00:00:00+00:00,1096942.7557898494,7.936507936511722e-05,0.0,87.05203998014835,0.0,1.9746058906443786
2025-02-26 00:00:00+00:00,1097029.8147387216,7.93650793650201e-05,0.0,87.05894887221028,0.0,1.9613280371218842
2025-02-27 00:00:00+00:00,1097116.8805970342,7.936507936512741e-05,0.0,87.06585831259694,0.0,1.9739612748919528
2025-02-28 00:00:00+00:00,1097203.9533653355,7.936507936497496e-05,0.0,87.07276830135193,0.0,1.9807134535769455
2025-03-03 00:00:00+00:00,1097291.033044174,7.936507936515979e-05,0.0,87.07967883851869,0.0,1.9653697188999253
2025-03-04 00:00:00+00:00,1097378.1196340981,7.936507936500556e-05,0.0,87.0865899241408,0.0,1.960869879544933
2025-03-05 00:00:00+00:00,1097465.2131356564,7.936507936510922e-05,0.0,87.09350155826176,0.0,1.9643011708126146
2025-03-06 00:00:00+00:00,1097552.3135493973,7.936507936500672e-05,0.0,87.10041374092512,0.0,1.9653646056630043
2025-03-07 00:00:00+00:00,1097639.4208758695,7.936507936508275e-05,0.0,87.10732647217439,0.0,1.9781520645573352
2025-03-10 00:00:00+00:00,1097726.5351156215,7.936507936508544e-05,0.0,87.11423975205314,0.0,1.972914817531163
2025-03-11 00:00:00+00:00,1097813.656269202,7.936507936497516e-05,0.0,87.12115358060488,0.0,1.9650733165829455
2025-03-12 00:00:00+00:00,1097900.78433716,7.936507936513646e-05,0.0,87.12806795787317,0.0,1.9543245599406989
2025-03-13 00:00:00+00:00,1097987.9193200439,7.936507936510544e-05,0.0,87.13498288390159,0.0,1.9649549777797204
2025-03-14 00:00:00+00:00,1098075.0612184026,7.936507936505454e-05,0.0,87.14189835873364,0.0,1.962953957277664
2025-03-17 00:00:00+00:00,1098162.210032785,7.936507936515615e-05,0.0,87.14881438241291,0.0,1.967224171394617
2025-03-18 00:00:00+00:00,1098249.3657637401,7.936507936515854e-05,0.0,87.15573095498294,0.0,1.9789455114233419
2025-03-19 00:00:00+00:00,1098336.5284118166,7.936507936502205e-05,0.0,87.16264807648732,0.0,1.9900063783162456
2025-03-20 00:00:00+00:00,1098423.6979775636,7.936507936513107e-05,0.0,87.16956574696957,0.0,1.992524994665958
2025-03-21 00:00:00+00:00,1098510.87446153,7.936507936502188e-05,0.0,87.1764839664733,0.0,1.9942604108634705
2025-03-24 00:00:00+00:00,1098598.057864265,7.936507936507881e-05,0.0,87.18340273504207,0.0,1.994322215695545
2025-03-25 00:00:00+00:00,1098685.2481863177,7.93650793650502e-05,0.0,87.19032205271945,0.0,1.9915525425467564
2025-03-26 00:00:00+00:00,1098772.4454282373,7.936507936510833e-05,0.0,87.19724191954903,0.0,1.9987384915623574
2025-03-27 00:00:00+00:00,1098859.6495905728,7.93650793650016e-05,0.0,87.2041623355744,0.0,1.9926829104700965
2025-03-28 00:00:00+00:00,1098946.8606738737,7.936507936511417e-05,0.0,87.2110833008391,0.0,1.9864854168280681
2025-03-31 00:00:00+00:00,1099034.078678689,7.936507936498257e-05,0.0,87.2180048153868,0.0,1.9919049385755776
2025-04-01 00:00:00+00:00,1099121.3036055681,7.936507936499092e-05,0.0,87.22492687926103,0.0,2.0054462819138723
2025-04-02 00:00:00+00:00,1099208.5354550607,7.93650793650995e-05,0.0,87.2318494925054,0.0,1.991345677570353
2025-04-03 00:00:00+00:00,1099295.7742277158,7.93650793650568e-05,0.0,87.23877265516354,0.0,1.967334579638564
2025-04-04 00:00:00+00:00,1099383.019924083,7.936507936503501e-05,0.0,87.24569636727904,0.0,1.9285159773402114
2025-04-07 00:00:00+00:00,1099470.2725447118,7.936507936499443e-05,0.0,87.25262062889547,0.0,1.9198209690084935
2025-04-08 00:00:00+00:00,1099557.532090152,7.93650793651072e-05,0.0,87.2595454400565,0.0,1.8975198612240134
2025-04-09 00:00:00+00:00,1099644.7985609528,7.936507936512184e-05,0.0,87.2664708008057,0.0,1.9451475613597702
2025-04-10 00:00:00+00:00,1099732.0719576639,7.93650793649987e-05,0.0,87.27339671118673,0.0,1.8964952621875
2025-04-11 00:00:00+00:00,1099819.3522808352,7.936507936512162e-05,0.0,87.28032317124317,0.0,1.882729854195409
2025-04-14 00:00:00+00:00,1099906.6395310161,7.936507936502745e-05,0.0,87.28725018101866,0.0,1.8773027611442266
2025-04-15 00:00:00+00:00,1099993.9337087567,7.936507936509995e-05,0.0,87.29417774055683,0.0,1.8743670110279562
2025-04-16 00:00:00+00:00,1100081.2348146066,7.936507936508773e-05,0.0,87.30110584990132,0.0,1.8743296278390464
2025-04-17 00:00:00+00:00,1100168.5428491158,7.936507936516282e-05,0.0,87.30803450909576,0.0,1.8760544406658735
2025-04-21 00:00:00+00:00,1100255.857812834,7.936507936507388e-05,0.0,87.31496371818379,0.0,1.8538312553031027
2025-04-22 00:00:00+00:00,1100343.179706311,7.93650793649929e-05,0.0,87.32189347720904,0.0,1.8655917750919984
2025-04-23 00:00:00+00:00,1100430.5085300973,7.936507936509185e-05,0.0,87.32882378621517,0.0,1.8639981064920073
2025-04-24 00:00:00+00:00,1100517.8442847426,7.936507936511939e-05,0.0,87.33575464524581,0.0,1.8737578083552004
2025-04-25 00:00:00+00:00,1100605.186970797,7.936507936503587e-05,0.0,87.34268605434465,0.0,1.8712639332676186
2025-04-28 00:00:00+00:00,1100692.5365888104,7.936507936501324e-05,0.0,87.34961801355531,0.0,1.8809346379414214
2025-04-29 00:00:00+00:00,1100779.8931393332,7.93650793650118e-05,0.0,87.35655052292145,0.0,1.876784044440614
2025-04-30 00:00:00+00:00,1100867.2566229156,7.936507936499188e-05,0.0,87.36348358248677,0.0,1.8715529680529124
2025-05-01 00:00:00+00:00,1100954.627040108,7.936507936512532e-05,0.0,87.3704171922949,0.0,1.8668676191193825
2025-05-02 00:00:00+00:00,1101042.0043914604,7.936507936516092e-05,0.0,87.37735135238952,0.0,1.8864222375381785
2025-05-05 00:00:00+00:00,1101129.3886775232,7.936507936505904e-05,0.0,87.38428606281433,0.0,1.8811496059190933
2025-05-06 00:00:00+00:00,1101216.7798988468,7.936507936499152e-05,0.0,87.39122132361295,0.0,1.8737329109625311
2025-05-07 00:00:00+00:00,1101304.1780559816,7.936507936513009e-05,0.0,87.3981571348291,0.0,1.875144410660221
2025-05-08 00:00:00+00:00,1101391.583149478,7.936507936501221e-05,0.0,87.40509349650648,0.0,1.875238745017921
2025-05-09 00:00:00+00:00,1101478.9951798867,7.93650793650211e-05,0.0,87.41203040868874,0.0,1.8774725958278453
2025-05-12 00:00:00+00:00,1101566.4141477582,7.936507936511703e-05,0.0,87.41896787141958,0.0,1.8890375422026668
2025-05-13 00:00:00+00:00,1101653.8400536429,7.936507936504895e-05,0.0,87.4259058847427,0.0,1.893200012283478
2025-05-14 00:00:00+00:00,1101741.2728980915,7.93650793649886e-05,0.0,87.43284444870181,0.0,1.893201867264017
2025-05-15 00:00:00+00:00,1101828.7126816548,7.936507936510765e-05,0.0,87.4397835633406,0.0,1.8966065766180864
2025-05-16 00:00:00+00:00,1101916.1594048836,7.936507936515503e-05,0.0,87.44672322870277,0.0,1.898109996314099
2025-05-19 00:00:00+00:00,1102003.6130683285,7.936507936509114e-05,0.0,87.45366344483203,0.0,1.8821535820177955
2025-05-20 00:00:00+00:00,1102091.0736725403,7.93650793650876e-05,0.0,87.46060421177211,0.0,1.8859371265235376
2025-05-21 00:00:00+00:00,1102178.5412180698,7.936507936510474e-05,0.0,87.46754552956669,0.0,1.8797209609622052
2025-05-22 00:00:00+00:00,1102266.0157054681,7.936507936510287e-05,0.0,87.47448739825951,0.0,1.8809291285120362
2025-05-23 00:00:00+00:00,1102353.497135286,7.936507936504235e-05,0.0,87.4814298178943,0.0,1.888826762199094
2025-05-27 00:00:00+00:00,1102440.9855080745,7.936507936509473e-05,0.0,87.48837278851477,0.0,1.895573637237021
2025-05-28 00:00:00+00:00,1102528.4808243846,7.936507936500914e-05,0.0,87.49531631016464,0.0,1.8935164240706945
2025-05-29 00:00:00+00:00,1102615.9830847676,7.936507936516828e-05,0.0,87.50226038288767,0.0,1.8999854778026988
2025-05-30 00:00:00+00:00,1102703.4922897744,7.93650793651101e-05,0.0,87.50920500672758,0.0,1.897562472972251
2025-06-02 00:00:00+00:00,1102791.008439956,7.936507936500615e-05,0.0,87.51615018172812,0.0,1.900149006015273
2025-06-03 00:00:00+00:00,1102878.5315358639,7.93650793650279e-05,0.0,87.52309590793301,0.0,1.9056426526943686
2025-06-04 00:00:00+00:00,1102966.0615780493,7.936507936513566e-05,0.0,87.53004218538602,0.0,1.900669411036294
2025-06-05 00:00:00+00:00,1103053.5985670635,7.936507936507863e-05,0.0,87.5369890141309,0.0,1.9003951904185428
2025-06-06 00:00:00+00:00,1103141.1425034576,7.936507936502827e-05,0.0,87.54393639421139,0.0,1.9090339341671143
2025-06-09 00:00:00+00:00,1103228.6933877834,7.936507936515598e-05,0.0,87.55088432567123,0.0,1.9081486515898596
2025-06-10 00:00:00+00:00,1103316.2512205918,7.936507936499996e-05,0.0,87.55783280855424,0.0,1.9120784268718638
2025-06-11 00:00:00+00:00,1103403.8160024348,7.936507936515369e-05,0.0,87.56478184290411,0.0,1.9110755998696591
2025-06-12 00:00:00+00:00,1103491.3877338637,7.936507936515541e-05,0.0,87.57173142876466,0.0,1.9118968154414229
2025-06-13 00:00:00+00:00,1103578.96641543,7.93650793651765e-05,0.0,87.57868156617965,0.0,1.9015820166942747
2025-06-16 00:00:00+00:00,1103666.5520476853,7.936507936517725e-05,0.0,87.58563225519285,0.0,1.9013647756947054
2025-06-17 00:00:00+00:00,1103754.1446311811,7.936507936511804e-05,0.0,87.59258349584803,0.0,1.9113820001025816
2025-06-18 00:00:00+00:00,1103841.7441664694,7.936507936517015e-05,0.0,87.59953528818897,0.0,1.910572878357319
2025-06-20 00:00:00+00:00,1103929.3506541017,7.936507936508297e-05,0.0,87.60648763225947,0.0,1.9107452443288464
2025-06-23 00:00:00+00:00,1104016.9640946297,7.936507936502776e-05,0.0,87.61344052810331,0.0,1.9067580082509892
2025-06-24 00:00:00+00:00,1104104.5844886056,7.936507936517575e-05,0.0,87.62039397576426,0.0,1.908313679321445
2025-06-25 00:00:00+00:00,1104192.211836581,7.936507936506547e-05,0.0,87.62734797528616,0.0,1.9055828649130304
2025-06-26 00:00:00+00:00,1104279.8461391076,7.936507936507905e-05,0.0,87.63430252671277,0.0,1.903814063577777
2025-06-27 00:00:00+00:00,1104367.4873967378,7.936507936517677e-05,0.0,87.6412576300879,0.0,1.9024815477438692
2025-06-30 00:00:00+00:00,1104455.1356100233,7.936507936510812e-05,0.0,87.64821328545538,0.0,1.9065496441477592
2025-07-01 00:00:00+00:00,1104542.790779516,7.936507936504432e-05,0.0,87.65516949285899,0.0,1.9580707499657888
2025-07-02 00:00:00+00:00,1104630.4529057685,7.936507936515645e-05,0.0,87.66212625234255,0.0,1.9629575902555607
2025-07-03 00:00:00+00:00,1104718.1219893324,7.936507936498328e-05,0.0,87.66908356394988,0.0,1.9600051500217508
2025-07-07 00:00:00+00:00,1104805.7980307601,7.936507936511749e-05,0.0,87.6760414277248,0.0,1.9612448263357667
2025-07-08 00:00:00+00:00,1104893.4810306039,7.936507936509782e-05,0.0,87.68299984371112,0.0,1.9808551345723204
2025-07-09 00:00:00+00:00,1104981.1709894158,7.936507936509542e-05,0.0,87.68995881195269,0.0,1.9797590083450336
2025-07-10 00:00:00+00:00,1105068.8679077483,7.936507936507058e-05,0.0,87.69691833249333,0.0,1.98254453938039
2025-07-11 00:00:00+00:00,1105156.5717861536,7.936507936498367e-05,0.0,87.70387840537686,0.0,1.988718052082585
2025-07-14 00:00:00+00:00,1105244.2826251842,7.93650793650057e-05,0.0,87.71083903064711,0.0,1.9718509666073127
2025-07-15 00:00:00+00:00,1105332.0004253925,7.936507936509697e-05,0.0,87.71780020834795,0.0,1.9721275628652473
2025-07-16 00:00:00+00:00,1105419.725187331,7.936507936500716e-05,0.0,87.72476193852322,0.0,1.9692876980801364
2025-07-17 00:00:00+00:00,1105507.4569115522,7.936507936511791e-05,0.0,87.73172422121674,0.0,1.983756698848223
2025-07-18 00:00:00+00:00,1105595.1955986088,7.936507936517888e-05,0.0,87.7386870564724,0.0,1.9983789292482919
2025-07-21 00:00:00+00:00,1105682.9412490532,7.936507936515043e-05,0.0,87.74565044433403,0.0,1.9911714286361581
2025-07-22 00:00:00+00:00,1105770.693863438,7.936507936499291e-05,0.0,87.7526143848455,0.0,1.996556796147229
2025-07-23 00:00:00+00:00,1105858.453442316,7.936507936508782e-05,0.0,87.75957887805063,0.0,2.0037075710888628
2025-07-24 00:00:00+00:00,1105946.21998624,7.936507936497433e-05,0.0,87.76654392399334,0.0,2.0174306608599073
2025-07-25 00:00:00+00:00,1106033.9934957626,7.936507936503388e-05,0.0,87.77350952271745,0.0,2.0131410377730545
2025-07-28 00:00:00+00:00,1106121.7739714368,7.936507936501626e-05,0.0,87.78047567426687,0.0,2.0161620542208736
2025-07-29 00:00:00+00:00,1106209.5614138155,7.936507936509231e-05,0.0,87.78744237868545,0.0,2.0113976888987977
2025-07-30 00:00:00+00:00,1106297.3558234514,7.936507936501186e-05,0.0,87.79440963601711,0.0,1.9968152957401508
2025-07-31 00:00:00+00:00,1106385.1572008978,7.936507936515622e-05,0.0,87.80137744630566,0.0,1.9858579972181016
2025-08-01 00:00:00+00:00,1106472.9655467074,7.936507936506476e-05,0.0,87.80834580959507,0.0,1.994881468457284
2025-08-04 00:00:00+00:00,1106560.7808614334,7.936507936511872e-05,0.0,87.81531472592916,0.0,2.005392795059805
2025-08-05 00:00:00+00:00,1106648.6031456287,7.936507936506802e-05,0.0,87.82228419535186,0.0,2.0196290414940083
2025-08-06 00:00:00+00:00,1106736.4323998466,7.93650793650834e-05,0.0,87.82925421790704,0.0,2.021136267161988
2025-08-07 00:00:00+00:00,1106824.2686246403,7.936507936512519e-05,0.0,87.83622479363862,0.0,2.0277020177071057
2025-08-08 00:00:00+00:00,1106912.111820563,7.936507936515367e-05,0.0,87.8431959225905,0.0,2.035748952418207
2025-08-11 00:00:00+00:00,1106999.9619881678,7.936507936512922e-05,0.0,87.85016760480659,0.0,2.0337856187348344
2025-08-12 00:00:00+00:00,1107087.819128008,7.93650793650122e-05,0.0,87.85713984033077,0.0,2.0372230253906514
2025-08-13 00:00:00+00:00,1107175.6832406374,7.936507936518356e-05,0.0,87.86411262920699,0.0,2.0348719908527406
2025-08-14 00:00:00+00:00,1107263.554326609,7.936507936518296e-05,0.0,87.87108597147916,0.0,2.0347718861167094
2025-08-15 00:00:00+00:00,1107351.4323864763,7.936507936518108e-05,0.0,87.8780598671912,0.0,2.045689032514036
2025-08-18 00:00:00+00:00,1107439.3174207928,7.936507936513825e-05,0.0,87.885034316387,0.0,2.0385622522087017
2025-08-19 00:00:00+00:00,1107527.2094301118,7.936507936501483e-05,0.0,87.89200931911054,0.0,2.014225493707478
2025-08-20 00:00:00+00:00,1107615.108414987,7.936507936498138e-05,0.0,87.8989848754057,0.0,2.0128249607051525
2025-08-21 00:00:00+00:00,1107703.0143759723,7.936507936499821e-05,0.0,87.90596098531644,0.0,2.0238106620531546
2025-08-22 00:00:00+00:00,1107790.9273136212,7.936507936502567e-05,0.0,87.9129376488867,0.0,2.028766001791633
2025-08-25 00:00:00+00:00,1107878.8472284873,7.936507936502406e-05,0.0,87.91991486616041,0.0,2.02656185796292
2025-08-26 00:00:00+00:00,1107966.7741211245,7.936507936516388e-05,0.0,87.92689263718152,0.0,2.024587254137914
2025-08-27 00:00:00+00:00,1108054.7079920864,7.936507936498515e-05,0.0,87.933870961994,0.0,2.028260347915256
2025-08-28 00:00:00+00:00,1108142.648841927,7.936507936507869e-05,0.0,87.94084984064177,0.0,2.024210763353191
2025-08-29 00:00:00+00:00,1108230.5966712001,7.93650793649845e-05,0.0,87.94782927316882,0.0,2.027369451523487
2025-09-02 00:00:00+00:00,1108318.5514804597,7.936507936508319e-05,0.0,87.95480925961905,0.0,2.033232359912685
2025-09-03 00:00:00+00:00,1108406.5132702598,7.936507936512493e-05,0.0,87.96178980003648,0.0,2.024751271594411
2025-09-04 00:00:00+00:00,1108494.4820411543,7.93650793650701e-05,0.0,87.96877089446507,0.0,2.0204569617729966
2025-09-05 00:00:00+00:00,1108582.4577936972,7.936507936508908e-05,0.0,87.97575254294875,0.0,2.0123769870176877
2025-09-08 00:00:00+00:00,1108670.4405284429,7.936507936514221e-05,0.0,87.98273474553153,0.0,2.011097486037884
2025-09-09 00:00:00+00:00,1108758.430245945,7.936507936497978e-05,0.0,87.98971750225736,0.0,2.012055773541318
2025-09-10 00:00:00+00:00,1108846.426946758,7.936507936498218e-05,0.0,87.99670081317024,0.0,2.018912690873611
2025-09-11 00:00:00+00:00,1108934.4306314364,7.936507936510971e-05,0.0,88.00368467831413,0.0,2.0242740748781185
2025-09-12 00:00:00+00:00,1109022.4413005342,7.936507936511269e-05,0.0,88.01066909773304,0.0,2.017914232765503
2025-09-15 00:00:00+00:00,1109110.4589546057,7.936507936516144e-05,0.0,88.01765407147097,0.0,2.0187364739813694
2025-09-16 00:00:00+00:00,1109198.4835942052,7.936507936500636e-05,0.0,88.02463959957188,0.0,2.019087028018724
2025-09-17 00:00:00+00:00,1109286.5152198873,7.936507936502765e-05,0.0,88.03162568207978,0.0,2.017239237918558
2025-09-18 00:00:00+00:00,1109374.5538322062,7.936507936497572e-05,0.0,88.03861231903868,0.0,2.0185930434613706
2025-09-19 00:00:00+00:00,1109462.5994317166,7.936507936502078e-05,0.0,88.04559951049255,0.0,2.0078801368287054
2025-09-22 00:00:00+00:00,1109550.6520189731,7.936507936512315e-05,0.0,88.05258725648544,0.0,2.0112240732918325
2025-09-23 00:00:00+00:00,1109638.7115945301,7.93650793650333e-05,0.0,88.05957555706136,0.0,2.0089949267963103
2025-09-24 00:00:00+00:00,1109726.7781589425,7.936507936513127e-05,0.0,88.0665644122643,0.0,2.0161823499505216
2025-09-25 00:00:00+00:00,1109814.8517127647,7.936507936516754e-05,0.0,88.0735538221383,0.0,2.0206781077176865
2025-09-26 00:00:00+00:00,1109902.9322565515,7.936507936510244e-05,0.0,88.08054378672736,0.0,2.008425254921634
2025-09-29 00:00:00+00:00,1109991.0197908576,7.936507936510613e-05,0.0,88.08753430607551,0.0,2.0000521187325324
2025-09-30 00:00:00+00:00,1110079.1143162379,7.936507936513893e-05,0.0,88.09452538022678,0.0,2.000463822176552
2025-10-01 00:00:00+00:00,1110167.2158332472,7.936507936516115e-05,0.0,88.10151700922523,0.0,2.014308842761951
2025-10-02 00:00:00+00:00,1110255.3243424403,7.936507936513313e-05,0.0,88.10850919311486,0.0,2.010907245392245
2025-10-03 00:00:00+00:00,1110343.4398443722,7.936507936501522e-05,0.0,88.1155019319397,0.0,2.002364016393792
2025-10-06 00:00:00+00:00,1110431.5623395978,7.936507936497748e-05,0.0,88.12249522574383,0.0,2.000027342341908
2025-10-07 00:00:00+00:00,1110519.6918286723,7.936507936498021e-05,0.0,88.12948907457125,0.0,2.003216337419219
2025-10-08 00:00:00+00:00,1110607.8283121507,7.936507936498375e-05,0.0,88.13648347846606,0.0,1.9966510623263973
2025-10-09 00:00:00+00:00,1110695.9717905882,7.936507936515806e-05,0.0,88.14347843747227,0.0,1.990412447350753
2025-10-10 00:00:00+00:00,1110784.1222645398,7.936507936504418e-05,0.0,88.15047395163398,0.0,1.984675547250824
2025-10-13 00:00:00+00:00,1110872.2797345608,7.936507936502174e-05,0.0,88.15747002099522,0.0,1.9963196351114032
2025-10-14 00:00:00+00:00,1110960.4442012063,7.936507936505105e-05,0.0,88.16446664560006,0.0,2.0000750726121312
2025-10-15 00:00:00+00:00,1111048.6156650318,7.936507936509244e-05,0.0,88.17146382549257,0.0,1.9992422161318153
2025-10-16 00:00:00+00:00,1111136.7941265926,7.936507936510623e-05,0.0,88.17846156071681,0.0,2.000262826039728
2025-10-17 00:00:00+00:00,1111224.9795864439,7.936507936505276e-05,0.0,88.18545985131688,0.0,2.003462814520442
2025-10-20 00:00:00+00:00,1111313.1720451412,7.936507936510192e-05,0.0,88.19245869733682,0.0,2.0096863067857242
2025-10-21 00:00:00+00:00,1111401.37150324,7.936507936500449e-05,0.0,88.19945809882073,0.0,2.004814977679889
2025-10-22 00:00:00+00:00,1111489.5779612958,7.936507936513985e-05,0.0,88.20645805581269,0.0,2.0072135663234096
2025-10-23 00:00:00+00:00,1111577.7914198642,7.93650793650493e-05,0.0,88.21345856835681,0.0,2.0054404901424427
2025-10-24 00:00:00+00:00,1111666.0118795007,7.936507936511218e-05,0.0,88.22045963649715,0.0,2.0018475552612713
2025-10-27 00:00:00+00:00,1111754.239340761,7.936507936507931e-05,0.0,88.22746126027783,0.0,1.9971852653420772
2025-10-28 00:00:00+00:00,1111842.4738042008,7.93650793651205e-05,0.0,88.23446343974294,0.0,1.9931838434013067
2025-10-29 00:00:00+00:00,1111930.7152703756,7.936507936498664e-05,0.0,88.24146617493656,0.0,1.992989715320752
2025-10-30 00:00:00+00:00,1112018.9637398415,7.936507936505691e-05,0.0,88.24846946590283,0.0,1.988949177116341
2025-10-31 00:00:00+00:00,1112107.2192131542,7.936507936508221e-05,0.0,88.25547331268584,0.0,2.022308697891163
2025-11-03 00:00:00+00:00,1112195.4816908694,7.936507936502286e-05,0.0,88.2624777153297,0.0,2.0008929917589704
2025-11-04 00:00:00+00:00,1112283.7511735433,7.936507936504861e-05,0.0,88.26948267387853,0.0,1.9962815478082012
2025-11-05 00:00:00+00:00,1112372.0276617317,7.936507936511974e-05,0.0,88.27648818837645,0.0,1.9927199699326192
2025-11-06 00:00:00+00:00,1112460.3111559905,7.936507936498725e-05,0.0,88.28349425886759,0.0,1.990899916541982
2025-11-07 00:00:00+00:00,1112548.6016568758,7.936507936503014e-05,0.0,88.29050088539607,0.0,1.9897567283898225
2025-11-10 00:00:00+00:00,1112636.8991649437,7.936507936499942e-05,0.0,88.29750806800601,0.0,1.985131684140606
2025-11-11 00:00:00+00:00,1112725.2036807504,7.93650793650647e-05,0.0,88.30451580674156,0.0,1.980081879060398
2025-11-12 00:00:00+00:00,1112813.515204852,7.936507936497703e-05,0.0,88.31152410164687,0.0,1.9723556060416438
2025-11-13 00:00:00+00:00,1112901.8337378048,7.936507936511527e-05,0.0,88.31853295276603,0.0,1.9857740682576037
2025-11-14 00:00:00+00:00,1112990.1592801649,7.936507936502124e-05,0.0,88.32554236014323,0.0,1.9935517984345004
2025-11-17 00:00:00+00:00,1113078.4918324887,7.936507936507374e-05,0.0,88.33255232382261,0.0,1.9847877888320888
2025-11-18 00:00:00+00:00,1113166.8313953325,7.936507936502388e-05,0.0,88.33956284384831,0.0,1.9682260650158359
2025-11-19 00:00:00+00:00,1113255.1779692527,7.93650793650412e-05,0.0,88.34657392026448,0.0,1.9650641157994513
2025-11-20 00:00:00+00:00,1113343.5315548058,7.9365079365086e-05,0.0,88.3535855531153,0.0,1.9573080370659648
2025-11-21 00:00:00+00:00,1113431.8921525483,7.936507936511861e-05,0.0,88.36059774244491,0.0,1.955767643018329
2025-11-24 00:00:00+00:00,1113520.2597630366,7.936507936509938e-05,0.0,88.36761048829749,0.0,1.959542721246394
2025-11-25 00:00:00+00:00,1113608.6343868272,7.936507936498864e-05,0.0,88.3746237907172,0.0,1.9601479992942763
2025-11-26 00:00:00+00:00,1113697.016024477,7.936507936516492e-05,0.0,88.3816376497482,0.0,1.9665727817319372
2025-11-28 00:00:00+00:00,1113785.4046765426,7.936507936517034e-05,0.0,88.38865206543468,0.0,1.9684696439842617
2025-12-01 00:00:00+00:00,1113873.8003435805,7.936507936517433e-05,0.0,88.39566703782084,0.0,1.9743805644778787
2025-12-02 00:00:00+00:00,1113962.2030261476,7.936507936513723e-05,0.0,88.40268256695083,0.0,1.96654921048538
2025-12-03 00:00:00+00:00,1114050.6127248004,7.936507936501938e-05,0.0,88.40969865286885,0.0,1.963851839756643
2025-12-04 00:00:00+00:00,1114139.0294400959,7.936507936499015e-05,0.0,88.41671529561907,0.0,1.9712038217070176
2025-12-05 00:00:00+00:00,1114227.453172591,7.936507936500983e-05,0.0,88.4237324952457,0.0,1.9606864265164976
2025-12-08 00:00:00+00:00,1114315.8839228428,7.936507936503873e-05,0.0,88.43075025179294,0.0,1.9528664357287413
2025-12-09 00:00:00+00:00,1114404.321691408,7.936507936503722e-05,0.0,88.43776856530498,0.0,1.9392899518067543
2025-12-10 00:00:00+00:00,1114492.766478844,7.936507936517453e-05,0.0,88.44478743582603,0.0,1.9511987959179975
2025-12-11 00:00:00+00:00,1114581.2182857073,7.936507936499314e-05,0.0,88.45180686340032,0.0,1.9479871531702702
2025-12-12 00:00:00+00:00,1114669.6771125554,7.936507936508019e-05,0.0,88.45882684807201,0.0,1.9479023972884248
2025-12-15 00:00:00+00:00,1114758.1429599451,7.936507936497815e-05,0.0,88.46584738988534,0.0,1.952943147429083
2025-12-16 00:00:00+00:00,1114846.615828434,7.936507936506516e-05,0.0,88.47286848888453,0.0,1.9474499519387987
2025-12-17 00:00:00+00:00,1114935.0957185791,7.936507936509262e-05,0.0,88.47989014511381,0.0,1.9507946033014112
2025-12-18 00:00:00+00:00,1115023.5826309377,7.936507936502091e-05,0.0,88.48691235861739,0.0,1.9425619392945155
2025-12-19 00:00:00+00:00,1115112.076566067,7.936507936501919e-05,0.0,88.49393512943949,0.0,1.943310505741949
2025-12-22 00:00:00+00:00,1115200.5775245246,7.936507936504777e-05,0.0,88.50095845762436,0.0,1.9480001154806366
2025-12-23 00:00:00+00:00,1115289.0855068679,7.9365079365067e-05,0.0,88.50798234321624,0.0,1.9475353928995407
2025-12-24 00:00:00+00:00,1115377.600513654,7.93650793650372e-05,0.0,88.51500678625935,0.0,1.9498805689696277
2025-12-26 00:00:00+00:00,1115466.122545441,7.936507936512746e-05,0.0,88.52203178679794,0.0,1.9447808954187051
2025-12-29 00:00:00+00:00,1115554.6516027858,7.936507936508935e-05,0.0,88.52905734487626,0.0,1.9427433172319724
2025-12-30 00:00:00+00:00,1115643.1876862464,7.936507936509197e-05,0.0,88.53608346053855,0.0,1.9482285303300797
2025-12-31 00:00:00+00:00,1115731.7307963802,7.936507936509563e-05,0.0,88.54311013382907,0.0,1.9524763728708665
2026-01-02 00:00:00+00:00,1115820.280933745,7.936507936506066e-05,0.0,88.55013736479208,0.0,1.998120928730128
2026-01-05 00:00:00+00:00,1115908.8380988985,7.936507936515609e-05,0.0,88.55716515347183,0.0,2.0369785784601184
2026-01-06 00:00:00+00:00,1115997.4022923985,7.936507936513355e-05,0.0,88.56419349991258,0.0,2.0133745717963376
2026-01-07 00:00:00+00:00,1116085.9735148028,7.936507936516204e-05,0.0,88.57122240415862,0.0,2.019754585489319
2026-01-08 00:00:00+00:00,1116174.551766669,7.936507936499327e-05,0.0,88.57825186625419,0.0,2.020469969964244
2026-01-09 00:00:00+00:00,1116263.137048555,7.936507936500484e-05,0.0,88.58528188624356,0.0,2.0302740744780947
2026-01-12 00:00:00+00:00,1116351.7293610193,7.936507936515701e-05,0.0,88.59231246417104,0.0,2.0333026484609196
2026-01-13 00:00:00+00:00,1116440.3287046193,7.936507936499294e-05,0.0,88.5993436000809,0.0,2.0293226853494364
2026-01-14 00:00:00+00:00,1116528.9350799134,7.936507936509873e-05,0.0,88.60637529401741,0.0,2.0314238528090405
2026-01-15 00:00:00+00:00,1116617.5484874593,7.936507936501755e-05,0.0,88.61340754602487,0.0,2.029501198836982
2026-01-16 00:00:00+00:00,1116706.1689278155,7.936507936512683e-05,0.0,88.62044035614757,0.0,2.026591935295433
2026-01-20 00:00:00+00:00,1116794.79640154,7.936507936517834e-05,0.0,88.6274737244298,0.0,2.0187387941100776
2026-01-21 00:00:00+00:00,1116883.430909191,7.936507936513242e-05,0.0,88.63450765091588,0.0,2.0114279910695703
2026-01-22 00:00:00+00:00,1116972.0724513268,7.936507936515794e-05,0.0,88.64154213565008,0.0,2.0105631749024355
2026-01-23 00:00:00+00:00,1117060.7210285054,7.936507936500672e-05,0.0,88.64857717867673,0.0,2.003939166368601
2026-01-26 00:00:00+00:00,1117149.3766412854,7.936507936505604e-05,0.0,88.6556127800401,0.0,2.009210842400642
2026-01-27 00:00:00+00:00,1117238.0392902251,7.936507936505775e-05,0.0,88.66264893978456,0.0,2.010467531585653
2026-01-28 00:00:00+00:00,1117326.7089758832,7.936507936518059e-05,0.0,88.66968565795437,0.0,2.014441387050323
2026-01-29 00:00:00+00:00,1117415.385698818,7.936507936517648e-05,0.0,88.67672293459391,0.0,2.0061671708068634
2026-01-30 00:00:00+00:00,1117504.0694595876,7.936507936500579e-05,0.0,88.68376076974745,0.0,2.03455306923786
2026-02-02 00:00:00+00:00,1117592.760258751,7.936507936504562e-05,0.0,88.69079916345933,0.0,2.0314915023558466
2026-02-03 00:00:00+00:00,1117681.4580968667,7.936507936504788e-05,0.0,88.69783811577389,0.0,2.0314333187005618
2026-02-04 00:00:00+00:00,1117770.1629744936,7.936507936518125e-05,0.0,88.70487762673545,0.0,2.031899216566724
2026-02-05 00:00:00+00:00,1117858.8748921899,7.936507936498943e-05,0.0,88.71191769638838,0.0,2.0284530668312533
2026-02-06 00:00:00+00:00,1117947.5938505146,7.93650793650577e-05,0.0,88.71895832477698,0.0,2.0225901648997042
2026-02-09 00:00:00+00:00,1118036.3198500266,7.936507936513802e-05,0.0,88.7259995119456,0.0,2.0241024417437816
2026-02-10 00:00:00+00:00,1118125.0528912845,7.936507936498252e-05,0.0,88.73304125793862,0.0,2.0192721645836906
2026-02-11 00:00:00+00:00,1118213.7929748474,7.936507936517627e-05,0.0,88.74008356280035,0.0,2.0227738105187933
2026-02-12 00:00:00+00:00,1118302.540101274,7.936507936505485e-05,0.0,88.74712642657519,0.0,2.031970424215597
