date,quarter,equity,returns,spread
2020-07-01 00:00:00+00:00,1,1000000.0,0.0,2.352582861484354
2020-07-02 00:00:00+00:00,1,1000000.0,0.0,2.3643383173833343
2020-07-06 00:00:00+00:00,1,1000000.0,0.0,2.5315117933001456
2020-07-07 00:00:00+00:00,1,1000000.0,0.0,2.68145981120463
2020-07-08 00:00:00+00:00,1,1000000.0,0.0,2.9219679458125367
2020-07-09 00:00:00+00:00,1,1000000.0,0.0,2.9619072671858384
2020-07-10 00:00:00+00:00,1,1000000.0,0.0,2.9487569476138518
2020-07-13 00:00:00+00:00,1,1000000.0,0.0,2.8882081291371136
2020-07-14 00:00:00+00:00,1,1000000.0,0.0,2.769598172398449
2020-07-15 00:00:00+00:00,1,1000000.0,0.0,2.443297446053908
2020-07-16 00:00:00+00:00,1,1000000.0,0.0,2.1530600708024092
2020-07-17 00:00:00+00:00,1,1000000.0,0.0,2.27970791773565
2020-07-20 00:00:00+00:00,1,1000000.0,0.0,2.518472097442152
2020-07-21 00:00:00+00:00,1,1000000.0,0.0,2.6651279939442007
2020-07-22 00:00:00+00:00,1,1000000.0,0.0,2.8600074836825446
2020-07-23 00:00:00+00:00,1,1000000.0,0.0,3.0365945276084823
2020-07-24 00:00:00+00:00,1,1000000.0,0.0,3.017061183777204
2020-07-27 00:00:00+00:00,1,1000000.0,0.0,3.0259241813140676
2020-07-28 00:00:00+00:00,1,1000000.0,0.0,3.044391610203794
2020-07-29 00:00:00+00:00,1,1000000.0,0.0,3.051794331558723
2020-07-30 00:00:00+00:00,1,1000000.0,0.0,2.9587153286005203
2020-07-31 00:00:00+00:00,1,1000000.0,0.0,2.820012932049782
2020-08-03 00:00:00+00:00,1,1000000.0,0.0,2.6596048326897987
2020-08-04 00:00:00+00:00,1,1000000.0,0.0,2.465098520377032
2020-08-05 00:00:00+00:00,1,1000000.0,0.0,2.2881300552111634
2020-08-06 00:00:00+00:00,1,1000000.0,0.0,2.105602484934594
2020-08-07 00:00:00+00:00,1,1000000.0,0.0,2.005584378002298
2020-08-10 00:00:00+00:00,1,1000000.0,0.0,1.996740337597898
2020-08-11 00:00:00+00:00,1,1000000.0,0.0,2.1683233097084824
2020-08-12 00:00:00+00:00,1,1000000.0,0.0,2.150258955238663
2020-08-13 00:00:00+00:00,1,1000000.0,0.0,2.2156088014844344
2020-08-14 00:00:00+00:00,1,1000000.0,0.0,2.2561361118903376
2020-08-17 00:00:00+00:00,1,1000000.0,0.0,2.411220923112547
2020-08-18 00:00:00+00:00,1,1000000.0,0.0,2.30654606491474
2020-08-19 00:00:00+00:00,1,1000000.0,0.0,2.148940633496794
2020-08-20 00:00:00+00:00,1,1000000.0,0.0,2.157729993851206
2020-08-21 00:00:00+00:00,1,1000000.0,0.0,1.9604531846174256
2020-08-24 00:00:00+00:00,1,1000000.0,0.0,1.9562711108058384
2020-08-25 00:00:00+00:00,1,1000000.0,0.0,1.993720459970581
2020-08-26 00:00:00+00:00,1,1000000.0,0.0,2.1237961007308503
2020-08-27 00:00:00+00:00,1,1000000.0,0.0,2.289743055139735
2020-08-28 00:00:00+00:00,1,1000000.0,0.0,2.441985726005712
2020-08-31 00:00:00+00:00,1,1000000.0,0.0,2.6945571780673916
2020-09-01 00:00:00+00:00,1,1000000.0,0.0,2.892688257731633
2020-09-02 00:00:00+00:00,1,999975.0,-2.5e-05,3.141546851944864
2020-09-03 00:00:00+00:00,1,1000659.8087652677,0.0006848258859148683,3.1039420679584375
2020-09-04 00:00:00+00:00,1,997817.9571002269,-0.0028399778227801912,3.191122108690933
2020-09-08 00:00:00+00:00,1,996957.8840859551,-0.0008619538345163334,3.1422360757990995
2020-09-09 00:00:00+00:00,1,999162.721781406,0.0022115655341572843,3.11073966493586
2020-09-10 00:00:00+00:00,1,998738.4735328819,-0.00042460376000381684,3.137731950396761
2020-09-11 00:00:00+00:00,1,998098.5376592326,-0.0006407441894028998,3.10788789019459
2020-09-14 00:00:00+00:00,1,999703.0296145531,0.001607548648536611,3.088554431026262
2020-09-15 00:00:00+00:00,1,999795.4084444138,9.24062717868608e-05,3.194023540006339
2020-09-16 00:00:00+00:00,1,1000290.1823468112,0.0004948751496740627,3.141487712187212
2020-09-17 00:00:00+00:00,1,1001366.4040471149,0.0010759094903628522,3.0594746687980505
2020-09-18 00:00:00+00:00,1,1000768.0358694276,-0.0005975516806524798,2.5804612478626736
2020-09-21 00:00:00+00:00,1,998395.4608831482,-0.0023707541620453143,2.037959694860729
2020-09-22 00:00:00+00:00,1,997538.0153605497,-0.0008588235385606666,1.7449324735660676
2020-09-23 00:00:00+00:00,1,997209.0734008964,-0.00032975380846452245,1.726289763997893
2020-09-24 00:00:00+00:00,1,993679.7743690131,-0.003539176614034279,1.9185507760767924
2020-09-25 00:00:00+00:00,1,994570.8773378009,0.0008967707623450674,2.301250662758647
2020-09-28 00:00:00+00:00,1,994871.4446093647,0.00030220799584273415,2.49107204109235
2020-09-29 00:00:00+00:00,1,993471.3470644307,-0.001407315038058777,2.596857770186155
2020-09-30 00:00:00+00:00,1,993580.5740597135,0.00010994478663683356,2.743248422964377
2020-10-01 00:00:00+00:00,2,1000000.0,0.0,2.8349648369047973
2020-10-02 00:00:00+00:00,2,1000000.0,0.0,2.947500072772279
2020-10-05 00:00:00+00:00,2,1000000.0,0.0,3.008374507615546
2020-10-06 00:00:00+00:00,2,1000000.0,0.0,3.0552451507464005
2020-10-07 00:00:00+00:00,2,1000000.0,0.0,3.1693099377115406
2020-10-08 00:00:00+00:00,2,1000000.0,0.0,3.253497714582389
2020-10-09 00:00:00+00:00,2,1000000.0,0.0,3.3067980155495422
2020-10-12 00:00:00+00:00,2,999975.0,-2.5e-05,3.4540733441881475
2020-10-13 00:00:00+00:00,2,999842.6296402783,-0.00013237366906343657,3.2981442757270987
2020-10-14 00:00:00+00:00,2,1001067.0551848054,0.001224618263143719,3.1773571256029083
2020-10-15 00:00:00+00:00,2,1003189.9045016944,0.002120586534032986,2.9997010802349062
2020-10-16 00:00:00+00:00,2,1005688.1632063155,0.002490314838108394,2.902430539266417
2020-10-19 00:00:00+00:00,2,1004037.5831155092,-0.0016412444246573313,2.8188926812273167
2020-10-20 00:00:00+00:00,2,1004060.6721400162,2.2996175536905867e-05,2.850583322033267
2020-10-21 00:00:00+00:00,2,1004728.484039197,0.0006651111010626562,2.785829586998089
2020-10-22 00:00:00+00:00,2,1006686.3425636322,0.0019486443905364773,2.7310404239690684
2020-10-23 00:00:00+00:00,2,1006749.8622760735,6.309781880978779e-05,2.760774424652549
2020-10-26 00:00:00+00:00,2,1005313.2834041289,-0.0014269471750379481,2.8097354346302588
2020-10-27 00:00:00+00:00,2,1004327.398805255,-0.0009806739999849243,2.751595864218162
2020-10-28 00:00:00+00:00,2,1005126.6158152892,0.0007957733812549518,2.638516874935495
2020-10-29 00:00:00+00:00,2,1006281.4212292649,0.0011489153662884862,2.401565804387055
2020-10-30 00:00:00+00:00,2,1007634.3120059125,0.0013444457465933576,2.1689000175267665
2020-11-02 00:00:00+00:00,2,1009664.2507441809,0.0020145589665632817,1.9923695035444524
2020-11-03 00:00:00+00:00,2,1009673.4868066208,9.14765718719461e-06,2.090976139388647
2020-11-04 00:00:00+00:00,2,1009744.9299335692,7.075864413779616e-05,2.4052257824443015
2020-11-05 00:00:00+00:00,2,1009130.2350119596,-0.0006087625729896331,2.798157371038837
2020-11-06 00:00:00+00:00,2,1008661.3469858979,-0.00046464570160871624,2.938055717005888
2020-11-09 00:00:00+00:00,2,1011765.028338711,0.003077030127195445,3.10597987933859
2020-11-10 00:00:00+00:00,2,1009663.2051522065,-0.0020773827199341644,3.1767791262112284
2020-11-11 00:00:00+00:00,2,1010218.7901794743,0.0005502676778085153,3.0535462788166914
2020-11-12 00:00:00+00:00,2,1010240.8947180314,2.1880941803896363e-05,2.955525203060446
2020-11-13 00:00:00+00:00,2,1009940.6570563336,-0.0002971941279229097,2.9153307293776534
2020-11-16 00:00:00+00:00,2,1012169.2741120299,0.0022066811947070754,2.8375315681682567
2020-11-17 00:00:00+00:00,2,1012359.3477959374,0.00018778843496732424,2.7925244725867473
2020-11-18 00:00:00+00:00,2,1012438.6702052638,7.835400492821463e-05,2.6875621931445806
2020-11-19 00:00:00+00:00,2,1012278.1831531324,-0.0001585153321917172,2.598111409645747
2020-11-20 00:00:00+00:00,2,1010456.0771249462,-0.0018000052342436333,2.530399994061917
2020-11-23 00:00:00+00:00,2,1010456.0771249462,0.0,2.3720794800679594
2020-11-24 00:00:00+00:00,2,1010456.0771249462,0.0,2.3219304029852026
2020-11-25 00:00:00+00:00,2,1010456.0771249462,0.0,2.2705357993354056
2020-11-27 00:00:00+00:00,2,1010456.0771249462,0.0,2.249145557413269
2020-11-30 00:00:00+00:00,2,1010456.0771249462,0.0,2.2746503386341552
2020-12-01 00:00:00+00:00,2,1010456.0771249462,0.0,2.267655260484282
2020-12-02 00:00:00+00:00,2,1010456.0771249462,0.0,2.3059355726888686
2020-12-03 00:00:00+00:00,2,1010456.0771249462,0.0,2.2784627999673956
2020-12-04 00:00:00+00:00,2,1010456.0771249462,0.0,2.280547964339528
2020-12-07 00:00:00+00:00,2,1010456.0771249462,0.0,2.282769453126638
2020-12-08 00:00:00+00:00,2,1010456.0771249462,0.0,2.275841401539947
2020-12-09 00:00:00+00:00,2,1010456.0771249462,0.0,2.2577140094726063
2020-12-10 00:00:00+00:00,2,1010456.0771249462,0.0,2.1999347401209155
2020-12-11 00:00:00+00:00,2,1010456.0771249462,0.0,2.134089339104832
2020-12-14 00:00:00+00:00,2,1010456.0771249462,0.0,2.1122743999858047
2020-12-15 00:00:00+00:00,2,1010456.0771249462,0.0,2.117727299760937
2020-12-16 00:00:00+00:00,2,1010456.0771249462,0.0,2.184049266853795
2020-12-17 00:00:00+00:00,2,1010456.0771249462,0.0,2.2050702960216357
2020-12-18 00:00:00+00:00,2,1010456.0771249462,0.0,2.262124453813285
2020-12-21 00:00:00+00:00,2,1010456.0771249462,0.0,2.2278843554911227
2020-12-22 00:00:00+00:00,2,1010456.0771249462,0.0,2.2034111787114
2020-12-23 00:00:00+00:00,2,1010456.0771249462,0.0,2.2277277889361833
2020-12-24 00:00:00+00:00,2,1010456.0771249462,0.0,2.129311219282026
2020-12-28 00:00:00+00:00,2,1010456.0771249462,0.0,2.049406096072695
2020-12-29 00:00:00+00:00,2,1010456.0771249462,0.0,1.9330043609955228
2020-12-30 00:00:00+00:00,2,1010430.815723018,-2.500000000002248e-05,1.7732096279028946
2020-12-31 00:00:00+00:00,2,1011253.9419463692,0.0008146289785928915,1.6742718801298961
2021-01-04 00:00:00+00:00,3,1000000.0,0.0,1.5228047629033705
2021-01-05 00:00:00+00:00,3,999975.0,-2.5e-05,1.3400863990383538
2021-01-06 00:00:00+00:00,3,999364.5667061264,-0.0006104485550874378,1.0335287792763816
2021-01-07 00:00:00+00:00,3,999763.9776734003,0.00039966492767530895,0.5181923094738945
2021-01-08 00:00:00+00:00,3,998211.8995112078,-0.0015524445737727024,0.33674125919090603
2021-01-11 00:00:00+00:00,3,998693.7901757869,0.0004827538770225843,0.43356633434906033
2021-01-12 00:00:00+00:00,3,1003148.9468374894,0.004460983642361743,0.5319722055788336
2021-01-13 00:00:00+00:00,3,1004190.832283194,0.001038614902591682,0.44606612896839604
2021-01-14 00:00:00+00:00,3,1004447.2810936725,0.00025537856175750695,0.3101651489569779
2021-01-15 00:00:00+00:00,3,1003291.610659233,-0.001150553599170706,0.26311369872810975
2021-01-19 00:00:00+00:00,3,1000048.4012821247,-0.003232569018470355,0.2069414975171462
2021-01-20 00:00:00+00:00,3,1000048.4012821247,0.0,0.27550107371128174
2021-01-21 00:00:00+00:00,3,1000048.4012821247,0.0,0.3594454035788175
2021-01-22 00:00:00+00:00,3,1000048.4012821247,0.0,0.42927830125044775
2021-01-25 00:00:00+00:00,3,1000048.4012821247,0.0,0.46901386432696324
2021-01-26 00:00:00+00:00,3,1000048.4012821247,0.0,0.4895981911067251
2021-01-27 00:00:00+00:00,3,1000048.4012821247,0.0,0.48630623865782674
2021-01-28 00:00:00+00:00,3,1000048.4012821247,0.0,0.4932531864658545
2021-01-29 00:00:00+00:00,3,1000048.4012821247,0.0,0.43046128318296173
2021-02-01 00:00:00+00:00,3,1000048.4012821247,0.0,0.5632510524296253
2021-02-02 00:00:00+00:00,3,1000048.4012821247,0.0,0.6772982301869908
2021-02-03 00:00:00+00:00,3,1000048.4012821247,0.0,0.7379281814704886
2021-02-04 00:00:00+00:00,3,1000048.4012821247,0.0,0.8280518398023791
2021-02-05 00:00:00+00:00,3,1000048.4012821247,0.0,0.8819408934393023
2021-02-08 00:00:00+00:00,3,1000048.4012821247,0.0,1.031172488572282
2021-02-09 00:00:00+00:00,3,1000048.4012821247,0.0,1.110907345087818
2021-02-10 00:00:00+00:00,3,1000048.4012821247,0.0,1.2336007141196292
2021-02-11 00:00:00+00:00,3,1000048.4012821247,0.0,1.3012372155837282
2021-02-12 00:00:00+00:00,3,1000048.4012821247,0.0,1.462071642582523
2021-02-16 00:00:00+00:00,3,1000048.4012821247,0.0,1.614250750063781
2021-02-17 00:00:00+00:00,3,1000048.4012821247,0.0,1.6904005910067648
2021-02-18 00:00:00+00:00,3,1000048.4012821247,0.0,1.769860593435177
2021-02-19 00:00:00+00:00,3,1000048.4012821247,0.0,1.856110394524507
2021-02-22 00:00:00+00:00,3,1000048.4012821247,0.0,1.6773242449454848
2021-02-23 00:00:00+00:00,3,1000048.4012821247,0.0,1.479546461073891
2021-02-24 00:00:00+00:00,3,1000048.4012821247,0.0,1.2580437328486598
2021-02-25 00:00:00+00:00,3,1000048.4012821247,0.0,0.9720147382589603
2021-02-26 00:00:00+00:00,3,1000048.4012821247,0.0,0.7910670873003767
2021-03-01 00:00:00+00:00,3,1000048.4012821247,0.0,0.6733504738420519
2021-03-02 00:00:00+00:00,3,1000048.4012821247,0.0,0.5262078757645101
2021-03-03 00:00:00+00:00,3,1000048.4012821247,0.0,0.545591380280217
2021-03-04 00:00:00+00:00,3,1000048.4012821247,0.0,0.5738569645077662
2021-03-05 00:00:00+00:00,3,1000048.4012821247,0.0,0.6109878938060769
2021-03-08 00:00:00+00:00,3,1000048.4012821247,0.0,0.6699430357384539
2021-03-09 00:00:00+00:00,3,1000048.4012821247,0.0,0.6915972681059541
2021-03-10 00:00:00+00:00,3,1000048.4012821247,0.0,0.7821976151354537
2021-03-11 00:00:00+00:00,3,1000048.4012821247,0.0,0.8846377255667557
2021-03-12 00:00:00+00:00,3,1000048.4012821247,0.0,0.9661730572118268
2021-03-15 00:00:00+00:00,3,1000048.4012821247,0.0,1.060998767931574
2021-03-16 00:00:00+00:00,3,1000048.4012821247,0.0,1.0871426816973653
2021-03-17 00:00:00+00:00,3,1000048.4012821247,0.0,1.0659393021759582
2021-03-18 00:00:00+00:00,3,1000048.4012821247,0.0,1.159315070229427
2021-03-19 00:00:00+00:00,3,1000048.4012821247,0.0,1.1128895408566217
2021-03-22 00:00:00+00:00,3,1000048.4012821247,0.0,1.1086326290069177
2021-03-23 00:00:00+00:00,3,1000048.4012821247,0.0,1.2228062104262785
2021-03-24 00:00:00+00:00,3,1000048.4012821247,0.0,1.3066326634322492
2021-03-25 00:00:00+00:00,3,1000048.4012821247,0.0,1.3992553876244536
2021-03-26 00:00:00+00:00,3,1000048.4012821247,0.0,1.428557203882015
2021-03-29 00:00:00+00:00,3,1000048.4012821247,0.0,1.541253976441987
2021-03-30 00:00:00+00:00,3,1000048.4012821247,0.0,1.6560677345558448
2021-03-31 00:00:00+00:00,3,1000023.4000720927,-2.4999999999977822e-05,1.7556235235882003
2021-04-01 00:00:00+00:00,4,1000000.0,0.0,1.8412409565844658
2021-04-05 00:00:00+00:00,4,999975.2216405633,-2.4778359436662866e-05,1.9323390057505758
2021-04-06 00:00:00+00:00,4,1000523.1194976314,0.0005479114334145432,1.9605281472573965
2021-04-07 00:00:00+00:00,4,1000281.7172951396,-0.00024127598631912752,2.054545074851059
2021-04-08 00:00:00+00:00,4,1000323.5152796288,4.178621259045464e-05,2.150290210268188
2021-04-09 00:00:00+00:00,4,1001523.108209708,0.0011992049689483434,2.143754986133004
2021-04-12 00:00:00+00:00,4,1000285.0637246828,-0.0012361616770264188,2.107410851159136
2021-04-13 00:00:00+00:00,4,1000390.8501525567,0.00010575628059463036,2.053951952433557
2021-04-14 00:00:00+00:00,4,999853.631429298,-0.0005370088332742925,2.0274243056518815
2021-04-15 00:00:00+00:00,4,998733.1732163779,-0.001120622236795212,2.038364546608713
2021-04-16 00:00:00+00:00,4,993544.3006463714,-0.005195454310680265,2.0147047604985038
2021-04-19 00:00:00+00:00,4,995590.3145386494,0.002059308166678507,2.341987829495667
2021-04-20 00:00:00+00:00,4,995774.28965492,0.00018478998196747953,2.4210325029937385
2021-04-21 00:00:00+00:00,4,997742.9990620323,0.001977063906514973,2.61830995952529
2021-04-22 00:00:00+00:00,4,997400.1244798402,-0.0003436502010181929,2.646927506406663
2021-04-23 00:00:00+00:00,4,998531.1008839172,0.00113392446653929,2.6646612341823688
2021-04-26 00:00:00+00:00,4,997881.3214210141,-0.0006507353274503352,2.632460009803948
2021-04-27 00:00:00+00:00,4,997519.1356832347,-0.00036295472217449324,2.661847194261621
2021-04-28 00:00:00+00:00,4,997848.0504530357,0.00032973279211911407,2.5436686410274336
2021-04-29 00:00:00+00:00,4,997598.6658875217,-0.00024992238587911547,2.3860148459789086
2021-04-30 00:00:00+00:00,4,998421.7992329865,0.0008251147215924947,2.024600968830929
2021-05-03 00:00:00+00:00,4,996548.0980028171,-0.0018766629811256285,1.931249303036355
2021-05-04 00:00:00+00:00,4,996972.0288004222,0.0004253992340707657,1.692996844319243
2021-05-05 00:00:00+00:00,4,997130.3757619939,0.00015882788784179328,1.431804478313687
2021-05-06 00:00:00+00:00,4,997770.3308535897,0.0006417968072697824,1.2792479273872974
2021-05-07 00:00:00+00:00,4,996962.11512557,-0.0008100218086543896,1.2758104956695622
2021-05-10 00:00:00+00:00,4,996180.791540886,-0.0007837043883914568,1.177194232699363
2021-05-11 00:00:00+00:00,4,996967.8698067552,0.000790095806456705,1.1090851467974758
2021-05-12 00:00:00+00:00,4,996847.1736122975,-0.00012106327406629462,1.0949515985675786
2021-05-13 00:00:00+00:00,4,997398.3423343708,0.0005529119574829432,1.0630292239758363
2021-05-14 00:00:00+00:00,4,997492.5564283134,9.44598461253105e-05,1.021600861442634
2021-05-17 00:00:00+00:00,4,997492.5564283134,0.0,1.0779278214165338
2021-05-18 00:00:00+00:00,4,997492.5564283134,0.0,1.2185371842588717
2021-05-19 00:00:00+00:00,4,997492.5564283134,0.0,1.3419220364395859
2021-05-20 00:00:00+00:00,4,997492.5564283134,0.0,1.4687166136616474
2021-05-21 00:00:00+00:00,4,997492.5564283134,0.0,1.5860607510775644
2021-05-24 00:00:00+00:00,4,997492.5564283134,0.0,1.7410201026077647
2021-05-25 00:00:00+00:00,4,997492.5564283134,0.0,1.970496518238599
2021-05-26 00:00:00+00:00,4,997492.5564283134,0.0,2.2223256773708395
2021-05-27 00:00:00+00:00,4,997492.5564283134,0.0,2.365618121574959
2021-05-28 00:00:00+00:00,4,997492.5564283134,0.0,2.4381178367283702
2021-06-01 00:00:00+00:00,4,997492.5564283134,0.0,2.3952364354841382
2021-06-02 00:00:00+00:00,4,997492.5564283134,0.0,2.3154038920169073
2021-06-03 00:00:00+00:00,4,997492.5564283134,0.0,2.2864539762026
2021-06-04 00:00:00+00:00,4,997492.5564283134,0.0,2.2804253195917257
2021-06-07 00:00:00+00:00,4,997492.5564283134,0.0,2.2630668376009835
2021-06-08 00:00:00+00:00,4,997492.5564283134,0.0,2.276143486700559
2021-06-09 00:00:00+00:00,4,997492.5564283134,0.0,2.2949842615115714
2021-06-10 00:00:00+00:00,4,997492.5564283134,0.0,2.301937406984534
2021-06-11 00:00:00+00:00,4,997492.5564283134,0.0,2.3934624218558254
2021-06-14 00:00:00+00:00,4,997492.5564283134,0.0,2.4232113045333095
2021-06-15 00:00:00+00:00,4,997492.5564283134,0.0,2.5104535256472937
2021-06-16 00:00:00+00:00,4,997492.5564283134,0.0,2.510002814698978
2021-06-17 00:00:00+00:00,4,997492.5564283134,0.0,2.5666379497037237
2021-06-18 00:00:00+00:00,4,997492.5564283134,0.0,2.4955569385973217
2021-06-21 00:00:00+00:00,4,997492.5564283134,0.0,2.334302287272583
2021-06-22 00:00:00+00:00,4,997492.5564283134,0.0,2.266745323808676
2021-06-23 00:00:00+00:00,4,997492.5564283134,0.0,2.1879786397868246
2021-06-24 00:00:00+00:00,4,997492.5564283134,0.0,2.1481155229873825
2021-06-25 00:00:00+00:00,4,997492.5564283134,0.0,2.065786070925889
2021-06-28 00:00:00+00:00,4,997492.5564283134,0.0,1.9697979700925532
2021-06-29 00:00:00+00:00,4,997492.5564283134,0.0,1.904994096030463
2021-06-30 00:00:00+00:00,4,997492.5564283134,0.0,1.9068133325061716
2021-07-01 00:00:00+00:00,5,1000000.0,0.0,1.8369738787625316
2021-07-02 00:00:00+00:00,5,1000000.0,0.0,1.8492826858038507
2021-07-06 00:00:00+00:00,5,1000000.0,0.0,1.8901947707617968
2021-07-07 00:00:00+00:00,5,1000000.0,0.0,1.8751370737688964
2021-07-08 00:00:00+00:00,5,1000000.0,0.0,1.8742638743175215
2021-07-09 00:00:00+00:00,5,1000000.0,0.0,1.8404655142788995
2021-07-12 00:00:00+00:00,5,1000000.0,0.0,1.8490476973070837
2021-07-13 00:00:00+00:00,5,1000000.0,0.0,1.83085671598133
2021-07-14 00:00:00+00:00,5,1000000.0,0.0,1.9445683814663925
2021-07-15 00:00:00+00:00,5,1000000.0,0.0,2.0134715235213094
2021-07-16 00:00:00+00:00,5,1000000.0,0.0,2.1130361358112215
2021-07-19 00:00:00+00:00,5,1000000.0,0.0,2.2613871813252326
2021-07-20 00:00:00+00:00,5,1000000.0,0.0,2.3960098707257087
2021-07-21 00:00:00+00:00,5,1000000.0,0.0,2.76891360949002
2021-07-22 00:00:00+00:00,5,999975.0,-2.5e-05,3.191000706728965
2021-07-23 00:00:00+00:00,5,998212.096767425,-0.0017629473062577014,3.5015597967530376
2021-07-26 00:00:00+00:00,5,1000522.7605301037,0.0023148024053820967,3.5760369216336247
2021-07-27 00:00:00+00:00,5,1000192.4948487786,-0.00033009312166984103,3.748649876955698
2021-07-28 00:00:00+00:00,5,1000307.4478688001,0.00011493089641602663,3.8419506455893395
2021-07-29 00:00:00+00:00,5,999140.7853986479,-0.001166303892506128,3.918294758020351
2021-07-30 00:00:00+00:00,5,999907.6984007084,0.0007675725115700309,3.9275758246071915
2021-08-02 00:00:00+00:00,5,999345.5962827276,-0.0005621540056946042,3.9975326563607094
2021-08-03 00:00:00+00:00,5,998923.8151141661,-0.00042205736446963995,4.244738687726873
2021-08-04 00:00:00+00:00,5,999905.7575128098,0.0009830002886971694,4.303272706712189
2021-08-05 00:00:00+00:00,5,999310.0098408262,-0.0005958038220177348,4.431084898266771
2021-08-06 00:00:00+00:00,5,997248.3672411694,-0.0020630660949599597,4.405852914851397
2021-08-09 00:00:00+00:00,5,997859.0649956147,0.0006123828070380435,3.912272879907514
2021-08-10 00:00:00+00:00,5,996717.6655420008,-0.0011438483586045523,3.5211086461017698
2021-08-11 00:00:00+00:00,5,997303.7402483497,0.000588004734550622,3.056614329302021
2021-08-12 00:00:00+00:00,5,997358.3159177987,5.4723217457651025e-05,2.703894099353849
2021-08-13 00:00:00+00:00,5,998381.0589274549,0.0010254519296959425,2.417126534859173
2021-08-16 00:00:00+00:00,5,998843.0427037303,0.000462732913594855,2.295160880631473
2021-08-17 00:00:00+00:00,5,999001.7653686848,0.00015890651300413494,2.223671588207642
2021-08-18 00:00:00+00:00,5,998676.9236821895,-0.0003251662787356003,2.135623561656658
2021-08-19 00:00:00+00:00,5,998512.2629493942,-0.0001648788801369843,2.05178510845674
2021-08-20 00:00:00+00:00,5,999698.9742669738,0.0011884794625098712,1.9066713039206507
2021-08-23 00:00:00+00:00,5,999503.0285195117,-0.00019600474993562727,1.7185038644012192
2021-08-24 00:00:00+00:00,5,997527.9075549848,-0.0019761030313759976,1.5923686390439071
2021-08-25 00:00:00+00:00,5,998023.7572022678,0.0004970784712162454,1.4681772965050328
2021-08-26 00:00:00+00:00,5,997721.98585355,-0.00030236890308471824,1.2885113409741962
2021-08-27 00:00:00+00:00,5,997261.3239793028,-0.0004617136645066045,1.126340494023359
2021-08-30 00:00:00+00:00,5,997295.0954287369,3.386419248602706e-05,0.9489404431159238
2021-08-31 00:00:00+00:00,5,998135.937277847,0.0008431224147839728,0.7226354934019437
2021-09-01 00:00:00+00:00,5,998135.937277847,0.0,0.6743103349203041
2021-09-02 00:00:00+00:00,5,998135.937277847,0.0,0.6873463263994148
2021-09-03 00:00:00+00:00,5,998135.937277847,0.0,0.7302739876455409
2021-09-07 00:00:00+00:00,5,998135.937277847,0.0,0.6249514568613819
2021-09-08 00:00:00+00:00,5,998135.937277847,0.0,0.707928113190408
2021-09-09 00:00:00+00:00,5,998135.937277847,0.0,0.7821315083730305
2021-09-10 00:00:00+00:00,5,998135.937277847,0.0,0.9117066624102348
2021-09-13 00:00:00+00:00,5,998135.937277847,0.0,0.8834542813039263
2021-09-14 00:00:00+00:00,5,998135.937277847,0.0,1.003702761040925
2021-09-15 00:00:00+00:00,5,998135.937277847,0.0,1.017710661219076
2021-09-16 00:00:00+00:00,5,998135.937277847,0.0,1.0001027882834617
2021-09-17 00:00:00+00:00,5,998135.937277847,0.0,1.1467137445872462
2021-09-20 00:00:00+00:00,5,998135.937277847,0.0,1.001275231392106
2021-09-21 00:00:00+00:00,5,998135.937277847,0.0,0.1252200716523495
2021-09-22 00:00:00+00:00,5,998127.9521903488,-7.999999999984772e-06,-0.3525982226485267
2021-09-23 00:00:00+00:00,5,997911.3908941753,-0.0002169674696498113,-0.6440088831492261
2021-09-24 00:00:00+00:00,5,998015.6489806918,0.00010447629666107103,-0.46650511737593714
2021-09-27 00:00:00+00:00,5,997977.294832867,-3.843040724259229e-05,-0.40453398296554166
2021-09-28 00:00:00+00:00,5,998243.4554484778,0.000266700071222911,0.07597652102828167
2021-09-29 00:00:00+00:00,5,998706.9830015058,0.00046434319253295804,0.03611354781004916
2021-09-30 00:00:00+00:00,5,998825.2213560374,0.00011839143667167507,0.02360024156613516
2021-10-01 00:00:00+00:00,6,1000000.0,0.0,0.12838963168966977
2021-10-04 00:00:00+00:00,6,1000000.0,0.0,-0.10348736216925403
2021-10-05 00:00:00+00:00,6,1000000.0,0.0,-0.060263033026215496
2021-10-06 00:00:00+00:00,6,1000000.0,0.0,-0.0058953741938552184
2021-10-07 00:00:00+00:00,6,1000000.0,0.0,0.16103304303984523
2021-10-08 00:00:00+00:00,6,1000000.0,0.0,0.40076569483590685
2021-10-11 00:00:00+00:00,6,1000000.0,0.0,0.5386684189388511
2021-10-12 00:00:00+00:00,6,1000000.0,0.0,0.9273140165248446
2021-10-13 00:00:00+00:00,6,1000000.0,0.0,1.2279526377422423
2021-10-14 00:00:00+00:00,6,1000000.0,0.0,1.3625001946960946
2021-10-15 00:00:00+00:00,6,1000000.0,0.0,1.5328023183122852
2021-10-18 00:00:00+00:00,6,1000000.0,0.0,1.6589350445013604
2021-10-19 00:00:00+00:00,6,1000000.0,0.0,1.7305331167193376
2021-10-20 00:00:00+00:00,6,1000000.0,0.0,1.7225858624919672
2021-10-21 00:00:00+00:00,6,1000000.0,0.0,1.7931448891870492
2021-10-22 00:00:00+00:00,6,1000000.0,0.0,1.9016554631907479
2021-10-25 00:00:00+00:00,6,1000000.0,0.0,1.8146850151153195
2021-10-26 00:00:00+00:00,6,1000000.0,0.0,1.6567246436299312
2021-10-27 00:00:00+00:00,6,1000000.0,0.0,1.3963863729645043
2021-10-28 00:00:00+00:00,6,1000000.0,0.0,1.1830695997866405
2021-10-29 00:00:00+00:00,6,1000000.0,0.0,0.8730575144431496
2021-11-01 00:00:00+00:00,6,1000000.0,0.0,0.6587823352571256
2021-11-02 00:00:00+00:00,6,1000000.0,0.0,0.6731114502674886
2021-11-03 00:00:00+00:00,6,1000000.0,0.0,0.623316535925662
2021-11-04 00:00:00+00:00,6,1000000.0,0.0,0.44679539362849585
2021-11-05 00:00:00+00:00,6,1000000.0,0.0,0.08528358581415585
2021-11-08 00:00:00+00:00,6,1000000.0,0.0,-0.1511483199395336
2021-11-09 00:00:00+00:00,6,1000000.0,0.0,-1.1294679557343308
2021-11-10 00:00:00+00:00,6,1000000.0,0.0,-1.2659260107291663
2021-11-11 00:00:00+00:00,6,1000000.0,0.0,-0.800925315713596
2021-11-12 00:00:00+00:00,6,1000000.0,0.0,-0.4546046254501146
2021-11-15 00:00:00+00:00,6,1000000.0,0.0,-0.19624361745418106
2021-11-16 00:00:00+00:00,6,1000000.0,0.0,0.26287570004598937
2021-11-17 00:00:00+00:00,6,1000000.0,0.0,0.4768591851814765
2021-11-18 00:00:00+00:00,6,1000000.0,0.0,0.6484418995004733
2021-11-19 00:00:00+00:00,6,1000000.0,0.0,0.7399305969205816
2021-11-22 00:00:00+00:00,6,1000000.0,0.0,0.7460701553843929
2021-11-23 00:00:00+00:00,6,1000000.0,0.0,0.9044015852919829
2021-11-24 00:00:00+00:00,6,1000000.0,0.0,1.145477787122383
2021-11-26 00:00:00+00:00,6,1000000.0,0.0,1.4443587945310625
2021-11-29 00:00:00+00:00,6,1000000.0,0.0,1.1647704532623262
2021-11-30 00:00:00+00:00,6,1000000.0,0.0,0.9118545745463376
2021-12-01 00:00:00+00:00,6,1000000.0,0.0,0.8807843577483929
2021-12-02 00:00:00+00:00,6,1000000.0,0.0,0.6353829500486041
2021-12-03 00:00:00+00:00,6,1000000.0,0.0,0.5469468371818351
2021-12-06 00:00:00+00:00,6,1000000.0,0.0,0.41555045695626536
2021-12-07 00:00:00+00:00,6,1000000.0,0.0,0.4157469901298443
2021-12-08 00:00:00+00:00,6,1000000.0,0.0,0.6954373316089537
2021-12-09 00:00:00+00:00,6,1000000.0,0.0,0.7668511288717328
2021-12-10 00:00:00+00:00,6,1000000.0,0.0,0.806707208666432
2021-12-13 00:00:00+00:00,6,1000000.0,0.0,0.8557237034165714
2021-12-14 00:00:00+00:00,6,1000000.0,0.0,0.8166624336612394
2021-12-15 00:00:00+00:00,6,1000000.0,0.0,0.7557390678109019
2021-12-16 00:00:00+00:00,6,1000000.0,0.0,1.0595953824115432
2021-12-17 00:00:00+00:00,6,1000000.0,0.0,1.5071768930823763
2021-12-20 00:00:00+00:00,6,1000000.0,0.0,1.4962676467947151
2021-12-21 00:00:00+00:00,6,1000000.0,0.0,1.265414455856397
2021-12-22 00:00:00+00:00,6,1000000.0,0.0,1.317063951888339
2021-12-23 00:00:00+00:00,6,1000000.0,0.0,1.3529229791341706
2021-12-27 00:00:00+00:00,6,1000000.0,0.0,1.2524218088706771
2021-12-28 00:00:00+00:00,6,1000000.0,0.0,1.379314877348948
2021-12-29 00:00:00+00:00,6,1000000.0,0.0,1.6188066600309785
2021-12-30 00:00:00+00:00,6,1000000.0,0.0,1.7708735735015386
2021-12-31 00:00:00+00:00,6,1000000.0,0.0,1.9844016026166291
2022-01-03 00:00:00+00:00,7,1000000.0,0.0,1.8753102159423953
2022-01-04 00:00:00+00:00,7,1000000.0,0.0,1.777720933283554
2022-01-05 00:00:00+00:00,7,1000000.0,0.0,1.5904133177573456
2022-01-06 00:00:00+00:00,7,1000000.0,0.0,1.6136175800980253
2022-01-07 00:00:00+00:00,7,1000000.0,0.0,2.0697066043632772
2022-01-10 00:00:00+00:00,7,1000000.0,0.0,2.4295990111905956
2022-01-11 00:00:00+00:00,7,1000000.0,0.0,2.520227211737046
2022-01-12 00:00:00+00:00,7,1000000.0,0.0,2.618260313598175
2022-01-13 00:00:00+00:00,7,1000000.0,0.0,2.659804077158946
2022-01-14 00:00:00+00:00,7,999975.6340396765,-2.4365960323484614e-05,2.791562957633865
2022-01-18 00:00:00+00:00,7,1001993.1435704017,0.002017558690480193,2.7050164198144535
2022-01-19 00:00:00+00:00,7,1007320.4505474659,0.0053167100106907336,2.037096005632741
2022-01-20 00:00:00+00:00,7,1011125.7809545648,0.003777676115908019,1.3164381233530245
2022-01-21 00:00:00+00:00,7,1011562.3248475629,0.00043174044339568487,1.2079967668290577
2022-01-24 00:00:00+00:00,7,1011475.8042340295,-8.553166859637927e-05,0.9618723188331142
2022-01-25 00:00:00+00:00,7,1012463.0513511866,0.0009760462020193521,0.6544801854633748
2022-01-26 00:00:00+00:00,7,1013183.616801114,0.0007116955517199707,0.43394143133911633
2022-01-27 00:00:00+00:00,7,1015845.4550011397,0.002627202173313589,0.2465705889037233
2022-01-28 00:00:00+00:00,7,1015845.4550011397,0.0,0.6226262162352247
2022-01-31 00:00:00+00:00,7,1015845.4550011397,0.0,0.9011752599783884
2022-02-01 00:00:00+00:00,7,1015845.4550011397,0.0,1.2879301349031662
2022-02-02 00:00:00+00:00,7,1015845.4550011397,0.0,1.3767955816904633
2022-02-03 00:00:00+00:00,7,1015845.4550011397,0.0,1.3198672517600487
2022-02-04 00:00:00+00:00,7,1015845.4550011397,0.0,1.2073523404316724
2022-02-07 00:00:00+00:00,7,1015845.4550011397,0.0,1.2559875876521716
2022-02-08 00:00:00+00:00,7,1015845.4550011397,0.0,1.5154351187244366
2022-02-09 00:00:00+00:00,7,1015845.4550011397,0.0,1.8539192644244098
2022-02-10 00:00:00+00:00,7,1015845.4550011397,0.0,2.2795305486670197
2022-02-11 00:00:00+00:00,7,1015845.4550011397,0.0,2.3475856149906753
2022-02-14 00:00:00+00:00,7,1015845.4550011397,0.0,2.257796260205647
2022-02-15 00:00:00+00:00,7,1015845.4550011397,0.0,1.8325331182226705
2022-02-16 00:00:00+00:00,7,1015845.4550011397,0.0,1.7033025367732577
2022-02-17 00:00:00+00:00,7,1015845.4550011397,0.0,1.8525715857487217
2022-02-18 00:00:00+00:00,7,1015845.4550011397,0.0,1.8773927019185486
2022-02-22 00:00:00+00:00,7,1015845.4550011397,0.0,2.0345050938073825
2022-02-23 00:00:00+00:00,7,1015845.4550011397,0.0,2.2747315715815155
2022-02-24 00:00:00+00:00,7,1015845.4550011397,0.0,2.5109286512307722
2022-02-25 00:00:00+00:00,7,1015845.4550011397,0.0,2.999759739215116
2022-02-28 00:00:00+00:00,7,1015845.4550011397,0.0,3.2600752894222795
2022-03-01 00:00:00+00:00,7,1015845.4550011397,0.0,3.4784301657903485
2022-03-02 00:00:00+00:00,7,1015845.4550011397,0.0,3.4110825348521705
2022-03-03 00:00:00+00:00,7,1015845.4550011397,0.0,3.362281750220795
2022-03-04 00:00:00+00:00,7,1015845.4550011397,0.0,3.4382608262563057
2022-03-07 00:00:00+00:00,7,1015845.4550011397,0.0,3.472121073608758
2022-03-08 00:00:00+00:00,7,1015845.4550011397,0.0,3.457986815212273
2022-03-09 00:00:00+00:00,7,1015845.4550011397,0.0,3.457023786911654
2022-03-10 00:00:00+00:00,7,1015845.4550011397,0.0,3.464803496302382
2022-03-11 00:00:00+00:00,7,1015845.4550011397,0.0,3.456868630272873
2022-03-14 00:00:00+00:00,7,1015845.4550011397,0.0,3.40610061312533
2022-03-15 00:00:00+00:00,7,1015845.4550011397,0.0,3.3646773877060463
2022-03-16 00:00:00+00:00,7,1015845.4550011397,0.0,3.342079595560519
2022-03-17 00:00:00+00:00,7,1015845.4550011397,0.0,3.3378483096849876
2022-03-18 00:00:00+00:00,7,1015845.4550011397,0.0,3.330111133657494
2022-03-21 00:00:00+00:00,7,1015845.4550011397,0.0,3.3272654335113057
2022-03-22 00:00:00+00:00,7,1015845.4550011397,0.0,3.3382636957586858
2022-03-23 00:00:00+00:00,7,1015845.4550011397,0.0,3.347702923580092
2022-03-24 00:00:00+00:00,7,1015845.4550011397,0.0,3.377243663773593
2022-03-25 00:00:00+00:00,7,1015845.4550011397,0.0,3.4205390967382994
2022-03-28 00:00:00+00:00,7,1015845.4550011397,0.0,3.435354059731496
2022-03-29 00:00:00+00:00,7,1015845.4550011397,0.0,3.434485842938351
2022-03-30 00:00:00+00:00,7,1015845.4550011397,0.0,3.444627165501762
2022-03-31 00:00:00+00:00,7,1015845.4550011397,0.0,3.4749993045927887
2022-04-01 00:00:00+00:00,8,1000000.0,0.0,3.558658395960983
2022-04-04 00:00:00+00:00,8,1000000.0,0.0,3.5964931175765336
2022-04-05 00:00:00+00:00,8,1000000.0,0.0,3.5464150013831293
2022-04-06 00:00:00+00:00,8,1000000.0,0.0,3.497390978882406
2022-04-07 00:00:00+00:00,8,1000000.0,0.0,3.3223267781060177
2022-04-08 00:00:00+00:00,8,1000000.0,0.0,3.218852086573016
2022-04-11 00:00:00+00:00,8,1000000.0,0.0,3.2939938086006526
2022-04-12 00:00:00+00:00,8,1000000.0,0.0,3.3105322252680875
2022-04-13 00:00:00+00:00,8,1000000.0,0.0,3.2967019366592414
2022-04-14 00:00:00+00:00,8,1000000.0,0.0,3.299590509948012
2022-04-18 00:00:00+00:00,8,1000000.0,0.0,3.296594113937515
2022-04-19 00:00:00+00:00,8,1000000.0,0.0,3.2908849021983624
2022-04-20 00:00:00+00:00,8,1000000.0,0.0,3.27689840010909
2022-04-21 00:00:00+00:00,8,1000000.0,0.0,3.225350578273869
2022-04-22 00:00:00+00:00,8,1000000.0,0.0,3.196344891075791
2022-04-25 00:00:00+00:00,8,1000000.0,0.0,3.1240761426510315
2022-04-26 00:00:00+00:00,8,1000000.0,0.0,3.05757528035479
2022-04-27 00:00:00+00:00,8,1000000.0,0.0,2.964602310308268
2022-04-28 00:00:00+00:00,8,1000000.0,0.0,2.9045408507768027
2022-04-29 00:00:00+00:00,8,1000000.0,0.0,2.9054427596833445
2022-05-02 00:00:00+00:00,8,1000000.0,0.0,2.818909551977781
2022-05-03 00:00:00+00:00,8,1000000.0,0.0,2.7527098330431694
2022-05-04 00:00:00+00:00,8,1000000.0,0.0,2.702084789215374
2022-05-05 00:00:00+00:00,8,1000000.0,0.0,2.645520003792735
2022-05-06 00:00:00+00:00,8,1000000.0,0.0,2.508207246898495
2022-05-09 00:00:00+00:00,8,1000000.0,0.0,2.382255154687991
2022-05-10 00:00:00+00:00,8,1000000.0,0.0,2.2604683298013883
2022-05-11 00:00:00+00:00,8,1000000.0,0.0,2.126935291653281
2022-05-12 00:00:00+00:00,8,999975.0,-2.5e-05,2.005825722320713
2022-05-13 00:00:00+00:00,8,997041.0701170521,-0.0029340032330287635,1.9863023098879138
2022-05-16 00:00:00+00:00,8,998341.2845732942,0.001304073117158068,1.9642201154176604
2022-05-17 00:00:00+00:00,8,997186.2338603998,-0.001156969796544176,1.9770217625295086
2022-05-18 00:00:00+00:00,8,998634.1798688894,0.0014520316860815064,1.9793462722615223
2022-05-19 00:00:00+00:00,8,999621.0130054036,0.0009881828164981692,2.006476753895436
2022-05-20 00:00:00+00:00,8,999593.2698058903,-2.775371781139602e-05,2.044465537889609
2022-05-23 00:00:00+00:00,8,999405.3053424058,-0.00018804094541470263,2.0837922203561017
2022-05-24 00:00:00+00:00,8,999195.1433372016,-0.00021028706179645326,2.1113088414356063
2022-05-25 00:00:00+00:00,8,998640.878963862,-0.0005547108360519191,2.1280898587679498
2022-05-26 00:00:00+00:00,8,998217.9541283465,-0.0004235004238503097,2.142862729240085
2022-05-27 00:00:00+00:00,8,997521.6934374856,-0.0006975036744043513,2.148803788452092
2022-05-31 00:00:00+00:00,8,997660.1889719904,0.00013883962165023658,2.1246028518966744
2022-06-01 00:00:00+00:00,8,997180.6573164768,-0.0004806563004259841,2.1566093387467506
2022-06-02 00:00:00+00:00,8,998139.4692783125,0.0009615228241750945,2.2295696342893607
2022-06-03 00:00:00+00:00,8,997551.3228209729,-0.000589242761600126,2.2980737754622145
2022-06-06 00:00:00+00:00,8,997163.5155146354,-0.00038875925224663154,2.3780531330964525
2022-06-07 00:00:00+00:00,8,997032.2420092258,-0.00013164691985531306,2.3738412371772726
2022-06-08 00:00:00+00:00,8,997489.4195622946,0.0004585383840221048,2.3679842517530525
2022-06-09 00:00:00+00:00,8,996208.603725421,-0.0012840395213772142,2.3524952224906928
2022-06-10 00:00:00+00:00,8,995026.4499014199,-0.0011866528953678008,2.2765814704768035
2022-06-13 00:00:00+00:00,8,997354.1031690447,0.0023392878328564984,1.9351360949196232
2022-06-14 00:00:00+00:00,8,997238.4516549001,-0.00011595832791697273,1.752203797782824
2022-06-15 00:00:00+00:00,8,998518.2131032167,0.0012833053581045569,1.646981816767414
2022-06-16 00:00:00+00:00,8,999763.0338188207,0.0012466680119287156,1.6345694065963787
2022-06-17 00:00:00+00:00,8,999335.2055439963,-0.00042792967968643226,1.6104445061825094
2022-06-21 00:00:00+00:00,8,998932.2107822839,-0.0004032628486184573,1.546341394686089
2022-06-22 00:00:00+00:00,8,998919.2535184626,-1.2971114237194557e-05,1.5112168224412192
2022-06-23 00:00:00+00:00,8,1000652.1624124751,0.0017347837554523827,1.5370490198308726
2022-06-24 00:00:00+00:00,8,1000815.2773872635,0.00016300866666308476,1.6137510823442414
2022-06-27 00:00:00+00:00,8,998043.8341061256,-0.0027691856267152543,1.619842548398574
2022-06-28 00:00:00+00:00,8,998830.7008552689,0.0007884090079550128,1.6074654398393404
2022-06-29 00:00:00+00:00,8,1000094.7742799058,0.0012655532349522098,1.614190647700342
2022-06-30 00:00:00+00:00,8,1001528.8651967425,0.001433955014782691,1.6397916590089139
2022-07-01 00:00:00+00:00,9,1000000.0,0.0,1.6825895066682168
2022-07-05 00:00:00+00:00,9,1000000.0,0.0,1.7203262336717429
2022-07-06 00:00:00+00:00,9,1000000.0,0.0,1.7667360829045857
2022-07-07 00:00:00+00:00,9,1000000.0,0.0,1.7997770066520324
2022-07-08 00:00:00+00:00,9,1000000.0,0.0,1.8298446359207254
2022-07-11 00:00:00+00:00,9,1000000.0,0.0,1.8552233260573612
2022-07-12 00:00:00+00:00,9,1000000.0,0.0,1.8744144605573974
2022-07-13 00:00:00+00:00,9,1000000.0,0.0,1.9038053292946522
2022-07-14 00:00:00+00:00,9,1000000.0,0.0,1.9081723633367673
2022-07-15 00:00:00+00:00,9,1000000.0,0.0,1.8812288720755017
2022-07-18 00:00:00+00:00,9,1000000.0,0.0,1.8981767568417585
2022-07-19 00:00:00+00:00,9,1000000.0,0.0,1.9784686187634333
2022-07-20 00:00:00+00:00,9,1000000.0,0.0,1.8703744157487896
2022-07-21 00:00:00+00:00,9,1000000.0,0.0,1.6635259275931533
2022-07-22 00:00:00+00:00,9,1000000.0,0.0,1.2662585867603546
2022-07-25 00:00:00+00:00,9,999975.0,-2.5e-05,0.9390004848965452
2022-07-26 00:00:00+00:00,9,1001329.2169025223,0.0013542507587912236,0.672776833305484
2022-07-27 00:00:00+00:00,9,1000419.5668975682,-0.0009084424878442654,0.5477198915419699
2022-07-28 00:00:00+00:00,9,1001570.4624513446,0.0011504128786140096,0.5737561441109555
2022-07-29 00:00:00+00:00,9,1001511.7806852603,-5.8589753077037895e-05,0.5534121388194073
2022-08-01 00:00:00+00:00,9,1000571.3948798651,-0.0009389662942873849,0.5063160034081813
2022-08-02 00:00:00+00:00,9,1000612.8969403654,4.1478359977806324e-05,0.49259974029176057
2022-08-03 00:00:00+00:00,9,1000052.1242733966,-0.0005604291816381534,0.4545493246280925
2022-08-04 00:00:00+00:00,9,999172.3529509637,-0.0008797254673821297,0.5049269904963438
2022-08-05 00:00:00+00:00,9,999135.5230234385,-3.686043495535082e-05,0.5980979204296002
2022-08-08 00:00:00+00:00,9,998899.0317714006,-0.0002366958701681369,0.6052448459691266
2022-08-09 00:00:00+00:00,9,999663.6957985425,0.0007655068258358941,0.6765592818394168
2022-08-10 00:00:00+00:00,9,999900.5017006228,0.00023688556769205707,0.7130246697761278
2022-08-11 00:00:00+00:00,9,999099.454511669,-0.000801126899717953,0.7797176600068578
2022-08-12 00:00:00+00:00,9,998171.676649445,-0.00092861412148153,0.8699517626991646
2022-08-15 00:00:00+00:00,9,998724.1717794653,0.0005535071200125275,0.9530694841630911
2022-08-16 00:00:00+00:00,9,998205.5164678869,-0.0005193178719749127,1.0065041363324436
2022-08-17 00:00:00+00:00,9,998502.2347258319,0.0002972516711738455,1.0342398671191786
2022-08-18 00:00:00+00:00,9,998636.1262551876,0.00013409236824835714,1.0577350435349704
2022-08-19 00:00:00+00:00,9,999224.4256656361,0.0005891028723891712,1.0919283164844265
2022-08-22 00:00:00+00:00,9,999271.7940353855,4.7405135956162606e-05,1.106892765952356
2022-08-23 00:00:00+00:00,9,997675.6570004929,-0.0015973001984243428,1.1110513854098523
2022-08-24 00:00:00+00:00,9,998377.5642167125,0.0007035424902817228,1.1555698135074612
2022-08-25 00:00:00+00:00,9,998241.4939458905,-0.00013629139485800602,1.1711405421491765
2022-08-26 00:00:00+00:00,9,998518.1880431938,0.0002771815226890557,1.4796429905754085
2022-08-29 00:00:00+00:00,9,999997.3989748347,0.0014814060969082176,1.794735185918456
2022-08-30 00:00:00+00:00,9,1001299.0147000018,0.0013016191107111583,2.0569576686582223
2022-08-31 00:00:00+00:00,9,998530.5710082703,-0.002764852108199665,2.119929754526898
2022-09-01 00:00:00+00:00,9,998530.5710082703,0.0,2.13341377356115
2022-09-02 00:00:00+00:00,9,998530.5710082703,0.0,2.101068586595744
2022-09-06 00:00:00+00:00,9,998530.5710082703,0.0,2.1101132032303966
2022-09-07 00:00:00+00:00,9,998530.5710082703,0.0,2.0767937241303702
2022-09-08 00:00:00+00:00,9,998530.5710082703,0.0,2.024311588007042
2022-09-09 00:00:00+00:00,9,998530.5710082703,0.0,2.0635037918427916
2022-09-12 00:00:00+00:00,9,998530.5710082703,0.0,2.016161750123575
2022-09-13 00:00:00+00:00,9,998530.5710082703,0.0,1.9884361865684026
2022-09-14 00:00:00+00:00,9,998530.5710082703,0.0,1.856499712794998
2022-09-15 00:00:00+00:00,9,998530.5710082703,0.0,1.6788690361392202
2022-09-16 00:00:00+00:00,9,998530.5710082703,0.0,1.534805842956696
2022-09-19 00:00:00+00:00,9,998530.5710082703,0.0,1.445925702462131
2022-09-20 00:00:00+00:00,9,998530.5710082703,0.0,1.440207664505742
2022-09-21 00:00:00+00:00,9,998530.5710082703,0.0,1.2706360969994543
2022-09-22 00:00:00+00:00,9,998530.5710082703,0.0,0.9599152571290546
2022-09-23 00:00:00+00:00,9,998530.5710082703,0.0,0.6957132308525171
2022-09-26 00:00:00+00:00,9,998530.5710082703,0.0,0.44392532199475276
2022-09-27 00:00:00+00:00,9,998530.5710082703,0.0,0.29396485389804017
2022-09-28 00:00:00+00:00,9,998530.5710082703,0.0,0.10579211500314223
2022-09-29 00:00:00+00:00,9,998530.5710082703,0.0,0.04635349441744019
2022-09-30 00:00:00+00:00,9,998530.5710082703,0.0,0.05142359063312618
2022-10-03 00:00:00+00:00,10,1000000.0,0.0,0.08518433680944693
2022-10-04 00:00:00+00:00,10,1000000.0,0.0,0.17559062823120275
2022-10-05 00:00:00+00:00,10,1000000.0,0.0,0.2239688690286865
2022-10-06 00:00:00+00:00,10,1000000.0,0.0,0.2399630806297477
2022-10-07 00:00:00+00:00,10,1000000.0,0.0,0.357468355723106
2022-10-10 00:00:00+00:00,10,1000000.0,0.0,0.6329993494499835
2022-10-11 00:00:00+00:00,10,1000000.0,0.0,0.854338144154644
2022-10-12 00:00:00+00:00,10,1000000.0,0.0,1.0603611301929687
2022-10-13 00:00:00+00:00,10,1000000.0,0.0,1.2421666522709982
2022-10-14 00:00:00+00:00,10,1000000.0,0.0,1.4046806223138066
2022-10-17 00:00:00+00:00,10,1000000.0,0.0,1.7813746849399785
2022-10-18 00:00:00+00:00,10,1000000.0,0.0,2.01184227473119
2022-10-19 00:00:00+00:00,10,1000000.0,0.0,2.1440833688767653
2022-10-20 00:00:00+00:00,10,1000000.0,0.0,2.3662263511167354
2022-10-21 00:00:00+00:00,10,999975.9156212945,-2.408437870547641e-05,2.6532695302021296
2022-10-24 00:00:00+00:00,10,999135.5450944463,-0.0008403907671377408,2.914385124881361
2022-10-25 00:00:00+00:00,10,998353.8762375634,-0.0007823451589933675,3.237757120374043
2022-10-26 00:00:00+00:00,10,998081.2456815355,-0.0002730800796361241,3.391731312626716
2022-10-27 00:00:00+00:00,10,998683.7441659478,0.0006036567534148095,3.4587064513763903
2022-10-28 00:00:00+00:00,10,998407.6878910323,-0.00027642011450382833,3.5834086238210667
2022-10-31 00:00:00+00:00,10,997246.3579853256,-0.0011631820545771278,3.4881618409339135
2022-11-01 00:00:00+00:00,10,997891.7981524019,0.000647222385830765,3.282793483996128
2022-11-02 00:00:00+00:00,10,997715.9302681627,-0.00017623943253647492,2.6072112128780573
2022-11-03 00:00:00+00:00,10,997628.8608077681,-8.726878839277789e-05,1.531563846311892
2022-11-04 00:00:00+00:00,10,996518.6011402111,-0.0011128985048187176,0.4899204959293417
2022-11-07 00:00:00+00:00,10,995137.8184409182,-0.001385606548350418,-0.1964232976112985
2022-11-08 00:00:00+00:00,10,994604.4537550202,-0.0005359706726186798,-0.5667251459368554
2022-11-09 00:00:00+00:00,10,992383.2839600036,-0.0022332192326615288,-0.7052013713147636
2022-11-10 00:00:00+00:00,10,992383.2839600036,0.0,-1.11390068230196
2022-11-11 00:00:00+00:00,10,992383.2839600036,0.0,-1.0965587117176572
2022-11-14 00:00:00+00:00,10,992383.2839600036,0.0,-0.8748289415229484
2022-11-15 00:00:00+00:00,10,992383.2839600036,0.0,-0.8143270580867563
2022-11-16 00:00:00+00:00,10,992383.2839600036,0.0,-0.8666469464757336
2022-11-17 00:00:00+00:00,10,992383.2839600036,0.0,-0.9277309829210827
2022-11-18 00:00:00+00:00,10,992383.2839600036,0.0,-0.8781268590191189
2022-11-21 00:00:00+00:00,10,992383.2839600036,0.0,-0.7311905819541407
2022-11-22 00:00:00+00:00,10,992383.2839600036,0.0,-0.5985942647072573
2022-11-23 00:00:00+00:00,10,992383.2839600036,0.0,-0.42990322744088516
2022-11-25 00:00:00+00:00,10,992383.2839600036,0.0,-0.27237321232528267
2022-11-28 00:00:00+00:00,10,992383.2839600036,0.0,-0.11592203303447679
2022-11-29 00:00:00+00:00,10,992383.2839600036,0.0,-0.06815166007099016
2022-11-30 00:00:00+00:00,10,992383.2839600036,0.0,0.07306550668029388
2022-12-01 00:00:00+00:00,10,992383.2839600036,0.0,0.362681844029642
2022-12-02 00:00:00+00:00,10,992383.2839600036,0.0,0.6242196234715296
2022-12-05 00:00:00+00:00,10,992383.2839600036,0.0,0.8644182551238666
2022-12-06 00:00:00+00:00,10,992383.2839600036,0.0,1.0188116786121073
2022-12-07 00:00:00+00:00,10,992383.2839600036,0.0,1.104695741149003
2022-12-08 00:00:00+00:00,10,992383.2839600036,0.0,1.1356488525267636
2022-12-09 00:00:00+00:00,10,992383.2839600036,0.0,1.2417512005844689
2022-12-12 00:00:00+00:00,10,992383.2839600036,0.0,1.462101799793559
2022-12-13 00:00:00+00:00,10,992383.2839600036,0.0,1.8086662515045528
2022-12-14 00:00:00+00:00,10,992383.2839600036,0.0,2.229541636573608
2022-12-15 00:00:00+00:00,10,992383.2839600036,0.0,2.5178124252881036
2022-12-16 00:00:00+00:00,10,992383.2839600036,0.0,2.517357551987436
2022-12-19 00:00:00+00:00,10,992383.2839600036,0.0,2.477074157171514
2022-12-20 00:00:00+00:00,10,992383.2839600036,0.0,2.1082570852826126
2022-12-21 00:00:00+00:00,10,992383.2839600036,0.0,1.6293476301214316
2022-12-22 00:00:00+00:00,10,992383.2839600036,0.0,1.1649317654632334
2022-12-23 00:00:00+00:00,10,992383.2839600036,0.0,-0.20272118517355242
2022-12-27 00:00:00+00:00,10,992383.2839600036,0.0,-0.3969183223319188
2022-12-28 00:00:00+00:00,10,992383.2839600036,0.0,-0.38865509139537835
2022-12-29 00:00:00+00:00,10,992383.2839600036,0.0,-0.35132865160158744
2022-12-30 00:00:00+00:00,10,992383.2839600036,0.0,-0.3090890145714482
2023-01-03 00:00:00+00:00,11,1000000.0,0.0,-0.23965114298217216
2023-01-04 00:00:00+00:00,11,1000000.0,0.0,-0.21431171036307362
2023-01-05 00:00:00+00:00,11,1000000.0,0.0,-0.18768040733212832
2023-01-06 00:00:00+00:00,11,1000000.0,0.0,-0.1852218894689477
2023-01-09 00:00:00+00:00,11,1000000.0,0.0,-0.08467709884767238
2023-01-10 00:00:00+00:00,11,1000000.0,0.0,0.07891468303726334
2023-01-11 00:00:00+00:00,11,1000000.0,0.0,0.34598156878643316
2023-01-12 00:00:00+00:00,11,1000000.0,0.0,0.5196481587501758
2023-01-13 00:00:00+00:00,11,1000000.0,0.0,0.6938430094588677
2023-01-17 00:00:00+00:00,11,1000000.0,0.0,0.7803767502121941
2023-01-18 00:00:00+00:00,11,1000000.0,0.0,2.857403567314967
2023-01-19 00:00:00+00:00,11,999975.902991147,-2.4097008852986618e-05,3.9440286877529505
2023-01-20 00:00:00+00:00,11,1005724.2365359347,0.005748472065769978,4.245823674368568
2023-01-23 00:00:00+00:00,11,1004347.3703328099,-0.0013690295541323291,4.7041569595088895
2023-01-24 00:00:00+00:00,11,1002236.1125353411,-0.0021021191072260158,4.884537238103
2023-01-25 00:00:00+00:00,11,1002599.1611122093,0.0003622385706596196,4.998500221453196
2023-01-26 00:00:00+00:00,11,1001681.769224428,-0.0009150136199631765,5.111415309785214
2023-01-27 00:00:00+00:00,11,1001681.769224428,0.0,5.153679305431668
2023-01-30 00:00:00+00:00,11,1001681.769224428,0.0,5.270647087661831
2023-01-31 00:00:00+00:00,11,1001681.769224428,0.0,5.251007850175678
2023-02-01 00:00:00+00:00,11,1001681.769224428,0.0,5.115369627483803
2023-02-02 00:00:00+00:00,11,1001681.769224428,0.0,5.024521258813831
2023-02-03 00:00:00+00:00,11,1001681.769224428,0.0,4.929543863531064
2023-02-06 00:00:00+00:00,11,1001681.769224428,0.0,4.823098463317855
2023-02-07 00:00:00+00:00,11,1001681.769224428,0.0,4.7047463804681655
2023-02-08 00:00:00+00:00,11,1001681.769224428,0.0,4.611470966221766
2023-02-09 00:00:00+00:00,11,1001681.769224428,0.0,4.503843090869984
2023-02-10 00:00:00+00:00,11,1001681.769224428,0.0,4.522428936946692
2023-02-13 00:00:00+00:00,11,1001681.769224428,0.0,4.5459419732384685
2023-02-14 00:00:00+00:00,11,1001681.769224428,0.0,4.512830496573307
2023-02-15 00:00:00+00:00,11,1001681.769224428,0.0,4.541599466503418
2023-02-16 00:00:00+00:00,11,1001681.769224428,0.0,4.4887683431077505
2023-02-17 00:00:00+00:00,11,1001681.769224428,0.0,4.458386455875269
2023-02-21 00:00:00+00:00,11,1001681.769224428,0.0,4.567345718225218
2023-02-22 00:00:00+00:00,11,1001681.769224428,0.0,4.705175009558491
2023-02-23 00:00:00+00:00,11,1001681.769224428,0.0,4.732303513041589
2023-02-24 00:00:00+00:00,11,1001681.769224428,0.0,4.5784131344070165
2023-02-27 00:00:00+00:00,11,1001681.769224428,0.0,3.9593248816269027
2023-02-28 00:00:00+00:00,11,1001681.769224428,0.0,2.42596541712096
2023-03-01 00:00:00+00:00,11,1001681.769224428,0.0,-0.5193719026106871
2023-03-02 00:00:00+00:00,11,1001681.769224428,0.0,-0.6143954695126004
2023-03-03 00:00:00+00:00,11,1001681.769224428,0.0,-0.6248361418304951
2023-03-06 00:00:00+00:00,11,1001681.769224428,0.0,-1.1181059383150656
2023-03-07 00:00:00+00:00,11,1001681.769224428,0.0,-0.6532976475849361
2023-03-08 00:00:00+00:00,11,1001681.769224428,0.0,-0.7332531290937618
2023-03-09 00:00:00+00:00,11,1001681.769224428,0.0,-0.8322102907040465
2023-03-10 00:00:00+00:00,11,1001681.769224428,0.0,0.09723242278874
2023-03-13 00:00:00+00:00,11,1001681.769224428,0.0,0.0075278795255302455
2023-03-14 00:00:00+00:00,11,1001681.769224428,0.0,-0.08434829414488298
2023-03-15 00:00:00+00:00,11,1001681.769224428,0.0,-0.16679066474448856
2023-03-16 00:00:00+00:00,11,1001681.769224428,0.0,0.23526481682232614
2023-03-17 00:00:00+00:00,11,1001681.769224428,0.0,0.29841997046528235
2023-03-20 00:00:00+00:00,11,1001681.769224428,0.0,0.361699846789274
2023-03-21 00:00:00+00:00,11,1001681.769224428,0.0,0.3600861654574805
2023-03-22 00:00:00+00:00,11,1001681.769224428,0.0,0.33003239840105625
2023-03-23 00:00:00+00:00,11,1001681.769224428,0.0,0.3565588386760403
2023-03-24 00:00:00+00:00,11,1001681.769224428,0.0,0.522352235263039
2023-03-27 00:00:00+00:00,11,1001681.769224428,0.0,0.7414393218144015
2023-03-28 00:00:00+00:00,11,1001681.769224428,0.0,0.9490406977664794
2023-03-29 00:00:00+00:00,11,1001681.769224428,0.0,1.1009358410437926
2023-03-30 00:00:00+00:00,11,1001681.769224428,0.0,1.1653015343025217
2023-03-31 00:00:00+00:00,11,1001681.769224428,0.0,1.2490601524553746
2023-04-03 00:00:00+00:00,12,1000000.0,0.0,1.333975268225485
2023-04-04 00:00:00+00:00,12,1000000.0,0.0,1.4357242882323034
2023-04-05 00:00:00+00:00,12,1000000.0,0.0,1.5786268739925688
2023-04-06 00:00:00+00:00,12,1000000.0,0.0,1.7564534710490864
2023-04-10 00:00:00+00:00,12,1000000.0,0.0,1.9462535450360297
2023-04-11 00:00:00+00:00,12,1000000.0,0.0,2.1795710914805086
2023-04-12 00:00:00+00:00,12,1000000.0,0.0,2.470718060415114
2023-04-13 00:00:00+00:00,12,1000000.0,0.0,2.6279160452647874
2023-04-14 00:00:00+00:00,12,1000000.0,0.0,2.6954223381295517
2023-04-17 00:00:00+00:00,12,1000000.0,0.0,2.758443484304502
2023-04-18 00:00:00+00:00,12,1000000.0,0.0,2.8136284965446667
2023-04-19 00:00:00+00:00,12,1000000.0,0.0,3.004576761929267
2023-04-20 00:00:00+00:00,12,1000000.0,0.0,3.0085508417308837
2023-04-21 00:00:00+00:00,12,1000000.0,0.0,3.126324941707459
2023-04-24 00:00:00+00:00,12,1000000.0,0.0,3.1676675691774565
2023-04-25 00:00:00+00:00,12,1000000.0,0.0,2.743729780748925
2023-04-26 00:00:00+00:00,12,1000000.0,0.0,2.433633708031402
2023-04-27 00:00:00+00:00,12,1000000.0,0.0,2.0392417310929045
2023-04-28 00:00:00+00:00,12,1000000.0,0.0,2.082662867480575
2023-05-01 00:00:00+00:00,12,1000000.0,0.0,1.950423025153011
2023-05-02 00:00:00+00:00,12,1000000.0,0.0,2.219772999750277
2023-05-03 00:00:00+00:00,12,1000000.0,0.0,2.453918573827949
2023-05-04 00:00:00+00:00,12,1000000.0,0.0,2.384146279233177
2023-05-05 00:00:00+00:00,12,1000000.0,0.0,2.3531959116129446
2023-05-08 00:00:00+00:00,12,1000000.0,0.0,2.466798221476833
2023-05-09 00:00:00+00:00,12,1000000.0,0.0,2.690905715472701
2023-05-10 00:00:00+00:00,12,1000000.0,0.0,2.772462460719789
2023-05-11 00:00:00+00:00,12,1000000.0,0.0,2.859815874286389
2023-05-12 00:00:00+00:00,12,1000000.0,0.0,2.9098285511621467
2023-05-15 00:00:00+00:00,12,1000000.0,0.0,2.909626265144559
2023-05-16 00:00:00+00:00,12,1000000.0,0.0,2.859371725307202
2023-05-17 00:00:00+00:00,12,1000000.0,0.0,2.8843578458879833
2023-05-18 00:00:00+00:00,12,1000000.0,0.0,2.963689483175471
2023-05-19 00:00:00+00:00,12,1000000.0,0.0,3.046833553377728
2023-05-22 00:00:00+00:00,12,1000000.0,0.0,3.158502561288528
2023-05-23 00:00:00+00:00,12,1000000.0,0.0,3.2186036497921426
2023-05-24 00:00:00+00:00,12,1000000.0,0.0,3.2160157657061808
2023-05-25 00:00:00+00:00,12,1000000.0,0.0,3.192246170238442
2023-05-26 00:00:00+00:00,12,1000000.0,0.0,3.2044109881121834
2023-05-30 00:00:00+00:00,12,1000000.0,0.0,3.264498183382702
2023-05-31 00:00:00+00:00,12,1000000.0,0.0,3.3476110495318308
2023-06-01 00:00:00+00:00,12,1000000.0,0.0,3.207434484649481
2023-06-02 00:00:00+00:00,12,1000000.0,0.0,3.020216250478101
2023-06-05 00:00:00+00:00,12,1000000.0,0.0,2.9296993319149216
2023-06-06 00:00:00+00:00,12,1000000.0,0.0,2.784217822308039
2023-06-07 00:00:00+00:00,12,1000000.0,0.0,2.905325847607651
2023-06-08 00:00:00+00:00,12,1000000.0,0.0,2.9176391106189463
2023-06-09 00:00:00+00:00,12,1000000.0,0.0,2.8229471255727376
2023-06-12 00:00:00+00:00,12,1000000.0,0.0,2.527703604432309
2023-06-13 00:00:00+00:00,12,1000000.0,0.0,2.443594519350498
2023-06-14 00:00:00+00:00,12,1000000.0,0.0,2.315695999105369
2023-06-15 00:00:00+00:00,12,1000000.0,0.0,2.3256233915053452
2023-06-16 00:00:00+00:00,12,1000000.0,0.0,2.4648992662721474
2023-06-20 00:00:00+00:00,12,1000000.0,0.0,2.4738494800142425
2023-06-21 00:00:00+00:00,12,1000000.0,0.0,2.519951313421915
2023-06-22 00:00:00+00:00,12,1000000.0,0.0,2.7203760342559162
2023-06-23 00:00:00+00:00,12,1000000.0,0.0,2.718773310580865
2023-06-26 00:00:00+00:00,12,1000000.0,0.0,2.649146996077372
2023-06-27 00:00:00+00:00,12,1000000.0,0.0,2.570121343656764
2023-06-28 00:00:00+00:00,12,1000000.0,0.0,2.5667087166488707
2023-06-29 00:00:00+00:00,12,1000000.0,0.0,2.674808712331607
2023-06-30 00:00:00+00:00,12,1000000.0,0.0,2.6532162050158914
2023-07-03 00:00:00+00:00,13,1000000.0,0.0,2.6846459079005602
2023-07-05 00:00:00+00:00,13,1000000.0,0.0,2.7267034088418907
2023-07-06 00:00:00+00:00,13,1000000.0,0.0,2.646727362697662
2023-07-07 00:00:00+00:00,13,1000000.0,0.0,2.3211884933857285
2023-07-10 00:00:00+00:00,13,1000000.0,0.0,2.1168028335419757
2023-07-11 00:00:00+00:00,13,999975.0,-2.5e-05,1.8347693577071134
2023-07-12 00:00:00+00:00,13,1000974.8625618472,0.0009998875590361755,1.6723375193411618
2023-07-13 00:00:00+00:00,13,1001061.6318490013,8.668478140600387e-05,1.4652606233795948
2023-07-14 00:00:00+00:00,13,1000774.5235477368,-0.00028680382119347246,1.1131184635227234
2023-07-17 00:00:00+00:00,13,999329.2697452813,-0.0014441352856706265,0.3737251000193913
2023-07-18 00:00:00+00:00,13,996190.4572109218,-0.0031409192439240444,0.02895407126541283
2023-07-19 00:00:00+00:00,13,995668.1922301631,-0.0005242621799659324,1.0571745538464574
2023-07-20 00:00:00+00:00,13,998809.0205240975,0.003154492951009426,1.6713021072391
2023-07-21 00:00:00+00:00,13,998889.2385926333,8.031372052857181e-05,1.7390652672982032
2023-07-24 00:00:00+00:00,13,1000618.1647425325,0.0017308487098481463,1.7702822517389665
2023-07-25 00:00:00+00:00,13,998325.7879787429,-0.0022909605727370833,1.6130973449676889
2023-07-26 00:00:00+00:00,13,1002093.9756276342,0.003774506973841279,1.6568434413664948
2023-07-27 00:00:00+00:00,13,1001636.5814550119,-0.00045643840173361007,1.5241183730667736
2023-07-28 00:00:00+00:00,13,1002949.1616272677,0.0013104355377567868,1.476187322336262
2023-07-31 00:00:00+00:00,13,1004080.0485614806,0.0011275615728897266,1.4048570392865054
2023-08-01 00:00:00+00:00,13,1005617.294300898,0.0015309991883812007,1.3293298835225427
2023-08-02 00:00:00+00:00,13,1005411.5951988272,-0.00020455008404938582,1.2413737279993065
2023-08-03 00:00:00+00:00,13,1006543.3525746748,0.0011256657285951981,1.1950668162784108
2023-08-04 00:00:00+00:00,13,1006999.2349276158,0.0004529187458989908,1.1728280237254465
2023-08-07 00:00:00+00:00,13,1007281.4870808136,0.0002802903352931124,1.1528794447687698
2023-08-08 00:00:00+00:00,13,1005268.7969580356,-0.0019981406871787217,1.1437036506347544
2023-08-09 00:00:00+00:00,13,1004755.6487080813,-0.0005104587464636477,1.2171243329595685
2023-08-10 00:00:00+00:00,13,1002104.8717014843,-0.002638230509084875,1.3336202892287572
2023-08-11 00:00:00+00:00,13,1002104.8717014843,0.0,1.4355350286531312
2023-08-14 00:00:00+00:00,13,1002104.8717014843,0.0,1.4823813069770848
2023-08-15 00:00:00+00:00,13,1002104.8717014843,0.0,1.5551016628911674
2023-08-16 00:00:00+00:00,13,1002104.8717014843,0.0,1.5951676185569346
2023-08-17 00:00:00+00:00,13,1002104.8717014843,0.0,1.6858087037781653
2023-08-18 00:00:00+00:00,13,1002104.8717014843,0.0,1.838494867431998
2023-08-21 00:00:00+00:00,13,1002104.8717014843,0.0,1.942895243029108
2023-08-22 00:00:00+00:00,13,1002104.8717014843,0.0,2.0114387682750166
2023-08-23 00:00:00+00:00,13,1002104.8717014843,0.0,2.0754371262303555
2023-08-24 00:00:00+00:00,13,1002104.8717014843,0.0,2.1169656275235496
2023-08-25 00:00:00+00:00,13,1002104.8717014843,0.0,2.0997133487889013
2023-08-28 00:00:00+00:00,13,1002104.8717014843,0.0,2.1039804659798182
2023-08-29 00:00:00+00:00,13,1002104.8717014843,0.0,2.1374655847319417
2023-08-30 00:00:00+00:00,13,1002104.8717014843,0.0,2.01745904828338
2023-08-31 00:00:00+00:00,13,1002104.8717014843,0.0,1.8125977381199996
2023-09-01 00:00:00+00:00,13,1002104.8717014843,0.0,1.6474588037157476
2023-09-05 00:00:00+00:00,13,1002104.8717014843,0.0,1.4433750896924717
2023-09-06 00:00:00+00:00,13,1002104.8717014843,0.0,1.2535931206031616
2023-09-07 00:00:00+00:00,13,1002104.8717014843,0.0,0.7646372380234894
2023-09-08 00:00:00+00:00,13,1002104.8717014843,0.0,0.5160813634216233
2023-09-11 00:00:00+00:00,13,1002104.8717014843,0.0,0.19398500276760622
2023-09-12 00:00:00+00:00,13,1002104.8717014843,0.0,0.022086365132060415
2023-09-13 00:00:00+00:00,13,1002096.8548625107,-8.000000000009014e-06,-0.18767215097577328
2023-09-14 00:00:00+00:00,13,1002370.8612520854,0.0002734330401748681,-0.1422047261851782
2023-09-15 00:00:00+00:00,13,1002422.0443038297,5.106199084868564e-05,0.03440177103399655
2023-09-18 00:00:00+00:00,13,1002456.2854605976,3.415842355274363e-05,0.25442734088418284
2023-09-19 00:00:00+00:00,13,1002297.1981454695,-0.00015869750874470575,0.5062995753731716
2023-09-20 00:00:00+00:00,13,1002248.5601526843,-4.852651775859468e-05,0.8451893615228503
2023-09-21 00:00:00+00:00,13,1002785.6402152412,0.0005358751151262075,1.0210878082810195
2023-09-22 00:00:00+00:00,13,1003064.3978191874,0.0002779832426462633,1.1803206458693838
2023-09-25 00:00:00+00:00,13,1003189.2644922901,0.00012448520092448468,1.308718373001705
2023-09-26 00:00:00+00:00,13,1003013.7949243621,-0.00017491172816407876,1.57886546663536
2023-09-27 00:00:00+00:00,13,1003202.7258560478,0.00018836324349853295,1.7908391471288327
2023-09-28 00:00:00+00:00,13,1003116.4900843209,-8.596046392651798e-05,2.004913286174253
2023-09-29 00:00:00+00:00,13,1003265.8681821012,0.0001489140087486002,2.105319264753609
2023-10-02 00:00:00+00:00,14,1000000.0,0.0,2.2400116897376834
2023-10-03 00:00:00+00:00,14,1000000.0,0.0,2.3628298232046503
2023-10-04 00:00:00+00:00,14,1000000.0,0.0,2.293246304669796
2023-10-05 00:00:00+00:00,14,1000000.0,0.0,2.247947700697648
2023-10-06 00:00:00+00:00,14,1000000.0,0.0,2.220904278894435
2023-10-09 00:00:00+00:00,14,1000000.0,0.0,2.1826920644390717
2023-10-10 00:00:00+00:00,14,1000000.0,0.0,2.183395169015544
2023-10-11 00:00:00+00:00,14,1000000.0,0.0,2.230964419768728
2023-10-12 00:00:00+00:00,14,1000000.0,0.0,2.2741004363567345
2023-10-13 00:00:00+00:00,14,1000000.0,0.0,2.3118193598040735
2023-10-16 00:00:00+00:00,14,1000000.0,0.0,2.3157556260908487
2023-10-17 00:00:00+00:00,14,1000000.0,0.0,2.296364493231985
2023-10-18 00:00:00+00:00,14,1000000.0,0.0,2.2413536211963634
2023-10-19 00:00:00+00:00,14,1000000.0,0.0,2.3135441720584717
2023-10-20 00:00:00+00:00,14,1000000.0,0.0,2.4368693928764262
2023-10-23 00:00:00+00:00,14,1000000.0,0.0,2.510461495580096
2023-10-24 00:00:00+00:00,14,1000000.0,0.0,2.655409804350981
2023-10-25 00:00:00+00:00,14,1000000.0,0.0,2.737058544528833
2023-10-26 00:00:00+00:00,14,1000000.0,0.0,2.7750070752494898
2023-10-27 00:00:00+00:00,14,1000000.0,0.0,2.8267750548153687
2023-10-30 00:00:00+00:00,14,1000000.0,0.0,2.884468212228506
2023-10-31 00:00:00+00:00,14,1000000.0,0.0,3.059447087539524
2023-11-01 00:00:00+00:00,14,1000000.0,0.0,3.253438276108974
2023-11-02 00:00:00+00:00,14,1000000.0,0.0,3.4355963628111024
2023-11-03 00:00:00+00:00,14,1000000.0,0.0,3.6033927489674733
2023-11-06 00:00:00+00:00,14,1000000.0,0.0,3.6746524030803958
2023-11-07 00:00:00+00:00,14,1000000.0,0.0,3.782936959709561
2023-11-08 00:00:00+00:00,14,1000000.0,0.0,3.8516985786034623
2023-11-09 00:00:00+00:00,14,1000000.0,0.0,3.8992943475178117
2023-11-10 00:00:00+00:00,14,1000000.0,0.0,4.041780740994488
2023-11-13 00:00:00+00:00,14,1000000.0,0.0,4.14357700588379
2023-11-14 00:00:00+00:00,14,1000000.0,0.0,4.198633066768284
2023-11-15 00:00:00+00:00,14,1000000.0,0.0,3.894208499801546
2023-11-16 00:00:00+00:00,14,1000000.0,0.0,3.5520264139696063
2023-11-17 00:00:00+00:00,14,1000000.0,0.0,3.2394699290344664
2023-11-20 00:00:00+00:00,14,1000000.0,0.0,2.82891437636138
2023-11-21 00:00:00+00:00,14,1000000.0,0.0,2.4478044015606595
2023-11-22 00:00:00+00:00,14,1000000.0,0.0,2.2014796915237094
2023-11-24 00:00:00+00:00,14,1000000.0,0.0,1.895804989008342
2023-11-27 00:00:00+00:00,14,1000000.0,0.0,1.6633578669978215
2023-11-28 00:00:00+00:00,14,1000000.0,0.0,1.4448829508948382
2023-11-29 00:00:00+00:00,14,1000000.0,0.0,1.1700325853106799
2023-11-30 00:00:00+00:00,14,1000000.0,0.0,0.6036298268350304
2023-12-01 00:00:00+00:00,14,1000000.0,0.0,0.6182767063906196
2023-12-04 00:00:00+00:00,14,1000000.0,0.0,0.6926559515635047
2023-12-05 00:00:00+00:00,14,1000000.0,0.0,0.7969936512028593
2023-12-06 00:00:00+00:00,14,1000000.0,0.0,0.8960542112149241
2023-12-07 00:00:00+00:00,14,1000000.0,0.0,0.9602453804341424
2023-12-08 00:00:00+00:00,14,1000000.0,0.0,1.0802230707949745
2023-12-11 00:00:00+00:00,14,1000000.0,0.0,1.2935968893405345
2023-12-12 00:00:00+00:00,14,1000000.0,0.0,1.6680989367357792
2023-12-13 00:00:00+00:00,14,1000000.0,0.0,1.8695430381568032
2023-12-14 00:00:00+00:00,14,1000000.0,0.0,2.0366387588409203
2023-12-15 00:00:00+00:00,14,1000000.0,0.0,2.07603735506863
2023-12-18 00:00:00+00:00,14,1000000.0,0.0,2.23075138897368
2023-12-19 00:00:00+00:00,14,1000000.0,0.0,2.3096245783171465
2023-12-20 00:00:00+00:00,14,1000000.0,0.0,2.342808539683589
2023-12-21 00:00:00+00:00,14,1000000.0,0.0,2.3879328880195274
2023-12-22 00:00:00+00:00,14,1000000.0,0.0,2.4629157346306423
2023-12-26 00:00:00+00:00,14,1000000.0,0.0,2.5142594674324
2023-12-27 00:00:00+00:00,14,1000000.0,0.0,2.5615975382348712
2023-12-28 00:00:00+00:00,14,1000000.0,0.0,2.5764877274691758
2023-12-29 00:00:00+00:00,14,1000000.0,0.0,2.5735239374873333
2024-01-02 00:00:00+00:00,15,1000000.0,0.0,2.5894246946865573
2024-01-03 00:00:00+00:00,15,1000000.0,0.0,2.598477555936292
2024-01-04 00:00:00+00:00,15,1000000.0,0.0,2.623017846112885
2024-01-05 00:00:00+00:00,15,1000000.0,0.0,2.641125420371395
2024-01-08 00:00:00+00:00,15,1000000.0,0.0,2.6615879041568338
2024-01-09 00:00:00+00:00,15,1000000.0,0.0,2.6544599236052417
2024-01-10 00:00:00+00:00,15,1000000.0,0.0,2.64902577005242
2024-01-11 00:00:00+00:00,15,1000000.0,0.0,2.6406663191387065
2024-01-12 00:00:00+00:00,15,1000000.0,0.0,2.5899070509946833
2024-01-16 00:00:00+00:00,15,1000000.0,0.0,2.6070974027710565
2024-01-17 00:00:00+00:00,15,1000000.0,0.0,2.6821423513946394
2024-01-18 00:00:00+00:00,15,1000000.0,0.0,2.799362332589234
2024-01-19 00:00:00+00:00,15,1000000.0,0.0,2.962190896585867
2024-01-22 00:00:00+00:00,15,1000000.0,0.0,3.216310477177969
2024-01-23 00:00:00+00:00,15,1000000.0,0.0,3.5185174271520845
2024-01-24 00:00:00+00:00,15,1000000.0,0.0,3.872763407220653
2024-01-25 00:00:00+00:00,15,1000000.0,0.0,4.200823231826245
2024-01-26 00:00:00+00:00,15,999976.0780038208,-2.3921996179153213e-05,4.619775919485065
2024-01-29 00:00:00+00:00,15,998866.4186456172,-0.001109685904105602,5.107000647561604
2024-01-30 00:00:00+00:00,15,996678.3166734354,-0.0021905851786955723,5.38145210733673
2024-01-31 00:00:00+00:00,15,997099.7656524586,0.0004228535646585667,5.442554424226595
2024-02-01 00:00:00+00:00,15,996889.0261759051,-0.00021135244818317145,5.468774006939095
2024-02-02 00:00:00+00:00,15,996110.9943018266,-0.0007804598642871126,5.494759771238277
2024-02-05 00:00:00+00:00,15,996602.5197995155,0.0004934445061851985,5.525490993566116
2024-02-06 00:00:00+00:00,15,995431.1625818794,-0.001175350447510122,5.500917184558643
2024-02-07 00:00:00+00:00,15,994937.099759947,-0.0004963304751791218,5.511327677868577
2024-02-08 00:00:00+00:00,15,994739.6788883037,-0.0001984254800539473,5.518828074333553
2024-02-09 00:00:00+00:00,15,995248.9071520634,0.0005119211333047995,5.515788936248267
2024-02-12 00:00:00+00:00,15,994229.609544532,-0.0010241635034276748,5.553623280518374
2024-02-13 00:00:00+00:00,15,994315.842816589,8.673375971626018e-05,5.599498272144043
2024-02-14 00:00:00+00:00,15,994784.6649320957,0.00047150220817019235,5.573721364681013
2024-02-15 00:00:00+00:00,15,994738.1473209657,-4.676148795799904e-05,5.632405812814973
2024-02-16 00:00:00+00:00,15,995442.0937329647,0.0007076700676403447,5.610753760392761
2024-02-20 00:00:00+00:00,15,994594.8715619247,-0.0008511014114973654,5.58583662088861
2024-02-21 00:00:00+00:00,15,993618.5929037996,-0.000981584247053198,5.722860195559317
2024-02-22 00:00:00+00:00,15,993381.3964230616,-0.0002387198492781868,5.953157615362783
2024-02-23 00:00:00+00:00,15,993743.5649705612,0.000364581568372089,6.014736971641372
2024-02-26 00:00:00+00:00,15,992924.7517304827,-0.00082396834449214,5.912630057147576
2024-02-27 00:00:00+00:00,15,992752.7695743148,-0.00017320764324599798,5.693021150134551
2024-02-28 00:00:00+00:00,15,992752.7695743148,0.0,5.195619117304501
2024-02-29 00:00:00+00:00,15,992752.7695743148,0.0,5.3097844182203815
2024-03-01 00:00:00+00:00,15,992752.7695743148,0.0,5.672831873720008
2024-03-04 00:00:00+00:00,15,992752.7695743148,0.0,6.256664474200334
2024-03-05 00:00:00+00:00,15,992752.7695743148,0.0,5.6618579768046775
2024-03-06 00:00:00+00:00,15,992752.7695743148,0.0,5.404631765914185
2024-03-07 00:00:00+00:00,15,992752.7695743148,0.0,5.435699993444398
2024-03-08 00:00:00+00:00,15,992752.7695743148,0.0,5.260885191026594
2024-03-11 00:00:00+00:00,15,992752.7695743148,0.0,5.062805972152217
2024-03-12 00:00:00+00:00,15,992752.7695743148,0.0,4.756957121255409
2024-03-13 00:00:00+00:00,15,992752.7695743148,0.0,4.5154453618241135
2024-03-14 00:00:00+00:00,15,992752.7695743148,0.0,4.41859851211547
2024-03-15 00:00:00+00:00,15,992752.7695743148,0.0,4.38190193084474
2024-03-18 00:00:00+00:00,15,992752.7695743148,0.0,4.425717790280389
2024-03-19 00:00:00+00:00,15,992752.7695743148,0.0,4.550724790919233
2024-03-20 00:00:00+00:00,15,992752.7695743148,0.0,4.775347220934071
2024-03-21 00:00:00+00:00,15,992752.7695743148,0.0,4.610413668491218
2024-03-22 00:00:00+00:00,15,992752.7695743148,0.0,3.7322932747653144
2024-03-25 00:00:00+00:00,15,992752.7695743148,0.0,3.5249431776916955
2024-03-26 00:00:00+00:00,15,992752.7695743148,0.0,3.407868859701809
2024-03-27 00:00:00+00:00,15,992752.7695743148,0.0,3.288754459326127
2024-03-28 00:00:00+00:00,15,992752.7695743148,0.0,3.082589222710779
2024-04-01 00:00:00+00:00,16,1000000.0,0.0,2.9053509884753552
2024-04-02 00:00:00+00:00,16,1000000.0,0.0,2.836577119080817
2024-04-03 00:00:00+00:00,16,1000000.0,0.0,2.827175846339152
2024-04-04 00:00:00+00:00,16,1000000.0,0.0,2.734227201219864
2024-04-05 00:00:00+00:00,16,1000000.0,0.0,2.6911417567101967
2024-04-08 00:00:00+00:00,16,1000000.0,0.0,2.6180175170546924
2024-04-09 00:00:00+00:00,16,1000000.0,0.0,2.5530494471667287
2024-04-10 00:00:00+00:00,16,1000000.0,0.0,2.474433650674922
2024-04-11 00:00:00+00:00,16,1000000.0,0.0,2.3986580291951083
2024-04-12 00:00:00+00:00,16,1000000.0,0.0,2.3548948317708036
2024-04-15 00:00:00+00:00,16,1000000.0,0.0,2.3640160168037525
2024-04-16 00:00:00+00:00,16,1000000.0,0.0,2.4343466308030615
2024-04-17 00:00:00+00:00,16,1000000.0,0.0,2.44857890654624
2024-04-18 00:00:00+00:00,16,1000000.0,0.0,2.4654015809722996
2024-04-19 00:00:00+00:00,16,1000000.0,0.0,2.3394066773594075
2024-04-22 00:00:00+00:00,16,1000000.0,0.0,2.2848385433476968
2024-04-23 00:00:00+00:00,16,1000000.0,0.0,2.252439823865301
2024-04-24 00:00:00+00:00,16,1000000.0,0.0,2.1633864248574852
2024-04-25 00:00:00+00:00,16,1000000.0,0.0,2.0522620265898874
2024-04-26 00:00:00+00:00,16,1000000.0,0.0,2.0556664869861176
2024-04-29 00:00:00+00:00,16,1000000.0,0.0,2.0078911139098707
2024-04-30 00:00:00+00:00,16,1000000.0,0.0,2.0819841558387226
2024-05-01 00:00:00+00:00,16,1000000.0,0.0,2.4476112695145824
2024-05-02 00:00:00+00:00,16,1000000.0,0.0,2.7202031004068905
2024-05-03 00:00:00+00:00,16,1000000.0,0.0,2.610220650047106
2024-05-06 00:00:00+00:00,16,1000000.0,0.0,2.2636764142500767
2024-05-07 00:00:00+00:00,16,1000000.0,0.0,1.863897458688915
2024-05-08 00:00:00+00:00,16,1000000.0,0.0,1.6106142264529968
2024-05-09 00:00:00+00:00,16,1000000.0,0.0,1.3264735880523881
2024-05-10 00:00:00+00:00,16,1000000.0,0.0,0.9950859444809197
2024-05-13 00:00:00+00:00,16,1000000.0,0.0,0.790736217439342
2024-05-14 00:00:00+00:00,16,1000000.0,0.0,0.715913214143824
2024-05-15 00:00:00+00:00,16,1000000.0,0.0,0.6904652968001601
2024-05-16 00:00:00+00:00,16,1000000.0,0.0,0.6587166502642825
2024-05-17 00:00:00+00:00,16,1000000.0,0.0,0.6195491590667066
2024-05-20 00:00:00+00:00,16,1000000.0,0.0,0.5948086807375255
2024-05-21 00:00:00+00:00,16,1000000.0,0.0,0.6710002010323244
2024-05-22 00:00:00+00:00,16,1000000.0,0.0,0.6552754642927887
2024-05-23 00:00:00+00:00,16,1000000.0,0.0,0.810859405902673
2024-05-24 00:00:00+00:00,16,1000000.0,0.0,0.7328417406083831
2024-05-28 00:00:00+00:00,16,1000000.0,0.0,0.7530565463575876
2024-05-29 00:00:00+00:00,16,1000000.0,0.0,0.6111691931886272
2024-05-30 00:00:00+00:00,16,1000000.0,0.0,0.7201552623372711
2024-05-31 00:00:00+00:00,16,1000000.0,0.0,0.8633980422826504
2024-06-03 00:00:00+00:00,16,1000000.0,0.0,1.0629344622987373
2024-06-04 00:00:00+00:00,16,1000000.0,0.0,1.3279417537596636
2024-06-05 00:00:00+00:00,16,1000000.0,0.0,1.491919708422568
2024-06-06 00:00:00+00:00,16,1000000.0,0.0,1.6090904811130367
2024-06-07 00:00:00+00:00,16,1000000.0,0.0,1.7585693273073932
2024-06-10 00:00:00+00:00,16,1000000.0,0.0,2.0058805903413344
2024-06-11 00:00:00+00:00,16,1000000.0,0.0,2.149824562875959
2024-06-12 00:00:00+00:00,16,1000000.0,0.0,2.1900833505120056
2024-06-13 00:00:00+00:00,16,1000000.0,0.0,2.2790371775371168
2024-06-14 00:00:00+00:00,16,1000000.0,0.0,2.4141050438022504
2024-06-17 00:00:00+00:00,16,1000000.0,0.0,2.624324363018743
2024-06-18 00:00:00+00:00,16,1000000.0,0.0,2.682352800255205
2024-06-20 00:00:00+00:00,16,1000000.0,0.0,2.7462337240384267
2024-06-21 00:00:00+00:00,16,1000000.0,0.0,2.8853499395666353
2024-06-24 00:00:00+00:00,16,1000000.0,0.0,2.952994069225016
2024-06-25 00:00:00+00:00,16,1000000.0,0.0,2.9555830121687063
2024-06-26 00:00:00+00:00,16,1000000.0,0.0,2.937499060496793
2024-06-27 00:00:00+00:00,16,1000000.0,0.0,2.8230344952969513
2024-06-28 00:00:00+00:00,16,1000000.0,0.0,2.679140086352873
2024-07-01 00:00:00+00:00,17,1000000.0,0.0,2.6679033732301636
2024-07-02 00:00:00+00:00,17,1000000.0,0.0,2.662983869132035
2024-07-03 00:00:00+00:00,17,1000000.0,0.0,2.6714907331849775
2024-07-05 00:00:00+00:00,17,1000000.0,0.0,2.417026759630849
2024-07-08 00:00:00+00:00,17,1000000.0,0.0,2.3828063768325753
2024-07-09 00:00:00+00:00,17,1000000.0,0.0,2.2394545816351723
2024-07-10 00:00:00+00:00,17,1000000.0,0.0,2.3623154027949242
2024-07-11 00:00:00+00:00,17,1000000.0,0.0,2.3441704697342503
2024-07-12 00:00:00+00:00,17,1000000.0,0.0,2.4844790152627945
2024-07-15 00:00:00+00:00,17,1000000.0,0.0,2.5089602324078575
2024-07-16 00:00:00+00:00,17,1000000.0,0.0,2.399743227638883
2024-07-17 00:00:00+00:00,17,1000000.0,0.0,2.082375593957133
2024-07-18 00:00:00+00:00,17,1000000.0,0.0,1.9157090843839102
2024-07-19 00:00:00+00:00,17,1000000.0,0.0,1.9288546011833105
2024-07-22 00:00:00+00:00,17,1000000.0,0.0,1.835732544054137
2024-07-23 00:00:00+00:00,17,1000000.0,0.0,1.7332061885394543
2024-07-24 00:00:00+00:00,17,1000000.0,0.0,1.6648498559805143
2024-07-25 00:00:00+00:00,17,1000000.0,0.0,1.5927562202210561
2024-07-26 00:00:00+00:00,17,1000000.0,0.0,1.54269803132894
2024-07-29 00:00:00+00:00,17,1000000.0,0.0,1.4142703140950923
2024-07-30 00:00:00+00:00,17,1000000.0,0.0,1.3614263791753487
2024-07-31 00:00:00+00:00,17,1000000.0,0.0,1.2293689339888427
2024-08-01 00:00:00+00:00,17,1000000.0,0.0,1.1630437378126661
2024-08-02 00:00:00+00:00,17,1000000.0,0.0,1.2314773760123545
2024-08-05 00:00:00+00:00,17,1000000.0,0.0,1.6139376895133726
2024-08-06 00:00:00+00:00,17,1000000.0,0.0,2.2846423475527295
2024-08-07 00:00:00+00:00,17,1000000.0,0.0,2.7872383417467583
2024-08-08 00:00:00+00:00,17,1000000.0,0.0,3.295533842400245
2024-08-09 00:00:00+00:00,17,999975.0,-2.5e-05,3.7680693167074337
2024-08-12 00:00:00+00:00,17,1000944.7059584933,0.0009697302017483304,4.244488914914221
2024-08-13 00:00:00+00:00,17,1002265.1475600811,0.0013191953498803601,4.563737078845951
2024-08-14 00:00:00+00:00,17,1004512.8284506191,0.0022426010682001624,4.707914169081588
2024-08-15 00:00:00+00:00,17,1005851.8391077361,0.0013329950789999572,4.752213615675125
2024-08-16 00:00:00+00:00,17,1005483.1007032834,-0.00036659316026084135,4.770738028228113
2024-08-19 00:00:00+00:00,17,1005772.8815204729,0.000288200584362681,4.797916915569383
2024-08-20 00:00:00+00:00,17,1006478.3546188031,0.0007014238614822302,4.760360270313698
2024-08-21 00:00:00+00:00,17,1006221.7370669198,-0.00025496579306022487,4.697848889272022
2024-08-22 00:00:00+00:00,17,1005849.0292099927,-0.00037040330495491944,4.625530487645859
2024-08-23 00:00:00+00:00,17,1004845.5073995772,-0.000997686314022423,4.520360496763491
2024-08-26 00:00:00+00:00,17,1005505.7039306209,0.0006570129698367749,4.353452470127412
2024-08-27 00:00:00+00:00,17,1005346.9420114768,-0.00015789260918506914,4.207603562842551
2024-08-28 00:00:00+00:00,17,1007391.0266643655,0.002033213179918709,4.132893490841983
2024-08-29 00:00:00+00:00,17,1005191.2326875782,-0.0021836545279455533,4.084968869448984
2024-08-30 00:00:00+00:00,17,1006330.9239763559,0.0011338054409115296,3.8250843938280927
2024-09-03 00:00:00+00:00,17,1007202.1810415498,0.0008657759037665372,3.6604432535961346
2024-09-04 00:00:00+00:00,17,1007583.5612892092,0.0003786531193419509,3.5724023785175287
2024-09-05 00:00:00+00:00,17,1006864.8476938345,-0.0007133042091865034,3.4769906781581295
2024-09-06 00:00:00+00:00,17,1005480.7276610433,-0.0013746830430731705,3.3975308171314578
2024-09-09 00:00:00+00:00,17,1006449.0906933598,0.0009630846277572813,3.2429914969308005
2024-09-10 00:00:00+00:00,17,1007253.4441472149,0.0007991993447983519,3.11147616100992
2024-09-11 00:00:00+00:00,17,1007578.2057643353,0.0003224229403310001,2.8837640704604497
2024-09-12 00:00:00+00:00,17,1006691.685722915,-0.0008798523393505271,2.769420945371243
2024-09-13 00:00:00+00:00,17,1007744.8760797342,0.0010461895849103848,2.7124866901593316
2024-09-16 00:00:00+00:00,17,1007744.8760797342,0.0,2.712414928854915
2024-09-17 00:00:00+00:00,17,1007744.8760797342,0.0,2.8473999035780833
2024-09-18 00:00:00+00:00,17,1007744.8760797342,0.0,3.026688720276098
2024-09-19 00:00:00+00:00,17,1007744.8760797342,0.0,3.067122373038673
2024-09-20 00:00:00+00:00,17,1007744.8760797342,0.0,2.8637244164663884
2024-09-23 00:00:00+00:00,17,1007744.8760797342,0.0,2.583986415877758
2024-09-24 00:00:00+00:00,17,1007744.8760797342,0.0,2.1136390608171656
2024-09-25 00:00:00+00:00,17,1007744.8760797342,0.0,1.5070626590914982
2024-09-26 00:00:00+00:00,17,1007744.8760797342,0.0,1.224964934989912
2024-09-27 00:00:00+00:00,17,1007744.8760797342,0.0,1.6321087663231122
2024-09-30 00:00:00+00:00,17,1007744.8760797342,0.0,1.9033237077251277
2024-10-01 00:00:00+00:00,18,1000000.0,0.0,2.2410632449605323
2024-10-02 00:00:00+00:00,18,1000000.0,0.0,2.565156938950877
2024-10-03 00:00:00+00:00,18,1000000.0,0.0,2.7932002650170213
2024-10-04 00:00:00+00:00,18,1000000.0,0.0,3.1669183452279377
2024-10-07 00:00:00+00:00,18,1000000.0,0.0,3.597300774872
2024-10-08 00:00:00+00:00,18,1000000.0,0.0,3.8808591437173527
2024-10-09 00:00:00+00:00,18,1000000.0,0.0,4.089788050215304
2024-10-10 00:00:00+00:00,18,1000000.0,0.0,4.135543711565273
2024-10-11 00:00:00+00:00,18,1000000.0,0.0,4.15364995578155
2024-10-14 00:00:00+00:00,18,1000000.0,0.0,4.049358009638426
2024-10-15 00:00:00+00:00,18,1000000.0,0.0,3.917495570379552
2024-10-16 00:00:00+00:00,18,1000000.0,0.0,3.7847639862672238
2024-10-17 00:00:00+00:00,18,1000000.0,0.0,3.8061623784273917
2024-10-18 00:00:00+00:00,18,1000000.0,0.0,3.810947651817534
2024-10-21 00:00:00+00:00,18,1000000.0,0.0,3.8615756133434354
2024-10-22 00:00:00+00:00,18,1000000.0,0.0,3.92350746638623
2024-10-23 00:00:00+00:00,18,1000000.0,0.0,4.057876833517231
2024-10-24 00:00:00+00:00,18,1000000.0,0.0,4.185200149519291
2024-10-25 00:00:00+00:00,18,1000000.0,0.0,4.225545159810386
2024-10-28 00:00:00+00:00,18,1000000.0,0.0,4.326573990620195
2024-10-29 00:00:00+00:00,18,1000000.0,0.0,4.358833536930888
2024-10-30 00:00:00+00:00,18,1000000.0,0.0,4.381126520364964
2024-10-31 00:00:00+00:00,18,1000000.0,0.0,4.368593523404155
2024-11-01 00:00:00+00:00,18,1000000.0,0.0,4.253958177499927
2024-11-04 00:00:00+00:00,18,1000000.0,0.0,4.1899685175869825
2024-11-05 00:00:00+00:00,18,1000000.0,0.0,4.189899839638195
2024-11-06 00:00:00+00:00,18,1000000.0,0.0,4.168029905415816
2024-11-07 00:00:00+00:00,18,1000000.0,0.0,3.5687417074466095
2024-11-08 00:00:00+00:00,18,1000000.0,0.0,3.2518624916045957
2024-11-11 00:00:00+00:00,18,1000000.0,0.0,2.917706102988602
2024-11-12 00:00:00+00:00,18,1000000.0,0.0,2.61168392159503
2024-11-13 00:00:00+00:00,18,1000000.0,0.0,2.4355966316015394
2024-11-14 00:00:00+00:00,18,1000000.0,0.0,2.2382544046167467
2024-11-15 00:00:00+00:00,18,1000000.0,0.0,2.1778773202179247
2024-11-18 00:00:00+00:00,18,1000000.0,0.0,2.129065005742296
2024-11-19 00:00:00+00:00,18,1000000.0,0.0,2.089787528958899
2024-11-20 00:00:00+00:00,18,1000000.0,0.0,2.0649870985194285
2024-11-21 00:00:00+00:00,18,1000000.0,0.0,1.9697733201675218
2024-11-22 00:00:00+00:00,18,1000000.0,0.0,1.818687872418809
2024-11-25 00:00:00+00:00,18,1000000.0,0.0,1.5869265946207358
2024-11-26 00:00:00+00:00,18,1000000.0,0.0,1.371528760766724
2024-11-27 00:00:00+00:00,18,999975.4435265608,-2.4556473439210094e-05,1.0425827596633326
2024-11-29 00:00:00+00:00,18,999325.6768855981,-0.0006497825973317763,0.954419505253207
2024-12-02 00:00:00+00:00,18,999150.2282181546,-0.00017556705636771007,0.8859659427180402
2024-12-03 00:00:00+00:00,18,999825.7218326448,0.0006760681180995103,0.8774024450846039
2024-12-04 00:00:00+00:00,18,999801.1593676917,-2.4566746400591526e-05,0.8752722056607718
2024-12-05 00:00:00+00:00,18,998992.4982148091,-0.0008088219795564577,0.8786478720587905
2024-12-06 00:00:00+00:00,18,1000073.7109650245,0.0010823031725939387,0.9224184923606042
2024-12-09 00:00:00+00:00,18,1000536.6166928352,0.000462871609097703,0.9446680204113207
2024-12-10 00:00:00+00:00,18,999904.6579970171,-0.0006316197581123604,1.0242121048655743
2024-12-11 00:00:00+00:00,18,1000614.3349958833,0.0007097446673443309,1.1419061522479774
2024-12-12 00:00:00+00:00,18,1000447.3606263376,-0.0001668718543257598,1.2763140729187237
2024-12-13 00:00:00+00:00,18,999152.5746597564,-0.0012942069893318413,1.3741272910959905
2024-12-16 00:00:00+00:00,18,997751.1009263584,-0.0014026623850469109,1.5272977207758567
2024-12-17 00:00:00+00:00,18,997320.2637477679,-0.0004318082718129456,1.8174358509839683
2024-12-18 00:00:00+00:00,18,997685.6896840689,0.00036640781259953005,2.79998969205039
2024-12-19 00:00:00+00:00,18,999467.7288904275,0.0017861729648772568,3.715820123855086
2024-12-20 00:00:00+00:00,18,1000217.823989664,0.0007504945658117397,3.3340134484030153
2024-12-23 00:00:00+00:00,18,999163.5207627981,-0.001054073624343574,3.3316900607349496
2024-12-24 00:00:00+00:00,18,999325.4790486674,0.00016209387402931876,3.29568000577021
2024-12-26 00:00:00+00:00,18,997954.9098185111,-0.0013714943318176972,3.3193228816167326
2024-12-27 00:00:00+00:00,18,998287.6043053854,0.0003333762714136816,3.2724589013318437
2024-12-30 00:00:00+00:00,18,998477.7077087788,0.00019042949403913227,3.2160571373850013
2024-12-31 00:00:00+00:00,18,998233.3374656645,-0.0002447428132121876,3.0690935067144616
2025-01-02 00:00:00+00:00,19,1000000.0,0.0,2.899220339809567
2025-01-03 00:00:00+00:00,19,1000000.0,0.0,2.703436491733951
2025-01-06 00:00:00+00:00,19,1000000.0,0.0,2.4328580026713267
2025-01-07 00:00:00+00:00,19,1000000.0,0.0,2.2739336534757886
2025-01-08 00:00:00+00:00,19,1000000.0,0.0,1.8733544762316798
2025-01-10 00:00:00+00:00,19,1000000.0,0.0,1.5234024129110262
2025-01-13 00:00:00+00:00,19,1000000.0,0.0,1.1976249283887643
2025-01-14 00:00:00+00:00,19,1000000.0,0.0,1.1796497437697768
2025-01-15 00:00:00+00:00,19,1000000.0,0.0,1.244535863752617
2025-01-16 00:00:00+00:00,19,1000000.0,0.0,1.1782527959885396
2025-01-17 00:00:00+00:00,19,1000000.0,0.0,1.5123675092912476
2025-01-21 00:00:00+00:00,19,1000000.0,0.0,1.7375280220332305
2025-01-22 00:00:00+00:00,19,1000000.0,0.0,1.6299150217456502
2025-01-23 00:00:00+00:00,19,1000000.0,0.0,1.4539743374652696
2025-01-24 00:00:00+00:00,19,1000000.0,0.0,1.36181493664124
2025-01-27 00:00:00+00:00,19,1000000.0,0.0,1.3095517308547953
2025-01-28 00:00:00+00:00,19,1000000.0,0.0,1.2455480592790753
2025-01-29 00:00:00+00:00,19,1000000.0,0.0,1.2317018701175035
2025-01-30 00:00:00+00:00,19,1000000.0,0.0,1.2353153396293832
2025-01-31 00:00:00+00:00,19,1000000.0,0.0,1.2162563092210554
2025-02-03 00:00:00+00:00,19,1000000.0,0.0,1.2025769416213157
2025-02-04 00:00:00+00:00,19,1000000.0,0.0,1.1974320852084066
2025-02-05 00:00:00+00:00,19,1000000.0,0.0,1.2165411618395767
2025-02-06 00:00:00+00:00,19,1000000.0,0.0,1.1388634751107007
2025-02-07 00:00:00+00:00,19,1000000.0,0.0,0.9857116403357677
2025-02-10 00:00:00+00:00,19,1000000.0,0.0,0.9128337173232781
2025-02-11 00:00:00+00:00,19,1000000.0,0.0,0.8122137667433122
2025-02-12 00:00:00+00:00,19,1000000.0,0.0,0.7996193261714728
2025-02-13 00:00:00+00:00,19,1000000.0,0.0,0.7657683232171868
2025-02-14 00:00:00+00:00,19,1000000.0,0.0,0.7261550888096364
2025-02-18 00:00:00+00:00,19,1000000.0,0.0,0.6809782631171499
2025-02-19 00:00:00+00:00,19,1000000.0,0.0,0.45826187823324194
2025-02-20 00:00:00+00:00,19,1000000.0,0.0,0.3235680852100158
2025-02-21 00:00:00+00:00,19,1000000.0,0.0,0.4133497727736133
2025-02-24 00:00:00+00:00,19,1000000.0,0.0,0.5360856232894999
2025-02-25 00:00:00+00:00,19,1000000.0,0.0,0.8622015423649829
2025-02-26 00:00:00+00:00,19,1000000.0,0.0,1.259517603230906
2025-02-27 00:00:00+00:00,19,1000000.0,0.0,1.7444871718864077
2025-02-28 00:00:00+00:00,19,1000000.0,0.0,2.3745950225677905
2025-03-03 00:00:00+00:00,19,1000000.0,0.0,2.5546865651034816
2025-03-04 00:00:00+00:00,19,1000000.0,0.0,2.497945944600996
2025-03-05 00:00:00+00:00,19,1000000.0,0.0,2.381500045252288
2025-03-06 00:00:00+00:00,19,1000000.0,0.0,2.4376168163526972
2025-03-07 00:00:00+00:00,19,1000000.0,0.0,2.3031364248713135
2025-03-10 00:00:00+00:00,19,1000000.0,0.0,2.121991816352134
2025-03-11 00:00:00+00:00,19,1000000.0,0.0,2.0161208883773885
2025-03-12 00:00:00+00:00,19,1000000.0,0.0,1.9540418028985451
2025-03-13 00:00:00+00:00,19,1000000.0,0.0,1.8591092469570585
2025-03-14 00:00:00+00:00,19,1000000.0,0.0,1.7743516367421552
2025-03-17 00:00:00+00:00,19,1000000.0,0.0,1.7030264931555559
2025-03-18 00:00:00+00:00,19,1000000.0,0.0,1.6394890549067833
2025-03-19 00:00:00+00:00,19,1000000.0,0.0,1.5832345205225673
2025-03-20 00:00:00+00:00,19,1000000.0,0.0,1.5320566433324982
2025-03-21 00:00:00+00:00,19,1000000.0,0.0,1.4722106862883937
2025-03-24 00:00:00+00:00,19,1000000.0,0.0,1.4269626499067565
2025-03-25 00:00:00+00:00,19,1000000.0,0.0,1.3908666738803195
2025-03-26 00:00:00+00:00,19,1000000.0,0.0,1.4026722328533898
2025-03-27 00:00:00+00:00,19,1000000.0,0.0,1.3756027515801001
2025-03-28 00:00:00+00:00,19,1000000.0,0.0,1.368717305776129
2025-03-31 00:00:00+00:00,19,1000000.0,0.0,1.3640235624169526
2025-04-01 00:00:00+00:00,20,1000000.0,0.0,1.37348061180018
2025-04-02 00:00:00+00:00,20,1000000.0,0.0,1.4297335528500232
2025-04-03 00:00:00+00:00,20,1000000.0,0.0,1.4683252983225739
2025-04-04 00:00:00+00:00,20,1000000.0,0.0,1.559896433636319
2025-04-07 00:00:00+00:00,20,1000000.0,0.0,1.5602764555045718
2025-04-08 00:00:00+00:00,20,1000000.0,0.0,1.5092240627409481
2025-04-09 00:00:00+00:00,20,1000000.0,0.0,1.423924873104002
2025-04-10 00:00:00+00:00,20,1000000.0,0.0,1.3756409063278356
2025-04-11 00:00:00+00:00,20,1000000.0,0.0,1.3099986008144207
2025-04-14 00:00:00+00:00,20,1000000.0,0.0,1.2232105433775606
2025-04-15 00:00:00+00:00,20,1000000.0,0.0,1.1356936015742871
2025-04-16 00:00:00+00:00,20,1000000.0,0.0,1.1513894940253726
2025-04-17 00:00:00+00:00,20,1000000.0,0.0,1.2145386175512547
2025-04-21 00:00:00+00:00,20,1000000.0,0.0,1.251686130347398
2025-04-22 00:00:00+00:00,20,1000000.0,0.0,1.2762915480052675
2025-04-23 00:00:00+00:00,20,1000000.0,0.0,1.280059113052216
2025-04-24 00:00:00+00:00,20,1000000.0,0.0,1.2744573630738243
2025-04-25 00:00:00+00:00,20,1000000.0,0.0,1.2691312710298828
2025-04-28 00:00:00+00:00,20,1000000.0,0.0,1.2578969113794978
2025-04-29 00:00:00+00:00,20,1000000.0,0.0,1.2530237088163378
2025-04-30 00:00:00+00:00,20,1000000.0,0.0,1.250956058657347
2025-05-01 00:00:00+00:00,20,1000000.0,0.0,1.2316423532502698
2025-05-02 00:00:00+00:00,20,1000000.0,0.0,1.1816932480095907
2025-05-05 00:00:00+00:00,20,1000000.0,0.0,1.1428777483128822
2025-05-06 00:00:00+00:00,20,1000000.0,0.0,1.1156910995597729
2025-05-07 00:00:00+00:00,20,1000000.0,0.0,1.147001231091381
2025-05-08 00:00:00+00:00,20,1000000.0,0.0,1.1429446402076744
2025-05-09 00:00:00+00:00,20,1000000.0,0.0,1.2245691553928992
2025-05-12 00:00:00+00:00,20,1000000.0,0.0,1.2685541401069553
2025-05-13 00:00:00+00:00,20,1000000.0,0.0,1.3298121431893684
2025-05-14 00:00:00+00:00,20,1000000.0,0.0,1.3747828499722878
2025-05-15 00:00:00+00:00,20,1000000.0,0.0,1.4233450330273891
2025-05-16 00:00:00+00:00,20,1000000.0,0.0,1.47000194863051
2025-05-19 00:00:00+00:00,20,1000000.0,0.0,1.4348562336151467
2025-05-20 00:00:00+00:00,20,1000000.0,0.0,1.3623538500823713
2025-05-21 00:00:00+00:00,20,1000000.0,0.0,1.4011927720058877
2025-05-22 00:00:00+00:00,20,1000000.0,0.0,1.4388078198316077
2025-05-23 00:00:00+00:00,20,1000000.0,0.0,1.4155773691198972
2025-05-27 00:00:00+00:00,20,1000000.0,0.0,1.4689820077199904
2025-05-28 00:00:00+00:00,20,1000000.0,0.0,1.476575239066678
2025-05-29 00:00:00+00:00,20,1000000.0,0.0,1.4891612796654243
2025-05-30 00:00:00+00:00,20,1000000.0,0.0,1.5700623995306655
2025-06-02 00:00:00+00:00,20,1000000.0,0.0,1.6109857665510026
2025-06-03 00:00:00+00:00,20,1000000.0,0.0,1.7059039191443697
2025-06-04 00:00:00+00:00,20,1000000.0,0.0,1.6909120042396255
2025-06-05 00:00:00+00:00,20,1000000.0,0.0,1.7295950386174983
2025-06-06 00:00:00+00:00,20,1000000.0,0.0,1.7497997404344199
2025-06-09 00:00:00+00:00,20,999977.4383312261,-2.2561668773880228e-05,1.7595438993731563
2025-06-10 00:00:00+00:00,20,999614.9649160332,-0.0003624815933825617,1.772337872675953
2025-06-11 00:00:00+00:00,20,997688.9497390368,-0.0019267570460573683,1.7817606204337233
2025-06-12 00:00:00+00:00,20,998024.0004868433,0.0003358268605601752,1.7028044378975808
2025-06-13 00:00:00+00:00,20,997910.6501118224,-0.00011357479876794886,1.5059407487297403
2025-06-16 00:00:00+00:00,20,996106.9165334242,-0.0018075100994223497,1.276088816481752
2025-06-17 00:00:00+00:00,20,996762.0241351149,0.0006576679579442577,1.0849467659922913
2025-06-18 00:00:00+00:00,20,996705.808342041,-5.6398409763507974e-05,0.9720495651448298
2025-06-20 00:00:00+00:00,20,995849.29111205,-0.0008593480872914722,1.0758903145577454
2025-06-23 00:00:00+00:00,20,995976.8454814543,0.00012808601717423715,1.0265378611101124
2025-06-24 00:00:00+00:00,20,994506.5461057976,-0.0014762385112938058,0.9734601241832062
2025-06-25 00:00:00+00:00,20,994480.9113255609,-2.577638160063516e-05,0.542850461549854
2025-06-26 00:00:00+00:00,20,993117.0662055068,-0.001371414075948622,0.23562466666352044
2025-06-27 00:00:00+00:00,20,993117.0662055068,0.0,-0.09555082784469793
2025-06-30 00:00:00+00:00,20,993117.0662055068,0.0,-0.593951339751289
2025-07-01 00:00:00+00:00,21,1000000.0,0.0,-0.9119832278840976
2025-07-02 00:00:00+00:00,21,999975.0,-2.5e-05,-1.0343410879304527
2025-07-03 00:00:00+00:00,21,1000002.6103682119,2.761105848833229e-05,-1.0775703285718707
2025-07-07 00:00:00+00:00,21,998329.4798819384,-0.0016731261187982046,-1.0593664515307681
2025-07-08 00:00:00+00:00,21,997838.2227541298,-0.0004920791559383135,-1.0987188441579292
2025-07-09 00:00:00+00:00,21,998013.1798329414,0.00017533611643849212,-1.1794171430247555
2025-07-10 00:00:00+00:00,21,998429.7297703862,0.00041737919484648715,-1.2956905297691357
2025-07-11 00:00:00+00:00,21,998281.9134566619,-0.00014804879033237205,-1.290799095081665
2025-07-14 00:00:00+00:00,21,998585.7513181122,0.00030436077961015713,-1.2882007328282459
2025-07-15 00:00:00+00:00,21,998990.6319964272,0.0004054540912290351,-1.2595108580300094
2025-07-16 00:00:00+00:00,21,1001751.6712596441,0.00276382898376045,-1.2647339494054055
2025-07-17 00:00:00+00:00,21,1000026.4480382067,-0.0017222064818400117,-1.3432333312718718
2025-07-18 00:00:00+00:00,21,1000075.3038573978,4.885452708468627e-05,-1.405077861870569
2025-07-21 00:00:00+00:00,21,1000173.4452937513,9.813404648131658e-05,-1.4490490457851113
2025-07-22 00:00:00+00:00,21,1000083.670509842,-8.975921559580493e-05,-1.3518438699618152
2025-07-23 00:00:00+00:00,21,1000831.7631836621,0.0007480300857614414,-1.2510440574178618
2025-07-24 00:00:00+00:00,21,1000900.5210909679,6.870076453921097e-05,-1.1319212827753962
2025-07-25 00:00:00+00:00,21,1002118.6935743641,0.0012170764803562525,-0.9842073871671699
2025-07-28 00:00:00+00:00,21,1001794.8459311026,-0.00032316295997465537,-0.9846676475031009
2025-07-29 00:00:00+00:00,21,1002261.5007880932,0.00046581878404138927,-0.9115409551436855
2025-07-30 00:00:00+00:00,21,1000951.6731546624,-0.0013068721410539016,-0.9170588600135972
2025-07-31 00:00:00+00:00,21,1001922.9347621381,0.0009703381626953137,-1.0687187221954169
2025-08-01 00:00:00+00:00,21,1001917.6306644442,-5.2939178352458605e-06,-1.2274512763227348
2025-08-04 00:00:00+00:00,21,1003363.590700266,0.0014431925255800233,-0.9213270564353788
2025-08-05 00:00:00+00:00,21,1003243.3315184137,-0.0001198560352068272,-0.8097203918756364
2025-08-06 00:00:00+00:00,21,1003607.4402424529,0.0003629316164883788,0.1491740173146745
2025-08-07 00:00:00+00:00,21,1002777.0993774963,-0.0008273562268091764,1.3339239074076685
2025-08-08 00:00:00+00:00,21,1000713.79906432,-0.0020575861918437238,3.0899927214252045
2025-08-11 00:00:00+00:00,21,1000713.79906432,0.0,3.6103306956071695
2025-08-12 00:00:00+00:00,21,1000713.79906432,0.0,3.7577025870166727
2025-08-13 00:00:00+00:00,21,1000713.79906432,0.0,2.9744200058769574
2025-08-14 00:00:00+00:00,21,1000713.79906432,0.0,2.528257712028169
2025-08-15 00:00:00+00:00,21,1000713.79906432,0.0,2.2899094662280817
2025-08-18 00:00:00+00:00,21,1000713.79906432,0.0,2.1841197103256516
2025-08-19 00:00:00+00:00,21,1000713.79906432,0.0,2.0339490461094547
2025-08-20 00:00:00+00:00,21,1000713.79906432,0.0,2.26855621850663
2025-08-21 00:00:00+00:00,21,1000713.79906432,0.0,2.4873274290562257
2025-08-22 00:00:00+00:00,21,1000713.79906432,0.0,2.5476110046894567
2025-08-25 00:00:00+00:00,21,1000713.79906432,0.0,2.5601421537833717
2025-08-26 00:00:00+00:00,21,1000713.79906432,0.0,2.534635164154932
2025-08-27 00:00:00+00:00,21,1000713.79906432,0.0,2.565520253964592
2025-08-28 00:00:00+00:00,21,1000713.79906432,0.0,2.5478579025233943
2025-08-29 00:00:00+00:00,21,1000713.79906432,0.0,2.6413307345004653
2025-09-02 00:00:00+00:00,21,1000713.79906432,0.0,2.8583994543400926
2025-09-03 00:00:00+00:00,21,1000713.79906432,0.0,3.126337439677914
2025-09-04 00:00:00+00:00,21,1000713.79906432,0.0,3.484113452963684
2025-09-05 00:00:00+00:00,21,1000713.79906432,0.0,3.5397828181643662
2025-09-08 00:00:00+00:00,21,1000713.79906432,0.0,3.593671764088063
2025-09-09 00:00:00+00:00,21,1000713.79906432,0.0,3.5887768697979454
2025-09-10 00:00:00+00:00,21,1000713.79906432,0.0,3.4042618313484683
2025-09-11 00:00:00+00:00,21,1000713.79906432,0.0,3.1924861474501616
2025-09-12 00:00:00+00:00,21,1000713.79906432,0.0,2.929272772772001
2025-09-15 00:00:00+00:00,21,1000713.79906432,0.0,2.830011296930945
2025-09-16 00:00:00+00:00,21,1000713.79906432,0.0,2.6637365650465936
2025-09-17 00:00:00+00:00,21,1000713.79906432,0.0,2.380064903082583
2025-09-18 00:00:00+00:00,21,1000713.79906432,0.0,2.007999767166619
2025-09-19 00:00:00+00:00,21,1000713.79906432,0.0,1.641149190760263
2025-09-22 00:00:00+00:00,21,1000713.79906432,0.0,1.3503715620780934
2025-09-23 00:00:00+00:00,21,1000713.79906432,0.0,1.321255750350245
2025-09-24 00:00:00+00:00,21,1000713.79906432,0.0,1.353049804993967
2025-09-25 00:00:00+00:00,21,1000713.79906432,0.0,1.3228375083492567
2025-09-26 00:00:00+00:00,21,1000713.79906432,0.0,1.3092412520807493
2025-09-29 00:00:00+00:00,21,1000713.79906432,0.0,1.2777646900838464
2025-09-30 00:00:00+00:00,21,1000713.79906432,0.0,1.2455989328403039
2025-10-01 00:00:00+00:00,22,1000000.0,0.0,1.194817290030291
2025-10-02 00:00:00+00:00,22,1000000.0,0.0,1.1986778835806398
2025-10-03 00:00:00+00:00,22,1000000.0,0.0,1.1620810463959437
2025-10-06 00:00:00+00:00,22,1000000.0,0.0,1.1623627847375717
2025-10-07 00:00:00+00:00,22,1000000.0,0.0,1.0890160971105471
2025-10-08 00:00:00+00:00,22,1000000.0,0.0,0.9988329494906942
2025-10-09 00:00:00+00:00,22,1000000.0,0.0,0.8993408808791123
2025-10-10 00:00:00+00:00,22,1000000.0,0.0,0.8514230576166737
2025-10-13 00:00:00+00:00,22,1000000.0,0.0,0.885401239649739
2025-10-14 00:00:00+00:00,22,1000000.0,0.0,0.9025886424193086
2025-10-15 00:00:00+00:00,22,1000000.0,0.0,1.058362970637523
2025-10-16 00:00:00+00:00,22,1000000.0,0.0,2.1134462803153964
2025-10-17 00:00:00+00:00,22,1000000.0,0.0,2.630930841080009
2025-10-20 00:00:00+00:00,22,1000000.0,0.0,3.2606770402672756
2025-10-21 00:00:00+00:00,22,1000000.0,0.0,4.81610819663434
2025-10-22 00:00:00+00:00,22,1000000.0,0.0,5.414115634988896
2025-10-23 00:00:00+00:00,22,1000000.0,0.0,5.6898448228932175
2025-10-24 00:00:00+00:00,22,999989.6131408612,-1.0386859138845466e-05,6.078212463506817
2025-10-27 00:00:00+00:00,22,1000372.5177685072,0.0003829086048638285,6.182314320614062
2025-10-28 00:00:00+00:00,22,999827.0312400501,-0.000545283400701509,6.00613330824947
2025-10-29 00:00:00+00:00,22,1000169.2543725969,0.0003422823366980897,5.842526470375533
2025-10-30 00:00:00+00:00,22,999849.3579845041,-0.0003198422533928488,5.802814043777296
2025-10-31 00:00:00+00:00,22,999750.1953309295,-9.917759388723881e-05,5.817181248060744
2025-11-03 00:00:00+00:00,22,999899.1316470043,0.00014897353035825487,5.7527266287840115
2025-11-04 00:00:00+00:00,22,999881.9862572942,-1.714711931177093e-05,5.8286917655693005
2025-11-05 00:00:00+00:00,22,999991.2425853589,0.00010926922333472378,5.833268796753141
2025-11-06 00:00:00+00:00,22,999589.5057509814,-0.0004017403525843617,5.650026711614593
2025-11-07 00:00:00+00:00,22,999384.0771905824,-0.00020551292227167622,5.544454835525087
2025-11-10 00:00:00+00:00,22,999746.0222091497,0.00036216808615236563,5.529219981889449
2025-11-11 00:00:00+00:00,22,999196.7601148459,-0.0005494016301160391,5.453755210723412
2025-11-12 00:00:00+00:00,22,998359.0185184384,-0.0008384150448117959,5.139805058437791
2025-11-13 00:00:00+00:00,22,999112.9026353906,0.000755123260238539,4.304023156092876
2025-11-14 00:00:00+00:00,22,999462.3021954651,0.0003497097867046021,4.022593367539455
2025-11-17 00:00:00+00:00,22,999251.4768092202,-0.00021093880757864632,3.844202959122935
2025-11-18 00:00:00+00:00,22,999204.4842554908,-4.702775509462977e-05,3.663802694844546
2025-11-19 00:00:00+00:00,22,999376.716328219,0.00017236919513682008,3.365234113336695
2025-11-20 00:00:00+00:00,22,999073.1195713211,-0.0003037861018149584,3.103915125360876
2025-11-21 00:00:00+00:00,22,998746.225031904,-0.00032719781266598354,2.8934508699939476
2025-11-24 00:00:00+00:00,22,999203.6651573714,0.0004580143724226603,2.2391151274180476
2025-11-25 00:00:00+00:00,22,999306.8756531758,0.00010329275142126782,1.0845342021616649
2025-11-26 00:00:00+00:00,22,999236.8686950557,-7.005551530332293e-05,0.43605386791950007
2025-11-28 00:00:00+00:00,22,999036.8780632726,-0.00020014336745232813,0.40872595315493143
2025-12-01 00:00:00+00:00,22,999036.8780632726,0.0,0.4527648144984058
2025-12-02 00:00:00+00:00,22,999036.8780632726,0.0,0.6289660982417358
2025-12-03 00:00:00+00:00,22,999036.8780632726,0.0,0.8090962451885009
2025-12-04 00:00:00+00:00,22,999036.8780632726,0.0,1.126382266894609
2025-12-05 00:00:00+00:00,22,999036.8780632726,0.0,1.67600860304076
2025-12-08 00:00:00+00:00,22,999036.8780632726,0.0,1.8771700764177366
2025-12-09 00:00:00+00:00,22,999036.8780632726,0.0,1.6693439815404032
2025-12-10 00:00:00+00:00,22,999036.8780632726,0.0,1.4998621094173084
2025-12-11 00:00:00+00:00,22,999036.8780632726,0.0,1.3156218693632793
2025-12-12 00:00:00+00:00,22,999036.8780632726,0.0,0.976293010397149
2025-12-15 00:00:00+00:00,22,999036.8780632726,0.0,0.875954192888627
2025-12-16 00:00:00+00:00,22,999036.8780632726,0.0,0.7707572966492409
2025-12-17 00:00:00+00:00,22,999036.8780632726,0.0,0.7350894773692795
2025-12-18 00:00:00+00:00,22,999036.8780632726,0.0,0.7200582508145201
2025-12-19 00:00:00+00:00,22,999036.8780632726,0.0,0.6676015381841607
2025-12-22 00:00:00+00:00,22,999036.8780632726,0.0,0.5865519911113966
2025-12-23 00:00:00+00:00,22,999036.8780632726,0.0,0.5814108107693103
2025-12-24 00:00:00+00:00,22,999036.8780632726,0.0,0.55697065696154
2025-12-26 00:00:00+00:00,22,999036.8780632726,0.0,0.5182193995523381
2025-12-29 00:00:00+00:00,22,999036.8780632726,0.0,0.4791449808129711
2025-12-30 00:00:00+00:00,22,999036.8780632726,0.0,0.4957359809376838
2025-12-31 00:00:00+00:00,22,999036.8780632726,0.0,0.5505665116620877
2026-01-02 00:00:00+00:00,23,1000000.0,0.0,0.528459206198713
2026-01-05 00:00:00+00:00,23,1000000.0,0.0,0.4388253409181777
2026-01-06 00:00:00+00:00,23,1000000.0,0.0,0.3363492654903899
2026-01-07 00:00:00+00:00,23,1000000.0,0.0,0.12354005141749536
2026-01-08 00:00:00+00:00,23,1000000.0,0.0,-0.3741212932434097
2026-01-09 00:00:00+00:00,23,1000000.0,0.0,-0.5447318181577359
2026-01-12 00:00:00+00:00,23,1000000.0,0.0,-0.6135903990322982
2026-01-13 00:00:00+00:00,23,1000000.0,0.0,-0.6855045557620905
2026-01-14 00:00:00+00:00,23,1000000.0,0.0,-0.8424129013795962
2026-01-15 00:00:00+00:00,23,1000000.0,0.0,-0.9445796620646743
2026-01-16 00:00:00+00:00,23,1000000.0,0.0,-0.7250088272711581
2026-01-20 00:00:00+00:00,23,1000000.0,0.0,-0.4183450786088381
2026-01-21 00:00:00+00:00,23,1000000.0,0.0,-0.14654359353339075
2026-01-22 00:00:00+00:00,23,1000000.0,0.0,-0.03367954984887156
2026-01-23 00:00:00+00:00,23,1000000.0,0.0,0.038872784461798204
2026-01-26 00:00:00+00:00,23,1000000.0,0.0,0.2816310723183415
2026-01-27 00:00:00+00:00,23,1000000.0,0.0,0.3393013848171984
2026-01-28 00:00:00+00:00,23,1000000.0,0.0,0.33444415453420984
2026-01-29 00:00:00+00:00,23,1000000.0,0.0,0.3932543010548706
2026-01-30 00:00:00+00:00,23,1000000.0,0.0,0.43475442664244124
2026-02-02 00:00:00+00:00,23,1000000.0,0.0,0.5475041635015128
2026-02-03 00:00:00+00:00,23,1000000.0,0.0,0.6595149404655691
2026-02-04 00:00:00+00:00,23,1000000.0,0.0,0.36658721468227196
2026-02-05 00:00:00+00:00,23,1000000.0,0.0,0.4180009165466032
2026-02-06 00:00:00+00:00,23,1000000.0,0.0,0.6868160664287766
2026-02-09 00:00:00+00:00,23,1000000.0,0.0,1.007642312351777
2026-02-10 00:00:00+00:00,23,1000000.0,0.0,1.1135470379979013
2026-02-11 00:00:00+00:00,23,1000000.0,0.0,1.7218577435009328
2026-02-12 00:00:00+00:00,23,1000000.0,0.0,2.588969205350944
2026-02-13 00:00:00+00:00,23,999979.3805550819,-2.061944491812028e-05,3.5286101252360864
2026-02-17 00:00:00+00:00,23,999056.5877850212,-0.0009228117979277478,3.9224869117733574
