ts_event,signal,position,position_size,z_score,lambda,spread,regime,signal_exit_reason,jump
2020-07-01 00:00:00+00:00,0.0,0.0,0.0,-1.958755654649446,0.009191175220476073,1.7731071247912782,normal,,0
2020-07-02 00:00:00+00:00,1.0,1.0,0.25,-2.180096145915126,0.009191175220476073,1.7657966000528855,calm,,0
2020-07-06 00:00:00+00:00,0.0,1.0,0.25,-1.243934443794274,0.009191175220476073,1.7941673706222439,calm,,0
2020-07-07 00:00:00+00:00,0.0,1.0,0.25,-1.5344926156191276,0.009191175220476073,1.7828869566986074,calm,,0
2020-07-08 00:00:00+00:00,0.0,1.0,0.25,-1.8498091657195919,0.009191175220476073,1.7697520953542094,calm,,0
2020-07-09 00:00:00+00:00,0.0,1.0,0.25,-1.6899973134260675,0.009191175220476073,1.7725608335744965,calm,,0
2020-07-10 00:00:00+00:00,0.0,1.0,0.25,-1.8572286673054312,0.009191175220476073,1.7639132039577299,calm,,0
2020-07-13 00:00:00+00:00,0.0,1.0,0.25,-1.1512917176558344,0.009191175220476073,1.7876281701080319,calm,,0
2020-07-14 00:00:00+00:00,0.0,1.0,0.25,-0.8441354593383135,0.009191175220476073,1.7979621946224342,calm,,0
2020-07-15 00:00:00+00:00,0.0,1.0,0.25,-1.2110163986178717,0.009191175220476073,1.7828987145204547,calm,,0
2020-07-16 00:00:00+00:00,0.0,1.0,0.25,-1.7547769726026914,0.009191175220476073,1.7608980553402245,calm,,0
2020-07-17 00:00:00+00:00,0.0,1.0,0.25,-1.8790528670093485,0.009191175220476073,1.7534857296487618,calm,,0
2020-07-20 00:00:00+00:00,0.0,1.0,0.25,-1.5119225574314359,0.009191175220476073,1.7644944377275054,calm,,0
2020-07-21 00:00:00+00:00,0.0,1.0,0.25,-1.6405550211724922,0.009191175220476073,1.7573262710413626,calm,,0
2020-07-22 00:00:00+00:00,0.0,1.0,0.25,-1.7270581375034197,0.009191175220476073,1.751342026902047,calm,,0
2020-07-23 00:00:00+00:00,0.0,1.0,0.25,-1.8176538707587722,0.009191175220476073,1.7450267512747062,calm,,0
2020-07-24 00:00:00+00:00,0.0,1.0,0.25,-1.8699687698735654,0.009191175220476073,1.7400214307382504,calm,,0
2020-07-27 00:00:00+00:00,0.0,1.0,0.25,-1.993097299307625,0.009191175220476073,1.731807555295155,calm,,0
2020-07-28 00:00:00+00:00,0.0,1.0,0.25,-1.7292765201698008,0.009191175220476073,1.739237214248805,calm,,0
2020-07-29 00:00:00+00:00,0.0,1.0,0.25,-1.5874199493636452,0.009191175220476073,1.7422788020077569,calm,,0
2020-07-30 00:00:00+00:00,0.0,1.0,0.25,-1.2299720651548214,0.009191175220476073,1.7550122306175666,calm,,0
2020-07-31 00:00:00+00:00,0.0,1.0,0.25,-1.3167541068688424,0.009191175220476073,1.7498641672824786,calm,,0
2020-08-03 00:00:00+00:00,0.0,1.0,0.25,-1.2656360291724833,0.009191175220476073,1.7506547992003503,calm,,0
2020-08-04 00:00:00+00:00,0.0,1.0,0.25,-1.0315515853513622,0.009191175220476073,1.7588895009015966,calm,,0
2020-08-05 00:00:00+00:00,0.0,1.0,0.25,-0.7796906503150649,0.009191175220476073,1.767862869054595,calm,,0
2020-08-06 00:00:00+00:00,0.0,1.0,0.25,-0.7667627143361904,0.009191175220476073,1.7673158891520395,calm,,0
2020-08-07 00:00:00+00:00,0.0,1.0,0.25,-0.5840653874112351,0.009191175220476073,1.7734437810614523,calm,,0
2020-08-10 00:00:00+00:00,2.0,0.0,0.0,-0.5555406007076307,0.009191175220476073,1.7735632792440477,calm,max_hold,0
2020-08-11 00:00:00+00:00,0.0,0.0,0.0,-0.7168884453227641,0.009191175220476073,1.766507078853699,calm,,0
2020-08-12 00:00:00+00:00,0.0,0.0,0.0,-1.0047387048776668,0.009191175220476073,1.7548922872985266,calm,,0
2020-08-13 00:00:00+00:00,0.0,0.0,0.0,-1.2712396742925427,0.009191175220476073,1.7439429947742284,calm,,0
2020-08-14 00:00:00+00:00,0.0,0.0,0.0,-1.5055976015152175,0.009191175220476073,1.7339854622547795,calm,,0
2020-08-17 00:00:00+00:00,0.0,0.0,0.0,-1.4134689132994211,0.009191175220476073,1.73529405260745,calm,,0
2020-08-18 00:00:00+00:00,0.0,0.0,0.0,-1.4648730833306236,0.009191175220476073,1.7315125396884863,calm,,0
2020-08-19 00:00:00+00:00,0.0,0.0,0.0,-1.4979043501619191,0.009191175220476073,1.7284382531891715,calm,,0
2020-08-20 00:00:00+00:00,0.0,0.0,0.0,-1.2562584677581772,0.009191175220476073,1.7356512686863064,calm,,0
2020-08-21 00:00:00+00:00,0.0,0.0,0.0,-1.3255315843363946,0.009191175220476073,1.7318386704144033,calm,,0
2020-08-24 00:00:00+00:00,0.0,0.0,0.0,-1.190706766851784,0.009191175220476073,1.7356905919485608,calm,,0
2020-08-25 00:00:00+00:00,0.0,0.0,0.0,-1.2152585129517817,0.009191175220476073,1.733600947147239,calm,,0
2020-08-26 00:00:00+00:00,0.0,0.0,0.0,-0.897257220896076,0.009191175220476073,1.7436096317161462,calm,,0
2020-08-27 00:00:00+00:00,0.0,0.0,0.0,-0.901557994845091,0.009191175220476073,1.742746522412546,calm,,0
2020-08-28 00:00:00+00:00,0.0,0.0,0.0,-1.4838907403284778,0.009191175220476073,1.7230184098811714,calm,,0
2020-08-31 00:00:00+00:00,0.0,0.0,0.0,-1.4262546847760127,0.009191175220476073,1.723821848138987,calm,,0
2020-09-01 00:00:00+00:00,0.0,0.0,0.0,-1.4592107574918318,0.009191175220476073,1.7217864561030578,calm,,0
2020-09-02 00:00:00+00:00,0.0,0.0,0.0,-1.1496891870552621,0.009191175220476073,1.7304178081278887,calm,,0
2020-09-03 00:00:00+00:00,0.0,0.0,0.0,-1.3453325552210873,0.009191175220476073,1.723659441597917,calm,,0
2020-09-04 00:00:00+00:00,0.0,0.0,0.0,-0.5505888241002003,0.009191175220476073,1.7464630973460693,calm,,0
2020-09-08 00:00:00+00:00,0.0,0.0,0.0,-0.4099358658792426,0.009191175220476073,1.7497305268721561,calm,,0
2020-09-09 00:00:00+00:00,0.0,0.0,0.0,-0.9760614046056526,0.009191175220476073,1.733470415730431,calm,,0
2020-09-10 00:00:00+00:00,0.0,0.0,0.0,-0.8733435674370253,0.009191175220476073,1.7355583886248405,calm,,0
2020-09-11 00:00:00+00:00,0.0,0.0,0.0,-0.6673021636627079,0.009191175220476073,1.7406189212957588,calm,,0
2020-09-14 00:00:00+00:00,0.0,0.0,0.0,-1.146806782968673,0.009191175220476073,1.728712657616803,calm,,0
2020-09-15 00:00:00+00:00,0.0,0.0,0.0,-1.2398812823679892,0.009191175220476073,1.7263639233525794,calm,,0
2020-09-16 00:00:00+00:00,0.0,0.0,0.0,-1.3447461576567616,0.009191175220476073,1.7238396975756936,calm,,0
2020-09-17 00:00:00+00:00,0.0,0.0,0.0,-1.8775015368260488,0.009191175220476073,1.7127425703911952,calm,,0
2020-09-18 00:00:00+00:00,0.0,0.0,0.0,-1.6269875466667267,0.009191175220476073,1.7175030288183573,calm,,0
2020-09-21 00:00:00+00:00,0.0,0.0,0.0,-0.6705004463016995,0.009191175220476073,1.7356045567105443,calm,,0
2020-09-22 00:00:00+00:00,0.0,0.0,0.0,-0.3660995311294101,0.009191175220476073,1.7414789122756424,calm,,0
2020-09-23 00:00:00+00:00,0.0,0.0,0.0,-0.2959920355511618,0.009191175220476073,1.7428715904933578,calm,,0
2020-09-24 00:00:00+00:00,0.0,0.0,0.0,1.3036195811674418,0.009191175220476073,1.774477846346715,calm,,0
2020-09-25 00:00:00+00:00,0.0,0.0,0.0,0.8928475663313427,0.009191175220476073,1.766769505550136,calm,,0
2020-09-28 00:00:00+00:00,0.0,0.0,0.0,0.8472047808202808,0.009191175220476073,1.7656450273613196,calm,,0
2020-09-29 00:00:00+00:00,0.0,0.0,0.0,1.3884061312804716,0.009191175220476073,1.7765204003822537,calm,,0
2020-09-30 00:00:00+00:00,0.0,0.0,0.0,1.4368555933595348,0.009191175220476073,1.7764007339686785,calm,,0
2020-10-01 00:00:00+00:00,0.0,0.0,0.0,1.6168788058621197,0.008223779996526537,2.181092626095785,normal,,0
2020-10-02 00:00:00+00:00,0.0,0.0,0.0,1.0200197698759255,0.00822377995163297,2.17054806002193,calm,,0
2020-10-05 00:00:00+00:00,0.0,0.0,0.0,1.1896212786389244,0.008223779908380493,2.1737611504090144,calm,,0
2020-10-06 00:00:00+00:00,0.0,0.0,0.0,1.6615892529137257,0.008223779866709115,2.1829059050113107,calm,,0
2020-10-07 00:00:00+00:00,0.0,0.0,0.0,1.7663998769731786,0.008223779826561039,2.1843111896771834,calm,,0
2020-10-08 00:00:00+00:00,-1.0,-1.0,0.25,2.4366104546104674,0.00822377978788058,2.194755041693388,calm,,0
2020-10-09 00:00:00+00:00,0.0,-1.0,0.25,2.5484416311763853,0.008223779750614092,2.1974615615691975,calm,,0
2020-10-12 00:00:00+00:00,0.0,-1.0,0.25,2.0963771012825556,0.008223779714709884,2.1915077583678486,calm,,0
2020-10-13 00:00:00+00:00,0.0,-1.0,0.25,1.8865502989617253,0.008223779680118158,2.1892871824804585,calm,,0
2020-10-14 00:00:00+00:00,0.0,-1.0,0.25,1.4231926362029532,0.008223779646790937,2.1811548397814864,calm,,0
2020-10-15 00:00:00+00:00,0.0,-1.0,0.25,0.6016196664486547,0.008223779614681997,2.1651527806990902,calm,,0
2020-10-16 00:00:00+00:00,0.0,-1.0,0.25,-0.34415682527356634,0.008223779583746803,2.146080349235191,calm,,0
2020-10-19 00:00:00+00:00,0.0,-1.0,0.25,0.211006507939006,0.008223779553942448,2.1573612979809433,calm,,0
2020-10-20 00:00:00+00:00,0.0,-1.0,0.25,0.28529077109350665,0.008223779525227596,2.159113366524521,calm,,0
2020-10-21 00:00:00+00:00,0.0,-1.0,0.25,-0.2935592840181542,0.008223779497562419,2.1477411626203557,calm,,0
2020-10-22 00:00:00+00:00,0.0,-1.0,0.25,-0.7206840299073723,0.008223779470908545,2.139217919660347,calm,,0
2020-10-23 00:00:00+00:00,0.0,-1.0,0.25,-0.7798612637737826,0.008223779445229007,2.137869176205516,calm,,0
2020-10-26 00:00:00+00:00,0.0,-1.0,0.25,-0.5149025552745514,0.008223779420488188,2.1428981197226,calm,,0
2020-10-27 00:00:00+00:00,0.0,-1.0,0.25,-0.5469218730915193,0.008223779396651773,2.142118149623268,calm,,0
2020-10-28 00:00:00+00:00,0.0,-1.0,0.25,-1.0404029719366077,0.008223779373686698,2.1318532057278623,calm,,0
2020-10-29 00:00:00+00:00,0.0,-1.0,0.25,-1.5097554726832572,0.008223779351561118,2.1215474998845973,calm,,0
2020-10-30 00:00:00+00:00,0.0,-1.0,0.25,-1.9065386897151948,0.00822377933024434,2.112062372398961,calm,,0
2020-11-02 00:00:00+00:00,0.0,-1.0,0.25,-2.3480364482370817,0.008223779309706799,2.100715764356791,calm,,0
2020-11-03 00:00:00+00:00,0.0,-1.0,0.25,-1.7164314631154218,0.008223779289920009,2.111766955501458,calm,,0
2020-11-04 00:00:00+00:00,2.0,0.0,0.0,-1.7131251291248786,0.008223779270856529,2.1103409381756753,calm,profit_target,0
2020-11-05 00:00:00+00:00,0.0,0.0,0.0,-1.2514149588689116,0.008223779252489917,2.1192230096865416,calm,,0
2020-11-06 00:00:00+00:00,0.0,0.0,0.0,-1.1044283190510324,0.008223779234794698,2.1216098284017537,calm,,0
2020-11-09 00:00:00+00:00,0.0,0.0,0.0,-1.2170405125871862,0.00822377921774633,2.1182815669135806,calm,,0
2020-11-10 00:00:00+00:00,0.0,0.0,0.0,-0.47617376907955006,0.008223779201321167,2.134891939970349,calm,,0
2020-11-11 00:00:00+00:00,0.0,0.0,0.0,-0.5849119315570747,0.00822377918549643,2.132252973316461,calm,,0
2020-11-12 00:00:00+00:00,0.0,0.0,0.0,-0.8113841574267688,0.008223779170250165,2.126874756124444,calm,,0
2020-11-13 00:00:00+00:00,0.0,0.0,0.0,-0.48054228720935244,0.008223779155561231,2.1344863210682,calm,,0
2020-11-16 00:00:00+00:00,0.0,0.0,0.0,-0.8811798852748355,0.008223779141409251,2.1249651851238687,calm,,0
2020-11-17 00:00:00+00:00,0.0,0.0,0.0,-0.7851413771735065,0.0082237791277746,2.126947464646626,calm,,0
2020-11-18 00:00:00+00:00,0.0,0.0,0.0,-0.800084511511025,0.008223779114638365,2.1262419054906982,calm,,0
2020-11-19 00:00:00+00:00,0.0,0.0,0.0,-0.867260169090922,0.008223779101982326,2.124319884564309,calm,,0
2020-11-20 00:00:00+00:00,0.0,0.0,0.0,-0.3312515417605097,0.008223779089788932,2.136664211377669,calm,,0
2020-11-23 00:00:00+00:00,0.0,0.0,0.0,-0.6716590584320641,0.008223779078041267,2.1282514695460217,calm,,0
2020-11-24 00:00:00+00:00,0.0,0.0,0.0,-0.9892324324059864,0.008223779066723039,2.120538112003732,calm,,0
2020-11-25 00:00:00+00:00,0.0,0.0,0.0,-1.1984673340623544,0.008223779055818552,2.1151858449661503,calm,,0
2020-11-27 00:00:00+00:00,0.0,0.0,0.0,-1.507921056911016,0.008223779045312678,2.107150129758108,calm,,0
2020-11-30 00:00:00+00:00,0.0,0.0,0.0,-1.2068009953847287,0.008223779035190849,2.1134196974477577,calm,,0
2020-12-01 00:00:00+00:00,0.0,0.0,0.0,-1.8016384437288502,0.008223779025439025,2.0978822745748853,calm,,0
2020-12-02 00:00:00+00:00,0.0,0.0,0.0,-1.1474151905624352,0.008223779016043679,2.112660947577694,calm,,0
2020-12-03 00:00:00+00:00,0.0,0.0,0.0,-1.412455763644488,0.008223779006991781,2.1048395340869033,calm,,0
2020-12-04 00:00:00+00:00,0.0,0.0,0.0,-1.1885654862584591,0.008223778998270776,2.1095982431026434,calm,,0
2020-12-07 00:00:00+00:00,0.0,0.0,0.0,-1.0103886995360982,0.008223778989868568,2.1135148995147306,calm,,0
2020-12-08 00:00:00+00:00,0.0,0.0,0.0,-0.8390451114297753,0.008223778981773506,2.1174147958547427,calm,,0
2020-12-09 00:00:00+00:00,0.0,0.0,0.0,-0.3148716118040922,0.008223778973974357,2.131235100636706,calm,,0
2020-12-10 00:00:00+00:00,0.0,0.0,0.0,-0.026094064759165533,0.008223778966460309,2.139099001829031,calm,,0
2020-12-11 00:00:00+00:00,0.0,0.0,0.0,-0.15583955490645482,0.008223778959220938,2.1357749370649564,calm,,0
2020-12-14 00:00:00+00:00,0.0,0.0,0.0,0.020899497294659872,0.008223778952246201,2.1408947414270543,calm,,0
2020-12-15 00:00:00+00:00,0.0,0.0,0.0,-0.1681283196221072,0.008223778945526429,2.136203718683857,calm,,0
2020-12-16 00:00:00+00:00,0.0,0.0,0.0,-0.09235872634980884,0.008223778939052297,2.138253730844592,calm,,0
2020-12-17 00:00:00+00:00,0.0,0.0,0.0,-0.10426085085623957,0.008223778932814828,2.137936960011761,calm,,0
2020-12-18 00:00:00+00:00,0.0,0.0,0.0,0.16445500798520402,0.008223778926805371,2.145121175834491,calm,,0
2020-12-21 00:00:00+00:00,0.0,0.0,0.0,-0.07976735654463582,0.008223778921015591,2.1382085878975654,calm,,0
2020-12-22 00:00:00+00:00,0.0,0.0,0.0,-0.3096751608140106,0.008223778915437456,2.1317811884050113,calm,,0
2020-12-23 00:00:00+00:00,0.0,0.0,0.0,0.0645965898286811,0.00822377891006323,2.1410546294202573,calm,,0
2020-12-24 00:00:00+00:00,0.0,0.0,0.0,0.1571664784456741,0.008223778904885461,2.1428813909753694,calm,,0
2020-12-28 00:00:00+00:00,0.0,0.0,0.0,0.5580857541674721,0.008223778899896965,2.152412144074802,calm,,0
2020-12-29 00:00:00+00:00,0.0,0.0,0.0,0.5544801264346045,0.008223778895090825,2.1515336975610246,calm,,0
2020-12-30 00:00:00+00:00,0.0,0.0,0.0,0.6983962456406482,0.008223778890460373,2.1545603199982524,calm,,0
2020-12-31 00:00:00+00:00,0.0,0.0,0.0,1.0979414950459516,0.008223778885999188,2.1635994054794865,calm,,0
2021-01-04 00:00:00+00:00,0.0,0.0,0.0,2.2675402127130884,1e-06,2.7208892690798074,normal,,0
2021-01-05 00:00:00+00:00,-1.0,-1.0,0.21566080439705612,2.5879296527646733,1e-06,2.7314034861502154,normal,,0
2021-01-06 00:00:00+00:00,0.0,-1.0,0.21566080439705612,3.0760359449300108,1e-06,2.7471604469110082,normal,,0
2021-01-07 00:00:00+00:00,0.0,-1.0,0.21566080439705612,3.1363916618963725,1e-06,2.7544397504914846,normal,,0
2021-01-08 00:00:00+00:00,0.0,-1.0,0.21566080439705612,2.590702543871563,1e-06,2.7447697291696502,normal,,0
2021-01-11 00:00:00+00:00,0.0,-1.0,0.21566080439705612,2.6681412949591143,1e-06,2.7513904643993308,normal,,0
2021-01-12 00:00:00+00:00,0.0,-1.0,0.21566080439705612,3.4667738256404803,1e-06,2.782806501300509,normal,,0
2021-01-13 00:00:00+00:00,0.0,-1.0,0.21566080439705612,3.2822592115760676,1e-06,2.788729636379921,normal,,0
2021-01-14 00:00:00+00:00,0.0,-1.0,0.21566080439705612,3.141340731852297,1e-06,2.795383727118468,normal,,0
2021-01-15 00:00:00+00:00,0.0,-1.0,0.21566080439705612,2.514478412629976,1e-06,2.78085558251723,normal,,0
2021-01-19 00:00:00+00:00,0.0,-1.0,0.21566080439705612,1.8712403677445308,1e-06,2.7597455932186676,normal,,0
2021-01-20 00:00:00+00:00,0.0,-1.0,0.21566080439705612,1.551228486659534,1e-06,2.749194220534936,normal,,0
2021-01-21 00:00:00+00:00,0.0,-1.0,0.21566080439705612,1.4918971121438083,1e-06,2.749245899871037,normal,,0
2021-01-22 00:00:00+00:00,0.0,-1.0,0.21566080439705612,1.5486403708486758,1e-06,2.754529923264849,normal,,0
2021-01-25 00:00:00+00:00,0.0,-1.0,0.21566080439705612,1.3216668068925417,1e-06,2.7466305020364388,normal,,0
2021-01-26 00:00:00+00:00,0.0,-1.0,0.21566080439705612,1.457641657868009,1e-06,2.755360747948054,normal,,0
2021-01-27 00:00:00+00:00,0.0,-1.0,0.21566080439705612,1.2596430481969638,1e-06,2.7483556173901276,normal,,0
2021-01-28 00:00:00+00:00,0.0,-1.0,0.21566080439705612,1.16348065158866,1e-06,2.745679586433354,normal,,0
2021-01-29 00:00:00+00:00,0.0,-1.0,0.21566080439705612,1.3731871277679997,1e-06,2.757341550154498,normal,,0
2021-02-01 00:00:00+00:00,0.0,-1.0,0.21566080439705612,1.5006525989888,1e-06,2.765126042686825,normal,,0
2021-02-02 00:00:00+00:00,0.0,-1.0,0.21566080439705612,1.6230075738340755,1e-06,2.7732258470801154,normal,,0
2021-02-03 00:00:00+00:00,0.0,-1.0,0.21566080439705612,1.838275648921572,1e-06,2.78595041464704,normal,,0
2021-02-04 00:00:00+00:00,0.0,-1.0,0.21566080439705612,1.7876179803715877,1e-06,2.787034382844559,normal,,0
2021-02-05 00:00:00+00:00,0.0,-1.0,0.21566080439705612,1.5446340351222194,1e-06,2.7786537016200232,normal,,0
2021-02-08 00:00:00+00:00,0.0,-1.0,0.21566080439705612,1.677935588267003,1e-06,2.787796465171936,normal,,0
2021-02-09 00:00:00+00:00,0.0,-1.0,0.21566080439705612,1.6656472615021807,1e-06,2.7905424186240486,normal,,0
2021-02-10 00:00:00+00:00,0.0,-1.0,0.21566080439705612,1.871997781111211,1e-06,2.804157362986435,normal,,0
2021-02-11 00:00:00+00:00,0.0,-1.0,0.21566080439705612,1.6746311324700747,1e-06,2.7981893787134826,normal,,0
2021-02-12 00:00:00+00:00,0.0,-1.0,0.21566080439705612,1.7679033426050823,1e-06,2.8064146824343936,normal,,0
2021-02-16 00:00:00+00:00,0.0,-1.0,0.21566080439705612,1.7961561491226496,1e-06,2.811612830532795,normal,,0
2021-02-17 00:00:00+00:00,0.0,-1.0,0.21566080439705612,1.8832104579515654,1e-06,2.8201439623516547,normal,,0
2021-02-18 00:00:00+00:00,0.0,-1.0,0.21566080439705612,1.7141307493622264,1e-06,2.815408173474991,normal,,0
2021-02-19 00:00:00+00:00,0.0,-1.0,0.21566080439705612,1.7933544559998909,1e-06,2.8232535589908414,normal,,0
2021-02-22 00:00:00+00:00,2.0,0.0,0.0,1.62354052188776,1e-06,2.818031538312687,normal,max_hold,0
2021-02-23 00:00:00+00:00,0.0,0.0,0.0,1.5987335875524258,1e-06,2.820051891382286,normal,,0
2021-02-24 00:00:00+00:00,0.0,0.0,0.0,1.835331725038835,1e-06,2.8365595284156893,normal,,0
2021-02-25 00:00:00+00:00,0.0,0.0,0.0,1.8419092526237604,1e-06,2.8410422559232784,normal,,0
2021-02-26 00:00:00+00:00,0.0,0.0,0.0,1.655488477738413,1e-06,2.8343213026842697,normal,,0
2021-03-01 00:00:00+00:00,0.0,0.0,0.0,1.6984322778913719,1e-06,2.8399205680529604,normal,,0
2021-03-02 00:00:00+00:00,0.0,0.0,0.0,1.458350547326971,1e-06,2.8291054710169026,normal,,0
2021-03-03 00:00:00+00:00,0.0,0.0,0.0,1.450659330453002,1e-06,2.8311131889978287,normal,,0
2021-03-04 00:00:00+00:00,0.0,0.0,0.0,1.288581470670306,1e-06,2.8242015861702474,normal,,0
2021-03-05 00:00:00+00:00,0.0,0.0,0.0,1.2238873648659192,1e-06,2.8224831345189543,normal,,0
2021-03-08 00:00:00+00:00,0.0,0.0,0.0,1.4941595471024134,1e-06,2.8387241687563747,normal,,0
2021-03-09 00:00:00+00:00,0.0,0.0,0.0,1.2856510701690211,1e-06,2.8297122250694295,normal,,0
2021-03-10 00:00:00+00:00,0.0,0.0,0.0,1.4934656783337372,1e-06,2.8426119469028963,normal,,0
2021-03-11 00:00:00+00:00,0.0,0.0,0.0,1.4876368162053886,1e-06,2.844770467730977,normal,,0
2021-03-12 00:00:00+00:00,0.0,0.0,0.0,1.6461982893533258,1e-06,2.8552748086296242,normal,,0
2021-03-15 00:00:00+00:00,0.0,0.0,0.0,1.48223207430583,1e-06,2.8493259964807254,normal,,0
2021-03-16 00:00:00+00:00,0.0,0.0,0.0,1.425587208966514,1e-06,2.8484489727869744,normal,,0
2021-03-17 00:00:00+00:00,0.0,0.0,0.0,1.3632661958926613,1e-06,2.8471398404475345,normal,,0
2021-03-18 00:00:00+00:00,0.0,0.0,0.0,1.512936123755341,1e-06,2.856246439325299,normal,,0
2021-03-19 00:00:00+00:00,0.0,0.0,0.0,1.3958110083554411,1e-06,2.8525526306256754,normal,,0
2021-03-22 00:00:00+00:00,0.0,0.0,0.0,1.1945793658954111,1e-06,2.844361750325167,normal,,0
2021-03-23 00:00:00+00:00,0.0,0.0,0.0,1.125557583421559,1e-06,2.8420709463124263,normal,,0
2021-03-24 00:00:00+00:00,0.0,0.0,0.0,0.9826568774715791,1e-06,2.8365715444726027,normal,,0
2021-03-25 00:00:00+00:00,0.0,0.0,0.0,0.9346840001527238,1e-06,2.835360395044198,normal,,0
2021-03-26 00:00:00+00:00,0.0,0.0,0.0,0.6744157442394563,1e-06,2.825070784057596,normal,,0
2021-03-29 00:00:00+00:00,0.0,0.0,0.0,0.9889672485789824,1e-06,2.8391048627552884,normal,,0
2021-03-30 00:00:00+00:00,0.0,0.0,0.0,1.199460198609122,1e-06,2.8482766423298536,normal,,0
2021-03-31 00:00:00+00:00,0.0,0.0,0.0,1.0950718081192752,1e-06,2.845080614872711,normal,,0
2021-04-01 00:00:00+00:00,0.0,0.0,0.0,0.9386524072853519,1e-06,2.5202413649683955,normal,,0
2021-04-05 00:00:00+00:00,0.0,0.0,0.0,0.7214327650636948,1e-06,2.5137772110314844,normal,,0
2021-04-06 00:00:00+00:00,0.0,0.0,0.0,0.6831320424696915,1e-06,2.513364157999795,normal,,0
2021-04-07 00:00:00+00:00,0.0,0.0,0.0,0.703023589475228,1e-06,2.5148415636625767,normal,,0
2021-04-08 00:00:00+00:00,0.0,0.0,0.0,0.7856822519827648,1e-06,2.5181938790564464,normal,,0
2021-04-09 00:00:00+00:00,0.0,0.0,0.0,0.4965727814570874,1e-06,2.5101167555493795,normal,,0
2021-04-12 00:00:00+00:00,0.0,0.0,0.0,0.7367154362717764,1e-06,2.5180548381057513,normal,,0
2021-04-13 00:00:00+00:00,0.0,0.0,0.0,0.6032662783079482,1e-06,2.5147391167541557,normal,,0
2021-04-14 00:00:00+00:00,0.0,0.0,0.0,0.869579943744362,1e-06,2.5234324323549897,normal,,0
2021-04-15 00:00:00+00:00,0.0,0.0,0.0,1.1636726611454968,1e-06,2.533222184134479,normal,,0
2021-04-16 00:00:00+00:00,-1.0,-1.0,0.18537006291656244,2.2244407549987493,1e-06,2.5657196692964557,normal,,0
2021-04-19 00:00:00+00:00,0.0,-1.0,0.18537006291656244,1.7661414682625436,1e-06,2.5541794485718734,normal,,0
2021-04-20 00:00:00+00:00,0.0,-1.0,0.18537006291656244,1.4239536546947855,1e-06,2.5451905253816802,normal,,0
2021-04-21 00:00:00+00:00,0.0,-1.0,0.18537006291656244,1.0440115670259282,1e-06,2.535101233805287,normal,,0
2021-04-22 00:00:00+00:00,0.0,-1.0,0.18537006291656244,1.0387738018475532,1e-06,2.535261902063446,normal,,0
2021-04-23 00:00:00+00:00,0.0,-1.0,0.18537006291656244,0.9819933985577245,1e-06,2.534213002742718,normal,,0
2021-04-26 00:00:00+00:00,0.0,-1.0,0.18537006291656244,1.2414441303372734,1e-06,2.5408440519024778,normal,,0
2021-04-27 00:00:00+00:00,0.0,-1.0,0.18537006291656244,1.4279261231226876,1e-06,2.544841568664179,normal,,0
2021-04-28 00:00:00+00:00,0.0,-1.0,0.18537006291656244,1.391416525889556,1e-06,2.5440967095465603,normal,,0
2021-04-29 00:00:00+00:00,0.0,-1.0,0.18537006291656244,1.6069345654480793,1e-06,2.5488241788020267,normal,,0
2021-04-30 00:00:00+00:00,0.0,-1.0,0.18537006291656244,1.2062336768699198,1e-06,2.540935806866094,normal,,0
2021-05-03 00:00:00+00:00,0.0,-1.0,0.18537006291656244,1.8032990818325292,1e-06,2.5533409253714243,normal,,0
2021-05-04 00:00:00+00:00,0.0,-1.0,0.18537006291656244,1.5975723881723867,1e-06,2.5501237073462764,normal,,0
2021-05-05 00:00:00+00:00,0.0,-1.0,0.18537006291656244,1.8480197530584828,1e-06,2.5548512295287753,normal,,0
2021-05-06 00:00:00+00:00,0.0,-1.0,0.18537006291656244,1.9174945598153676,1e-06,2.5565758734140624,normal,,0
2021-05-07 00:00:00+00:00,0.0,-1.0,0.18537006291656244,2.3206929744750067,1e-06,2.564295757384245,normal,,0
2021-05-10 00:00:00+00:00,0.0,-1.0,0.18537006291656244,2.3651330003435254,1e-06,2.5669498623463443,normal,,0
2021-05-11 00:00:00+00:00,0.0,-1.0,0.18537006291656244,1.7469225634903456,1e-06,2.5572497271808796,normal,,0
2021-05-12 00:00:00+00:00,0.0,-1.0,0.18537006291656244,1.5544278873068953,1e-06,2.5546964548183864,normal,,0
2021-05-13 00:00:00+00:00,0.0,-1.0,0.18537006291656244,1.4708116345867273,1e-06,2.554015579600748,normal,,0
2021-05-14 00:00:00+00:00,0.0,-1.0,0.18537006291656244,1.769284560946434,1e-06,2.560332679262705,normal,,0
2021-05-17 00:00:00+00:00,0.0,-1.0,0.18537006291656244,1.4208354717934064,1e-06,2.555156512336361,normal,,0
2021-05-18 00:00:00+00:00,0.0,-1.0,0.18537006291656244,1.1248308403625533,1e-06,2.55065065706428,normal,,0
2021-05-19 00:00:00+00:00,2.0,0.0,0.0,0.7126043607165541,1e-06,2.5438009364713734,normal,mean_reversion,0
2021-05-20 00:00:00+00:00,0.0,0.0,0.0,0.6963944806843578,1e-06,2.5439753811425962,normal,,0
2021-05-21 00:00:00+00:00,0.0,0.0,0.0,0.7860408766050248,1e-06,2.5459843173099994,normal,,0
2021-05-24 00:00:00+00:00,0.0,0.0,0.0,0.3241013211991385,1e-06,2.538219525015364,normal,,0
2021-05-25 00:00:00+00:00,0.0,0.0,0.0,0.06223545386194022,1e-06,2.5339149369882548,normal,,0
2021-05-26 00:00:00+00:00,0.0,0.0,0.0,0.3882309224534667,1e-06,2.5398509477067575,normal,,0
2021-05-27 00:00:00+00:00,0.0,0.0,0.0,0.6443414335659546,1e-06,2.5446918294029217,normal,,0
2021-05-28 00:00:00+00:00,0.0,0.0,0.0,0.3444467506340672,1e-06,2.540011746952844,normal,,0
2021-06-01 00:00:00+00:00,0.0,0.0,0.0,1.3286748930668204,1e-06,2.556794920539052,normal,,0
2021-06-02 00:00:00+00:00,0.0,0.0,0.0,1.18053878501186,1e-06,2.554873907640338,normal,,0
2021-06-03 00:00:00+00:00,0.0,0.0,0.0,1.6631440113848828,1e-06,2.5633791799711747,normal,,0
2021-06-04 00:00:00+00:00,0.0,0.0,0.0,1.8097755854908226,1e-06,2.5666358245339547,normal,,0
2021-06-07 00:00:00+00:00,0.0,0.0,0.0,1.577453016350282,1e-06,2.564066450338878,normal,,0
2021-06-08 00:00:00+00:00,0.0,0.0,0.0,1.160329018828184,1e-06,2.558095187478714,normal,,0
2021-06-09 00:00:00+00:00,0.0,0.0,0.0,0.9136592726494132,1e-06,2.5545428606235356,normal,,0
2021-06-10 00:00:00+00:00,0.0,0.0,0.0,-0.01299030627611646,1e-06,2.5393218460007603,normal,,0
2021-06-11 00:00:00+00:00,0.0,0.0,0.0,0.39574158723164327,1e-06,2.5464339523293122,normal,,0
2021-06-14 00:00:00+00:00,0.0,0.0,0.0,0.1323665567646792,1e-06,2.5423492555847926,normal,,0
2021-06-15 00:00:00+00:00,0.0,0.0,0.0,0.03594977053109858,1e-06,2.5408824618583656,normal,,0
2021-06-16 00:00:00+00:00,0.0,0.0,0.0,-0.3766562117560098,1e-06,2.5341629972212107,normal,,0
2021-06-17 00:00:00+00:00,0.0,0.0,0.0,-0.3975546004663232,1e-06,2.534061060796917,normal,,0
2021-06-18 00:00:00+00:00,0.0,0.0,0.0,-0.49415431494849504,1e-06,2.532715599567345,normal,,0
2021-06-21 00:00:00+00:00,0.0,0.0,0.0,-0.07105278393564753,1e-06,2.539933571627493,normal,,0
2021-06-22 00:00:00+00:00,0.0,0.0,0.0,0.19323694628746718,1e-06,2.544553717427245,normal,,0
2021-06-23 00:00:00+00:00,0.0,0.0,0.0,0.7206524259570851,1e-06,2.553016020787232,normal,,0
2021-06-24 00:00:00+00:00,0.0,0.0,0.0,1.1675838218975012,1e-06,2.560062224718073,normal,,0
2021-06-25 00:00:00+00:00,0.0,0.0,0.0,0.4619097981293506,1e-06,2.5500963471766696,normal,,0
2021-06-28 00:00:00+00:00,0.0,0.0,0.0,0.361831060266935,1e-06,2.548932312782788,normal,,0
2021-06-29 00:00:00+00:00,0.0,0.0,0.0,-0.227505591596382,1e-06,2.5407367130502125,normal,,0
2021-06-30 00:00:00+00:00,0.0,0.0,0.0,0.6224427500507311,1e-06,2.553196861208685,normal,,0
2021-07-01 00:00:00+00:00,0.0,0.0,0.0,-0.8720650766878907,0.008793973766623556,2.26293393420399,normal,,0
2021-07-02 00:00:00+00:00,0.0,0.0,0.0,-1.2521731457755958,0.008793973766623556,2.2589735524457364,calm,,0
2021-07-06 00:00:00+00:00,0.0,0.0,0.0,-0.9543902161546555,0.008793973766623555,2.2628622345581793,calm,,0
2021-07-07 00:00:00+00:00,0.0,0.0,0.0,-1.3903243075032652,0.008793973766623555,2.2590202440468405,calm,,0
2021-07-08 00:00:00+00:00,0.0,0.0,0.0,-1.6476897488678075,0.008793973766623555,2.2567261791781,calm,,0
2021-07-09 00:00:00+00:00,0.0,0.0,0.0,-0.401580403535866,0.008793973766623555,2.270420089854863,calm,,0
2021-07-12 00:00:00+00:00,0.0,0.0,0.0,-0.1066047921963125,0.008793973766623555,2.2737839912643247,calm,,0
2021-07-13 00:00:00+00:00,0.0,0.0,0.0,-2.095201300866628,0.008793973766623555,2.253816843562889,calm,,0
2021-07-14 00:00:00+00:00,0.0,0.0,0.0,-1.5170169507521947,0.008793973766623555,2.25915412529789,calm,,0
2021-07-15 00:00:00+00:00,0.0,0.0,0.0,-2.0898076735782474,0.008793973766623555,2.2528996834144968,calm,,0
2021-07-16 00:00:00+00:00,1.0,1.0,0.25,-3.1736133757492557,0.008793973766623555,2.2406008532932096,calm,,0
2021-07-19 00:00:00+00:00,0.0,1.0,0.25,-3.863838101981475,0.008793973766623555,2.229852159890511,calm,,0
2021-07-20 00:00:00+00:00,0.0,1.0,0.25,-3.593252663909235,0.008793973766623555,2.2275209314044253,calm,,0
2021-07-21 00:00:00+00:00,0.0,1.0,0.25,-3.304201926652933,0.008793973766623555,2.2263140290936363,calm,,0
2021-07-22 00:00:00+00:00,0.0,1.0,0.25,-2.9757564064361985,0.008793973766623555,2.2264920551799148,calm,,0
2021-07-23 00:00:00+00:00,0.0,1.0,0.25,-1.9959569261039112,0.008793973766623555,2.2381694468837146,calm,,0
2021-07-26 00:00:00+00:00,0.0,1.0,0.25,-2.757689357056228,0.008793973766623555,2.224036489024118,calm,,0
2021-07-27 00:00:00+00:00,0.0,1.0,0.25,-2.4765805815354995,0.008793973766623555,2.225369375016719,calm,,0
2021-07-28 00:00:00+00:00,0.0,1.0,0.25,-2.3493044457238077,0.008793973766623555,2.2247908163801093,calm,,0
2021-07-29 00:00:00+00:00,0.0,1.0,0.25,-1.7576183867195987,0.008793973766623555,2.2333919836774654,calm,,0
2021-07-30 00:00:00+00:00,0.0,1.0,0.25,-1.9786335878705672,0.008793973766623555,2.2276614425962684,calm,,0
2021-08-02 00:00:00+00:00,0.0,1.0,0.25,-1.6090725997243023,0.008793973766623555,2.233108842908697,calm,,0
2021-08-03 00:00:00+00:00,0.0,1.0,0.25,-1.389609542504478,0.008793973766623555,2.2362439955888522,calm,,0
2021-08-04 00:00:00+00:00,0.0,1.0,0.25,-1.6965242213641796,0.008793973766623555,2.2292063944480316,calm,,0
2021-08-05 00:00:00+00:00,0.0,1.0,0.25,-1.3074749081240833,0.008793973766623555,2.235856244524262,calm,,0
2021-08-06 00:00:00+00:00,0.0,1.0,0.25,-0.29394724035250464,0.008793973766623555,2.2552992393482287,calm,,0
2021-08-09 00:00:00+00:00,0.0,1.0,0.25,-0.4188497712772908,0.008793973766623555,2.2523998320403713,calm,,0
2021-08-10 00:00:00+00:00,0.0,1.0,0.25,0.1391872923631703,0.008793973766623555,2.262913425678664,calm,,0
2021-08-11 00:00:00+00:00,0.0,1.0,0.25,0.09764684991647074,0.008793973766623555,2.261653146755274,calm,,0
2021-08-12 00:00:00+00:00,0.0,1.0,0.25,0.12879989138431971,0.008793973766623555,2.261881827688152,calm,,0
2021-08-13 00:00:00+00:00,0.0,1.0,0.25,-0.28003944137187503,0.008793973766623555,2.2538583904427347,calm,,0
2021-08-16 00:00:00+00:00,0.0,1.0,0.25,-0.4630161492550688,0.008793973766623555,2.250123336222912,calm,,0
2021-08-17 00:00:00+00:00,0.0,1.0,0.25,-0.5978557770672843,0.008793973766623555,2.247247444172525,calm,,0
2021-08-18 00:00:00+00:00,2.0,0.0,0.0,-0.6028031193910556,0.008793973766623555,2.246752461735085,calm,mean_reversion,0
2021-08-19 00:00:00+00:00,0.0,0.0,0.0,-0.6549674964883495,0.008793973766623555,2.245461145587178,calm,,0
2021-08-20 00:00:00+00:00,0.0,0.0,0.0,-0.9832620751063919,0.008793973766623555,2.2389874480943845,calm,,0
2021-08-23 00:00:00+00:00,0.0,0.0,0.0,-0.7213150576878398,0.008793973766623555,2.2433886578398696,calm,,0
2021-08-24 00:00:00+00:00,0.0,0.0,0.0,0.08120450365976481,0.008793973766623555,2.2581549116028587,calm,,0
2021-08-25 00:00:00+00:00,0.0,0.0,0.0,0.041377482530047076,0.008793973766623555,2.2572808658804355,calm,,0
2021-08-26 00:00:00+00:00,0.0,0.0,0.0,0.1265861859992682,0.008793973766623555,2.2584608345829915,calm,,0
2021-08-27 00:00:00+00:00,0.0,0.0,0.0,0.4698206668876416,0.008793973766623555,2.264413180992348,calm,,0
2021-08-30 00:00:00+00:00,0.0,0.0,0.0,0.35711308956977095,0.008793973766623555,2.2618138241982018,calm,,0
2021-08-31 00:00:00+00:00,0.0,0.0,0.0,0.08991551458132731,0.008793973766623555,2.2564904943523243,calm,,0
2021-09-01 00:00:00+00:00,0.0,0.0,0.0,0.24979614904696668,0.008793973766623555,2.2586235130936463,calm,,0
2021-09-02 00:00:00+00:00,0.0,0.0,0.0,0.1175203999336681,0.008793973766623555,2.2559517887175984,calm,,0
2021-09-03 00:00:00+00:00,0.0,0.0,0.0,-0.006819016791391725,0.008793973766623555,2.2535232031353507,calm,,0
2021-09-07 00:00:00+00:00,0.0,0.0,0.0,-0.22675355103526804,0.008793973766623555,2.2497983904083556,calm,,0
2021-09-08 00:00:00+00:00,0.0,0.0,0.0,-0.602040311863193,0.008793973766623555,2.243481530841809,calm,,0
2021-09-09 00:00:00+00:00,0.0,0.0,0.0,-0.7702953347171859,0.008793973766623555,2.240440938203982,calm,,0
2021-09-10 00:00:00+00:00,0.0,0.0,0.0,-0.24985449264673149,0.008793973766623555,2.248305287483358,calm,,0
2021-09-13 00:00:00+00:00,0.0,0.0,0.0,-0.2844368439181029,0.008793973766623555,2.2475783807607925,calm,,0
2021-09-14 00:00:00+00:00,0.0,0.0,0.0,0.1302047304378178,0.008793973766623555,2.253933172086702,calm,,0
2021-09-15 00:00:00+00:00,0.0,0.0,0.0,-0.7850741489145718,0.008793973766623555,2.239328428589786,calm,,0
2021-09-16 00:00:00+00:00,0.0,0.0,0.0,-1.2713433149089817,0.008793973766623555,2.2312610438537623,calm,,0
2021-09-17 00:00:00+00:00,0.0,0.0,0.0,-1.6238383806989642,0.008793973766623555,2.2251240608125857,calm,,0
2021-09-20 00:00:00+00:00,1.0,1.0,0.25,-2.139940422748014,0.008793973766623555,2.216536507565321,calm,,0
2021-09-21 00:00:00+00:00,0.0,1.0,0.25,-2.340865343509291,0.008793973766623555,2.212825761646355,calm,,0
2021-09-22 00:00:00+00:00,0.0,1.0,0.25,-2.2220863782301077,0.008793973766623555,2.213084357140702,calm,,0
2021-09-23 00:00:00+00:00,0.0,1.0,0.25,-2.18844721995072,0.008793973766623555,2.212139508375122,calm,,0
2021-09-24 00:00:00+00:00,0.0,1.0,0.25,-1.9999101466277787,0.008793973766623555,2.213397233968044,calm,,0
2021-09-27 00:00:00+00:00,0.0,1.0,0.25,-1.7164236188386943,0.008793973766623555,2.216942809685786,calm,,0
2021-09-28 00:00:00+00:00,0.0,1.0,0.25,-1.6150222005041697,0.008793973766623555,2.21747974026391,calm,,0
2021-09-29 00:00:00+00:00,0.0,1.0,0.25,-1.0790417930983127,0.008793973766623555,2.2252181515867364,calm,,0
2021-09-30 00:00:00+00:00,0.0,1.0,0.25,-1.1607777759439066,0.008793973766623555,2.2233179588323395,calm,,0
2021-10-01 00:00:00+00:00,0.0,0.0,0.0,-1.4359052134504868,0.0081395352013548,2.183558609211187,normal,,0
2021-10-04 00:00:00+00:00,0.0,0.0,0.0,-1.4703731608508284,0.0081395352013548,2.182135769500225,calm,,0
2021-10-05 00:00:00+00:00,0.0,0.0,0.0,-0.7858067520204386,0.0081395352013548,2.192648532416275,calm,,0
2021-10-06 00:00:00+00:00,0.0,0.0,0.0,-0.0015226052888155552,0.0081395352013548,2.204622763127817,calm,,0
2021-10-07 00:00:00+00:00,0.0,0.0,0.0,0.45610913935224534,0.0081395352013548,2.2115065463477515,calm,,0
2021-10-08 00:00:00+00:00,0.0,0.0,0.0,0.08681902218133565,0.0081395352013548,2.205506114372705,calm,,0
2021-10-11 00:00:00+00:00,0.0,0.0,0.0,0.27493644071222,0.0081395352013548,2.2081458989301725,calm,,0
2021-10-12 00:00:00+00:00,0.0,0.0,0.0,0.46532987226791184,0.0081395352013548,2.2110807535276837,calm,,0
2021-10-13 00:00:00+00:00,0.0,0.0,0.0,-0.3523565852048459,0.0081395352013548,2.198851553916442,calm,,0
2021-10-14 00:00:00+00:00,0.0,0.0,0.0,-0.40651364960633757,0.0081395352013548,2.1981370359026404,calm,,0
2021-10-15 00:00:00+00:00,0.0,0.0,0.0,1.1186450528507346,0.0081395352013548,2.2213636506520076,calm,,0
2021-10-18 00:00:00+00:00,-1.0,-1.0,0.25,2.6933920333675667,0.0081395352013548,2.245881060810693,calm,,0
2021-10-19 00:00:00+00:00,0.0,-1.0,0.25,2.048265523153655,0.0081395352013548,2.2385948158513687,calm,,0
2021-10-20 00:00:00+00:00,0.0,-1.0,0.25,2.034867823307467,0.0081395352013548,2.240032254090466,calm,,0
2021-10-21 00:00:00+00:00,0.0,-1.0,0.25,2.181648898592458,0.0081395352013548,2.2442134143141157,calm,,0
2021-10-22 00:00:00+00:00,0.0,-1.0,0.25,2.0444673962043516,0.0081395352013548,2.243827388511033,calm,,0
2021-10-25 00:00:00+00:00,0.0,-1.0,0.25,2.052242797081841,0.0081395352013548,2.245844444494322,calm,,0
2021-10-26 00:00:00+00:00,0.0,-1.0,0.25,1.6148124055051032,0.0081395352013548,2.239650030461125,calm,,0
2021-10-27 00:00:00+00:00,0.0,-1.0,0.25,1.2981762478382532,0.0081395352013548,2.234910492678426,calm,,0
2021-10-28 00:00:00+00:00,0.0,-1.0,0.25,1.593320931070084,0.0081395352013548,2.2413834964627695,calm,,0
2021-10-29 00:00:00+00:00,0.0,-1.0,0.25,1.1936675808885542,0.0081395352013548,2.23486794021373,calm,,0
2021-11-01 00:00:00+00:00,0.0,-1.0,0.25,1.1150034717117538,0.0081395352013548,2.2341024802174814,calm,,0
2021-11-02 00:00:00+00:00,0.0,-1.0,0.25,1.8010053234444232,0.0081395352013548,2.248031378730938,calm,,0
2021-11-03 00:00:00+00:00,0.0,-1.0,0.25,1.7246918595792318,0.0081395352013548,2.2479268940739443,calm,,0
2021-11-04 00:00:00+00:00,0.0,-1.0,0.25,1.1941217580162313,0.0081395352013548,2.238023208145621,calm,,0
2021-11-05 00:00:00+00:00,0.0,-1.0,0.25,1.3285846675769393,0.0081395352013548,2.2412183861047463,calm,,0
2021-11-08 00:00:00+00:00,0.0,-1.0,0.25,1.4721968259519616,0.0081395352013548,2.244792691906561,calm,,0
2021-11-09 00:00:00+00:00,0.0,-1.0,0.25,1.2003817754118393,0.0081395352013548,2.239950695333369,calm,,0
2021-11-10 00:00:00+00:00,0.0,-1.0,0.25,1.2259731587735627,0.0081395352013548,2.2412251434761647,calm,,0
2021-11-11 00:00:00+00:00,0.0,-1.0,0.25,1.1645382343325077,0.0081395352013548,2.2406868682628858,calm,,0
2021-11-12 00:00:00+00:00,0.0,-1.0,0.25,1.0177110609154236,0.0081395352013548,2.2381927017246053,calm,,0
2021-11-15 00:00:00+00:00,0.0,-1.0,0.25,0.8620339779267189,0.0081395352013548,2.2353546642983435,calm,,0
2021-11-16 00:00:00+00:00,0.0,-1.0,0.25,0.4854467498380004,0.0081395352013548,2.2274992423577107,calm,,0
2021-11-17 00:00:00+00:00,2.0,0.0,0.0,0.2642506878988952,0.0081395352013548,2.222860989166018,calm,mean_reversion,0
2021-11-18 00:00:00+00:00,0.0,0.0,0.0,0.18797227140654346,0.0081395352013548,2.221142759171401,calm,,0
2021-11-19 00:00:00+00:00,0.0,0.0,0.0,0.03520167854473551,0.0081395352013548,2.2176963284657196,calm,,0
2021-11-22 00:00:00+00:00,0.0,0.0,0.0,0.11260961375295937,0.0081395352013548,2.2193350849776214,calm,,0
2021-11-23 00:00:00+00:00,0.0,0.0,0.0,0.35868694903379467,0.0081395352013548,2.22466532114149,calm,,0
2021-11-24 00:00:00+00:00,0.0,0.0,0.0,-0.14984343905753802,0.0081395352013548,2.213260278791194,calm,,0
2021-11-26 00:00:00+00:00,0.0,0.0,0.0,-0.2134909787077419,0.0081395352013548,2.211702722265775,calm,,0
2021-11-29 00:00:00+00:00,0.0,0.0,0.0,-0.07862709368128729,0.0081395352013548,2.2145186455977885,calm,,0
2021-11-30 00:00:00+00:00,0.0,0.0,0.0,0.022449014949356253,0.0081395352013548,2.2166696540943835,calm,,0
2021-12-01 00:00:00+00:00,0.0,0.0,0.0,-0.6922974659159918,0.0081395352013548,2.200684986169631,calm,,0
2021-12-02 00:00:00+00:00,0.0,0.0,0.0,-0.6790247415097588,0.0081395352013548,2.200686461089736,calm,,0
2021-12-03 00:00:00+00:00,0.0,0.0,0.0,-0.9500047520269721,0.0081395352013548,2.1944204440945696,calm,,0
2021-12-06 00:00:00+00:00,0.0,0.0,0.0,-0.5909576787183084,0.0081395352013548,2.202229671036051,calm,,0
2021-12-07 00:00:00+00:00,0.0,0.0,0.0,-0.40299820197765457,0.0081395352013548,2.206266476664477,calm,,0
2021-12-08 00:00:00+00:00,0.0,0.0,0.0,-0.2151070750943096,0.0081395352013548,2.210415786496022,calm,,0
2021-12-09 00:00:00+00:00,0.0,0.0,0.0,-0.20475243534702306,0.0081395352013548,2.210505870528845,calm,,0
2021-12-10 00:00:00+00:00,0.0,0.0,0.0,-0.06738474012125148,0.0081395352013548,2.213728959950307,calm,,0
2021-12-13 00:00:00+00:00,0.0,0.0,0.0,-0.2860045205721663,0.0081395352013548,2.2091016360957245,calm,,0
2021-12-14 00:00:00+00:00,0.0,0.0,0.0,-0.3662382171840638,0.0081395352013548,2.2076903507878476,calm,,0
2021-12-15 00:00:00+00:00,0.0,0.0,0.0,-0.5554038105374114,0.0081395352013548,2.2041338137294186,calm,,0
2021-12-16 00:00:00+00:00,0.0,0.0,0.0,-0.240270261312999,0.0081395352013548,2.2115846863170514,calm,,0
2021-12-17 00:00:00+00:00,0.0,0.0,0.0,-0.6609248886253227,0.0081395352013548,2.203540587159667,calm,,0
2021-12-20 00:00:00+00:00,0.0,0.0,0.0,-1.3200423054673018,0.0081395352013548,2.1910659558688392,calm,,0
2021-12-21 00:00:00+00:00,0.0,0.0,0.0,-1.252080235683735,0.0081395352013548,2.1930894691502587,calm,,0
2021-12-22 00:00:00+00:00,0.0,0.0,0.0,-1.0700538291613755,0.0081395352013548,2.197204135190473,calm,,0
2021-12-23 00:00:00+00:00,0.0,0.0,0.0,-1.3783894410903292,0.0081395352013548,2.1919215995217063,calm,,0
2021-12-27 00:00:00+00:00,0.0,0.0,0.0,-1.298594687711296,0.0081395352013548,2.1935194128187447,calm,,0
2021-12-28 00:00:00+00:00,0.0,0.0,0.0,-1.3400599946328275,0.0081395352013548,2.192956249611493,calm,,0
2021-12-29 00:00:00+00:00,0.0,0.0,0.0,-0.9589492137961544,0.0081395352013548,2.200609864993823,calm,,0
2021-12-30 00:00:00+00:00,0.0,0.0,0.0,-1.4100476287510224,0.0081395352013548,2.193100993382544,calm,,0
2021-12-31 00:00:00+00:00,0.0,0.0,0.0,-1.2514327122483666,0.0081395352013548,2.1960266981446033,calm,,0
2022-01-03 00:00:00+00:00,0.0,0.0,0.0,-0.5448346769302629,0.007576583059417075,2.1777645309826785,normal,,0
2022-01-04 00:00:00+00:00,0.0,0.0,0.0,-0.3669428318060034,0.007576583059417075,2.180978382115762,calm,,0
2022-01-05 00:00:00+00:00,0.0,0.0,0.0,-0.5689785870314392,0.007576583059417075,2.1774045985275516,calm,,0
2022-01-06 00:00:00+00:00,0.0,0.0,0.0,-1.5284473178676172,0.007576583059417075,2.1598161709531327,calm,,0
2022-01-07 00:00:00+00:00,0.0,0.0,0.0,-1.826962054265521,0.007576583059417075,2.153400254041762,calm,,0
2022-01-10 00:00:00+00:00,0.0,0.0,0.0,-1.5487225989875375,0.007576583059417075,2.157811986924994,calm,,0
2022-01-11 00:00:00+00:00,0.0,0.0,0.0,-1.7634140461348404,0.007576583059417075,2.1532197118510785,calm,,0
2022-01-12 00:00:00+00:00,1.0,1.0,0.25,-2.1794096604499584,0.007576583059417075,2.143551272182551,calm,,0
2022-01-13 00:00:00+00:00,0.0,1.0,0.25,-1.7779282127680676,0.007576583059417075,2.1495474263066705,calm,,0
2022-01-14 00:00:00+00:00,0.0,1.0,0.25,-1.4919099774367406,0.007576583059417075,2.1538771793561433,calm,,0
2022-01-18 00:00:00+00:00,0.0,1.0,0.25,-2.7297751446538285,0.007576583059417075,2.1273811173220896,calm,,0
2022-01-19 00:00:00+00:00,0.0,1.0,0.25,-4.579094513982938,0.007577189590076788,2.0840422277655275,calm,,1
2022-01-20 00:00:00+00:00,2.0,0.0,0.0,-4.958100795590686,0.007576950938858246,2.0584491280550634,calm,emergency_stop,0
2022-01-21 00:00:00+00:00,1.0,1.0,0.25,-4.351711697134816,0.007576806189577223,2.0524903177121354,calm,,0
2022-01-24 00:00:00+00:00,0.0,1.0,0.25,-3.752543803308824,0.007576718394700312,2.0523384120283885,calm,,0
2022-01-25 00:00:00+00:00,0.0,1.0,0.25,-3.498228224709744,0.007576665144415699,2.046232828561626,calm,,0
2022-01-26 00:00:00+00:00,0.0,1.0,0.25,-3.236765792210592,0.007576632846485443,2.0427214482891367,calm,,0
2022-01-27 00:00:00+00:00,0.0,1.0,0.25,-3.422425276018057,0.007576613256800497,2.0224694999716335,calm,,0
2022-01-28 00:00:00+00:00,0.0,1.0,0.25,-2.71444985588045,0.007576601375055963,2.0393826308289182,calm,,0
2022-01-31 00:00:00+00:00,0.0,1.0,0.25,-2.1888887293021257,0.007576594168413614,2.0557020989540877,calm,,0
2022-02-01 00:00:00+00:00,0.0,1.0,0.25,-1.7829237092302328,0.007576589797364074,2.070179877291918,calm,,0
2022-02-02 00:00:00+00:00,0.0,1.0,0.25,-1.8071880824562472,0.007576587146188514,2.065157988845987,calm,,0
2022-02-03 00:00:00+00:00,0.0,1.0,0.25,-1.565440846098167,0.007576585538169252,2.0735770409689116,calm,,0
2022-02-04 00:00:00+00:00,0.0,1.0,0.25,-1.5146013396618312,0.007576584562856268,2.0732321336723887,calm,,0
2022-02-07 00:00:00+00:00,0.0,1.0,0.25,-1.5076889143524044,0.007576583971299041,2.070733115999824,calm,,0
2022-02-08 00:00:00+00:00,0.0,1.0,0.25,-1.5147868822155734,0.007576583612501445,2.0675514629709224,calm,,0
2022-02-09 00:00:00+00:00,0.0,1.0,0.25,-1.6012528791712781,0.007576583394879703,2.0601904863010665,calm,,0
2022-02-10 00:00:00+00:00,0.0,1.0,0.25,-1.6123945386665546,0.007576583262885444,2.0564575668143688,calm,,0
2022-02-11 00:00:00+00:00,0.0,1.0,0.25,-1.4822146751443923,0.007576583182826879,2.060168682329065,calm,,0
2022-02-14 00:00:00+00:00,0.0,1.0,0.25,-1.2264968183416325,0.007576583134268905,2.07100977422577,calm,,0
2022-02-15 00:00:00+00:00,0.0,1.0,0.25,-1.2736239910811469,0.0075765831048170045,2.066249949659904,calm,,0
2022-02-16 00:00:00+00:00,0.0,1.0,0.25,-1.0032955678374986,0.007576583086953525,2.078529071744886,calm,,0
2022-02-17 00:00:00+00:00,0.0,1.0,0.25,-0.7459397384080089,0.007576583076118776,2.0906645551968883,calm,,0
2022-02-18 00:00:00+00:00,0.0,1.0,0.25,-0.9056178729171743,0.007576583069547169,2.0806629388756903,calm,,0
2022-02-22 00:00:00+00:00,0.0,1.0,0.25,-0.7368759131333629,0.007576583065561288,2.088084518127757,calm,,0
2022-02-23 00:00:00+00:00,0.0,1.0,0.25,-0.8308040878075756,0.0075765830631437285,2.0817034090494984,calm,,0
2022-02-24 00:00:00+00:00,0.0,1.0,0.25,-0.41739531361326193,0.007576583061677404,2.102133652023286,calm,,0
2022-02-25 00:00:00+00:00,0.0,1.0,0.25,-0.2713562628204372,0.007576583060788034,2.1086552977669144,calm,,0
2022-02-28 00:00:00+00:00,2.0,0.0,0.0,-0.14185577776053265,0.007576583060248603,2.1142571168883384,calm,mean_reversion,0
2022-03-01 00:00:00+00:00,0.0,0.0,0.0,-0.2881879965697699,0.0075765830599214224,2.1058462984956323,calm,,0
2022-03-02 00:00:00+00:00,0.0,0.0,0.0,-0.12580976455920426,0.007576583059722977,2.1131917695814297,calm,,0
2022-03-03 00:00:00+00:00,0.0,0.0,0.0,0.0670597191146101,0.007576583059602614,2.122194100342672,calm,,0
2022-03-04 00:00:00+00:00,0.0,0.0,0.0,0.11736116777398356,0.00757658305952961,2.1238781681341066,calm,,0
2022-03-07 00:00:00+00:00,0.0,0.0,0.0,0.1662967304924796,0.007576583059485331,2.1253967739714335,calm,,0
2022-03-08 00:00:00+00:00,0.0,0.0,0.0,0.14298668572869552,0.007576583059458474,2.123242801738358,calm,,0
2022-03-09 00:00:00+00:00,0.0,0.0,0.0,0.13256271073279793,0.007576583059442185,2.1217014326025274,calm,,0
2022-03-10 00:00:00+00:00,0.0,0.0,0.0,0.26167490278302064,0.007576583059432305,2.126725903899465,calm,,0
2022-03-11 00:00:00+00:00,0.0,0.0,0.0,0.28875477934585003,0.007576583059426312,2.1269504622736224,calm,,0
2022-03-14 00:00:00+00:00,0.0,0.0,0.0,0.23485677790842915,0.007576583059422678,2.123426706734414,calm,,0
2022-03-15 00:00:00+00:00,0.0,0.0,0.0,0.14513678013242387,0.007576583059420473,2.118355923577087,calm,,0
2022-03-16 00:00:00+00:00,0.0,0.0,0.0,-0.15580545042987598,0.007576583059419136,2.103750869025677,calm,,0
2022-03-17 00:00:00+00:00,0.0,0.0,0.0,-0.355348189353344,0.007576583059418325,2.0939539525200366,calm,,0
2022-03-18 00:00:00+00:00,0.0,0.0,0.0,-0.3807627661761971,0.007576583059417833,2.0919093110887013,calm,,0
2022-03-21 00:00:00+00:00,0.0,0.0,0.0,-0.3113002001410478,0.007576583059417535,2.0939205323681818,calm,,0
2022-03-22 00:00:00+00:00,0.0,0.0,0.0,-0.3990553401853413,0.007576583059417354,2.089217269824647,calm,,0
2022-03-23 00:00:00+00:00,0.0,0.0,0.0,-0.5315739142391611,0.007576583059417244,2.0827255937897533,calm,,0
2022-03-24 00:00:00+00:00,0.0,0.0,0.0,-0.3852315351189535,0.007576583059417177,2.087726752188774,calm,,0
2022-03-25 00:00:00+00:00,0.0,0.0,0.0,-0.28332703299571615,0.0075765830594171375,2.090867371879686,calm,,0
2022-03-28 00:00:00+00:00,0.0,0.0,0.0,-0.21373978311675426,0.007576583059417113,2.0925698333736014,calm,,0
2022-03-29 00:00:00+00:00,0.0,0.0,0.0,-0.04663986219343279,0.0075765830594170976,2.098039283163832,calm,,0
2022-03-30 00:00:00+00:00,0.0,0.0,0.0,0.09579909125090152,0.007576583059417089,2.102331242476979,calm,,0
2022-03-31 00:00:00+00:00,0.0,0.0,0.0,0.4079587224655856,0.007576583059417084,2.1122395291798717,calm,,0
2022-04-01 00:00:00+00:00,0.0,0.0,0.0,0.5111127529319138,0.007099392752968075,2.2126457679309266,normal,,0
2022-04-04 00:00:00+00:00,0.0,0.0,0.0,0.37666379888218054,0.007099392752968074,2.2063474904326164,calm,,0
2022-04-05 00:00:00+00:00,0.0,0.0,0.0,0.5295953056171033,0.007099392752968072,2.20980788100883,calm,,0
2022-04-06 00:00:00+00:00,0.0,0.0,0.0,0.5039664533507048,0.007099392752968071,2.2077896890896818,calm,,0
2022-04-07 00:00:00+00:00,0.0,0.0,0.0,0.30390840587335866,0.007099392752968071,2.200510062108394,calm,,0
2022-04-08 00:00:00+00:00,0.0,0.0,0.0,0.9081750408882523,0.00709939275296807,2.2162016599203413,calm,,0
2022-04-11 00:00:00+00:00,0.0,0.0,0.0,0.8801410557758926,0.00709939275296807,2.2143601507461326,calm,,0
2022-04-12 00:00:00+00:00,0.0,0.0,0.0,0.819648785160523,0.00709939275296807,2.21134104631546,calm,,0
2022-04-13 00:00:00+00:00,0.0,0.0,0.0,1.126848801005472,0.00709939275296807,2.217413846951254,calm,,0
2022-04-14 00:00:00+00:00,0.0,0.0,0.0,0.7474535648494466,0.00709939275296807,2.207564718175259,calm,,0
2022-04-18 00:00:00+00:00,0.0,0.0,0.0,1.1660054105065802,0.00709939275296807,2.2185758998527376,calm,,0
2022-04-19 00:00:00+00:00,0.0,0.0,0.0,0.885989104640783,0.00709939275296807,2.212491943736476,calm,,0
2022-04-20 00:00:00+00:00,0.0,0.0,0.0,0.8023924298898327,0.00709939275296807,2.2111213211096143,calm,,0
2022-04-21 00:00:00+00:00,0.0,0.0,0.0,0.6805759063526662,0.00709939275296807,2.208809485369947,calm,,0
2022-04-22 00:00:00+00:00,0.0,0.0,0.0,0.4450337047223339,0.00709939275296807,2.203827720658927,calm,,0
2022-04-25 00:00:00+00:00,0.0,0.0,0.0,0.39759209540413265,0.00709939275296807,2.2033605786296184,calm,,0
2022-04-26 00:00:00+00:00,0.0,0.0,0.0,0.40538148860336304,0.00709939275296807,2.2040631686988963,calm,,0
2022-04-27 00:00:00+00:00,0.0,0.0,0.0,0.28321950371073684,0.00709939275296807,2.2022361473350616,calm,,0
2022-04-28 00:00:00+00:00,0.0,0.0,0.0,0.7291397365931703,0.00709939275296807,2.2110787510191763,calm,,0
2022-04-29 00:00:00+00:00,0.0,0.0,0.0,0.16291823483341294,0.00709939275296807,2.20119237792639,calm,,0
2022-05-02 00:00:00+00:00,0.0,0.0,0.0,0.11899248467393032,0.00709939275296807,2.2009200752873177,calm,,0
2022-05-03 00:00:00+00:00,0.0,0.0,0.0,-0.4603236980060048,0.00709939275296807,2.1911909382943358,calm,,0
2022-05-04 00:00:00+00:00,0.0,0.0,0.0,-0.47963767440095445,0.00709939275296807,2.1912782324262468,calm,,0
2022-05-05 00:00:00+00:00,0.0,0.0,0.0,-1.2529700454396164,0.00709939275296807,2.1787322601318473,calm,,0
2022-05-06 00:00:00+00:00,0.0,0.0,0.0,-0.6747392338300077,0.00709939275296807,2.1888345930902786,calm,,0
2022-05-09 00:00:00+00:00,0.0,0.0,0.0,0.25461963967832124,0.00709939275296807,2.204534358757356,calm,,0
2022-05-10 00:00:00+00:00,0.0,0.0,0.0,0.07697545524928658,0.00709939275296807,2.2024115264657023,calm,,0
2022-05-11 00:00:00+00:00,0.0,0.0,0.0,-0.082960943845229,0.00709939275296807,2.2008042930693157,calm,,0
2022-05-12 00:00:00+00:00,0.0,0.0,0.0,0.44776106509567304,0.00709939275296807,2.208410026324952,calm,,0
2022-05-13 00:00:00+00:00,0.0,0.0,0.0,-0.7514612170346057,0.00709939275296807,2.193769339873939,calm,,0
2022-05-16 00:00:00+00:00,0.0,0.0,0.0,-0.3048424129204745,0.00709939275296807,2.1997046853692623,calm,,0
2022-05-17 00:00:00+00:00,0.0,0.0,0.0,-0.3161787500615818,0.00709939275296807,2.199775531474932,calm,,0
2022-05-18 00:00:00+00:00,0.0,0.0,0.0,-0.043614947725964255,0.00709939275296807,2.203401998955631,calm,,0
2022-05-19 00:00:00+00:00,0.0,0.0,0.0,0.5897558057005672,0.00709939275296807,2.210881881490075,calm,,0
2022-05-20 00:00:00+00:00,0.0,0.0,0.0,0.4701327923008761,0.00709939275296807,2.209839567987085,calm,,0
2022-05-23 00:00:00+00:00,0.0,0.0,0.0,0.8614048591360511,0.00709939275296807,2.214284646440511,calm,,0
2022-05-24 00:00:00+00:00,0.0,0.0,0.0,0.753437219250135,0.00709939275296807,2.213272069417087,calm,,0
2022-05-25 00:00:00+00:00,0.0,0.0,0.0,0.3913547645856778,0.00709939275296807,2.2093167675470515,calm,,0
2022-05-26 00:00:00+00:00,0.0,0.0,0.0,0.6207887178360193,0.00709939275296807,2.211960943575994,calm,,0
2022-05-27 00:00:00+00:00,0.0,0.0,0.0,0.5691902775840357,0.00709939275296807,2.2114254957536303,calm,,0
2022-05-31 00:00:00+00:00,0.0,0.0,0.0,0.5577743027729581,0.00709939275296807,2.2111027558564182,calm,,0
2022-06-01 00:00:00+00:00,0.0,0.0,0.0,-0.022765078994638987,0.00709939275296807,2.20461233601887,calm,,0
2022-06-02 00:00:00+00:00,0.0,0.0,0.0,0.7286079586936673,0.00709939275296807,2.2122678759297516,calm,,0
2022-06-03 00:00:00+00:00,0.0,0.0,0.0,0.060230092627117475,0.00709939275296807,2.2050958695607568,calm,,0
2022-06-06 00:00:00+00:00,0.0,0.0,0.0,-0.014152369851880203,0.00709939275296807,2.204098666024896,calm,,0
2022-06-07 00:00:00+00:00,0.0,0.0,0.0,-0.0014424959441478283,0.00709939275296807,2.2039112866558916,calm,,0
2022-06-08 00:00:00+00:00,0.0,0.0,0.0,-0.13759119316681817,0.00709939275296807,2.2022794076936645,calm,,0
2022-06-09 00:00:00+00:00,0.0,0.0,0.0,-1.7441297213349771,0.00709939275296807,2.186931304491977,calm,,0
2022-06-10 00:00:00+00:00,1.0,1.0,0.25,-3.8341432565841393,0.00709939275296807,2.1664223720152416,calm,,0
2022-06-13 00:00:00+00:00,0.0,1.0,0.25,-2.1787896590660996,0.00709939275296807,2.1791625657599747,calm,,0
2022-06-14 00:00:00+00:00,0.0,1.0,0.25,-2.216167174529314,0.00709939275296807,2.1777996433093127,calm,,0
2022-06-15 00:00:00+00:00,0.0,1.0,0.25,-0.7547372015232081,0.00709939275296807,2.1933128360375793,calm,,0
2022-06-16 00:00:00+00:00,0.0,1.0,0.25,-0.43518195235866314,0.00709939275296807,2.196948157675292,calm,,0
2022-06-17 00:00:00+00:00,0.0,1.0,0.25,-1.1096558440545155,0.00709939275296807,2.189653902957669,calm,,0
2022-06-21 00:00:00+00:00,0.0,1.0,0.25,-1.067797964955894,0.00709939275296807,2.190510996338933,calm,,0
2022-06-22 00:00:00+00:00,0.0,1.0,0.25,-1.1522423476132024,0.00709939275296807,2.1897922185974887,calm,,0
2022-06-23 00:00:00+00:00,0.0,1.0,0.25,0.06585128938169137,0.00709939275296807,2.2029567644201506,calm,,0
2022-06-24 00:00:00+00:00,0.0,1.0,0.25,1.1589961976350025,0.00709939275296807,2.214816752861807,calm,,0
2022-06-27 00:00:00+00:00,0.0,1.0,0.25,-0.41111417572850967,0.00709939275296807,2.1983521994971067,calm,,0
2022-06-28 00:00:00+00:00,0.0,1.0,0.25,-0.1813620541355974,0.00709939275296807,2.2007934721234306,calm,,0
2022-06-29 00:00:00+00:00,0.0,1.0,0.25,0.6772711575228949,0.00709939275296807,2.2098697577779114,calm,,0
2022-06-30 00:00:00+00:00,0.0,1.0,0.25,1.197983679006373,0.00709939275296807,2.2153631162388714,calm,,0
2022-07-01 00:00:00+00:00,0.0,0.0,0.0,0.9253976223267855,0.006679389033554457,2.253514032070152,normal,,0
2022-07-05 00:00:00+00:00,0.0,0.0,0.0,1.48613398756469,0.006679389033554457,2.259789704536846,calm,,0
2022-07-06 00:00:00+00:00,0.0,0.0,0.0,0.6307746108850864,0.006679389033554457,2.2506395396170618,calm,,0
2022-07-07 00:00:00+00:00,0.0,0.0,0.0,0.6173255758143246,0.006679389033554457,2.2506647370031563,calm,,0
2022-07-08 00:00:00+00:00,0.0,0.0,0.0,0.32010514953104374,0.006679389033554457,2.247177137428637,calm,,0
2022-07-11 00:00:00+00:00,0.0,0.0,0.0,-0.008439493298288876,0.006679389033554457,2.243374395825314,calm,,0
2022-07-12 00:00:00+00:00,0.0,0.0,0.0,0.06351620174309985,0.006679389033554457,2.2440202406617193,calm,,0
2022-07-13 00:00:00+00:00,0.0,0.0,0.0,0.02287427264737727,0.006679389033554457,2.243329956346236,calm,,0
2022-07-14 00:00:00+00:00,1.0,1.0,0.25,-2.697059603796289,0.006679389033554457,2.2138291036554274,calm,,0
2022-07-15 00:00:00+00:00,0.0,1.0,0.25,-1.7630497582687306,0.006679389033554457,2.222438809947254,calm,,0
2022-07-18 00:00:00+00:00,0.0,1.0,0.25,-0.11177800352543812,0.006679389033554457,2.2404314017948046,calm,,0
2022-07-19 00:00:00+00:00,0.0,1.0,0.25,2.278293624716103,0.006679389033554457,2.267277365976252,calm,,0
2022-07-20 00:00:00+00:00,0.0,1.0,0.25,2.8396846317628577,0.006679389033554457,2.2751330626041835,calm,,0
2022-07-21 00:00:00+00:00,0.0,1.0,0.25,3.3168238368479313,0.006679389033554457,2.283765697145713,calm,,0
2022-07-22 00:00:00+00:00,0.0,1.0,0.25,2.522813559276442,0.006679389033554457,2.2772626978369463,calm,,0
2022-07-25 00:00:00+00:00,0.0,1.0,0.25,2.221791354512114,0.006679389033554457,2.275270795416534,calm,,0
2022-07-26 00:00:00+00:00,0.0,1.0,0.25,2.5169197360273987,0.006679389033554457,2.2814812571991006,calm,,0
2022-07-27 00:00:00+00:00,0.0,1.0,0.25,2.1802729394951914,0.006679389033554457,2.2785758151189057,calm,,0
2022-07-28 00:00:00+00:00,0.0,1.0,0.25,2.7117801317084114,0.006679389033554457,2.2891209585277115,calm,,0
2022-07-29 00:00:00+00:00,0.0,1.0,0.25,2.596011645634036,0.006679389033554457,2.2905183842622767,calm,,0
2022-08-01 00:00:00+00:00,0.0,1.0,0.25,2.0200837449235056,0.006679389033554457,2.2832933214058024,calm,,0
2022-08-02 00:00:00+00:00,0.0,1.0,0.25,1.8727112885965789,0.006679389033554457,2.282417958075188,calm,,0
2022-08-03 00:00:00+00:00,0.0,1.0,0.25,1.7595171848021074,0.006679389033554457,2.2816484730448034,calm,,0
2022-08-04 00:00:00+00:00,0.0,1.0,0.25,1.3570192436949824,0.006679389033554457,2.2754090438515058,calm,,0
2022-08-05 00:00:00+00:00,0.0,1.0,0.25,1.3942642253322324,0.006679389033554457,2.2770085576213344,calm,,0
2022-08-08 00:00:00+00:00,0.0,1.0,0.25,1.2473227759055439,0.006679389033554457,2.275102203577418,calm,,0
2022-08-09 00:00:00+00:00,0.0,1.0,0.25,1.549123723879936,0.006679389033554457,2.281885382582278,calm,,0
2022-08-10 00:00:00+00:00,0.0,1.0,0.25,1.8762866915373426,0.006679389033554457,2.289623576095564,calm,,0
2022-08-11 00:00:00+00:00,0.0,1.0,0.25,1.6834013645742947,0.006679389033554457,2.2874116996146383,calm,,0
2022-08-12 00:00:00+00:00,0.0,1.0,0.25,1.4174939717734412,0.006679389033554457,2.2833091390028577,calm,,0
2022-08-15 00:00:00+00:00,0.0,1.0,0.25,1.5697992539699661,0.006679389033554457,2.2876480869302114,calm,,0
2022-08-16 00:00:00+00:00,2.0,0.0,0.0,1.3290420116657549,0.006679389033554457,2.28377180679901,calm,profit_target,0
2022-08-17 00:00:00+00:00,0.0,0.0,0.0,1.3443670148057285,0.006679389033554457,2.2850604132576575,calm,,0
2022-08-18 00:00:00+00:00,0.0,0.0,0.0,1.351761021036611,0.006679389033554457,2.286229170394904,calm,,0
2022-08-19 00:00:00+00:00,0.0,0.0,0.0,1.320505796545966,0.006679389033554457,2.2864977175492083,calm,,0
2022-08-22 00:00:00+00:00,0.0,0.0,0.0,1.1505732027467812,0.006679389033554457,2.283570747379024,calm,,0
2022-08-23 00:00:00+00:00,0.0,0.0,0.0,0.5872088571802868,0.006679389033554457,2.2713527374403197,calm,,0
2022-08-24 00:00:00+00:00,0.0,0.0,0.0,0.8376593784048599,0.006679389033554457,2.2775055449106194,calm,,0
2022-08-25 00:00:00+00:00,0.0,0.0,0.0,0.8799544990545523,0.006679389033554457,2.2790105943206282,calm,,0
2022-08-26 00:00:00+00:00,0.0,0.0,0.0,0.6308981738171143,0.006679389033554457,2.2737315149539623,calm,,0
2022-08-29 00:00:00+00:00,0.0,0.0,0.0,0.9761008659794875,0.006679389033554457,2.2823101907723413,calm,,0
2022-08-30 00:00:00+00:00,0.0,0.0,0.0,1.2591376121370996,0.006679389033554457,2.289652631394875,calm,,0
2022-08-31 00:00:00+00:00,0.0,0.0,0.0,0.41041544231694466,0.006679389033554457,2.270410051098476,calm,,0
2022-09-01 00:00:00+00:00,0.0,0.0,0.0,0.5072153977345603,0.006679389033554457,2.273115951874565,calm,,0
2022-09-02 00:00:00+00:00,0.0,0.0,0.0,0.14041638500314588,0.006679389033554457,2.264841022265083,calm,,0
2022-09-06 00:00:00+00:00,0.0,0.0,0.0,0.05911778272250348,0.006679389033554457,2.2632637674458835,calm,,0
2022-09-07 00:00:00+00:00,0.0,0.0,0.0,-0.2570188066115419,0.006679389033554457,2.2564923619092223,calm,,0
2022-09-08 00:00:00+00:00,0.0,0.0,0.0,-0.23299170448982048,0.006679389033554457,2.258156077447777,calm,,0
2022-09-09 00:00:00+00:00,0.0,0.0,0.0,-0.029739497935199533,0.006679389033554457,2.2633134016394116,calm,,0
2022-09-12 00:00:00+00:00,0.0,0.0,0.0,-0.14797801449332906,0.006679389033554457,2.2616893086572665,calm,,0
2022-09-13 00:00:00+00:00,0.0,0.0,0.0,-0.8010338533108781,0.006679389033554457,2.249172440785157,calm,,0
2022-09-14 00:00:00+00:00,0.0,0.0,0.0,-1.0773475001071262,0.006679389033554457,2.244115640309373,calm,,0
2022-09-15 00:00:00+00:00,0.0,0.0,0.0,-0.9153611854200474,0.006679389033554457,2.2479033801429167,calm,,0
2022-09-16 00:00:00+00:00,0.0,0.0,0.0,-1.4428888756784395,0.006679389033554457,2.2385783121853806,calm,,0
2022-09-19 00:00:00+00:00,0.0,0.0,0.0,-1.4771720001423878,0.006679389033554457,2.238464267366599,calm,,0
2022-09-20 00:00:00+00:00,0.0,0.0,0.0,-1.83051798538831,0.006679389033554457,2.2316135172824607,calm,,0
2022-09-21 00:00:00+00:00,0.0,0.0,0.0,-2.052784776953996,0.006679389033554457,2.226084726486026,calm,,0
2022-09-22 00:00:00+00:00,1.0,1.0,0.25,-2.2770966730208846,0.006679389033554457,2.220719349797929,calm,,0
2022-09-23 00:00:00+00:00,0.0,1.0,0.25,-2.4657262910578437,0.006679389033554457,2.215213292435226,calm,,0
2022-09-26 00:00:00+00:00,0.0,1.0,0.25,-2.460602373690645,0.006679389033554457,2.2124763276865935,calm,,0
2022-09-27 00:00:00+00:00,0.0,1.0,0.25,-3.0393815376443385,0.006679389033554457,2.1964459829655887,calm,,0
2022-09-28 00:00:00+00:00,0.0,1.0,0.25,-1.9918546084859856,0.006679389033554457,2.2154852892394055,calm,,0
2022-09-29 00:00:00+00:00,0.0,1.0,0.25,-1.9465176564484425,0.006679389033554457,2.214322398176769,calm,,0
2022-09-30 00:00:00+00:00,0.0,1.0,0.25,-1.9790480562450328,0.006679389033554457,2.2114852258530315,calm,,0
2022-10-03 00:00:00+00:00,0.0,0.0,0.0,-1.4602567093295826,0.006294964556897919,2.244587927110808,normal,,0
2022-10-04 00:00:00+00:00,0.0,0.0,0.0,-0.8652497963267913,0.006294964556897919,2.2594189761174857,calm,,0
2022-10-05 00:00:00+00:00,0.0,0.0,0.0,-1.5795920247769568,0.006294964556897919,2.240225718770393,calm,,0
2022-10-06 00:00:00+00:00,0.0,0.0,0.0,-1.0373163566484462,0.006294964556897919,2.2537773757999764,calm,,0
2022-10-07 00:00:00+00:00,0.0,0.0,0.0,-0.674259082811531,0.006294964556897919,2.263338810065264,calm,,0
2022-10-10 00:00:00+00:00,0.0,0.0,0.0,-0.6597627728621522,0.006294964556897919,2.2645838192869405,calm,,0
2022-10-11 00:00:00+00:00,0.0,0.0,0.0,-0.9095279502164504,0.006294964556897919,2.25859292689925,calm,,0
2022-10-12 00:00:00+00:00,0.0,0.0,0.0,-0.6848862110318478,0.006294964556897919,2.2644161800346416,calm,,0
2022-10-13 00:00:00+00:00,0.0,0.0,0.0,-0.15785914260256664,0.006294964556897919,2.277894492368379,calm,,0
2022-10-14 00:00:00+00:00,0.0,0.0,0.0,0.5506681471902298,0.006294964556897919,2.29629331135528,calm,,0
2022-10-17 00:00:00+00:00,0.0,0.0,0.0,0.7800733462488803,0.006294964556897919,2.3021036048491537,calm,,0
2022-10-18 00:00:00+00:00,0.0,0.0,0.0,0.7358082445481583,0.006294964556897919,2.3010168637443544,calm,,0
2022-10-19 00:00:00+00:00,0.0,0.0,0.0,1.154847809410536,0.006294964556897919,2.312161129172747,calm,,0
2022-10-20 00:00:00+00:00,0.0,0.0,0.0,1.298547076802015,0.006294964556897919,2.3162907265158723,calm,,0
2022-10-21 00:00:00+00:00,0.0,0.0,0.0,1.9344957164740257,0.006294964556897919,2.33392987114087,calm,,0
2022-10-24 00:00:00+00:00,-1.0,-1.0,0.25,2.1640910122743477,0.006294964556897919,2.341706213372546,calm,,0
2022-10-25 00:00:00+00:00,0.0,-1.0,0.25,2.358175414195658,0.006294964556897919,2.349369312359874,calm,,0
2022-10-26 00:00:00+00:00,0.0,-1.0,0.25,2.3794478510206347,0.006294964556897919,2.3534260797167295,calm,,0
2022-10-27 00:00:00+00:00,0.0,-1.0,0.25,2.0775934247159786,0.006294964556897919,2.3479878300962014,calm,,0
2022-10-28 00:00:00+00:00,0.0,-1.0,0.25,2.182507382696641,0.006294964556897919,2.3540915818199037,calm,,0
2022-10-31 00:00:00+00:00,0.0,-1.0,0.25,2.363845938765561,0.006294964556897919,2.3635792783158136,calm,,0
2022-11-01 00:00:00+00:00,0.0,-1.0,0.25,2.170072193957067,0.006294964556897919,2.361474006319332,calm,,0
2022-11-02 00:00:00+00:00,0.0,-1.0,0.25,2.1423759095343424,0.006294964556897919,2.364380023902545,calm,,0
2022-11-03 00:00:00+00:00,0.0,-1.0,0.25,1.9906737751746792,0.006294964556897919,2.3625608945803847,calm,,0
2022-11-04 00:00:00+00:00,0.0,-1.0,0.25,2.2346903493477694,0.006294964556897919,2.3748159965603852,calm,,0
2022-11-07 00:00:00+00:00,0.0,-1.0,0.25,2.404545528547774,0.006294964556897919,2.385870079762239,calm,,0
2022-11-08 00:00:00+00:00,0.0,-1.0,0.25,2.3622188181606547,0.006294964556897919,2.389834406064148,calm,,0
2022-11-09 00:00:00+00:00,0.0,-1.0,0.25,2.5204573065729208,0.006294964556897919,2.402264226052888,calm,,0
2022-11-10 00:00:00+00:00,0.0,-1.0,0.25,2.212736096688738,0.006294964556897919,2.3955071791045315,calm,,0
2022-11-11 00:00:00+00:00,0.0,-1.0,0.25,2.1493499232811697,0.006294964556897919,2.3979552279124867,calm,,0
2022-11-14 00:00:00+00:00,0.0,-1.0,0.25,2.050703134642013,0.006294964556897919,2.3984162629242496,calm,,0
2022-11-15 00:00:00+00:00,0.0,-1.0,0.25,1.852436670754984,0.006294964556897919,2.393339488212632,calm,,0
2022-11-16 00:00:00+00:00,0.0,-1.0,0.25,1.902208964353686,0.006294964556897919,2.4000028080814566,calm,,0
2022-11-17 00:00:00+00:00,0.0,-1.0,0.25,1.7733703123670783,0.006294964556897919,2.397808007780917,calm,,0
2022-11-18 00:00:00+00:00,0.0,-1.0,0.25,1.6430544039695272,0.006294964556897919,2.3947555070114963,calm,,0
2022-11-21 00:00:00+00:00,0.0,-1.0,0.25,1.6498489467999167,0.006294964556897919,2.3986863091254302,calm,,0
2022-11-22 00:00:00+00:00,0.0,-1.0,0.25,1.6669090614901187,0.006294964556897919,2.4034078649320936,calm,,0
2022-11-23 00:00:00+00:00,0.0,-1.0,0.25,1.6638658465064862,0.006294964556897919,2.4070546088779805,calm,,0
2022-11-25 00:00:00+00:00,0.0,-1.0,0.25,1.5767944242399186,0.006294964556897919,2.405659241571901,calm,,0
2022-11-28 00:00:00+00:00,0.0,-1.0,0.25,1.3795258081241542,0.006294964556897919,2.39736491826762,calm,,0
2022-11-29 00:00:00+00:00,0.0,-1.0,0.25,1.2192359578980752,0.006294964556897919,2.3904051170079037,calm,,0
2022-11-30 00:00:00+00:00,0.0,-1.0,0.25,1.023835378155626,0.006294964556897919,2.3807040066539686,calm,,0
2022-12-01 00:00:00+00:00,0.0,-1.0,0.25,0.8974488491889057,0.006294964556897919,2.3747552418550484,calm,,0
2022-12-02 00:00:00+00:00,0.0,-1.0,0.25,0.8311684718112196,0.006294964556897919,2.372352195568942,calm,,0
2022-12-05 00:00:00+00:00,0.0,-1.0,0.25,0.7848151578008512,0.006294964556897919,2.371071130954297,calm,,0
2022-12-06 00:00:00+00:00,0.0,-1.0,0.25,0.7107804370002181,0.006294964556897919,2.3679156430976698,calm,,0
2022-12-07 00:00:00+00:00,0.0,-1.0,0.25,0.6102443560606461,0.006294964556897919,2.3629765617513314,calm,,0
2022-12-08 00:00:00+00:00,2.0,0.0,0.0,0.2558751078453094,0.006294964556897919,2.341982336126955,calm,mean_reversion,0
2022-12-09 00:00:00+00:00,0.0,0.0,0.0,0.1844338322797461,0.006294964556897919,2.3386439434847457,calm,,0
2022-12-12 00:00:00+00:00,0.0,0.0,0.0,0.11421835013455905,0.006294964556897919,2.3353304428609127,calm,,0
2022-12-13 00:00:00+00:00,0.0,0.0,0.0,0.09514308821507945,0.006294964556897919,2.335324670466552,calm,,0
2022-12-14 00:00:00+00:00,0.0,0.0,0.0,0.036131283570831944,0.006294964556897919,2.332903257318458,calm,,0
2022-12-15 00:00:00+00:00,0.0,0.0,0.0,-0.05928450166879527,0.006294964556897919,2.3284475159696445,calm,,0
2022-12-16 00:00:00+00:00,0.0,0.0,0.0,-0.13797383970196722,0.006294964556897919,2.3251874328528275,calm,,0
2022-12-19 00:00:00+00:00,0.0,0.0,0.0,-0.057190198134752054,0.006294964556897919,2.331411788571585,calm,,0
2022-12-20 00:00:00+00:00,0.0,0.0,0.0,-0.05348613329265606,0.006294964556897919,2.333276276507716,calm,,0
2022-12-21 00:00:00+00:00,0.0,0.0,0.0,-0.010083334922023306,0.006294964556897919,2.3373992644099917,calm,,0
2022-12-22 00:00:00+00:00,0.0,0.0,0.0,-0.2245828430139753,0.006294964556897919,2.328115720343871,calm,,0
2022-12-23 00:00:00+00:00,0.0,0.0,0.0,-0.2215277822379569,0.006294964556897919,2.3301725726054614,calm,,0
2022-12-27 00:00:00+00:00,0.0,0.0,0.0,-0.27510792468749057,0.006294964556897919,2.329531588358705,calm,,0
2022-12-28 00:00:00+00:00,0.0,0.0,0.0,-0.2969965726166662,0.006294964556897919,2.3306961358591667,calm,,0
2022-12-29 00:00:00+00:00,0.0,0.0,0.0,-0.30672578185358607,0.006294964556897919,2.3322363198763485,calm,,0
2022-12-30 00:00:00+00:00,0.0,0.0,0.0,-0.30863208050267515,0.006294964556897919,2.333800379423848,calm,,0
2023-01-03 00:00:00+00:00,0.0,0.0,0.0,-0.2771625406814454,0.005957445688344913,2.3107441419777346,normal,,0
2023-01-04 00:00:00+00:00,0.0,0.0,0.0,-0.33093896213145196,0.005957445688344913,2.310546211420867,calm,,0
2023-01-05 00:00:00+00:00,0.0,0.0,0.0,-0.631228582468942,0.005957445688344913,2.301007239984894,calm,,0
2023-01-06 00:00:00+00:00,0.0,0.0,0.0,-0.7834162480537615,0.005957445688344913,2.297577832155115,calm,,0
2023-01-09 00:00:00+00:00,0.0,0.0,0.0,-0.5016615899612589,0.005957445688344913,2.3097819555837855,calm,,0
2023-01-10 00:00:00+00:00,0.0,0.0,0.0,-0.4191811424157096,0.005957445688344913,2.3146036305328823,calm,,0
2023-01-11 00:00:00+00:00,0.0,0.0,0.0,-0.1367261769034786,0.005957445688344913,2.3249465358868178,calm,,0
2023-01-12 00:00:00+00:00,0.0,0.0,0.0,0.09501354960787302,0.005957445688344913,2.332855880486311,calm,,0
2023-01-13 00:00:00+00:00,0.0,0.0,0.0,-0.09660274338142347,0.005957445688344913,2.3282100065591127,calm,,0
2023-01-17 00:00:00+00:00,1.0,1.0,0.25,-4.112489317669944,0.005958052218984346,2.2175331841230497,calm,,1
2023-01-18 00:00:00+00:00,0.0,1.0,0.25,-3.466070941176009,0.005957813567761485,2.223467753271159,calm,,0
2023-01-19 00:00:00+00:00,0.0,1.0,0.25,-2.425101985600913,0.005957668818482681,2.2483266002813367,calm,,0
2023-01-20 00:00:00+00:00,0.0,1.0,0.25,-3.5358714103144266,0.0059575810236100505,2.20479509242466,calm,,0
2023-01-23 00:00:00+00:00,0.0,1.0,0.25,-2.812282333020686,0.005957527773329815,2.2185935654620277,calm,,0
2023-01-24 00:00:00+00:00,0.0,1.0,0.25,-2.276430666063953,0.005957495475403293,2.231875362082263,calm,,0
2023-01-25 00:00:00+00:00,0.0,1.0,0.25,-2.193165959279724,0.005957475885721267,2.229905431416413,calm,,0
2023-01-26 00:00:00+00:00,0.0,1.0,0.25,-1.8644231650032632,0.005957464003978902,2.2392733342831543,calm,,0
2023-01-27 00:00:00+00:00,0.0,1.0,0.25,-1.9128905808091234,0.005957456797338109,2.2332471734642767,calm,,0
2023-01-30 00:00:00+00:00,0.0,1.0,0.25,-1.4435403949474448,0.005957452426289659,2.251024621030511,calm,,0
2023-01-31 00:00:00+00:00,0.0,1.0,0.25,-1.1406573169334586,0.005957449775114848,2.262973402931844,calm,,0
2023-02-01 00:00:00+00:00,0.0,1.0,0.25,-1.270328340513902,0.005957448167096095,2.254997391991593,calm,,0
2023-02-02 00:00:00+00:00,0.0,1.0,0.25,-1.2539767059655091,0.005957447191783452,2.253724873554952,calm,,0
2023-02-03 00:00:00+00:00,0.0,1.0,0.25,-1.13940853498242,0.005957446600226452,2.257239957217021,calm,,0
2023-02-06 00:00:00+00:00,0.0,1.0,0.25,-0.9379600386958221,0.005957446241429005,2.2652931799987397,calm,,0
2023-02-07 00:00:00+00:00,0.0,1.0,0.25,-0.8188298802594262,0.005957446023807361,2.2696252836098503,calm,,0
2023-02-08 00:00:00+00:00,0.0,1.0,0.25,-0.6733203200256989,0.005957445891813166,2.2753425740690796,calm,,0
2023-02-09 00:00:00+00:00,0.0,1.0,0.25,-0.9056586810001255,0.005957445811754642,2.2629307234106197,calm,,0
2023-02-10 00:00:00+00:00,0.0,1.0,0.25,-0.7036495227206752,0.0059574457631966955,2.2711562211252785,calm,,0
2023-02-13 00:00:00+00:00,0.0,1.0,0.25,-0.7377479354526204,0.005957445733744812,2.2683196416853164,calm,,0
2023-02-14 00:00:00+00:00,0.0,1.0,0.25,-1.0618763285548467,0.0059574457158813425,2.251999210820158,calm,,0
2023-02-15 00:00:00+00:00,0.0,1.0,0.25,-0.8793131844969023,0.005957445705046601,2.258949075771994,calm,,0
2023-02-16 00:00:00+00:00,0.0,1.0,0.25,-0.8862847082542535,0.005957445698474999,2.257368691813464,calm,,0
2023-02-17 00:00:00+00:00,0.0,1.0,0.25,-0.9621044259442534,0.00595744569448912,2.252732094491665,calm,,0
2023-02-21 00:00:00+00:00,0.0,1.0,0.25,-1.036365729548882,0.005957445692071563,2.248261448082755,calm,,0
2023-02-22 00:00:00+00:00,0.0,1.0,0.25,-0.9650878829428872,0.00595744569060524,2.2502035432750107,calm,,0
2023-02-23 00:00:00+00:00,0.0,1.0,0.25,-0.8981782653190269,0.005957445689715871,2.252060720868925,calm,,0
2023-02-24 00:00:00+00:00,0.0,1.0,0.25,-0.8136183413862871,0.00595744568917644,2.2546191851487367,calm,,0
2023-02-27 00:00:00+00:00,0.0,1.0,0.25,-0.36040543306407524,0.00595744568884926,2.271360604837468,calm,,0
2023-02-28 00:00:00+00:00,0.0,1.0,0.25,-1.2891049582534457,0.005957445688650815,2.2354564633986564,calm,,0
2023-03-01 00:00:00+00:00,0.0,1.0,0.25,-1.7492907531120234,0.005957445688530452,2.2173118826567024,calm,,0
2023-03-02 00:00:00+00:00,0.0,1.0,0.25,-1.4831120022308777,0.005957445688457448,2.225110515028207,calm,,0
2023-03-03 00:00:00+00:00,0.0,1.0,0.25,-1.2503099482424165,0.005957445688413169,2.232126158362261,calm,,0
2023-03-06 00:00:00+00:00,0.0,1.0,0.25,-1.3041329059876727,0.005957445688386312,2.229074338502523,calm,,0
2023-03-07 00:00:00+00:00,0.0,1.0,0.25,-1.6143889143302597,0.005957445688370023,2.2169609254351355,calm,,0
2023-03-08 00:00:00+00:00,0.0,1.0,0.25,-1.2653379437332333,0.005957445688360143,2.2275596456837774,calm,,0
2023-03-09 00:00:00+00:00,0.0,1.0,0.25,-0.8567190322099068,0.00595744568835415,2.240447339166082,calm,,0
2023-03-10 00:00:00+00:00,0.0,1.0,0.25,-1.6952688627724954,0.005957445688350516,2.210185083639288,calm,,0
2023-03-13 00:00:00+00:00,0.0,1.0,0.25,-1.996938902343699,0.005957445688348311,2.197146395318921,calm,,0
2023-03-14 00:00:00+00:00,0.0,1.0,0.25,-1.8373434767682408,0.005957445688346974,2.199566836443039,calm,,0
2023-03-15 00:00:00+00:00,0.0,1.0,0.25,-1.4672090982918675,0.005957445688346163,2.2102576253341764,calm,,0
2023-03-16 00:00:00+00:00,0.0,1.0,0.25,-1.5956056925340876,0.005957445688345671,2.2035301633171365,calm,,0
2023-03-17 00:00:00+00:00,0.0,1.0,0.25,-1.7997924364399664,0.0059574456883453725,2.193556141698242,calm,,0
2023-03-20 00:00:00+00:00,0.0,1.0,0.25,-1.6347352219249065,0.005957445688345192,2.1969951740137987,calm,,0
2023-03-21 00:00:00+00:00,2.0,0.0,0.0,-1.6733093602221503,0.005957445688345082,2.1931793855197834,calm,max_hold,0
2023-03-22 00:00:00+00:00,0.0,0.0,0.0,-1.6084260715960352,0.005957445688345015,2.1933396013944133,calm,,0
2023-03-23 00:00:00+00:00,0.0,0.0,0.0,-0.9851199196302888,0.005957445688344975,2.2152349695205924,calm,,0
2023-03-24 00:00:00+00:00,0.0,0.0,0.0,-0.6887111286017382,0.005957445688344951,2.2254633161281494,calm,,0
2023-03-27 00:00:00+00:00,0.0,0.0,0.0,-0.3051880313308705,0.005957445688344935,2.2391216178049933,calm,,0
2023-03-28 00:00:00+00:00,0.0,0.0,0.0,-0.44709617978346405,0.005957445688344927,2.2328965459662578,calm,,0
2023-03-29 00:00:00+00:00,0.0,0.0,0.0,-0.5484704083603413,0.0059574456883449214,2.228241675053535,calm,,0
2023-03-30 00:00:00+00:00,0.0,0.0,0.0,-0.5465803392099177,0.005957445688344918,2.227393755138841,calm,,0
2023-03-31 00:00:00+00:00,0.0,0.0,0.0,-0.4199965883289542,0.005957445688344916,2.230959857639611,calm,,0
2023-04-03 00:00:00+00:00,0.0,0.0,0.0,-0.20273242742014852,0.005658853142078306,2.268795212505338,normal,,0
2023-04-04 00:00:00+00:00,0.0,0.0,0.0,0.059360035011032763,0.005658853142078305,2.2767056059571744,calm,,0
2023-04-05 00:00:00+00:00,0.0,0.0,0.0,0.20955128347516386,0.005658853142078305,2.280729753587542,calm,,0
2023-04-06 00:00:00+00:00,0.0,0.0,0.0,0.27979020648924224,0.005658853142078304,2.281707696865312,calm,,0
2023-04-10 00:00:00+00:00,0.0,0.0,0.0,0.6739068377919358,0.005658853142078304,2.2921446543949338,calm,,0
2023-04-11 00:00:00+00:00,0.0,0.0,0.0,0.747067650993824,0.005658853142078304,2.291831234994257,calm,,0
2023-04-12 00:00:00+00:00,0.0,0.0,0.0,1.0969798052057305,0.005658853142078304,2.297641063878934,calm,,0
2023-04-13 00:00:00+00:00,0.0,0.0,0.0,1.3509302517572686,0.005658853142078304,2.299667302873681,calm,,0
2023-04-14 00:00:00+00:00,0.0,0.0,0.0,1.4173610880610852,0.005658853142078304,2.3023297481707683,calm,,0
2023-04-17 00:00:00+00:00,0.0,0.0,0.0,0.9178702788525331,0.005658853142078304,2.29177197369667,calm,,0
2023-04-18 00:00:00+00:00,0.0,0.0,0.0,-0.44569629260331556,0.005658853142078304,2.2597547360037487,calm,,0
2023-04-19 00:00:00+00:00,0.0,0.0,0.0,-0.13758375679746696,0.005658853142078304,2.267505976419304,calm,,0
2023-04-20 00:00:00+00:00,0.0,0.0,0.0,0.2550132227821826,0.005658853142078304,2.2769189786156097,calm,,0
2023-04-21 00:00:00+00:00,0.0,0.0,0.0,0.21603562922804914,0.005658853142078304,2.2762398756333506,calm,,0
2023-04-24 00:00:00+00:00,0.0,0.0,0.0,0.9657593076003103,0.005658853142078304,2.2938368260936244,calm,,0
2023-04-25 00:00:00+00:00,0.0,0.0,0.0,1.0467965867768385,0.005658853142078304,2.296283897676343,calm,,0
2023-04-26 00:00:00+00:00,0.0,0.0,0.0,0.5493971174069402,0.005658853142078304,2.2853107484480533,calm,,0
2023-04-27 00:00:00+00:00,0.0,0.0,0.0,0.25775439243223053,0.005658853142078304,2.2785038898043513,calm,,0
2023-04-28 00:00:00+00:00,0.0,0.0,0.0,0.9972660656440121,0.005658853142078304,2.295481846039392,calm,,0
2023-05-01 00:00:00+00:00,0.0,0.0,0.0,1.2572153526594576,0.005658853142078304,2.3018573474646207,calm,,0
2023-05-02 00:00:00+00:00,0.0,0.0,0.0,0.952979628229264,0.005658853142078304,2.2952198022253536,calm,,0
2023-05-03 00:00:00+00:00,0.0,0.0,0.0,1.1092577694520582,0.005658853142078304,2.2991306508264318,calm,,0
2023-05-04 00:00:00+00:00,0.0,0.0,0.0,0.9227378788021697,0.005658853142078304,2.294756440159882,calm,,0
2023-05-05 00:00:00+00:00,0.0,0.0,0.0,0.8995658993900041,0.005658853142078304,2.29398636098094,calm,,0
2023-05-08 00:00:00+00:00,0.0,0.0,0.0,0.890598957467674,0.005658853142078304,2.2933220571240653,calm,,0
2023-05-09 00:00:00+00:00,0.0,0.0,0.0,0.6813597760051006,0.005658853142078304,2.2883726938188365,calm,,0
2023-05-10 00:00:00+00:00,0.0,0.0,0.0,0.6687279640963705,0.005658853142078304,2.2876723545081377,calm,,0
2023-05-11 00:00:00+00:00,0.0,0.0,0.0,0.9590743880188092,0.005658853142078304,2.2940198882184233,calm,,0
2023-05-12 00:00:00+00:00,0.0,0.0,0.0,0.8115341071912126,0.005658853142078304,2.2908951465429035,calm,,0
2023-05-15 00:00:00+00:00,0.0,0.0,0.0,0.9151083630210451,0.005658853142078304,2.2932971463767298,calm,,0
2023-05-16 00:00:00+00:00,0.0,0.0,0.0,1.2058583818827433,0.005658853142078304,2.3001711600752737,calm,,0
2023-05-17 00:00:00+00:00,0.0,0.0,0.0,1.5760946700137655,0.005658853142078304,2.309387946314669,calm,,0
2023-05-18 00:00:00+00:00,0.0,0.0,0.0,1.3376857030108595,0.005658853142078304,2.3049108970833885,calm,,0
2023-05-19 00:00:00+00:00,0.0,0.0,0.0,1.5992229428975098,0.005658853142078304,2.3120757537567944,calm,,0
2023-05-22 00:00:00+00:00,0.0,0.0,0.0,1.5191903150163164,0.005658853142078304,2.3113356053125758,calm,,0
2023-05-23 00:00:00+00:00,0.0,0.0,0.0,1.0595440189140075,0.005658853142078304,2.300841759199988,calm,,0
2023-05-24 00:00:00+00:00,0.0,0.0,0.0,1.0316933532955028,0.005658853142078304,2.300067511021254,calm,,0
2023-05-25 00:00:00+00:00,0.0,0.0,0.0,0.9364770436936708,0.005658853142078304,2.2984185076562396,calm,,0
2023-05-26 00:00:00+00:00,0.0,0.0,0.0,1.6110073459478154,0.005658853142078304,2.31623080520459,calm,,0
2023-05-30 00:00:00+00:00,0.0,0.0,0.0,1.6051119305873687,0.005658853142078304,2.317736534990125,calm,,0
2023-05-31 00:00:00+00:00,0.0,0.0,0.0,1.2702659512328713,0.005658853142078304,2.310659754271408,calm,,0
2023-06-01 00:00:00+00:00,0.0,0.0,0.0,0.25128652260612944,0.0056594596741320535,2.284909807871381,calm,,1
2023-06-02 00:00:00+00:00,0.0,0.0,0.0,0.21345685555999597,0.00565922102321053,2.2844586164357854,calm,,0
2023-06-05 00:00:00+00:00,0.0,0.0,0.0,0.18833285522652335,0.005659076273776969,2.284202975803737,calm,,0
2023-06-06 00:00:00+00:00,0.0,0.0,0.0,0.04163852079701123,0.005658988478605752,2.2805973297540416,calm,,0
2023-06-07 00:00:00+00:00,0.0,0.0,0.0,0.8647748563420108,0.0056589352280202445,2.302221747970888,calm,,0
2023-06-08 00:00:00+00:00,0.0,0.0,0.0,0.8205129170776104,0.005658902929833253,2.3016868768935868,calm,,0
2023-06-09 00:00:00+00:00,0.0,0.0,0.0,0.8968244866867111,0.005658883339947565,2.3040540133834986,calm,,0
2023-06-12 00:00:00+00:00,0.0,0.0,0.0,0.8383228142478382,0.005658871458053966,2.3033039009673115,calm,,0
2023-06-13 00:00:00+00:00,0.0,0.0,0.0,1.0389422311896026,0.005658864251304639,2.3083479922058907,calm,,0
2023-06-14 00:00:00+00:00,0.0,0.0,0.0,0.4365231409902805,0.005658859880180168,2.2955485224561194,calm,,0
2023-06-15 00:00:00+00:00,0.0,0.0,0.0,0.0873368995249233,0.005658857228953066,2.289075260468786,calm,,0
2023-06-16 00:00:00+00:00,0.0,0.0,0.0,0.45955012271634854,0.005658855620898847,2.296787876628277,calm,,0
2023-06-20 00:00:00+00:00,0.0,0.0,0.0,-0.2660206934230279,0.005658854645562419,2.2853068639008907,calm,,0
2023-06-21 00:00:00+00:00,0.0,0.0,0.0,-1.6690005972417712,0.005658854053989612,2.264956436198172,calm,,0
2023-06-22 00:00:00+00:00,0.0,0.0,0.0,-1.2835498322899,0.005658853695181742,2.271337711341986,calm,,0
2023-06-23 00:00:00+00:00,0.0,0.0,0.0,-1.8905978801927394,0.005658853477553269,2.262406558526743,calm,,0
2023-06-26 00:00:00+00:00,1.0,1.0,0.25,-2.2235974587973897,0.005658853345554623,2.2573688933561633,calm,,0
2023-06-27 00:00:00+00:00,0.0,1.0,0.25,-2.429679151995506,0.0056588532654932135,2.2541345013386516,calm,,0
2023-06-28 00:00:00+00:00,0.0,1.0,0.25,-2.2128975045085704,0.005658853216933403,2.25696008995833,calm,,0
2023-06-29 00:00:00+00:00,0.0,1.0,0.25,-0.9726690209450758,0.0056588531874803205,2.2754196997975913,calm,,0
2023-06-30 00:00:00+00:00,0.0,1.0,0.25,-1.533709826207354,0.005658853169616083,2.267180486400692,calm,,0
2023-07-03 00:00:00+00:00,0.0,0.0,0.0,-1.1231880722684309,0.006158579102801652,2.2864659316626117,normal,,0
2023-07-05 00:00:00+00:00,0.0,0.0,0.0,-2.0420819499694822,0.006158579096051848,2.2720617812645414,calm,,0
2023-07-06 00:00:00+00:00,0.0,0.0,0.0,-1.7819536166529957,0.006158579091952526,2.274806306192379,calm,,0
2023-07-07 00:00:00+00:00,0.0,0.0,0.0,-1.267861239078267,0.006158579089462908,2.2819436480047535,calm,,0
2023-07-10 00:00:00+00:00,0.0,0.0,0.0,-0.8833851678425525,0.006158579087950902,2.2876358273817843,calm,,0
2023-07-11 00:00:00+00:00,0.0,0.0,0.0,-1.0569239632819347,0.006158579087032624,2.2843112493986806,calm,,0
2023-07-12 00:00:00+00:00,0.0,0.0,0.0,-0.4354658297190028,0.0061585790864749305,2.294098352936338,calm,,0
2023-07-13 00:00:00+00:00,0.0,0.0,0.0,-0.30803519003014895,0.00615857908613623,2.2958858965293722,calm,,0
2023-07-14 00:00:00+00:00,0.0,0.0,0.0,-0.5043098413113241,0.006158579085930529,2.2924722125059214,calm,,0
2023-07-17 00:00:00+00:00,0.0,0.0,0.0,-1.0103791548512362,0.006158579085805602,2.2847589492851132,calm,,0
2023-07-18 00:00:00+00:00,0.0,0.0,0.0,-1.7585892865750863,0.006158579085729731,2.2728015406662694,calm,,0
2023-07-19 00:00:00+00:00,0.0,0.0,0.0,-1.8138377811285742,0.006158579085683652,2.2709668066911606,calm,,0
2023-07-20 00:00:00+00:00,0.0,0.0,0.0,-0.23239869583337408,0.006158579085655667,2.296676811966828,calm,,0
2023-07-21 00:00:00+00:00,0.0,0.0,0.0,-0.13939333965123976,0.0061585790856386715,2.29807211433897,calm,,0
2023-07-24 00:00:00+00:00,0.0,0.0,0.0,0.716190862610831,0.00615857908562835,2.3122942596694247,calm,,0
2023-07-25 00:00:00+00:00,0.0,0.0,0.0,-0.17310657281004385,0.006158579085622081,2.2975262424426774,calm,,0
2023-07-26 00:00:00+00:00,0.0,0.0,0.0,1.198866945958087,0.006158579085618274,2.320786745008304,calm,,0
2023-07-27 00:00:00+00:00,0.0,0.0,0.0,0.8613316016207275,0.006158579085615961,2.315427300487663,calm,,0
2023-07-28 00:00:00+00:00,0.0,0.0,0.0,1.2727678411993597,0.006158579085614557,2.3224447026687196,calm,,0
2023-07-31 00:00:00+00:00,0.0,0.0,0.0,1.6890107258544047,0.0061585790856137045,2.3301099255039315,calm,,0
2023-08-01 00:00:00+00:00,-1.0,-1.0,0.25,2.1624158272278264,0.006158579085613187,2.339317489911409,calm,,0
2023-08-02 00:00:00+00:00,0.0,-1.0,0.25,1.8466148465766958,0.006158579085612872,2.3354899594224596,calm,,0
2023-08-03 00:00:00+00:00,0.0,-1.0,0.25,2.187875714415726,0.006158579085612681,2.3432809361205713,calm,,0
2023-08-04 00:00:00+00:00,0.0,-1.0,0.25,2.2153732778663158,0.006158579085612565,2.3460178545064947,calm,,0
2023-08-07 00:00:00+00:00,0.0,-1.0,0.25,2.220985970014984,0.0061585790856124945,2.3485968809918276,calm,,0
2023-08-08 00:00:00+00:00,0.0,-1.0,0.25,1.3434167247112334,0.006158579085612451,2.332700846088854,calm,,0
2023-08-09 00:00:00+00:00,0.0,-1.0,0.25,1.0462807902816613,0.006158579085612425,2.3271886427966852,calm,,0
2023-08-10 00:00:00+00:00,0.0,-1.0,0.25,0.21655091206039925,0.0061585790856124095,2.3098702130875695,calm,,0
2023-08-11 00:00:00+00:00,0.0,-1.0,0.25,0.6354463839009462,0.0061585790856124,2.3189681436945064,calm,,0
2023-08-14 00:00:00+00:00,0.0,-1.0,0.25,0.281177310393497,0.006158579085612394,2.3114256914893025,calm,,0
2023-08-15 00:00:00+00:00,0.0,-1.0,0.25,-0.08875780664394382,0.00615857908561239,2.303243242356358,calm,,0
2023-08-16 00:00:00+00:00,0.0,-1.0,0.25,-0.24024387964468172,0.006158579085612389,2.2997474108421456,calm,,0
2023-08-17 00:00:00+00:00,0.0,-1.0,0.25,-0.23609788307752463,0.006158579085612387,2.2994468103723067,calm,,0
2023-08-18 00:00:00+00:00,0.0,-1.0,0.25,-0.3991080385498957,0.006158579085612386,2.295617285918479,calm,,0
2023-08-21 00:00:00+00:00,0.0,-1.0,0.25,-0.3565719418196941,0.006158579085612386,2.2962126528822315,calm,,0
2023-08-22 00:00:00+00:00,0.0,-1.0,0.25,-0.26291890886812247,0.006158579085612386,2.2979099076029192,calm,,0
2023-08-23 00:00:00+00:00,0.0,-1.0,0.25,0.15833308485072253,0.006158579085612385,2.306569826696312,calm,,0
2023-08-24 00:00:00+00:00,0.0,-1.0,0.25,-0.2053882245863493,0.006158579085612385,2.298570863427329,calm,,0
2023-08-25 00:00:00+00:00,0.0,-1.0,0.25,-0.19066890251792745,0.006158579085612385,2.2983976650628435,calm,,0
2023-08-28 00:00:00+00:00,2.0,0.0,0.0,0.1846068704659464,0.006158579085612385,2.3056245646282996,calm,mean_reversion,0
2023-08-29 00:00:00+00:00,0.0,0.0,0.0,0.6827911117802544,0.006158579085612385,2.3158583328305777,calm,,0
2023-08-30 00:00:00+00:00,0.0,0.0,0.0,0.272850187650459,0.006158579085612385,2.3078582070136875,calm,,0
2023-08-31 00:00:00+00:00,0.0,0.0,0.0,-0.039878904603097134,0.006158579085612385,2.301660866431093,calm,,0
2023-09-01 00:00:00+00:00,0.0,0.0,0.0,-0.20607251677511548,0.006158579085612385,2.2984089457757246,calm,,0
2023-09-05 00:00:00+00:00,0.0,0.0,0.0,-0.3424562308609271,0.006158579085612385,2.2953698511853284,calm,,0
2023-09-06 00:00:00+00:00,0.0,0.0,0.0,-0.23599607196269776,0.006158579085612385,2.2972105493675423,calm,,0
2023-09-07 00:00:00+00:00,0.0,0.0,0.0,-0.18313556658258998,0.006158579085612385,2.2979583909812353,calm,,0
2023-09-08 00:00:00+00:00,0.0,0.0,0.0,0.05486586534809285,0.006158579085612385,2.3024291409881847,calm,,0
2023-09-11 00:00:00+00:00,0.0,0.0,0.0,0.42287974497647474,0.006158579085612385,2.3094003387682247,calm,,0
2023-09-12 00:00:00+00:00,0.0,0.0,0.0,0.41685004196234204,0.006158579085612385,2.3092871084592916,calm,,0
2023-09-13 00:00:00+00:00,0.0,0.0,0.0,0.32549467888402817,0.006158579085612385,2.3075934464700123,calm,,0
2023-09-14 00:00:00+00:00,0.0,0.0,0.0,0.886252486734443,0.006158579085612385,2.3186802498882444,calm,,0
2023-09-15 00:00:00+00:00,0.0,0.0,0.0,0.8432900349687802,0.006158579085612385,2.318265462506351,calm,,0
2023-09-18 00:00:00+00:00,0.0,0.0,0.0,0.876789469038047,0.006158579085612385,2.31949824668973,calm,,0
2023-09-19 00:00:00+00:00,0.0,0.0,0.0,0.635659985896372,0.006158579085612385,2.3152806773894086,calm,,0
2023-09-20 00:00:00+00:00,0.0,0.0,0.0,0.38748931187563646,0.006158579085612385,2.3109107418043564,calm,,0
2023-09-21 00:00:00+00:00,0.0,0.0,0.0,0.7848880656483826,0.006158579085612385,2.3190215330252943,calm,,0
2023-09-22 00:00:00+00:00,0.0,0.0,0.0,0.9612409655324629,0.006158579085612385,2.3227651649473495,calm,,0
2023-09-25 00:00:00+00:00,0.0,0.0,0.0,1.0824415317356124,0.006158579085612385,2.3254452791782683,calm,,0
2023-09-26 00:00:00+00:00,0.0,0.0,0.0,0.6814714346383712,0.006158579085612385,2.3187713363650717,calm,,0
2023-09-27 00:00:00+00:00,0.0,0.0,0.0,0.8146260531722146,0.006158579085612385,2.321638312560857,calm,,0
2023-09-28 00:00:00+00:00,0.0,0.0,0.0,0.7989987076397432,0.006158579085612385,2.3218581105118092,calm,,0
2023-09-29 00:00:00+00:00,0.0,0.0,0.0,0.8974961870614063,0.006158579085612385,2.323980813033137,calm,,0
2023-10-02 00:00:00+00:00,0.0,0.0,0.0,0.7121892993436766,0.005873715963204007,2.3304890985278233,normal,,0
2023-10-03 00:00:00+00:00,0.0,0.0,0.0,-0.2782549221621555,0.005873715963204007,2.3144518347062326,calm,,0
2023-10-04 00:00:00+00:00,0.0,0.0,0.0,-0.5060631843588022,0.005873715963204007,2.3110834888209197,calm,,0
2023-10-05 00:00:00+00:00,0.0,0.0,0.0,-0.23676759377502968,0.005873715963204007,2.3158627349660232,calm,,0
2023-10-06 00:00:00+00:00,0.0,0.0,0.0,-0.7225659262365325,0.005873715963204007,2.308366408563979,calm,,0
2023-10-09 00:00:00+00:00,0.0,0.0,0.0,-0.38061390165099096,0.005873715963204007,2.3138849386000815,calm,,0
2023-10-10 00:00:00+00:00,0.0,0.0,0.0,0.5001921203374674,0.005873715963204007,2.327997301709962,calm,,0
2023-10-11 00:00:00+00:00,0.0,0.0,0.0,0.265356232385074,0.005873715963204007,2.324779316231985,calm,,0
2023-10-12 00:00:00+00:00,0.0,0.0,0.0,0.4146777755652503,0.005873715963204007,2.327432643195223,calm,,0
2023-10-13 00:00:00+00:00,0.0,0.0,0.0,0.0992159673632098,0.005873715963204007,2.323535194204133,calm,,0
2023-10-16 00:00:00+00:00,0.0,0.0,0.0,0.8052694456812357,0.005873715963204007,2.333224775888365,calm,,0
2023-10-17 00:00:00+00:00,1.0,1.0,0.17748666338410962,-1.4791573555820072,0.00587432249615153,2.303306927218842,calm,,1
2023-10-18 00:00:00+00:00,0.0,1.0,0.17748666338410962,0.7214615426200743,0.005874083845420437,2.332346643042862,calm,,0
2023-10-19 00:00:00+00:00,0.0,1.0,0.17748666338410962,1.5817286980674188,0.0058739390958890796,2.344219593456451,calm,,0
2023-10-20 00:00:00+00:00,0.0,1.0,0.17748666338410962,1.292869133828385,0.005873851300529173,2.3409043115603376,calm,,0
2023-10-23 00:00:00+00:00,0.0,1.0,0.17748666338410962,2.6616657175211724,0.00587379804975075,2.3603458294539226,calm,,0
2023-10-24 00:00:00+00:00,0.0,1.0,0.17748666338410962,2.233049892065334,0.005873765751399155,2.3565899900656633,calm,,0
2023-10-25 00:00:00+00:00,0.0,1.0,0.17748666338410962,1.8533327882735655,0.0058737461613847615,2.3522029677793004,calm,,0
2023-10-26 00:00:00+00:00,0.0,1.0,0.17748666338410962,1.3629975458024457,0.00587373427939559,2.345021986602544,calm,,0
2023-10-27 00:00:00+00:00,0.0,1.0,0.17748666338410962,0.9734323480872805,0.005873727072577675,2.3391251613997426,calm,,0
2023-10-30 00:00:00+00:00,0.0,1.0,0.17748666338410962,3.2414856004174095,0.005873722701405163,2.3722388314485596,calm,,0
2023-10-31 00:00:00+00:00,0.0,1.0,0.17748666338410962,3.6263296768812037,0.005873720050145015,2.38093603785479,calm,,0
2023-11-01 00:00:00+00:00,0.0,1.0,0.17748666338410962,3.890349666041884,0.005873718442068383,2.3896582432730202,calm,,0
2023-11-02 00:00:00+00:00,0.0,1.0,0.17748666338410962,3.278181967720713,0.0058737174667169234,2.3863612972984054,calm,,0
2023-11-03 00:00:00+00:00,0.0,1.0,0.17748666338410962,3.556343197606347,0.005873716875134128,2.3978634844668045,calm,,0
2023-11-06 00:00:00+00:00,0.0,1.0,0.17748666338410962,2.902151585279902,0.005873716516319671,2.391806215943609,calm,,0
2023-11-07 00:00:00+00:00,0.0,1.0,0.17748666338410962,2.863582903406097,0.005873716298686881,2.3963064909197223,calm,,0
2023-11-08 00:00:00+00:00,0.0,1.0,0.17748666338410962,2.518388130199904,0.0058737161666854235,2.3932839526683276,calm,,0
2023-11-09 00:00:00+00:00,0.0,1.0,0.17748666338410962,2.5775455134201595,0.0058737160866221905,2.399158168241402,calm,,0
2023-11-10 00:00:00+00:00,0.0,1.0,0.17748666338410962,2.525459429863461,0.005873716038061201,2.4024345050083524,calm,,0
2023-11-13 00:00:00+00:00,2.0,0.0,0.0,2.594431368159388,0.0058737160086073615,2.409097389678717,calm,profit_target,0
2023-11-14 00:00:00+00:00,-1.0,-1.0,0.25,2.3913242632073133,0.005873715990742637,2.408098899030049,calm,,0
2023-11-15 00:00:00+00:00,0.0,-1.0,0.25,1.7534745664700389,0.005873715979907094,2.392597794799418,calm,,0
2023-11-16 00:00:00+00:00,0.0,-1.0,0.25,1.68024265720773,0.005873715973334979,2.39260700656593,calm,,0
2023-11-17 00:00:00+00:00,0.0,-1.0,0.25,1.6361943715313352,0.0058737159693487756,2.3934370392195157,calm,,0
2023-11-20 00:00:00+00:00,0.0,-1.0,0.25,1.784254402261062,0.005873715966931012,2.400380408511955,calm,,0
2023-11-21 00:00:00+00:00,0.0,-1.0,0.25,1.6709378037469138,0.005873715965464558,2.3991116481957118,calm,,0
2023-11-22 00:00:00+00:00,0.0,-1.0,0.25,1.9064919310328425,0.005873715964575105,2.409369490912591,calm,,0
2023-11-24 00:00:00+00:00,0.0,-1.0,0.25,1.8910873920674995,0.005873715964035624,2.4119529938888142,calm,,0
2023-11-27 00:00:00+00:00,0.0,-1.0,0.25,1.8657166704948105,0.00587371596370841,2.414135848949673,calm,,0
2023-11-28 00:00:00+00:00,0.0,-1.0,0.25,1.9911066000271318,0.0058737159635099435,2.4216296422321473,calm,,0
2023-11-29 00:00:00+00:00,0.0,-1.0,0.25,1.6802114045747312,0.005873715963389568,2.4135437188294833,calm,,0
2023-11-30 00:00:00+00:00,0.0,-1.0,0.25,1.5234652339868597,0.005873715963316556,2.4100791069058873,calm,,0
2023-12-01 00:00:00+00:00,0.0,-1.0,0.25,1.6395224077039954,0.005873715963272272,2.416425265999741,calm,,0
2023-12-04 00:00:00+00:00,0.0,-1.0,0.25,1.5151953202830346,0.005873715963245411,2.414027888213258,calm,,0
2023-12-05 00:00:00+00:00,0.0,-1.0,0.25,1.141582378870676,0.0058737159632291204,2.4019319760261935,calm,,0
2023-12-06 00:00:00+00:00,0.0,-1.0,0.25,1.3176764826299836,0.005873715963219239,2.410032254522177,calm,,0
2023-12-07 00:00:00+00:00,0.0,-1.0,0.25,1.2242865553834503,0.005873715963213246,2.4081887471835897,calm,,0
2023-12-08 00:00:00+00:00,0.0,-1.0,0.25,1.1918100966426801,0.005873715963209611,2.408482437559352,calm,,0
2023-12-11 00:00:00+00:00,0.0,-1.0,0.25,1.0274696848259284,0.005873715963207406,2.4037340175589303,calm,,0
2023-12-12 00:00:00+00:00,0.0,-1.0,0.25,0.9490510672133954,0.0058737159632060686,2.40202466221255,calm,,0
2023-12-13 00:00:00+00:00,0.0,-1.0,0.25,1.0365208785563629,0.005873715963205258,2.406556558871962,calm,,0
2023-12-14 00:00:00+00:00,0.0,-1.0,0.25,1.238253868156773,0.005873715963204765,2.4155331841064367,calm,,0
2023-12-15 00:00:00+00:00,0.0,-1.0,0.25,0.8905603751751782,0.0058737159632044665,2.4038216323204344,calm,,0
2023-12-18 00:00:00+00:00,0.0,-1.0,0.25,0.7729064966212197,0.005873715963204286,2.4004854496920203,calm,,0
2023-12-19 00:00:00+00:00,0.0,-1.0,0.25,0.9184295939798042,0.005873715963204176,2.406987826982059,calm,,0
2023-12-20 00:00:00+00:00,0.0,-1.0,0.25,0.7496242373258729,0.005873715963204109,2.4017720477576256,calm,,0
2023-12-21 00:00:00+00:00,0.0,-1.0,0.25,0.6047655924215606,0.005873715963204069,2.3973589094831786,calm,,0
2023-12-22 00:00:00+00:00,0.0,-1.0,0.25,0.6061747495649085,0.005873715963204045,2.398314384712303,calm,,0
2023-12-26 00:00:00+00:00,0.0,-1.0,0.25,0.522509557592414,0.005873715963204029,2.396149008120061,calm,,0
2023-12-27 00:00:00+00:00,0.0,-1.0,0.25,0.5598738342387146,0.005873715963204021,2.398357501458692,calm,,0
2023-12-28 00:00:00+00:00,0.0,-1.0,0.25,0.6400391940143672,0.0058737159632040155,2.4021062241606055,calm,,0
2023-12-29 00:00:00+00:00,0.0,-1.0,0.25,0.6906024608805094,0.005873715963204012,2.4047504015240975,calm,,0
2024-01-02 00:00:00+00:00,0.0,0.0,0.0,0.6925565036025693,0.006315789926753808,2.387723192837952,normal,,0
2024-01-03 00:00:00+00:00,0.0,0.0,0.0,0.5755173183216156,0.006315789926753806,2.384687008723409,calm,,0
2024-01-04 00:00:00+00:00,0.0,0.0,0.0,0.5811783911037014,0.006315789926753805,2.3855980499612173,calm,,0
2024-01-05 00:00:00+00:00,0.0,0.0,0.0,0.6579847344750825,0.006315789926753805,2.3885951011081614,calm,,0
2024-01-08 00:00:00+00:00,0.0,0.0,0.0,0.6713394669448801,0.006315789926753804,2.3896883391145503,calm,,0
2024-01-09 00:00:00+00:00,0.0,0.0,0.0,0.6121319211253304,0.006315789926753804,2.388669309910638,calm,,0
2024-01-10 00:00:00+00:00,0.0,0.0,0.0,0.6400489738680296,0.006315789926753804,2.3900377381113,calm,,0
2024-01-11 00:00:00+00:00,0.0,0.0,0.0,0.8139984663599292,0.006315789926753804,2.3949396831569434,calm,,0
2024-01-12 00:00:00+00:00,0.0,0.0,0.0,0.8677149498654156,0.006315789926753804,2.3966886820892452,calm,,0
2024-01-16 00:00:00+00:00,-1.0,-1.0,0.25,2.769654928064576,0.006316396458588895,2.4364707196885584,calm,,1
2024-01-17 00:00:00+00:00,0.0,-1.0,0.25,3.04639852225882,0.006316157807620783,2.443524849150941,calm,,0
2024-01-18 00:00:00+00:00,0.0,-1.0,0.25,3.03572334711451,0.006316013058211147,2.4465562129385843,calm,,0
2024-01-19 00:00:00+00:00,0.0,-1.0,0.25,2.9162887607110584,0.006315925263086093,2.4467473284683314,calm,,0
2024-01-22 00:00:00+00:00,0.0,-1.0,0.25,2.966983844049829,0.006315872012547782,2.4520420084879238,calm,,0
2024-01-23 00:00:00+00:00,0.0,-1.0,0.25,1.826427719996406,0.00631583971440106,2.429692385379756,calm,,0
2024-01-24 00:00:00+00:00,0.0,-1.0,0.25,1.2968053717771386,0.00631582012454686,2.4184263377285413,calm,,0
2024-01-25 00:00:00+00:00,0.0,-1.0,0.25,1.4656981861807035,0.006315808242676642,2.422140937033671,calm,,0
2024-01-26 00:00:00+00:00,0.0,-1.0,0.25,1.0302946421800538,0.006315801035944094,2.4127441524183655,calm,,0
2024-01-29 00:00:00+00:00,0.0,-1.0,0.25,1.4537094360451195,0.006315796664831378,2.4216530892381716,calm,,0
2024-01-30 00:00:00+00:00,0.0,-1.0,0.25,2.305451097205222,0.00631579401361236,2.439389206280953,calm,,0
2024-01-31 00:00:00+00:00,0.0,-1.0,0.25,1.9841165678068922,0.006315792405563624,2.4354454474149345,calm,,0
2024-02-01 00:00:00+00:00,0.0,-1.0,0.25,1.9740023679774565,0.006315791430230873,2.4370662545200283,calm,,0
2024-02-02 00:00:00+00:00,0.0,-1.0,0.25,2.1844473505164004,0.00631579083866051,2.4435919004233835,calm,,0
2024-02-05 00:00:00+00:00,0.0,-1.0,0.25,1.7530504767161992,0.006315790479854252,2.4366293881836834,calm,,0
2024-02-06 00:00:00+00:00,0.0,-1.0,0.25,2.133789807932856,0.006315790262226834,2.4467957056116134,calm,,0
2024-02-07 00:00:00+00:00,0.0,-1.0,0.25,2.190098027772653,0.006315790130228876,2.450578446272675,calm,,0
2024-02-08 00:00:00+00:00,0.0,-1.0,0.25,2.110873612177617,0.006315790050167913,2.4515171138572214,calm,,0
2024-02-09 00:00:00+00:00,0.0,-1.0,0.25,1.8365745414456065,0.0063157900016083904,2.4475181295110255,calm,,0
2024-02-12 00:00:00+00:00,0.0,-1.0,0.25,2.1727334019172795,0.006315789972155494,2.458043006091532,calm,,0
2024-02-13 00:00:00+00:00,0.0,-1.0,0.25,1.8047928045032706,0.006315789954291375,2.4515697118758006,calm,,0
2024-02-14 00:00:00+00:00,0.0,-1.0,0.25,1.5988414916557756,0.006315789943456217,2.448122222468088,calm,,0
2024-02-15 00:00:00+00:00,0.0,-1.0,0.25,1.6708640122562262,0.006315789936884349,2.451628960870433,calm,,0
2024-02-16 00:00:00+00:00,0.0,-1.0,0.25,1.4118883301363359,0.0063157899328983025,2.4463995293250553,calm,,0
2024-02-20 00:00:00+00:00,0.0,-1.0,0.25,1.570297670605679,0.006315789930480638,2.45207079293344,calm,,0
2024-02-21 00:00:00+00:00,0.0,-1.0,0.25,1.8130821977512623,0.006315789929014248,2.460360814930806,calm,,0
2024-02-22 00:00:00+00:00,0.0,-1.0,0.25,1.8274757098661585,0.006315789928124835,2.463033685995202,calm,,0
2024-02-23 00:00:00+00:00,0.0,-1.0,0.25,1.6651909480978964,0.006315789927585378,2.4607443066573884,calm,,0
2024-02-26 00:00:00+00:00,0.0,-1.0,0.25,1.7755137309509161,0.00631578992725818,2.4659892752850068,calm,,0
2024-02-27 00:00:00+00:00,0.0,-1.0,0.25,1.7386129087830546,0.006315789927059725,2.467203444849843,calm,,0
2024-02-28 00:00:00+00:00,0.0,-1.0,0.25,1.8243483554293478,0.006315789926939355,2.4721180114274666,calm,,0
2024-02-29 00:00:00+00:00,0.0,-1.0,0.25,1.2294584642978446,0.006315789926866346,2.4560557884771015,calm,,0
2024-03-01 00:00:00+00:00,0.0,-1.0,0.25,1.1805717684900285,0.006315789926822065,2.455822784940262,calm,,0
2024-03-04 00:00:00+00:00,2.0,0.0,0.0,0.3478003731528267,0.006315789926795206,2.4306032098880586,calm,mean_reversion,0
2024-03-05 00:00:00+00:00,0.0,0.0,0.0,0.4780243689231133,0.006315789926778916,2.4353686214375108,calm,,0
2024-03-06 00:00:00+00:00,0.0,0.0,0.0,1.3462875512217933,0.006315789926769035,2.463203458042913,calm,,0
2024-03-07 00:00:00+00:00,0.0,0.0,0.0,1.0470130259075208,0.006315789926763043,2.4552560067657874,calm,,0
2024-03-08 00:00:00+00:00,0.0,0.0,0.0,0.5494219884818597,0.0063157899267594075,2.4406527706670684,calm,,0
2024-03-11 00:00:00+00:00,0.0,0.0,0.0,0.5749752114208602,0.006315789926757203,2.442192685958555,calm,,0
2024-03-12 00:00:00+00:00,0.0,0.0,0.0,0.7049378167866102,0.006315789926755866,2.446957762971915,calm,,0
2024-03-13 00:00:00+00:00,0.0,0.0,0.0,0.33649492620434057,0.006315789926755054,2.4364836829099965,calm,,0
2024-03-14 00:00:00+00:00,0.0,0.0,0.0,0.36444105367130525,0.0063157899267545625,2.4379163090861087,calm,,0
2024-03-15 00:00:00+00:00,0.0,0.0,0.0,0.17987914961314036,0.006315789926754264,2.4331032936892143,calm,,0
2024-03-18 00:00:00+00:00,0.0,0.0,0.0,0.0004906295873951484,0.006315789926754084,2.4285873489455128,calm,,0
2024-03-19 00:00:00+00:00,0.0,0.0,0.0,-0.07125803142135485,0.0063157899267539735,2.427184948007043,calm,,0
2024-03-20 00:00:00+00:00,0.0,0.0,0.0,0.017021114857689056,0.006315789926753907,2.430449351177787,calm,,0
2024-03-21 00:00:00+00:00,0.0,0.0,0.0,0.9898642351292833,0.006315789926753867,2.457945017985909,calm,,0
2024-03-22 00:00:00+00:00,0.0,0.0,0.0,0.6757341926354143,0.0063157899267538425,2.450225925047967,calm,,0
2024-03-25 00:00:00+00:00,0.0,0.0,0.0,0.8061052775817553,0.006315789926753827,2.4542202123405756,calm,,0
2024-03-26 00:00:00+00:00,0.0,0.0,0.0,0.7227202262542274,0.006315789926753818,2.452695011135762,calm,,0
2024-03-27 00:00:00+00:00,0.0,0.0,0.0,0.963321483888886,0.006315789926753813,2.4591012288786596,calm,,0
2024-03-28 00:00:00+00:00,0.0,0.0,0.0,1.0428441353869418,0.00631578992675381,2.4615102332845202,calm,,0
2024-04-01 00:00:00+00:00,0.0,0.0,0.0,0.592925801105646,0.007402422558041751,2.395523040112878,normal,,0
2024-04-02 00:00:00+00:00,0.0,0.0,0.0,0.5539841733924972,0.00740242255804175,2.395167803652473,calm,,0
2024-04-03 00:00:00+00:00,0.0,0.0,0.0,0.8797534602080231,0.007402422558041749,2.4024485327368743,calm,,0
2024-04-04 00:00:00+00:00,0.0,0.0,0.0,0.29372103294448604,0.007402422558041749,2.3910882499477975,calm,,0
2024-04-05 00:00:00+00:00,0.0,0.0,0.0,0.3693549591153041,0.007402422558041748,2.3931076124531243,calm,,0
2024-04-08 00:00:00+00:00,0.0,0.0,0.0,0.26519317841411605,0.007402422558041748,2.3918179303812326,calm,,0
2024-04-09 00:00:00+00:00,0.0,0.0,0.0,-0.19743420333719044,0.007402422558041748,2.38514452506948,calm,,0
2024-04-10 00:00:00+00:00,0.0,0.0,0.0,-0.5887613874338579,0.007402422558041748,2.380639706156221,calm,,0
2024-04-11 00:00:00+00:00,-1.0,-1.0,0.25,2.3150537875547013,0.0074030290887014604,2.4192209457703484,calm,,1
2024-04-12 00:00:00+00:00,0.0,-1.0,0.25,0.5733125792262961,0.007402790437482919,2.397936692339473,calm,,0
2024-04-15 00:00:00+00:00,0.0,-1.0,0.25,2.297447191597398,0.007402645688201897,2.421024646030227,calm,,0
2024-04-16 00:00:00+00:00,0.0,-1.0,0.25,0.15600886258278945,0.007402557893324985,2.393174983603304,calm,,0
2024-04-17 00:00:00+00:00,0.0,-1.0,0.25,0.7996060236486753,0.007402504643040372,2.402133372322706,calm,,0
2024-04-18 00:00:00+00:00,0.0,-1.0,0.25,0.38858930330836583,0.007402472345110116,2.3965629017918473,calm,,0
2024-04-19 00:00:00+00:00,0.0,-1.0,0.25,0.5422300080112302,0.00740245275542517,2.3989884184513404,calm,,0
2024-04-22 00:00:00+00:00,0.0,-1.0,0.25,1.829083558471687,0.007402440873680636,2.416326006154296,calm,,0
2024-04-23 00:00:00+00:00,0.0,-1.0,0.25,1.7466252362682364,0.0074024336670382865,2.415905217538381,calm,,0
2024-04-24 00:00:00+00:00,0.0,-1.0,0.25,2.0957415998797706,0.007402429295988747,2.4202702631002198,calm,,0
2024-04-25 00:00:00+00:00,0.0,-1.0,0.25,1.9558360249590587,0.0074024266448131865,2.4191936215180587,calm,,0
2024-04-26 00:00:00+00:00,0.0,-1.0,0.25,3.084772001260183,0.0074024250367939245,2.434710161433911,calm,,0
2024-04-29 00:00:00+00:00,0.0,-1.0,0.25,3.9664013227005546,0.0074024240614809405,2.4499708757748437,calm,,0
2024-04-30 00:00:00+00:00,0.0,-1.0,0.25,3.489467717281357,0.007402423469923714,2.4499625243491914,calm,,0
2024-05-01 00:00:00+00:00,0.0,-1.0,0.25,3.049336697695067,0.007402423111126118,2.4486340388065964,calm,,0
2024-05-02 00:00:00+00:00,0.0,-1.0,0.25,2.6643333083964973,0.007402422893504376,2.4462535021481084,calm,,0
2024-05-03 00:00:00+00:00,0.0,-1.0,0.25,3.015856107950306,0.007402422761510117,2.456205309414947,calm,,0
2024-05-06 00:00:00+00:00,0.0,-1.0,0.25,2.757064651287264,0.007402422681451552,2.4561213203944456,calm,,0
2024-05-07 00:00:00+00:00,0.0,-1.0,0.25,2.1489581675246536,0.0074024226328935775,2.44769323557167,calm,,0
2024-05-08 00:00:00+00:00,0.0,-1.0,0.25,2.466479479666418,0.007402422603441677,2.4570845639271632,calm,,0
2024-05-09 00:00:00+00:00,0.0,-1.0,0.25,2.2477920743807673,0.0074024225855781976,2.455671338290304,calm,,0
2024-05-10 00:00:00+00:00,0.0,-1.0,0.25,1.9812335649329236,0.007402422574743449,2.452401795685544,calm,,0
2024-05-13 00:00:00+00:00,0.0,-1.0,0.25,1.6727905392769997,0.007402422568171842,2.447269986572001,calm,,0
2024-05-14 00:00:00+00:00,0.0,-1.0,0.25,1.788482721858751,0.007402422564185961,2.4518646872009855,calm,,0
2024-05-15 00:00:00+00:00,0.0,-1.0,0.25,1.973358008475608,0.007402422561768401,2.4585601574912452,calm,,0
2024-05-16 00:00:00+00:00,0.0,-1.0,0.25,2.029683490703713,0.007402422560302077,2.4625611826451492,calm,,0
2024-05-17 00:00:00+00:00,0.0,-1.0,0.25,1.9573465029753503,0.007402422559412707,2.4633453822845577,calm,,0
2024-05-20 00:00:00+00:00,0.0,-1.0,0.25,1.4145862722035483,0.007402422558873276,2.4508167823179035,calm,,0
2024-05-21 00:00:00+00:00,0.0,-1.0,0.25,1.7468572566753064,0.007402422558546095,2.4616174803271433,calm,,0
2024-05-22 00:00:00+00:00,0.0,-1.0,0.25,1.2152771126251878,0.00740242255834765,2.4482950025463133,calm,,0
2024-05-23 00:00:00+00:00,0.0,-1.0,0.25,1.367325715371406,0.007402422558227287,2.4538064982162293,calm,,0
2024-05-24 00:00:00+00:00,0.0,-1.0,0.25,1.515480086139694,0.007402422558154283,2.4594712193014026,calm,,0
2024-05-28 00:00:00+00:00,0.0,-1.0,0.25,1.532562933130101,0.007402422558110004,2.4617399526081427,calm,,0
2024-05-29 00:00:00+00:00,0.0,-1.0,0.25,1.6347550775916437,0.007402422558083147,2.4667108793579153,calm,,0
2024-05-30 00:00:00+00:00,0.0,-1.0,0.25,1.04811473999327,0.007402422558066858,2.450344442773423,calm,,0
2024-05-31 00:00:00+00:00,0.0,-1.0,0.25,1.3602349934599907,0.007402422558056978,2.4610047771765826,calm,,0
2024-06-03 00:00:00+00:00,0.0,-1.0,0.25,1.2498378874770733,0.007402422558050985,2.4590323560018326,calm,,0
2024-06-04 00:00:00+00:00,0.0,-1.0,0.25,1.4566580858060834,0.007402422558047351,2.4669052257693544,calm,,0
2024-06-05 00:00:00+00:00,0.0,-1.0,0.25,1.734382337869331,0.007402422558045146,2.477351387855707,calm,,0
2024-06-06 00:00:00+00:00,0.0,-1.0,0.25,1.5532309511789153,0.007402422558043809,2.4737730826754505,calm,,0
2024-06-07 00:00:00+00:00,0.0,-1.0,0.25,1.0883818972114727,0.007402422558042998,2.4605795983089633,calm,,0
2024-06-10 00:00:00+00:00,0.0,-1.0,0.25,1.1452472029044387,0.007402422558042506,2.4634981655744,calm,,0
2024-06-11 00:00:00+00:00,0.0,-1.0,0.25,0.783401654097089,0.007402422558042208,2.453035935647739,calm,,0
2024-06-12 00:00:00+00:00,0.0,-1.0,0.25,1.0448257788777378,0.007402422558042027,2.462101369729686,calm,,0
2024-06-13 00:00:00+00:00,0.0,-1.0,0.25,0.874483600870077,0.007402422558041917,2.457689976221529,calm,,0
2024-06-14 00:00:00+00:00,0.0,-1.0,0.25,0.8263337219794691,0.00740242255804185,2.4569651458462007,calm,,0
2024-06-17 00:00:00+00:00,0.0,-1.0,0.25,0.6647360241588816,0.00740242255804181,2.452945216530133,calm,,0
2024-06-18 00:00:00+00:00,0.0,-1.0,0.25,0.9487937833208605,0.007402422558041786,2.4619007747771073,calm,,0
2024-06-20 00:00:00+00:00,2.0,0.0,0.0,1.107401589904903,0.00740242255804177,2.467310056167001,calm,max_hold,0
2024-06-21 00:00:00+00:00,0.0,0.0,0.0,0.8420473205849603,0.007402422558041762,2.4607340443628165,calm,,0
2024-06-24 00:00:00+00:00,0.0,0.0,0.0,1.2751047913214721,0.0074024225580417565,2.473723167335275,calm,,0
2024-06-25 00:00:00+00:00,0.0,0.0,0.0,0.7588052760706836,0.007402422558041753,2.4603551967522788,calm,,0
2024-06-26 00:00:00+00:00,0.0,0.0,0.0,0.5555818494075063,0.007402422558041751,2.4554341078456825,calm,,0
2024-06-27 00:00:00+00:00,0.0,0.0,0.0,0.46098324030218213,0.00740242255804175,2.453539225898579,calm,,0
2024-06-28 00:00:00+00:00,0.0,0.0,0.0,0.5284958568658615,0.007402422558041749,2.4560294484209306,calm,,0
2024-07-01 00:00:00+00:00,0.0,0.0,0.0,0.797476997743225,0.007746932977654683,2.362918305289663,normal,,0
2024-07-02 00:00:00+00:00,0.0,0.0,0.0,0.7599933781743068,0.007746932977654682,2.3625699033242333,calm,,0
2024-07-03 00:00:00+00:00,0.0,0.0,0.0,0.7682384057852302,0.007746932977654682,2.363333709459572,calm,,0
2024-07-05 00:00:00+00:00,0.0,0.0,0.0,0.7046238815844279,0.007746932977654682,2.3623487129090934,calm,,0
2024-07-08 00:00:00+00:00,0.0,0.0,0.0,0.2525181516048293,0.007746932977654682,2.3527872352371206,calm,,0
2024-07-09 00:00:00+00:00,0.0,0.0,0.0,0.3178042875448016,0.007746932977654682,2.3548463226188523,calm,,0
2024-07-10 00:00:00+00:00,0.0,0.0,0.0,0.5749793743772716,0.007746932977654682,2.3604126627788378,calm,,0
2024-07-11 00:00:00+00:00,0.0,0.0,0.0,0.16709719664422668,0.007746932977654682,2.3531607927857032,calm,,0
2024-07-12 00:00:00+00:00,0.0,0.0,0.0,0.337858441821375,0.007746932977654682,2.3567639177287805,calm,,0
2024-07-15 00:00:00+00:00,0.0,0.0,0.0,1.0230442597424767,0.007746932977654682,2.3688871357808545,calm,,0
2024-07-16 00:00:00+00:00,-1.0,-1.0,0.25,2.2837033720421234,0.007746932977654682,2.388803060773498,calm,,0
2024-07-17 00:00:00+00:00,0.0,-1.0,0.25,1.940708335074858,0.007746932977654682,2.3828627228965376,calm,,0
2024-07-18 00:00:00+00:00,0.0,-1.0,0.25,0.7501773989439918,0.007746932977654682,2.365641743658122,calm,,0
2024-07-19 00:00:00+00:00,0.0,-1.0,0.25,1.939130777419168,0.007746932977654682,2.380563352238467,calm,,0
2024-07-22 00:00:00+00:00,0.0,-1.0,0.25,2.3148310490889115,0.007746932977654682,2.38448772714493,calm,,0
2024-07-23 00:00:00+00:00,0.0,-1.0,0.25,2.5159280392779353,0.007746932977654682,2.3865691670392883,calm,,0
2024-07-24 00:00:00+00:00,0.0,-1.0,0.25,2.845060089764502,0.007746932977654682,2.3895384133796234,calm,,0
2024-07-25 00:00:00+00:00,0.0,-1.0,0.25,2.8424533521781403,0.007746932977654682,2.3909406048634416,calm,,0
2024-07-26 00:00:00+00:00,0.0,-1.0,0.25,3.1208902082547985,0.007746932977654682,2.396494674656772,calm,,0
2024-07-29 00:00:00+00:00,0.0,-1.0,0.25,2.748457371156465,0.007746932977654682,2.3952341480105064,calm,,0
2024-07-30 00:00:00+00:00,0.0,-1.0,0.25,3.8388930336216185,0.007746932977654682,2.4115464025414615,calm,,0
2024-07-31 00:00:00+00:00,0.0,-1.0,0.25,4.014097088906557,0.007746932977654682,2.4200583786293,calm,,0
2024-08-01 00:00:00+00:00,0.0,-1.0,0.25,3.7731055608620916,0.007746932977654682,2.4242691946579082,calm,,0
2024-08-02 00:00:00+00:00,0.0,-1.0,0.25,2.2626266338040155,0.007746932977654682,2.4055399192126647,calm,,0
2024-08-05 00:00:00+00:00,0.0,-1.0,0.25,2.6844484241698336,0.007746932977654682,2.4153403421090593,calm,,0
2024-08-06 00:00:00+00:00,0.0,-1.0,0.25,3.24707969094286,0.007746932977654682,2.429666651118217,calm,,0
2024-08-07 00:00:00+00:00,0.0,-1.0,0.25,3.4121762351940896,0.007746932977654682,2.4392172952608497,calm,,0
2024-08-08 00:00:00+00:00,0.0,-1.0,0.25,3.629174208334335,0.007746932977654682,2.4515213285033344,calm,,0
2024-08-09 00:00:00+00:00,0.0,-1.0,0.25,3.4583287721094105,0.007746932977654682,2.456688993887332,calm,,0
2024-08-12 00:00:00+00:00,0.0,-1.0,0.25,2.806114978603573,0.007746932977654682,2.4485857592484597,calm,,0
2024-08-13 00:00:00+00:00,0.0,-1.0,0.25,2.3776592157248477,0.007746932977654682,2.4425214192332074,calm,,0
2024-08-14 00:00:00+00:00,0.0,-1.0,0.25,1.839866812174347,0.007746932977654682,2.431028332259153,calm,,0
2024-08-15 00:00:00+00:00,0.0,-1.0,0.25,1.474018367655824,0.007746932977654682,2.4225573919784096,calm,,0
2024-08-16 00:00:00+00:00,0.0,-1.0,0.25,1.5774232361033436,0.007746932977654682,2.427338321845319,calm,,0
2024-08-19 00:00:00+00:00,0.0,-1.0,0.25,1.4561460963142536,0.007746932977654682,2.4255229260742652,calm,,0
2024-08-20 00:00:00+00:00,0.0,-1.0,0.25,1.1639551158623984,0.007746932977654682,2.4180727897879355,calm,,0
2024-08-21 00:00:00+00:00,0.0,-1.0,0.25,1.17556737583636,0.007746932977654682,2.4196432563684227,calm,,0
2024-08-22 00:00:00+00:00,0.0,-1.0,0.25,1.2334895791473328,0.007746932977654682,2.4226910726023863,calm,,0
2024-08-23 00:00:00+00:00,0.0,-1.0,0.25,1.533185482598845,0.007746932977654682,2.4334716900870967,calm,,0
2024-08-26 00:00:00+00:00,0.0,-1.0,0.25,1.3218052872841568,0.007746932977654682,2.428596925295838,calm,,0
2024-08-27 00:00:00+00:00,0.0,-1.0,0.25,1.3031407181029075,0.007746932977654682,2.429434574438393,calm,,0
2024-08-28 00:00:00+00:00,0.0,-1.0,0.25,0.7631298943353518,0.007746932977654682,2.4134181022116152,calm,,0
2024-08-29 00:00:00+00:00,0.0,-1.0,0.25,1.310640593070722,0.007746932977654682,2.431940795201831,calm,,0
2024-08-30 00:00:00+00:00,0.0,-1.0,0.25,1.0434204199716048,0.007746932977654682,2.424728053924441,calm,,0
2024-09-03 00:00:00+00:00,0.0,-1.0,0.25,0.5372720873658902,0.007746932977654682,2.409162584074012,calm,,0
2024-09-04 00:00:00+00:00,0.0,-1.0,0.25,0.47228760714241597,0.007746932977654682,2.4076250600389746,calm,,0
2024-09-05 00:00:00+00:00,0.0,-1.0,0.25,0.5683509679520782,0.007746932977654682,2.4114505480763784,calm,,0
2024-09-06 00:00:00+00:00,0.0,-1.0,0.25,0.6858586209122958,0.007746932977654682,2.4159833929748777,calm,,0
2024-09-09 00:00:00+00:00,0.0,-1.0,0.25,0.6148826546472788,0.007746932977654682,2.414533196802138,calm,,0
2024-09-10 00:00:00+00:00,2.0,0.0,0.0,0.11200720125110218,0.007746932977654682,2.399245570864944,calm,mean_reversion,0
2024-09-11 00:00:00+00:00,0.0,0.0,0.0,0.09483343446416576,0.007746932977654682,2.399358613344958,calm,,0
2024-09-12 00:00:00+00:00,0.0,0.0,0.0,0.2987141698908969,0.007746932977654682,2.4063665997656694,calm,,0
2024-09-13 00:00:00+00:00,0.0,0.0,0.0,0.12066261562018159,0.007746932977654682,2.401670986977661,calm,,0
2024-09-16 00:00:00+00:00,0.0,0.0,0.0,-0.012885906856422609,0.007746932977654682,2.398277072383009,calm,,0
2024-09-17 00:00:00+00:00,0.0,0.0,0.0,0.11734588949677256,0.007746932977654682,2.4026987539116935,calm,,0
2024-09-18 00:00:00+00:00,0.0,0.0,0.0,0.2948312532113142,0.007746932977654682,2.408574686469329,calm,,0
2024-09-19 00:00:00+00:00,0.0,0.0,0.0,1.1110869206758656,0.007746932977654682,2.432954301358657,calm,,0
2024-09-20 00:00:00+00:00,0.0,0.0,0.0,0.26253435647134304,0.007746932977654682,2.4093397457092975,calm,,0
2024-09-23 00:00:00+00:00,0.0,0.0,0.0,0.14449903650558177,0.007746932977654682,2.406731270326154,calm,,0
2024-09-24 00:00:00+00:00,0.0,0.0,0.0,0.09937021676823066,0.007746932977654682,2.4062716582656245,calm,,0
2024-09-25 00:00:00+00:00,0.0,0.0,0.0,-0.3365504699140382,0.007746932977654682,2.3953406647813336,calm,,0
2024-09-26 00:00:00+00:00,0.0,0.0,0.0,-0.5530661328636394,0.007746932977654682,2.390357248077097,calm,,0
2024-09-27 00:00:00+00:00,0.0,0.0,0.0,-0.4314928542690371,0.007746932977654682,2.394245230706709,calm,,0
2024-09-30 00:00:00+00:00,0.0,0.0,0.0,-0.8225210603844304,0.007746932977654682,2.3851196643152575,calm,,0
2024-10-01 00:00:00+00:00,0.0,0.0,0.0,-1.1186158159372017,0.00929944471169957,2.2408124148140898,normal,,0
2024-10-02 00:00:00+00:00,0.0,0.0,0.0,-1.096086921215722,0.00929944471169957,2.242570587564131,calm,,0
2024-10-03 00:00:00+00:00,1.0,1.0,0.25,-1.8532239223892881,0.00929944471169957,2.225624715175832,calm,,0
2024-10-04 00:00:00+00:00,0.0,1.0,0.25,-2.0974879406123272,0.00929944471169957,2.2200371129508936,calm,,0
2024-10-07 00:00:00+00:00,0.0,1.0,0.25,-1.9217862665027272,0.00929944471169957,2.2246762641400837,calm,,0
2024-10-08 00:00:00+00:00,0.0,1.0,0.25,-1.9471185649413738,0.00929944471169957,2.224585903305118,calm,,0
2024-10-09 00:00:00+00:00,0.0,1.0,0.25,-1.6692043537316927,0.00929944471169957,2.230718898024811,calm,,0
2024-10-10 00:00:00+00:00,0.0,1.0,0.25,-1.4098936945779166,0.00929944471169957,2.235948866959482,calm,,0
2024-10-11 00:00:00+00:00,0.0,1.0,0.25,-1.1188748752026565,0.00929944471169957,2.2426242274580774,calm,,0
2024-10-14 00:00:00+00:00,0.0,1.0,0.25,-1.2926364439172087,0.00929944471169957,2.2391577724705165,calm,,0
2024-10-15 00:00:00+00:00,0.0,1.0,0.25,-1.3160045841433643,0.00929944471169957,2.238433326718714,calm,,0
2024-10-16 00:00:00+00:00,0.0,1.0,0.25,-2.8286090299482733,0.00929944471169957,2.2016591860305175,calm,,0
2024-10-17 00:00:00+00:00,0.0,1.0,0.25,-2.7021316995053084,0.00929944471169957,2.20007822864354,calm,,0
2024-10-18 00:00:00+00:00,0.0,1.0,0.25,-2.9867138678725325,0.00929944471169957,2.1876908742005368,calm,,0
2024-10-21 00:00:00+00:00,0.0,1.0,0.25,-2.821892103411997,0.00929944471169957,2.1857460348256987,calm,,0
2024-10-22 00:00:00+00:00,0.0,1.0,0.25,-2.581513522186725,0.00929944471169957,2.1867152662843967,calm,,0
2024-10-23 00:00:00+00:00,0.0,1.0,0.25,-2.449478828037496,0.00929944471169957,2.1855507065615587,calm,,0
2024-10-24 00:00:00+00:00,0.0,1.0,0.25,-2.0623253217784416,0.00929944471169957,2.193387484216406,calm,,0
2024-10-25 00:00:00+00:00,0.0,1.0,0.25,-2.1399450018423924,0.00929944471169957,2.1869728039365404,calm,,0
2024-10-28 00:00:00+00:00,0.0,1.0,0.25,-1.9168001070145937,0.00929944471169957,2.190912359648798,calm,,0
2024-10-29 00:00:00+00:00,0.0,1.0,0.25,-1.792567437423472,0.00929944471169957,2.192174882849936,calm,,0
2024-10-30 00:00:00+00:00,0.0,1.0,0.25,-1.437431593509242,0.00929944471169957,2.2026420044404516,calm,,0
2024-10-31 00:00:00+00:00,0.0,1.0,0.25,-1.4103132960649296,0.00929944471169957,2.201690246200328,calm,,0
2024-11-01 00:00:00+00:00,0.0,1.0,0.25,-1.4081538738814796,0.00929944471169957,2.199953390981353,calm,,0
2024-11-04 00:00:00+00:00,0.0,1.0,0.25,-1.6983888199167116,0.00929944471169957,2.187330638750841,calm,,0
2024-11-05 00:00:00+00:00,0.0,1.0,0.25,-1.102319291651538,0.00929944471169957,2.2080303285191514,calm,,0
2024-11-06 00:00:00+00:00,0.0,1.0,0.25,-0.1993059376827153,0.009300088000839703,2.2405945613373257,calm,,1
2024-11-07 00:00:00+00:00,0.0,1.0,0.25,-0.43155026865893137,0.009299858532617384,2.231167883563785,calm,,0
2024-11-08 00:00:00+00:00,0.0,1.0,0.25,-0.21357924215178162,0.00929971091820196,2.238181797985674,calm,,0
2024-11-11 00:00:00+00:00,0.0,1.0,0.25,-0.32584828015370587,0.00929961595945159,2.233465203216027,calm,,0
2024-11-12 00:00:00+00:00,0.0,1.0,0.25,-0.5434131687543857,0.009299554873518717,2.225010463074219,calm,,0
2024-11-13 00:00:00+00:00,0.0,1.0,0.25,-0.480783700468629,0.009299515577601484,2.226354494899275,calm,,0
2024-11-14 00:00:00+00:00,0.0,1.0,0.25,-0.806175159539836,0.009299490298964676,2.214349119346034,calm,,0
2024-11-15 00:00:00+00:00,0.0,1.0,0.25,-0.7309930618279664,0.009299474037492142,2.2159763361723828,calm,,0
2024-11-18 00:00:00+00:00,0.0,1.0,0.25,-0.9390810493921098,0.009299463576663457,2.208012838572478,calm,,0
2024-11-19 00:00:00+00:00,0.0,1.0,0.25,-1.0390146343350648,0.009299456847325967,2.2037451020111822,calm,,0
2024-11-20 00:00:00+00:00,0.0,1.0,0.25,-0.750712520239039,0.00929945251841624,2.2122380103288197,calm,,0
2024-11-21 00:00:00+00:00,0.0,1.0,0.25,-0.6562803273310204,0.009299449733675623,2.214449729962401,calm,,0
2024-11-22 00:00:00+00:00,0.0,1.0,0.25,-0.24304564627906508,0.009299447942282227,2.226847414295266,calm,,0
2024-11-25 00:00:00+00:00,0.0,1.0,0.25,0.026987519613299413,0.00929944678989831,2.2343284113542827,calm,,0
2024-11-26 00:00:00+00:00,0.0,1.0,0.25,0.7010205880794258,0.00929944604858225,2.253785664667273,calm,,0
2024-11-27 00:00:00+00:00,0.0,1.0,0.25,0.7842711425489868,0.009299445571701679,2.2557361609698487,calm,,0
2024-11-29 00:00:00+00:00,0.0,1.0,0.25,0.6682342266641372,0.009299445264929587,2.2518432001685262,calm,,0
2024-12-02 00:00:00+00:00,0.0,1.0,0.25,0.5935978179714456,0.009299445067586431,2.249004358067844,calm,,0
2024-12-03 00:00:00+00:00,0.0,1.0,0.25,0.7750321022002195,0.009299444940637723,2.2533118422151617,calm,,0
2024-12-04 00:00:00+00:00,0.0,1.0,0.25,0.7866197069894179,0.009299444858972997,2.252832926310706,calm,,0
2024-12-05 00:00:00+00:00,0.0,1.0,0.25,0.5729266400216929,0.009299444806438966,2.246547330539797,calm,,0
2024-12-06 00:00:00+00:00,0.0,1.0,0.25,0.8878102691237526,0.009299444772644395,2.254824895005105,calm,,0
2024-12-09 00:00:00+00:00,0.0,1.0,0.25,0.9657068546585109,0.009299444750904714,2.2564131412874033,calm,,0
2024-12-10 00:00:00+00:00,2.0,0.0,0.0,0.7510101359371152,0.009299444736919814,2.250269224153266,calm,profit_target,0
2024-12-11 00:00:00+00:00,0.0,0.0,0.0,1.0062544326598455,0.009299444727923479,2.2568355393176764,calm,,0
2024-12-12 00:00:00+00:00,0.0,0.0,0.0,0.968371004526783,0.009299444722136233,2.255488157772488,calm,,0
2024-12-13 00:00:00+00:00,0.0,0.0,0.0,0.5754437267702338,0.009299444718413362,2.244478719171461,calm,,0
2024-12-16 00:00:00+00:00,0.0,0.0,0.0,0.25920536858758,0.00929944471601848,2.234898185469241,calm,,0
2024-12-17 00:00:00+00:00,0.0,0.0,0.0,0.02442157696135394,0.009299444714477877,2.228388151039539,calm,,0
2024-12-18 00:00:00+00:00,0.0,0.0,0.0,-0.11018274187090829,0.009299444713486826,2.224492075553239,calm,,0
2024-12-19 00:00:00+00:00,0.0,0.0,0.0,0.5273545872232067,0.009299444712849292,2.238592158209144,calm,,0
2024-12-20 00:00:00+00:00,0.0,0.0,0.0,0.9720633777781086,0.009299444712439172,2.2482708049025666,calm,,0
2024-12-23 00:00:00+00:00,0.0,0.0,0.0,0.6594263048400237,0.009299444712175349,2.241015015121641,calm,,0
2024-12-24 00:00:00+00:00,0.0,0.0,0.0,0.8633082682860287,0.009299444712005634,2.245185878944463,calm,,0
2024-12-26 00:00:00+00:00,0.0,0.0,0.0,0.4119051457069178,0.009299444711896457,2.23497703814932,calm,,0
2024-12-27 00:00:00+00:00,0.0,0.0,0.0,0.47454766742156107,0.009299444711826225,2.2362634100937706,calm,,0
2024-12-30 00:00:00+00:00,0.0,0.0,0.0,0.4914957681979691,0.009299444711781046,2.2365061477445023,calm,,0
2024-12-31 00:00:00+00:00,0.0,0.0,0.0,0.37972642752181607,0.009299444711751982,2.2342036850701357,calm,,0
2025-01-02 00:00:00+00:00,0.0,0.0,0.0,1.0169488201604582,0.008774654811514154,2.1126137989226734,normal,,0
2025-01-03 00:00:00+00:00,0.0,0.0,0.0,0.8768054123710517,0.008774654811514154,2.1100327395794514,calm,,0
2025-01-06 00:00:00+00:00,0.0,0.0,0.0,0.32808882470693174,0.008774654811514154,2.098250801026918,calm,,0
2025-01-07 00:00:00+00:00,0.0,0.0,0.0,0.6392007676213238,0.008774654811514154,2.105149296218161,calm,,0
2025-01-08 00:00:00+00:00,0.0,0.0,0.0,0.3061110991159704,0.008774654811514154,2.0977698432418563,calm,,0
2025-01-10 00:00:00+00:00,0.0,0.0,0.0,0.0608846808752839,0.008774654811514154,2.0921041427273357,calm,,0
2025-01-13 00:00:00+00:00,0.0,0.0,0.0,0.2259063254433998,0.008774654811514154,2.0954908012603513,calm,,0
2025-01-14 00:00:00+00:00,0.0,0.0,0.0,0.5614812384037162,0.008774654811514154,2.1026574032653036,calm,,0
2025-01-15 00:00:00+00:00,0.0,0.0,0.0,1.1825580874230173,0.008774654811514154,2.116672906364241,calm,,0
2025-01-16 00:00:00+00:00,0.0,0.0,0.0,0.43732344505875287,0.008774654811514154,2.1013061662431474,calm,,0
2025-01-17 00:00:00+00:00,0.0,0.0,0.0,0.6721581824263131,0.008774654811514154,2.1068317846244327,calm,,0
2025-01-21 00:00:00+00:00,0.0,0.0,0.0,1.4268978343053829,0.008774654811514154,2.1228401878686123,calm,,0
2025-01-22 00:00:00+00:00,-1.0,-1.0,0.25,1.775958488062167,0.008774654811514154,2.130513370606584,calm,,0
2025-01-23 00:00:00+00:00,0.0,-1.0,0.25,1.5994327841117255,0.008774654811514154,2.1277983438332573,calm,,0
2025-01-24 00:00:00+00:00,0.0,-1.0,0.25,1.3768166165683597,0.008774654811514154,2.1242620909789567,calm,,0
2025-01-27 00:00:00+00:00,0.0,-1.0,0.25,1.3868424133251287,0.008774654811514154,2.1248638680927563,calm,,0
2025-01-28 00:00:00+00:00,0.0,-1.0,0.25,1.1034002701207655,0.008774654811514154,2.1200257699460154,calm,,0
2025-01-29 00:00:00+00:00,0.0,-1.0,0.25,1.0095994607347354,0.008774654811514154,2.1186689655084665,calm,,0
2025-01-30 00:00:00+00:00,0.0,-1.0,0.25,1.3186070719880045,0.008774654811514154,2.124594182365163,calm,,0
2025-01-31 00:00:00+00:00,0.0,-1.0,0.25,1.2800908897641106,0.008774654811514154,2.124468140542527,calm,,0
2025-02-03 00:00:00+00:00,0.0,-1.0,0.25,1.3959876166068301,0.008774654811514154,2.1268397687994947,calm,,0
2025-02-04 00:00:00+00:00,0.0,-1.0,0.25,1.372805704953618,0.008774654811514154,2.126242707228795,calm,,0
2025-02-05 00:00:00+00:00,0.0,-1.0,0.25,1.5999174050056058,0.008774654811514154,2.130272472177907,calm,,0
2025-02-06 00:00:00+00:00,0.0,-1.0,0.25,2.1991725112263163,0.008774654811514154,2.140760176719798,calm,,0
2025-02-07 00:00:00+00:00,0.0,-1.0,0.25,2.0559388020938143,0.008774654811514154,2.1403949530745097,calm,,0
2025-02-10 00:00:00+00:00,0.0,-1.0,0.25,2.5420880846488294,0.008774654811514154,2.150443614312053,calm,,0
2025-02-11 00:00:00+00:00,0.0,-1.0,0.25,1.8512230530138074,0.008774654811514154,2.1411321117973765,calm,,0
2025-02-12 00:00:00+00:00,0.0,-1.0,0.25,2.1305204676279104,0.008774654811514154,2.1476211390570406,calm,,0
2025-02-13 00:00:00+00:00,0.0,-1.0,0.25,2.071850851834101,0.008774654811514154,2.1485186859024683,calm,,0
2025-02-14 00:00:00+00:00,0.0,-1.0,0.25,2.214928413822074,0.008774654811514154,2.152669082039157,calm,,0
2025-02-18 00:00:00+00:00,0.0,-1.0,0.25,2.5096646158223654,0.008774654811514154,2.1600330943075887,calm,,0
2025-02-19 00:00:00+00:00,0.0,-1.0,0.25,2.1248959796976354,0.008774654811514154,2.1545695785402117,calm,,0
2025-02-20 00:00:00+00:00,0.0,-1.0,0.25,2.121258510256368,0.008774654811514154,2.155251866233044,calm,,0
2025-02-21 00:00:00+00:00,0.0,-1.0,0.25,1.6065720828687542,0.008774654811514154,2.1468138046411003,calm,,0
2025-02-24 00:00:00+00:00,0.0,-1.0,0.25,2.2809784170223546,0.008774654811514154,2.1597673780161157,calm,,0
2025-02-25 00:00:00+00:00,0.0,-1.0,0.25,1.336817135731669,0.008774654811514154,2.1441364117137924,calm,,0
2025-02-26 00:00:00+00:00,0.0,-1.0,0.25,0.7129063895026116,0.008774654811514154,2.133276421390957,calm,,0
2025-02-27 00:00:00+00:00,0.0,-1.0,0.25,0.8008588473933792,0.008774654811514154,2.1352633295002015,calm,,0
2025-02-28 00:00:00+00:00,0.0,-1.0,0.25,0.6608159776471298,0.008774654811514154,2.1329690404147374,calm,,0
2025-03-03 00:00:00+00:00,0.0,-1.0,0.25,0.5015013618750648,0.008774654811514154,2.13028734802759,calm,,0
2025-03-04 00:00:00+00:00,0.0,-1.0,0.25,1.0343968047921699,0.008774654811514154,2.1407130322779775,calm,,0
2025-03-05 00:00:00+00:00,0.0,-1.0,0.25,1.496565645033659,0.008774654811514154,2.1501283029913454,calm,,0
2025-03-06 00:00:00+00:00,0.0,-1.0,0.25,0.6627344479394754,0.008774654811514154,2.1349598250726833,calm,,0
2025-03-07 00:00:00+00:00,0.0,-1.0,0.25,0.04878243539494516,0.008774654811514154,2.123421729635975,calm,,0
2025-03-10 00:00:00+00:00,0.0,-1.0,0.25,0.28272589913391216,0.008774654811514154,2.1280671663278827,calm,,0
2025-03-11 00:00:00+00:00,0.0,-1.0,0.25,0.3015780945932457,0.008774654811514154,2.12857121048327,calm,,0
2025-03-12 00:00:00+00:00,0.0,-1.0,0.25,-0.1684015500244928,0.008774654811514154,2.1196596720372716,calm,,0
2025-03-13 00:00:00+00:00,0.0,-1.0,0.25,-0.16319760294295294,0.008774654811514154,2.119746657243403,calm,,0
2025-03-14 00:00:00+00:00,0.0,-1.0,0.25,-0.11438319947174691,0.008774654811514154,2.1207071923386964,calm,,0
2025-03-17 00:00:00+00:00,0.0,-1.0,0.25,-0.23423804884015417,0.008774654811514154,2.118605500616021,calm,,0
2025-03-18 00:00:00+00:00,0.0,-1.0,0.25,-0.2508863327910759,0.008774654811514154,2.118690630805844,calm,,0
2025-03-19 00:00:00+00:00,0.0,-1.0,0.25,-0.24989261309382121,0.008774654811514154,2.119260805217296,calm,,0
2025-03-20 00:00:00+00:00,0.0,-1.0,0.25,-0.25390478474714173,0.008774654811514154,2.1198215998472394,calm,,0
2025-03-21 00:00:00+00:00,0.0,-1.0,0.25,-0.2602870177839234,0.008774654811514154,2.120022064386893,calm,,0
2025-03-24 00:00:00+00:00,0.0,-1.0,0.25,-0.13187446368718908,0.008774654811514154,2.122449837296977,calm,,0
2025-03-25 00:00:00+00:00,0.0,-1.0,0.25,0.09894203482736316,0.008774654811514154,2.126842944473089,calm,,0
2025-03-26 00:00:00+00:00,0.0,-1.0,0.25,0.17929307975195447,0.008774654811514154,2.1285395284701947,calm,,0
2025-03-27 00:00:00+00:00,0.0,-1.0,0.25,-0.05788578113280506,0.008774654811514154,2.1248929898614968,calm,,0
2025-03-28 00:00:00+00:00,0.0,-1.0,0.25,-0.314693994150003,0.008774654811514154,2.1209908357956175,calm,,0
2025-03-31 00:00:00+00:00,2.0,0.0,0.0,-0.34997899634481683,0.008774654811514154,2.120849058366315,calm,mean_reversion,0
2025-04-01 00:00:00+00:00,0.0,0.0,0.0,0.30622248842710525,0.008383216206613092,2.0007953256543756,normal,,0
2025-04-02 00:00:00+00:00,0.0,0.0,0.0,0.07111298189305329,0.008383216206613092,1.9974183388226017,calm,,0
2025-04-03 00:00:00+00:00,0.0,0.0,0.0,-0.1988250703912715,0.008383216206613092,1.9935504520613376,calm,,0
2025-04-04 00:00:00+00:00,0.0,0.0,0.0,-1.066933383277117,0.008383216206613092,1.9811498570101334,calm,,0
2025-04-07 00:00:00+00:00,1.0,1.0,0.08000000000000002,-2.4587828373275324,0.03947380752578271,1.9608795925560836,elevated,,1
2025-04-08 00:00:00+00:00,0.0,1.0,0.08000000000000002,-2.768985784751513,0.024002237261554243,1.9555710226847314,elevated,,0
2025-04-09 00:00:00+00:00,0.0,1.0,0.08000000000000002,-1.2356730238987912,0.01622976425744671,1.9780883407079308,normal,,0
2025-04-10 00:00:00+00:00,0.0,1.0,0.08000000000000002,-2.529905584119596,0.012325096821119558,1.9594529193570507,normal,,0
2025-04-11 00:00:00+00:00,0.0,1.0,0.08000000000000002,-1.969833637850382,0.010363503930381133,1.966702964393101,normal,,0
2025-04-14 00:00:00+00:00,0.0,1.0,0.08000000000000002,-1.7685210704575074,0.009378055942366327,1.9687486992928536,normal,,0
2025-04-15 00:00:00+00:00,0.0,1.0,0.08000000000000002,-2.206670065666379,0.008882995146791734,1.9618262164371725,normal,,0
2025-04-16 00:00:00+00:00,0.0,1.0,0.08000000000000002,-1.0991406660012204,0.00863429080694253,1.978695716524994,calm,,0
2025-04-17 00:00:00+00:00,0.0,1.0,0.08000000000000002,-1.2666911909745553,0.008509348882207734,1.975621050175076,calm,,0
2025-04-21 00:00:00+00:00,0.0,1.0,0.08000000000000002,-0.39727340950080925,0.00844658164394442,1.98932150519948,calm,,0
2025-04-22 00:00:00+00:00,0.0,1.0,0.08000000000000002,-0.5834295372218169,0.008415049184303141,1.9861445875271402,calm,,0
2025-04-23 00:00:00+00:00,0.0,1.0,0.08000000000000002,0.05986351368885381,0.008399208181280869,1.9966871728591302,calm,,0
2025-04-24 00:00:00+00:00,0.0,1.0,0.08000000000000002,0.03653727383883533,0.008391250115858558,1.9963760002378343,calm,,0
2025-04-25 00:00:00+00:00,0.0,1.0,0.08000000000000002,0.0210982536009671,0.00838725221211618,1.996275215319196,calm,,0
2025-04-28 00:00:00+00:00,0.0,1.0,0.08000000000000002,0.009079018456695271,0.008385243779980334,1.9962548442928023,calm,,0
2025-04-29 00:00:00+00:00,0.0,1.0,0.08000000000000002,-0.012890241074420368,0.00838423480129945,1.9959763006088176,calm,,0
2025-04-30 00:00:00+00:00,0.0,1.0,0.08000000000000002,0.4713549457820874,0.008383727919358899,2.004008519298898,calm,,0
2025-05-01 00:00:00+00:00,0.0,1.0,0.08000000000000002,0.5497238228405925,0.008383473276414975,2.005477881058197,calm,,0
2025-05-02 00:00:00+00:00,0.0,1.0,0.08000000000000002,0.20794521201111307,0.008383345351105938,2.000058063002566,calm,,0
2025-05-05 00:00:00+00:00,0.0,1.0,0.08000000000000002,-0.38848811710520464,0.008383281085100999,1.99026583071781,calm,,0
2025-05-06 00:00:00+00:00,0.0,1.0,0.08000000000000002,-1.3636779077917012,0.00838324879970398,1.9739424993981807,calm,,0
2025-05-07 00:00:00+00:00,0.0,1.0,0.08000000000000002,-0.8866963216615135,0.008383232580446822,1.9810739172451353,calm,,0
2025-05-08 00:00:00+00:00,0.0,1.0,0.08000000000000002,-0.7155069329750291,0.008383224432357374,1.983417433078607,calm,,0
2025-05-09 00:00:00+00:00,0.0,1.0,0.08000000000000002,-0.40546246759064697,0.008383220338991013,1.988129782546622,calm,,0
2025-05-12 00:00:00+00:00,0.0,1.0,0.08000000000000002,-0.11221069412241431,0.008383218282601197,1.9925401533509746,calm,,0
2025-05-13 00:00:00+00:00,0.0,1.0,0.08000000000000002,0.08639689805023106,0.008383217249529954,1.9953675743405723,calm,,0
2025-05-14 00:00:00+00:00,0.0,1.0,0.08000000000000002,0.06114177200045475,0.008383216730544601,1.9945376774757682,calm,,0
2025-05-15 00:00:00+00:00,0.0,1.0,0.08000000000000002,0.07140966664527104,0.00838321646982125,1.9941209305071768,calm,,0
2025-05-16 00:00:00+00:00,0.0,1.0,0.08000000000000002,0.6492233592466629,0.008383216338841318,2.0020925799543363,calm,,0
2025-05-19 00:00:00+00:00,0.0,1.0,0.08000000000000002,0.8112090283052398,0.008383216273040759,2.0037082265613506,calm,,0
2025-05-20 00:00:00+00:00,0.0,1.0,0.08000000000000002,0.6513490006371669,0.008383216239984446,2.0011016157980137,calm,,0
2025-05-21 00:00:00+00:00,0.0,1.0,0.08000000000000002,1.286001675381309,0.008383216223377902,2.008453514881685,calm,,0
2025-05-22 00:00:00+00:00,0.0,1.0,0.08000000000000002,1.4696202729784444,0.008383216215035252,2.010627144702968,calm,,0
2025-05-23 00:00:00+00:00,0.0,1.0,0.08000000000000002,1.2850760790142872,0.008383216210844143,2.008592974554875,calm,,0
2025-05-27 00:00:00+00:00,0.0,1.0,0.08000000000000002,1.822441093601408,0.00838321620873865,2.015895952753211,calm,,0
2025-05-28 00:00:00+00:00,0.0,1.0,0.08000000000000002,1.5985436803397424,0.008383216207680911,2.0136741153948714,calm,,0
2025-05-29 00:00:00+00:00,0.0,1.0,0.08000000000000002,0.8076677074870066,0.008383216207149534,2.003398802651491,calm,,0
2025-05-30 00:00:00+00:00,0.0,1.0,0.08000000000000002,0.433032671382768,0.008383216206882585,1.9980394861719368,calm,,0
2025-06-02 00:00:00+00:00,0.0,1.0,0.08000000000000002,0.1823381511827933,0.008383216206748477,1.994151529740667,calm,,0
2025-06-03 00:00:00+00:00,0.0,1.0,0.08000000000000002,0.7842094206617243,0.008383216206681105,2.001803938035473,calm,,0
2025-06-04 00:00:00+00:00,0.0,1.0,0.08000000000000002,0.3588765825724718,0.00838321620664726,1.9963860659188972,calm,,0
2025-06-05 00:00:00+00:00,0.0,1.0,0.08000000000000002,-0.2324721191421025,0.008383216206630257,1.9885510732399787,calm,,0
2025-06-06 00:00:00+00:00,0.0,1.0,0.08000000000000002,0.303313560452678,0.008383216206621715,1.995340222581655,calm,,0
2025-06-09 00:00:00+00:00,0.0,1.0,0.08000000000000002,0.22973590663375643,0.008383216206617423,1.9944416246809524,calm,,0
2025-06-10 00:00:00+00:00,0.0,1.0,0.08000000000000002,0.4596997290054815,0.008383216206615269,1.9974781982286176,calm,,0
2025-06-11 00:00:00+00:00,0.0,1.0,0.08000000000000002,1.734806393677366,0.008383216206614185,2.0142453108358795,calm,,0
2025-06-12 00:00:00+00:00,0.0,1.0,0.08000000000000002,1.462812631508091,0.008383216206613642,2.011563383203111,calm,,0
2025-06-13 00:00:00+00:00,0.0,1.0,0.08000000000000002,1.3825929516022484,0.008383216206613368,2.0111711141296773,calm,,0
2025-06-16 00:00:00+00:00,0.0,1.0,0.08000000000000002,2.4982462965047545,0.00838321620661323,2.027261800899124,calm,,0
2025-06-17 00:00:00+00:00,0.0,1.0,0.08000000000000002,1.9458204813927837,0.008383216206613161,2.0215831121033982,calm,,0
2025-06-18 00:00:00+00:00,0.0,1.0,0.08000000000000002,1.9791213333973718,0.008383216206613127,2.0234662815053017,calm,,0
2025-06-20 00:00:00+00:00,2.0,0.0,0.0,2.3598320293307977,0.00838321620661311,2.0308236078710955,calm,profit_target,0
2025-06-23 00:00:00+00:00,-1.0,-1.0,0.25,2.2080369298200244,0.0083832162066131,2.0305939623586564,calm,,0
2025-06-24 00:00:00+00:00,0.0,-1.0,0.25,2.844243493280862,0.008383216206613097,2.043215984949981,calm,,0
2025-06-25 00:00:00+00:00,0.0,-1.0,0.25,2.671971425462803,0.008383216206613094,2.044039536302213,calm,,0
2025-06-26 00:00:00+00:00,0.0,-1.0,0.25,3.088158167939085,0.008383216206613094,2.0555186302728634,calm,,0
2025-06-27 00:00:00+00:00,0.0,-1.0,0.25,3.8416632206695303,0.008383216206613092,2.0763559451867977,calm,,0
2025-06-30 00:00:00+00:00,0.0,-1.0,0.25,3.362337367796925,0.008383216206613092,2.075811608098661,calm,,0
2025-07-01 00:00:00+00:00,0.0,0.0,0.0,2.990508323015377,0.008680451250166326,1.9703064884293902,normal,,0
2025-07-02 00:00:00+00:00,-1.0,-1.0,0.25,2.8203649294010034,0.008680451250166326,1.9722814058734865,calm,,0
2025-07-03 00:00:00+00:00,0.0,-1.0,0.25,2.6430714593970723,0.008680451250166326,1.9732798737822579,calm,,0
2025-07-07 00:00:00+00:00,0.0,-1.0,0.25,1.9787528629310753,0.008680451250166326,1.9594623633306743,calm,,0
2025-07-08 00:00:00+00:00,0.0,-1.0,0.25,1.7117212490333995,0.008680451250166326,1.9541701710443347,calm,,0
2025-07-09 00:00:00+00:00,0.0,-1.0,0.25,1.6858522220983962,0.008680451250166326,1.955431159129832,calm,,0
2025-07-10 00:00:00+00:00,0.0,-1.0,0.25,1.789974499948712,0.008680451250166326,1.9599435725953374,calm,,0
2025-07-11 00:00:00+00:00,0.0,-1.0,0.25,1.6708037229361679,0.008680451250166326,1.9584866228345756,calm,,0
2025-07-14 00:00:00+00:00,0.0,-1.0,0.25,1.7221291527059788,0.008680451250166326,1.9616848378647624,calm,,0
2025-07-15 00:00:00+00:00,0.0,-1.0,0.25,1.7308390982287643,0.008680451250166326,1.9635233102383962,calm,,0
2025-07-16 00:00:00+00:00,0.0,-1.0,0.25,2.40033109405575,0.008680451250166326,1.9849503447246093,calm,,0
2025-07-17 00:00:00+00:00,0.0,-1.0,0.25,1.823804611229345,0.008680451250166326,1.9717193649716034,calm,,0
2025-07-18 00:00:00+00:00,0.0,-1.0,0.25,1.756113469080387,0.008680451250166326,1.9721254655789462,calm,,0
2025-07-21 00:00:00+00:00,0.0,-1.0,0.25,1.7036650601628112,0.008680451250166326,1.9727787189872545,calm,,0
2025-07-22 00:00:00+00:00,0.0,-1.0,0.25,1.5967156573947017,0.008680451250166326,1.9716662684805781,calm,,0
2025-07-23 00:00:00+00:00,0.0,-1.0,0.25,1.7506326806198609,0.008680451250166326,1.9786583826197406,calm,,0
2025-07-24 00:00:00+00:00,0.0,-1.0,0.25,1.7034024277639455,0.008680451250166326,1.9795758503742498,calm,,0
2025-07-25 00:00:00+00:00,0.0,-1.0,0.25,1.9244658773517924,0.008680451250166326,1.9893324994894703,calm,,0
2025-07-28 00:00:00+00:00,0.0,-1.0,0.25,1.7520197478875486,0.008680451250166326,1.9865182275644306,calm,,0
2025-07-29 00:00:00+00:00,0.0,-1.0,0.25,1.7916650673381513,0.008680451250166326,1.9905537460066913,calm,,0
2025-07-30 00:00:00+00:00,0.0,-1.0,0.25,1.4279053485341948,0.008680451250166326,1.9803958065293878,calm,,0
2025-07-31 00:00:00+00:00,0.0,-1.0,0.25,1.567847763736472,0.008680451250166326,1.9873377562373795,calm,,0
2025-08-01 00:00:00+00:00,0.0,-1.0,0.25,1.4795270818485866,0.008680451250166326,1.986257935576151,calm,,0
2025-08-04 00:00:00+00:00,0.0,-1.0,0.25,1.775201726306347,0.008680451250166326,1.9986128840696384,calm,,0
2025-08-05 00:00:00+00:00,0.0,-1.0,0.25,1.6698506941953224,0.008680451250166326,1.9971844017995926,calm,,0
2025-08-06 00:00:00+00:00,0.0,-1.0,0.25,1.6942111387708494,0.008680451250166326,2.0002515140125867,calm,,0
2025-08-07 00:00:00+00:00,0.0,-1.0,0.25,1.455168298220678,0.008680451250166326,1.9937342632689985,calm,,0
2025-08-08 00:00:00+00:00,0.0,-1.0,0.25,0.9978381810593042,0.008680451250166326,1.9786168227501593,calm,,0
2025-08-11 00:00:00+00:00,0.0,-1.0,0.25,0.7418245014137801,0.008680451250166326,1.9703663717011768,calm,,0
2025-08-12 00:00:00+00:00,0.0,-1.0,0.25,1.0425392702501537,0.008680451250166326,1.9822791780666957,calm,,0
2025-08-13 00:00:00+00:00,0.0,-1.0,0.25,1.0438071142142094,0.008680451250166326,1.9834817597745475,calm,,0
2025-08-14 00:00:00+00:00,0.0,-1.0,0.25,0.9343653440915253,0.008680451250166326,1.9807525759146554,calm,,0
2025-08-15 00:00:00+00:00,0.0,-1.0,0.25,0.9853702217694866,0.008680451250166326,1.98365696030704,calm,,0
2025-08-18 00:00:00+00:00,0.0,-1.0,0.25,0.8967325093829147,0.008680451250166326,1.9816256097801332,calm,,0
2025-08-19 00:00:00+00:00,0.0,-1.0,0.25,0.47745046637209737,0.008680451250166326,1.9679385430555385,calm,,0
2025-08-20 00:00:00+00:00,0.0,-1.0,0.25,0.4967123764519365,0.008680451250166326,1.969405181631525,calm,,0
2025-08-21 00:00:00+00:00,0.0,-1.0,0.25,0.3578866098282745,0.008680451250166326,1.965452306788709,calm,,0
2025-08-22 00:00:00+00:00,0.0,-1.0,0.25,0.6576790083539112,0.008680451250166326,1.9763736214336776,calm,,0
2025-08-25 00:00:00+00:00,0.0,-1.0,0.25,0.6031202157681615,0.008680451250166326,1.9753887000444212,calm,,0
2025-08-26 00:00:00+00:00,0.0,-1.0,0.25,0.7384160396470801,0.008680451250166326,1.9807017912050995,calm,,0
2025-08-27 00:00:00+00:00,0.0,-1.0,0.25,0.5990879458594073,0.008680451250166326,1.9770192262533186,calm,,0
2025-08-28 00:00:00+00:00,0.0,-1.0,0.25,0.5184845656845344,0.008680451250166326,1.9752749896334043,calm,,0
2025-08-29 00:00:00+00:00,0.0,-1.0,0.25,0.1762070732605277,0.008680451250166326,1.9656790834511915,calm,,0
2025-09-02 00:00:00+00:00,0.0,-1.0,0.25,-0.13263293246869018,0.008680451250166326,1.9576534790786404,calm,,0
2025-09-03 00:00:00+00:00,0.0,-1.0,0.25,-0.19846865976501935,0.008680451250166326,1.9572501617608333,calm,,0
2025-09-04 00:00:00+00:00,0.0,-1.0,0.25,0.1285047612246888,0.008680451250166326,1.9670748543407868,calm,,0
2025-09-05 00:00:00+00:00,0.0,-1.0,0.25,0.19252922337339798,0.008680451250166326,1.969636418362283,calm,,0
2025-09-08 00:00:00+00:00,0.0,-1.0,0.25,0.19768341210695442,0.008680451250166326,1.97064177428366,calm,,0
2025-09-09 00:00:00+00:00,0.0,-1.0,0.25,0.5523048159804923,0.008680451250166326,1.9789121210022316,calm,,0
2025-09-10 00:00:00+00:00,0.0,-1.0,0.25,0.412121503410671,0.008680451250166326,1.9765390046712286,calm,,0
2025-09-11 00:00:00+00:00,0.0,-1.0,0.25,0.5966473751250302,0.008680451250166326,1.9804135771218085,calm,,0
2025-09-12 00:00:00+00:00,0.0,-1.0,0.25,0.1391841368963957,0.008680451250166326,1.9728004784777236,calm,,0
2025-09-15 00:00:00+00:00,0.0,-1.0,0.25,0.676623851027557,0.008680451250166326,1.9822113533530281,calm,,0
2025-09-16 00:00:00+00:00,0.0,-1.0,0.25,1.0267833826769208,0.008680451250166326,1.987550307162862,calm,,0
2025-09-17 00:00:00+00:00,0.0,-1.0,0.25,1.3191753745876462,0.008680451250166326,1.9915607939104856,calm,,0
2025-09-18 00:00:00+00:00,0.0,-1.0,0.25,1.0506765196634225,0.008680451250166326,1.9877195753479766,calm,,0
2025-09-19 00:00:00+00:00,0.0,-1.0,0.25,0.9393165352189409,0.008680451250166326,1.9864536081484871,calm,,0
2025-09-22 00:00:00+00:00,0.0,-1.0,0.25,0.49930319964364944,0.008680451250166326,1.9814964365663972,calm,,0
2025-09-23 00:00:00+00:00,0.0,-1.0,0.25,0.4766853643196678,0.008680451250166326,1.981532509784783,calm,,0
2025-09-24 00:00:00+00:00,0.0,-1.0,0.25,0.42373597292815013,0.008680451250166326,1.9810951273234787,calm,,0
2025-09-25 00:00:00+00:00,0.0,-1.0,0.25,0.260762272952384,0.008680451250166326,1.9794463139729563,calm,,0
2025-09-26 00:00:00+00:00,0.0,-1.0,0.25,0.591545592305065,0.008680451250166326,1.9832202593693626,calm,,0
2025-09-29 00:00:00+00:00,0.0,-1.0,0.25,-0.1342225280449409,0.008680451250166326,1.9754399617857485,calm,,0
2025-09-30 00:00:00+00:00,2.0,0.0,0.0,-0.188436141442112,0.008680451250166326,1.9748820938872207,calm,mean_reversion,0
2025-10-01 00:00:00+00:00,0.0,0.0,0.0,-0.11941343235109418,0.008370819749149805,1.8060772781158079,normal,,0
2025-10-02 00:00:00+00:00,0.0,0.0,0.0,0.10740690572137934,0.008370819749149805,1.8087981942467897,calm,,0
2025-10-03 00:00:00+00:00,0.0,0.0,0.0,0.21101757510153216,0.008370819749149805,1.8101513410868346,calm,,0
2025-10-06 00:00:00+00:00,0.0,0.0,0.0,0.6509263723514215,0.008370819749149805,1.8146815639421892,calm,,0
2025-10-07 00:00:00+00:00,0.0,0.0,0.0,0.9307120925415808,0.008370819749149805,1.8175500155528708,calm,,0
2025-10-08 00:00:00+00:00,0.0,0.0,0.0,-0.36785588746422343,0.008370819749149805,1.805795128767901,calm,,0
2025-10-09 00:00:00+00:00,0.0,0.0,0.0,-0.6884381289555055,0.008370819749149805,1.8031271544960221,calm,,0
2025-10-10 00:00:00+00:00,0.0,0.0,0.0,0.3862273543320929,0.008370819749149805,1.8126370063137234,calm,,0
2025-10-13 00:00:00+00:00,0.0,0.0,0.0,1.9458092629030646,0.008370819749149805,1.8268671433992196,calm,,0
2025-10-14 00:00:00+00:00,0.0,0.0,0.0,-1.8944748583763151,0.03697590194297372,1.7920935665037243,elevated,,1
2025-10-15 00:00:00+00:00,0.0,0.0,0.0,-6.272328356560623,0.051325946819691236,1.7496659715719636,crisis,,1
2025-10-16 00:00:00+00:00,1.0,1.0,0.13124999999999998,-4.616823591545415,0.029919717842526394,1.752001186500535,elevated,,0
2025-10-17 00:00:00+00:00,0.0,1.0,0.13124999999999998,-3.874318680177679,0.01918105453849544,1.752349828401024,elevated,,0
2025-10-20 00:00:00+00:00,0.0,1.0,0.13124999999999998,-4.027909195347343,0.01379388944368318,1.7424361167920814,normal,,0
2025-10-21 00:00:00+00:00,0.0,1.0,0.13124999999999998,-2.5767836528611436,0.011091360559304268,1.7593166407116012,normal,,0
2025-10-22 00:00:00+00:00,0.0,1.0,0.13124999999999998,-3.15786506993527,0.00973560809165934,1.745185683760048,normal,,0
2025-10-23 00:00:00+00:00,0.0,1.0,0.13124999999999998,-2.9510858243377665,0.009055480391951988,1.7437903513554005,normal,,0
2025-10-24 00:00:00+00:00,0.0,1.0,0.13124999999999998,-1.749868235077355,0.008714287070200008,1.764387335373816,calm,,0
2025-10-27 00:00:00+00:00,0.0,1.0,0.13124999999999998,-1.978059118402208,0.008543123797687744,1.75775139857695,calm,,0
2025-10-28 00:00:00+00:00,0.0,1.0,0.13124999999999998,-1.4386151910630123,0.008457257914655002,1.7677131735584632,calm,,0
2025-10-29 00:00:00+00:00,0.0,1.0,0.13124999999999998,-1.6861627431972068,0.008414182377708464,1.7610693751685549,calm,,0
2025-10-30 00:00:00+00:00,0.0,1.0,0.13124999999999998,-1.3558035427735293,0.008392573074715273,1.76713286286191,calm,,0
2025-10-31 00:00:00+00:00,0.0,1.0,0.13124999999999998,-1.2281835240748695,0.008381732537163037,1.7690786916099794,calm,,0
2025-11-03 00:00:00+00:00,0.0,1.0,0.13124999999999998,-1.3186384562668512,0.008376294265763981,1.7661552332491155,calm,,0
2025-11-04 00:00:00+00:00,0.0,1.0,0.13124999999999998,-1.2472715717837761,0.008373566098856457,1.766728378235059,calm,,0
2025-11-05 00:00:00+00:00,0.0,1.0,0.13124999999999998,-1.2899640452872907,0.008372197484800784,1.764823254002633,calm,,0
2025-11-06 00:00:00+00:00,0.0,1.0,0.13124999999999998,-0.9325817138380122,0.008371510904948129,1.7720771552445926,calm,,0
2025-11-07 00:00:00+00:00,0.0,1.0,0.13124999999999998,-0.7441828934192855,0.008371166474834966,1.7757454573705767,calm,,0
2025-11-10 00:00:00+00:00,0.0,1.0,0.13124999999999998,-0.9877919650143494,0.008370993687791485,1.7695170462015248,calm,,0
2025-11-11 00:00:00+00:00,0.0,1.0,0.13124999999999998,-0.5043111190802381,0.00837090700732641,1.7799887467589688,calm,,0
2025-11-12 00:00:00+00:00,0.0,1.0,0.13124999999999998,0.19423380128500703,0.008370863523145687,1.7956415693090308,calm,,0
2025-11-13 00:00:00+00:00,0.0,1.0,0.13124999999999998,-0.41788536017244815,0.00837084170884218,1.7814554576014299,calm,,0
2025-11-14 00:00:00+00:00,0.0,1.0,0.13124999999999998,-0.7028064134157948,0.008370830765463931,1.7745615772984848,calm,,0
2025-11-17 00:00:00+00:00,0.0,1.0,0.13124999999999998,-0.5394116537877288,0.0083708252756014,1.7779243021650766,calm,,0
2025-11-18 00:00:00+00:00,0.0,1.0,0.13124999999999998,-0.4809930932181013,0.008370822521553248,1.7788221023893742,calm,,0
2025-11-19 00:00:00+00:00,0.0,1.0,0.13124999999999998,-0.5846845864008032,0.008370821139955591,1.7760066572252855,calm,,0
2025-11-20 00:00:00+00:00,0.0,1.0,0.13124999999999998,-0.332288216890528,0.008370820446862376,1.7812897972959476,calm,,0
2025-11-21 00:00:00+00:00,0.0,1.0,0.13124999999999998,-0.04138675966807819,0.008370820099164764,1.7875521454164263,calm,,0
2025-11-24 00:00:00+00:00,0.0,1.0,0.13124999999999998,-0.3902543887563112,0.008370819924738546,1.7793226725921336,calm,,0
2025-11-25 00:00:00+00:00,0.0,1.0,0.13124999999999998,-0.4458872859284798,0.008370819837235772,1.7777862541003993,calm,,0
2025-11-26 00:00:00+00:00,0.0,1.0,0.13124999999999998,-0.365569646684367,0.00837081979333907,1.7794362034062026,calm,,0
2025-11-28 00:00:00+00:00,0.0,1.0,0.13124999999999998,-0.1988514559714015,0.008370819771317822,1.783105489072419,calm,,0
2025-12-01 00:00:00+00:00,0.0,1.0,0.13124999999999998,-0.576670190194997,0.008370819760270628,1.7742642334741596,calm,,0
2025-12-02 00:00:00+00:00,0.0,1.0,0.13124999999999998,-0.6355647400036423,0.008370819754728684,1.7724934386791071,calm,,0
2025-12-03 00:00:00+00:00,0.0,1.0,0.13124999999999998,-0.6865111060198341,0.008370819751948508,1.7708592068719238,calm,,0
2025-12-04 00:00:00+00:00,0.0,1.0,0.13124999999999998,-0.8492165046550714,0.008370819750553805,1.7666005245035175,calm,,0
2025-12-05 00:00:00+00:00,0.0,1.0,0.13124999999999998,-0.315021491451125,0.008370819749854135,1.778106573990378,calm,,0
2025-12-08 00:00:00+00:00,0.0,1.0,0.13124999999999998,0.2330874700143563,0.00837081974950314,1.7900117399742568,calm,,0
2025-12-09 00:00:00+00:00,0.0,1.0,0.13124999999999998,0.2628126765814168,0.008370819749327059,1.7904746751074159,calm,,0
2025-12-10 00:00:00+00:00,0.0,1.0,0.13124999999999998,0.7122120532782614,0.008370819749238726,1.800059310133002,calm,,0
2025-12-11 00:00:00+00:00,0.0,1.0,0.13124999999999998,1.7595017429340627,0.008370819749194413,1.8225410005010048,calm,,0
2025-12-12 00:00:00+00:00,0.0,1.0,0.13124999999999998,1.049300662965547,0.008370819749172182,1.8071142127020572,calm,,0
2025-12-15 00:00:00+00:00,0.0,1.0,0.13124999999999998,1.2258169544927102,0.008370819749161032,1.8106513755372076,calm,,0
2025-12-16 00:00:00+00:00,0.0,1.0,0.13124999999999998,1.0194752847378943,0.008370819749155437,1.8060135180358063,calm,,0
2025-12-17 00:00:00+00:00,0.0,1.0,0.13124999999999998,1.1198631463753508,0.00837081974915263,1.8080932102604788,calm,,0
2025-12-18 00:00:00+00:00,0.0,1.0,0.13124999999999998,1.8361280596936986,0.008370819749151222,1.823602078015333,calm,,0
2025-12-19 00:00:00+00:00,0.0,1.0,0.13124999999999998,1.4638651196644672,0.008370819749150516,1.8163101822868981,calm,,0
2025-12-22 00:00:00+00:00,0.0,1.0,0.13124999999999998,0.9823160280656598,0.008370819749150162,1.8060321770193637,calm,,0
2025-12-23 00:00:00+00:00,0.0,1.0,0.13124999999999998,1.3333020654685546,0.008370819749149983,1.8136507452676147,calm,,0
2025-12-24 00:00:00+00:00,0.0,1.0,0.13124999999999998,1.3194925470296237,0.008370819749149895,1.813794771929258,calm,,0
2025-12-26 00:00:00+00:00,0.0,1.0,0.13124999999999998,1.1755632638127553,0.00837081974914985,1.8110035966320268,calm,,0
2025-12-29 00:00:00+00:00,0.0,1.0,0.13124999999999998,0.7257371494389289,0.008370819749149827,1.800997521264339,calm,,0
2025-12-30 00:00:00+00:00,0.0,1.0,0.13124999999999998,0.5476381776283153,0.008370819749149817,1.7967666282911,calm,,0
2025-12-31 00:00:00+00:00,0.0,1.0,0.13124999999999998,0.793746677532203,0.00837081974914981,1.8019370314085021,calm,,0
2026-01-02 00:00:00+00:00,0.0,0.0,0.0,1.417299936252155,0.008623564085554961,1.6834840765156267,normal,,0
2026-01-05 00:00:00+00:00,-1.0,-1.0,0.25,2.0101220342214545,0.008623564085554961,1.6959682986160276,calm,,0
2026-01-06 00:00:00+00:00,0.0,-1.0,0.25,1.8826335988976743,0.008623564085554961,1.6945042617622335,calm,,0
2026-01-07 00:00:00+00:00,0.0,-1.0,0.25,1.8671707894855145,0.008623564085554961,1.6954235286738957,calm,,0
2026-01-08 00:00:00+00:00,0.0,-1.0,0.25,1.3620167493749373,0.008623564085554961,1.6846766173441416,calm,,0
2026-01-09 00:00:00+00:00,0.0,-1.0,0.25,1.4766356492372164,0.008623564085554961,1.6865350507422754,calm,,0
2026-01-12 00:00:00+00:00,0.0,-1.0,0.25,1.8141604348061766,0.008623564085554961,1.6951840873894746,calm,,0
2026-01-13 00:00:00+00:00,0.0,-1.0,0.25,2.1202280506765834,0.008623564085554961,1.703758429312039,calm,,0
2026-01-14 00:00:00+00:00,0.0,-1.0,0.25,1.9596527317621573,0.008623564085554961,1.7022704164446667,calm,,0
2026-01-15 00:00:00+00:00,0.0,-1.0,0.25,1.728663910103148,0.008623564085554961,1.6987246132712865,calm,,0
2026-01-16 00:00:00+00:00,0.0,-1.0,0.25,1.5710544271274702,0.008623564085554961,1.696133467058167,calm,,0
2026-01-20 00:00:00+00:00,0.0,-1.0,0.25,2.2446378059955614,0.008623564085554961,1.7133966426765381,calm,,0
2026-01-21 00:00:00+00:00,0.0,-1.0,0.25,2.301551317607889,0.008623564085554961,1.7169052884572071,calm,,0
2026-01-22 00:00:00+00:00,0.0,-1.0,0.25,2.368637595175695,0.008623564085554961,1.7206644837502605,calm,,0
2026-01-23 00:00:00+00:00,0.0,-1.0,0.25,1.62457862990223,0.008623564085554961,1.7054676626046916,calm,,0
2026-01-26 00:00:00+00:00,0.0,-1.0,0.25,1.5129425240933587,0.008623564085554961,1.7040348464105994,calm,,0
2026-01-27 00:00:00+00:00,0.0,-1.0,0.25,1.1134645774493956,0.008623564085554961,1.6954038491316874,calm,,0
2026-01-28 00:00:00+00:00,0.0,-1.0,0.25,1.4621355058781302,0.008623564085554961,1.7048725662363822,calm,,0
2026-01-29 00:00:00+00:00,0.0,-1.0,0.25,1.5325795705715,0.008623564085554961,1.7078646991256399,calm,,0
2026-01-30 00:00:00+00:00,0.0,-1.0,0.25,1.225003300105669,0.008623564085554961,1.701539840240346,calm,,0
2026-02-02 00:00:00+00:00,0.0,-1.0,0.25,1.1671338113047764,0.008623564085554961,1.701040419141413,calm,,0
2026-02-03 00:00:00+00:00,0.0,-1.0,0.25,1.341587748233086,0.008623564085554961,1.706218207557324,calm,,0
2026-02-04 00:00:00+00:00,0.0,-1.0,0.25,0.6341495333795151,0.008623564085554961,1.68985265562584,calm,,0
2026-02-05 00:00:00+00:00,0.0,-1.0,0.25,0.5968805265245603,0.008623564085554961,1.6895638271700468,calm,,0
2026-02-06 00:00:00+00:00,0.0,-1.0,0.25,1.6243055626076126,0.008623564085554961,1.7147481595300356,calm,,0
2026-02-09 00:00:00+00:00,0.0,-1.0,0.25,1.4542024060583656,0.008623564085554961,1.7119597237156965,calm,,0
2026-02-10 00:00:00+00:00,0.0,-1.0,0.25,2.622245794470067,0.008623564085554961,1.741312829161794,calm,,0
2026-02-11 00:00:00+00:00,0.0,-1.0,0.25,2.681616059175125,0.008623564085554961,1.7474215373374289,calm,,0
2026-02-12 00:00:00+00:00,0.0,-1.0,0.25,2.5821119131850305,0.008623564085554961,1.7495730560113687,calm,,0
2026-02-13 00:00:00+00:00,0.0,-1.0,0.25,1.8492129099392411,0.008623564085554961,1.733706612882492,calm,,0
2026-02-17 00:00:00+00:00,0.0,-1.0,0.25,2.0925304068646766,0.008623564085554961,1.7426281218885578,calm,,0
