ts_event,signal,position,position_size,z_score,lambda,spread,regime,signal_exit_reason,jump
2020-07-01 00:00:00+00:00,0.0,0.0,0.0,-0.7271029460326303,1e-06,2.974878551900817,normal,,0
2020-07-02 00:00:00+00:00,0.0,0.0,0.0,-0.6009859253217195,1e-06,2.978620392287535,normal,,0
2020-07-06 00:00:00+00:00,0.0,0.0,0.0,-0.6865107409166529,1e-06,2.9759824622541413,normal,,0
2020-07-07 00:00:00+00:00,0.0,0.0,0.0,-0.9949173622246402,1e-06,2.9679689112657637,normal,,0
2020-07-08 00:00:00+00:00,1.0,1.0,0.13332154679901906,-1.5998585615882288,1e-06,2.953047786447239,normal,,0
2020-07-09 00:00:00+00:00,0.0,1.0,0.13332154679901906,-1.3673784879608306,1e-06,2.9578400786622367,normal,,0
2020-07-10 00:00:00+00:00,0.0,1.0,0.13332154679901906,-1.303877050056319,1e-06,2.959209565898826,normal,,0
2020-07-13 00:00:00+00:00,0.0,1.0,0.13332154679901906,-0.38513024183029554,1e-06,2.979369582956321,normal,,0
2020-07-14 00:00:00+00:00,0.0,1.0,0.13332154679901906,-1.195548607233359,1e-06,2.962481635466971,normal,,0
2020-07-15 00:00:00+00:00,0.0,1.0,0.13332154679901906,-1.2114805642053343,1e-06,2.9622390350274808,normal,,0
2020-07-16 00:00:00+00:00,0.0,1.0,0.13332154679901906,-1.1768031721256689,1e-06,2.9626140162033834,normal,,0
2020-07-17 00:00:00+00:00,0.0,1.0,0.13332154679901906,-1.8934527209829977,1e-06,2.949954082367778,normal,,0
2020-07-20 00:00:00+00:00,0.0,1.0,0.13332154679901906,-2.4121716563827973,1e-06,2.9397252790870567,normal,,0
2020-07-21 00:00:00+00:00,0.0,1.0,0.13332154679901906,-2.2432865118750898,1e-06,2.9402278602992493,normal,,0
2020-07-22 00:00:00+00:00,0.0,1.0,0.13332154679901906,-1.793409620431302,1e-06,2.9463030871873968,normal,,0
2020-07-23 00:00:00+00:00,2.0,0.0,0.0,-0.5618702755245543,1e-06,2.9684970364835075,normal,mean_reversion,0
2020-07-24 00:00:00+00:00,0.0,0.0,0.0,-0.7475778760986244,1e-06,2.9646393596725424,normal,,0
2020-07-27 00:00:00+00:00,0.0,0.0,0.0,-1.1323016200229996,1e-06,2.9568196285729758,normal,,0
2020-07-28 00:00:00+00:00,0.0,0.0,0.0,-0.5551738615280545,1e-06,2.96727593559393,normal,,0
2020-07-29 00:00:00+00:00,0.0,0.0,0.0,0.0565022573671947,1e-06,2.9788266123476683,normal,,0
2020-07-30 00:00:00+00:00,0.0,0.0,0.0,0.7383079346807843,1e-06,2.9920725698679895,normal,,0
2020-07-31 00:00:00+00:00,0.0,0.0,0.0,0.21281211727258426,1e-06,2.982369105412662,normal,,0
2020-08-03 00:00:00+00:00,0.0,0.0,0.0,0.7370044615321557,1e-06,2.9926687387378266,normal,,0
2020-08-04 00:00:00+00:00,0.0,0.0,0.0,0.5042393618686929,1e-06,2.9886094024907055,normal,,0
2020-08-05 00:00:00+00:00,0.0,0.0,0.0,0.7262218449477171,1e-06,2.9932874741948625,normal,,0
2020-08-06 00:00:00+00:00,-1.0,-1.0,0.14198379036195913,1.7038054843435095,1e-06,3.0126058017599133,normal,,0
2020-08-07 00:00:00+00:00,0.0,-1.0,0.14198379036195913,1.8436761746288108,1e-06,3.016715061014128,normal,,0
2020-08-10 00:00:00+00:00,0.0,-1.0,0.14198379036195913,1.745963410147486,1e-06,3.0163625342277816,normal,,0
2020-08-11 00:00:00+00:00,0.0,-1.0,0.14198379036195913,1.2156320471228779,1e-06,3.0068525096326697,normal,,0
2020-08-12 00:00:00+00:00,0.0,-1.0,0.14198379036195913,1.2364980057316501,1e-06,3.008100086363163,normal,,0
2020-08-13 00:00:00+00:00,0.0,-1.0,0.14198379036195913,1.1132170927736695,1e-06,3.0063903848117097,normal,,0
2020-08-14 00:00:00+00:00,0.0,-1.0,0.14198379036195913,0.8198066500487587,1e-06,3.0009921898027208,normal,,0
2020-08-17 00:00:00+00:00,0.0,-1.0,0.14198379036195913,0.2482811511068846,1e-06,2.989840995626054,normal,,0
2020-08-18 00:00:00+00:00,0.0,-1.0,0.14198379036195913,1.014815381663515,1e-06,3.0058193432434104,normal,,0
2020-08-19 00:00:00+00:00,2.0,0.0,0.0,0.18411757149847194,1e-06,2.9895741594043934,normal,mean_reversion,0
2020-08-20 00:00:00+00:00,0.0,0.0,0.0,0.14660594047642708,1e-06,2.9889598352111184,normal,,0
2020-08-21 00:00:00+00:00,0.0,0.0,0.0,0.5134123959062031,1e-06,2.996424409445226,normal,,0
2020-08-24 00:00:00+00:00,0.0,0.0,0.0,0.36135020290089176,1e-06,2.99351924400882,normal,,0
2020-08-25 00:00:00+00:00,0.0,0.0,0.0,0.4058686561533443,1e-06,2.994560583898949,normal,,0
2020-08-26 00:00:00+00:00,0.0,0.0,0.0,0.20163946296893628,1e-06,2.9907237315043176,normal,,0
2020-08-27 00:00:00+00:00,0.0,0.0,0.0,0.34888442896594085,1e-06,2.993768694237554,normal,,0
2020-08-28 00:00:00+00:00,0.0,0.0,0.0,0.3502637169281167,1e-06,2.993771145942744,normal,,0
2020-08-31 00:00:00+00:00,0.0,0.0,0.0,0.22326978579563583,1e-06,2.9910841400826444,normal,,0
2020-09-01 00:00:00+00:00,0.0,0.0,0.0,0.7419126997280419,1e-06,3.0016147929989523,normal,,0
2020-09-02 00:00:00+00:00,0.0,0.0,0.0,0.012302827268951037,1e-06,2.986835959517914,normal,,0
2020-09-03 00:00:00+00:00,0.0,0.0,0.0,0.08400975515836621,1e-06,2.9881151700810475,normal,,0
2020-09-04 00:00:00+00:00,0.0,0.0,0.0,0.47670368310359784,1e-06,2.996073966525351,normal,,0
2020-09-08 00:00:00+00:00,0.0,0.0,0.0,0.5334863419399258,1e-06,2.9969094810013237,normal,,0
2020-09-09 00:00:00+00:00,0.0,0.0,0.0,-0.30774419588814317,1e-06,2.979746051172582,normal,,0
2020-09-10 00:00:00+00:00,0.0,0.0,0.0,0.07108835444689217,1e-06,2.986959713319303,normal,,0
2020-09-11 00:00:00+00:00,0.0,0.0,0.0,0.4469935567122633,1e-06,2.993819688291175,normal,,0
2020-09-14 00:00:00+00:00,0.0,0.0,0.0,-0.3603165951234499,1e-06,2.977903714409832,normal,,0
2020-09-15 00:00:00+00:00,0.0,0.0,0.0,-0.4662320205526475,1e-06,2.975447729548321,normal,,0
2020-09-16 00:00:00+00:00,0.0,0.0,0.0,-0.38425779826915984,1e-06,2.9765144781838577,normal,,0
2020-09-17 00:00:00+00:00,0.0,0.0,0.0,0.17796715437043853,1e-06,2.9866253164548553,normal,,0
2020-09-18 00:00:00+00:00,0.0,0.0,0.0,0.6076766178335762,1e-06,2.994443287049348,normal,,0
2020-09-21 00:00:00+00:00,0.0,0.0,0.0,0.7874523568669235,1e-06,2.9976315509562323,normal,,0
2020-09-22 00:00:00+00:00,0.0,0.0,0.0,0.52587942992115,1e-06,2.9929370619047693,normal,,0
2020-09-23 00:00:00+00:00,0.0,0.0,0.0,1.2486291041030186,1e-06,3.0061349081342073,normal,,0
2020-09-24 00:00:00+00:00,0.0,0.0,0.0,0.34463461062544376,1e-06,2.9898564453701804,normal,,0
2020-09-25 00:00:00+00:00,0.0,0.0,0.0,0.42741505794199186,1e-06,2.9915899752505286,normal,,0
2020-09-28 00:00:00+00:00,0.0,0.0,0.0,0.5946442210133405,1e-06,2.994968952287472,normal,,0
2020-09-29 00:00:00+00:00,0.0,0.0,0.0,0.5986819467117025,1e-06,2.9953407230183897,normal,,0
2020-09-30 00:00:00+00:00,0.0,0.0,0.0,0.5682397447349354,1e-06,2.9951100445728227,normal,,0
2020-10-01 00:00:00+00:00,0.0,0.0,0.0,0.577743267243978,1e-06,2.9825210756663973,normal,,0
2020-10-02 00:00:00+00:00,0.0,0.0,0.0,1.1597641314477263,1e-06,2.9935155842217256,normal,,0
2020-10-05 00:00:00+00:00,0.0,0.0,0.0,0.7498868949084188,1e-06,2.986779830861541,normal,,0
2020-10-06 00:00:00+00:00,0.0,0.0,0.0,1.046769339266096,1e-06,2.992488891852856,normal,,0
2020-10-07 00:00:00+00:00,0.0,0.0,0.0,1.0237646433351841,1e-06,2.992649520563731,normal,,0
2020-10-08 00:00:00+00:00,0.0,0.0,0.0,0.7470228080504541,1e-06,2.9883321679589234,normal,,0
2020-10-09 00:00:00+00:00,0.0,0.0,0.0,0.06973448620102465,1e-06,2.977024050659879,normal,,0
2020-10-12 00:00:00+00:00,0.0,0.0,0.0,0.08249443959100973,1e-06,2.97767286366792,normal,,0
2020-10-13 00:00:00+00:00,0.0,0.0,0.0,-0.561275249139488,1e-06,2.9678328880476648,normal,,0
2020-10-14 00:00:00+00:00,0.0,0.0,0.0,-1.1173502270509847,1e-06,2.960998780050221,normal,,0
2020-10-15 00:00:00+00:00,0.0,0.0,0.0,-0.4294834076286866,1e-06,2.972395081455641,normal,,0
2020-10-16 00:00:00+00:00,0.0,0.0,0.0,-0.18239660458183088,1e-06,2.9766336764249943,normal,,0
2020-10-19 00:00:00+00:00,0.0,0.0,0.0,0.5185604022858268,1e-06,2.985319147223455,normal,,0
2020-10-20 00:00:00+00:00,0.0,0.0,0.0,0.5877771311727353,1e-06,2.986373055187882,normal,,0
2020-10-21 00:00:00+00:00,0.0,0.0,0.0,0.8000029459624372,1e-06,2.988640743555256,normal,,0
2020-10-22 00:00:00+00:00,0.0,0.0,0.0,0.9673590186387259,1e-06,2.9903777605408757,normal,,0
2020-10-23 00:00:00+00:00,0.0,0.0,0.0,1.20042087474076,1e-06,2.992857603835961,normal,,0
2020-10-26 00:00:00+00:00,-1.0,-1.0,0.1777881272310363,2.1334575267724354,1e-06,3.0021565136016846,normal,,0
2020-10-27 00:00:00+00:00,0.0,-1.0,0.1777881272310363,1.3147523027202428,1e-06,2.995140179200489,normal,,0
2020-10-28 00:00:00+00:00,0.0,-1.0,0.1777881272310363,3.4418430407200598,1e-06,3.0166775863780435,normal,,0
2020-10-29 00:00:00+00:00,0.0,-1.0,0.1777881272310363,2.0233367884167466,1e-06,3.0050887112155764,normal,,0
2020-10-30 00:00:00+00:00,0.0,-1.0,0.1777881272310363,1.6717166718777907,1e-06,3.0022983062693953,normal,,0
2020-11-02 00:00:00+00:00,0.0,-1.0,0.1777881272310363,0.8166900609400178,1e-06,2.9928767799677343,normal,,0
2020-11-03 00:00:00+00:00,0.0,-1.0,0.1777881272310363,0.2995483144113002,1e-06,2.986819516426612,normal,,0
2020-11-04 00:00:00+00:00,0.0,-1.0,0.1777881272310363,1.4989871865756457,1e-06,2.9993094855737947,normal,,0
2020-11-05 00:00:00+00:00,2.0,0.0,0.0,-0.15042818055961657,1e-06,2.9817143882199546,normal,mean_reversion,0
2020-11-06 00:00:00+00:00,0.0,0.0,0.0,-0.09757291912098595,1e-06,2.982074527873478,normal,,0
2020-11-09 00:00:00+00:00,0.0,0.0,0.0,-0.4002558285323501,1e-06,2.978677228752979,normal,,0
2020-11-10 00:00:00+00:00,0.0,0.0,0.0,1.3021322066667047,1e-06,2.996622380776521,normal,,0
2020-11-11 00:00:00+00:00,0.0,0.0,0.0,1.5776805834781056,1e-06,3.000068546877886,normal,,0
2020-11-12 00:00:00+00:00,0.0,0.0,0.0,1.4848203300295986,1e-06,2.999426521807522,normal,,0
2020-11-13 00:00:00+00:00,0.0,0.0,0.0,1.4010970285830073,1e-06,2.9991207820966044,normal,,0
2020-11-16 00:00:00+00:00,0.0,0.0,0.0,1.618533176342554,1e-06,3.002123262386412,normal,,0
2020-11-17 00:00:00+00:00,-1.0,-1.0,0.19717909469080605,2.3661491362896725,1e-06,3.011371427291835,normal,,0
2020-11-18 00:00:00+00:00,0.0,-1.0,0.19717909469080605,3.297102551129543,1e-06,3.024200912117725,normal,,0
2020-11-19 00:00:00+00:00,0.0,-1.0,0.19717909469080605,3.095008977519104,1e-06,3.025675894134883,normal,,0
2020-11-20 00:00:00+00:00,0.0,-1.0,0.19717909469080605,2.6591022409020324,1e-06,3.023353974817321,normal,,0
2020-11-23 00:00:00+00:00,0.0,-1.0,0.19717909469080605,3.029883437948793,1e-06,3.031568031959608,normal,,0
2020-11-24 00:00:00+00:00,0.0,-1.0,0.19717909469080605,2.8660357018298437,1e-06,3.033035678965898,normal,,0
2020-11-25 00:00:00+00:00,0.0,-1.0,0.19717909469080605,1.9386232812384936,1e-06,3.0212635304910163,normal,,0
2020-11-27 00:00:00+00:00,0.0,-1.0,0.19717909469080605,0.9788826224102625,1e-06,3.006266519345607,normal,,0
2020-11-30 00:00:00+00:00,2.0,0.0,0.0,0.1685531867636348,1e-06,2.992843720964325,normal,mean_reversion,0
2020-12-01 00:00:00+00:00,0.0,0.0,0.0,-0.06591528005836741,1e-06,2.9891052169985297,normal,,0
2020-12-02 00:00:00+00:00,0.0,0.0,0.0,0.5705869929611662,1e-06,3.000101439529167,normal,,0
2020-12-03 00:00:00+00:00,0.0,0.0,0.0,1.3409625277893138,1e-06,3.013587542993213,normal,,0
2020-12-04 00:00:00+00:00,0.0,0.0,0.0,1.4723165420506332,1e-06,3.0165568440043975,normal,,0
2020-12-07 00:00:00+00:00,0.0,0.0,0.0,0.9776515688902806,1e-06,3.0089569688827913,normal,,0
2020-12-08 00:00:00+00:00,0.0,0.0,0.0,1.3185403372685711,1e-06,3.0153937064470373,normal,,0
2020-12-09 00:00:00+00:00,0.0,0.0,0.0,1.1705305669764283,1e-06,3.0135034265101415,normal,,0
2020-12-10 00:00:00+00:00,0.0,0.0,0.0,1.3146092235571358,1e-06,3.0164242573223192,normal,,0
2020-12-11 00:00:00+00:00,0.0,0.0,0.0,1.5645276612939858,1e-06,3.0211052124867726,normal,,0
2020-12-14 00:00:00+00:00,0.0,0.0,0.0,1.822819662128638,1e-06,3.026331392365434,normal,,0
2020-12-15 00:00:00+00:00,0.0,0.0,0.0,1.5062797923388904,1e-06,3.0223190666204065,normal,,0
2020-12-16 00:00:00+00:00,0.0,0.0,0.0,1.1275199858188067,1e-06,3.016780669854131,normal,,0
2020-12-17 00:00:00+00:00,0.0,0.0,0.0,0.537191423089797,1e-06,3.0072334834743657,normal,,0
2020-12-18 00:00:00+00:00,0.0,0.0,0.0,1.1684207125446966,1e-06,3.0183964502504725,normal,,0
2020-12-21 00:00:00+00:00,0.0,0.0,0.0,1.1800262540281008,1e-06,3.019245899970851,normal,,0
2020-12-22 00:00:00+00:00,0.0,0.0,0.0,1.647944416046856,1e-06,3.0279786836839655,normal,,0
2020-12-23 00:00:00+00:00,0.0,0.0,0.0,1.255463955275434,1e-06,3.022261224447832,normal,,0
2020-12-24 00:00:00+00:00,0.0,0.0,0.0,1.3050907692628488,1e-06,3.02387621258891,normal,,0
2020-12-28 00:00:00+00:00,0.0,0.0,0.0,1.5672053396428895,1e-06,3.029272577488167,normal,,0
2020-12-29 00:00:00+00:00,0.0,0.0,0.0,1.6535843616162549,1e-06,3.0318549522843963,normal,,0
2020-12-30 00:00:00+00:00,0.0,0.0,0.0,1.203969176534704,1e-06,3.024934977692385,normal,,0
2020-12-31 00:00:00+00:00,0.0,0.0,0.0,1.8115789612003352,1e-06,3.0367435313758198,normal,,0
2021-01-04 00:00:00+00:00,0.0,0.0,0.0,0.62204288255809,1e-06,2.957401372084258,normal,,0
2021-01-05 00:00:00+00:00,0.0,0.0,0.0,0.9412157560454448,1e-06,2.963998636241027,normal,,0
2021-01-06 00:00:00+00:00,0.0,0.0,0.0,0.16041716549750634,1e-06,2.949438646086414,normal,,0
2021-01-07 00:00:00+00:00,0.0,0.0,0.0,0.06729722887280634,1e-06,2.9481558769667062,normal,,0
2021-01-08 00:00:00+00:00,0.0,0.0,0.0,-0.17192573835789546,1e-06,2.9441955082403743,normal,,0
2021-01-11 00:00:00+00:00,0.0,0.0,0.0,0.2779588019586512,1e-06,2.9529710744951654,normal,,0
2021-01-12 00:00:00+00:00,0.0,0.0,0.0,0.4553019351400894,1e-06,2.9565031616364665,normal,,0
2021-01-13 00:00:00+00:00,0.0,0.0,0.0,0.39122003749583467,1e-06,2.9559026160356097,normal,,0
2021-01-14 00:00:00+00:00,0.0,0.0,0.0,0.40431075088859614,1e-06,2.9565335359214533,normal,,0
2021-01-15 00:00:00+00:00,0.0,0.0,0.0,0.9339714899394423,1e-06,2.964923899185784,normal,,0
2021-01-19 00:00:00+00:00,0.0,0.0,0.0,0.9179727153301896,1e-06,2.9651037411406223,normal,,0
2021-01-20 00:00:00+00:00,0.0,0.0,0.0,0.5031514900353736,1e-06,2.959441633903929,normal,,0
2021-01-21 00:00:00+00:00,0.0,0.0,0.0,1.0409079035534974,1e-06,2.9675462677857034,normal,,0
2021-01-22 00:00:00+00:00,0.0,0.0,0.0,0.9612665554771885,1e-06,2.9668741950488484,normal,,0
2021-01-25 00:00:00+00:00,0.0,0.0,0.0,1.0799063256530963,1e-06,2.969019242763215,normal,,0
2021-01-26 00:00:00+00:00,0.0,0.0,0.0,0.8725218480251815,1e-06,2.9665496045057123,normal,,0
2021-01-27 00:00:00+00:00,0.0,0.0,0.0,2.053462785304146,1e-06,2.983722674629524,normal,,0
2021-01-28 00:00:00+00:00,0.0,0.0,0.0,1.3146240096630717,1e-06,2.9743376475936016,normal,,0
2021-01-29 00:00:00+00:00,0.0,0.0,0.0,1.3706594740616984,1e-06,2.9758630179127685,normal,,0
2021-02-01 00:00:00+00:00,0.0,0.0,0.0,0.1803682879545833,1e-06,2.9587865507956996,normal,,0
2021-02-02 00:00:00+00:00,0.0,0.0,0.0,0.754820504777638,1e-06,2.9674826705813326,normal,,0
2021-02-03 00:00:00+00:00,0.0,0.0,0.0,0.6684890419268877,1e-06,2.9666337423890448,normal,,0
2021-02-04 00:00:00+00:00,0.0,0.0,0.0,0.16540598929916006,1e-06,2.9600979780743057,normal,,0
2021-02-05 00:00:00+00:00,0.0,0.0,0.0,-0.26089687804266976,1e-06,2.9552290034797197,normal,,0
2021-02-08 00:00:00+00:00,0.0,0.0,0.0,-0.44883332648933927,1e-06,2.9539670314760103,normal,,0
2021-02-09 00:00:00+00:00,0.0,0.0,0.0,-0.06990695955059144,1e-06,2.9586223374647878,normal,,0
2021-02-10 00:00:00+00:00,0.0,0.0,0.0,-0.003328122586264662,1e-06,2.9596601975246126,normal,,0
2021-02-11 00:00:00+00:00,0.0,0.0,0.0,-0.06796629990915645,1e-06,2.9593039847550657,normal,,0
2021-02-12 00:00:00+00:00,0.0,0.0,0.0,-0.12458588021692568,1e-06,2.9590766185421256,normal,,0
2021-02-16 00:00:00+00:00,0.0,0.0,0.0,-1.0105394902161782,1e-06,2.9505592295674226,normal,,0
2021-02-17 00:00:00+00:00,0.0,0.0,0.0,0.06762452951205646,1e-06,2.961269313624893,normal,,0
2021-02-18 00:00:00+00:00,0.0,0.0,0.0,0.2312745450147445,1e-06,2.9628255395321133,normal,,0
2021-02-19 00:00:00+00:00,0.0,0.0,0.0,1.297114489595671,1e-06,2.973326572103106,normal,,0
2021-02-22 00:00:00+00:00,0.0,0.0,0.0,0.20506333085756406,1e-06,2.962650396350297,normal,,0
2021-02-23 00:00:00+00:00,0.0,0.0,0.0,1.3695452184837973,1e-06,2.9739753479387705,normal,,0
2021-02-24 00:00:00+00:00,0.0,0.0,0.0,0.6367960360287275,1e-06,2.9666609851437866,normal,,0
2021-02-25 00:00:00+00:00,0.0,0.0,0.0,1.3027875079718403,1e-06,2.9733173407817803,normal,,0
2021-02-26 00:00:00+00:00,0.0,0.0,0.0,1.39378196384281,1e-06,2.9746467705376656,normal,,0
2021-03-01 00:00:00+00:00,0.0,0.0,0.0,1.4465942120503703,1e-06,2.9751833009247712,normal,,0
2021-03-02 00:00:00+00:00,0.0,0.0,0.0,-0.572131952908543,1e-06,2.9572749416706468,normal,,0
2021-03-03 00:00:00+00:00,0.0,0.0,0.0,0.12627146645039902,1e-06,2.963561824390418,normal,,0
2021-03-04 00:00:00+00:00,0.0,0.0,0.0,-1.8839013691533226,1e-06,2.9471422324334298,normal,,0
2021-03-05 00:00:00+00:00,0.0,0.0,0.0,-2.038214229839504,1e-06,2.9452322294410584,normal,,0
2021-03-08 00:00:00+00:00,0.0,0.0,0.0,-2.4210159034927767,1e-06,2.9415708693851284,normal,,0
2021-03-09 00:00:00+00:00,0.0,0.0,0.0,-2.3046828100623222,1e-06,2.941439894604759,normal,,0
2021-03-10 00:00:00+00:00,0.0,0.0,0.0,-1.6864744417639976,1e-06,2.9461742176869024,normal,,0
2021-03-11 00:00:00+00:00,1.0,1.0,0.24613539693391642,-2.953624763206997,1e-06,2.9335391525264263,normal,,0
2021-03-12 00:00:00+00:00,0.0,1.0,0.24613539693391642,-2.797930203453298,1e-06,2.9326662288463607,normal,,0
2021-03-15 00:00:00+00:00,0.0,1.0,0.24613539693391642,-3.1721280235876983,1e-06,2.926353876351684,normal,,0
2021-03-16 00:00:00+00:00,0.0,1.0,0.24613539693391642,-2.654089590838936,1e-06,2.9290415136526646,normal,,0
2021-03-17 00:00:00+00:00,0.0,1.0,0.24613539693391642,-2.888130564088077,1e-06,2.9239081919521235,normal,,0
2021-03-18 00:00:00+00:00,0.0,1.0,0.24613539693391642,-2.3352991937354752,1e-06,2.9285669138304242,normal,,0
2021-03-19 00:00:00+00:00,0.0,1.0,0.24613539693391642,-2.114001827593589,1e-06,2.9297176568761736,normal,,0
2021-03-22 00:00:00+00:00,0.0,1.0,0.24613539693391642,-1.6173929418643296,1e-06,2.935186130007632,normal,,0
2021-03-23 00:00:00+00:00,0.0,1.0,0.24613539693391642,-0.9380385945162919,1e-06,2.944021998670508,normal,,0
2021-03-24 00:00:00+00:00,2.0,0.0,0.0,-0.37151008533598917,1e-06,2.9518090262686134,normal,mean_reversion,0
2021-03-25 00:00:00+00:00,0.0,0.0,0.0,-0.4195118575870383,1e-06,2.9509008261658787,normal,,0
2021-03-26 00:00:00+00:00,0.0,0.0,0.0,-0.901006229267834,1e-06,2.9437052405191944,normal,,0
2021-03-29 00:00:00+00:00,0.0,0.0,0.0,-1.8886153685511307,1e-06,2.9291946948948926,normal,,0
2021-03-30 00:00:00+00:00,0.0,0.0,0.0,-1.5394848008332283,1e-06,2.933013406338962,normal,,0
2021-03-31 00:00:00+00:00,0.0,0.0,0.0,-1.3938435829913134,1e-06,2.934421643647788,normal,,0
2021-04-01 00:00:00+00:00,0.0,0.0,0.0,-1.8885559661106943,1e-06,2.8880459463091683,normal,,0
2021-04-05 00:00:00+00:00,0.0,0.0,0.0,-1.9718682820269906,1e-06,2.8854475805035444,normal,,0
2021-04-06 00:00:00+00:00,0.0,0.0,0.0,-2.168578985246074,1e-06,2.8810518207086044,normal,,0
2021-04-07 00:00:00+00:00,0.0,0.0,0.0,-1.833456401706485,1e-06,2.8847622072497843,normal,,0
2021-04-08 00:00:00+00:00,0.0,0.0,0.0,-1.936859564700549,1e-06,2.8819660916962255,normal,,0
2021-04-09 00:00:00+00:00,0.0,0.0,0.0,-2.4103080056288455,1e-06,2.872344161481715,normal,,0
2021-04-12 00:00:00+00:00,0.0,0.0,0.0,-1.7561878563658566,1e-06,2.8813794290143058,normal,,0
2021-04-13 00:00:00+00:00,0.0,0.0,0.0,-1.8235751278901702,1e-06,2.8787698755400766,normal,,0
2021-04-14 00:00:00+00:00,0.0,0.0,0.0,-1.7552209342216,1e-06,2.878524838057827,normal,,0
2021-04-15 00:00:00+00:00,0.0,0.0,0.0,-1.8896847145070497,1e-06,2.87448917390271,normal,,0
2021-04-16 00:00:00+00:00,0.0,0.0,0.0,-2.014394919851654,1e-06,2.87032290439613,normal,,0
2021-04-19 00:00:00+00:00,0.0,0.0,0.0,-1.840509810439976,1e-06,2.8717997709874146,normal,,0
2021-04-20 00:00:00+00:00,0.0,0.0,0.0,-1.9560070748786968,1e-06,2.86773616062572,normal,,0
2021-04-21 00:00:00+00:00,0.0,0.0,0.0,-1.899071319719693,1e-06,2.867000274024574,normal,,0
2021-04-22 00:00:00+00:00,0.0,0.0,0.0,-1.5791970332555811,1e-06,2.8720730247545987,normal,,0
2021-04-23 00:00:00+00:00,0.0,0.0,0.0,-1.7457794599098588,1e-06,2.867120633765094,normal,,0
2021-04-26 00:00:00+00:00,0.0,0.0,0.0,-1.3469126312713076,1e-06,2.874649105735307,normal,,0
2021-04-27 00:00:00+00:00,0.0,0.0,0.0,-0.8299492664444302,1e-06,2.8849172853673046,normal,,0
2021-04-28 00:00:00+00:00,0.0,0.0,0.0,-0.9144072177822739,1e-06,2.8825481478553074,normal,,0
2021-04-29 00:00:00+00:00,0.0,0.0,0.0,-0.42838848912629035,1e-06,2.892248301424448,normal,,0
2021-04-30 00:00:00+00:00,0.0,0.0,0.0,-0.24054456255665857,1e-06,2.895700312392682,normal,,0
2021-05-03 00:00:00+00:00,0.0,0.0,0.0,-0.744014205819864,1e-06,2.884818597854554,normal,,0
2021-05-04 00:00:00+00:00,0.0,0.0,0.0,-0.7353926779186333,1e-06,2.8844571181015284,normal,,0
2021-05-05 00:00:00+00:00,0.0,0.0,0.0,-0.8587327104698574,1e-06,2.881409717532472,normal,,0
2021-05-06 00:00:00+00:00,0.0,0.0,0.0,-1.000999678461809,1e-06,2.8779091580159366,normal,,0
2021-05-07 00:00:00+00:00,0.0,0.0,0.0,-0.9867370042176302,1e-06,2.8775282942221385,normal,,0
2021-05-10 00:00:00+00:00,0.0,0.0,0.0,-0.7692755503280025,1e-06,2.8813226651382333,normal,,0
2021-05-11 00:00:00+00:00,0.0,0.0,0.0,-1.0325110680675729,1e-06,2.875416890424225,normal,,0
2021-05-12 00:00:00+00:00,0.0,0.0,0.0,-0.8620386546337495,1e-06,2.8781961658609565,normal,,0
2021-05-13 00:00:00+00:00,0.0,0.0,0.0,-0.6365779673890628,1e-06,2.88219964094401,normal,,0
2021-05-14 00:00:00+00:00,0.0,0.0,0.0,-0.8061577321776945,1e-06,2.8782955958523706,normal,,0
2021-05-17 00:00:00+00:00,0.0,0.0,0.0,-1.611649988305318,1e-06,2.8618718030704087,normal,,0
2021-05-18 00:00:00+00:00,0.0,0.0,0.0,-1.5194169339036792,1e-06,2.863000857198654,normal,,0
2021-05-19 00:00:00+00:00,0.0,0.0,0.0,-1.1405938984484723,1e-06,2.869421383403616,normal,,0
2021-05-20 00:00:00+00:00,0.0,0.0,0.0,-1.283699930981956,1e-06,2.866447015834567,normal,,0
2021-05-21 00:00:00+00:00,0.0,0.0,0.0,-0.8665041837140283,1e-06,2.8735469215118954,normal,,0
2021-05-24 00:00:00+00:00,0.0,0.0,0.0,-1.0004247401574307,1e-06,2.8710136579252064,normal,,0
2021-05-25 00:00:00+00:00,0.0,0.0,0.0,-0.6075502906004865,1e-06,2.877349618646073,normal,,0
2021-05-26 00:00:00+00:00,0.0,0.0,0.0,-0.5323617801390902,1e-06,2.878293901013343,normal,,0
2021-05-27 00:00:00+00:00,0.0,0.0,0.0,-0.15861107803460953,1e-06,2.8832210140428405,normal,,0
2021-05-28 00:00:00+00:00,0.0,0.0,0.0,-0.11041322858596853,1e-06,2.88330264167071,normal,,0
2021-06-01 00:00:00+00:00,0.0,0.0,0.0,-0.43173630823012443,1e-06,2.878841413162031,normal,,0
2021-06-02 00:00:00+00:00,0.0,0.0,0.0,-0.07315995349999176,1e-06,2.882930852181797,normal,,0
2021-06-03 00:00:00+00:00,0.0,0.0,0.0,0.26554832049700244,1e-06,2.8866741213234737,normal,,0
2021-06-04 00:00:00+00:00,0.0,0.0,0.0,0.5001842751393958,1e-06,2.8890739202411084,normal,,0
2021-06-07 00:00:00+00:00,0.0,0.0,0.0,0.7896165203376744,1e-06,2.89180715728351,normal,,0
2021-06-08 00:00:00+00:00,0.0,0.0,0.0,1.429796925172185,1e-06,2.8989011098826882,normal,,0
2021-06-09 00:00:00+00:00,0.0,0.0,0.0,1.337700136864285,1e-06,2.8980624058491244,normal,,0
2021-06-10 00:00:00+00:00,0.0,0.0,0.0,0.3581551581288066,1e-06,2.8871786419995824,normal,,0
2021-06-11 00:00:00+00:00,0.0,0.0,0.0,0.2817340430515988,1e-06,2.8862330215096694,normal,,0
2021-06-14 00:00:00+00:00,0.0,0.0,0.0,0.18429085135256723,1e-06,2.8851324557988365,normal,,0
2021-06-15 00:00:00+00:00,0.0,0.0,0.0,0.38375898711679457,1e-06,2.887320501297648,normal,,0
2021-06-16 00:00:00+00:00,0.0,0.0,0.0,0.1238603251722109,1e-06,2.884280665088983,normal,,0
2021-06-17 00:00:00+00:00,0.0,0.0,0.0,0.4273607384616343,1e-06,2.8874635877400174,normal,,0
2021-06-18 00:00:00+00:00,0.0,0.0,0.0,1.688029592596045,1e-06,2.9006408459794732,normal,,0
2021-06-21 00:00:00+00:00,0.0,0.0,0.0,1.2207145487374078,1e-06,2.894710505208553,normal,,0
2021-06-22 00:00:00+00:00,0.0,0.0,0.0,1.50818280124736,1e-06,2.896342457017357,normal,,0
2021-06-23 00:00:00+00:00,0.0,0.0,0.0,1.7851827950470325,1e-06,2.898283697628871,normal,,0
2021-06-24 00:00:00+00:00,0.0,0.0,0.0,1.5048274360512932,1e-06,2.896048188385814,normal,,0
2021-06-25 00:00:00+00:00,0.0,0.0,0.0,2.007718777912163,1e-06,2.9008658939292897,normal,,0
2021-06-28 00:00:00+00:00,-1.0,-1.0,0.21016749754791966,2.522009970575036,1e-06,2.906154770074646,normal,,0
2021-06-29 00:00:00+00:00,0.0,-1.0,0.21016749754791966,2.08812092946927,1e-06,2.9032596612515844,normal,,0
2021-06-30 00:00:00+00:00,0.0,-1.0,0.21016749754791966,1.5934747011590646,1e-06,2.899126318656051,normal,,0
2021-07-01 00:00:00+00:00,0.0,0.0,0.0,2.1264486495328647,1e-06,2.910316901950279,normal,,0
2021-07-02 00:00:00+00:00,0.0,0.0,0.0,1.894781512677261,1e-06,2.9089413423373296,normal,,0
2021-07-06 00:00:00+00:00,0.0,0.0,0.0,2.303458339738175,1e-06,2.914559922964304,normal,,0
2021-07-07 00:00:00+00:00,0.0,0.0,0.0,2.2031392174676645,1e-06,2.91490816161288,normal,,0
2021-07-08 00:00:00+00:00,-1.0,-1.0,0.25,3.5167801108317214,1e-06,2.9324197459047476,normal,,0
2021-07-09 00:00:00+00:00,0.0,-1.0,0.25,2.3662248543053765,1e-06,2.9219684618135147,normal,,0
2021-07-12 00:00:00+00:00,0.0,-1.0,0.25,2.704012672974863,1e-06,2.9286834208772707,normal,,0
2021-07-13 00:00:00+00:00,0.0,-1.0,0.25,2.078081608736922,1e-06,2.922310945007481,normal,,0
2021-07-14 00:00:00+00:00,0.0,-1.0,0.25,1.9843974807457136,1e-06,2.9224211221121372,normal,,0
2021-07-15 00:00:00+00:00,0.0,-1.0,0.25,1.6837793743262746,1e-06,2.9192292301605622,normal,,0
2021-07-16 00:00:00+00:00,0.0,-1.0,0.25,2.2895389253092495,1e-06,2.9295749143660834,normal,,0
2021-07-19 00:00:00+00:00,0.0,-1.0,0.25,3.094055685723185,1e-06,2.944178664967157,normal,,0
2021-07-20 00:00:00+00:00,0.0,-1.0,0.25,2.7454278192902306,1e-06,2.9426169786388,normal,,0
2021-07-21 00:00:00+00:00,0.0,-1.0,0.25,2.0059801093212113,1e-06,2.9327563091426705,normal,,0
2021-07-22 00:00:00+00:00,0.0,-1.0,0.25,2.257621001336583,1e-06,2.93903101330231,normal,,0
2021-07-23 00:00:00+00:00,0.0,-1.0,0.25,2.2296680933857096,1e-06,2.9409370005382014,normal,,0
2021-07-26 00:00:00+00:00,2.0,0.0,0.0,1.570935260370383,1e-06,2.930556784066967,normal,max_hold,0
2021-07-27 00:00:00+00:00,0.0,0.0,0.0,1.3886895372445798,1e-06,2.928110656811455,normal,,0
2021-07-28 00:00:00+00:00,0.0,0.0,0.0,1.1652113461002291,1e-06,2.924501733276965,normal,,0
2021-07-29 00:00:00+00:00,0.0,0.0,0.0,0.946248391952057,1e-06,2.9208249409386555,normal,,0
2021-07-30 00:00:00+00:00,0.0,0.0,0.0,0.6722078738120215,1e-06,2.91583243381015,normal,,0
2021-08-02 00:00:00+00:00,0.0,0.0,0.0,0.5829070365080145,1e-06,2.914482208342512,normal,,0
2021-08-03 00:00:00+00:00,0.0,0.0,0.0,0.33741496102133056,1e-06,2.9099653969085657,normal,,0
2021-08-04 00:00:00+00:00,0.0,0.0,0.0,0.6610646540997627,1e-06,2.9168798294188,normal,,0
2021-08-05 00:00:00+00:00,0.0,0.0,0.0,0.7775467430699228,1e-06,2.9196882219770504,normal,,0
2021-08-06 00:00:00+00:00,0.0,0.0,0.0,0.612995327712485,1e-06,2.9169525960837546,normal,,0
2021-08-09 00:00:00+00:00,0.0,0.0,0.0,0.3579904649224385,1e-06,2.9123860628659894,normal,,0
2021-08-10 00:00:00+00:00,0.0,0.0,0.0,0.7234995467893184,1e-06,2.9199432510697387,normal,,0
2021-08-11 00:00:00+00:00,0.0,0.0,0.0,0.8425605423744248,1e-06,2.9227752129781326,normal,,0
2021-08-12 00:00:00+00:00,0.0,0.0,0.0,1.3147192928110099,1e-06,2.9321411707020495,normal,,0
2021-08-13 00:00:00+00:00,0.0,0.0,0.0,1.4527171946083006,1e-06,2.93516844878232,normal,,0
2021-08-16 00:00:00+00:00,0.0,0.0,0.0,1.7948990715910007,1e-06,2.9420931775693204,normal,,0
2021-08-17 00:00:00+00:00,0.0,0.0,0.0,2.102532599007683,1e-06,2.948444213601532,normal,,0
2021-08-18 00:00:00+00:00,-1.0,-1.0,0.2370338021052644,2.844405625263173,1e-06,2.963433123973949,normal,,0
2021-08-19 00:00:00+00:00,0.0,-1.0,0.2370338021052644,3.1445184685474925,1e-06,2.972192219915011,normal,,0
2021-08-20 00:00:00+00:00,0.0,-1.0,0.2370338021052644,2.927109842422388,1e-06,2.9726974863236664,normal,,0
2021-08-23 00:00:00+00:00,0.0,-1.0,0.2370338021052644,2.124328981234768,1e-06,2.9602663148505197,normal,,0
2021-08-24 00:00:00+00:00,0.0,-1.0,0.2370338021052644,2.022594454271309,1e-06,2.9602376027422403,normal,,0
2021-08-25 00:00:00+00:00,0.0,-1.0,0.2370338021052644,2.041565229059154,1e-06,2.9625769915686746,normal,,0
2021-08-26 00:00:00+00:00,0.0,-1.0,0.2370338021052644,2.1997537899917448,1e-06,2.967846987052483,normal,,0
2021-08-27 00:00:00+00:00,0.0,-1.0,0.2370338021052644,1.7050768640188525,1e-06,2.959158260383695,normal,,0
2021-08-30 00:00:00+00:00,0.0,-1.0,0.2370338021052644,1.8728566071727923,1e-06,2.9643719144953775,normal,,0
2021-08-31 00:00:00+00:00,0.0,-1.0,0.2370338021052644,1.5312781048997282,1e-06,2.9583815732977987,normal,,0
2021-09-01 00:00:00+00:00,0.0,-1.0,0.2370338021052644,1.5595168424516206,1e-06,2.9603082028064405,normal,,0
2021-09-02 00:00:00+00:00,0.0,-1.0,0.2370338021052644,1.3086509888919469,1e-06,2.9558744422550465,normal,,0
2021-09-03 00:00:00+00:00,2.0,0.0,0.0,1.1057926931788535,1e-06,2.9521892395316667,normal,max_hold,0
2021-09-07 00:00:00+00:00,0.0,0.0,0.0,0.9848305731103838,1e-06,2.950160423462348,normal,,0
2021-09-08 00:00:00+00:00,0.0,0.0,0.0,1.0296943219180736,1e-06,2.9518652019186593,normal,,0
2021-09-09 00:00:00+00:00,0.0,0.0,0.0,1.329899051680766,1e-06,2.959283698830189,normal,,0
2021-09-10 00:00:00+00:00,0.0,0.0,0.0,1.4914660709104375,1e-06,2.9637287963680157,normal,,0
2021-09-13 00:00:00+00:00,0.0,0.0,0.0,1.0645399678095897,1e-06,2.95516576159169,normal,,0
2021-09-14 00:00:00+00:00,0.0,0.0,0.0,1.1249297391117885,1e-06,2.957080331019616,normal,,0
2021-09-15 00:00:00+00:00,0.0,0.0,0.0,0.8513635801473294,1e-06,2.9519557011083357,normal,,0
2021-09-16 00:00:00+00:00,0.0,0.0,0.0,1.0162631737941548,1e-06,2.956035363347713,normal,,0
2021-09-17 00:00:00+00:00,0.0,0.0,0.0,1.3498569704453658,1e-06,2.963651827019731,normal,,0
2021-09-20 00:00:00+00:00,0.0,0.0,0.0,1.7104805115624593,1e-06,2.9720018377974924,normal,,0
2021-09-21 00:00:00+00:00,0.0,0.0,0.0,1.9402654816150708,1e-06,2.9779098483229154,normal,,0
2021-09-22 00:00:00+00:00,0.0,0.0,0.0,1.645393430506635,1e-06,2.9733337183673045,normal,,0
2021-09-23 00:00:00+00:00,0.0,0.0,0.0,1.5691901878478656,1e-06,2.9729974820865523,normal,,0
2021-09-24 00:00:00+00:00,0.0,0.0,0.0,1.788611999870576,1e-06,2.9787345021367857,normal,,0
2021-09-27 00:00:00+00:00,0.0,0.0,0.0,1.739835742555101,1e-06,2.978930236556374,normal,,0
2021-09-28 00:00:00+00:00,0.0,0.0,0.0,1.549905613830873,1e-06,2.9762204274055892,normal,,0
2021-09-29 00:00:00+00:00,0.0,0.0,0.0,1.8039109601820251,1e-06,2.9826142803688516,normal,,0
2021-09-30 00:00:00+00:00,0.0,0.0,0.0,1.8199298885728898,1e-06,2.9844434127871216,normal,,0
2021-10-01 00:00:00+00:00,0.0,0.0,0.0,2.130022108159054,1e-06,2.9636977278374705,normal,,0
2021-10-04 00:00:00+00:00,0.0,0.0,0.0,1.8511261446095324,1e-06,2.9599426891229768,normal,,0
2021-10-05 00:00:00+00:00,0.0,0.0,0.0,1.5443084756892165,1e-06,2.9546939047015535,normal,,0
2021-10-06 00:00:00+00:00,0.0,0.0,0.0,1.0299483603496975,1e-06,2.9440782990463585,normal,,0
2021-10-07 00:00:00+00:00,0.0,0.0,0.0,0.7619138667279417,1e-06,2.9386235757263792,normal,,0
2021-10-08 00:00:00+00:00,0.0,0.0,0.0,0.4299280527708543,1e-06,2.931598799727073,normal,,0
2021-10-11 00:00:00+00:00,0.0,0.0,0.0,0.47678370599126585,1e-06,2.9332117412924092,normal,,0
2021-10-12 00:00:00+00:00,0.0,0.0,0.0,0.15977563756681304,1e-06,2.926567591661045,normal,,0
2021-10-13 00:00:00+00:00,0.0,0.0,0.0,0.0026159392538801962,1e-06,2.9232383903856345,normal,,0
2021-10-14 00:00:00+00:00,0.0,0.0,0.0,-0.49133054294537715,1e-06,2.912338401445109,normal,,0
2021-10-15 00:00:00+00:00,0.0,0.0,0.0,-0.9072505979766586,1e-06,2.903277560798054,normal,,0
2021-10-18 00:00:00+00:00,0.0,0.0,0.0,-0.7523722024677203,1e-06,2.9065798580014715,normal,,0
2021-10-19 00:00:00+00:00,0.0,0.0,0.0,-0.844898277028077,1e-06,2.9043935024240133,normal,,0
2021-10-20 00:00:00+00:00,0.0,0.0,0.0,-0.8554118188870045,1e-06,2.9042745152383556,normal,,0
2021-10-21 00:00:00+00:00,0.0,0.0,0.0,-0.7182416407048984,1e-06,2.9075231244771214,normal,,0
2021-10-22 00:00:00+00:00,0.0,0.0,0.0,-0.7083030585647754,1e-06,2.9081272378564775,normal,,0
2021-10-25 00:00:00+00:00,0.0,0.0,0.0,-0.8199129005395736,1e-06,2.9062403461273294,normal,,0
2021-10-26 00:00:00+00:00,0.0,0.0,0.0,-1.0879970548490991,1e-06,2.9012760399396145,normal,,0
2021-10-27 00:00:00+00:00,0.0,0.0,0.0,-0.813598740304506,1e-06,2.9077468281436567,normal,,0
2021-10-28 00:00:00+00:00,0.0,0.0,0.0,-0.3260867003903599,1e-06,2.9185918049871,normal,,0
2021-10-29 00:00:00+00:00,0.0,0.0,0.0,0.059768976895371,1e-06,2.926828948626792,normal,,0
2021-11-01 00:00:00+00:00,0.0,0.0,0.0,0.18318628731044717,1e-06,2.929742029639922,normal,,0
2021-11-02 00:00:00+00:00,0.0,0.0,0.0,0.4269619642539572,1e-06,2.9347419486073507,normal,,0
2021-11-03 00:00:00+00:00,0.0,0.0,0.0,-0.5583467739321715,1e-06,2.918275297876846,normal,,0
2021-11-04 00:00:00+00:00,0.0,0.0,0.0,0.1912394960353774,1e-06,2.931496553259431,normal,,0
2021-11-05 00:00:00+00:00,0.0,0.0,0.0,-0.2412731112500734,1e-06,2.925154191150301,normal,,0
2021-11-08 00:00:00+00:00,0.0,0.0,0.0,-0.17875470804680585,1e-06,2.926590851064073,normal,,0
2021-11-09 00:00:00+00:00,0.0,0.0,0.0,-0.4780067614519651,1e-06,2.9224660312281787,normal,,0
2021-11-10 00:00:00+00:00,0.0,0.0,0.0,-0.625312888429227,1e-06,2.920491127708487,normal,,0
2021-11-11 00:00:00+00:00,0.0,0.0,0.0,-1.141753688388986,1e-06,2.912787786231702,normal,,0
2021-11-12 00:00:00+00:00,0.0,0.0,0.0,-1.1267954671188887,1e-06,2.9124889860297594,normal,,0
2021-11-15 00:00:00+00:00,0.0,0.0,0.0,-1.2838210357523518,1e-06,2.9095330894411573,normal,,0
2021-11-16 00:00:00+00:00,0.0,0.0,0.0,-0.7818023635684069,1e-06,2.916533639793805,normal,,0
2021-11-17 00:00:00+00:00,0.0,0.0,0.0,-0.7621667194543092,1e-06,2.916542714826069,normal,,0
2021-11-18 00:00:00+00:00,0.0,0.0,0.0,-0.40778076474117964,1e-06,2.9217254599358515,normal,,0
2021-11-19 00:00:00+00:00,0.0,0.0,0.0,-0.1728077168143673,1e-06,2.9251630640090784,normal,,0
2021-11-22 00:00:00+00:00,0.0,0.0,0.0,-0.7357745331696754,1e-06,2.916292036121434,normal,,0
2021-11-23 00:00:00+00:00,0.0,0.0,0.0,-0.7533053675140583,1e-06,2.9157538910964527,normal,,0
2021-11-24 00:00:00+00:00,0.0,0.0,0.0,-0.6929058138945566,1e-06,2.9163424852359525,normal,,0
2021-11-26 00:00:00+00:00,0.0,0.0,0.0,-0.2629156136394167,1e-06,2.922784499438137,normal,,0
2021-11-29 00:00:00+00:00,0.0,0.0,0.0,-0.47396115503254826,1e-06,2.9193716288980744,normal,,0
2021-11-30 00:00:00+00:00,0.0,0.0,0.0,-0.493734020062422,1e-06,2.918937602807319,normal,,0
2021-12-01 00:00:00+00:00,0.0,0.0,0.0,0.9926861119905019,1e-06,2.9420689853082065,normal,,0
2021-12-02 00:00:00+00:00,0.0,0.0,0.0,1.039232099082791,1e-06,2.943265484173203,normal,,0
2021-12-03 00:00:00+00:00,0.0,0.0,0.0,1.2619166755540068,1e-06,2.947275798842775,normal,,0
2021-12-06 00:00:00+00:00,0.0,0.0,0.0,0.5321213670172144,1e-06,2.936120841654911,normal,,0
2021-12-07 00:00:00+00:00,0.0,0.0,0.0,0.4412044697502671,1e-06,2.934700299496346,normal,,0
2021-12-08 00:00:00+00:00,0.0,0.0,0.0,0.3282641433002641,1e-06,2.933047430425528,normal,,0
2021-12-09 00:00:00+00:00,0.0,0.0,0.0,1.0167708938780287,1e-06,2.944229987718361,normal,,0
2021-12-10 00:00:00+00:00,0.0,0.0,0.0,1.553874727027841,1e-06,2.953428376613689,normal,,0
2021-12-13 00:00:00+00:00,0.0,0.0,0.0,1.3871364496735226,1e-06,2.9516155372517705,normal,,0
2021-12-14 00:00:00+00:00,0.0,0.0,0.0,1.3935023692854471,1e-06,2.95235383200672,normal,,0
2021-12-15 00:00:00+00:00,-1.0,-1.0,0.1811704304771372,2.1740451657256465,1e-06,2.9660028912011045,normal,,0
2021-12-16 00:00:00+00:00,0.0,-1.0,0.1811704304771372,0.990422333525984,1e-06,2.9466855305367594,normal,,0
2021-12-17 00:00:00+00:00,0.0,-1.0,0.1811704304771372,0.8823754571074494,1e-06,2.9448786024518725,normal,,0
2021-12-20 00:00:00+00:00,0.0,-1.0,0.1811704304771372,1.4232383876767853,1e-06,2.954369370409724,normal,,0
2021-12-21 00:00:00+00:00,0.0,-1.0,0.1811704304771372,0.9772939888545075,1e-06,2.946742973080754,normal,,0
2021-12-22 00:00:00+00:00,0.0,-1.0,0.1811704304771372,1.0886853051853635,1e-06,2.9485867847485934,normal,,0
2021-12-23 00:00:00+00:00,0.0,-1.0,0.1811704304771372,1.0676495765700804,1e-06,2.948263308939285,normal,,0
2021-12-27 00:00:00+00:00,0.0,-1.0,0.1811704304771372,1.1891445776386451,1e-06,2.950165722988436,normal,,0
2021-12-28 00:00:00+00:00,0.0,-1.0,0.1811704304771372,1.2963871980982626,1e-06,2.9517897419510257,normal,,0
2021-12-29 00:00:00+00:00,0.0,-1.0,0.1811704304771372,1.141257504814046,1e-06,2.9485210083711904,normal,,0
2021-12-30 00:00:00+00:00,0.0,-1.0,0.1811704304771372,0.8403679915631468,1e-06,2.942975621785227,normal,,0
2021-12-31 00:00:00+00:00,0.0,-1.0,0.1811704304771372,1.0588850299845662,1e-06,2.9461757606141705,normal,,0
2022-01-03 00:00:00+00:00,0.0,0.0,0.0,1.181699812083823,1e-06,2.9194067797937726,normal,,0
2022-01-04 00:00:00+00:00,0.0,0.0,0.0,1.2901929735068196,1e-06,2.9215684318739727,normal,,0
2022-01-05 00:00:00+00:00,0.0,0.0,0.0,1.9673427516651996,1e-06,2.9337773142422474,normal,,0
2022-01-06 00:00:00+00:00,-1.0,-1.0,0.19241592921572334,2.30899115058868,1e-06,2.941358900749754,normal,,0
2022-01-07 00:00:00+00:00,0.0,-1.0,0.19241592921572334,2.111391701667635,1e-06,2.9402062575110506,normal,,0
2022-01-10 00:00:00+00:00,0.0,-1.0,0.19241592921572334,1.5775512391301683,1e-06,2.9321539707907034,normal,,0
2022-01-11 00:00:00+00:00,0.0,-1.0,0.19241592921572334,1.4025563347502643,1e-06,2.929945845712939,normal,,0
2022-01-12 00:00:00+00:00,0.0,-1.0,0.19241592921572334,0.869675196655661,1e-06,2.9205373597903344,normal,,0
2022-01-13 00:00:00+00:00,0.0,-1.0,0.19241592921572334,1.1949803709317548,1e-06,2.927272497999434,normal,,0
2022-01-14 00:00:00+00:00,0.0,-1.0,0.19241592921572334,1.3694837202088492,1e-06,2.931220367932509,normal,,0
2022-01-18 00:00:00+00:00,0.0,-1.0,0.19241592921572334,1.6255428642257328,1e-06,2.9367526385392178,normal,,0
2022-01-19 00:00:00+00:00,0.0,-1.0,0.19241592921572334,0.04970438679640745,1e-06,2.9082525214229022,normal,,0
2022-01-20 00:00:00+00:00,0.0,-1.0,0.19241592921572334,0.3671441578809736,1e-06,2.9145539792967132,normal,,0
2022-01-21 00:00:00+00:00,0.0,-1.0,0.19241592921572334,0.8981857393485867,1e-06,2.924536905229493,normal,,0
2022-01-24 00:00:00+00:00,0.0,-1.0,0.19241592921572334,1.547778858606935,1e-06,2.9362126051569746,normal,,0
2022-01-25 00:00:00+00:00,0.0,-1.0,0.19241592921572334,1.329064309608662,1e-06,2.933185791361093,normal,,0
2022-01-26 00:00:00+00:00,0.0,-1.0,0.19241592921572334,1.6054336602053134,1e-06,2.938718511986972,normal,,0
2022-01-27 00:00:00+00:00,0.0,-1.0,0.19241592921572334,1.9759901774177762,1e-06,2.946336139808679,normal,,0
2022-01-28 00:00:00+00:00,0.0,-1.0,0.19241592921572334,2.152553058710835,1e-06,2.9512615898820282,normal,,0
2022-01-31 00:00:00+00:00,2.0,0.0,0.0,1.2579470623833497,1e-06,2.936725034767702,normal,max_hold,0
2022-02-01 00:00:00+00:00,0.0,0.0,0.0,0.9066872559467076,1e-06,2.930929154978712,normal,,0
2022-02-02 00:00:00+00:00,0.0,0.0,0.0,1.0207726702224684,1e-06,2.9335959793648914,normal,,0
2022-02-03 00:00:00+00:00,0.0,0.0,0.0,1.2354780842120847,1e-06,2.938238806997679,normal,,0
2022-02-04 00:00:00+00:00,0.0,0.0,0.0,1.1558713192834664,1e-06,2.937530022417017,normal,,0
2022-02-07 00:00:00+00:00,0.0,0.0,0.0,0.6295312954419883,1e-06,2.9283581748361076,normal,,0
2022-02-08 00:00:00+00:00,0.0,0.0,0.0,0.3210862533386158,1e-06,2.9231191301870605,normal,,0
2022-02-09 00:00:00+00:00,0.0,0.0,0.0,0.5585229417450246,1e-06,2.927880832803158,normal,,0
2022-02-10 00:00:00+00:00,0.0,0.0,0.0,1.3693331969856328,1e-06,2.9424307898749893,normal,,0
2022-02-11 00:00:00+00:00,0.0,0.0,0.0,0.3389900405243081,1e-06,2.9253768253320653,normal,,0
2022-02-14 00:00:00+00:00,0.0,0.0,0.0,-0.14946018740404707,1e-06,2.9178461015006296,normal,,0
2022-02-15 00:00:00+00:00,0.0,0.0,0.0,-0.0873480180048425,1e-06,2.91943347506785,normal,,0
2022-02-16 00:00:00+00:00,0.0,0.0,0.0,-0.7628808015898311,1e-06,2.9095980791523584,normal,,0
2022-02-17 00:00:00+00:00,0.0,0.0,0.0,-1.4227443677934868,1e-06,2.9001584001450755,normal,,0
2022-02-18 00:00:00+00:00,0.0,0.0,0.0,-1.4185621151458625,1e-06,2.901049479516739,normal,,0
2022-02-22 00:00:00+00:00,0.0,0.0,0.0,-0.5990736857513079,1e-06,2.913525331147123,normal,,0
2022-02-23 00:00:00+00:00,0.0,0.0,0.0,-1.1732015076980964,1e-06,2.9067171506143845,normal,,0
2022-02-24 00:00:00+00:00,0.0,0.0,0.0,-0.43055238461312256,1e-06,2.9170289301159245,normal,,0
2022-02-25 00:00:00+00:00,0.0,0.0,0.0,-1.6020711614939085,1e-06,2.9033609195157375,normal,,0
2022-02-28 00:00:00+00:00,0.0,0.0,0.0,-0.9932666281293291,1e-06,2.9115803141865144,normal,,0
2022-03-01 00:00:00+00:00,0.0,0.0,0.0,-1.5402653004511704,1e-06,2.9050616962217375,normal,,0
2022-03-02 00:00:00+00:00,1.0,1.0,0.17458957593532665,-2.0950749112239198,1e-06,2.8979680667231285,normal,,0
2022-03-03 00:00:00+00:00,0.0,1.0,0.17458957593532665,-2.035406756115329,1e-06,2.897490499453787,normal,,0
2022-03-04 00:00:00+00:00,0.0,1.0,0.17458957593532665,-2.7778342028734775,1e-06,2.887366787958262,normal,,0
2022-03-07 00:00:00+00:00,0.0,1.0,0.17458957593532665,-2.474079259688199,1e-06,2.8893811904035003,normal,,0
2022-03-08 00:00:00+00:00,0.0,1.0,0.17458957593532665,-1.051591147959137,1e-06,2.9075753001130704,normal,,0
2022-03-09 00:00:00+00:00,0.0,1.0,0.17458957593532665,-2.4885174757632496,1e-06,2.887399777394815,normal,,0
2022-03-10 00:00:00+00:00,0.0,1.0,0.17458957593532665,-2.936324939437395,1e-06,2.878532330089507,normal,,0
2022-03-11 00:00:00+00:00,0.0,1.0,0.17458957593532665,-2.465235424495562,1e-06,2.8821690083548215,normal,,0
2022-03-14 00:00:00+00:00,0.0,1.0,0.17458957593532665,-1.6282338453470249,1e-06,2.893273260749116,normal,,0
2022-03-15 00:00:00+00:00,0.0,1.0,0.17458957593532665,-2.8704188910940505,1e-06,2.871697801869082,normal,,0
2022-03-16 00:00:00+00:00,0.0,1.0,0.17458957593532665,-2.524786389906061,1e-06,2.8738698457084433,normal,,0
2022-03-17 00:00:00+00:00,0.0,1.0,0.17458957593532665,-2.674376915382399,1e-06,2.8680937105184756,normal,,0
2022-03-18 00:00:00+00:00,0.0,1.0,0.17458957593532665,-2.5857607866070076,1e-06,2.8660874470959845,normal,,0
2022-03-21 00:00:00+00:00,0.0,1.0,0.17458957593532665,-2.809396171322201,1e-06,2.8578655041142147,normal,,0
2022-03-22 00:00:00+00:00,0.0,1.0,0.17458957593532665,-2.5341310243460238,1e-06,2.8592048994617927,normal,,0
2022-03-23 00:00:00+00:00,0.0,1.0,0.17458957593532665,-2.485974493126774,1e-06,2.8564409256449825,normal,,0
2022-03-24 00:00:00+00:00,2.0,0.0,0.0,-1.9475168836839303,1e-06,2.8655791006312485,normal,max_hold,0
2022-03-25 00:00:00+00:00,1.0,1.0,0.16959249138335478,-2.0351098966002574,1e-06,2.861052299188043,normal,,0
2022-03-28 00:00:00+00:00,0.0,1.0,0.16959249138335478,-1.9586090954166813,1e-06,2.860375239830002,normal,,0
2022-03-29 00:00:00+00:00,0.0,1.0,0.16959249138335478,-2.2441779459420816,1e-06,2.8503216531907287,normal,,0
2022-03-30 00:00:00+00:00,0.0,1.0,0.16959249138335478,-2.028955410938696,1e-06,2.852750607584105,normal,,0
2022-03-31 00:00:00+00:00,0.0,1.0,0.16959249138335478,-1.7843046184358309,1e-06,2.8568070026438295,normal,,0
2022-04-01 00:00:00+00:00,0.0,0.0,0.0,-2.5353158473884436,0.0033418175319873712,2.7980521713189153,normal,,0
2022-04-04 00:00:00+00:00,1.0,1.0,0.17134487423376452,-2.056138490805174,0.003338473628383942,2.8079626270254723,normal,,0
2022-04-05 00:00:00+00:00,0.0,1.0,0.17134487423376452,-1.6826746518347873,0.0033355865165600783,2.8168169523146953,normal,,0
2022-04-06 00:00:00+00:00,0.0,1.0,0.17134487423376452,-1.5234631229283815,0.003333093796771462,2.819858855945439,normal,,0
2022-04-07 00:00:00+00:00,0.0,1.0,0.17134487423376452,-1.6643881904432565,0.0033309415933503125,2.8133700462213374,normal,,0
2022-04-08 00:00:00+00:00,0.0,1.0,0.17134487423376452,-1.874103190192904,0.0033290833902794503,2.804165048521949,normal,,0
2022-04-11 00:00:00+00:00,0.0,1.0,0.17134487423376452,-1.4883069099791384,0.003327479025832005,2.8143512223626335,normal,,0
2022-04-12 00:00:00+00:00,0.0,1.0,0.17134487423376452,-1.4615524478609359,0.003326093824547716,2.8133568721487476,normal,,0
2022-04-13 00:00:00+00:00,0.0,1.0,0.17134487423376452,-1.6997748549550993,0.003324897847785049,2.80325331792982,normal,,0
2022-04-14 00:00:00+00:00,0.0,1.0,0.17134487423376452,-1.7418959922212809,0.0033238652466511466,2.7994760906059915,normal,,0
2022-04-18 00:00:00+00:00,0.0,1.0,0.17134487423376452,-1.6654069649281682,0.0033229737033243687,2.7995314675229834,normal,,0
2022-04-19 00:00:00+00:00,0.0,1.0,0.17134487423376452,-1.3997071551721056,0.0033222039486946035,2.806722944787557,normal,,0
2022-04-20 00:00:00+00:00,0.0,1.0,0.17134487423376452,-1.4265207021116995,0.0033215393458960094,2.8038885556261506,normal,,0
2022-04-21 00:00:00+00:00,2.0,0.0,0.0,-0.5430746918000972,0.003320965530730995,2.834720919132923,normal,mean_reversion,0
2022-04-22 00:00:00+00:00,0.0,0.0,0.0,-0.2245671775336922,0.0033204701012138505,2.8454600572079203,normal,,0
2022-04-25 00:00:00+00:00,0.0,0.0,0.0,-0.08106774337017496,0.003320042349524067,2.8497203008144885,normal,,0
2022-04-26 00:00:00+00:00,0.0,0.0,0.0,0.45377244907701936,0.0033196730305760013,2.867350192064385,normal,,0
2022-04-27 00:00:00+00:00,0.0,0.0,0.0,0.2985522529459901,0.0033193541622029287,2.8607281162607237,normal,,0
2022-04-28 00:00:00+00:00,0.0,0.0,0.0,0.14224920550416145,0.0033190788526368245,2.8546045402597393,normal,,0
2022-04-29 00:00:00+00:00,0.0,0.0,0.0,0.3420195840053889,0.0033188411515551585,2.8602312076853633,normal,,0
2022-05-02 00:00:00+00:00,0.0,0.0,0.0,0.13991002761886331,0.003318635921475344,2.852892270818819,normal,,0
2022-05-03 00:00:00+00:00,0.0,0.0,0.0,-0.18765078728160925,0.0033184587267172665,2.841803192618665,normal,,0
2022-05-04 00:00:00+00:00,0.0,0.0,0.0,-0.06591039063970563,0.003318305737534011,2.844534429040294,normal,,0
2022-05-05 00:00:00+00:00,0.0,0.0,0.0,0.5085520425069766,0.0033181736473387536,2.8603746541632913,normal,,0
2022-05-06 00:00:00+00:00,0.0,0.0,0.0,0.8778074007632853,0.0033180596012388143,2.8700793291102884,normal,,0
2022-05-09 00:00:00+00:00,0.0,0.0,0.0,1.7663598885072005,0.0033179611343322735,2.893863613340299,normal,,0
2022-05-10 00:00:00+00:00,0.0,0.0,0.0,1.8716923054576293,0.003317876118433537,2.895377065952967,normal,,0
2022-05-11 00:00:00+00:00,-1.0,-1.0,0.18306561272827193,2.196787352739263,0.0033178027160764216,2.9044046031749158,normal,,0
2022-05-12 00:00:00+00:00,0.0,-1.0,0.18306561272827193,2.5788701121955073,0.0033177393408006183,2.9166494811886974,normal,,0
2022-05-13 00:00:00+00:00,0.0,-1.0,0.18306561272827193,1.8053287642942164,0.0033176846228631976,2.897366553536019,normal,,0
2022-05-16 00:00:00+00:00,0.0,-1.0,0.18306561272827193,1.8144015256504942,0.003317637379634074,2.8988532128887705,normal,,0
2022-05-17 00:00:00+00:00,0.0,-1.0,0.18306561272827193,1.5458901630921438,0.003317596590035576,2.892523353456494,normal,,0
2022-05-18 00:00:00+00:00,0.0,-1.0,0.18306561272827193,2.043097639954008,0.003317561372473684,2.9088061534369998,normal,,0
2022-05-19 00:00:00+00:00,0.0,-1.0,0.18306561272827193,1.2922561623969993,0.003317530965783957,2.887316711150725,normal,,0
2022-05-20 00:00:00+00:00,0.0,-1.0,0.18306561272827193,1.2814449725247956,0.0033175047127803284,2.887509365052088,normal,,0
2022-05-23 00:00:00+00:00,0.0,-1.0,0.18306561272827193,1.368153673119972,0.0033174820460512068,2.8903740937790805,normal,,0
2022-05-24 00:00:00+00:00,0.0,-1.0,0.18306561272827193,1.3116237826231096,0.003317462475695892,2.8893732453529464,normal,,0
2022-05-25 00:00:00+00:00,0.0,-1.0,0.18306561272827193,1.1505225337932785,0.003317445578736253,2.884639798079618,normal,,0
2022-05-26 00:00:00+00:00,0.0,-1.0,0.18306561272827193,1.2509808575545354,0.003317430989974809,2.8883237377674202,normal,,0
2022-05-27 00:00:00+00:00,0.0,-1.0,0.18306561272827193,1.1496481421462892,0.003317418394101645,2.8858392694968584,normal,,0
2022-05-31 00:00:00+00:00,0.0,-1.0,0.18306561272827193,1.3568159099951995,0.0033174075188795527,2.893356203736439,normal,,0
2022-06-01 00:00:00+00:00,0.0,-1.0,0.18306561272827193,1.352434612077744,0.0033173981292601096,2.8945393351399717,normal,,0
2022-06-02 00:00:00+00:00,0.0,-1.0,0.18306561272827193,0.8392516968478901,0.0033173900223035313,2.8784474299531206,normal,,0
2022-06-03 00:00:00+00:00,0.0,-1.0,0.18306561272827193,1.0317111214503991,0.00331738302279249,2.885113309697883,normal,,0
2022-06-06 00:00:00+00:00,2.0,0.0,0.0,1.0005366012080001,0.003317376979445108,2.8848722913559888,normal,max_hold,0
2022-06-07 00:00:00+00:00,0.0,0.0,0.0,0.9845016692686812,0.003317371761645269,2.8852605657770045,normal,,0
2022-06-08 00:00:00+00:00,0.0,0.0,0.0,1.0661808159367716,0.0033173672566195874,2.8889880668389862,normal,,0
2022-06-09 00:00:00+00:00,0.0,0.0,0.0,1.663826028170686,0.003317363367000013,2.9108103045306164,normal,,0
2022-06-10 00:00:00+00:00,0.0,0.0,0.0,1.1032035488368788,0.003317360008719394,2.8931380618965137,normal,,0
2022-06-13 00:00:00+00:00,0.0,0.0,0.0,1.5970621806363503,0.003317357109194517,2.9122501551160815,normal,,0
2022-06-14 00:00:00+00:00,0.0,0.0,0.0,1.8386363819967042,0.0033173546057573525,2.9235090621868967,normal,,0
2022-06-15 00:00:00+00:00,0.0,0.0,0.0,1.6951657227523054,0.0033173524443005954,2.9212447812711773,normal,,0
2022-06-16 00:00:00+00:00,0.0,0.0,0.0,1.5807408535175258,0.0033173505781082346,2.919544295293089,normal,,0
2022-06-17 00:00:00+00:00,0.0,0.0,0.0,1.518991521858252,0.0033173489668458693,2.9195497915759296,normal,,0
2022-06-21 00:00:00+00:00,0.0,0.0,0.0,1.3872552990551894,0.0033173475756889527,2.916611484351606,normal,,0
2022-06-22 00:00:00+00:00,0.0,0.0,0.0,1.6029712997293715,0.003317346374570123,2.927185289550275,normal,,0
2022-06-23 00:00:00+00:00,0.0,0.0,0.0,1.9888216366208529,0.0033173453375293506,2.945292012925631,normal,,0
2022-06-24 00:00:00+00:00,0.0,0.0,0.0,1.5444745551993095,0.0033173444421528593,2.93086569752923,normal,,0
2022-06-27 00:00:00+00:00,0.0,0.0,0.0,1.524829203693353,0.003317343669088692,2.932369468077544,normal,,0
2022-06-28 00:00:00+00:00,0.0,0.0,0.0,1.7376457901382698,0.003317343001628453,2.943574552043925,normal,,0
2022-06-29 00:00:00+00:00,0.0,0.0,0.0,1.929994812734049,0.0033173424253461863,2.954710611722411,normal,,0
2022-06-30 00:00:00+00:00,-1.0,-1.0,0.18905495638288028,2.2686594765945634,0.0033173419277865847,2.972001384579606,normal,,0
2022-07-01 00:00:00+00:00,0.0,0.0,0.0,1.7174593012499821,0.003105137540876539,2.9374616690495134,normal,,0
2022-07-05 00:00:00+00:00,0.0,0.0,0.0,1.8064109149572622,0.00310513716373927,2.944183283530015,normal,,0
2022-07-06 00:00:00+00:00,0.0,0.0,0.0,1.5216494577674868,0.0031051368380974526,2.9346187543274738,normal,,0
2022-07-07 00:00:00+00:00,0.0,0.0,0.0,1.24750269822648,0.003105136556919744,2.9245397593146354,normal,,0
2022-07-08 00:00:00+00:00,0.0,0.0,0.0,1.269415493413063,0.003105136314134881,2.9268461612974894,normal,,0
2022-07-11 00:00:00+00:00,0.0,0.0,0.0,1.3828713339727183,0.00310513610450059,2.9332505567368137,normal,,0
2022-07-12 00:00:00+00:00,0.0,0.0,0.0,1.455185304533581,0.0031051359234903933,2.9378884646035734,normal,,0
2022-07-13 00:00:00+00:00,0.0,0.0,0.0,1.1749939170673769,0.00310513576719587,2.9273835889138073,normal,,0
2022-07-14 00:00:00+00:00,0.0,0.0,0.0,1.546944890786716,0.003105135632242269,2.9430643265384724,normal,,0
2022-07-15 00:00:00+00:00,0.0,0.0,0.0,1.5891731854678794,0.0031051355157156366,2.945340997740086,normal,,0
2022-07-18 00:00:00+00:00,0.0,0.0,0.0,1.4599638798102885,0.0031051354150998995,2.9411823863305653,normal,,0
2022-07-19 00:00:00+00:00,0.0,0.0,0.0,1.3284657025029103,0.003105135328222536,2.9366028485699163,normal,,0
2022-07-20 00:00:00+00:00,0.0,0.0,0.0,1.5038359216474295,0.0031051352532076686,2.9438925810842895,normal,,0
2022-07-21 00:00:00+00:00,0.0,0.0,0.0,1.5066715390966643,0.003105135188435555,2.94548791289525,normal,,0
2022-07-22 00:00:00+00:00,0.0,0.0,0.0,1.8877664766043747,0.00310513513250762,2.9603699653108975,normal,,0
2022-07-25 00:00:00+00:00,-1.0,-1.0,0.18702303662478612,2.2442764394974333,0.0031051350842162526,2.9759049701958307,normal,,0
2022-07-26 00:00:00+00:00,0.0,-1.0,0.18702303662478612,1.7261487637168862,0.003105135042518733,2.9610640952981444,normal,,0
2022-07-27 00:00:00+00:00,0.0,-1.0,0.18702303662478612,1.6697536076640311,0.0031051350065147173,2.9610910335607983,normal,,0
2022-07-28 00:00:00+00:00,0.0,-1.0,0.18702303662478612,1.547899699252159,0.003105134975426798,2.9587104458224522,normal,,0
2022-07-29 00:00:00+00:00,0.0,-1.0,0.18702303662478612,1.5754343459272702,0.003105134948583716,2.961239393141396,normal,,0
2022-08-01 00:00:00+00:00,0.0,-1.0,0.18702303662478612,1.6584506111665827,0.0031051349254058694,2.965202565164048,normal,,0
2022-08-02 00:00:00+00:00,0.0,-1.0,0.18702303662478612,1.6038481027377107,0.003105134905392795,2.964374983756273,normal,,0
2022-08-03 00:00:00+00:00,0.0,-1.0,0.18702303662478612,1.9344815283365489,0.0031051348881123656,2.9771670552859995,normal,,0
2022-08-04 00:00:00+00:00,0.0,-1.0,0.18702303662478612,1.6694916862901625,0.003105134873191458,2.970509315984619,normal,,0
2022-08-05 00:00:00+00:00,0.0,-1.0,0.18702303662478612,1.3198564529544474,0.003105134860307895,2.960625991586042,normal,,0
2022-08-08 00:00:00+00:00,0.0,-1.0,0.18702303662478612,1.1461512204763755,0.003105134849183493,2.9561276856551664,normal,,0
2022-08-09 00:00:00+00:00,0.0,-1.0,0.18702303662478612,1.2394848039321773,0.00310513483957805,2.9607719481285253,normal,,0
2022-08-10 00:00:00+00:00,0.0,-1.0,0.18702303662478612,1.0237890793609121,0.003105134831284163,2.954539189744111,normal,,0
2022-08-11 00:00:00+00:00,0.0,-1.0,0.18702303662478612,1.169605382087376,0.003105134824122748,2.9609413614061886,normal,,0
2022-08-12 00:00:00+00:00,0.0,-1.0,0.18702303662478612,1.0466067841556428,0.003105134817939174,2.9579325119529125,normal,,0
2022-08-15 00:00:00+00:00,0.0,-1.0,0.18702303662478612,1.0301590989105736,0.003105134812599924,2.9585451328259786,normal,,0
2022-08-16 00:00:00+00:00,0.0,-1.0,0.18702303662478612,0.8736796352359892,0.003105134807989711,2.9541542425546163,normal,,0
2022-08-17 00:00:00+00:00,0.0,-1.0,0.18702303662478612,1.3246689119071156,0.0031051348040089903,2.9710810267383225,normal,,0
2022-08-18 00:00:00+00:00,0.0,-1.0,0.18702303662478612,1.219168076034422,0.003105134800571809,2.9687917263513697,normal,,0
2022-08-19 00:00:00+00:00,0.0,-1.0,0.18702303662478612,1.3848049176219432,0.003105134797603951,2.975855857092409,normal,,0
2022-08-22 00:00:00+00:00,0.0,-1.0,0.18702303662478612,1.1375021920649608,0.003105134795041333,2.9687214560803747,normal,,0
2022-08-23 00:00:00+00:00,0.0,-1.0,0.18702303662478612,0.9920723925807942,0.0031051347928286225,2.964785937477261,normal,,0
2022-08-24 00:00:00+00:00,0.0,-1.0,0.18702303662478612,0.8457217274400185,0.0031051347909180423,2.960817061800645,normal,,0
2022-08-25 00:00:00+00:00,2.0,0.0,0.0,0.8224495438966103,0.0031051347892683385,2.960868001316113,normal,max_hold,0
2022-08-26 00:00:00+00:00,0.0,0.0,0.0,1.373160770358923,0.00310513478784389,2.979333536828877,normal,,0
2022-08-29 00:00:00+00:00,0.0,0.0,0.0,1.6064039311144727,0.0031051347866139396,2.9878579092540156,normal,,0
2022-08-30 00:00:00+00:00,0.0,0.0,0.0,1.7369579809712468,0.003105134785551931,2.99254065623557,normal,,0
2022-08-31 00:00:00+00:00,0.0,0.0,0.0,1.7164248341694126,0.003105134784634932,2.9928653396068414,normal,,0
2022-09-01 00:00:00+00:00,-1.0,-1.0,0.17566649078050156,2.1079978893660187,0.0031051347838431426,3.0050301551079994,normal,,0
2022-09-02 00:00:00+00:00,0.0,-1.0,0.17566649078050156,1.7448226203032615,0.003105134783159467,2.9956494706106027,normal,,0
2022-09-06 00:00:00+00:00,0.0,-1.0,0.17566649078050156,1.8195319755507398,0.0031051347825691417,2.998207716529106,normal,,0
2022-09-07 00:00:00+00:00,0.0,-1.0,0.17566649078050156,1.1601417840904116,0.003105134782059422,2.981443076336252,normal,,0
2022-09-08 00:00:00+00:00,0.0,-1.0,0.17566649078050156,1.0067923651922008,0.0031051347816193004,2.9775576293224275,normal,,0
2022-09-09 00:00:00+00:00,0.0,-1.0,0.17566649078050156,0.41352091908919614,0.0031051347812392745,2.96295212290578,normal,,0
2022-09-12 00:00:00+00:00,0.0,-1.0,0.17566649078050156,0.19591690994293262,0.0031051347809111386,2.958176415695295,normal,,0
2022-09-13 00:00:00+00:00,0.0,-1.0,0.17566649078050156,0.7038118217166353,0.003105134780627807,2.9711615837203285,normal,,0
2022-09-14 00:00:00+00:00,0.0,-1.0,0.17566649078050156,0.5283990774696262,0.0031051347803831625,2.9676101704213758,normal,,0
2022-09-15 00:00:00+00:00,0.0,-1.0,0.17566649078050156,0.5153311873490065,0.0031051347801719226,2.9678784006092993,normal,,0
2022-09-16 00:00:00+00:00,0.0,-1.0,0.17566649078050156,0.4379357407613614,0.003105134779989526,2.966749579640822,normal,,0
2022-09-19 00:00:00+00:00,0.0,-1.0,0.17566649078050156,-0.14151782368956684,0.0031051347798320343,2.9555073132876677,normal,,0
2022-09-20 00:00:00+00:00,0.0,-1.0,0.17566649078050156,0.38552172896720477,0.003105134779696047,2.9665279394193913,normal,,0
2022-09-21 00:00:00+00:00,0.0,-1.0,0.17566649078050156,0.6891713498798647,0.003105134779578628,2.972897291389577,normal,,0
2022-09-22 00:00:00+00:00,2.0,0.0,0.0,0.38796672345975575,0.0031051347794772417,2.9677507590916585,normal,mean_reversion,0
2022-09-23 00:00:00+00:00,0.0,0.0,0.0,1.6138196990958946,0.003105134779389699,2.9902216011719416,normal,,0
2022-09-26 00:00:00+00:00,-1.0,-1.0,0.16982556414733593,2.037906769768031,0.003105134779314109,2.9989814912381756,normal,,0
2022-09-27 00:00:00+00:00,0.0,-1.0,0.16982556414733593,1.5608364789922784,0.003105134779248841,2.9919891978926643,normal,,0
2022-09-28 00:00:00+00:00,0.0,-1.0,0.16982556414733593,0.2942871157214874,0.0031051347791924847,2.969244727061036,normal,,0
2022-09-29 00:00:00+00:00,0.0,-1.0,0.16982556414733593,0.06273144157912797,0.0031051347791438235,2.9653072192831615,normal,,0
2022-09-30 00:00:00+00:00,0.0,-1.0,0.16982556414733593,-0.7272961832516773,0.003105134779101807,2.951421095580685,normal,,0
2022-10-03 00:00:00+00:00,0.0,0.0,0.0,-0.688941780886241,0.002912669812937508,3.0278263206722102,normal,,0
2022-10-04 00:00:00+00:00,0.0,0.0,0.0,-0.8959342703978311,0.0029126698129047623,3.0253594320020003,normal,,0
2022-10-05 00:00:00+00:00,0.0,0.0,0.0,-0.7174228420992897,0.0029126698128764815,3.028786094053532,normal,,0
2022-10-06 00:00:00+00:00,0.0,0.0,0.0,-1.3640654431413297,0.0029126698128520566,3.0193960682288847,normal,,0
2022-10-07 00:00:00+00:00,0.0,0.0,0.0,0.07888427905873427,0.002912669812830963,3.041690906494635,normal,,0
2022-10-10 00:00:00+00:00,0.0,0.0,0.0,-0.404877848731672,0.0029126698128127447,3.0350718907103826,normal,,0
2022-10-11 00:00:00+00:00,0.0,0.0,0.0,-0.08788679712966219,0.0029126698127970112,3.03992773988021,normal,,0
2022-10-12 00:00:00+00:00,0.0,0.0,0.0,-0.10553758250111855,0.002912669812783423,3.0401179138144983,normal,,0
2022-10-13 00:00:00+00:00,0.0,0.0,0.0,0.012931195676581398,0.0029126698127716877,3.0422234781040736,normal,,0
2022-10-14 00:00:00+00:00,0.0,0.0,0.0,1.1077085285757482,0.002912669812761552,3.0567184276868087,normal,,0
2022-10-17 00:00:00+00:00,0.0,0.0,0.0,-0.5665459391751726,0.002912669812752799,3.035878361934802,normal,,0
2022-10-18 00:00:00+00:00,0.0,0.0,0.0,-0.8433991183473267,0.0029126698127452397,3.0323960021941745,normal,,0
2022-10-19 00:00:00+00:00,0.0,0.0,0.0,-0.06594639630978676,0.0029126698127387106,3.0419508223049583,normal,,0
2022-10-20 00:00:00+00:00,0.0,0.0,0.0,-0.8271669490754612,0.002912669812733072,3.0324197527892602,normal,,0
2022-10-21 00:00:00+00:00,1.0,1.0,0.14910675106760612,-1.7892810128112735,0.002912669812728202,3.0201061827663365,normal,,0
2022-10-24 00:00:00+00:00,0.0,1.0,0.14910675106760612,-1.2670240423894998,0.0029126698127239967,3.0261539480526274,normal,,0
2022-10-25 00:00:00+00:00,0.0,1.0,0.14910675106760612,-1.7581140074648232,0.002912669812720364,3.0193377291859376,normal,,0
2022-10-26 00:00:00+00:00,0.0,1.0,0.14910675106760612,-3.2512008379823443,0.0029126698127172274,2.9982813897294136,normal,,0
2022-10-27 00:00:00+00:00,0.0,1.0,0.14910675106760612,-2.1075680686230625,0.002912669812714518,3.0106143033674724,normal,,0
2022-10-28 00:00:00+00:00,0.0,1.0,0.14910675106760612,-2.361327276269748,0.0029126698127121785,3.005124420925333,normal,,0
2022-10-31 00:00:00+00:00,0.0,1.0,0.14910675106760612,-1.988498867447789,0.0029126698127101575,3.0087394855492584,normal,,0
2022-11-01 00:00:00+00:00,0.0,1.0,0.14910675106760612,-2.2936518244327866,0.0029126698127084124,3.0023242798630645,normal,,0
2022-11-02 00:00:00+00:00,0.0,1.0,0.14910675106760612,-0.3320505938311453,0.0029126698127069054,3.0334786988605247,normal,,0
2022-11-03 00:00:00+00:00,0.0,1.0,0.14910675106760612,0.5592619211099453,0.0029126698127056034,3.048516039764238,normal,,0
2022-11-04 00:00:00+00:00,0.0,1.0,0.14910675106760612,-1.486475446963533,0.0029126698127044793,3.014168207537091,normal,,0
2022-11-07 00:00:00+00:00,0.0,1.0,0.14910675106760612,-1.7597777884671686,0.0029126698127035083,3.0086255039823935,normal,,0
2022-11-08 00:00:00+00:00,0.0,1.0,0.14910675106760612,-2.4810176368765604,0.0029126698127026696,2.9947008028097977,normal,,0
2022-11-09 00:00:00+00:00,0.0,1.0,0.14910675106760612,-2.145819367998106,0.0029126698127019458,2.9980842449361256,normal,,0
2022-11-10 00:00:00+00:00,0.0,1.0,0.14910675106760612,-2.6964546292079743,0.00291266981270132,2.9855225524022444,normal,,0
2022-11-11 00:00:00+00:00,0.0,1.0,0.14910675106760612,-2.432922685856221,0.00291266981270078,2.986919653559587,normal,,0
2022-11-14 00:00:00+00:00,0.0,1.0,0.14910675106760612,-2.1233626135326884,0.0029126698127003134,2.990242673265501,normal,,0
2022-11-15 00:00:00+00:00,0.0,1.0,0.14910675106760612,-1.3045378210750713,0.0029126698126999105,3.0057627748492344,normal,,0
2022-11-16 00:00:00+00:00,0.0,1.0,0.14910675106760612,-1.1356136899418825,0.0029126698126995627,3.0085370054155915,normal,,0
2022-11-17 00:00:00+00:00,0.0,1.0,0.14910675106760612,-0.9196128619037653,0.002912669812699262,3.0126205366965078,normal,,0
2022-11-18 00:00:00+00:00,0.0,1.0,0.14910675106760612,-1.388892426390339,0.0029126698126990024,3.0014770603379453,normal,,0
2022-11-21 00:00:00+00:00,0.0,1.0,0.14910675106760612,-1.5008454849961588,0.0029126698126987786,2.9978356945564104,normal,,0
2022-11-22 00:00:00+00:00,0.0,1.0,0.14910675106760612,-2.4885915753466943,0.0029126698126985848,2.973577762882472,normal,,0
2022-11-23 00:00:00+00:00,0.0,1.0,0.14910675106760612,-2.500774254756812,0.002912669812698418,2.9697623324882767,normal,,0
2022-11-25 00:00:00+00:00,0.0,1.0,0.14910675106760612,-2.0415764130567897,0.0029126698126982734,2.977664609405024,normal,,0
2022-11-28 00:00:00+00:00,0.0,1.0,0.14910675106760612,-1.2713393102005937,0.0029126698126981485,2.9948657191530015,normal,,0
2022-11-29 00:00:00+00:00,0.0,1.0,0.14910675106760612,-1.8182121071307147,0.002912669812698041,2.9807387941114873,normal,,0
2022-11-30 00:00:00+00:00,0.0,1.0,0.14910675106760612,-2.0349469453099123,0.0029126698126979477,2.9739261701334296,normal,,0
2022-12-01 00:00:00+00:00,0.0,1.0,0.14910675106760612,-2.0083358190675824,0.0029126698126978674,2.972853146589132,normal,,0
2022-12-02 00:00:00+00:00,0.0,1.0,0.14910675106760612,-2.1052470503279075,0.002912669812697798,2.968171652147961,normal,,0
2022-12-05 00:00:00+00:00,0.0,1.0,0.14910675106760612,-1.655528404744483,0.002912669812697738,2.9771013565606266,normal,,0
2022-12-06 00:00:00+00:00,0.0,1.0,0.14910675106760612,-1.5601256420477772,0.0029126698126976866,2.9778164899026494,normal,,0
2022-12-07 00:00:00+00:00,0.0,1.0,0.14910675106760612,-1.625013572228872,0.002912669812697642,2.9744619278441973,normal,,0
2022-12-08 00:00:00+00:00,0.0,1.0,0.14910675106760612,-1.613145793504357,0.0029126698126976033,2.9730641728107505,normal,,0
2022-12-09 00:00:00+00:00,0.0,1.0,0.14910675106760612,-1.024820673750959,0.00291266981269757,2.987411414523108,normal,,0
2022-12-12 00:00:00+00:00,0.0,1.0,0.14910675106760612,-1.2585216416213967,0.002912669812697541,2.980092158899691,normal,,0
2022-12-13 00:00:00+00:00,0.0,1.0,0.14910675106760612,-1.1955995546999616,0.002912669812697516,2.9806390255036055,normal,,0
2022-12-14 00:00:00+00:00,0.0,1.0,0.14910675106760612,-1.1285020250991111,0.002912669812697495,2.9814013543817808,normal,,0
2022-12-15 00:00:00+00:00,0.0,1.0,0.14910675106760612,-0.6500633513712823,0.0029126698126974763,2.993682115848245,normal,,0
2022-12-16 00:00:00+00:00,0.0,1.0,0.14910675106760612,-0.5947233238972608,0.0029126698126974602,2.9945141106334625,normal,,0
2022-12-19 00:00:00+00:00,2.0,0.0,0.0,0.21549058291310225,0.0029126698126974463,3.0160444921311296,normal,max_hold,0
2022-12-20 00:00:00+00:00,0.0,0.0,0.0,-0.2879145762827958,0.002912669812697434,3.001741111904916,normal,,0
2022-12-21 00:00:00+00:00,0.0,0.0,0.0,-0.38096914532719445,0.0029126698126974242,2.998594369250865,normal,,0
2022-12-22 00:00:00+00:00,0.0,0.0,0.0,-0.6564603343578799,0.002912669812697415,2.9912121551194177,normal,,0
2022-12-23 00:00:00+00:00,0.0,0.0,0.0,-0.5441357474051557,0.0029126698126974073,2.9932872527128858,normal,,0
2022-12-27 00:00:00+00:00,0.0,0.0,0.0,-0.8145910228498349,0.002912669812697401,2.9863157246914644,normal,,0
2022-12-28 00:00:00+00:00,0.0,0.0,0.0,-0.18633727808018538,0.002912669812697395,3.000527841564608,normal,,0
2022-12-29 00:00:00+00:00,0.0,0.0,0.0,-0.038151481118965345,0.00291266981269739,3.003581818098206,normal,,0
2022-12-30 00:00:00+00:00,0.0,0.0,0.0,0.3003638769828736,0.002912669812697386,3.0111071490931436,normal,,0
2023-01-03 00:00:00+00:00,0.0,0.0,0.0,-0.24977531872621714,0.0027451292721925205,3.0325112836993746,normal,,0
2023-01-04 00:00:00+00:00,0.0,0.0,0.0,-1.0135304869641013,0.002745129272192517,3.0152470184910487,normal,,0
2023-01-05 00:00:00+00:00,0.0,0.0,0.0,-1.23264441050593,0.002745129272192514,3.009839365602695,normal,,0
2023-01-06 00:00:00+00:00,0.0,0.0,0.0,-1.165330537829747,0.002745129272192512,3.0104823910351826,normal,,0
2023-01-09 00:00:00+00:00,0.0,0.0,0.0,-0.7736067604110908,0.0027451292721925096,3.0181839024510144,normal,,0
2023-01-10 00:00:00+00:00,0.0,0.0,0.0,-1.1587206594874622,0.0027451292721925075,3.0096230426959667,normal,,0
2023-01-11 00:00:00+00:00,0.0,0.0,0.0,-0.8675538027852695,0.002745129272192506,3.015033439398792,normal,,0
2023-01-12 00:00:00+00:00,0.0,0.0,0.0,-0.9098040889874849,0.0027451292721925044,3.0140995576245797,normal,,0
2023-01-13 00:00:00+00:00,0.0,0.0,0.0,-0.751554264206485,0.0027451292721925036,3.0165953541043593,normal,,0
2023-01-17 00:00:00+00:00,0.0,0.0,0.0,0.18456835611295166,0.0027451292721925023,3.0330798701248334,normal,,0
2023-01-18 00:00:00+00:00,0.0,0.0,0.0,0.49431550308765726,0.0027451292721925014,3.037507551077592,normal,,0
2023-01-19 00:00:00+00:00,0.0,0.0,0.0,0.44906634389669553,0.0027451292721925005,3.0359893673643596,normal,,0
2023-01-20 00:00:00+00:00,0.0,0.0,0.0,-0.2271659330610249,0.0027451292721925,3.024622010011837,normal,,0
2023-01-23 00:00:00+00:00,0.0,0.0,0.0,0.01316101551108277,0.0027451292721924992,3.0279274600110524,normal,,0
2023-01-24 00:00:00+00:00,0.0,0.0,0.0,-0.1727357046405028,0.002745129272192499,3.0246627156157926,normal,,0
2023-01-25 00:00:00+00:00,0.0,0.0,0.0,-0.5032574403316096,0.0027451292721924984,3.019478593900283,normal,,0
2023-01-26 00:00:00+00:00,0.0,0.0,0.0,-0.518496851576728,0.002745129272192498,3.0189028800095605,normal,,0
2023-01-27 00:00:00+00:00,0.0,0.0,0.0,0.07972462082180326,0.002745129272192498,3.0276582261104825,normal,,0
2023-01-30 00:00:00+00:00,0.0,0.0,0.0,0.4913475248432392,0.0027451292721924975,3.033585913022214,normal,,0
2023-01-31 00:00:00+00:00,0.0,0.0,0.0,0.44114446893487474,0.0027451292721924975,3.032786758865341,normal,,0
2023-02-01 00:00:00+00:00,0.0,0.0,0.0,0.38312178853973294,0.002745129272192497,3.0310050880086945,normal,,0
2023-02-02 00:00:00+00:00,0.0,0.0,0.0,0.6854224340112249,0.002745129272192497,3.0330500440952597,normal,,0
2023-02-03 00:00:00+00:00,0.0,0.0,0.0,0.7220271859264746,0.0027451292721924966,3.033005348969204,normal,,0
2023-02-06 00:00:00+00:00,0.0,0.0,0.0,1.1267674701087012,0.0027451292721924966,3.0373982964259008,normal,,0
2023-02-07 00:00:00+00:00,0.0,0.0,0.0,0.592463320634673,0.0027451292721924966,3.031431657990439,normal,,0
2023-02-08 00:00:00+00:00,0.0,0.0,0.0,1.2339164764931039,0.002745129272192496,3.0388872300900047,normal,,0
2023-02-09 00:00:00+00:00,0.0,0.0,0.0,1.480487195571113,0.002745129272192496,3.0422656550216876,normal,,0
2023-02-10 00:00:00+00:00,-1.0,-1.0,0.16087346888404408,1.930481626608529,0.002745129272192496,3.0483055398860572,normal,,0
2023-02-13 00:00:00+00:00,0.0,-1.0,0.16087346888404408,1.384027722064314,0.002745129272192496,3.0426489816793536,normal,,0
2023-02-14 00:00:00+00:00,0.0,-1.0,0.16087346888404408,1.3698644765613572,0.002745129272192496,3.042576553484269,normal,,0
2023-02-15 00:00:00+00:00,0.0,-1.0,0.16087346888404408,2.084344597506339,0.002745129272192496,3.0514019959341607,normal,,0
2023-02-16 00:00:00+00:00,0.0,-1.0,0.16087346888404408,2.12956901289136,0.002745129272192496,3.0523337032254796,normal,,0
2023-02-17 00:00:00+00:00,0.0,-1.0,0.16087346888404408,2.768273526762115,0.002745129272192496,3.0617165202093437,normal,,0
2023-02-21 00:00:00+00:00,0.0,-1.0,0.16087346888404408,2.768784677115823,0.0027451292721924958,3.0643743983396265,normal,,0
2023-02-22 00:00:00+00:00,0.0,-1.0,0.16087346888404408,3.229608859381742,0.0027451292721924958,3.073702909983952,normal,,0
2023-02-23 00:00:00+00:00,0.0,-1.0,0.16087346888404408,3.0697818487288937,0.0027451292721924958,3.0752999216003167,normal,,0
2023-02-24 00:00:00+00:00,0.0,-1.0,0.16087346888404408,2.798439849650051,0.0027451292721924958,3.075026842031107,normal,,0
2023-02-27 00:00:00+00:00,0.0,-1.0,0.16087346888404408,2.514862020599376,0.0027451292721924958,3.073764094567211,normal,,0
2023-02-28 00:00:00+00:00,0.0,-1.0,0.16087346888404408,2.302974624175813,0.0027451292721924958,3.072856015670743,normal,,0
2023-03-01 00:00:00+00:00,0.0,-1.0,0.16087346888404408,1.7169126120069722,0.0027451292721924958,3.0642643754189716,normal,,0
2023-03-02 00:00:00+00:00,0.0,-1.0,0.16087346888404408,1.5594375118203057,0.0027451292721924958,3.0625437508934215,normal,,0
2023-03-03 00:00:00+00:00,0.0,-1.0,0.16087346888404408,1.5899865444364203,0.0027451292721924958,3.064042585541218,normal,,0
2023-03-06 00:00:00+00:00,0.0,-1.0,0.16087346888404408,1.8877972987078202,0.0027451292721924958,3.0707892304755067,normal,,0
2023-03-07 00:00:00+00:00,0.0,-1.0,0.16087346888404408,2.2920304535337594,0.0027451292721924958,3.0801297196726205,normal,,0
2023-03-08 00:00:00+00:00,0.0,-1.0,0.16087346888404408,2.236286102517454,0.0027451292721924958,3.081363805839965,normal,,0
2023-03-09 00:00:00+00:00,0.0,-1.0,0.16087346888404408,2.653504566390146,0.0027451292721924958,3.091962891130625,normal,,0
2023-03-10 00:00:00+00:00,0.0,-1.0,0.16087346888404408,2.8485007120221955,0.0027451292721924958,3.1000019176082243,normal,,0
2023-03-13 00:00:00+00:00,0.0,-1.0,0.16087346888404408,1.7683889197730087,0.0027451292721924958,3.080538528013022,normal,,0
2023-03-14 00:00:00+00:00,0.0,-1.0,0.16087346888404408,1.4836010479263289,0.0027451292721924958,3.075736026096974,normal,,0
2023-03-15 00:00:00+00:00,0.0,-1.0,0.16087346888404408,1.7264645586765537,0.0027451292721924958,3.082498781241185,normal,,0
2023-03-16 00:00:00+00:00,0.0,-1.0,0.16087346888404408,1.9657867919708214,0.0027451292721924958,3.089793094846973,normal,,0
2023-03-17 00:00:00+00:00,0.0,-1.0,0.16087346888404408,1.5359305423110543,0.0027451292721924958,3.0817902999527744,normal,,0
2023-03-20 00:00:00+00:00,0.0,-1.0,0.16087346888404408,1.2519473748696177,0.0027451292721924958,3.076080906760745,normal,,0
2023-03-21 00:00:00+00:00,0.0,-1.0,0.16087346888404408,1.3520995464824395,0.0027451292721924958,3.079568271726469,normal,,0
2023-03-22 00:00:00+00:00,0.0,-1.0,0.16087346888404408,1.4572391723648215,0.0027451292721924958,3.0833885140699895,normal,,0
2023-03-23 00:00:00+00:00,0.0,-1.0,0.16087346888404408,1.2095425182885842,0.0027451292721924958,3.078490262383963,normal,,0
2023-03-24 00:00:00+00:00,0.0,-1.0,0.16087346888404408,0.6530451843295665,0.0027451292721924958,3.0653600386892292,normal,,0
2023-03-27 00:00:00+00:00,2.0,0.0,0.0,0.36453389364335587,0.0027451292721924958,3.0586816836758026,normal,mean_reversion,0
2023-03-28 00:00:00+00:00,0.0,0.0,0.0,-0.024881164292653506,0.0027451292721924958,3.0492149801187605,normal,,0
2023-03-29 00:00:00+00:00,0.0,0.0,0.0,0.01801452895117531,0.0027451292721924958,3.0504744890864868,normal,,0
2023-03-30 00:00:00+00:00,0.0,0.0,0.0,-0.052260947456688404,0.0027451292721924958,3.0487751873796216,normal,,0
2023-03-31 00:00:00+00:00,0.0,0.0,0.0,-0.1778831471027261,0.0027451292721924958,3.0458971736765834,normal,,0
2023-04-03 00:00:00+00:00,0.0,0.0,0.0,-0.4050337025805793,0.0025980244284398643,3.022976747704212,normal,,0
2023-04-04 00:00:00+00:00,0.0,0.0,0.0,-0.6074342585596121,0.0025980244284398643,3.01878211234818,normal,,0
2023-04-05 00:00:00+00:00,0.0,0.0,0.0,-0.7408256032613757,0.0025980244284398643,3.0163549607104088,normal,,0
2023-04-06 00:00:00+00:00,0.0,0.0,0.0,-1.069801736625861,0.0025980244284398643,3.0090944342395374,normal,,0
2023-04-10 00:00:00+00:00,0.0,0.0,0.0,-1.0540159961184226,0.0025980244284398643,3.010217152056794,normal,,0
2023-04-11 00:00:00+00:00,0.0,0.0,0.0,-1.305080662969481,0.0025980244284398643,3.005026896407243,normal,,0
2023-04-12 00:00:00+00:00,0.0,0.0,0.0,-1.3333876613710727,0.0025980244284398643,3.00484205608925,normal,,0
2023-04-13 00:00:00+00:00,0.0,0.0,0.0,-1.6578997331771652,0.0025980244284398643,2.9978869286364382,normal,,0
2023-04-14 00:00:00+00:00,0.0,0.0,0.0,-1.653387761688167,0.0025980244284398643,2.997096424623828,normal,,0
2023-04-17 00:00:00+00:00,0.0,0.0,0.0,-1.244619582601196,0.0025980244284398643,3.0054996387614046,normal,,0
2023-04-18 00:00:00+00:00,0.0,0.0,0.0,-1.1849515036913054,0.0025980244284398643,3.0064381588479683,normal,,0
2023-04-19 00:00:00+00:00,0.0,0.0,0.0,-1.0501741704870184,0.0025980244284398643,3.009595885326231,normal,,0
2023-04-20 00:00:00+00:00,0.0,0.0,0.0,-0.8576483019261544,0.0025980244284398643,3.014102069624247,normal,,0
2023-04-21 00:00:00+00:00,0.0,0.0,0.0,-0.870557937661244,0.0025980244284398643,3.014042979530898,normal,,0
2023-04-24 00:00:00+00:00,0.0,0.0,0.0,-0.8421475477585104,0.0025980244284398643,3.015132149497082,normal,,0
2023-04-25 00:00:00+00:00,0.0,0.0,0.0,-0.8454487050247187,0.0025980244284398643,3.0155391386073864,normal,,0
2023-04-26 00:00:00+00:00,0.0,0.0,0.0,-0.5989959606079901,0.0025980244284398643,3.0213101624711176,normal,,0
2023-04-27 00:00:00+00:00,0.0,0.0,0.0,-1.0816661131876832,0.0025980244284398643,3.010545560302322,normal,,0
2023-04-28 00:00:00+00:00,0.0,0.0,0.0,-0.8536210132043804,0.0025980244284398643,3.01556940008167,normal,,0
2023-05-01 00:00:00+00:00,0.0,0.0,0.0,-0.9174472283762045,0.0025980244284398643,3.014209550150479,normal,,0
2023-05-02 00:00:00+00:00,0.0,0.0,0.0,-1.2534997301973936,0.0025980244284398643,3.006580589888865,normal,,0
2023-05-03 00:00:00+00:00,0.0,0.0,0.0,-0.8592599891156422,0.0025980244284398643,3.015226170756851,normal,,0
2023-05-04 00:00:00+00:00,0.0,0.0,0.0,-1.2523193193895712,0.0025980244284398643,3.0061274798725837,normal,,0
2023-05-05 00:00:00+00:00,0.0,0.0,0.0,-1.6797065052837408,0.0025980244284398643,2.996012698210152,normal,,0
2023-05-08 00:00:00+00:00,0.0,0.0,0.0,-1.474202720814112,0.0025980244284398643,2.99961967690039,normal,,0
2023-05-09 00:00:00+00:00,0.0,0.0,0.0,-1.0688492271284706,0.0025980244284398643,3.0082915621692696,normal,,0
2023-05-10 00:00:00+00:00,0.0,0.0,0.0,-0.9476982779523707,0.0025980244284398643,3.0105963939264964,normal,,0
2023-05-11 00:00:00+00:00,0.0,0.0,0.0,-0.18949898461144427,0.0025980244284398643,3.0285726033549576,normal,,0
2023-05-12 00:00:00+00:00,0.0,0.0,0.0,-0.30589382697203543,0.0025980244284398643,3.0258201211488616,normal,,0
2023-05-15 00:00:00+00:00,0.0,0.0,0.0,-0.536047632309361,0.0025980244284398643,3.0201055438770625,normal,,0
2023-05-16 00:00:00+00:00,0.0,0.0,0.0,-0.2970894442383208,0.0025980244284398643,3.0256317642014974,normal,,0
2023-05-17 00:00:00+00:00,0.0,0.0,0.0,-0.17475855249697614,0.0025980244284398643,3.02829685781151,normal,,0
2023-05-18 00:00:00+00:00,0.0,0.0,0.0,-0.0038833530761611195,0.0025980244284398643,3.0321298719694214,normal,,0
2023-05-19 00:00:00+00:00,0.0,0.0,0.0,0.20799956246778875,0.0025980244284398643,3.036805384289721,normal,,0
2023-05-22 00:00:00+00:00,0.0,0.0,0.0,0.26443363498911454,0.0025980244284398643,3.0377416913092907,normal,,0
2023-05-23 00:00:00+00:00,0.0,0.0,0.0,0.5930024672031227,0.0025980244284398643,3.045064973186039,normal,,0
2023-05-24 00:00:00+00:00,0.0,0.0,0.0,0.9578896298927833,0.0025980244284398643,3.0532914951281396,normal,,0
2023-05-25 00:00:00+00:00,0.0,0.0,0.0,1.021993841827334,0.0025980244284398643,3.0547102760585574,normal,,0
2023-05-26 00:00:00+00:00,0.0,0.0,0.0,1.0369202846967525,0.0025980244284398643,3.055306704687899,normal,,0
2023-05-30 00:00:00+00:00,0.0,0.0,0.0,1.3904504161626001,0.0025980244284398643,3.063947861949687,normal,,0
2023-05-31 00:00:00+00:00,0.0,0.0,0.0,0.9030162242248441,0.0025980244284398643,3.053028401464947,normal,,0
2023-06-01 00:00:00+00:00,0.0,0.0,0.0,0.28156767074646477,0.0025980244284398643,3.038201979357281,normal,,0
2023-06-02 00:00:00+00:00,0.0,0.0,0.0,0.19554642403024314,0.0025980244284398643,3.0356720150564005,normal,,0
2023-06-05 00:00:00+00:00,0.0,0.0,0.0,0.4042316028385357,0.0025980244284398643,3.0399409183691084,normal,,0
2023-06-06 00:00:00+00:00,0.0,0.0,0.0,0.4342990376741834,0.0025980244284398643,3.039749830891877,normal,,0
2023-06-07 00:00:00+00:00,0.0,0.0,0.0,0.5697620860410689,0.0025980244284398643,3.041468942488289,normal,,0
2023-06-08 00:00:00+00:00,0.0,0.0,0.0,0.589124796168487,0.0025980244284398643,3.041291436595416,normal,,0
2023-06-09 00:00:00+00:00,0.0,0.0,0.0,0.9442168893890817,0.0025980244284398643,3.0481818777134246,normal,,0
2023-06-12 00:00:00+00:00,0.0,0.0,0.0,0.8171682395915969,0.0025980244284398643,3.0449630602213977,normal,,0
2023-06-13 00:00:00+00:00,0.0,0.0,0.0,0.8144845434209851,0.0025980244284398643,3.0438809483281712,normal,,0
2023-06-14 00:00:00+00:00,0.0,0.0,0.0,0.8986315041072429,0.0025980244284398643,3.0447860142859797,normal,,0
2023-06-15 00:00:00+00:00,0.0,0.0,0.0,1.1376379518032265,0.0025980244284398643,3.048808990491558,normal,,0
2023-06-16 00:00:00+00:00,0.0,0.0,0.0,0.7594370618086324,0.0025980244284398643,3.0412180390493755,normal,,0
2023-06-20 00:00:00+00:00,0.0,0.0,0.0,1.6332413581556835,0.0025980244284398643,3.0560066559252883,normal,,0
2023-06-21 00:00:00+00:00,0.0,0.0,0.0,1.7014581246176572,0.0025980244284398643,3.056924184406003,normal,,0
2023-06-22 00:00:00+00:00,0.0,0.0,0.0,1.347263440800875,0.0025980244284398643,3.0511007101161747,normal,,0
2023-06-23 00:00:00+00:00,0.0,0.0,0.0,1.6179067259598034,0.0025980244284398643,3.056446868508339,normal,,0
2023-06-26 00:00:00+00:00,0.0,0.0,0.0,1.1275520002639163,0.0025980244284398643,3.0483868374638075,normal,,0
2023-06-27 00:00:00+00:00,0.0,0.0,0.0,1.4334801933490733,0.0025980244284398643,3.054603649183649,normal,,0
2023-06-28 00:00:00+00:00,0.0,0.0,0.0,1.7084405344808886,0.0025980244284398643,3.0607027136610983,normal,,0
2023-06-29 00:00:00+00:00,0.0,0.0,0.0,1.1702055633151767,0.0025980244284398643,3.0515201393753433,normal,,0
2023-06-30 00:00:00+00:00,0.0,0.0,0.0,0.9212489435747282,0.0025980244284398643,3.0473216656742386,normal,,0
2023-07-03 00:00:00+00:00,0.0,0.0,0.0,0.3758750908149245,0.002465858408839631,2.9947218884090354,normal,,0
2023-07-05 00:00:00+00:00,0.0,0.0,0.0,1.0742864048938767,0.002465858408839631,3.009362435357661,normal,,0
2023-07-06 00:00:00+00:00,0.0,0.0,0.0,1.7568225594934315,0.002465858408839631,3.02405565922623,normal,,0
2023-07-07 00:00:00+00:00,0.0,0.0,0.0,1.538628117929397,0.002465858408839631,3.0210425016061015,normal,,0
2023-07-10 00:00:00+00:00,0.0,0.0,0.0,0.9219088426850447,0.002465858408839631,3.009285620344852,normal,,0
2023-07-11 00:00:00+00:00,0.0,0.0,0.0,0.9100990773444438,0.002465858408839631,3.0096560659435156,normal,,0
2023-07-12 00:00:00+00:00,0.0,0.0,0.0,-0.059916846132704434,0.002465858408839631,2.9905415451163253,normal,,0
2023-07-13 00:00:00+00:00,0.0,0.0,0.0,-0.4337713002336126,0.002465858408839631,2.983858245402945,normal,,0
2023-07-14 00:00:00+00:00,0.0,0.0,0.0,-0.33675171113984714,0.002465858408839631,2.9862460282331034,normal,,0
2023-07-17 00:00:00+00:00,0.0,0.0,0.0,-0.404436476940074,0.002465858408839631,2.9854803612156537,normal,,0
2023-07-18 00:00:00+00:00,0.0,0.0,0.0,-0.5403707060382891,0.002465858408839631,2.9833925786822757,normal,,0
2023-07-19 00:00:00+00:00,0.0,0.0,0.0,-0.151955754191558,0.002465858408839631,2.9908469466605654,normal,,0
2023-07-20 00:00:00+00:00,0.0,0.0,0.0,0.6117375740345873,0.002465858408839631,3.005081496487476,normal,,0
2023-07-21 00:00:00+00:00,0.0,0.0,0.0,0.2617212695871551,0.002465858408839631,2.999229503514006,normal,,0
2023-07-24 00:00:00+00:00,0.0,0.0,0.0,0.25364459591952276,0.002465858408839631,2.999473413056462,normal,,0
2023-07-25 00:00:00+00:00,0.0,0.0,0.0,-0.04270690535402275,0.002465858408839631,2.9945674798443425,normal,,0
2023-07-26 00:00:00+00:00,0.0,0.0,0.0,0.18714447064008147,0.002465858408839631,2.9990003790447792,normal,,0
2023-07-27 00:00:00+00:00,0.0,0.0,0.0,1.0342390901106597,0.002465858408839631,3.0137766943240645,normal,,0
2023-07-28 00:00:00+00:00,0.0,0.0,0.0,0.9733913064467331,0.002465858408839631,3.0132837978598395,normal,,0
2023-07-31 00:00:00+00:00,0.0,0.0,0.0,0.173045366045815,0.002465858408839631,3.0005851133911072,normal,,0
2023-08-01 00:00:00+00:00,0.0,0.0,0.0,0.8838898986320517,0.002465858408839631,3.0123646390649497,normal,,0
2023-08-02 00:00:00+00:00,-1.0,-1.0,0.17612810765690842,2.113537291882901,0.002465858408839631,3.031557188402773,normal,,0
2023-08-03 00:00:00+00:00,0.0,-1.0,0.17612810765690842,2.1238407556758836,0.002465858408839631,3.0315614013568,normal,,0
2023-08-04 00:00:00+00:00,0.0,-1.0,0.17612810765690842,1.927479372806571,0.002465858408839631,3.028693315811988,normal,,0
2023-08-07 00:00:00+00:00,0.0,-1.0,0.17612810765690842,2.032350614933532,0.002465858408839631,3.0303547168685454,normal,,0
2023-08-08 00:00:00+00:00,0.0,-1.0,0.17612810765690842,1.9590260633142376,0.002465858408839631,3.029704296727371,normal,,0
2023-08-09 00:00:00+00:00,0.0,-1.0,0.17612810765690842,1.4838766128186562,0.002465858408839631,3.024441600857635,normal,,0
2023-08-10 00:00:00+00:00,0.0,-1.0,0.17612810765690842,1.4152993406010677,0.002465858408839631,3.0241226021515546,normal,,0
2023-08-11 00:00:00+00:00,0.0,-1.0,0.17612810765690842,0.8533411127631341,0.002465858408839631,3.0171353637466964,normal,,0
2023-08-14 00:00:00+00:00,0.0,-1.0,0.17612810765690842,1.2999246666348538,0.002465858408839631,3.023172251325954,normal,,0
2023-08-15 00:00:00+00:00,0.0,-1.0,0.17612810765690842,2.414074627758235,0.002465858408839631,3.0377357164673646,normal,,0
2023-08-16 00:00:00+00:00,0.0,-1.0,0.17612810765690842,2.5667871421153405,0.002465858408839631,3.041468559994387,normal,,0
2023-08-17 00:00:00+00:00,0.0,-1.0,0.17612810765690842,2.6140424990467697,0.002465858408839631,3.04436192497736,normal,,0
2023-08-18 00:00:00+00:00,0.0,-1.0,0.17612810765690842,2.7706521512211415,0.002465858408839631,3.0490749726493,normal,,0
2023-08-21 00:00:00+00:00,0.0,-1.0,0.17612810765690842,2.2452727256359237,0.002465858408839631,3.04427387853423,normal,,0
2023-08-22 00:00:00+00:00,0.0,-1.0,0.17612810765690842,1.8398438932015664,0.002465858408839631,3.0398436525409767,normal,,0
2023-08-23 00:00:00+00:00,0.0,-1.0,0.17612810765690842,1.3050404727082943,0.002465858408839631,3.0324505261858206,normal,,0
2023-08-24 00:00:00+00:00,0.0,-1.0,0.17612810765690842,1.3930234921136666,0.002465858408839631,3.0345032352478007,normal,,0
2023-08-25 00:00:00+00:00,0.0,-1.0,0.17612810765690842,1.7141311986633332,0.002465858408839631,3.0403299078904085,normal,,0
2023-08-28 00:00:00+00:00,0.0,-1.0,0.17612810765690842,0.9329579629194352,0.002465858408839631,3.028226152135419,normal,,0
2023-08-29 00:00:00+00:00,0.0,-1.0,0.17612810765690842,0.8875628078598484,0.002465858408839631,3.027977051797337,normal,,0
2023-08-30 00:00:00+00:00,0.0,-1.0,0.17612810765690842,1.0009014122017001,0.002465858408839631,3.0303910817529993,normal,,0
2023-08-31 00:00:00+00:00,0.0,-1.0,0.17612810765690842,1.1747893083848715,0.002465858408839631,3.033884637596643,normal,,0
2023-09-01 00:00:00+00:00,0.0,-1.0,0.17612810765690842,1.3749307243679194,0.002465858408839631,3.03794208430468,normal,,0
2023-09-05 00:00:00+00:00,0.0,-1.0,0.17612810765690842,1.5802459255049437,0.002465858408839631,3.0422905249947023,normal,,0
2023-09-06 00:00:00+00:00,0.0,-1.0,0.17612810765690842,1.3375533632587464,0.002465858408839631,3.039149194430931,normal,,0
2023-09-07 00:00:00+00:00,0.0,-1.0,0.17612810765690842,1.6247300809406868,0.002465858408839631,3.0450029399423904,normal,,0
2023-09-08 00:00:00+00:00,0.0,-1.0,0.17612810765690842,1.4421613871139012,0.002465858408839631,3.042918021722242,normal,,0
2023-09-11 00:00:00+00:00,0.0,-1.0,0.17612810765690842,0.9908014218680152,0.002465858408839631,3.035753720154276,normal,,0
2023-09-12 00:00:00+00:00,0.0,-1.0,0.17612810765690842,0.65651373938156,0.002465858408839631,3.030312330457843,normal,,0
2023-09-13 00:00:00+00:00,0.0,-1.0,0.17612810765690842,0.5960605436045402,0.002465858408839631,3.029613486209881,normal,,0
2023-09-14 00:00:00+00:00,0.0,-1.0,0.17612810765690842,-0.002223474223809799,0.002465858408839631,3.019345314000144,normal,,0
2023-09-15 00:00:00+00:00,0.0,-1.0,0.17612810765690842,-0.31766100529552843,0.002465858408839631,3.0137940236895058,normal,,0
2023-09-18 00:00:00+00:00,0.0,-1.0,0.17612810765690842,-0.0028984637043002522,0.002465858408839631,3.019391907329097,normal,,0
2023-09-19 00:00:00+00:00,0.0,-1.0,0.17612810765690842,0.39519079393996204,0.002465858408839631,3.026651503430904,normal,,0
2023-09-20 00:00:00+00:00,2.0,0.0,0.0,-0.0007121615164898896,0.002465858408839631,3.01979055330753,normal,mean_reversion,0
2023-09-21 00:00:00+00:00,0.0,0.0,0.0,0.6357053495365083,0.002465858408839631,3.0313069173056397,normal,,0
2023-09-22 00:00:00+00:00,0.0,0.0,0.0,0.7933779340808705,0.002465858408839631,3.03443726962538,normal,,0
2023-09-25 00:00:00+00:00,0.0,0.0,0.0,0.9131654108068062,0.002465858408839631,3.036903356244884,normal,,0
2023-09-26 00:00:00+00:00,0.0,0.0,0.0,1.392434059635563,0.002465858408839631,3.0460153609538625,normal,,0
2023-09-27 00:00:00+00:00,0.0,0.0,0.0,1.7625089391676536,0.002465858408839631,3.0536296265370706,normal,,0
2023-09-28 00:00:00+00:00,0.0,0.0,0.0,1.0703280319253385,0.002465858408839631,3.0421871096138604,normal,,0
2023-09-29 00:00:00+00:00,0.0,0.0,0.0,1.0117932353282242,0.002465858408839631,3.0417542277777847,normal,,0
2023-10-02 00:00:00+00:00,0.0,0.0,0.0,1.4094080961256967,0.002344639020811823,3.042987935213002,normal,,0
2023-10-03 00:00:00+00:00,0.0,0.0,0.0,1.076981357310193,0.002344639020811823,3.037619166839365,normal,,0
2023-10-04 00:00:00+00:00,0.0,0.0,0.0,1.31048562383604,0.002344639020811823,3.042710604857478,normal,,0
2023-10-05 00:00:00+00:00,0.0,0.0,0.0,0.6608004899273617,0.002344639020811823,3.0311760780892327,normal,,0
2023-10-06 00:00:00+00:00,0.0,0.0,0.0,0.13190154642748386,0.002344639020811823,3.0217988593141936,normal,,0
2023-10-09 00:00:00+00:00,0.0,0.0,0.0,0.208653185374671,0.002344639020811823,3.023797107102352,normal,,0
2023-10-10 00:00:00+00:00,0.0,0.0,0.0,-0.18732021345672542,0.002344639020811823,3.017656558861843,normal,,0
2023-10-11 00:00:00+00:00,0.0,0.0,0.0,-0.6175877739521113,0.002344639020811823,3.0115865006460805,normal,,0
2023-10-12 00:00:00+00:00,0.0,0.0,0.0,0.19614094889369654,0.002344639020811823,3.0249997656358834,normal,,0
2023-10-13 00:00:00+00:00,0.0,0.0,0.0,0.327809115430834,0.002344639020811823,3.0273716853938324,normal,,0
2023-10-16 00:00:00+00:00,0.0,0.0,0.0,-0.13992894180407123,0.002344639020811823,3.0213126886764936,normal,,0
2023-10-17 00:00:00+00:00,0.0,0.0,0.0,-0.8367843230352552,0.002344639020811823,3.012727900776592,normal,,0
2023-10-18 00:00:00+00:00,0.0,0.0,0.0,0.3384785204310073,0.002344639020811823,3.028306505502979,normal,,0
2023-10-19 00:00:00+00:00,0.0,0.0,0.0,1.2859456463354413,0.002344639020811823,3.039697771431942,normal,,0
2023-10-20 00:00:00+00:00,-1.0,-1.0,0.1302344808350168,1.5628137700202014,0.002344639020811823,3.0426897581651726,normal,,0
2023-10-23 00:00:00+00:00,0.0,-1.0,0.1302344808350168,1.7922475922802412,0.002344639020811823,3.0457099216570462,normal,,0
2023-10-24 00:00:00+00:00,0.0,-1.0,0.1302344808350168,1.509353067926077,0.002344639020811823,3.043239878646191,normal,,0
2023-10-25 00:00:00+00:00,0.0,-1.0,0.1302344808350168,3.3653852572952765,0.002344639020811823,3.062002671211569,normal,,0
2023-10-26 00:00:00+00:00,0.0,-1.0,0.1302344808350168,3.4170216450455504,0.002344639020811823,3.0652581673714807,normal,,0
2023-10-27 00:00:00+00:00,0.0,-1.0,0.1302344808350168,2.579296400998549,0.002344639020811823,3.059471319817431,normal,,0
2023-10-30 00:00:00+00:00,0.0,-1.0,0.1302344808350168,2.8017277290994764,0.002344639020811823,3.0643876921646305,normal,,0
2023-10-31 00:00:00+00:00,0.0,-1.0,0.1302344808350168,3.563779126272636,0.002344639020811823,3.0771349700131587,normal,,0
2023-11-01 00:00:00+00:00,0.0,-1.0,0.1302344808350168,2.8296054180255124,0.002344639020811823,3.072051876252766,normal,,0
2023-11-02 00:00:00+00:00,0.0,-1.0,0.1302344808350168,2.696731365045923,0.002344639020811823,3.0733414475596397,normal,,0
2023-11-03 00:00:00+00:00,0.0,-1.0,0.1302344808350168,0.7423376160736865,0.002344639020811823,3.045025179581034,normal,,0
2023-11-06 00:00:00+00:00,0.0,-1.0,0.1302344808350168,0.9406496220291443,0.002344639020811823,3.0486063284445524,normal,,0
2023-11-07 00:00:00+00:00,0.0,-1.0,0.1302344808350168,1.4939068514821898,0.002344639020811823,3.0578127468128624,normal,,0
2023-11-08 00:00:00+00:00,0.0,-1.0,0.1302344808350168,2.1045895315692684,0.002344639020811823,3.0683876789831714,normal,,0
2023-11-09 00:00:00+00:00,0.0,-1.0,0.1302344808350168,2.2711357138835506,0.002344639020811823,3.072946157807737,normal,,0
2023-11-10 00:00:00+00:00,0.0,-1.0,0.1302344808350168,2.0293942085430037,0.002344639020811823,3.071003957598206,normal,,0
2023-11-13 00:00:00+00:00,0.0,-1.0,0.1302344808350168,2.413639446399048,0.002344639020811823,3.079552099508063,normal,,0
2023-11-14 00:00:00+00:00,0.0,-1.0,0.1302344808350168,1.1678849287718598,0.002344639020811823,3.059029053880795,normal,,0
2023-11-15 00:00:00+00:00,0.0,-1.0,0.1302344808350168,1.1817208880043721,0.002344639020811823,3.0598898011577345,normal,,0
2023-11-16 00:00:00+00:00,0.0,-1.0,0.1302344808350168,1.2659817874121702,0.002344639020811823,3.0621789056539694,normal,,0
2023-11-17 00:00:00+00:00,0.0,-1.0,0.1302344808350168,1.4142136416057305,0.002344639020811823,3.0658545860659903,normal,,0
2023-11-20 00:00:00+00:00,0.0,-1.0,0.1302344808350168,1.2642993779853824,0.002344639020811823,3.063942429303557,normal,,0
2023-11-21 00:00:00+00:00,0.0,-1.0,0.1302344808350168,0.8720559066330097,0.002344639020811823,3.0570336120571815,normal,,0
2023-11-22 00:00:00+00:00,0.0,-1.0,0.1302344808350168,0.6261380267091889,0.002344639020811823,3.0527695595536417,normal,,0
2023-11-24 00:00:00+00:00,0.0,-1.0,0.1302344808350168,0.7725509004535422,0.002344639020811823,3.0560932602467274,normal,,0
2023-11-27 00:00:00+00:00,0.0,-1.0,0.1302344808350168,0.5537011785899945,0.002344639020811823,3.0523339063169503,normal,,0
2023-11-28 00:00:00+00:00,0.0,-1.0,0.1302344808350168,-0.2320761608780634,0.002344639020811823,3.037432680905094,normal,,0
2023-11-29 00:00:00+00:00,0.0,-1.0,0.1302344808350168,-0.2606042928802635,0.002344639020811823,3.036990678151608,normal,,0
2023-11-30 00:00:00+00:00,0.0,-1.0,0.1302344808350168,-0.6036080544841789,0.002344639020811823,3.0303539696830426,normal,,0
2023-12-01 00:00:00+00:00,0.0,-1.0,0.1302344808350168,-0.1684827098893486,0.002344639020811823,3.0387639554598627,normal,,0
2023-12-04 00:00:00+00:00,0.0,-1.0,0.1302344808350168,-0.34253669234508927,0.002344639020811823,3.035387198756807,normal,,0
2023-12-05 00:00:00+00:00,0.0,-1.0,0.1302344808350168,-0.03116683309359425,0.002344639020811823,3.041424085760082,normal,,0
2023-12-06 00:00:00+00:00,0.0,-1.0,0.1302344808350168,0.18646907793457426,0.002344639020811823,3.045846951906501,normal,,0
2023-12-07 00:00:00+00:00,0.0,-1.0,0.1302344808350168,0.18788019840880685,0.002344639020811823,3.046215929377798,normal,,0
2023-12-08 00:00:00+00:00,0.0,-1.0,0.1302344808350168,0.39573272728672104,0.002344639020811823,3.0505312663661512,normal,,0
2023-12-11 00:00:00+00:00,0.0,-1.0,0.1302344808350168,-0.07036513558591335,0.002344639020811823,3.0423110133372195,normal,,0
2023-12-12 00:00:00+00:00,0.0,-1.0,0.1302344808350168,0.7272102675575404,0.002344639020811823,3.057319262949621,normal,,0
2023-12-13 00:00:00+00:00,0.0,-1.0,0.1302344808350168,-0.26615754068423686,0.002344639020811823,3.0402652320485886,normal,,0
2023-12-14 00:00:00+00:00,0.0,-1.0,0.1302344808350168,-0.833437016701531,0.002344639020811823,3.0308550850756966,normal,,0
2023-12-15 00:00:00+00:00,0.0,-1.0,0.1302344808350168,-1.0096204855729625,0.002344639020811823,3.0285161498595685,normal,,0
2023-12-18 00:00:00+00:00,0.0,-1.0,0.1302344808350168,-0.4130234762513605,0.002344639020811823,3.0386997796837134,normal,,0
2023-12-19 00:00:00+00:00,0.0,-1.0,0.1302344808350168,-1.0658421153399342,0.002344639020811823,3.0280376168257317,normal,,0
2023-12-20 00:00:00+00:00,2.0,0.0,0.0,-0.29660644408720716,0.002344639020811823,3.0408342400154798,normal,mean_reversion,0
2023-12-21 00:00:00+00:00,0.0,0.0,0.0,-0.4717629734024712,0.002344639020811823,3.037929883751785,normal,,0
2023-12-22 00:00:00+00:00,0.0,0.0,0.0,-0.6939705630478055,0.002344639020811823,3.034038884233533,normal,,0
2023-12-26 00:00:00+00:00,0.0,0.0,0.0,-0.48924109490343604,0.002344639020811823,3.037434257670524,normal,,0
2023-12-27 00:00:00+00:00,0.0,0.0,0.0,-0.47621954916078046,0.002344639020811823,3.0376988987931037,normal,,0
2023-12-28 00:00:00+00:00,0.0,0.0,0.0,0.2324904081117926,0.002344639020811823,3.049491926881133,normal,,0
2023-12-29 00:00:00+00:00,0.0,0.0,0.0,0.22927663454247071,0.002344639020811823,3.049629998810209,normal,,0
2024-01-02 00:00:00+00:00,0.0,0.0,0.0,0.6823943328392352,0.0022347567829404274,3.0516892842549437,normal,,0
2024-01-03 00:00:00+00:00,0.0,0.0,0.0,1.1415457380256997,0.0022347567829404274,3.0597779890301,normal,,0
2024-01-04 00:00:00+00:00,0.0,0.0,0.0,1.0612008776007142,0.0022347567829404274,3.0590170141907875,normal,,0
2024-01-05 00:00:00+00:00,0.0,0.0,0.0,1.2399374250436153,0.0022347567829404274,3.062504417524547,normal,,0
2024-01-08 00:00:00+00:00,0.0,0.0,0.0,0.679201367312048,0.0022347567829404274,3.053919764093437,normal,,0
2024-01-09 00:00:00+00:00,-1.0,-1.0,0.1287654765517488,1.5451857186209856,0.0022347567829404274,3.067696332414837,normal,,0
2024-01-10 00:00:00+00:00,0.0,-1.0,0.1287654765517488,1.420710995049879,0.0022347567829404274,3.0665273639703123,normal,,0
2024-01-11 00:00:00+00:00,0.0,-1.0,0.1287654765517488,1.8252392955785006,0.0022347567829404274,3.073473329493803,normal,,0
2024-01-12 00:00:00+00:00,0.0,-1.0,0.1287654765517488,1.1752298171845386,0.0022347567829404274,3.0643024170448143,normal,,0
2024-01-16 00:00:00+00:00,0.0,-1.0,0.1287654765517488,2.485431096734425,0.0022347567829404274,3.0836397325443667,normal,,0
2024-01-17 00:00:00+00:00,0.0,-1.0,0.1287654765517488,3.039836139731123,0.0022347567829404274,3.0939420576743024,normal,,0
2024-01-18 00:00:00+00:00,0.0,-1.0,0.1287654765517488,3.1547337630751486,0.0022347567829404274,3.0998197079941874,normal,,0
2024-01-19 00:00:00+00:00,0.0,-1.0,0.1287654765517488,2.936003969787298,0.0022347567829404274,3.100867514048357,normal,,0
2024-01-22 00:00:00+00:00,0.0,-1.0,0.1287654765517488,2.634398887045112,0.0022347567829404274,3.0996852958746937,normal,,0
2024-01-23 00:00:00+00:00,0.0,-1.0,0.1287654765517488,1.791494967628206,0.0022347567829404274,3.0869109947439983,normal,,0
2024-01-24 00:00:00+00:00,0.0,-1.0,0.1287654765517488,2.0256570395907914,0.0022347567829404274,3.092967756145381,normal,,0
2024-01-25 00:00:00+00:00,0.0,-1.0,0.1287654765517488,1.362221285672368,0.0022347567829404274,3.0812542397631115,normal,,0
2024-01-26 00:00:00+00:00,0.0,-1.0,0.1287654765517488,1.5668800240916303,0.0022347567829404274,3.0863959015158646,normal,,0
2024-01-29 00:00:00+00:00,0.0,-1.0,0.1287654765517488,1.537036039008598,0.0022347567829404274,3.0868714485993243,normal,,0
2024-01-30 00:00:00+00:00,0.0,-1.0,0.1287654765517488,1.795840125907214,0.0022347567829404274,3.0931574955019654,normal,,0
2024-01-31 00:00:00+00:00,0.0,-1.0,0.1287654765517488,1.9860344978160478,0.0022347567829404274,3.0987282963344525,normal,,0
2024-02-01 00:00:00+00:00,0.0,-1.0,0.1287654765517488,1.1453794031309055,0.0022347567829404274,3.081477493330223,normal,,0
2024-02-02 00:00:00+00:00,0.0,-1.0,0.1287654765517488,1.794907317610326,0.0022347567829404274,3.097174124281071,normal,,0
2024-02-05 00:00:00+00:00,0.0,-1.0,0.1287654765517488,2.081194229825037,0.0022347567829404274,3.1057255090893943,normal,,0
2024-02-06 00:00:00+00:00,0.0,-1.0,0.1287654765517488,1.838706777523548,0.0022347567829404274,3.1024545831451316,normal,,0
2024-02-07 00:00:00+00:00,0.0,-1.0,0.1287654765517488,2.004598435766765,0.0022347567829404274,3.108462738064307,normal,,0
2024-02-08 00:00:00+00:00,0.0,-1.0,0.1287654765517488,2.0097196765040026,0.0022347567829404274,3.1108781201295863,normal,,0
2024-02-09 00:00:00+00:00,0.0,-1.0,0.1287654765517488,2.100827850103689,0.0022347567829404274,3.1157372856258823,normal,,0
2024-02-12 00:00:00+00:00,0.0,-1.0,0.1287654765517488,1.6475292584556664,0.0022347567829404274,3.105914806541147,normal,,0
2024-02-13 00:00:00+00:00,0.0,-1.0,0.1287654765517488,2.2045467478590925,0.0022347567829404274,3.1233541239884683,normal,,0
2024-02-14 00:00:00+00:00,0.0,-1.0,0.1287654765517488,2.038327998183744,0.0022347567829404274,3.1220770442444112,normal,,0
2024-02-15 00:00:00+00:00,0.0,-1.0,0.1287654765517488,1.4911866595852965,0.0022347567829404274,3.108714787130596,normal,,0
2024-02-16 00:00:00+00:00,0.0,-1.0,0.1287654765517488,1.4768125327732244,0.0022347567829404274,3.109897781096775,normal,,0
2024-02-20 00:00:00+00:00,0.0,-1.0,0.1287654765517488,1.6366945600488039,0.0022347567829404274,3.1165285319265355,normal,,0
2024-02-21 00:00:00+00:00,0.0,-1.0,0.1287654765517488,1.6616202401339897,0.0022347567829404274,3.119431280408747,normal,,0
2024-02-22 00:00:00+00:00,0.0,-1.0,0.1287654765517488,2.0626708824911892,0.0022347567829404274,3.1346366992365104,normal,,0
2024-02-23 00:00:00+00:00,0.0,-1.0,0.1287654765517488,1.7639191818444582,0.0022347567829404274,3.1282032780547615,normal,,0
2024-02-26 00:00:00+00:00,0.0,-1.0,0.1287654765517488,2.04977004537719,0.0022347567829404274,3.140580130386105,normal,,0
2024-02-27 00:00:00+00:00,0.0,-1.0,0.1287654765517488,1.9852406697300398,0.0022347567829404274,3.1417420965779534,normal,,0
2024-02-28 00:00:00+00:00,0.0,-1.0,0.1287654765517488,2.083991348804119,0.0022347567829404274,3.1484840215636662,normal,,0
2024-02-29 00:00:00+00:00,0.0,-1.0,0.1287654765517488,1.726505366740944,0.0022347567829404274,3.138952382908144,normal,,0
2024-03-01 00:00:00+00:00,0.0,-1.0,0.1287654765517488,1.5291766537028664,0.0022347567829404274,3.1342207605826484,normal,,0
2024-03-04 00:00:00+00:00,0.0,-1.0,0.1287654765517488,1.1784281357291377,0.0022347567829404274,3.123261763287545,normal,,0
2024-03-05 00:00:00+00:00,0.0,-1.0,0.1287654765517488,1.23741909810888,0.0022347567829404274,3.1268386967385755,normal,,0
2024-03-06 00:00:00+00:00,0.0,-1.0,0.1287654765517488,1.0615372710068278,0.0022347567829404274,3.1218747364889547,normal,,0
2024-03-07 00:00:00+00:00,0.0,-1.0,0.1287654765517488,0.9804857376315904,0.0022347567829404274,3.120161809571345,normal,,0
2024-03-08 00:00:00+00:00,0.0,-1.0,0.1287654765517488,1.0738484182384562,0.0022347567829404274,3.1247654558131766,normal,,0
2024-03-11 00:00:00+00:00,0.0,-1.0,0.1287654765517488,0.8838572407769688,0.0022347567829404274,3.119069661171232,normal,,0
2024-03-12 00:00:00+00:00,0.0,-1.0,0.1287654765517488,0.9057004731290709,0.0022347567829404274,3.1209316370824505,normal,,0
2024-03-13 00:00:00+00:00,0.0,-1.0,0.1287654765517488,0.5841925192780683,0.0022347567829404274,3.110410282694048,normal,,0
2024-03-14 00:00:00+00:00,0.0,-1.0,0.1287654765517488,0.6482719195752124,0.0022347567829404274,3.1135455235240754,normal,,0
2024-03-15 00:00:00+00:00,0.0,-1.0,0.1287654765517488,0.6017858271516394,0.0022347567829404274,3.112801049847554,normal,,0
2024-03-18 00:00:00+00:00,0.0,-1.0,0.1287654765517488,0.7518958912756866,0.0022347567829404274,3.1186256450751886,normal,,0
2024-03-19 00:00:00+00:00,0.0,-1.0,0.1287654765517488,1.0652642168442539,0.0022347567829404274,3.1293482289187518,normal,,0
2024-03-20 00:00:00+00:00,2.0,0.0,0.0,0.5738163004184292,0.0022347567829404274,3.11480016447173,normal,mean_reversion,0
2024-03-21 00:00:00+00:00,0.0,0.0,0.0,0.6592384307569211,0.0022347567829404274,3.1181269561240073,normal,,0
2024-03-22 00:00:00+00:00,0.0,0.0,0.0,0.7843398088727696,0.0022347567829404274,3.122357638380579,normal,,0
2024-03-25 00:00:00+00:00,0.0,0.0,0.0,0.6552084240769862,0.0022347567829404274,3.119304953175998,normal,,0
2024-03-26 00:00:00+00:00,0.0,0.0,0.0,0.717684744262874,0.0022347567829404274,3.121440428524119,normal,,0
2024-03-27 00:00:00+00:00,0.0,0.0,0.0,0.1925477222535789,0.0022347567829404274,3.1088126568603456,normal,,0
2024-03-28 00:00:00+00:00,0.0,0.0,0.0,0.014780441718970954,0.0022347567829404274,3.1054227272683295,normal,,0
2024-04-01 00:00:00+00:00,0.0,0.0,0.0,0.12126701531705274,0.002137742146435099,3.122622819697608,normal,,0
2024-04-02 00:00:00+00:00,0.0,0.0,0.0,0.3216361448888097,0.002137742146435099,3.1277095567082864,normal,,0
2024-04-03 00:00:00+00:00,0.0,0.0,0.0,0.0012465235754283686,0.002137742146435099,3.1216242143755397,normal,,0
2024-04-04 00:00:00+00:00,0.0,0.0,0.0,0.209287723446136,0.002137742146435099,3.1265512912757805,normal,,0
2024-04-05 00:00:00+00:00,0.0,0.0,0.0,-0.20008157334884932,0.002137742146435099,3.1195665804441317,normal,,0
2024-04-08 00:00:00+00:00,0.0,0.0,0.0,0.47243274758891,0.002137742146435099,3.1324466508477515,normal,,0
2024-04-09 00:00:00+00:00,0.0,0.0,0.0,0.23339616439969918,0.002137742146435099,3.1288052946762,normal,,0
2024-04-10 00:00:00+00:00,0.0,0.0,0.0,0.2114148555289911,0.002137742146435099,3.1289679564309716,normal,,0
2024-04-11 00:00:00+00:00,0.0,0.0,0.0,0.2618545535128834,0.002137742146435099,3.130319340548486,normal,,0
2024-04-12 00:00:00+00:00,0.0,0.0,0.0,0.12795423678999723,0.002137742146435099,3.1287757468283455,normal,,0
2024-04-15 00:00:00+00:00,-1.0,-1.0,0.13641956567950983,1.637034788154118,0.002137742146435099,3.150930376408618,normal,,0
2024-04-16 00:00:00+00:00,0.0,-1.0,0.13641956567950983,2.3809112140972997,0.002137742146435099,3.1628010005075438,normal,,0
2024-04-17 00:00:00+00:00,0.0,-1.0,0.13641956567950983,1.1382075133103415,0.002137742146435099,3.146020677724895,normal,,0
2024-04-18 00:00:00+00:00,0.0,-1.0,0.13641956567950983,1.1427727028159682,0.002137742146435099,3.1466659468447093,normal,,0
2024-04-19 00:00:00+00:00,0.0,-1.0,0.13641956567950983,0.9932668792071272,0.002137742146435099,3.1448478953047987,normal,,0
2024-04-22 00:00:00+00:00,0.0,-1.0,0.13641956567950983,1.180927505727366,0.002137742146435099,3.1480621020121986,normal,,0
2024-04-23 00:00:00+00:00,0.0,-1.0,0.13641956567950983,0.19019931587643976,0.002137742146435099,3.134193814015544,normal,,0
2024-04-24 00:00:00+00:00,0.0,-1.0,0.13641956567950983,0.14715692486034632,0.002137742146435099,3.1340598551977688,normal,,0
2024-04-25 00:00:00+00:00,0.0,-1.0,0.13641956567950983,-1.5544784923512671,0.002137742146435099,3.1124766125449277,normal,,0
2024-04-26 00:00:00+00:00,0.0,-1.0,0.13641956567950983,-1.4550884722227118,0.002137742146435099,3.1140933806287436,normal,,0
2024-04-29 00:00:00+00:00,0.0,-1.0,0.13641956567950983,-1.9466090207307303,0.002137742146435099,3.107907185659858,normal,,0
2024-04-30 00:00:00+00:00,0.0,-1.0,0.13641956567950983,-0.9554676609817446,0.002137742146435099,3.1212545677018735,normal,,0
2024-05-01 00:00:00+00:00,0.0,-1.0,0.13641956567950983,-0.5822312262219644,0.002137742146435099,3.126129115336503,normal,,0
2024-05-02 00:00:00+00:00,0.0,-1.0,0.13641956567950983,-1.425006598272703,0.002137742146435099,3.116277464428349,normal,,0
2024-05-03 00:00:00+00:00,0.0,-1.0,0.13641956567950983,-1.294719034352677,0.002137742146435099,3.1178267514940865,normal,,0
2024-05-06 00:00:00+00:00,0.0,-1.0,0.13641956567950983,-1.7065957727901544,0.002137742146435099,3.112716065237396,normal,,0
2024-05-07 00:00:00+00:00,0.0,-1.0,0.13641956567950983,-1.8855755002467007,0.002137742146435099,3.1099222026649924,normal,,0
2024-05-08 00:00:00+00:00,0.0,-1.0,0.13641956567950983,-2.1086023746685374,0.002137742146435099,3.106135692335205,normal,,0
2024-05-09 00:00:00+00:00,0.0,-1.0,0.13641956567950983,-2.479402831414258,0.002137742146435099,3.100377882487526,normal,,0
2024-05-10 00:00:00+00:00,0.0,-1.0,0.13641956567950983,-1.4365035444112246,0.002137742146435099,3.1123324652209816,normal,,0
2024-05-13 00:00:00+00:00,0.0,-1.0,0.13641956567950983,-1.8219956703976896,0.002137742146435099,3.106322346567523,normal,,0
2024-05-14 00:00:00+00:00,0.0,-1.0,0.13641956567950983,-1.786220926166346,0.002137742146435099,3.1059564133276205,normal,,0
2024-05-15 00:00:00+00:00,0.0,-1.0,0.13641956567950983,-1.5128684583026748,0.002137742146435099,3.1090012440889243,normal,,0
2024-05-16 00:00:00+00:00,0.0,-1.0,0.13641956567950983,-1.2350960736976597,0.002137742146435099,3.1123200151976054,normal,,0
2024-05-17 00:00:00+00:00,0.0,-1.0,0.13641956567950983,-1.7926280079381653,0.002137742146435099,3.103450069027841,normal,,0
2024-05-20 00:00:00+00:00,0.0,-1.0,0.13641956567950983,-1.8103263188170229,0.002137742146435099,3.1020800419434065,normal,,0
2024-05-21 00:00:00+00:00,0.0,-1.0,0.13641956567950983,-1.4752836800856142,0.002137742146435099,3.1060089395879,normal,,0
2024-05-22 00:00:00+00:00,0.0,-1.0,0.13641956567950983,-0.8816574391488622,0.002137742146435099,3.1144304827790084,normal,,0
2024-05-23 00:00:00+00:00,0.0,-1.0,0.13641956567950983,-1.4946300239137154,0.002137742146435099,3.1048637133428247,normal,,0
2024-05-24 00:00:00+00:00,0.0,-1.0,0.13641956567950983,-1.8718804534387923,0.002137742146435099,3.0990805587026533,normal,,0
2024-05-28 00:00:00+00:00,0.0,-1.0,0.13641956567950983,-2.06053584244,0.002137742146435099,3.095442916958857,normal,,0
2024-05-29 00:00:00+00:00,0.0,-1.0,0.13641956567950983,-1.637924594455924,0.002137742146435099,3.1003877378579747,normal,,0
2024-05-30 00:00:00+00:00,0.0,-1.0,0.13641956567950983,-1.8004505398058803,0.002137742146435099,3.096968529616616,normal,,0
2024-05-31 00:00:00+00:00,0.0,-1.0,0.13641956567950983,-1.9862731500692101,0.002137742146435099,3.093000466110747,normal,,0
2024-06-03 00:00:00+00:00,0.0,-1.0,0.13641956567950983,-1.4289946982300528,0.002137742146435099,3.100188244349077,normal,,0
2024-06-04 00:00:00+00:00,0.0,-1.0,0.13641956567950983,-0.33117571260966144,0.002137742146435099,3.116675938614512,normal,,0
2024-06-05 00:00:00+00:00,0.0,-1.0,0.13641956567950983,-0.3494118273437876,0.002137742146435099,3.1160689735709832,normal,,0
2024-06-06 00:00:00+00:00,0.0,-1.0,0.13641956567950983,-1.3008508576219782,0.002137742146435099,3.1009928161278117,normal,,0
2024-06-07 00:00:00+00:00,0.0,-1.0,0.13641956567950983,-0.641406438755089,0.002137742146435099,3.110621585317388,normal,,0
2024-06-10 00:00:00+00:00,0.0,-1.0,0.13641956567950983,-0.5794537510464686,0.002137742146435099,3.1113340831072507,normal,,0
2024-06-11 00:00:00+00:00,0.0,-1.0,0.13641956567950983,-0.1012585052436872,0.002137742146435099,3.1185779574837937,normal,,0
2024-06-12 00:00:00+00:00,0.0,-1.0,0.13641956567950983,-0.20200715897038102,0.002137742146435099,3.1168581692774184,normal,,0
2024-06-13 00:00:00+00:00,0.0,-1.0,0.13641956567950983,0.28930848104190543,0.002137742146435099,3.1242885795466067,normal,,0
2024-06-14 00:00:00+00:00,0.0,-1.0,0.13641956567950983,0.7049148972195931,0.002137742146435099,3.1302559866291144,normal,,0
2024-06-17 00:00:00+00:00,0.0,-1.0,0.13641956567950983,0.7698230706357739,0.002137742146435099,3.1312818151122155,normal,,0
2024-06-18 00:00:00+00:00,0.0,-1.0,0.13641956567950983,0.3507421101539274,0.002137742146435099,3.124829969259536,normal,,0
2024-06-20 00:00:00+00:00,0.0,-1.0,0.13641956567950983,0.21704529939121056,0.002137742146435099,3.1225551840524544,normal,,0
2024-06-21 00:00:00+00:00,0.0,-1.0,0.13641956567950983,-0.293735149227934,0.002137742146435099,3.1146495560277874,normal,,0
2024-06-24 00:00:00+00:00,0.0,-1.0,0.13641956567950983,-0.1630708309854443,0.002137742146435099,3.1162948976648877,normal,,0
2024-06-25 00:00:00+00:00,0.0,-1.0,0.13641956567950983,0.008654243875328234,0.002137742146435099,3.118745979944879,normal,,0
2024-06-26 00:00:00+00:00,0.0,-1.0,0.13641956567950983,-0.6303894636898562,0.002137742146435099,3.109192527494382,normal,,0
2024-06-27 00:00:00+00:00,0.0,-1.0,0.13641956567950983,-0.3286349237097004,0.002137742146435099,3.1134585693430146,normal,,0
2024-06-28 00:00:00+00:00,0.0,-1.0,0.13641956567950983,0.08894382568905171,0.002137742146435099,3.119465247104171,normal,,0
2024-07-01 00:00:00+00:00,0.0,0.0,0.0,0.2249335900131716,0.0020460124628688585,3.0018843588164117,normal,,0
2024-07-02 00:00:00+00:00,0.0,0.0,0.0,0.05548337983213451,0.0020460124628688585,2.9991159777169414,normal,,0
2024-07-03 00:00:00+00:00,0.0,0.0,0.0,-0.5557495491696511,0.0020460124628688585,2.9895439394070094,normal,,0
2024-07-05 00:00:00+00:00,0.0,0.0,0.0,-0.9009052818724517,0.0020460124628688585,2.9838307718590715,normal,,0
2024-07-08 00:00:00+00:00,0.0,0.0,0.0,-1.6413273974364986,0.0020460124628688585,2.9718504502181085,normal,,0
2024-07-09 00:00:00+00:00,0.0,0.0,0.0,-1.3285556599913522,0.0020460124628688585,2.975747452644278,normal,,0
2024-07-10 00:00:00+00:00,1.0,1.0,0.19385014966743241,-2.326201796009189,0.0020460124628688585,2.9590871007346604,normal,,0
2024-07-11 00:00:00+00:00,0.0,1.0,0.19385014966743241,-2.1243191932354155,0.0020460124628688585,2.960185208925202,normal,,0
2024-07-12 00:00:00+00:00,0.0,1.0,0.19385014966743241,-2.3761338850262193,0.0020460124628688585,2.955051209497504,normal,,0
2024-07-15 00:00:00+00:00,0.0,1.0,0.19385014966743241,-1.7301542768381715,0.0020460124628688585,2.9652233466210776,normal,,0
2024-07-16 00:00:00+00:00,0.0,1.0,0.19385014966743241,-1.9788042551901694,0.0020460124628688585,2.9607810794096436,normal,,0
2024-07-17 00:00:00+00:00,0.0,1.0,0.19385014966743241,-1.2564506512834313,0.0020460124628688585,2.9712154414598273,normal,,0
2024-07-18 00:00:00+00:00,0.0,1.0,0.19385014966743241,-1.0370797501955125,0.0020460124628688585,2.974201218729356,normal,,0
2024-07-19 00:00:00+00:00,0.0,1.0,0.19385014966743241,-1.830917231872948,0.0020460124628688585,2.963025172768492,normal,,0
2024-07-22 00:00:00+00:00,0.0,1.0,0.19385014966743241,-1.5288552688127066,0.0020460124628688585,2.9664891238756943,normal,,0
2024-07-23 00:00:00+00:00,0.0,1.0,0.19385014966743241,-1.6046512359520315,0.0020460124628688585,2.964968336838341,normal,,0
2024-07-24 00:00:00+00:00,0.0,1.0,0.19385014966743241,-1.335504405393962,0.0020460124628688585,2.967841617038317,normal,,0
2024-07-25 00:00:00+00:00,0.0,1.0,0.19385014966743241,-1.037344455708961,0.0020460124628688585,2.9714012262650176,normal,,0
2024-07-26 00:00:00+00:00,0.0,1.0,0.19385014966743241,-0.7151286646332506,0.0020460124628688585,2.9756029646092883,normal,,0
2024-07-29 00:00:00+00:00,0.0,1.0,0.19385014966743241,-0.9991156730935838,0.0020460124628688585,2.9712089563821165,normal,,0
2024-07-30 00:00:00+00:00,0.0,1.0,0.19385014966743241,-0.6350384671690872,0.0020460124628688585,2.975882227744787,normal,,0
2024-07-31 00:00:00+00:00,0.0,1.0,0.19385014966743241,-0.7547998056750124,0.0020460124628688585,2.973889085032611,normal,,0
2024-08-01 00:00:00+00:00,0.0,1.0,0.19385014966743241,0.12637020738850846,0.0020460124628688585,2.985743291900195,normal,,0
2024-08-02 00:00:00+00:00,0.0,1.0,0.19385014966743241,1.1353374682080002,0.0020460124628688585,2.9995583330083555,normal,,0
2024-08-05 00:00:00+00:00,0.0,1.0,0.19385014966743241,1.378665560851673,0.0020460124628688585,3.0032452024970624,normal,,0
2024-08-06 00:00:00+00:00,0.0,1.0,0.19385014966743241,0.5083147574192657,0.0020460124628688585,2.9914983274027405,normal,,0
2024-08-07 00:00:00+00:00,0.0,1.0,0.19385014966743241,1.831497860980984,0.0020460124628688585,3.0104626973812154,normal,,0
2024-08-08 00:00:00+00:00,0.0,1.0,0.19385014966743241,1.5930062835771104,0.0020460124628688585,3.0079710883818187,normal,,0
2024-08-09 00:00:00+00:00,0.0,1.0,0.19385014966743241,1.3269822528013675,0.0020460124628688585,3.0048730213233044,normal,,0
2024-08-12 00:00:00+00:00,0.0,1.0,0.19385014966743241,1.157421188294047,0.0020460124628688585,3.0029336864231078,normal,,0
2024-08-13 00:00:00+00:00,0.0,1.0,0.19385014966743241,0.46731617582865415,0.0020460124628688585,2.9928716561062694,normal,,0
2024-08-14 00:00:00+00:00,0.0,1.0,0.19385014966743241,0.23820279001921793,0.0020460124628688585,2.9894116635057304,normal,,0
2024-08-15 00:00:00+00:00,0.0,1.0,0.19385014966743241,0.22418874292373622,0.0020460124628688585,2.989332456093925,normal,,0
2024-08-16 00:00:00+00:00,0.0,1.0,0.19385014966743241,0.4039875607248569,0.0020460124628688585,2.992226727506408,normal,,0
2024-08-19 00:00:00+00:00,0.0,1.0,0.19385014966743241,-0.7305811474817496,0.0020460124628688585,2.9750926278091203,normal,,0
2024-08-20 00:00:00+00:00,0.0,1.0,0.19385014966743241,-0.7730509557435139,0.0020460124628688585,2.9741103043965564,normal,,0
2024-08-21 00:00:00+00:00,0.0,1.0,0.19385014966743241,-1.106691827949395,0.0020460124628688585,2.9687576267907,normal,,0
2024-08-22 00:00:00+00:00,0.0,1.0,0.19385014966743241,-0.6999959436618948,0.0020460124628688585,2.974746762928921,normal,,0
2024-08-23 00:00:00+00:00,0.0,1.0,0.19385014966743241,-0.6299757988138889,0.0020460124628688585,2.9758466063901343,normal,,0
2024-08-26 00:00:00+00:00,0.0,1.0,0.19385014966743241,-0.2754743461382294,0.0020460124628688585,2.981252858595887,normal,,0
2024-08-27 00:00:00+00:00,0.0,1.0,0.19385014966743241,-0.1595947792441061,0.0020460124628688585,2.9831412182293686,normal,,0
2024-08-28 00:00:00+00:00,0.0,1.0,0.19385014966743241,0.5022184330998242,0.0020460124628688585,2.9935038192804257,normal,,0
2024-08-29 00:00:00+00:00,0.0,1.0,0.19385014966743241,-0.06156670715224479,0.0020460124628688585,2.9850801749413325,normal,,0
2024-08-30 00:00:00+00:00,0.0,1.0,0.19385014966743241,-0.08032017219390757,0.0020460124628688585,2.98459648879293,normal,,0
2024-09-03 00:00:00+00:00,0.0,1.0,0.19385014966743241,1.321789821802822,0.0020460124628688585,3.0057839114403424,normal,,0
2024-09-04 00:00:00+00:00,0.0,1.0,0.19385014966743241,1.6840547580601972,0.0020460124628688585,3.012075275943529,normal,,0
2024-09-05 00:00:00+00:00,0.0,1.0,0.19385014966743241,1.645379728646464,0.0020460124628688585,3.0123900051629082,normal,,0
2024-09-06 00:00:00+00:00,0.0,1.0,0.19385014966743241,2.328013516987303,0.0020460124628688585,3.024294852925341,normal,,0
2024-09-09 00:00:00+00:00,0.0,1.0,0.19385014966743241,1.8106865420311595,0.0020460124628688585,3.017521982628779,normal,,0
2024-09-10 00:00:00+00:00,0.0,1.0,0.19385014966743241,1.6039771629795903,0.0020460124628688585,3.0150359114453957,normal,,0
2024-09-11 00:00:00+00:00,0.0,1.0,0.19385014966743241,1.304665198547739,0.0020460124628688585,3.010323177007245,normal,,0
2024-09-12 00:00:00+00:00,0.0,1.0,0.19385014966743241,0.5681410649989933,0.0020460124628688585,2.9974939609358664,normal,,0
2024-09-13 00:00:00+00:00,0.0,1.0,0.19385014966743241,0.2541880964176543,0.0020460124628688585,2.9917267406732813,normal,,0
2024-09-16 00:00:00+00:00,0.0,1.0,0.19385014966743241,0.4469916572386586,0.0020460124628688585,2.994715257108247,normal,,0
2024-09-17 00:00:00+00:00,0.0,1.0,0.19385014966743241,0.5528289487891032,0.0020460124628688585,2.9963238805081325,normal,,0
2024-09-18 00:00:00+00:00,0.0,1.0,0.19385014966743241,0.5114602835028453,0.0020460124628688585,2.995650221908512,normal,,0
2024-09-19 00:00:00+00:00,0.0,1.0,0.19385014966743241,0.8540261225480983,0.0020460124628688585,3.001393811316396,normal,,0
2024-09-20 00:00:00+00:00,0.0,1.0,0.19385014966743241,0.8206937917503137,0.0020460124628688585,3.0008839445340123,normal,,0
2024-09-23 00:00:00+00:00,0.0,1.0,0.19385014966743241,1.0309813791899325,0.0020460124628688585,3.004703077076351,normal,,0
2024-09-24 00:00:00+00:00,0.0,1.0,0.19385014966743241,0.6826266125952701,0.0020460124628688585,2.999069619403094,normal,,0
2024-09-25 00:00:00+00:00,0.0,1.0,0.19385014966743241,0.674650208677532,0.0020460124628688585,2.9989060589906575,normal,,0
2024-09-26 00:00:00+00:00,0.0,1.0,0.19385014966743241,0.7297100315506617,0.0020460124628688585,2.9997677573598165,normal,,0
2024-09-27 00:00:00+00:00,0.0,1.0,0.19385014966743241,1.5826900990871888,0.0020460124628688585,3.014312561614043,normal,,0
2024-09-30 00:00:00+00:00,0.0,1.0,0.19385014966743241,1.5047459255404494,0.0020460124628688585,3.01392519587394,normal,,0
2024-10-01 00:00:00+00:00,0.0,0.0,0.0,1.3173457577164582,1e-06,2.8508206798497455,normal,,0
2024-10-02 00:00:00+00:00,0.0,0.0,0.0,1.3023083468296168,1e-06,2.8513815091199928,normal,,0
2024-10-03 00:00:00+00:00,-1.0,-1.0,0.16627726845994326,1.995327221519319,1e-06,2.8647904324723608,normal,,0
2024-10-04 00:00:00+00:00,0.0,-1.0,0.16627726845994326,1.9249889346493918,1e-06,2.864949732568163,normal,,0
2024-10-07 00:00:00+00:00,0.0,-1.0,0.16627726845994326,2.142537891795997,1e-06,2.8702854051271385,normal,,0
2024-10-08 00:00:00+00:00,0.0,-1.0,0.16627726845994326,1.6645724725167652,1e-06,2.8628194997996457,normal,,0
2024-10-09 00:00:00+00:00,0.0,-1.0,0.16627726845994326,1.6004087935862334,1e-06,2.862701910812743,normal,,0
2024-10-10 00:00:00+00:00,0.0,-1.0,0.16627726845994326,0.876522678076259,1e-06,2.8501780272276602,normal,,0
2024-10-11 00:00:00+00:00,0.0,-1.0,0.16627726845994326,1.1554221315237905,1e-06,2.8557927872140456,normal,,0
2024-10-14 00:00:00+00:00,0.0,-1.0,0.16627726845994326,1.0013819249288674,1e-06,2.853671549574392,normal,,0
2024-10-15 00:00:00+00:00,0.0,-1.0,0.16627726845994326,0.5992040559217968,1e-06,2.846974609681144,normal,,0
2024-10-16 00:00:00+00:00,0.0,-1.0,0.16627726845994326,0.4442233472221791,1e-06,2.84471192634555,normal,,0
2024-10-17 00:00:00+00:00,0.0,-1.0,0.16627726845994326,0.4263441748729288,1e-06,2.8448555898624353,normal,,0
2024-10-18 00:00:00+00:00,0.0,-1.0,0.16627726845994326,-0.6705247370379476,1e-06,2.827148900873378,normal,,0
2024-10-21 00:00:00+00:00,0.0,-1.0,0.16627726845994326,-0.6852560453754648,1e-06,2.8273364860275283,normal,,0
2024-10-22 00:00:00+00:00,0.0,-1.0,0.16627726845994326,-1.086592548277033,1e-06,2.8211963938280267,normal,,0
2024-10-23 00:00:00+00:00,0.0,-1.0,0.16627726845994326,-0.7471895880227103,1e-06,2.82696868738358,normal,,0
2024-10-24 00:00:00+00:00,0.0,-1.0,0.16627726845994326,0.8729808991091513,1e-06,2.8526573387511087,normal,,0
2024-10-25 00:00:00+00:00,0.0,-1.0,0.16627726845994326,1.8745258675467051,1e-06,2.8684686719956196,normal,,0
2024-10-28 00:00:00+00:00,0.0,-1.0,0.16627726845994326,1.551224188979215,1e-06,2.864723929926895,normal,,0
2024-10-29 00:00:00+00:00,0.0,-1.0,0.16627726845994326,1.5222547483718134,1e-06,2.865148181015802,normal,,0
2024-10-30 00:00:00+00:00,0.0,-1.0,0.16627726845994326,2.341065063429171,1e-06,2.879284984808817,normal,,0
2024-10-31 00:00:00+00:00,0.0,-1.0,0.16627726845994326,2.466619956317653,1e-06,2.8838095166391953,normal,,0
2024-11-01 00:00:00+00:00,0.0,-1.0,0.16627726845994326,2.571705699894346,1e-06,2.888107326669408,normal,,0
2024-11-04 00:00:00+00:00,0.0,-1.0,0.16627726845994326,2.284282355218097,1e-06,2.885761666887348,normal,,0
2024-11-05 00:00:00+00:00,0.0,-1.0,0.16627726845994326,2.195814330211619,1e-06,2.886503416635418,normal,,0
2024-11-06 00:00:00+00:00,0.0,-1.0,0.16627726845994326,2.007143093377756,1e-06,2.8850857401446732,normal,,0
2024-11-07 00:00:00+00:00,0.0,-1.0,0.16627726845994326,1.760161347739317,1e-06,2.8820184437761345,normal,,0
2024-11-08 00:00:00+00:00,0.0,-1.0,0.16627726845994326,1.7682597954865458,1e-06,2.883814597462477,normal,,0
2024-11-11 00:00:00+00:00,0.0,-1.0,0.16627726845994326,2.7170849026592596,1e-06,2.906111490357809,normal,,0
2024-11-12 00:00:00+00:00,0.0,-1.0,0.16627726845994326,2.615660195664861,1e-06,2.908270359425874,normal,,0
2024-11-13 00:00:00+00:00,0.0,-1.0,0.16627726845994326,2.424417527406207,1e-06,2.907402951275438,normal,,0
2024-11-14 00:00:00+00:00,0.0,-1.0,0.16627726845994326,2.1310758047258433,1e-06,2.903305502603511,normal,,0
2024-11-15 00:00:00+00:00,0.0,-1.0,0.16627726845994326,2.2068369852288923,1e-06,2.907113446505629,normal,,0
2024-11-18 00:00:00+00:00,0.0,-1.0,0.16627726845994326,1.6390891251524582,1e-06,2.8954376136102447,normal,,0
2024-11-19 00:00:00+00:00,0.0,-1.0,0.16627726845994326,1.3756940474885995,1e-06,2.890181887662704,normal,,0
2024-11-20 00:00:00+00:00,0.0,-1.0,0.16627726845994326,1.639983022273913,1e-06,2.897765086682407,normal,,0
2024-11-21 00:00:00+00:00,0.0,-1.0,0.16627726845994326,1.554943000890712,1e-06,2.8970608068880384,normal,,0
2024-11-22 00:00:00+00:00,0.0,-1.0,0.16627726845994326,1.9427292505066351,1e-06,2.9082388807494377,normal,,0
2024-11-25 00:00:00+00:00,0.0,-1.0,0.16627726845994326,1.472081987330634,1e-06,2.898323113609504,normal,,0
2024-11-26 00:00:00+00:00,0.0,-1.0,0.16627726845994326,1.461723281862998,1e-06,2.8992441111738785,normal,,0
2024-11-27 00:00:00+00:00,0.0,-1.0,0.16627726845994326,1.3166994698048264,1e-06,2.896925043787231,normal,,0
2024-11-29 00:00:00+00:00,0.0,-1.0,0.16627726845994326,1.3395779895212383,1e-06,2.8986897011610124,normal,,0
2024-12-02 00:00:00+00:00,0.0,-1.0,0.16627726845994326,1.7347082658503012,1e-06,2.910312611670425,normal,,0
2024-12-03 00:00:00+00:00,0.0,-1.0,0.16627726845994326,1.072302056130677,1e-06,2.8943283759927403,normal,,0
2024-12-04 00:00:00+00:00,0.0,-1.0,0.16627726845994326,1.1864651514634026,1e-06,2.8982944409449636,normal,,0
2024-12-05 00:00:00+00:00,0.0,-1.0,0.16627726845994326,0.9933635659302075,1e-06,2.89403598026317,normal,,0
2024-12-06 00:00:00+00:00,0.0,-1.0,0.16627726845994326,1.4091854574185412,1e-06,2.9063839946144014,normal,,0
2024-12-09 00:00:00+00:00,0.0,-1.0,0.16627726845994326,0.9343717806789221,1e-06,2.8945696066592745,normal,,0
2024-12-10 00:00:00+00:00,0.0,-1.0,0.16627726845994326,1.3838098967327441,1e-06,2.907705142343295,normal,,0
2024-12-11 00:00:00+00:00,0.0,-1.0,0.16627726845994326,0.9245118431381696,1e-06,2.896346286989532,normal,,0
2024-12-12 00:00:00+00:00,0.0,-1.0,0.16627726845994326,1.318317635742683,1e-06,2.907843195389906,normal,,0
2024-12-13 00:00:00+00:00,0.0,-1.0,0.16627726845994326,1.5671996914850848,1e-06,2.915685390720837,normal,,0
2024-12-16 00:00:00+00:00,0.0,-1.0,0.16627726845994326,1.752880882953183,1e-06,2.9222641035268357,normal,,0
2024-12-17 00:00:00+00:00,0.0,-1.0,0.16627726845994326,1.720972661187443,1e-06,2.923218200509201,normal,,0
2024-12-18 00:00:00+00:00,0.0,-1.0,0.16627726845994326,2.165942475101524,1e-06,2.9373960388663254,normal,,0
2024-12-19 00:00:00+00:00,0.0,-1.0,0.16627726845994326,2.2324971480324707,1e-06,2.942028666219157,normal,,0
2024-12-20 00:00:00+00:00,0.0,-1.0,0.16627726845994326,2.1788812025121844,1e-06,2.9434577692238033,normal,,0
2024-12-23 00:00:00+00:00,0.0,-1.0,0.16627726845994326,2.225150456685876,1e-06,2.9476397332332613,normal,,0
2024-12-24 00:00:00+00:00,0.0,-1.0,0.16627726845994326,2.1554503058750814,1e-06,2.9490961883277116,normal,,0
2024-12-26 00:00:00+00:00,0.0,-1.0,0.16627726845994326,2.190884826675922,1e-06,2.9535781795571823,normal,,0
2024-12-27 00:00:00+00:00,0.0,-1.0,0.16627726845994326,2.0674648165343243,1e-06,2.953252327039663,normal,,0
2024-12-30 00:00:00+00:00,0.0,-1.0,0.16627726845994326,2.180623376408664,1e-06,2.960160444068714,normal,,0
2024-12-31 00:00:00+00:00,0.0,-1.0,0.16627726845994326,2.21103713620628,1e-06,2.9651542457603703,normal,,0
2025-01-02 00:00:00+00:00,0.0,0.0,0.0,1.5191590680000118,0.0034650293187087934,2.7692439522031678,normal,,0
2025-01-03 00:00:00+00:00,0.0,0.0,0.0,1.4592918039065075,0.003457836036448635,2.76918520812489,normal,,0
2025-01-06 00:00:00+00:00,0.0,0.0,0.0,1.5479981308901354,0.003451209920105562,2.774751132628398,normal,,0
2025-01-07 00:00:00+00:00,0.0,0.0,0.0,1.4531921088964648,0.0034451062505700125,2.77336537500622,normal,,0
2025-01-08 00:00:00+00:00,0.0,0.0,0.0,1.0635302100374124,0.0034394838346825914,2.75991607350542,normal,,0
2025-01-10 00:00:00+00:00,0.0,0.0,0.0,1.2577712868675517,0.0034343047272248546,2.7689600887887034,normal,,0
2025-01-13 00:00:00+00:00,0.0,0.0,0.0,1.241188154812535,0.0034295339748301773,2.7699256686835123,normal,,0
2025-01-14 00:00:00+00:00,0.0,0.0,0.0,0.7624450422774656,0.0034251393800863827,2.7526035403860787,normal,,0
2025-01-15 00:00:00+00:00,0.0,0.0,0.0,0.7395894642164109,0.003421091284238077,2.7527384454005905,normal,,0
2025-01-16 00:00:00+00:00,0.0,0.0,0.0,0.9722801822357433,0.0034173623670221693,2.7625110728861917,normal,,0
2025-01-17 00:00:00+00:00,0.0,0.0,0.0,0.6908415058987004,0.0034139274622856848,2.7529284792747144,normal,,0
2025-01-21 00:00:00+00:00,0.0,0.0,0.0,0.7085464436387213,0.0034107633881414823,2.7542259989792193,normal,,0
2025-01-22 00:00:00+00:00,0.0,0.0,0.0,0.868636553018517,0.003407848790515623,2.7598195394783365,normal,,0
2025-01-23 00:00:00+00:00,0.0,0.0,0.0,0.8167053261725225,0.003405163999030496,2.7583948883588256,normal,,0
2025-01-24 00:00:00+00:00,0.0,0.0,0.0,0.7458645523821285,0.003402690894251072,2.7569283344504343,normal,,0
2025-01-27 00:00:00+00:00,0.0,0.0,0.0,0.6697087288961346,0.0034004127853983395,2.755481137879739,normal,,0
2025-01-28 00:00:00+00:00,0.0,0.0,0.0,0.7667652378968959,0.0033983142977046204,2.758815891989738,normal,,0
2025-01-29 00:00:00+00:00,0.0,0.0,0.0,0.4178634635796655,0.0033963812686505397,2.750136814218549,normal,,0
2025-01-30 00:00:00+00:00,0.0,0.0,0.0,-0.06585050567310691,0.0033946006523833568,2.7382634776170804,normal,,0
2025-01-31 00:00:00+00:00,0.0,0.0,0.0,0.17032931681349883,0.003392960431671586,2.7449347695901465,normal,,0
2025-02-03 00:00:00+00:00,0.0,0.0,0.0,-0.08955150635916011,0.0033914495368017007,2.739041574390561,normal,,0
2025-02-04 00:00:00+00:00,0.0,0.0,0.0,0.027036722510912117,0.0033900577708695532,2.7425493467088087,normal,,0
2025-02-05 00:00:00+00:00,0.0,0.0,0.0,-0.4972387729959745,0.003388775740962314,2.7306647170075675,normal,,0
2025-02-06 00:00:00+00:00,0.0,0.0,0.0,-0.8489140570541506,0.0033875947947664842,2.7231358715385032,normal,,0
2025-02-07 00:00:00+00:00,0.0,0.0,0.0,-0.5731679529946819,0.0033865069621741473,2.7303107209840607,normal,,0
2025-02-10 00:00:00+00:00,0.0,0.0,0.0,-0.6813503563033027,0.0033855049014933736,2.72872542585184,normal,,0
2025-02-11 00:00:00+00:00,0.0,0.0,0.0,-0.4707495983187537,0.00338458184989975,2.7334469800710974,normal,,0
2025-02-12 00:00:00+00:00,0.0,0.0,0.0,-1.063007960674377,0.003383731577794638,2.720379615647837,normal,,0
2025-02-13 00:00:00+00:00,0.0,0.0,0.0,-0.8837638321243206,0.003382948346762131,2.724079306814965,normal,,0
2025-02-14 00:00:00+00:00,0.0,0.0,0.0,-0.3844167907904691,0.0033822268708409587,2.7351924195416357,normal,,0
2025-02-18 00:00:00+00:00,0.0,0.0,0.0,-0.025267299407785514,0.0033815622808499764,2.7433091928151185,normal,,0
2025-02-19 00:00:00+00:00,0.0,0.0,0.0,0.05943695393198375,0.003380950091526463,2.7456368994907216,normal,,0
2025-02-20 00:00:00+00:00,0.0,0.0,0.0,-0.6130946389263575,0.0033803861712554542,2.731737240873253,normal,,0
2025-02-21 00:00:00+00:00,0.0,0.0,0.0,0.5463437496432874,0.003379866714185819,2.7567959537257396,normal,,0
2025-02-24 00:00:00+00:00,0.0,0.0,0.0,0.6120363450843612,0.0033793882145448837,2.7586912961335264,normal,,0
2025-02-25 00:00:00+00:00,0.0,0.0,0.0,0.4784492556487179,0.0033789474429782623,2.7563757314412807,normal,,0
2025-02-26 00:00:00+00:00,0.0,0.0,0.0,0.11288913108276205,0.003378541424755215,2.749324488516931,normal,,0
2025-02-27 00:00:00+00:00,0.0,0.0,0.0,0.6597720064725027,0.0033781674196924328,2.7608962448077135,normal,,0
2025-02-28 00:00:00+00:00,0.0,0.0,0.0,0.13146515854259627,0.0033778229036607707,2.7508535785490227,normal,,0
2025-03-03 00:00:00+00:00,0.0,0.0,0.0,0.6871014885358184,0.0033775055515501092,2.76223276465213,normal,,0
2025-03-04 00:00:00+00:00,0.0,0.0,0.0,0.5060404034702414,0.0033772132215773775,2.7591715045553027,normal,,0
2025-03-05 00:00:00+00:00,0.0,0.0,0.0,-0.8171257042481844,0.003376943940831839,2.734506294856248,normal,,0
2025-03-06 00:00:00+00:00,0.0,0.0,0.0,-0.6285989485539688,0.0033766958919600777,2.738589007505002,normal,,0
2025-03-07 00:00:00+00:00,0.0,0.0,0.0,-0.9849248237339127,0.0033764674009008353,2.732896034276858,normal,,0
2025-03-10 00:00:00+00:00,0.0,0.0,0.0,-0.3149979810579335,0.003376256925586905,2.745157242114433,normal,,0
2025-03-11 00:00:00+00:00,0.0,0.0,0.0,-0.9626023024193429,0.003376063045537853,2.7346549329599,normal,,0
2025-03-12 00:00:00+00:00,0.0,0.0,0.0,-0.9116312833385747,0.0033758844522733104,2.7358124004203463,normal,,0
2025-03-13 00:00:00+00:00,0.0,0.0,0.0,-1.4347839065179084,0.0033757199404821484,2.728015581886907,normal,,0
2025-03-14 00:00:00+00:00,0.0,0.0,0.0,-1.9771932757754553,0.003375568399887936,2.719045684436768,normal,,0
2025-03-17 00:00:00+00:00,0.0,0.0,0.0,-2.328675748927047,0.0033754288077557718,2.7119344173367486,normal,,0
2025-03-18 00:00:00+00:00,0.0,0.0,0.0,-1.8981194246005533,0.003375300221989936,2.7173535054422695,normal,,0
2025-03-19 00:00:00+00:00,0.0,0.0,0.0,-1.8656418174411664,0.003375181774775761,2.7165205759749527,normal,,0
2025-03-20 00:00:00+00:00,0.0,0.0,0.0,-1.8980663048219961,0.003375072666722823,2.714303431309976,normal,,0
2025-03-21 00:00:00+00:00,0.0,0.0,0.0,-1.5936946635785434,0.003374972161469924,2.7184571803897355,normal,,0
2025-03-24 00:00:00+00:00,0.0,0.0,0.0,-1.4444695564375631,0.003374879580715449,2.7201445210997286,normal,,0
2025-03-25 00:00:00+00:00,0.0,0.0,0.0,-1.9112149532292966,0.0033747942996395653,2.710084020098429,normal,,0
2025-03-26 00:00:00+00:00,0.0,0.0,0.0,-1.5087787706156173,0.0033747157426873655,2.716445113631983,normal,,0
2025-03-27 00:00:00+00:00,0.0,0.0,0.0,-1.853546843374082,0.003374643379684496,2.7087454404976805,normal,,0
2025-03-28 00:00:00+00:00,0.0,0.0,0.0,-1.1612400283776476,0.0033745767222590536,2.7211171938911574,normal,,0
2025-03-31 00:00:00+00:00,0.0,0.0,0.0,-0.7728738240402065,0.003374515320545602,2.7281412298562477,normal,,0
2025-04-01 00:00:00+00:00,0.0,0.0,0.0,-0.7966464675337661,0.0032446645461044667,2.5259754236291054,normal,,0
2025-04-02 00:00:00+00:00,0.0,0.0,0.0,-0.2433294313162302,0.0032446144304511884,2.537457090339541,normal,,0
2025-04-03 00:00:00+00:00,0.0,0.0,0.0,-0.9101489306675266,0.0032445683209671866,2.5226858360518616,normal,,0
2025-04-04 00:00:00+00:00,0.0,0.0,0.0,1.7915395424679148,0.007909108714041293,2.5781516162684732,normal,,1
2025-04-07 00:00:00+00:00,0.0,0.0,0.0,0.8525920094522551,0.007536190009533724,2.5585074563273387,normal,,0
2025-04-08 00:00:00+00:00,0.0,0.0,0.0,1.0871554164206199,0.007193081860389414,2.562986182809899,normal,,0
2025-04-09 00:00:00+00:00,0.0,0.0,0.0,-0.2446473806305108,0.006877401256047818,2.5356833886005847,normal,,0
2025-04-10 00:00:00+00:00,0.0,0.0,0.0,-1.1665411812199475,0.0065869556801965694,2.517206136283712,normal,,0
2025-04-11 00:00:00+00:00,0.0,0.0,0.0,-2.4592644999623934,0.006319727882950339,2.4912819055839535,normal,,0
2025-04-14 00:00:00+00:00,1.0,1.0,0.2307465545367036,-2.768958654440443,0.006073861870318612,2.4819831196038953,normal,,0
2025-04-15 00:00:00+00:00,0.0,1.0,0.2307465545367036,-2.95473686314557,0.005847650013654148,2.474304765809533,normal,,0
2025-04-16 00:00:00+00:00,0.0,1.0,0.2307465545367036,-2.061940523203914,0.0056395211895525765,2.4890974451309575,normal,,0
2025-04-17 00:00:00+00:00,0.0,1.0,0.2307465545367036,-1.5313866115613148,0.00544802986783041,2.4989478392944138,normal,,0
2025-04-21 00:00:00+00:00,0.0,1.0,0.2307465545367036,-0.7506542563021721,0.005271846071793552,2.5156527109808113,normal,,0
2025-04-22 00:00:00+00:00,0.0,1.0,0.2307465545367036,0.056985424286516026,0.0051097461410667,2.5333542825623407,normal,,0
2025-04-23 00:00:00+00:00,0.0,1.0,0.2307465545367036,-0.24161019120956218,0.004960604232828137,2.526191221213969,normal,,0
2025-04-24 00:00:00+00:00,0.0,1.0,0.2307465545367036,-0.27707031035550306,0.00482338450242294,2.524908537119019,normal,,0
2025-04-25 00:00:00+00:00,0.0,1.0,0.2307465545367036,0.06692279153299582,0.004697133909046086,2.531793472958369,normal,,0
2025-04-28 00:00:00+00:00,0.0,1.0,0.2307465545367036,0.17798544425635043,0.004580975596528339,2.533759103687275,normal,,0
2025-04-29 00:00:00+00:00,0.0,1.0,0.2307465545367036,0.32494265627334085,0.004474102803252072,2.5367524399515817,normal,,0
2025-04-30 00:00:00+00:00,0.0,1.0,0.2307465545367036,-0.2218943704249349,0.004375773258899174,2.524945785932371,normal,,0
2025-05-01 00:00:00+00:00,0.0,1.0,0.2307465545367036,0.24217158041762163,0.004285304029114425,2.534475462596748,normal,,0
2025-05-02 00:00:00+00:00,0.0,1.0,0.2307465545367036,0.44964360687397636,0.00420206677227866,2.538646763219549,normal,,0
2025-05-05 00:00:00+00:00,0.0,1.0,0.2307465545367036,0.36872960962237694,0.004125483375448297,2.537077887319915,normal,,0
2025-05-06 00:00:00+00:00,0.0,1.0,0.2307465545367036,0.5237333447367322,0.004055021939151214,2.540571358464439,normal,,0
2025-05-07 00:00:00+00:00,0.0,1.0,0.2307465545367036,0.1891899262148854,0.003990193083151981,2.533686979143713,normal,,0
2025-05-08 00:00:00+00:00,0.0,1.0,0.2307465545367036,-0.1147008119448585,0.003930546547528589,2.527359823016312,normal,,0
2025-05-09 00:00:00+00:00,0.0,1.0,0.2307465545367036,-0.8973775982931207,0.003875668065453961,2.510722864115313,normal,,0
2025-05-12 00:00:00+00:00,0.0,1.0,0.2307465545367036,0.6906274957906459,0.003825176485962558,2.544188022441041,normal,,0
2025-05-13 00:00:00+00:00,0.0,1.0,0.2307465545367036,1.0779559348806607,0.00377872112671866,2.5528344484285923,normal,,0
2025-05-14 00:00:00+00:00,0.0,1.0,0.2307465545367036,0.8791263140197623,0.003735979338400331,2.5490527757575734,normal,,0
2025-05-15 00:00:00+00:00,0.0,1.0,0.2307465545367036,0.7346584772183707,0.0036966542637828365,2.546097201335778,normal,,0
2025-05-16 00:00:00+00:00,0.0,1.0,0.2307465545367036,0.25027363308773576,0.0036604727759575275,2.535661471374633,normal,,0
2025-05-19 00:00:00+00:00,0.0,1.0,0.2307465545367036,0.08229726729802743,0.003627183581366385,2.532121867446223,normal,,0
2025-05-20 00:00:00+00:00,0.0,1.0,0.2307465545367036,-0.1391975573772234,0.0035965554744770995,2.5269579061368117,normal,,0
2025-05-21 00:00:00+00:00,0.0,1.0,0.2307465545367036,-0.34888389797057556,0.003568375731976778,2.5220802167727427,normal,,0
2025-05-22 00:00:00+00:00,0.0,1.0,0.2307465545367036,-0.4986732944224911,0.003542448635331369,2.518510603373895,normal,,0
2025-05-23 00:00:00+00:00,0.0,1.0,0.2307465545367036,-0.6199650962964711,0.003518594111449444,2.5155791196782906,normal,,0
2025-05-27 00:00:00+00:00,0.0,1.0,0.2307465545367036,-0.7718928382961904,0.0034966464820092597,2.512038346016492,normal,,0
2025-05-28 00:00:00+00:00,0.0,1.0,0.2307465545367036,-1.1074874722873753,0.003476453312762706,2.5048669696773143,normal,,0
2025-05-29 00:00:00+00:00,0.0,1.0,0.2307465545367036,-0.9051099827646673,0.0034578743548241606,2.5082706023313768,normal,,0
2025-05-30 00:00:00+00:00,0.0,1.0,0.2307465545367036,-1.5113527490620011,0.0034407805705911018,2.4963244815573327,normal,,0
2025-06-02 00:00:00+00:00,0.0,1.0,0.2307465545367036,-2.676696795273439,0.003425053237531148,2.4728288387987494,normal,,0
2025-06-03 00:00:00+00:00,0.0,1.0,0.2307465545367036,-2.3688476631502624,0.0034105831236110043,2.4752424135984796,normal,,0
2025-06-04 00:00:00+00:00,0.0,1.0,0.2307465545367036,-2.059205756090489,0.0033972697286403664,2.47873272479744,normal,,0
2025-06-05 00:00:00+00:00,0.0,1.0,0.2307465545367036,-2.155937167884961,0.003385020586261642,2.474518522657441,normal,,0
2025-06-06 00:00:00+00:00,0.0,1.0,0.2307465545367036,-1.5880202253110554,0.0033737506217375534,2.48459955840924,normal,,0
2025-06-09 00:00:00+00:00,0.0,1.0,0.2307465545367036,-1.642034849677049,0.003363381561076228,2.481941247383638,normal,,0
2025-06-10 00:00:00+00:00,0.0,1.0,0.2307465545367036,-1.1747220354259351,0.0033538413873899268,2.4912487755346073,normal,,0
2025-06-11 00:00:00+00:00,0.0,1.0,0.2307465545367036,-1.2437351377411954,0.0033450638407116384,2.488902135623399,normal,,0
2025-06-12 00:00:00+00:00,0.0,1.0,0.2307465545367036,-1.740184698465064,0.0033369879577955694,2.476470060424502,normal,,0
2025-06-13 00:00:00+00:00,0.0,1.0,0.2307465545367036,-1.660594578209629,0.0033295576487052878,2.4767703291776546,normal,,0
2025-06-16 00:00:00+00:00,0.0,1.0,0.2307465545367036,-1.6224965230057176,0.003322721307248768,2.4762226890253136,normal,,0
2025-06-17 00:00:00+00:00,0.0,1.0,0.2307465545367036,-1.473904482058813,0.0033164314525546672,2.478578866352582,normal,,0
2025-06-18 00:00:00+00:00,0.0,1.0,0.2307465545367036,-1.4370485066717134,0.0033106443993004483,2.4782558812186406,normal,,0
2025-06-20 00:00:00+00:00,0.0,1.0,0.2307465545367036,-1.0335828295128215,0.003305319954301969,2.4875809554705,normal,,0
2025-06-23 00:00:00+00:00,0.0,1.0,0.2307465545367036,-1.1873719764089976,0.0033004211373572384,2.482987316132799,normal,,0
2025-06-24 00:00:00+00:00,0.0,1.0,0.2307465545367036,-1.1042625921301643,0.003295913924405496,2.484353065182267,normal,,0
2025-06-25 00:00:00+00:00,0.0,1.0,0.2307465545367036,-1.02254940658572,0.0032917670112177716,2.4859761942988596,normal,,0
2025-06-26 00:00:00+00:00,0.0,1.0,0.2307465545367036,-1.419912285850381,0.0032879515959776564,2.474402246317455,normal,,0
2025-06-27 00:00:00+00:00,0.0,1.0,0.2307465545367036,-0.8448356982149358,0.0032844411792422403,2.488917436296648,normal,,0
2025-06-30 00:00:00+00:00,0.0,1.0,0.2307465545367036,-1.2144586844833698,0.00328121137989387,2.4779419239679106,normal,,0
2025-07-01 00:00:00+00:00,0.0,0.0,0.0,-0.8798832804905399,0.003739904100775124,2.2560196588050045,normal,,0
2025-07-02 00:00:00+00:00,0.0,0.0,0.0,-1.0628356773075631,0.0037389111286783992,2.249446340926432,normal,,0
2025-07-03 00:00:00+00:00,0.0,0.0,0.0,-1.2276068075194915,0.0037380123621321986,2.2442174031528226,normal,,0
2025-07-07 00:00:00+00:00,0.0,0.0,0.0,-1.471090840206388,0.003737198863638903,2.2363820338614344,normal,,0
2025-07-08 00:00:00+00:00,0.0,0.0,0.0,-0.36062087364929335,0.003736462543621886,2.2672155774763425,normal,,0
2025-07-09 00:00:00+00:00,0.0,0.0,0.0,-0.5708158000368341,0.00373579607998129,2.260706330524756,normal,,0
2025-07-10 00:00:00+00:00,0.0,0.0,0.0,-0.8223441156036778,0.0037351928452817426,2.2531660451357034,normal,,0
2025-07-11 00:00:00+00:00,0.0,0.0,0.0,-0.7002009134146704,0.0037346468408479333,2.256316791597516,normal,,0
2025-07-14 00:00:00+00:00,0.0,0.0,0.0,-0.89786662649385,0.0037341526371126987,2.2508382139912793,normal,,0
2025-07-15 00:00:00+00:00,0.0,0.0,0.0,-0.5507290180894552,0.0037337053196244215,2.2606881986819314,normal,,0
2025-07-16 00:00:00+00:00,0.0,0.0,0.0,-0.41009291493164307,0.0037333004401768318,2.264641425193687,normal,,0
2025-07-17 00:00:00+00:00,0.0,0.0,0.0,-0.17257452485026564,0.0037329339725752364,2.2711595993073987,normal,,0
2025-07-18 00:00:00+00:00,0.0,0.0,0.0,-0.02020350730716499,0.003732602272599309,2.2751659878574513,normal,,0
2025-07-21 00:00:00+00:00,0.0,0.0,0.0,-0.7113214928376038,0.0037323020417643006,2.2555958921451853,normal,,0
2025-07-22 00:00:00+00:00,0.0,0.0,0.0,-1.239512835558374,0.0037320302945203112,2.2403963579732165,normal,,0
2025-07-23 00:00:00+00:00,0.0,0.0,0.0,-1.1491968766716922,0.0037317843285634375,2.2417238450922836,normal,,0
2025-07-24 00:00:00+00:00,0.0,0.0,0.0,-1.309145904976574,0.003731561697963573,2.236268005328693,normal,,0
2025-07-25 00:00:00+00:00,0.0,0.0,0.0,-1.694045814498749,0.0037313601888416367,2.2244349647967123,normal,,0
2025-07-28 00:00:00+00:00,0.0,0.0,0.0,-1.0877361328009425,0.003731177797354355,2.239592092995489,normal,,0
2025-07-29 00:00:00+00:00,0.0,0.0,0.0,-1.2885903457288617,0.003731012709767683,2.233016639298024,normal,,0
2025-07-30 00:00:00+00:00,0.0,0.0,0.0,-0.9545701004564914,0.003730863284420704,2.2411689908590713,normal,,0
2025-07-31 00:00:00+00:00,0.0,0.0,0.0,-0.6859290235963365,0.003730728035400654,2.2477124232159853,normal,,0
2025-08-01 00:00:00+00:00,0.0,0.0,0.0,-0.4098667649345061,0.0037306056177667363,2.2543746211317552,normal,,0
2025-08-04 00:00:00+00:00,0.0,0.0,0.0,-1.6318017118572241,0.003730494814175786,2.222049946562974,normal,,0
2025-08-05 00:00:00+00:00,1.0,1.0,0.2080461293339502,-2.4965535520074025,0.0037303945227767895,2.198333613566066,normal,,0
2025-08-06 00:00:00+00:00,0.0,1.0,0.2080461293339502,-3.0778749700790637,0.003730303746253877,2.179052592554851,normal,,0
2025-08-07 00:00:00+00:00,0.0,1.0,0.2080461293339502,-2.9668024466432206,0.0037302215819088338,2.1747323048635407,normal,,0
2025-08-08 00:00:00+00:00,0.0,1.0,0.2080461293339502,-2.731085234444911,0.0037301472126845025,2.17656474360468,normal,,0
2025-08-11 00:00:00+00:00,0.0,1.0,0.2080461293339502,-2.908516849144091,0.003730079899039823,2.168077298614636,normal,,0
2025-08-12 00:00:00+00:00,0.0,1.0,0.2080461293339502,-3.007836507094487,0.0037300189715956983,2.16093894097278,normal,,0
2025-08-13 00:00:00+00:00,0.0,1.0,0.2080461293339502,-2.6977234766000247,0.003729963824478568,2.1655047863612658,normal,,0
2025-08-14 00:00:00+00:00,0.0,1.0,0.2080461293339502,-2.7049892666737367,0.0037299139092954936,2.1608528079027223,normal,,0
2025-08-15 00:00:00+00:00,0.0,1.0,0.2080461293339502,-2.749933487851758,0.003729868729680837,2.154609473902722,normal,,0
2025-08-18 00:00:00+00:00,0.0,1.0,0.2080461293339502,-2.5158909245337866,0.003729827836360312,2.1569211616718924,normal,,0
2025-08-19 00:00:00+00:00,0.0,1.0,0.2080461293339502,-1.8703868883785117,0.0037297908226833192,2.174524657432334,normal,,0
2025-08-20 00:00:00+00:00,0.0,1.0,0.2080461293339502,-2.2736419295870047,0.0037297573205791385,2.157855389378425,normal,,0
2025-08-21 00:00:00+00:00,0.0,1.0,0.2080461293339502,-2.640857113180272,0.0037297269968967674,2.140545917503407,normal,,0
2025-08-22 00:00:00+00:00,0.0,1.0,0.2080461293339502,-2.540002210326886,0.003729699550092005,2.138102111049124,normal,,0
2025-08-25 00:00:00+00:00,0.0,1.0,0.2080461293339502,-2.4427563798856493,0.0037296747072288455,2.135785276424228,normal,,0
2025-08-26 00:00:00+00:00,0.0,1.0,0.2080461293339502,-2.637999477014217,0.003729652221265349,2.122289053680238,normal,,0
2025-08-27 00:00:00+00:00,0.0,1.0,0.2080461293339502,-2.3332945342681555,0.0037296318685970152,2.127633131981011,normal,,0
2025-08-28 00:00:00+00:00,0.0,1.0,0.2080461293339502,-2.054112915615028,0.0037296134468332164,2.1337697429385236,normal,,0
2025-08-29 00:00:00+00:00,0.0,1.0,0.2080461293339502,-2.2687649026850814,0.003729596772784591,2.1192639962586433,normal,,0
2025-09-02 00:00:00+00:00,0.0,1.0,0.2080461293339502,-2.1420503820417687,0.0037295816806413745,2.1190766668711762,normal,,0
2025-09-03 00:00:00+00:00,0.0,1.0,0.2080461293339502,-1.9120600074626177,0.0037295680203245554,2.1246693546189426,normal,,0
2025-09-04 00:00:00+00:00,0.0,1.0,0.2080461293339502,-1.7287170627687856,0.003729555655993465,2.129351532193951,normal,,0
2025-09-05 00:00:00+00:00,0.0,1.0,0.2080461293339502,-1.911157971035235,0.0037295444646949514,2.116297582509604,normal,,0
2025-09-08 00:00:00+00:00,0.0,1.0,0.2080461293339502,-1.8485919311005898,0.0037295343351407113,2.114989190004766,normal,,0
2025-09-09 00:00:00+00:00,0.0,1.0,0.2080461293339502,-1.6366988163537601,0.003729525166600619,2.1218704489390547,normal,,0
2025-09-10 00:00:00+00:00,0.0,1.0,0.2080461293339502,-1.949745258744256,0.003729516867901049,2.1013244767772785,normal,,0
2025-09-11 00:00:00+00:00,0.0,1.0,0.2080461293339502,-2.1807614956600205,0.003729509356518227,2.0832766678740753,normal,,0
2025-09-12 00:00:00+00:00,0.0,1.0,0.2080461293339502,-1.9940158258372163,0.0037295025577575983,2.0871822308443093,normal,,0
2025-09-15 00:00:00+00:00,0.0,1.0,0.2080461293339502,-1.9147407366090954,0.0037294964040110543,2.086105004111251,normal,,0
2025-09-16 00:00:00+00:00,0.0,1.0,0.2080461293339502,-1.4589112574395253,0.003729490834084623,2.108243882213156,normal,,0
2025-09-17 00:00:00+00:00,0.0,1.0,0.2080461293339502,-1.4375455849283676,0.003729485792589944,2.106307699538588,normal,,0
2025-09-18 00:00:00+00:00,0.0,1.0,0.2080461293339502,-1.5064180996059735,0.0037294812293934805,2.0988632943907053,normal,,0
2025-09-19 00:00:00+00:00,0.0,1.0,0.2080461293339502,-1.9876385322476688,0.0037294770991179787,2.0655342076315457,normal,,0
2025-09-22 00:00:00+00:00,0.0,1.0,0.2080461293339502,-2.004174041588374,0.0037294733606912296,2.058597584764153,normal,,0
2025-09-23 00:00:00+00:00,0.0,1.0,0.2080461293339502,-1.8189931636157297,0.003729469976937639,2.064328265861529,normal,,0
2025-09-24 00:00:00+00:00,0.0,1.0,0.2080461293339502,-1.5600059328674738,0.0037294669142085473,2.076432176611954,normal,,0
2025-09-25 00:00:00+00:00,0.0,1.0,0.2080461293339502,-1.5749008505909428,0.003729464142047621,2.071504926987872,normal,,0
2025-09-26 00:00:00+00:00,0.0,1.0,0.2080461293339502,-1.712576672568804,0.0037294616328879884,2.058354610761769,normal,,0
2025-09-29 00:00:00+00:00,0.0,1.0,0.2080461293339502,-1.5703828090159684,0.003729459361778111,2.06337518530886,normal,,0
2025-09-30 00:00:00+00:00,0.0,1.0,0.2080461293339502,-1.4976944690430658,0.0037294573061336603,2.0643048975597624,normal,,0
2025-10-01 00:00:00+00:00,0.0,0.0,0.0,-1.5746091833612756,0.00322047869010364,2.022401785621234,normal,,0
2025-10-02 00:00:00+00:00,1.0,1.0,0.12639859167443554,-1.5167831000932266,0.00322047869010364,2.0227699882407926,normal,,0
2025-10-03 00:00:00+00:00,0.0,1.0,0.12639859167443554,-1.3752181573822513,0.00322047869010364,2.029195027437145,normal,,0
2025-10-06 00:00:00+00:00,0.0,1.0,0.12639859167443554,-1.3158135321484021,0.00322047869010364,2.0302512556053514,normal,,0
2025-10-07 00:00:00+00:00,0.0,1.0,0.12639859167443554,-0.9508267147174052,0.00322047869010364,2.052982525840628,normal,,0
2025-10-08 00:00:00+00:00,0.0,1.0,0.12639859167443554,-1.051323238912409,0.00322047869010364,2.043949736532069,normal,,0
2025-10-09 00:00:00+00:00,0.0,1.0,0.12639859167443554,-0.6652778045913167,0.00322047869010364,2.0682560510602013,normal,,0
2025-10-10 00:00:00+00:00,0.0,1.0,0.12639859167443554,-0.48917757677982665,0.00322047869010364,2.0783043281947813,normal,,0
2025-10-13 00:00:00+00:00,0.0,1.0,0.12639859167443554,-0.6977505798534567,0.00322047869010364,2.0631691495992923,normal,,0
2025-10-14 00:00:00+00:00,0.0,1.0,0.12639859167443554,-0.44050610371577914,0.00322047869010364,2.0777491533939734,normal,,0
2025-10-15 00:00:00+00:00,0.0,1.0,0.12639859167443554,-0.7503745638681517,0.00322047869010364,2.0574771349363585,normal,,0
2025-10-16 00:00:00+00:00,0.0,1.0,0.12639859167443554,-0.8719467629719512,0.00322047869010364,2.0488328786446277,normal,,0
2025-10-17 00:00:00+00:00,0.0,1.0,0.12639859167443554,-0.09471816657643939,0.00322047869010364,2.0920044766446457,normal,,0
2025-10-20 00:00:00+00:00,0.0,1.0,0.12639859167443554,0.25458927544282023,0.00322047869010364,2.1096884716619777,normal,,0
2025-10-21 00:00:00+00:00,0.0,1.0,0.12639859167443554,0.7862726279803993,0.00322047869010364,2.1366611995860323,normal,,0
2025-10-22 00:00:00+00:00,0.0,1.0,0.12639859167443554,0.7589748839177339,0.00322047869010364,2.132573962281869,normal,,0
2025-10-23 00:00:00+00:00,0.0,1.0,0.12639859167443554,0.7451292506180843,0.00322047869010364,2.1293830466417036,normal,,0
2025-10-24 00:00:00+00:00,0.0,1.0,0.12639859167443554,0.9521181433338226,0.00322047869010364,2.1363631086976245,normal,,0
2025-10-27 00:00:00+00:00,0.0,1.0,0.12639859167443554,1.2319029503462322,0.00322047869010364,2.145365800676908,normal,,0
2025-10-28 00:00:00+00:00,0.0,1.0,0.12639859167443554,0.8934698997965513,0.00322047869010364,2.1259794510755468,normal,,0
2025-10-29 00:00:00+00:00,0.0,1.0,0.12639859167443554,0.8696802640863378,0.00322047869010364,2.1222166884353593,normal,,0
2025-10-30 00:00:00+00:00,0.0,1.0,0.12639859167443554,0.7613291453582183,0.00322047869010364,2.1161761368460237,normal,,0
2025-10-31 00:00:00+00:00,0.0,1.0,0.12639859167443554,0.8136369892415316,0.00322047869010364,2.1172040742606675,normal,,0
2025-11-03 00:00:00+00:00,0.0,1.0,0.12639859167443554,1.132477094974275,0.00322047869010364,2.1286543224597714,normal,,0
2025-11-04 00:00:00+00:00,0.0,1.0,0.12639859167443554,1.6987673886060974,0.00322047869010364,2.149586911087787,normal,,0
2025-11-05 00:00:00+00:00,0.0,1.0,0.12639859167443554,1.121258773564134,0.00322047869010364,2.1280679212791127,normal,,0
2025-11-06 00:00:00+00:00,0.0,1.0,0.12639859167443554,1.137972453427553,0.00322047869010364,2.1286393522458322,normal,,0
2025-11-07 00:00:00+00:00,0.0,1.0,0.12639859167443554,0.6480577658203908,0.00322047869010364,2.1095857631949366,normal,,0
2025-11-10 00:00:00+00:00,0.0,1.0,0.12639859167443554,0.34627926278362253,0.00322047869010364,2.09754630062911,normal,,0
2025-11-11 00:00:00+00:00,0.0,1.0,0.12639859167443554,0.222493404610783,0.00322047869010364,2.092328471295228,normal,,0
2025-11-12 00:00:00+00:00,0.0,1.0,0.12639859167443554,-0.11785563929571245,0.00322047869010364,2.078954225731625,normal,,0
2025-11-13 00:00:00+00:00,0.0,1.0,0.12639859167443554,0.4359064200637012,0.00322047869010364,2.0982134085431907,normal,,0
2025-11-14 00:00:00+00:00,0.0,1.0,0.12639859167443554,0.29468931089907974,0.00322047869010364,2.0924547865584064,normal,,0
2025-11-17 00:00:00+00:00,0.0,1.0,0.12639859167443554,0.31972563832087825,0.00322047869010364,2.093027754666034,normal,,0
2025-11-18 00:00:00+00:00,0.0,1.0,0.12639859167443554,0.36548771371873745,0.00322047869010364,2.0943999938412157,normal,,0
2025-11-19 00:00:00+00:00,0.0,1.0,0.12639859167443554,0.18648647403205795,0.00322047869010364,2.0877938701938445,normal,,0
2025-11-20 00:00:00+00:00,0.0,1.0,0.12639859167443554,1.1041385115201063,0.00322047869010364,2.120562146038237,normal,,0
2025-11-21 00:00:00+00:00,0.0,1.0,0.12639859167443554,0.8521199504488052,0.00322047869010364,2.1122188295272655,normal,,0
2025-11-24 00:00:00+00:00,0.0,1.0,0.12639859167443554,-0.03154931106306216,0.00322047869010364,2.0804976552505505,normal,,0
2025-11-25 00:00:00+00:00,0.0,1.0,0.12639859167443554,0.0069661607834211785,0.00322047869010364,2.0817724408181473,normal,,0
2025-11-26 00:00:00+00:00,0.0,1.0,0.12639859167443554,-0.9062635421617717,0.00322047869010364,2.0486392070315613,normal,,0
2025-11-28 00:00:00+00:00,0.0,1.0,0.12639859167443554,-1.0421756690241235,0.00322047869010364,2.042762941555875,normal,,0
2025-12-01 00:00:00+00:00,0.0,1.0,0.12639859167443554,-0.8196652054667604,0.00322047869010364,2.049737375726402,normal,,0
2025-12-02 00:00:00+00:00,0.0,1.0,0.12639859167443554,-0.6047110530999051,0.00322047869010364,2.0569186407522513,normal,,0
2025-12-03 00:00:00+00:00,0.0,1.0,0.12639859167443554,-0.4690870434370602,0.00322047869010364,2.0614322400642577,normal,,0
2025-12-04 00:00:00+00:00,2.0,0.0,0.0,-0.5139806685518348,0.00322047869010364,2.0592804072663458,normal,mean_reversion,0
2025-12-05 00:00:00+00:00,0.0,0.0,0.0,-0.5479246550443614,0.00322047869010364,2.0578265346333415,normal,,0
2025-12-08 00:00:00+00:00,0.0,0.0,0.0,0.043086002275284654,0.00322047869010364,2.0798398186476565,normal,,0
2025-12-09 00:00:00+00:00,0.0,0.0,0.0,-0.5817402822521943,0.00322047869010364,2.057223404537302,normal,,0
2025-12-10 00:00:00+00:00,0.0,0.0,0.0,-0.9755137149076267,0.00322047869010364,2.042807551764523,normal,,0
2025-12-11 00:00:00+00:00,1.0,1.0,0.1274527964954892,-1.5294335579458704,0.00322047869010364,2.021418441969601,normal,,0
2025-12-12 00:00:00+00:00,0.0,1.0,0.1274527964954892,-1.0988068506944242,0.00322047869010364,2.035735207666774,normal,,0
2025-12-15 00:00:00+00:00,0.0,1.0,0.1274527964954892,-0.7734131571050418,0.00322047869010364,2.0472513320575767,normal,,0
2025-12-16 00:00:00+00:00,0.0,1.0,0.1274527964954892,-0.8274477508619601,0.00322047869010364,2.0456224134109573,normal,,0
2025-12-17 00:00:00+00:00,0.0,1.0,0.1274527964954892,-0.8455867361263889,0.00322047869010364,2.0455782328051835,normal,,0
2025-12-18 00:00:00+00:00,0.0,1.0,0.1274527964954892,-0.9411521966003126,0.00322047869010364,2.0424558460368223,normal,,0
2025-12-19 00:00:00+00:00,0.0,1.0,0.1274527964954892,-1.4835938910170765,0.00322047869010364,2.02215822898723,normal,,0
2025-12-22 00:00:00+00:00,0.0,1.0,0.1274527964954892,-1.4166377594392958,0.00322047869010364,2.023881990285276,normal,,0
2025-12-23 00:00:00+00:00,0.0,1.0,0.1274527964954892,-1.0784528634005528,0.00322047869010364,2.0365634379019504,normal,,0
2025-12-24 00:00:00+00:00,0.0,1.0,0.1274527964954892,-1.131892022766785,0.00322047869010364,2.034788258259405,normal,,0
2025-12-26 00:00:00+00:00,0.0,1.0,0.1274527964954892,-1.2347104899140005,0.00322047869010364,2.0310675249314194,normal,,0
2025-12-29 00:00:00+00:00,0.0,1.0,0.1274527964954892,-0.9088266284101522,0.00322047869010364,2.043626891239988,normal,,0
2025-12-30 00:00:00+00:00,0.0,1.0,0.1274527964954892,-1.1996530265751557,0.00322047869010364,2.033623242015372,normal,,0
2025-12-31 00:00:00+00:00,0.0,1.0,0.1274527964954892,-1.1202918364946706,0.00322047869010364,2.0367330152878806,normal,,0
2026-01-02 00:00:00+00:00,0.0,0.0,0.0,-0.9418953572656792,0.003114422443911908,2.096316806320183,normal,,0
2026-01-05 00:00:00+00:00,0.0,0.0,0.0,-1.1070064525171754,0.003114422443911908,2.090128404893205,normal,,0
2026-01-06 00:00:00+00:00,1.0,1.0,0.13694014137969976,-1.6432816965563972,0.003114422443911908,2.070582398180087,normal,,0
2026-01-07 00:00:00+00:00,0.0,1.0,0.13694014137969976,-1.472468190336726,0.003114422443911908,2.074768778948618,normal,,0
2026-01-08 00:00:00+00:00,0.0,1.0,0.13694014137969976,-1.467811083547597,0.003114422443911908,2.0730554110266888,normal,,0
2026-01-09 00:00:00+00:00,0.0,1.0,0.13694014137969976,-1.6009541903449709,0.003114422443911908,2.0663420850511534,normal,,0
2026-01-12 00:00:00+00:00,0.0,1.0,0.13694014137969976,-1.7526858656665938,0.003114422443911908,2.058089631111604,normal,,0
2026-01-13 00:00:00+00:00,0.0,1.0,0.13694014137969976,-1.9291710111930858,0.003114422443911908,2.0485520656304863,normal,,0
2026-01-14 00:00:00+00:00,0.0,1.0,0.13694014137969976,-1.6901997520601137,0.003114422443911908,2.055312384680751,normal,,0
2026-01-15 00:00:00+00:00,0.0,1.0,0.13694014137969976,-1.817322862219684,0.003114422443911908,2.0470274542851588,normal,,0
2026-01-16 00:00:00+00:00,0.0,1.0,0.13694014137969976,-1.8385936022446798,0.003114422443911908,2.0427233424493068,normal,,0
2026-01-20 00:00:00+00:00,0.0,1.0,0.13694014137969976,-2.0852970493720147,0.003114422443911908,2.0292008860932533,normal,,0
2026-01-21 00:00:00+00:00,0.0,1.0,0.13694014137969976,-1.4310017387028544,0.003114422443911908,2.053776270560755,normal,,0
2026-01-22 00:00:00+00:00,0.0,1.0,0.13694014137969976,-1.5994855335452178,0.003114422443911908,2.0444690378366417,normal,,0
2026-01-23 00:00:00+00:00,0.0,1.0,0.13694014137969976,-1.6101680749660894,0.003114422443911908,2.0418927984036594,normal,,0
2026-01-26 00:00:00+00:00,0.0,1.0,0.13694014137969976,-1.5311501374194532,0.003114422443911908,2.0435366837940867,normal,,0
2026-01-27 00:00:00+00:00,0.0,1.0,0.13694014137969976,-1.0574167433338635,0.003114422443911908,2.0617342291628526,normal,,0
2026-01-28 00:00:00+00:00,0.0,1.0,0.13694014137969976,-0.15678877478575112,0.003114422443911908,2.0984601269111165,normal,,0
2026-01-29 00:00:00+00:00,0.0,1.0,0.13694014137969976,0.11949786970861001,0.003114422443911908,2.108892482083249,normal,,0
2026-01-30 00:00:00+00:00,0.0,1.0,0.13694014137969976,0.4321066489816996,0.003114422443911908,2.1204951372236676,normal,,0
2026-02-02 00:00:00+00:00,0.0,1.0,0.13694014137969976,-0.29492981799809753,0.003114422443911908,2.0903446272082467,normal,,0
2026-02-03 00:00:00+00:00,0.0,1.0,0.13694014137969976,0.2552772229791575,0.003114422443911908,2.1096633823681525,normal,,0
2026-02-04 00:00:00+00:00,0.0,1.0,0.13694014137969976,0.20482374733977426,0.003114422443911908,2.1063382679824842,normal,,0
2026-02-05 00:00:00+00:00,0.0,1.0,0.13694014137969976,1.3534916634956196,0.003114422443911908,2.1441866076584697,normal,,0
2026-02-06 00:00:00+00:00,0.0,1.0,0.13694014137969976,0.6414602802823222,0.003114422443911908,2.119211986200619,normal,,0
2026-02-09 00:00:00+00:00,0.0,1.0,0.13694014137969976,-0.038950694625937164,0.003114422443911908,2.095708731808606,normal,,0
2026-02-10 00:00:00+00:00,0.0,1.0,0.13694014137969976,-0.3862036668802304,0.003114422443911908,2.083568110901407,normal,,0
2026-02-11 00:00:00+00:00,0.0,1.0,0.13694014137969976,-0.6982038233699628,0.003114422443911908,2.0727709443068605,normal,,0
2026-02-12 00:00:00+00:00,0.0,1.0,0.13694014137969976,0.07132998303127845,0.003114422443911908,2.09638713892513,normal,,0
2026-02-13 00:00:00+00:00,0.0,1.0,0.13694014137969976,-0.501197798520269,0.003114422443911908,2.0777587427666804,normal,,0
2026-02-17 00:00:00+00:00,0.0,1.0,0.13694014137969976,-0.551558702229382,0.003114422443911908,2.0754545958740005,normal,,0
2026-02-18 00:00:00+00:00,0.0,1.0,0.13694014137969976,-0.4509496169510786,0.003114422443911908,2.077680255900421,normal,,0
2026-02-19 00:00:00+00:00,0.0,1.0,0.13694014137969976,-0.7777727674779888,0.003114422443911908,2.0674648078925326,normal,,0
