ts_event,equity,returns,exposure,cash_credit,financing,spread
2020-07-01 00:00:00+00:00,1000000.0,0.0,0.0,0.0,0.0,2.3285206496177078
2020-07-02 00:00:00+00:00,1000079.3650793651,7.936507936508861e-05,0.0,79.36507936507937,0.0,2.3290873236113065
2020-07-06 00:00:00+00:00,1000158.736457546,7.936507936509753e-05,0.0,79.37137818090198,0.0,2.328996163619879
2020-07-07 00:00:00+00:00,1000238.1141350426,7.936507936508781e-05,0.0,79.37767749663064,0.0,2.3229706555659226
2020-07-08 00:00:00+00:00,1000317.498112355,7.93650793651362e-05,0.0,79.38397731230498,0.0,2.319815111062068
2020-07-09 00:00:00+00:00,1000396.888389983,7.936507936508663e-05,0.0,79.39027762796468,0.0,2.3023563679896206
2020-07-10 00:00:00+00:00,1000476.2849684267,7.93650793651322e-05,0.0,79.39657844364945,0.0,2.3119585348584404
2020-07-13 00:00:00+00:00,1000555.6878481861,7.936507936511688e-05,0.0,79.40287975939894,0.0,2.3147313502550193
2020-07-14 00:00:00+00:00,1000635.0970297614,7.936507936511734e-05,0.0,79.40918157525287,0.0,2.3260438973797184
2020-07-15 00:00:00+00:00,1000714.5125136527,7.936507936509392e-05,0.0,79.4154838912509,0.0,2.3321255248013553
2020-07-16 00:00:00+00:00,1000793.9343003602,7.936507936512329e-05,0.0,79.42178670743276,0.0,2.3277908513210295
2020-07-17 00:00:00+00:00,1000873.362390384,7.936507936504947e-05,0.0,79.42809002383811,0.0,2.3247618936175987
2020-07-20 00:00:00+00:00,1000952.7967842245,7.936507936506542e-05,0.0,79.43439384050666,0.0,2.3141974470250704
2020-07-21 00:00:00+00:00,1001032.237482382,7.936507936513146e-05,0.0,79.44069815747812,0.0,2.353597434731324
2020-07-22 00:00:00+00:00,1001111.6844853568,7.936507936509162e-05,0.0,79.44700297479223,0.0,2.3656455754554067
2020-07-23 00:00:00+00:00,1001191.1377936492,7.936507936502255e-05,0.0,79.45330829248863,0.0,2.364929064823517
2020-07-24 00:00:00+00:00,1001270.5974077599,7.936507936511715e-05,0.0,79.45961411060708,0.0,2.3582393985843995
2020-07-27 00:00:00+00:00,1001350.0633281891,7.936507936510315e-05,0.0,79.46592042918729,0.0,2.3596893776327934
2020-07-28 00:00:00+00:00,1001429.5355554373,7.93650793650572e-05,0.0,79.47222724826898,0.0,2.3440811772674763
2020-07-29 00:00:00+00:00,1001509.0140900052,7.936507936505588e-05,0.0,79.47853456789186,0.0,2.3496975926170705
2020-07-30 00:00:00+00:00,1001588.4989323933,7.936507936505952e-05,0.0,79.48484238809564,0.0,2.338708265701561
2020-07-31 00:00:00+00:00,1001667.9900831021,7.936507936502845e-05,0.0,79.4911507089201,0.0,2.3031253603432957
2020-08-03 00:00:00+00:00,1003569.6244886944,0.0018984677801618247,0.17873923238416428,65.28814463744918,0.0,2.312738838111775
2020-08-04 00:00:00+00:00,1005116.7473195093,0.0015416198269284542,0.17840054469809163,65.43906800297239,6.153088166150731,2.325105831712133
2020-08-05 00:00:00+00:00,1004385.6228372125,-0.0007274025472628451,0.1781259422138844,65.56185552922754,6.1130613850713225,2.318373736468579
2020-08-06 00:00:00+00:00,1005304.9732396418,0.0009153360835972853,0.178255605795604,65.5038297766643,6.1658686925041515,2.325649760371544
2020-08-07 00:00:00+00:00,1004617.951115359,-0.0006833967229554454,0.17809259122063842,65.57679409431742,6.097990077778867,2.319404652928873
2020-08-10 00:00:00+00:00,1007156.1027561332,0.002526484459048616,0.17821438234551687,65.52226852889814,6.345166116803258,2.3397396996808273
2020-08-11 00:00:00+00:00,1007236.7012032802,8.002577448172794e-05,0.0,79.93302402826454,6.315750196922211,2.33397280013904
2020-08-12 00:00:00+00:00,1007316.6406240107,7.936507936511766e-05,0.0,79.93942073041907,0.0,2.3567335829086824
2020-08-13 00:00:00+00:00,1007396.5863891396,7.936507936513053e-05,0.0,79.94576512888973,0.0,2.3628835141578226
2020-08-14 00:00:00+00:00,1007476.5384991706,7.936507936511617e-05,0.0,79.9521100308841,0.0,2.363386359355708
2020-08-17 00:00:00+00:00,1007556.496954607,7.936507936503493e-05,0.0,79.95845543644211,0.0,2.377111605002326
2020-08-18 00:00:00+00:00,1009410.4700233254,0.0018400685959766834,0.18462254004035597,65.20149660735589,0.0,2.3424570809401364
2020-08-19 00:00:00+00:00,1010431.9080604608,0.0010119154372470519,0.18428344585887269,65.34863732709545,-0.4412035503827749,2.3340666896725444
2020-08-20 00:00:00+00:00,1011474.9721889837,0.0010322953186672962,0.184097155105668,65.4297038379792,-0.41843957205519766,2.3253255730471296
2020-08-21 00:00:00+00:00,1010746.9815931999,-0.0007197316946046866,0.1839073084520842,65.5124867053223,-0.47278128050781265,2.332327965457119
2020-08-24 00:00:00+00:00,1008385.445738196,-0.0023364263243027166,0.1840397677059699,65.4547096739109,-0.5838479373018686,2.3536044575879544
2020-08-25 00:00:00+00:00,1009200.1453170573,0.0008079247695456706,0.184470770069224,65.26728619335503,-0.5579198798211291,2.3471196458359587
2020-08-26 00:00:00+00:00,1009631.6897337976,0.0004276103394780298,0.18432185187952202,65.33194489009004,-0.5860599153229669,2.344063341187635
2020-08-27 00:00:00+00:00,1009244.3016869558,-0.0003836924403035121,0.1842430676388225,65.3661944469742,-0.6141576715704073,2.3481243961978993
2020-08-28 00:00:00+00:00,1009892.1086724078,0.0006418733148843589,0.18431378744570912,65.33544936389151,-0.5502347501907536,2.342817535769562
2020-08-31 00:00:00+00:00,1010923.879169006,0.0010216640844481549,0.18419555723280112,65.38686261670517,-0.5327088852481059,2.3342792473051337
2020-09-01 00:00:00+00:00,1010744.5238044432,-0.00017741727963757256,0.0,80.23205390230207,-0.5491617854128288,2.3324099139680685
2020-09-02 00:00:00+00:00,1010824.7416237928,7.936507936512731e-05,0.0,80.21781934955898,0.0,2.3365732353292814
2020-09-03 00:00:00+00:00,1010904.9658096359,7.936507936505852e-05,0.0,80.22418584315815,0.0,2.32297653329813
2020-09-04 00:00:00+00:00,1010985.196362478,7.936507936507052e-05,0.0,80.2305528420346,0.0,2.318991421961561
2020-09-08 00:00:00+00:00,1011065.4332828242,7.936507936512357e-05,0.0,80.23692034622842,0.0,2.296611189503903
2020-09-09 00:00:00+00:00,1013345.4238448988,0.002255037594027612,0.19397038128663682,64.67846711771557,0.0,2.3147169934302108
2020-09-10 00:00:00+00:00,1012482.2181422965,-0.000851837569194374,0.1935339549425206,64.85941874962626,6.439852677875747,2.3076531379079634
2020-09-11 00:00:00+00:00,1011862.1466290258,-0.000612427065048544,0.19369895498949435,64.79091036053083,6.366184460359976,2.302291420322857
2020-09-14 00:00:00+00:00,1011517.6377289043,-0.0003404701927720778,0.1938176541665902,64.74169833566808,6.329251748289284,2.2990342255372513
2020-09-15 00:00:00+00:00,1011425.4233979778,-9.116433316324966e-05,0.19388366577565216,64.71435635946794,6.289769459669049,2.2979807288929575
2020-09-16 00:00:00+00:00,1012361.5615036687,0.0009255631547660583,0.19390134266225545,64.70703776177537,6.455236305829333,2.304590775469425
2020-09-17 00:00:00+00:00,1011655.928054598,-0.0006970172277407869,0.19372204067913673,64.7813344368302,6.389093982552928,2.2984837789177726
2020-09-18 00:00:00+00:00,1012442.6589237584,0.0007776664450266771,0.19385716246109305,64.72533178214205,6.404513002826454,2.3045357442404653
2020-09-21 00:00:00+00:00,1010668.9095644009,-0.001751950437610997,0.19370652339766392,64.78777074001194,6.229362786984992,2.289694029962196
2020-09-22 00:00:00+00:00,1011306.7077523258,0.0006310654081560595,0.19404648321885606,64.64699698133276,6.218088692425916,2.294889584535878
2020-09-23 00:00:00+00:00,1007503.0911417622,-0.003761091053195227,0.19392410442474597,64.69761588513633,5.853737889408803,2.262111979798553
2020-09-24 00:00:00+00:00,1008101.7680181828,0.0005942184015953388,0.1946562242080637,64.3957415509646,5.899362039312599,2.2668406094784888
2020-09-25 00:00:00+00:00,1007311.363506758,-0.0007840523015634399,0.194540624589075,64.44325558877577,5.834182154284323,2.2593778895799725
2020-09-28 00:00:00+00:00,1009950.734622532,0.002620213780360401,0.19469327429888797,64.38052507199603,6.067655938584396,2.2816353559799136
2020-09-29 00:00:00+00:00,1009026.8949311565,-0.0009147373824335924,0.1941844694760349,64.58999897007334,5.9478404237843465,2.273456419286514
2020-09-30 00:00:00+00:00,1008007.3274999574,-0.0010104462391646103,0.19436225990090053,64.5166783596467,5.8628178417731505,2.2640053552622774
2020-10-01 00:00:00+00:00,1008179.4086017337,0.00017071413776636538,0.19455885116035168,64.43576030955154,5.806308111841526,2.1881238570200314
2020-10-02 00:00:00+00:00,1009270.3858059762,0.0010821260530956378,0.1945256428829535,64.44941753985124,5.86787442939933,2.1978626568875366
2020-10-05 00:00:00+00:00,1010838.1428674505,0.0015533568442338565,0.19431536915946912,64.53600303225143,6.03500278507739,2.2099190763025165
2020-10-06 00:00:00+00:00,1010975.0826622461,0.00013547153494537686,0.19401399619060927,64.6604281958605,6.018644921435695,2.2112211706985265
2020-10-07 00:00:00+00:00,1012914.1366383141,0.0019180037266218694,0.19398771637691115,64.6712964335427,6.187715849769981,2.2269019492926394
2020-10-08 00:00:00+00:00,1012220.4011911784,-0.0006848906753716966,0.19361635947789757,64.82518960624651,6.237013828777121,2.2177116648995376
2020-10-09 00:00:00+00:00,1011283.712418361,-0.0009253802548487288,0.193749056399988,64.77013123742621,6.112323548960052,2.210281730609713
2020-10-12 00:00:00+00:00,1011418.9658996286,0.00013374434850152987,0.19392851401771213,64.69579085863118,6.115656053292073,2.2109966802881846
2020-10-13 00:00:00+00:00,1011450.7998177671,3.147451176200578e-05,0.19390258064339122,64.70652526190639,6.086553893479158,2.2113960399573966
2020-10-14 00:00:00+00:00,1010610.3457860564,-0.0008309391142526856,0.19389647784641864,64.70905176334595,6.017945850166046,2.203571006552013
2020-10-15 00:00:00+00:00,1011469.6498867818,0.0008502823113858792,0.19405772800303936,64.64234906241653,6.0892050227015035,2.2103013434525707
2020-10-16 00:00:00+00:00,1010860.0269195666,-0.0006027100934600388,0.19389286433019545,64.71054780056934,6.020749308397596,2.2048913473301197
2020-10-19 00:00:00+00:00,1009835.5019331878,-0.0010135181519649236,0.19400979599247026,64.66216502539352,5.900640933019119,2.196187327738775
2020-10-20 00:00:00+00:00,1010035.6995573023,0.0001982477579083012,0.1942066279351144,64.58085351853806,5.9217838064450135,2.197211310171944
2020-10-21 00:00:00+00:00,1009395.5954228411,-0.0006337440693845783,0.19416813453778503,64.59674221886462,5.8376905825055125,2.1916636837251553
2020-10-22 00:00:00+00:00,1010329.3429150919,0.0009250560399558727,0.19429126547501305,64.5459403034312,6.0034951668606364,2.1973971782542128
2020-10-23 00:00:00+00:00,1010567.9003819595,0.00023611851772938267,0.19411170127332406,64.62004724726063,5.977584979810519,2.199731135536874
2020-10-26 00:00:00+00:00,1009568.3519067077,-0.0009890958092711745,0.19406587872569747,64.63898037955171,5.844591776691593,2.19147207429248
2020-10-27 00:00:00+00:00,1008143.1496263576,-0.0014116946887830395,0.1942580185177307,64.55965113548409,5.693776407038816,2.1788046291718985
2020-10-28 00:00:00+00:00,1007551.940122857,-0.0005864340830166059,0.19453263921130023,64.44653984339281,5.597040439600896,2.1738206187342874
2020-10-29 00:00:00+00:00,1006372.4739203944,-0.00117062570721539,0.1946467867211832,64.39961845422611,5.554916507054788,2.1612466416367537
2020-10-30 00:00:00+00:00,1009165.9969306801,0.002775834080003523,0.19487491230321669,64.30601002545923,5.756012302266315,2.1866212122633875
2020-11-02 00:00:00+00:00,1010673.766245602,0.0014940746314359775,0.19433546928462295,64.52771820087872,5.943697810213405,2.1978829148481065
2020-11-03 00:00:00+00:00,1011223.5729153281,0.0005440001394005006,0.1940455507499045,64.64738243222175,5.972766889849888,2.2024085675000435
2020-11-04 00:00:00+00:00,1011476.9513540718,0.00025056619083085657,0.19394004733711778,64.6910178822,5.961238913608805,2.20479577248678
2020-11-05 00:00:00+00:00,1012532.626485613,0.0010436966755672035,0.19389146469137544,64.7111272821003,6.033759283690811,2.2137312025869322
2020-11-06 00:00:00+00:00,1011776.2630070945,-0.0007470015866488107,0.0,80.35973226076293,5.917360129735618,2.2027282454772847
2020-11-09 00:00:00+00:00,1011856.5627105078,7.936507936508912e-05,0.0,80.29970341326147,0.0,2.252293408805305
2020-11-10 00:00:00+00:00,1011936.8687869133,7.936507936505372e-05,0.0,80.30607640559586,0.0,2.2910418768618572
2020-11-11 00:00:00+00:00,1011711.6919066728,-0.00022252068008006632,0.21515841352090162,63.03255059646129,0.0,2.2912174786451893
2020-11-12 00:00:00+00:00,1012304.4459155641,0.0005858922197233769,0.21520630137344077,63.01467941548982,-0.49031215954049734,2.2875580690636137
2020-11-13 00:00:00+00:00,1010305.4680213796,-0.001974680544227564,0.21508028750637492,63.061723384449444,-0.5305582267006426,2.3025591384632014
2020-11-16 00:00:00+00:00,1005062.221288821,-0.005189763787804853,0.2155058427011242,62.903074345228454,-0.6638466117588242,2.3391467628828946
2020-11-17 00:00:00+00:00,1009414.4150644813,0.004330272975616785,0.21663010175857936,62.48694365216825,-0.421991985009621,2.3092893343252086
2020-11-18 00:00:00+00:00,1011113.5996961314,0.0016833369984532661,0.21569607885735684,62.83235585658573,-0.42682933597571826,2.297765452469363
2020-11-19 00:00:00+00:00,1009661.8117955036,-0.0014358306535132426,0.21533359984173311,62.96721177973256,-0.5207403170103155,2.3087603973615365
2020-11-20 00:00:00+00:00,1008162.001638542,-0.0014854579418968107,0.2156432269972783,62.85199051777798,-0.5969899337575733,2.3199262802370493
2020-11-23 00:00:00+00:00,1004228.46104169,-0.003901694956226269,0.21596403248449647,62.73295796563817,-0.6316847239509644,2.3461826238729184
2020-11-24 00:00:00+00:00,1002784.8918521107,-0.0014374908156673894,0.21680995880723428,62.42077220398325,-0.5350907557250093,2.355114676968853
2020-11-25 00:00:00+00:00,1005959.1346457135,0.003165427420570757,0.21712206978843385,62.30620322068331,-0.4667364198109145,2.335168406334735
2020-11-27 00:00:00+00:00,1006260.7964962082,0.0002998748558517971,0.21643695431840954,62.558127251921626,-0.4975697705821349,2.33367824434134
2020-11-30 00:00:00+00:00,1008529.9943915285,0.0022550793027232043,0.21637206977517534,62.58206866862755,-0.50838876336192,2.319044189952148
2020-12-01 00:00:00+00:00,1009159.6602128354,0.0006243402028779187,0.2158852314579509,62.76216373968472,-0.47124092292721853,2.3150634870879507
2020-12-02 00:00:00+00:00,1007639.4496638676,-0.0015064123239401023,0.21575052972844924,62.81213721756622,-0.45345792649220407,2.3257270872365
2020-12-03 00:00:00+00:00,1008775.9642063915,0.0011278980223561226,0.21607602932192782,62.691485586695755,-0.38534251736583847,2.318457921846666
2020-12-04 00:00:00+00:00,1006202.7448374155,-0.002550833346827729,0.21583259216806147,62.781685153562734,-0.4281938323631185,2.33601516449824
2020-12-07 00:00:00+00:00,1007174.4726857421,0.0009657376242633571,0.0,79.85736070138218,-0.31843401312843844,2.3154996008894693
2020-12-08 00:00:00+00:00,1007254.4071677013,7.936507936510124e-05,0.0,79.93448195918587,0.0,2.308592524885691
2020-12-09 00:00:00+00:00,1007334.347993667,7.936507936510972e-05,0.0,79.94082596569058,0.0,2.2877784847644187
2020-12-10 00:00:00+00:00,1007414.2951641427,7.936507936512187e-05,0.0,79.94717047568786,0.0,2.3007087314753387
2020-12-11 00:00:00+00:00,1007494.248679632,7.9365079365098e-05,0.0,79.95351548921768,0.0,2.293720383729649
2020-12-14 00:00:00+00:00,1007574.2085406383,7.936507936511402e-05,0.0,79.95986100632,0.0,2.283274686125744
2020-12-15 00:00:00+00:00,1007654.1747476654,7.936507936513025e-05,0.0,79.96620702703478,0.0,2.2706608003561555
2020-12-16 00:00:00+00:00,1007734.1473012168,7.936507936510703e-05,0.0,79.97255355140202,0.0,2.25350285596634
2020-12-17 00:00:00+00:00,1007814.1262017963,7.93650793651202e-05,0.0,79.97890057946165,0.0,2.2554837951294764
2020-12-18 00:00:00+00:00,1007894.1114499077,7.936507936513012e-05,0.0,79.98524811125368,0.0,2.2512479165190524
2020-12-21 00:00:00+00:00,1007974.1030460545,7.93650793650971e-05,0.0,79.99159614681807,0.0,2.25005474206887
2020-12-22 00:00:00+00:00,1008054.1009907407,7.9365079365097e-05,0.0,79.9979446861948,0.0,2.2384617540268836
2020-12-23 00:00:00+00:00,1008134.1052844701,7.936507936509014e-05,0.0,80.00429372942386,0.0,2.2452984232498743
2020-12-24 00:00:00+00:00,1008214.1159277466,7.936507936503684e-05,0.0,80.01064327654525,0.0,2.2449363027136777
2020-12-28 00:00:00+00:00,1008294.1329210743,7.93650793651284e-05,0.0,80.01699332759894,0.0,2.238647995295927
2020-12-29 00:00:00+00:00,1008374.1562649569,7.936507936509419e-05,0.0,80.02334388262494,0.0,2.2418832331652254
2020-12-30 00:00:00+00:00,1008454.1859598986,7.936507936512548e-05,0.0,80.02969494166325,0.0,2.24405503668894
2020-12-31 00:00:00+00:00,1008534.2220064034,7.936507936506714e-05,0.0,80.03604650475386,0.0,2.2397657670147026
2021-01-04 00:00:00+00:00,1008614.2644049753,7.93650793651104e-05,0.0,80.04239857193677,0.0,2.355292567477135
2021-01-05 00:00:00+00:00,1008694.3131561186,7.936507936510014e-05,0.0,80.048751143252,0.0,2.3576457417341126
2021-01-06 00:00:00+00:00,1008774.3682603374,7.936507936511212e-05,0.0,80.05510421873957,0.0,2.3739925071273453
2021-01-07 00:00:00+00:00,1008854.4297181359,7.936507936510667e-05,0.0,80.06145779843948,0.0,2.3723854763899372
2021-01-08 00:00:00+00:00,1008934.4975300182,7.936507936504413e-05,0.0,80.06781188239174,0.0,2.3769524737392307
2021-01-11 00:00:00+00:00,1009014.5716964889,7.93650793651156e-05,0.0,80.07416647063637,0.0,2.365447017346022
2021-01-12 00:00:00+00:00,1009094.6522180521,7.936507936505067e-05,0.0,80.08052156321341,0.0,2.369571522618914
2021-01-13 00:00:00+00:00,1009174.7390952122,7.93650793650404e-05,0.0,80.08687716016286,0.0,2.363570569304787
2021-01-14 00:00:00+00:00,1009254.8323284737,7.936507936504514e-05,0.0,80.09323326152477,0.0,2.3654015467208085
2021-01-15 00:00:00+00:00,1009334.931918341,7.936507936502521e-05,0.0,80.09958986733918,0.0,2.359213208165322
2021-01-19 00:00:00+00:00,1009415.0378653186,7.936507936505629e-05,0.0,80.10594697764611,0.0,2.3728724778094468
2021-01-20 00:00:00+00:00,1009495.1501699111,7.936507936509868e-05,0.0,80.1123045924856,0.0,2.374620788432152
2021-01-21 00:00:00+00:00,1009575.268832623,7.936507936511273e-05,0.0,80.11866271189771,0.0,2.355928159097993
2021-01-22 00:00:00+00:00,1009655.3938539589,7.936507936505879e-05,0.0,80.12502133592247,0.0,2.360138816013304
2021-01-25 00:00:00+00:00,1009735.5252344236,7.936507936512782e-05,0.0,80.13138046459991,0.0,2.3580391607947204
2021-01-26 00:00:00+00:00,1009815.6629745215,7.93650793650495e-05,0.0,80.13774009797012,0.0,2.3493744813892063
2021-01-27 00:00:00+00:00,1009895.8070747576,7.936507936513009e-05,0.0,80.14410023607314,0.0,2.3418825128458693
2021-01-28 00:00:00+00:00,1009975.9575356366,7.936507936509931e-05,0.0,80.15046087894902,0.0,2.3441872209423686
2021-01-29 00:00:00+00:00,1010056.1143576632,7.936507936503283e-05,0.0,80.15682202663783,0.0,2.3215967719231703
2021-02-01 00:00:00+00:00,1010136.2775413424,7.936507936512145e-05,0.0,80.16318367917962,0.0,2.328768280073484
2021-02-02 00:00:00+00:00,1010216.447087179,7.9365079365095e-05,0.0,80.16954583661447,0.0,2.3306715612898454
2021-02-03 00:00:00+00:00,1010296.622995678,7.936507936502909e-05,0.0,80.17590849898247,0.0,2.3317705051355055
2021-02-04 00:00:00+00:00,1010376.8052673443,7.93650793651145e-05,0.0,80.18227166632364,0.0,2.314549573408568
2021-02-05 00:00:00+00:00,1010456.993902683,7.936507936508111e-05,0.0,80.18863533867813,0.0,2.304807850124231
2021-02-08 00:00:00+00:00,1010105.8947255858,-0.00034746573007640296,0.17326433160246923,66.30006652707098,0.0,2.305022336262294
2021-02-09 00:00:00+00:00,1011241.1069306851,0.001123854648336344,0.17332455594584112,66.27220151301564,5.862946137629488,2.3143208528867825
2021-02-10 00:00:00+00:00,1012809.1622277877,0.0015506245606074119,0.1731299830096693,66.36229771976956,5.995606913490824,2.327471636718
2021-02-11 00:00:00+00:00,1013831.9291054494,0.0010098317785869958,0.17286193904139752,66.48674655287294,6.019596595037622,2.3362148733960493
2021-02-12 00:00:00+00:00,1013554.2407436342,-0.00027389979921050043,0.17268755366194324,66.56791852729053,6.028046805772557,2.3329724233791986
2021-02-16 00:00:00+00:00,1015008.0239259019,0.0014343417686270604,0.17273486570697702,66.5458797684163,6.195478175989818,2.3445133902240025
2021-02-17 00:00:00+00:00,1015104.2898989188,9.484257340609613e-05,0.17248745973890914,66.6612593860566,6.2313869551532095,2.3446478693844734
2021-02-18 00:00:00+00:00,1014892.3378539681,-0.00020879829497300943,0.17247110213574438,66.66889954264525,6.171869701383357,2.342545499907122
2021-02-19 00:00:00+00:00,1015512.8890868648,0.0006114453816932051,0.17250712132854848,66.65207795177614,6.233414258575488,2.347156263138229
2021-02-22 00:00:00+00:00,1016529.2796026208,0.0010008642201182723,0.1724017071009456,66.70132804962508,6.388797214941422,2.3546844337129436
2021-02-23 00:00:00+00:00,1017012.7079258248,0.00047556753445707705,0.1722293289279666,66.78199396357398,6.437978874590878,2.358062014866114
2021-02-24 00:00:00+00:00,1019911.4110583861,0.0028502132863935724,0.17214746118428814,66.82036129081239,6.736825689706154,2.3801937811809815
2021-02-25 00:00:00+00:00,1020483.5594129371,0.0005609784814127382,0.0,80.94535008399889,6.694424455468166,2.3822582103878247
2021-02-26 00:00:00+00:00,1020564.5501716207,7.936507936504608e-05,0.0,80.99075868356644,0.0,2.366559186346889
2021-03-01 00:00:00+00:00,1020645.5473581422,7.936507936505652e-05,0.0,80.9971865215572,0.0,2.3688654441864965
2021-03-02 00:00:00+00:00,1020726.5509730119,7.936507936505329e-05,0.0,81.00361486969382,0.0,2.375517470650155
2021-03-03 00:00:00+00:00,1020807.5610167399,7.936507936511081e-05,0.0,81.01004372801681,0.0,2.3824129730579635
2021-03-04 00:00:00+00:00,1020888.5774898365,7.936507936507534e-05,0.0,81.01647309656666,0.0,2.3710498935409
2021-03-05 00:00:00+00:00,1020969.6003928119,7.936507936513531e-05,0.0,81.02290297538384,0.0,2.3925920582487916
2021-03-08 00:00:00+00:00,1021050.6297261764,7.936507936502297e-05,0.0,81.02933336450889,0.0,2.40170967566214
2021-03-09 00:00:00+00:00,1021131.6654904403,7.936507936504077e-05,0.0,81.03576426398226,0.0,2.40523215048189
2021-03-10 00:00:00+00:00,1021212.7076861141,7.936507936503498e-05,0.0,81.04219567384447,0.0,2.407495480589634
2021-03-11 00:00:00+00:00,1021293.7563137083,7.936507936507995e-05,0.0,81.04862759413604,0.0,2.4088200245730658
2021-03-12 00:00:00+00:00,1021413.304271232,0.00011705540818659884,0.17218497646528602,67.09859642211816,0.0,2.4051488403871466
2021-03-15 00:00:00+00:00,1021214.2246093091,-0.00019490607875420214,0.17216482364157928,67.10808435525496,-0.6130243566966305,2.4074979762515443
2021-03-16 00:00:00+00:00,1022472.3268162694,0.0012319669826785255,0.17219838615379232,67.09228438208649,-0.6000743951378273,2.39685063601078
2021-03-17 00:00:00+00:00,1022435.5115708781,-3.60061044448695e-05,0.17198650445883273,67.19213376359129,-0.5892820309756834,2.3977787514031665
2021-03-18 00:00:00+00:00,1023658.0876936566,0.001195748884836846,0.17199269724585353,67.18921191871894,-0.6109829691264586,2.387306766422429
2021-03-19 00:00:00+00:00,1024382.4564577021,0.0007076276471156147,0.17178728279402342,67.28624176973311,-0.5900970577168367,2.3811448668610153
2021-03-22 00:00:00+00:00,1024738.1456667777,0.00034722305798325765,0.17166580732269746,67.34373135418116,-0.5921115888370265,2.3784539273068366
2021-03-23 00:00:00+00:00,1024570.1291125088,-0.00016396047612687116,0.17160622168563483,67.37196065648875,-0.6296338000321522,2.3808467067508867
2021-03-24 00:00:00+00:00,1023077.0111235826,-0.0014573116534439602,0.17163436293750178,67.35862600932455,-0.6698857847232782,2.3954117064060467
2021-03-25 00:00:00+00:00,1022513.1607728702,-0.0005511318743182235,0.1718848527364451,67.240124581632,-0.7021466673832275,2.4013261129016925
2021-03-26 00:00:00+00:00,1021602.5068849537,-0.0008906035861955574,0.1719796361956862,67.19537455379768,-0.7088906059453841,2.409955443563151
2021-03-29 00:00:00+00:00,1021881.0453982961,0.000272648619659027,0.1721329384079347,67.12310043570908,-0.7051997718644591,2.4080908387020834
2021-03-30 00:00:00+00:00,1022151.3448178543,0.00026451162860438793,0.17208601939228477,67.14520666692673,-0.7197440574224998,2.4064683130295292
2021-03-31 00:00:00+00:00,1022858.9709068834,0.0006922909142726921,0.17204051267609088,67.16665900181229,-0.713825606259179,2.400790909392257
2021-04-01 00:00:00+00:00,1023417.9530563514,0.0005464899515643234,0.17192149298852674,67.22281980252889,-0.640600523437288,2.39914344419213
2021-04-05 00:00:00+00:00,1023920.3785603581,0.0004909289528351803,0.17182759093667832,67.26718346518508,-0.6482429366513249,2.395245710464814
2021-04-06 00:00:00+00:00,1024801.5336998171,0.0008605699797653962,0.17174327718945123,67.30705850518561,-0.6109770043229998,2.3875856994462183
2021-04-07 00:00:00+00:00,1024415.4246779603,-0.0003767646799501152,0.17159560716126862,67.37699145276173,-0.6245900236445636,2.3918377652477147
2021-04-08 00:00:00+00:00,1025146.6330491506,0.0007137811024468942,0.1716602826927375,67.34634787959848,-0.6107445550011887,2.385638319054394
2021-04-09 00:00:00+00:00,1025312.916846109,0.00016220489010806714,0.1715378422226045,67.40438029001041,-0.6135532805536912,2.384733124294254
2021-04-12 00:00:00+00:00,1026028.5180594131,0.0006979344564440897,0.17151002245825922,67.41757741675313,-0.590342905594796,2.3785474403720794
2021-04-13 00:00:00+00:00,1025600.0461556684,-0.00041760233385619046,0.1713904031903688,67.47437116384077,-0.6097492042135877,2.3833032761303916
2021-04-14 00:00:00+00:00,1025457.9526740154,-0.00013854668024405818,0.171462006124294,67.44036545719436,-0.5682336899299858,2.385172891503509
2021-04-15 00:00:00+00:00,1026304.8998088789,0.0008259208801832817,0.17148576490773107,67.42908819674571,-0.540657493520488,2.3778016477298816
2021-04-16 00:00:00+00:00,1026266.1258496055,-3.77801560536022e-05,0.17134424811551316,67.49630622332218,-0.556712684835885,2.378816324987696
2021-04-19 00:00:00+00:00,1025649.5082666092,-0.0006008359503105516,0.1713507217725216,67.49322892496716,-0.5959007680029051,2.3853381196842154
2021-04-20 00:00:00+00:00,1026808.1106051794,0.0011296279374504584,0.17145373734173164,67.44429102155475,-0.5836004656507141,2.3749877488520568
2021-04-21 00:00:00+00:00,1026032.9772474873,-0.0007548960216484004,0.1712602769483153,67.53624358810794,-0.599306997817814,2.383031758417229
2021-04-22 00:00:00+00:00,1027028.6142529073,0.0009703752486504115,0.1713896583195324,67.47472506765618,-0.5732715015141172,2.3741523544040666
2021-04-23 00:00:00+00:00,1026794.8167095489,-0.00022764462461299446,0.17122350726609428,67.55374387761016,-0.5805652555798584,2.3770572763546625
2021-04-26 00:00:00+00:00,1027160.9385450375,0.00035656767012309397,0.17126249425230863,67.53518851702616,-0.5599430864585695,2.3741675271805365
2021-04-27 00:00:00+00:00,1026738.6480625772,-0.00041112396958791896,0.17120144935039205,67.564245805557,-0.5658302446553702,2.378862180386316
2021-04-28 00:00:00+00:00,1026057.1976693373,-0.0006637038495880548,0.17127186331871838,67.53073068790141,-0.5504575041311823,2.3859398501121993
2021-04-29 00:00:00+00:00,1025142.4022395887,-0.000891563776197403,0.17138561260957136,67.47664732335855,-0.5666334011272882,2.3950517676023386
2021-04-30 00:00:00+00:00,1027321.7092659449,0.0021258578531091667,0.17153855016712177,67.40404451147376,-0.5202931018840775,2.3752622949993047
2021-05-03 00:00:00+00:00,1026505.4629795399,-0.0007945381461745342,0.17117465717790686,67.57700538658138,-0.5168317495576542,2.3837081411472347
2021-05-04 00:00:00+00:00,1025863.3270140244,-0.0006255553318261387,0.17131077011961743,67.51222393527941,-0.5243996769005708,2.3903482453617326
2021-05-05 00:00:00+00:00,1025103.2252467282,-0.0007409386292310781,0.17141800156446707,67.4612607634131,-0.5285971335804831,2.3979819858216573
2021-05-06 00:00:00+00:00,1025872.9812695747,0.0007509058638082906,0.17154510596012845,67.4009352263261,-0.47349839432376695,2.3917766042044812
2021-05-07 00:00:00+00:00,1026127.1224165851,0.0002477315921663751,0.17141638838893436,67.46202697417105,-0.4359866141174822,2.3903302295268785
2021-05-10 00:00:00+00:00,1026675.340383848,0.0005342593088970865,0.17137393365149506,67.48219690647348,-0.4084730036410298,2.386071315073714
2021-05-11 00:00:00+00:00,1027714.2803173168,0.0010119459313013082,0.17128242442179725,67.52570626895465,-0.41839219164551733,2.3766765492732413
2021-05-12 00:00:00+00:00,1026468.3737541847,-0.0012123083107762054,0.17110927109110868,67.60816181922995,-0.5063135586726837,2.3885728578613454
2021-05-13 00:00:00+00:00,1026518.8032696649,4.912914685889481e-05,0.1713169600655731,67.5092803459655,-0.5231674106057764,2.3886750258089555
2021-05-14 00:00:00+00:00,1025417.9473769884,-0.0010724166855688056,0.17130854382296543,67.51328268846393,-0.5325919352870343,2.3994410846107845
2021-05-17 00:00:00+00:00,1025626.8923660005,0.00020376568358937777,0.17149245519336395,67.42591317317213,-0.4850298304067111,2.398379246800087
2021-05-18 00:00:00+00:00,1028404.5208015096,0.002708225043808574,0.171457518034995,67.44249610880802,-0.4142319927355853,2.373316290442678
2021-05-19 00:00:00+00:00,1029604.3184129617,0.001166659215497194,0.17099442664639955,67.6629428100389,-0.3989679986163508,2.362300283505074
2021-05-20 00:00:00+00:00,1029416.9090915872,-0.00018202072196372155,0.1707951668909838,67.75816484269383,-0.4137968884404104,2.3647010568125655
2021-05-21 00:00:00+00:00,1028499.2604145856,-0.0008914256885593354,0.17082626081030686,67.74329108702919,-0.4805239102469496,2.3738888832414577
2021-05-24 00:00:00+00:00,1028382.9755781717,-0.0001130626349376729,0.17097867559392713,67.67046182694969,-0.448182576912421,2.3758787973699897
2021-05-25 00:00:00+00:00,1028646.4154643423,0.00025616904638329173,0.17099800907940274,67.66123287167875,-0.4784467931937111,2.3737940988274433
2021-05-26 00:00:00+00:00,1029211.7500598617,0.0005495907894299642,0.1709542159009402,67.68214079915262,-0.43565132385649363,2.3692289164504707
2021-05-27 00:00:00+00:00,1029989.0066809477,0.0007551960235984785,0.17086031264683038,67.72700862419383,-0.40846700916873013,2.3624476601005173
2021-05-28 00:00:00+00:00,1029176.3581806044,-0.0007889875475098612,0.17073137698982419,67.78869565761336,-0.4632260216479165,2.370714902712638
2021-06-01 00:00:00+00:00,1028359.5580739586,-0.0007936444518505534,0.17086618828467126,67.7241997448877,-0.4392050861332528,2.379458691072887
2021-06-02 00:00:00+00:00,1027456.799827442,-0.0008778624552363528,0.1710019029962401,67.65937433959834,-0.47292025342096755,2.3884255684756552
2021-06-03 00:00:00+00:00,1027413.6577126343,-4.1989225060343924e-05,0.0,81.5441904624954,-0.43309294203617466,2.3817721229974795
2021-06-04 00:00:00+00:00,1027495.1984791195,7.93650793651009e-05,0.0,81.54076648512971,0.0,2.3850560112982775
2021-06-07 00:00:00+00:00,1027576.7457170939,7.936507936502277e-05,0.0,81.54723797453329,0.0,2.381580790924149
2021-06-08 00:00:00+00:00,1027658.2994270715,7.93650793650717e-05,0.0,81.55370997754714,0.0,2.3808634482973057
2021-06-09 00:00:00+00:00,1027739.8596095657,7.936507936509469e-05,0.0,81.56018249421201,0.0,2.368534703057559
2021-06-10 00:00:00+00:00,1027821.4262650902,7.936507936505211e-05,0.0,81.5666555245687,0.0,2.3726032776205
2021-06-11 00:00:00+00:00,1027902.999394159,7.936507936513082e-05,0.0,81.57312906865795,0.0,2.373940450231201
2021-06-14 00:00:00+00:00,1027984.5789972855,7.936507936506462e-05,0.0,81.57960312652055,0.0,2.375566839337323
2021-06-15 00:00:00+00:00,1028066.1650749836,7.936507936504036e-05,0.0,81.58607769819726,0.0,2.3762654762193507
2021-06-16 00:00:00+00:00,1028147.7576277674,7.936507936513164e-05,0.0,81.59255278372886,0.0,2.3720630073347726
2021-06-17 00:00:00+00:00,1028229.3566561505,7.936507936507226e-05,0.0,81.59902838315614,0.0,2.3676414728712096
2021-06-18 00:00:00+00:00,1028310.962160647,7.936507936504906e-05,0.0,81.60550449651988,0.0,2.3443639806375294
2021-06-21 00:00:00+00:00,1028457.5237095596,0.0001425264869340681,0.24999999999999997,61.20898584289566,0.0,2.3496346713921454
2021-06-22 00:00:00+00:00,1028027.1659659217,-0.00041844970134070783,0.24996437345599262,61.220617711856974,8.638010142532378,2.346927559750102
2021-06-23 00:00:00+00:00,1027193.4931688956,-0.0008109443258173084,0.2500690147605337,61.18646233537777,8.591680561252122,2.3418308208043266
2021-06-24 00:00:00+00:00,1027979.2886255957,0.0007649926347137983,0.25027197139564816,61.12029782767729,8.661206914581618,2.346215766211357
2021-06-25 00:00:00+00:00,1028010.3512701829,3.0217189130981278e-05,0.25008066153149217,61.18266254646303,8.666299271169768,2.3461306839619764
2021-06-28 00:00:00+00:00,1025613.433694675,-0.0023316084050577133,0.2500731050251811,61.18512783571597,8.388978148318936,2.331023600928293
2021-06-29 00:00:00+00:00,1025796.8027666504,0.00017878965500178477,0.25065754025282566,60.994896282104214,8.391202313713261,2.331760668227021
2021-06-30 00:00:00+00:00,1026723.7934070543,0.0009036786212470699,0.2506127332887019,61.00944938305466,8.480989172069547,2.337149924675647
2021-07-01 00:00:00+00:00,1028509.9824554739,0.0017396977258044694,0.2503864643937796,61.083020068801,8.628553202655135,2.3469258432049425
2021-07-02 00:00:00+00:00,1028299.7121839767,-0.00020444164381875555,0.2499516241217339,61.22478110438985,8.602252668584338,2.3453454245031926
2021-07-06 00:00:00+00:00,1027698.0607723806,-0.0005850934357632691,0.2500027350918553,61.20809298760436,8.465605237484505,2.341137359000019
2021-07-07 00:00:00+00:00,1028230.9320693234,0.0005185095868939652,0.2501490956857031,61.16034287557292,8.463850157240445,2.3439931852168185
2021-07-08 00:00:00+00:00,1027919.8113406905,-0.00030257865128290566,0.2500194581997165,61.202634248346165,8.425909363395254,2.3417655509083843
2021-07-09 00:00:00+00:00,1028444.2623391771,0.0005102061393316014,0.25009513164734276,61.17794212702609,8.511823840933758,2.344694028371475
2021-07-12 00:00:00+00:00,1029061.4754282163,0.0006001424789276966,0.24996759664490056,61.21956522214408,8.5511929510456,2.3480924401082524
2021-07-13 00:00:00+00:00,1028556.6585757515,-0.0004905604422269722,0.24981767044887745,61.268550387940834,8.485647899859693,2.3447010546745854
2021-07-14 00:00:00+00:00,1027799.4262362234,-0.0007362086796235262,0.24994028126378454,61.228485558380136,8.370165744240126,2.33971590945189
2021-07-15 00:00:00+00:00,1027894.4927674782,9.249521728468447e-05,0.25012442503648225,61.16838775365569,8.338636701923932,2.3399916439106154
2021-07-16 00:00:00+00:00,1026168.8982683619,-0.001678766168374294,0.25010129186314817,61.17593271645369,8.126806169596108,2.328881738851968
2021-07-19 00:00:00+00:00,1025292.900184807,-0.0008536587739436801,0.2505218594852903,61.038980772079384,7.97606079900502,2.3230505963129144
2021-07-20 00:00:00+00:00,1024910.7280635358,-0.00037274433598669457,0.2507359023883068,60.96945711465439,7.958736561000678,2.3201754511585664
2021-07-21 00:00:00+00:00,1027527.9762308102,0.0025536352538912603,0.25082939762557066,60.93912599391857,8.247437198971923,2.336443369344209
2021-07-22 00:00:00+00:00,1026968.6996479201,-0.0005442932901366039,0.25019050233861,61.146844102432425,8.17302477304536,2.3326241639455745
2021-07-23 00:00:00+00:00,1026989.8278691153,2.0573383787095577e-05,0.2503267535108877,61.1024570720443,8.160080790001045,2.332445028295553
2021-07-26 00:00:00+00:00,1028278.1571807577,0.0012544713459485576,0.25032160354846766,61.10413391499631,8.327449855628876,2.3400889612330364
2021-07-27 00:00:00+00:00,1028817.4305823237,0.0005244431166801193,0.25000797570668504,61.20638227306316,8.330265642665,2.343211749504058
2021-07-28 00:00:00+00:00,1029733.6470468068,0.0008905530147992075,0.2498769294710068,61.24918174937793,8.422344742244242,2.3484990355885125
2021-07-29 00:00:00+00:00,1030803.4063043847,0.0010388698676069537,0.24965459881537327,61.321897341797225,8.533407853911802,2.3546392200231163
2021-07-30 00:00:00+00:00,1031254.1793199531,0.0004373026057262309,0.24939550933560803,61.406798870176424,8.502470433237402,2.3574138698385396
2021-08-02 00:00:00+00:00,1031515.5037629334,0.000253404493500014,0.0,81.84556978729786,8.508317793456053,2.3573335642809075
2021-08-03 00:00:00+00:00,1031597.3700727558,7.936507936504597e-05,0.0,81.86630982245504,0.0,2.359247098822341
2021-08-04 00:00:00+00:00,1031679.2428799045,7.936507936505974e-05,0.0,81.87280714863141,0.0,2.3511996124203676
2021-08-05 00:00:00+00:00,1031761.122184895,7.936507936513076e-05,0.0,81.87930499046861,0.0,2.355891753622801
2021-08-06 00:00:00+00:00,1031843.007988243,7.936507936510651e-05,0.0,81.88580334800754,0.0,2.3571717686848883
2021-08-09 00:00:00+00:00,1031924.9002904643,7.936507936506019e-05,0.0,81.89230222128913,0.0,2.3461836546340877
2021-08-10 00:00:00+00:00,1032006.7990920746,7.936507936506495e-05,0.0,81.89880161035431,0.0,2.3536071017050895
2021-08-11 00:00:00+00:00,1032088.7043935899,7.93650793650811e-05,0.0,81.90530151524402,0.0,2.360362981010474
2021-08-12 00:00:00+00:00,1032170.6161955259,7.936507936506898e-05,0.0,81.9118019359992,0.0,2.368262085562713
2021-08-13 00:00:00+00:00,1032252.5344983985,7.936507936510171e-05,0.0,81.91830287266079,0.0,2.3670030328443263
2021-08-16 00:00:00+00:00,1032334.4593027238,7.936507936502685e-05,0.0,81.92480432526972,0.0,2.365572078511862
2021-08-17 00:00:00+00:00,1032416.3906090176,7.936507936503029e-05,0.0,81.93130629386697,0.0,2.3674062170363
2021-08-18 00:00:00+00:00,1032498.3284177961,7.936507936507234e-05,0.0,81.93780877849346,0.0,2.3433117689804637
2021-08-19 00:00:00+00:00,1032580.2727295753,7.936507936511334e-05,0.0,81.94431177919016,0.0,2.330549448350414
2021-08-20 00:00:00+00:00,1032662.2235448713,7.936507936511361e-05,0.0,81.95081529599804,0.0,2.3334103117697
2021-08-23 00:00:00+00:00,1032744.1808642002,7.936507936503349e-05,0.0,81.95731932895804,0.0,2.3359475482892575
2021-08-24 00:00:00+00:00,1032826.1446880783,7.93650793650588e-05,0.0,81.96382387811113,0.0,2.3388702942570756
2021-08-25 00:00:00+00:00,1032908.1150170218,7.936507936503714e-05,0.0,81.97032894349827,0.0,2.3452015923500533
2021-08-26 00:00:00+00:00,1032990.0918515469,7.936507936504153e-05,0.0,81.97683452516046,0.0,2.3406496728544277
2021-08-27 00:00:00+00:00,1033072.07519217,7.936507936503232e-05,0.0,81.98334062313864,0.0,2.3441293570162034
2021-08-30 00:00:00+00:00,1033154.0650394075,7.936507936508254e-05,0.0,81.98984723747381,0.0,2.3482378577119465
2021-08-31 00:00:00+00:00,1033236.0613937756,7.93650793650398e-05,0.0,81.99635436820694,0.0,2.3371376109488473
2021-09-01 00:00:00+00:00,1033318.064255791,7.936507936508984e-05,0.0,82.00286201537902,0.0,2.3341645607904637
2021-09-02 00:00:00+00:00,1033400.07362597,7.936507936508027e-05,0.0,82.00937017903104,0.0,2.341199300844865
2021-09-03 00:00:00+00:00,1033482.0895048293,7.936507936508414e-05,0.0,82.01587885920397,0.0,2.3414842100748987
2021-09-07 00:00:00+00:00,1033564.1118928852,7.936507936506173e-05,0.0,82.02238805593883,0.0,2.3400246665160496
2021-09-08 00:00:00+00:00,1033646.1407906545,7.936507936508605e-05,0.0,82.0288977692766,0.0,2.335341881873965
2021-09-09 00:00:00+00:00,1033728.1761986538,7.93650793651174e-05,0.0,82.0354079992583,0.0,2.3330451499863103
2021-09-10 00:00:00+00:00,1033810.2181173997,7.936507936511613e-05,0.0,82.0419187459249,0.0,2.3375076446408687
2021-09-13 00:00:00+00:00,1033892.266547409,7.936507936504257e-05,0.0,82.04843000931744,0.0,2.340733831441022
2021-09-14 00:00:00+00:00,1033974.3214891985,7.936507936508229e-05,0.0,82.0549417894769,0.0,2.330830979947733
2021-09-15 00:00:00+00:00,1034056.3829432849,7.936507936508298e-05,0.0,82.06145408644433,0.0,2.3347957716255725
2021-09-16 00:00:00+00:00,1034138.4509101852,7.936507936511758e-05,0.0,82.06796690026071,0.0,2.3304455529558803
2021-09-17 00:00:00+00:00,1034220.5253904162,7.936507936503386e-05,0.0,82.07448023096708,0.0,2.3292598470563926
2021-09-20 00:00:00+00:00,1034302.6063844948,7.936507936512983e-05,0.0,82.08099407860446,0.0,2.3212929405154443
2021-09-21 00:00:00+00:00,1034384.693892938,7.936507936502816e-05,0.0,82.08750844321388,0.0,2.3274272802170644
2021-09-22 00:00:00+00:00,1034466.7879162628,7.936507936502685e-05,0.0,82.09402332483634,0.0,2.33804819719703
2021-09-23 00:00:00+00:00,1034548.8884549863,7.936507936508621e-05,0.0,82.10053872351291,0.0,2.346549668207089
2021-09-24 00:00:00+00:00,1034630.9955096255,7.936507936505404e-05,0.0,82.10705463928463,0.0,2.3454677241813187
2021-09-27 00:00:00+00:00,1034713.1090806978,7.936507936511571e-05,0.0,82.1135710721925,0.0,2.3542841851485212
2021-09-28 00:00:00+00:00,1034795.2291687201,7.936507936511906e-05,0.0,82.1200880222776,0.0,2.3500209469450244
2021-09-29 00:00:00+00:00,1034877.3557742096,7.93650793650244e-05,0.0,82.12660548958095,0.0,2.351552479114507
2021-09-30 00:00:00+00:00,1034959.4888976838,7.936507936512959e-05,0.0,82.13312347414362,0.0,2.342885263816412
2021-10-01 00:00:00+00:00,1035041.6285396598,7.936507936505746e-05,0.0,82.13964197600664,0.0,2.3464534080015413
2021-10-04 00:00:00+00:00,1035123.774700655,7.93650793651058e-05,0.0,82.14616099521109,0.0,2.3443250167248793
2021-10-05 00:00:00+00:00,1035205.9273811869,7.936507936512246e-05,0.0,82.15268053179801,0.0,2.354232962443031
2021-10-06 00:00:00+00:00,1035288.0865817727,7.936507936506779e-05,0.0,82.15920058580848,0.0,2.3590132485311948
2021-10-07 00:00:00+00:00,1035370.25230293,7.936507936512702e-05,0.0,82.16572115728354,0.0,2.362837528096652
2021-10-08 00:00:00+00:00,1035452.4245451762,7.936507936503559e-05,0.0,82.17224224626429,0.0,2.3706653196836065
2021-10-11 00:00:00+00:00,1036249.9291847993,0.0007701992102374086,0.20635441038693814,65.2208134916215,0.0,2.3670813060156144
2021-10-12 00:00:00+00:00,1035716.9163039963,-0.0005143671095083035,0.20619559869966522,65.2841075106392,-0.7494760594555832,2.3715356658183024
2021-10-13 00:00:00+00:00,1035006.4821790616,-0.0006859346542971769,0.2063017135157329,65.24180490105167,-0.7810392668214761,2.3772435407116053
2021-10-14 00:00:00+00:00,1034762.7864790169,-0.00023545330801375895,0.20644332014316727,65.18542124034256,-0.7612750268040698,2.3794157337506983
2021-10-15 00:00:00+00:00,1034671.222904335,-8.848750252551741e-05,0.2064919393533662,65.16608031176757,-0.7485977479824029,2.3805233070976044
2021-10-18 00:00:00+00:00,1034664.706773912,-6.297778732809475e-06,0.20651021292635408,65.158813361396,-0.7558492416999212,2.381051846650797
2021-10-19 00:00:00+00:00,1033105.6599259201,-0.001506813596506052,0.2065115134901718,65.15829620818782,-0.7987700212105902,2.3925943825811333
2021-10-20 00:00:00+00:00,1031789.0810226714,-0.001274389401121911,0.2068231574358685,65.03456233136306,-0.860393590186981,2.402299402710074
2021-10-21 00:00:00+00:00,1032082.4777125672,0.00028435723472181864,0.20708706699916163,64.93007194221636,-0.8911801351200395,2.400924571847655
2021-10-22 00:00:00+00:00,1031580.5325177963,-0.0004863421340932037,0.20702819703354375,64.95335739379539,-0.9058078570863806,2.404843568254701
2021-10-25 00:00:00+00:00,1031762.5959837675,0.00017648982336541523,0.20712893256063772,64.91352047357547,-0.8473536505168746,2.403759722452593
2021-10-26 00:00:00+00:00,1033566.5649861554,0.0017484341934956296,0.20709238286256598,64.92796995500177,-0.715027586981863,2.3916110952845484
2021-10-27 00:00:00+00:00,1033911.130805784,0.00033337554764387004,0.20673092744017652,65.07114209804841,-0.7579111533790779,2.3896540263476256
2021-10-28 00:00:00+00:00,1032802.213199869,-0.0010725463464647583,0.20666203137229058,65.09848859166974,-0.8015510524010581,2.3978812937700895
2021-10-29 00:00:00+00:00,1031333.4608853838,-0.0014221041509339075,0.20688392396908592,65.01047925786695,-0.883894183971959,2.4085698302424516
2021-11-01 00:00:00+00:00,1033021.4824708675,0.0016367369522118924,0.20717855344993155,64.8939116138602,-0.7547586742775769,2.3972189905975068
2021-11-02 00:00:00+00:00,1032983.3036572144,-3.6958392735209595e-05,0.2068400107611229,65.02788158096207,-0.7983339665667883,2.3979861426696094
2021-11-03 00:00:00+00:00,1033328.6761791247,0.0003343447282134962,0.0,81.9828018775567,-0.826680949724079,2.398694213194742
2021-11-04 00:00:00+00:00,1033410.68639152,7.936507936513275e-05,0.0,82.01021239516864,0.0,2.4009499217929076
2021-11-05 00:00:00+00:00,1033492.7031126622,7.936507936511708e-05,0.0,82.01672114218412,0.0,2.4045167853330702
2021-11-08 00:00:00+00:00,1033574.726343068,7.936507936507004e-05,0.0,82.02323040576684,0.0,2.402092575877735
2021-11-09 00:00:00+00:00,1033656.7560832539,7.936507936506459e-05,0.0,82.02974018595778,0.0,2.405421293526035
2021-11-10 00:00:00+00:00,1033738.7923337367,7.936507936506106e-05,0.0,82.03625048279793,0.0,2.406282748445534
2021-11-11 00:00:00+00:00,1033820.835095033,7.936507936513237e-05,0.0,82.04276129632831,0.0,2.408565148281665
2021-11-12 00:00:00+00:00,1033902.8843676597,7.936507936512627e-05,0.0,82.04927262658993,0.0,2.4139820864209445
2021-11-15 00:00:00+00:00,1033984.9401521333,7.936507936511569e-05,0.0,82.05578447362379,0.0,2.4359532792520078
2021-11-16 00:00:00+00:00,1035213.5438510521,0.0011882220438703334,0.20108758392016604,65.5605878354844,0.0,2.4285672329130197
2021-11-17 00:00:00+00:00,1036660.5617341244,0.0013977965142239032,0.2008489307931099,65.65809606555732,-0.5676667600694603,2.417967124352591
2021-11-18 00:00:00+00:00,1037090.0629390549,0.00041431228387044035,0.2005685767356859,65.77293875469003,-0.5765355789509201,2.4150516231448056
2021-11-19 00:00:00+00:00,1036665.3216437063,-0.0004095510221599531,0.20048551312486018,65.80702615190674,-0.6929228766592563,2.418781797562788
2021-11-22 00:00:00+00:00,1035250.0961601686,-0.0013651710479653273,0.20056765581331076,65.77331652529178,-0.7385055188399865,2.4303059391701893
2021-11-23 00:00:00+00:00,1034299.6054018529,-0.0009181267037223452,0.20084183927751253,65.66099704247132,-0.7451769401457518,2.4379794664454746
2021-11-24 00:00:00+00:00,1034068.1615308422,-0.00022376869313486285,0.20102640698992333,65.58556126800183,-0.736166565121436,2.4401746999689373
2021-11-26 00:00:00+00:00,1034205.3966453101,0.00013271379931546144,0.20107140047443428,65.5671927068105,-0.8288086308048106,2.4400901580779726
2021-11-29 00:00:00+00:00,1034773.3929468782,0.0005492103439128665,0.20104471906593474,65.57808438256191,-0.7701500997462858,2.4360187848938017
2021-11-30 00:00:00+00:00,1034527.2674037938,-0.00023785453391252445,0.20093436383486907,65.62316345411494,-0.837696748646565,2.4387657732937877
2021-12-01 00:00:00+00:00,1035654.0715227328,0.0010891971187640842,0.20098216835484786,65.60362968085427,-0.7881987362155751,2.4304970615593087
2021-12-02 00:00:00+00:00,1034062.7326179196,-0.0015365544814336695,0.20076349733200083,65.69305857918278,-0.8221832872091737,2.443043505117171
2021-12-03 00:00:00+00:00,1034396.7928109142,0.0003230560220934781,0.20107245611553803,65.56676184070552,-0.8278616914753769,2.4411186345426197
2021-12-06 00:00:00+00:00,1033531.4545028465,-0.000836563216438686,0.20100751942590142,65.59327455443525,-0.8513345227145621,2.4480860840177683
2021-12-07 00:00:00+00:00,1032169.1277748621,-0.001318127979607228,0.2011758157133643,65.52459691093782,-0.8987692139231727,2.4586720145448084
2021-12-08 00:00:00+00:00,1031954.1421206545,-0.00020828529784756156,0.20144134118142512,65.41647574205017,-0.911000014022973,2.460758840674077
2021-12-09 00:00:00+00:00,1032718.3301537108,0.0007405251860183738,0.20148330719207494,65.39941338854162,-0.8660414932945502,2.455452707146813
2021-12-10 00:00:00+00:00,1032753.9461273238,3.4487597027246505e-05,0.0,81.96177223442149,-0.8390168316423934,2.4534096814299304
2021-12-13 00:00:00+00:00,1032835.9107262228,7.936507936509365e-05,0.0,81.96459889899396,0.0,2.4472065015452724
2021-12-14 00:00:00+00:00,1032917.8818302486,7.936507936503101e-05,0.0,81.9711040258907,0.0,2.450633674383847
2021-12-15 00:00:00+00:00,1032999.8594399177,7.936507936510243e-05,0.0,81.97760966906735,0.0,2.4465046417496734
2021-12-16 00:00:00+00:00,1033081.8435557463,7.936507936504281e-05,0.0,81.9841158285649,0.0,2.4548423871605443
2021-12-17 00:00:00+00:00,1033163.8341782506,7.93650793650379e-05,0.0,81.99062250442431,0.0,2.4434564867125386
2021-12-20 00:00:00+00:00,1033245.8313079473,7.9365079365048e-05,0.0,81.99712969668656,0.0,2.4498503800963514
2021-12-21 00:00:00+00:00,1033327.8349453526,7.936507936503346e-05,0.0,82.00363740539264,0.0,2.453065802359218
2021-12-22 00:00:00+00:00,1033409.8450909832,7.936507936506729e-05,0.0,82.01014563058354,0.0,2.4536810696237126
2021-12-23 00:00:00+00:00,1033491.8617453555,7.936507936510978e-05,0.0,82.01665437230025,0.0,2.455641760643358
2021-12-27 00:00:00+00:00,1033573.8849089862,7.936507936512128e-05,0.0,82.02316363058377,0.0,2.4666075815568185
2021-12-28 00:00:00+00:00,1033655.9145823916,7.936507936506214e-05,0.0,82.0296734054751,0.0,2.467641476042554
2021-12-29 00:00:00+00:00,1033737.9507660887,7.936507936511795e-05,0.0,82.0361836970152,0.0,2.4657843597531333
2021-12-30 00:00:00+00:00,1033819.9934605939,7.936507936502379e-05,0.0,82.04269450524514,0.0,2.466196690175084
2021-12-31 00:00:00+00:00,1033902.0426664241,7.936507936507786e-05,0.0,82.04920583020586,0.0,2.462265886813105
2022-01-03 00:00:00+00:00,1033984.098384096,7.936507936512784e-05,0.0,82.05571767193842,0.0,2.4819944482957874
2022-01-04 00:00:00+00:00,1034066.1606141266,7.936507936513406e-05,0.0,82.06223003048382,0.0,2.4792321752904116
2022-01-05 00:00:00+00:00,1034148.2293570325,7.936507936505691e-05,0.0,82.06874290588306,0.0,2.4796872801929815
2022-01-06 00:00:00+00:00,1034230.3046133306,7.936507936508185e-05,0.0,82.07525629817718,0.0,2.4772137345251064
2022-01-07 00:00:00+00:00,1034312.386383538,7.936507936505662e-05,0.0,82.08177020740719,0.0,2.4841936162882696
2022-01-10 00:00:00+00:00,1034394.4746681716,7.936507936505414e-05,0.0,82.08828463361412,0.0,2.4867774088705716
2022-01-11 00:00:00+00:00,1034476.5694677484,7.936507936503475e-05,0.0,82.09479957683902,0.0,2.48758484647813
2022-01-12 00:00:00+00:00,1034558.6707827855,7.93650793650713e-05,0.0,82.10131503712289,0.0,2.485397625846061
2022-01-13 00:00:00+00:00,1034640.7786138001,7.936507936512412e-05,0.0,82.10783101450679,0.0,2.4833970836459676
2022-01-14 00:00:00+00:00,1034722.8929613091,7.936507936504101e-05,0.0,82.11434750903175,0.0,2.488875419598857
2022-01-18 00:00:00+00:00,1034805.0138258298,7.936507936511989e-05,0.0,82.12086452073882,0.0,2.4850836806140375
2022-01-19 00:00:00+00:00,1034887.1412078795,7.936507936509602e-05,0.0,82.12738204966904,0.0,2.481923237187274
2022-01-20 00:00:00+00:00,1034969.2751079754,7.936507936504229e-05,0.0,82.13390009586345,0.0,2.475228633526139
2022-01-21 00:00:00+00:00,1035051.4155266347,7.93650793650315e-05,0.0,82.14041865936312,0.0,2.4737587777063164
2022-01-24 00:00:00+00:00,1035133.5624643748,7.936507936502398e-05,0.0,82.1469377402091,0.0,2.4692235410502485
2022-01-25 00:00:00+00:00,1035215.7159217133,7.936507936509252e-05,0.0,82.15345733844245,0.0,2.4926988756923234
2022-01-26 00:00:00+00:00,1035297.8758991674,7.936507936508499e-05,0.0,82.15997745410422,0.0,2.5061689085713943
2022-01-27 00:00:00+00:00,1035380.0423972546,7.936507936507417e-05,0.0,82.16649808723551,0.0,2.514166514261522
2022-01-28 00:00:00+00:00,1039967.1261423784,0.004430338192054745,0.18163549414447955,67.24748228326168,0.0,2.478000129649339
2022-01-31 00:00:00+00:00,1040410.9767413253,0.0004267929127657311,0.18083433687538564,67.6115365487477,-0.4048769992230943,2.4750644904227372
2022-02-01 00:00:00+00:00,1041330.3795235235,0.0008836919282395718,0.1807571909873408,67.64676278675935,-0.2423340151801534,2.4699954122499475
2022-02-02 00:00:00+00:00,1040540.1852352212,-0.0007588314946346756,0.18059759834742173,67.71973126153698,-0.2944857117633848,2.4769214137120477
2022-02-03 00:00:00+00:00,1041099.478113443,0.0005375024301395961,0.1807347455645309,67.65701742913203,-0.2807594169333676,2.4726366647163927
2022-02-04 00:00:00+00:00,1041123.1329938198,2.272105680009568e-05,0.18063765238739796,67.70140575280044,-0.26432603923548603,2.473375046916449
2022-02-07 00:00:00+00:00,1039654.9414041872,-0.0014101997574587103,0.18063354820228925,67.7032831242589,-0.28649463569179656,2.486993070072246
2022-02-08 00:00:00+00:00,1039918.3928357952,0.000253402760008161,0.18088863731475754,67.58675998222458,-0.3308264123594531,2.4844248831030336
2022-02-09 00:00:00+00:00,1037438.4022662874,-0.002384793447825299,0.18084281124725984,67.60766882600299,-0.5000722519396212,2.5046469312025446
2022-02-10 00:00:00+00:00,1038283.4248012335,0.0008145279113440777,0.18127511495365511,67.41084417762936,-0.48361567430725017,2.498080366898642
2022-02-11 00:00:00+00:00,1037467.7508496289,-0.0007855985486435659,0.18112758148302294,67.47790945818063,-0.46782573880262657,2.505891228260508
2022-02-14 00:00:00+00:00,1037615.2825867081,0.00014220368484545666,0.18126998692166124,67.4131734302755,-0.5045994119967319,2.5048356188251555
2022-02-15 00:00:00+00:00,1039747.2199679941,0.0020546510995590535,0.18124421332666926,67.42488229829766,-0.4274996287599824,2.4875812526403864
2022-02-16 00:00:00+00:00,1040038.7844713713,0.00028041864193314417,0.1808725832745641,67.59408367776481,-0.4105547868158326,2.485795956984694
2022-02-17 00:00:00+00:00,1040947.0019400194,0.0008732534615136762,0.18082187744925798,67.61722371771538,-0.364085490766199,2.4788486884002623
2022-02-18 00:00:00+00:00,1040863.1465370917,-8.055684177143261e-05,0.0,82.61484142381107,-0.4249462523955718,2.4851288553434343
2022-02-22 00:00:00+00:00,1040945.7547233248,7.936507936506757e-05,0.0,82.60818623310251,0.0,2.4835938818205068
2022-02-23 00:00:00+00:00,1041028.3694657631,7.936507936503112e-05,0.0,82.61474243835912,0.0,2.5058923710678984
2022-02-24 00:00:00+00:00,1040406.3024496499,-0.0005975504936838886,0.17605213498390307,68.0756430509924,0.0,2.506186993581261
2022-02-25 00:00:00+00:00,1037586.6323360858,-0.002710162469148034,0.17615739792399862,68.02627265288817,-0.8855721296617383,2.530257478396701
2022-02-28 00:00:00+00:00,1034800.5951592299,-0.002685112828201329,0.17663611048132138,67.8024893105418,-1.0081022597564149,2.553456898231157
2022-03-01 00:00:00+00:00,1034536.4112426412,-0.0002552993473569932,0.0,82.12703136184365,-1.218664944340637,2.5915350797657783
2022-03-02 00:00:00+00:00,1034961.6232141828,0.00041101692209256056,0.24999999999999997,61.579548288252454,0.0,2.6074076302679803
2022-03-03 00:00:00+00:00,1033565.9926793699,-0.0013484852998497145,0.24989728798585276,61.61329527012084,-0.9640102446390657,2.6161312829475456
2022-03-04 00:00:00+00:00,1034265.9546113316,0.0006772300336112601,0.2502347258351534,61.502530941961076,-0.8368123250147883,2.612506340705105
2022-03-07 00:00:00+00:00,1034632.3953899905,0.00035430033931327024,0.2500653740534781,61.55808347624375,-0.7049924426760952,2.611329651719462
2022-03-08 00:00:00+00:00,1026436.9064656218,-0.007921160173299593,0.24997680718587173,61.587166077724625,-1.0880005780846551,2.6575416525018296
2022-03-09 00:00:00+00:00,1025312.3486438828,-0.0010955937132183233,0.2519727234879221,60.93673044880647,-1.326405389208365,2.6649008607685447
2022-03-10 00:00:00+00:00,1023062.7309247844,-0.002194080391281519,0.25224908600070955,60.84747982803352,-1.350287452154523,2.67694945909481
2022-03-11 00:00:00+00:00,1022590.2454181765,-0.0004618343453688523,0.25280375776847164,60.6689387392162,-1.395916810108063,2.6800050732261487
2022-03-14 00:00:00+00:00,1023538.2358597518,0.000927048195328352,0.2529205651721182,60.63143988948542,-1.4659748401133779,2.6762640885829505
2022-03-15 00:00:00+00:00,1027876.4433550397,0.0042384420467144225,0.2526863127818696,60.70667722611838,-1.4054133541041507,2.653593917916268
2022-03-16 00:00:00+00:00,1027718.9174963672,-0.00015325369084077844,0.2516198366862711,61.05097940828408,-1.423835142805803,2.654985693247516
2022-03-17 00:00:00+00:00,1026961.7102779305,-0.0007367843537232871,0.25165840426555586,61.03847735600849,-1.3969105060639044,2.65893610720378
2022-03-18 00:00:00+00:00,1026487.3840579994,-0.00046187332515324234,0.251843958954093,60.978381545021435,-1.4279713155706764,2.662088001934417
2022-03-21 00:00:00+00:00,1026207.4924155631,-0.0002726693447802317,0.25196033271076884,60.940736606931665,-1.323091798973728,2.6628050897535673
2022-03-22 00:00:00+00:00,1026904.4036968122,0.0006791134214082723,0.2520290533075998,60.91852298451611,-1.3076514788975,2.659352639932129
2022-03-23 00:00:00+00:00,1026447.7285118994,-0.0004447105137234312,0.25185801315058004,60.973833403662844,-1.2924341302179077,2.661965539098605
2022-03-24 00:00:00+00:00,1026346.2515757735,-9.886225407017266e-05,0.2519700668884689,60.93758934136818,-1.2858773968618884,2.6627783834683996
2022-03-25 00:00:00+00:00,1025179.4692349986,-0.0011368311025480012,0.2519949796801745,60.92953561627883,-1.2898392153008693,2.669205686582084
2022-03-28 00:00:00+00:00,1025397.2871503031,0.00021246808177606435,0.25228178145593977,60.836933843201464,-1.3636957674476569,2.6689564391142246
2022-03-29 00:00:00+00:00,1027172.0440025599,0.0017307992467865498,0.2522281910160248,60.85422097933674,-1.288984316728221,2.6594387049296566
2022-03-30 00:00:00+00:00,1027949.1498632097,0.0007565488811608509,0.2517923889389027,60.995074697769816,-1.2094925639825618,2.6551438536709
2022-03-31 00:00:00+00:00,1028723.825177678,0.0007536124861540267,0.0,81.5832658621595,-1.1708999143061638,2.6466797041152157
2022-04-01 00:00:00+00:00,1028805.469925708,7.936507936510185e-05,0.0,81.64474802997445,0.0,2.25707793052391
2022-04-04 00:00:00+00:00,1028887.1211534799,7.936507936508426e-05,0.0,81.6512277718816,0.0,2.2577386000523174
2022-04-05 00:00:00+00:00,1028968.778861508,7.936507936512272e-05,0.0,81.65770802805396,0.0,2.2551285810689796
2022-04-06 00:00:00+00:00,1029050.4430503065,7.93650793650644e-05,0.0,81.66418879853238,0.0,2.2572432499188815
2022-04-07 00:00:00+00:00,1029132.1137203899,7.936507936509594e-05,0.0,81.67067008335766,0.0,2.260553829085407
2022-04-08 00:00:00+00:00,1029213.7908722725,7.936507936506451e-05,0.0,81.67715188257063,0.0,2.2633474355461343
2022-04-11 00:00:00+00:00,1029295.4745064686,7.936507936504357e-05,0.0,81.6836341962121,0.0,2.262334612035551
2022-04-12 00:00:00+00:00,1029377.164623493,7.936507936510658e-05,0.0,81.6901170243229,0.0,2.2702088976914427
2022-04-13 00:00:00+00:00,1029458.86122386,7.936507936510072e-05,0.0,81.69660036694388,0.0,2.273172637802522
2022-04-14 00:00:00+00:00,1029540.5643080841,7.936507936509945e-05,0.0,81.70308422411587,0.0,2.2643142039102084
2022-04-18 00:00:00+00:00,1029622.27387668,7.93650793650631e-05,0.0,81.70956859587969,0.0,2.275279882180876
2022-04-19 00:00:00+00:00,1029703.9899301622,7.93650793650651e-05,0.0,81.71605348227618,0.0,2.268203353362541
2022-04-20 00:00:00+00:00,1029785.7124690455,7.936507936506573e-05,0.0,81.7225388833462,0.0,2.26951382242604
2022-04-21 00:00:00+00:00,1029867.4414938446,7.936507936502536e-05,0.0,81.7290247991306,0.0,2.2266991760285357
2022-04-22 00:00:00+00:00,1029949.1770050743,7.936507936513039e-05,0.0,81.73551122967021,0.0,2.221122171099467
2022-04-25 00:00:00+00:00,1030030.9190032494,7.936507936511508e-05,0.0,81.7419981750059,0.0,2.219554710824592
2022-04-26 00:00:00+00:00,1030112.6674888845,7.93650793650528e-05,0.0,81.74848563517853,0.0,2.217364808438631
2022-04-27 00:00:00+00:00,1030194.4224624948,7.936507936512993e-05,0.0,81.75497361022893,0.0,2.1956819245636963
2022-04-28 00:00:00+00:00,1030276.183924595,7.936507936508075e-05,0.0,81.761462100198,0.0,2.2172476357631488
2022-04-29 00:00:00+00:00,1030357.9518757001,7.936507936509163e-05,0.0,81.76795110512658,0.0,2.1958966940546123
2022-05-02 00:00:00+00:00,1030439.7263163253,7.936507936512287e-05,0.0,81.77444062505556,0.0,2.2047346475082588
2022-05-03 00:00:00+00:00,1030521.5072469853,7.936507936513482e-05,0.0,81.78093066002582,0.0,2.2087016737428735
2022-05-04 00:00:00+00:00,1030603.2946681954,7.936507936508781e-05,0.0,81.78742121007821,0.0,2.2130590900572553
2022-05-05 00:00:00+00:00,1030685.0885804706,7.936507936505515e-05,0.0,81.7939122752536,0.0,2.216820520423692
2022-05-06 00:00:00+00:00,1030766.8889843263,7.936507936511012e-05,0.0,81.8004038555929,0.0,2.233309024348648
2022-05-09 00:00:00+00:00,1030848.6958802774,7.936507936510009e-05,0.0,81.80689595113701,0.0,2.21639458077976
2022-05-10 00:00:00+00:00,1030930.5092688394,7.936507936509834e-05,0.0,81.81338856192679,0.0,2.219311303319177
2022-05-11 00:00:00+00:00,1031012.3291505274,7.93650793650652e-05,0.0,81.81988168800312,0.0,2.2216842048002206
2022-05-12 00:00:00+00:00,1031094.1555258568,7.936507936507394e-05,0.0,81.82637532940693,0.0,2.2379499136086616
2022-05-13 00:00:00+00:00,1031175.988395343,7.936507936508488e-05,0.0,81.8328694861791,0.0,2.236276399991095
2022-05-16 00:00:00+00:00,1031257.8277595013,7.936507936505833e-05,0.0,81.83936415836055,0.0,2.2540501910537993
2022-05-17 00:00:00+00:00,1031339.6736188473,7.936507936506756e-05,0.0,81.84585934599217,0.0,2.251707003498502
2022-05-18 00:00:00+00:00,1031421.5259738964,7.936507936507286e-05,0.0,81.85235504911486,0.0,2.224431916322038
2022-05-19 00:00:00+00:00,1031503.3848251641,7.936507936503459e-05,0.0,81.85885126776955,0.0,2.214830118015636
2022-05-20 00:00:00+00:00,1031585.250173166,7.936507936502594e-05,0.0,81.86534800199715,0.0,2.2145373336549836
2022-05-23 00:00:00+00:00,1031667.1220184179,7.936507936512009e-05,0.0,81.87184525183858,0.0,2.223335207390552
2022-05-24 00:00:00+00:00,1031749.0003614352,7.936507936505166e-05,0.0,81.87834301733476,0.0,2.223670928236688
2022-05-25 00:00:00+00:00,1031830.8852027338,7.936507936511955e-05,0.0,81.88484129852661,0.0,2.2280507008367194
2022-05-26 00:00:00+00:00,1031912.7765428292,7.936507936505837e-05,0.0,81.89134009545506,0.0,2.237427398684327
2022-05-27 00:00:00+00:00,1031994.6743822374,7.936507936505416e-05,0.0,81.89783940816105,0.0,2.235748757525746
2022-05-31 00:00:00+00:00,1032076.578721474,7.936507936506722e-05,0.0,81.9043392366855,0.0,2.228014770013614
2022-06-01 00:00:00+00:00,1032158.4895610551,7.936507936505787e-05,0.0,81.91083958106937,0.0,2.221997121811142
2022-06-02 00:00:00+00:00,1032240.4069014965,7.936507936509926e-05,0.0,81.91734044135357,0.0,2.222150683145308
2022-06-03 00:00:00+00:00,1032322.330743314,7.936507936503891e-05,0.0,81.92384181757909,0.0,2.2234582644850214
2022-06-06 00:00:00+00:00,1032404.2610870238,7.936507936506274e-05,0.0,81.93034370978683,0.0,2.220782881611128
2022-06-07 00:00:00+00:00,1032486.1979331418,7.936507936513104e-05,0.0,81.93684611801775,0.0,2.209697273275433
2022-06-08 00:00:00+00:00,1032568.1412821842,7.936507936509141e-05,0.0,81.94334904231285,0.0,2.2081839159054453
2022-06-09 00:00:00+00:00,1032650.0911346669,7.936507936512969e-05,0.0,81.94985248271303,0.0,2.2014001901718943
2022-06-10 00:00:00+00:00,1032732.0474911062,7.936507936509343e-05,0.0,81.95635643925928,0.0,2.2024813757703234
2022-06-13 00:00:00+00:00,1032814.0103520182,7.936507936505574e-05,0.0,81.96286091199255,0.0,2.1859863268863995
2022-06-14 00:00:00+00:00,1032895.9797179191,7.936507936508968e-05,0.0,81.96936590095382,0.0,2.1846003390406312
2022-06-15 00:00:00+00:00,1032977.9555893253,7.936507936504283e-05,0.0,81.97587140618405,0.0,2.174596088793238
2022-06-16 00:00:00+00:00,1033059.937966753,7.936507936510097e-05,0.0,81.98237742772423,0.0,2.1419753836844433
2022-06-17 00:00:00+00:00,1033141.9268507187,7.936507936511169e-05,0.0,81.98888396561532,0.0,2.1330901499111623
2022-06-21 00:00:00+00:00,1033223.9222417385,7.936507936503535e-05,0.0,81.9953910198983,0.0,2.131819493519936
2022-06-22 00:00:00+00:00,1033305.9241403291,7.936507936505765e-05,0.0,82.00189859061418,0.0,2.112428949578774
2022-06-23 00:00:00+00:00,1033387.9325470069,7.936507936502624e-05,0.0,82.0084066778039,0.0,2.099874893507451
2022-06-24 00:00:00+00:00,1033469.9474622884,7.936507936512677e-05,0.0,82.01491528150848,0.0,2.1054597196796547
2022-06-27 00:00:00+00:00,1033551.9688866902,7.936507936509426e-05,0.0,82.02142440176893,0.0,2.108630914977268
2022-06-28 00:00:00+00:00,1033633.9968207289,7.936507936511433e-05,0.0,82.02793403862621,0.0,2.1049607612599153
2022-06-29 00:00:00+00:00,1033716.031264921,7.93650793650347e-05,0.0,82.03444419212134,0.0,2.1106701816704723
2022-06-30 00:00:00+00:00,1033798.0722197832,7.936507936504094e-05,0.0,82.04095486229531,0.0,2.1084405956254284
2022-07-01 00:00:00+00:00,1033880.1196858324,7.936507936509339e-05,0.0,82.04746604918914,0.0,2.0936192263737006
2022-07-05 00:00:00+00:00,1033962.1736635852,7.936507936503976e-05,0.0,82.05397775284383,0.0,2.0877877547377057
2022-07-06 00:00:00+00:00,1034044.2341535585,7.936507936506558e-05,0.0,82.06048997330042,0.0,2.087267772059328
2022-07-07 00:00:00+00:00,1034126.3011562692,7.936507936513119e-05,0.0,82.06700271059988,0.0,2.0841946206831063
2022-07-08 00:00:00+00:00,1034208.374672234,7.936507936508431e-05,0.0,82.07351596478327,0.0,2.0801098434353382
2022-07-11 00:00:00+00:00,1034290.4547019699,7.936507936511047e-05,0.0,82.08002973589159,0.0,2.071822464976392
2022-07-12 00:00:00+00:00,1034372.5412459938,7.93650793650574e-05,0.0,82.08654402396586,0.0,2.0643218273590973
2022-07-13 00:00:00+00:00,1034454.6343048229,7.936507936511055e-05,0.0,82.09305882904712,0.0,2.0554222135862195
2022-07-14 00:00:00+00:00,1034536.7338789741,7.93650793651177e-05,0.0,82.09957415117643,0.0,2.052565420523204
2022-07-15 00:00:00+00:00,1034618.8399689645,7.93650793650392e-05,0.0,82.10608999039476,0.0,2.0522389886841554
2022-07-18 00:00:00+00:00,1034700.9525753112,7.936507936506043e-05,0.0,82.1126063467432,0.0,2.057171789013682
2022-07-19 00:00:00+00:00,1034783.0716985314,7.936507936502921e-05,0.0,82.1191232202628,0.0,2.0763189741193644
2022-07-20 00:00:00+00:00,1034865.1973391424,7.936507936513088e-05,0.0,82.12564061099455,0.0,2.0818943991265644
2022-07-21 00:00:00+00:00,1034947.3294976614,7.936507936510074e-05,0.0,82.13215851897957,0.0,2.085389358286066
2022-07-22 00:00:00+00:00,1035029.4681746057,7.936507936512414e-05,0.0,82.13867694425885,0.0,2.08134111221226
2022-07-25 00:00:00+00:00,1035111.6133704926,7.936507936504894e-05,0.0,82.14519588687347,0.0,2.088900609591955
2022-07-26 00:00:00+00:00,1035193.7650858394,7.93650793650604e-05,0.0,82.15171534686449,0.0,2.0807940752850493
2022-07-27 00:00:00+00:00,1035275.9233211637,7.936507936511887e-05,0.0,82.15823532427297,0.0,2.082922212617561
2022-07-28 00:00:00+00:00,1035358.0880769829,7.93650793650722e-05,0.0,82.16475581913998,0.0,2.083047346659013
2022-07-29 00:00:00+00:00,1035440.2593538144,7.936507936510562e-05,0.0,82.17127683150657,0.0,2.141887580088038
2022-08-01 00:00:00+00:00,1035522.4371521758,7.936507936506703e-05,0.0,82.17779836141385,0.0,2.137963183276969
2022-08-02 00:00:00+00:00,1035604.6214725847,7.936507936502921e-05,0.0,82.18432040890285,0.0,2.1303914303233378
2022-08-03 00:00:00+00:00,1035686.8123155587,7.93650793650649e-05,0.0,82.19084297401466,0.0,2.1284733026452782
2022-08-04 00:00:00+00:00,1035769.0096816155,7.936507936513442e-05,0.0,82.19736605679037,0.0,2.12815996899088
2022-08-05 00:00:00+00:00,1035851.2135712728,7.936507936508568e-05,0.0,82.20388965727108,0.0,2.135769277339606
2022-08-08 00:00:00+00:00,1035933.4239850483,7.936507936510384e-05,0.0,82.21041377549784,0.0,2.1312662793698176
2022-08-09 00:00:00+00:00,1036015.6409234598,7.936507936503684e-05,0.0,82.21693841151178,0.0,2.130700053284422
2022-08-10 00:00:00+00:00,1036097.8643870251,7.936507936506976e-05,0.0,82.22346356535395,0.0,2.1259471865629362
2022-08-11 00:00:00+00:00,1036180.0943762622,7.936507936505054e-05,0.0,82.22998923706548,0.0,2.142892719394609
2022-08-12 00:00:00+00:00,1036262.3308916888,7.936507936505191e-05,0.0,82.23651542668748,0.0,2.1351209298645215
2022-08-15 00:00:00+00:00,1036344.573933823,7.936507936503418e-05,0.0,82.24304213426102,0.0,2.1298015489981412
2022-08-16 00:00:00+00:00,1036426.8235031829,7.936507936507003e-05,0.0,82.24956935982722,0.0,2.1329153110254326
2022-08-17 00:00:00+00:00,1036509.0796002863,7.936507936511975e-05,0.0,82.25609710342721,0.0,2.137062012171503
2022-08-18 00:00:00+00:00,1036591.3422256514,7.93650793650314e-05,0.0,82.26262536510208,0.0,2.129007354081646
2022-08-19 00:00:00+00:00,1036673.6113797963,7.936507936510224e-05,0.0,82.26915414489297,0.0,2.1200299916739196
2022-08-22 00:00:00+00:00,1036755.8870632391,7.936507936506798e-05,0.0,82.27568344284097,0.0,2.1154373899085614
2022-08-23 00:00:00+00:00,1036838.1692764981,7.936507936511356e-05,0.0,82.28221325898723,0.0,2.124274192824752
2022-08-24 00:00:00+00:00,1036920.4580200915,7.9365079365087e-05,0.0,82.28874359337287,0.0,2.125204254921507
2022-08-25 00:00:00+00:00,1037002.7532945375,7.936507936506093e-05,0.0,82.29527444603902,0.0,2.1302465957748833
2022-08-26 00:00:00+00:00,1037085.0551003546,7.936507936510796e-05,0.0,82.30180581702679,0.0,2.1297924841688647
2022-08-29 00:00:00+00:00,1037167.363438061,7.936507936507614e-05,0.0,82.30833770637734,0.0,2.12357974414564
2022-08-30 00:00:00+00:00,1037249.6783081751,7.936507936503807e-05,0.0,82.31487011413182,0.0,2.124019562679438
2022-08-31 00:00:00+00:00,1037331.9997112154,7.936507936506631e-05,0.0,82.32140304033135,0.0,2.1125673533526883
2022-09-01 00:00:00+00:00,1037414.3276477004,7.93650793651212e-05,0.0,82.32793648501709,0.0,2.107434999454186
2022-09-02 00:00:00+00:00,1037496.6621181486,7.936507936505082e-05,0.0,82.33447044823019,0.0,2.110673698394736
2022-09-06 00:00:00+00:00,1037579.0031230786,7.936507936504e-05,0.0,82.34100493001179,0.0,2.11047835601674
2022-09-07 00:00:00+00:00,1037661.350663009,7.936507936504901e-05,0.0,82.34753993040306,0.0,2.1050878211792217
2022-09-08 00:00:00+00:00,1037743.7047384584,7.93650793650382e-05,0.0,82.35407544944516,0.0,2.102958315347763
2022-09-09 00:00:00+00:00,1037826.0653499456,7.93650793650801e-05,0.0,82.36061148717924,0.0,2.11844437333813
2022-09-12 00:00:00+00:00,1037908.4324979893,7.936507936513501e-05,0.0,82.36714804364648,0.0,2.1268527541949633
2022-09-13 00:00:00+00:00,1037990.8061831081,7.936507936505111e-05,0.0,82.37368511888803,0.0,2.1236529504116146
2022-09-14 00:00:00+00:00,1038073.1864058211,7.936507936512523e-05,0.0,82.38022271294508,0.0,2.1328118261951006
2022-09-15 00:00:00+00:00,1038155.573166647,7.936507936509336e-05,0.0,82.38676082585881,0.0,2.132999341394215
2022-09-16 00:00:00+00:00,1038237.9664661046,7.936507936502803e-05,0.0,82.3932994576704,0.0,2.116217343443695
2022-09-19 00:00:00+00:00,1038320.3663047131,7.936507936511382e-05,0.0,82.399838608421,0.0,2.1222311830658733
2022-09-20 00:00:00+00:00,1038402.7726829912,7.936507936508679e-05,0.0,82.40637827815183,0.0,2.123188452573664
2022-09-21 00:00:00+00:00,1038485.1856014582,7.936507936513152e-05,0.0,82.41291846690406,0.0,2.1267837948047523
2022-09-22 00:00:00+00:00,1038567.6050606329,7.936507936509621e-05,0.0,82.41945917471891,0.0,2.127840784867988
2022-09-23 00:00:00+00:00,1038650.0310610345,7.936507936505334e-05,0.0,82.42600040163754,0.0,2.0973191749883995
2022-09-26 00:00:00+00:00,1038732.4636031822,7.936507936507531e-05,0.0,82.43254214770116,0.0,2.0831112058633185
2022-09-27 00:00:00+00:00,1038814.9026875952,7.936507936512245e-05,0.0,82.43908441295098,0.0,2.072641714692101
2022-09-28 00:00:00+00:00,1038897.3483147926,7.9365079365043e-05,0.0,82.4456271974282,0.0,2.079862619144741
2022-09-29 00:00:00+00:00,1038979.8004852938,7.936507936513352e-05,0.0,82.45217050117402,0.0,2.0734635881237438
2022-09-30 00:00:00+00:00,1039062.2591996181,7.93650793651302e-05,0.0,82.45871432422967,0.0,2.0781124903136927
2022-10-03 00:00:00+00:00,1039144.7244582848,7.936507936510541e-05,0.0,82.46525866663636,0.0,2.0215900700013805
2022-10-04 00:00:00+00:00,1039227.1962618133,7.936507936513157e-05,0.0,82.4718035284353,0.0,2.037485421447265
2022-10-05 00:00:00+00:00,1039309.6746107229,7.936507936505694e-05,0.0,82.47834890966772,0.0,2.018324180791941
2022-10-06 00:00:00+00:00,1039392.1595055333,7.936507936506592e-05,0.0,82.48489481037484,0.0,2.016713054778208
2022-10-07 00:00:00+00:00,1039474.6509467639,7.936507936511882e-05,0.0,82.49144123059789,0.0,2.015045458998085
2022-10-10 00:00:00+00:00,1039557.1489349343,7.936507936506396e-05,0.0,82.4979881703781,0.0,2.0066483536633175
2022-10-11 00:00:00+00:00,1039639.653470564,7.93650793650857e-05,0.0,82.50453562975669,0.0,2.014412042480544
2022-10-12 00:00:00+00:00,1039722.1645541728,7.936507936503234e-05,0.0,82.51108360877492,0.0,2.0157062439776845
2022-10-13 00:00:00+00:00,1039804.6821862803,7.93650793650882e-05,0.0,82.51763210747403,0.0,2.0400535235189543
2022-10-14 00:00:00+00:00,1039887.2063674062,7.936507936510162e-05,0.0,82.52418112589525,0.0,2.027094737364398
2022-10-17 00:00:00+00:00,1039969.7370980702,7.936507936503295e-05,0.0,82.53073066407985,0.0,2.0264701449238958
2022-10-18 00:00:00+00:00,1040052.2743787923,7.936507936506641e-05,0.0,82.53728072206907,0.0,2.0319189185977065
2022-10-19 00:00:00+00:00,1040134.8182100921,7.936507936505038e-05,0.0,82.54383129990414,0.0,2.0429780506542743
2022-10-20 00:00:00+00:00,1040217.3685924897,7.936507936505714e-05,0.0,82.55038239762636,0.0,2.049494920358991
2022-10-21 00:00:00+00:00,1040299.925526505,7.936507936504702e-05,0.0,82.55693401527697,0.0,2.0605024413888526
2022-10-24 00:00:00+00:00,1040382.4890126579,7.936507936509225e-05,0.0,82.56348615289723,0.0,2.054650553056642
2022-10-25 00:00:00+00:00,1040465.0590514684,7.936507936504127e-05,0.0,82.5700388105284,0.0,2.0751746234388047
2022-10-26 00:00:00+00:00,1040547.6356434566,7.93650793650782e-05,0.0,82.57659198821177,0.0,2.0760455244987184
2022-10-27 00:00:00+00:00,1040630.2187891426,7.936507936505149e-05,0.0,82.58314568598861,0.0,2.0823669630396537
2022-10-28 00:00:00+00:00,1040712.8084890464,7.936507936503334e-05,0.0,82.5896999039002,0.0,2.0698668809726204
2022-10-31 00:00:00+00:00,1040795.4047436884,7.936507936509595e-05,0.0,82.59625464198781,0.0,2.0748010106541424
2022-11-01 00:00:00+00:00,1040878.0075535887,7.93650793650878e-05,0.0,82.60280990029273,0.0,2.0761361826040905
2022-11-02 00:00:00+00:00,1040960.6169192676,7.936507936508106e-05,0.0,82.60936567885625,0.0,2.067257563216208
2022-11-03 00:00:00+00:00,1041043.2328412452,7.936507936503608e-05,0.0,82.61592197771965,0.0,2.06901229094872
2022-11-04 00:00:00+00:00,1041125.8553200421,7.936507936502502e-05,0.0,82.62247879692423,0.0,2.0789019688124166
2022-11-07 00:00:00+00:00,1041208.4843561787,7.936507936512004e-05,0.0,82.62903613651127,0.0,2.083613767596875
2022-11-08 00:00:00+00:00,1041291.1199501752,7.93650793650578e-05,0.0,82.63559399652212,0.0,2.0798812407561376
2022-11-09 00:00:00+00:00,1041373.7621025522,7.93650793651341e-05,0.0,82.64215237699803,0.0,2.0678285487422254
2022-11-10 00:00:00+00:00,1041456.4108138302,7.936507936508565e-05,0.0,82.64871127798034,0.0,2.0806358347796294
2022-11-11 00:00:00+00:00,1041539.0660845297,7.936507936509637e-05,0.0,82.65527069951034,0.0,2.0855738734922515
2022-11-14 00:00:00+00:00,1041621.7279151714,7.93650793651266e-05,0.0,82.66183064162935,0.0,2.0904952209488323
2022-11-15 00:00:00+00:00,1041704.3963062757,7.936507936502487e-05,0.0,82.66839110437868,0.0,2.0943972309155776
2022-11-16 00:00:00+00:00,1041787.0712583635,7.936507936508686e-05,0.0,82.67495208779967,0.0,2.084900962777891
2022-11-17 00:00:00+00:00,1041869.7527719554,7.936507936504933e-05,0.0,82.68151359193361,0.0,2.073466150513493
2022-11-18 00:00:00+00:00,1041952.4408475723,7.936507936509614e-05,0.0,82.68807561682186,0.0,2.0781460654812194
2022-11-21 00:00:00+00:00,1042035.1354857348,7.936507936507587e-05,0.0,82.69463816250574,0.0,2.0770894064808036
2022-11-22 00:00:00+00:00,1042117.8366869638,7.936507936506057e-05,0.0,82.70120122902657,0.0,2.0811193473263683
2022-11-23 00:00:00+00:00,1042200.5444517803,7.93650793651223e-05,0.0,82.7077648164257,0.0,2.0760511103609685
2022-11-25 00:00:00+00:00,1042283.258780705,7.936507936510967e-05,0.0,82.71432892474446,0.0,2.074862044246303
2022-11-28 00:00:00+00:00,1042365.9796742591,7.936507936509473e-05,0.0,82.72089355402422,0.0,2.067241217435238
2022-11-29 00:00:00+00:00,1042448.7071329633,7.936507936503783e-05,0.0,82.72745870430627,0.0,2.074967460667832
2022-11-30 00:00:00+00:00,1042531.441157339,7.936507936512262e-05,0.0,82.73402437563202,0.0,2.0855493192278165
2022-12-01 00:00:00+00:00,1042614.1817479071,7.936507936508611e-05,0.0,82.74059056804278,0.0,2.084238072844441
2022-12-02 00:00:00+00:00,1042696.9289051887,7.936507936511196e-05,0.0,82.74715728157993,0.0,2.079115048161065
2022-12-05 00:00:00+00:00,1042779.6826297049,7.936507936504884e-05,0.0,82.75372451628482,0.0,2.072961299050962
2022-12-06 00:00:00+00:00,1042862.4429219771,7.93650793650804e-05,0.0,82.76029227219881,0.0,2.06547526350684
2022-12-07 00:00:00+00:00,1042945.2097825265,7.93650793650553e-05,0.0,82.76686054936326,0.0,2.070784128242195
2022-12-08 00:00:00+00:00,1043027.9832118743,7.936507936504551e-05,0.0,82.77342934781956,0.0,2.0739229212194963
2022-12-09 00:00:00+00:00,1043110.7632105419,7.9365079365123e-05,0.0,82.77999866760906,0.0,2.0456165729965425
2022-12-12 00:00:00+00:00,1043193.5497790506,7.936507936502484e-05,0.0,82.78656850877317,0.0,2.0388312235029793
2022-12-13 00:00:00+00:00,1043276.342917922,7.936507936504623e-05,0.0,82.79313887135322,0.0,2.053220991067579
2022-12-14 00:00:00+00:00,1043359.1426276773,7.936507936503586e-05,0.0,82.79970975539064,0.0,2.0525790088964255
2022-12-15 00:00:00+00:00,1043441.9489088382,7.936507936506566e-05,0.0,82.80628116092677,0.0,2.051533689319785
2022-12-16 00:00:00+00:00,1043524.7617619262,7.936507936509595e-05,0.0,82.81285308800304,0.0,2.046315056981165
2022-12-19 00:00:00+00:00,1043607.5811874629,7.936507936508708e-05,0.0,82.81942553666082,0.0,2.0471809401722156
2022-12-20 00:00:00+00:00,1043690.4071859699,7.936507936511092e-05,0.0,82.8259985069415,0.0,2.0515614170517438
2022-12-21 00:00:00+00:00,1043773.2397579688,7.93650793651278e-05,0.0,82.8325719988865,0.0,2.057663491381391
2022-12-22 00:00:00+00:00,1043856.0789039814,7.936507936509808e-05,0.0,82.83914601253721,0.0,2.0550688949507387
2022-12-23 00:00:00+00:00,1043938.9246245293,7.936507936509361e-05,0.0,82.84572054793503,0.0,2.068380721064914
2022-12-27 00:00:00+00:00,1044021.7769201344,7.936507936507472e-05,0.0,82.85229560512137,0.0,2.0681658380235373
2022-12-28 00:00:00+00:00,1044104.6357913186,7.936507936511326e-05,0.0,82.85887118413766,0.0,2.066767258389997
2022-12-29 00:00:00+00:00,1044187.5012386036,7.936507936505805e-05,0.0,82.86544728502528,0.0,2.0680878693428166
2022-12-30 00:00:00+00:00,1044270.3732625114,7.936507936509243e-05,0.0,82.87202390782568,0.0,2.0711389626439938
2023-01-03 00:00:00+00:00,1044353.251863564,7.936507936506522e-05,0.0,82.87860105258028,0.0,1.8472987743883231
2023-01-04 00:00:00+00:00,1044436.1370422833,7.936507936504825e-05,0.0,82.88517871933048,0.0,1.832651577494413
2023-01-05 00:00:00+00:00,1044519.0287991915,7.936507936511331e-05,0.0,82.89175690811773,0.0,1.8401474282077808
2023-01-06 00:00:00+00:00,1044601.9271348105,7.936507936510928e-05,0.0,82.89833561898345,0.0,1.8347733708475067
2023-01-09 00:00:00+00:00,1044684.8320496625,7.936507936510792e-05,0.0,82.90491485196908,0.0,1.8401789726278213
2023-01-10 00:00:00+00:00,1044767.7435442696,7.936507936506958e-05,0.0,82.91149460711607,0.0,1.8331390877959661
2023-01-11 00:00:00+00:00,1044850.661619154,7.936507936506604e-05,0.0,82.91807488446584,0.0,1.8213090114513188
2023-01-12 00:00:00+00:00,1044933.5862748381,7.936507936505763e-05,0.0,82.92465568405984,0.0,1.8201024025899053
2023-01-13 00:00:00+00:00,1045016.517511844,7.936507936511608e-05,0.0,82.93123700593954,0.0,1.8239700114207165
2023-01-17 00:00:00+00:00,1045099.4553306942,7.93650793650903e-05,0.0,82.93781885014636,0.0,1.8366474458813737
2023-01-18 00:00:00+00:00,1045182.3997319109,7.936507936505206e-05,0.0,82.94440121672176,0.0,1.8379201366847133
2023-01-19 00:00:00+00:00,1045265.3507160166,7.936507936507306e-05,0.0,82.95098410570722,0.0,1.8435511533691544
2023-01-20 00:00:00+00:00,1045348.3082835338,7.936507936511364e-05,0.0,82.95756751714417,0.0,1.8413074153917033
2023-01-23 00:00:00+00:00,1045431.2724349849,7.93650793651341e-05,0.0,82.96415145107412,0.0,1.8436463079783758
2023-01-24 00:00:00+00:00,1045514.2431708925,7.93650793650948e-05,0.0,82.97073590753848,0.0,1.8385088802596914
2023-01-25 00:00:00+00:00,1045597.220491779,7.936507936506744e-05,0.0,82.97732088657877,0.0,1.852448444341162
2023-01-26 00:00:00+00:00,1045680.2043981673,7.936507936512368e-05,0.0,82.98390638823643,0.0,1.8530927118854938
2023-01-27 00:00:00+00:00,1045763.1948905799,7.936507936511251e-05,0.0,82.99049241255297,0.0,1.8223540027631686
2023-01-30 00:00:00+00:00,1045846.1919695395,7.93650793651056e-05,0.0,82.99707895956983,0.0,1.802203490642694
2023-01-31 00:00:00+00:00,1045929.1956355688,7.936507936506329e-05,0.0,83.00366602932853,0.0,1.7885287678650097
2023-02-01 00:00:00+00:00,1046012.2058891907,7.93650793650572e-05,0.0,83.01025362187055,0.0,1.7802066075206828
2023-02-02 00:00:00+00:00,1046095.2227309279,7.936507936504769e-05,0.0,83.01684173723736,0.0,1.7881195784695811
2023-02-03 00:00:00+00:00,1046178.2461613034,7.936507936510638e-05,0.0,83.02343037547047,0.0,1.7858180556051146
2023-02-06 00:00:00+00:00,1046261.27618084,7.936507936508227e-05,0.0,83.03001953661138,0.0,1.7878585112192158
2023-02-07 00:00:00+00:00,1046344.3127900606,7.936507936504702e-05,0.0,83.03660922070159,0.0,1.7931206507601711
2023-02-08 00:00:00+00:00,1046427.3559894884,7.936507936507221e-05,0.0,83.0431994277826,0.0,1.7753959211261665
2023-02-09 00:00:00+00:00,1046510.4057796464,7.936507936511817e-05,0.0,83.04979015789591,0.0,1.7642613923657486
2023-02-10 00:00:00+00:00,1046593.4621610574,7.936507936503398e-05,0.0,83.05638141108304,0.0,1.7545679711095334
2023-02-13 00:00:00+00:00,1046676.5251342448,7.936507936511371e-05,0.0,83.06297318738551,0.0,1.758248183779422
2023-02-14 00:00:00+00:00,1046759.5946997317,7.93650793650952e-05,0.0,83.06956548684482,0.0,1.773173875007822
2023-02-15 00:00:00+00:00,1046842.6708580412,7.936507936505001e-05,0.0,83.07615830950252,0.0,1.7573409366527226
2023-02-16 00:00:00+00:00,1046925.7536096965,7.936507936504973e-05,0.0,83.08275165540009,0.0,1.7452943421710128
2023-02-17 00:00:00+00:00,1047008.8429552211,7.936507936505465e-05,0.0,83.08934552457909,0.0,1.7480351145201518
2023-02-21 00:00:00+00:00,1047091.9388951381,7.93650793650251e-05,0.0,83.09593991708104,0.0,1.7383074270564838
2023-02-22 00:00:00+00:00,1047175.041429971,7.936507936503262e-05,0.0,83.10253483294747,0.0,1.74406302880887
2023-02-23 00:00:00+00:00,1047258.1505602432,7.936507936503753e-05,0.0,83.10913027221991,0.0,1.7458667598935178
2023-02-24 00:00:00+00:00,1047341.2662864781,7.936507936511132e-05,0.0,83.11572623493993,0.0,1.7507291460489012
2023-02-27 00:00:00+00:00,1047424.3886091993,7.936507936510316e-05,0.0,83.12232272114906,0.0,1.7521007148756804
2023-02-28 00:00:00+00:00,1047507.5175289302,7.936507936508456e-05,0.0,83.12891973088884,0.0,1.744678757830866
2023-03-01 00:00:00+00:00,1047590.6530461945,7.936507936512696e-05,0.0,83.13551726420081,0.0,1.7468007631877667
2023-03-02 00:00:00+00:00,1047673.7951615156,7.936507936507958e-05,0.0,83.14211532112654,0.0,1.7444267630339048
2023-03-03 00:00:00+00:00,1047756.9438754173,7.9365079365125e-05,0.0,83.14871390170758,0.0,1.7526603963652967
2023-03-06 00:00:00+00:00,1047840.0991884234,7.936507936511243e-05,0.0,83.1553130059855,0.0,1.7540965819774827
2023-03-07 00:00:00+00:00,1047923.2611010574,7.936507936511333e-05,0.0,83.16191263400185,0.0,1.7539170104073207
2023-03-08 00:00:00+00:00,1048006.4296138432,7.9365079365088e-05,0.0,83.1685127857982,0.0,1.7583957982591518
2023-03-09 00:00:00+00:00,1048089.6047273047,7.936507936510788e-05,0.0,83.17511346141613,0.0,1.749678298268024
2023-03-10 00:00:00+00:00,1048172.7864419656,7.93650793651333e-05,0.0,83.1817146608972,0.0,1.7507936916200548
2023-03-13 00:00:00+00:00,1048255.9747583499,7.936507936512459e-05,0.0,83.18831638428298,0.0,1.7533970138857078
2023-03-14 00:00:00+00:00,1048339.1696769815,7.93650793650421e-05,0.0,83.19491863161508,0.0,1.7618506020839066
2023-03-15 00:00:00+00:00,1048422.3711983844,7.936507936506825e-05,0.0,83.20152140293504,0.0,1.7569621222508371
2023-03-16 00:00:00+00:00,1048505.5793230827,7.936507936505234e-05,0.0,83.20812469828448,0.0,1.7633695118117507
2023-03-17 00:00:00+00:00,1048588.7940516004,7.936507936506572e-05,0.0,83.21472851770497,0.0,1.7594198710188111
2023-03-20 00:00:00+00:00,1048672.0153844617,7.936507936517976e-05,0.0,83.22133286123812,0.0,1.7567606588255624
2023-03-21 00:00:00+00:00,1048755.2433221906,7.936507936502171e-05,0.0,83.22793772892554,0.0,1.7552303181350934
2023-03-22 00:00:00+00:00,1048838.4778653113,7.9365079364996e-05,0.0,83.23454312080878,0.0,1.7505351833855625
2023-03-23 00:00:00+00:00,1048921.7190143482,7.936507936506294e-05,0.0,83.24114903692947,0.0,1.749743935922873
2023-03-24 00:00:00+00:00,1049004.9667698257,7.936507936518283e-05,0.0,83.24775547732922,0.0,1.75764536501477
2023-03-27 00:00:00+00:00,1049088.2211322677,7.936507936509402e-05,0.0,83.25436244204965,0.0,1.7537490032563987
2023-03-28 00:00:00+00:00,1049171.4821021988,7.936507936497886e-05,0.0,83.26096993113237,0.0,1.7576620050011327
2023-03-29 00:00:00+00:00,1049254.7496801433,7.936507936501961e-05,0.0,83.26757794461895,0.0,1.7521495862076644
2023-03-30 00:00:00+00:00,1049338.023866626,7.936507936517655e-05,0.0,83.27418648255106,0.0,1.7610922581961845
2023-03-31 00:00:00+00:00,1049421.304662171,7.936507936518808e-05,0.0,83.28079554497032,0.0,1.76110593052563
2023-04-03 00:00:00+00:00,1049504.592067303,7.936507936501462e-05,0.0,83.28740513191833,0.0,1.9014740039883637
2023-04-04 00:00:00+00:00,1049587.8860825463,7.936507936506023e-05,0.0,83.29401524343673,0.0,1.8999323771837333
2023-04-05 00:00:00+00:00,1049671.1867084259,7.936507936506335e-05,0.0,83.30062587956716,0.0,1.8943954333057151
2023-04-06 00:00:00+00:00,1049754.4939454661,7.936507936498432e-05,0.0,83.30723704035125,0.0,1.8918540538512922
2023-04-10 00:00:00+00:00,1049837.8077941919,7.936507936500531e-05,0.0,83.31384872583064,0.0,1.8992785270962949
2023-04-11 00:00:00+00:00,1049921.128255128,7.936507936508662e-05,0.0,83.32046093604697,0.0,1.9002288889708003
2023-04-12 00:00:00+00:00,1050004.455328799,7.936507936518856e-05,0.0,83.3270736710419,0.0,1.902176491081013
2023-04-13 00:00:00+00:00,1050087.78901573,7.936507936504971e-05,0.0,83.33368693085707,0.0,1.9133470390123484
2023-04-14 00:00:00+00:00,1050171.1293164454,7.936507936507394e-05,0.0,83.34030071553411,0.0,1.9161096356260967
2023-04-17 00:00:00+00:00,1050254.4762314705,7.936507936499983e-05,0.0,83.34691502511471,0.0,1.9134198504796815
2023-04-18 00:00:00+00:00,1050337.82976133,7.936507936500943e-05,0.0,83.35352985964052,0.0,1.8987549407800328
2023-04-19 00:00:00+00:00,1050421.1899065492,7.936507936506303e-05,0.0,83.36014521915318,0.0,1.9007746038590736
2023-04-20 00:00:00+00:00,1050504.556667653,7.936507936512098e-05,0.0,83.36676110369437,0.0,1.9012916388995795
2023-04-21 00:00:00+00:00,1050587.9300451663,7.93650793651436e-05,0.0,83.37337751330578,0.0,1.8948719559791374
2023-04-24 00:00:00+00:00,1050671.3100396143,7.936507936509124e-05,0.0,83.37999444802907,0.0,1.8979773167160787
2023-04-25 00:00:00+00:00,1050754.6966515223,7.936507936514584e-05,0.0,83.3866119079059,0.0,1.8918886093541918
2023-04-26 00:00:00+00:00,1050838.0898814152,7.936507936504615e-05,0.0,83.39322989297796,0.0,1.8804992308067656
2023-04-27 00:00:00+00:00,1050921.4897298184,7.936507936497409e-05,0.0,83.39984840328692,0.0,1.8758929845917285
2023-04-28 00:00:00+00:00,1051004.8961972573,7.936507936511154e-05,0.0,83.40646743887447,0.0,1.8782351309102725
2023-05-01 00:00:00+00:00,1051088.309284257,7.936507936497572e-05,0.0,83.41308699978232,0.0,1.8909292037667855
2023-05-02 00:00:00+00:00,1051171.728991343,7.936507936497006e-05,0.0,83.41970708605214,0.0,1.8748008968881016
2023-05-03 00:00:00+00:00,1051255.1553190406,7.936507936505488e-05,0.0,83.42632769772563,0.0,1.8644154320961879
2023-05-04 00:00:00+00:00,1051338.5882678754,7.936507936496898e-05,0.0,83.4329488348445,0.0,1.8781120872041752
2023-05-05 00:00:00+00:00,1051422.0278383729,7.936507936511567e-05,0.0,83.43957049745043,0.0,1.8852660312531695
2023-05-08 00:00:00+00:00,1051505.4740310584,7.936507936501235e-05,0.0,83.44619268558515,0.0,1.8804522111070567
2023-05-09 00:00:00+00:00,1051588.9268464576,7.936507936506226e-05,0.0,83.45281539929034,0.0,1.8760634893293076
2023-05-10 00:00:00+00:00,1051672.3862850962,7.93650793650043e-05,0.0,83.45943863860775,0.0,1.8715690149041193
2023-05-11 00:00:00+00:00,1051755.8523474997,7.936507936502021e-05,0.0,83.46606240357906,0.0,1.8785663834185842
2023-05-12 00:00:00+00:00,1051839.325034194,7.93650793650703e-05,0.0,83.47268669424601,0.0,1.8806165032135622
2023-05-15 00:00:00+00:00,1051922.8043457046,7.93650793651149e-05,0.0,83.4793115106503,0.0,1.889502598276919
2023-05-16 00:00:00+00:00,1052006.2902825575,7.936507936511436e-05,0.0,83.4859368528337,0.0,1.8827426074986748
2023-05-17 00:00:00+00:00,1052089.7828452783,7.9365079365029e-05,0.0,83.4925627208379,0.0,1.8813068923121237
2023-05-18 00:00:00+00:00,1052173.282034393,7.936507936504051e-05,0.0,83.49918911470462,0.0,1.8658793997273069
2023-05-19 00:00:00+00:00,1052256.7878504274,7.936507936510918e-05,0.0,83.50581603447563,0.0,1.8675764148549425
2023-05-22 00:00:00+00:00,1052340.3002939075,7.936507936497408e-05,0.0,83.51244348019266,0.0,1.8639029912481964
2023-05-23 00:00:00+00:00,1052423.8193653594,7.936507936503807e-05,0.0,83.51907145189742,0.0,1.8791838226975743
2023-05-24 00:00:00+00:00,1052507.345065309,7.936507936504021e-05,0.0,83.5256999496317,0.0,1.8741048073717774
2023-05-25 00:00:00+00:00,1052590.8773942825,7.936507936516208e-05,0.0,83.53232897343722,0.0,1.8654850585666067
2023-05-26 00:00:00+00:00,1052674.416352806,7.936507936514276e-05,0.0,83.53895852335576,0.0,1.868575662243876
2023-05-30 00:00:00+00:00,1052757.9619414054,7.936507936516381e-05,0.0,83.54558859942904,0.0,1.8703340201370935
2023-05-31 00:00:00+00:00,1052841.5141606072,7.936507936518558e-05,0.0,83.55221920169885,0.0,1.8653557416974418
2023-06-01 00:00:00+00:00,1052925.0730109375,7.936507936516836e-05,0.0,83.55885033020692,0.0,1.867388289649413
2023-06-02 00:00:00+00:00,1053008.6384929225,7.936507936507253e-05,0.0,83.56548198499505,0.0,1.8783120871097392
2023-06-05 00:00:00+00:00,1053092.2106070886,7.936507936507955e-05,0.0,83.57211416610497,0.0,1.8780756151773557
2023-06-06 00:00:00+00:00,1053175.7893539623,7.936507936514973e-05,0.0,83.57874687357847,0.0,1.8734362468130574
2023-06-07 00:00:00+00:00,1053259.3747340697,7.93650793650223e-05,0.0,83.58538010745733,0.0,1.8833901137689666
2023-06-08 00:00:00+00:00,1053342.9667479375,7.936507936509975e-05,0.0,83.59201386778331,0.0,1.8826411934776415
2023-06-09 00:00:00+00:00,1053426.5653960921,7.936507936512135e-05,0.0,83.59864815459821,0.0,1.887131991700329
2023-06-12 00:00:00+00:00,1053510.17067906,7.936507936504742e-05,0.0,83.60528296794382,0.0,1.8810349860486775
2023-06-13 00:00:00+00:00,1053593.782597368,7.936507936505935e-05,0.0,83.61191830786191,0.0,1.8900170462771917
2023-06-14 00:00:00+00:00,1053677.4011515423,7.936507936511745e-05,0.0,83.61855417439428,0.0,1.8883812237520536
2023-06-15 00:00:00+00:00,1053761.02634211,7.936507936518201e-05,0.0,83.62519056758272,0.0,1.8937352450625538
2023-06-16 00:00:00+00:00,1053844.6581695974,7.936507936499244e-05,0.0,83.63182748746905,0.0,1.8892788488863963
2023-06-20 00:00:00+00:00,1053928.2966345316,7.936507936517194e-05,0.0,83.63846493409503,0.0,1.8828088990461045
2023-06-21 00:00:00+00:00,1054011.941737439,7.9365079365018e-05,0.0,83.6451029075025,0.0,1.8826777672663293
2023-06-22 00:00:00+00:00,1054095.5934788468,7.936507936515374e-05,0.0,83.65174140773325,0.0,1.8717226494297488
2023-06-23 00:00:00+00:00,1054179.2518592817,7.936507936509763e-05,0.0,83.65838043482911,0.0,1.8697163588768007
2023-06-26 00:00:00+00:00,1054262.9168792705,7.936507936503096e-05,0.0,83.66501998883187,0.0,1.8701353036209745
2023-06-27 00:00:00+00:00,1054346.5885393403,7.936507936513488e-05,0.0,83.67166006978337,0.0,1.872085790963213
2023-06-28 00:00:00+00:00,1054430.266840018,7.936507936514886e-05,0.0,83.67830067772542,0.0,1.8738216261755203
2023-06-29 00:00:00+00:00,1054513.9517818308,7.936507936503326e-05,0.0,83.68494181269985,0.0,1.8729961412184717
2023-06-30 00:00:00+00:00,1054597.6433653054,7.936507936496925e-05,0.0,83.69158347474847,0.0,1.876193281402355
2023-07-03 00:00:00+00:00,1054681.3415909694,7.936507936513793e-05,0.0,83.69822566391312,0.0,1.9044815615592783
2023-07-05 00:00:00+00:00,1054765.0464593496,7.936507936505802e-05,0.0,83.70486838023567,0.0,1.9043418595506822
2023-07-06 00:00:00+00:00,1054848.7579709734,7.936507936513145e-05,0.0,83.7115116237579,0.0,1.9047836165069754
2023-07-07 00:00:00+00:00,1054932.476126368,7.936507936509776e-05,0.0,83.7181553945217,0.0,1.9119342955882805
2023-07-10 00:00:00+00:00,1055016.2009260606,7.936507936513803e-05,0.0,83.72479969256888,0.0,1.9091907807041597
2023-07-11 00:00:00+00:00,1055099.9323705784,7.936507936499188e-05,0.0,83.73144451794131,0.0,1.9188717900604013
2023-07-12 00:00:00+00:00,1055183.670460449,7.936507936506104e-05,0.0,83.73808987068082,0.0,1.925639194026871
2023-07-13 00:00:00+00:00,1055267.4151962,7.936507936508514e-05,0.0,83.74473575082929,0.0,1.9253263772712046
2023-07-14 00:00:00+00:00,1055351.1665783583,7.936507936502452e-05,0.0,83.75138215842857,0.0,1.923092055033083
2023-07-17 00:00:00+00:00,1055434.9246074518,7.936507936506016e-05,0.0,83.75802909352049,0.0,1.9192659101862812
2023-07-18 00:00:00+00:00,1055518.689284008,7.936507936515236e-05,0.0,83.76467655614697,0.0,1.9249863970708279
2023-07-19 00:00:00+00:00,1055602.4606085543,7.936507936504085e-05,0.0,83.77132454634985,0.0,1.9237886216081521
2023-07-20 00:00:00+00:00,1055686.2385816185,7.936507936512718e-05,0.0,83.77797306417098,0.0,1.9253641219019726
2023-07-21 00:00:00+00:00,1055770.0232037283,7.936507936515104e-05,0.0,83.78462210965226,0.0,1.937719539369057
2023-07-24 00:00:00+00:00,1055853.814475411,7.936507936507282e-05,0.0,83.79127168283557,0.0,1.946213594364358
2023-07-25 00:00:00+00:00,1055937.6123971948,7.936507936507337e-05,0.0,83.79792178376279,0.0,1.949175192817508
2023-07-26 00:00:00+00:00,1056021.4169696074,7.936507936511303e-05,0.0,83.80457241247578,0.0,1.9446341576590314
2023-07-27 00:00:00+00:00,1056105.2281931764,7.93650793651521e-05,0.0,83.81122356901646,0.0,1.9282828689595028
2023-07-28 00:00:00+00:00,1056189.04606843,7.936507936515092e-05,0.0,83.8178752534267,0.0,1.936307012692204
2023-07-31 00:00:00+00:00,1056272.8705958957,7.936507936506985e-05,0.0,83.8245274657484,0.0,1.946626071038355
2023-08-01 00:00:00+00:00,1056356.7017761017,7.936507936508965e-05,0.0,83.83118020602346,0.0,1.9414630953503798
2023-08-02 00:00:00+00:00,1056440.539609576,7.936507936517064e-05,0.0,83.83783347429379,0.0,1.9344761952235117
2023-08-03 00:00:00+00:00,1056524.3840968467,7.936507936505275e-05,0.0,83.84448727060128,0.0,1.9215330385431977
2023-08-04 00:00:00+00:00,1056608.2352384417,7.93650793651371e-05,0.0,83.85114159498784,0.0,1.918835786294038
2023-08-07 00:00:00+00:00,1056692.0930348893,7.936507936516362e-05,0.0,83.85779644749537,0.0,1.9232833091029073
2023-08-08 00:00:00+00:00,1056775.9574867175,7.936507936509267e-05,0.0,83.86445182816581,0.0,1.9175214213480682
2023-08-09 00:00:00+00:00,1056859.8285944546,7.936507936510493e-05,0.0,83.87110773704107,0.0,1.908117618938951
2023-08-10 00:00:00+00:00,1056943.7063586288,7.936507936516071e-05,0.0,83.87776417416306,0.0,1.9100940931902772
2023-08-11 00:00:00+00:00,1057027.5907797683,7.936507936500003e-05,0.0,83.88442113957372,0.0,1.9203283775504003
2023-08-14 00:00:00+00:00,1057111.4818584016,7.936507936502384e-05,0.0,83.89107863331495,0.0,1.9194292135566453
2023-08-15 00:00:00+00:00,1057195.3795950569,7.936507936497218e-05,0.0,83.8977366554287,0.0,1.9135803450017006
2023-08-16 00:00:00+00:00,1057279.2839902628,7.936507936502562e-05,0.0,83.90439520595689,0.0,1.9211983055350053
2023-08-17 00:00:00+00:00,1057363.1950445478,7.936507936514447e-05,0.0,83.91105428494149,0.0,1.915457808983771
2023-08-18 00:00:00+00:00,1057447.1127584402,7.936507936506885e-05,0.0,83.91771389242443,0.0,1.9110164480123455
2023-08-21 00:00:00+00:00,1057531.0371324685,7.936507936497932e-05,0.0,83.92437402844763,0.0,1.9162862158230713
2023-08-22 00:00:00+00:00,1057614.9681671616,7.936507936505641e-05,0.0,83.93103469305306,0.0,1.911317228771861
2023-08-23 00:00:00+00:00,1057698.9058630478,7.936507936504023e-05,0.0,83.93769588628267,0.0,1.9195313965780447
2023-08-24 00:00:00+00:00,1057782.850220656,7.936507936511128e-05,0.0,83.9443576081784,0.0,1.9154437843534664
2023-08-25 00:00:00+00:00,1057866.8012405147,7.936507936500977e-05,0.0,83.95101985878222,0.0,1.9100652709735644
2023-08-28 00:00:00+00:00,1057950.758923153,7.936507936513626e-05,0.0,83.95768263813609,0.0,1.9124439225291066
2023-08-29 00:00:00+00:00,1058034.7232690991,7.936507936501086e-05,0.0,83.96434594628198,0.0,1.9072050883606209
2023-08-30 00:00:00+00:00,1058118.6942788824,7.936507936503411e-05,0.0,83.97100978326183,0.0,1.9014196761480537
2023-08-31 00:00:00+00:00,1058202.6719530316,7.93650793651663e-05,0.0,83.97767414911765,0.0,1.9051941623757402
2023-09-01 00:00:00+00:00,1058286.6562920755,7.93650793651477e-05,0.0,83.9843390438914,0.0,1.911281041434857
2023-09-05 00:00:00+00:00,1058370.6472965432,7.936507936515869e-05,0.0,83.99100446762505,0.0,1.9246655762245428
2023-09-06 00:00:00+00:00,1058454.6449669637,7.936507936515961e-05,0.0,83.99767042036058,0.0,1.9208460730246761
2023-09-07 00:00:00+00:00,1058538.6493038659,7.93650793651108e-05,0.0,84.00433690213997,0.0,1.9225166927489945
2023-09-08 00:00:00+00:00,1058622.6603077787,7.936507936497258e-05,0.0,84.01100391300523,0.0,1.9159683938695116
2023-09-11 00:00:00+00:00,1058706.6779792318,7.936507936514523e-05,0.0,84.01767145299831,0.0,1.9053825383830527
2023-09-12 00:00:00+00:00,1058790.702318754,7.93650793651491e-05,0.0,84.02433952216126,0.0,1.9021743968926161
2023-09-13 00:00:00+00:00,1058874.7333268747,7.936507936516453e-05,0.0,84.03100812053603,0.0,1.9054922246881612
2023-09-14 00:00:00+00:00,1058958.771004123,7.936507936515182e-05,0.0,84.03767724816466,0.0,1.9011913141098935
2023-09-15 00:00:00+00:00,1059042.815351028,7.936507936507131e-05,0.0,84.04434690508911,0.0,1.9056784912489282
2023-09-18 00:00:00+00:00,1059126.8663681194,7.936507936510323e-05,0.0,84.05101709135143,0.0,1.9056305568024214
2023-09-19 00:00:00+00:00,1059210.9240559263,7.936507936498803e-05,0.0,84.0576878069936,0.0,1.9066397140149114
2023-09-20 00:00:00+00:00,1059294.9884149784,7.936507936512571e-05,0.0,84.06435905205764,0.0,1.9078003415789868
2023-09-21 00:00:00+00:00,1059379.059445805,7.936507936503696e-05,0.0,84.07103082658558,0.0,1.9108378979750182
2023-09-22 00:00:00+00:00,1059463.1371489356,7.936507936512172e-05,0.0,84.07770313061944,0.0,1.9152034069289736
2023-09-25 00:00:00+00:00,1059547.2215248998,7.936507936512051e-05,0.0,84.08437596420124,0.0,1.9213319483226563
2023-09-26 00:00:00+00:00,1059631.312574227,7.93650793649937e-05,0.0,84.091049327373,0.0,1.9166172878484184
2023-09-27 00:00:00+00:00,1059715.4102974473,7.936507936514111e-05,0.0,84.09772322017676,0.0,1.9137088790242531
2023-09-28 00:00:00+00:00,1059799.51469509,7.936507936508358e-05,0.0,84.10439764265455,0.0,1.9150019945392458
2023-09-29 00:00:00+00:00,1059883.6257676848,7.93650793650012e-05,0.0,84.11107259484841,0.0,1.9131893920782006
2023-10-02 00:00:00+00:00,1059967.7435157616,7.936507936507397e-05,0.0,84.11774807680038,0.0,1.9298742331763243
2023-10-03 00:00:00+00:00,1060051.86793985,7.936507936504254e-05,0.0,84.1244240885525,0.0,1.9301738432463451
2023-10-04 00:00:00+00:00,1060135.9990404802,7.936507936508691e-05,0.0,84.13110063014683,0.0,1.9325512555094022
2023-10-05 00:00:00+00:00,1060220.136818182,7.936507936516739e-05,0.0,84.13777770162541,0.0,1.9539012450018332
2023-10-06 00:00:00+00:00,1060304.281273485,7.93650793650247e-05,0.0,84.14445530303031,0.0,1.9556489317074681
2023-10-09 00:00:00+00:00,1060388.4324069193,7.93650793650584e-05,0.0,84.15113343440356,0.0,1.9579731230404724
2023-10-10 00:00:00+00:00,1060472.590219015,7.936507936500923e-05,0.0,84.15781209578725,0.0,1.9634602484272876
2023-10-11 00:00:00+00:00,1060556.7547103022,7.936507936505708e-05,0.0,84.16449128722341,0.0,1.9538482121237681
2023-10-12 00:00:00+00:00,1060640.925881311,7.936507936516227e-05,0.0,84.17117100875414,0.0,1.952324893942766
2023-10-13 00:00:00+00:00,1060725.1037325715,7.936507936506558e-05,0.0,84.17785126042152,0.0,1.9494258111616016
2023-10-16 00:00:00+00:00,1060809.2882646138,7.936507936516644e-05,0.0,84.18453204226758,0.0,1.9551232039845927
2023-10-17 00:00:00+00:00,1060893.479477968,7.936507936498612e-05,0.0,84.19121335433444,0.0,1.961210593716368
2023-10-18 00:00:00+00:00,1060977.6773731648,7.936507936514347e-05,0.0,84.19789519666413,0.0,1.958386728675492
2023-10-19 00:00:00+00:00,1061061.8819507342,7.93650793651598e-05,0.0,84.20457756929879,0.0,1.9584469968059985
2023-10-20 00:00:00+00:00,1061146.0932112064,7.936507936499549e-05,0.0,84.21126047228049,0.0,1.9576069963045701
2023-10-23 00:00:00+00:00,1061230.311155112,7.936507936504978e-05,0.0,84.2179439056513,0.0,1.9347394684770847
2023-10-24 00:00:00+00:00,1061314.5357829814,7.936507936506352e-05,0.0,84.22462786945333,0.0,1.9113876207952472
2023-10-25 00:00:00+00:00,1061398.767095345,7.936507936499706e-05,0.0,84.23131236372869,0.0,1.9028206389442759
2023-10-26 00:00:00+00:00,1061483.0050927335,7.936507936503013e-05,0.0,84.23799738851945,0.0,1.9059686002973333
2023-10-27 00:00:00+00:00,1061567.2497756775,7.936507936512303e-05,0.0,84.24468294386774,0.0,1.8486983946998121
2023-10-30 00:00:00+00:00,1061651.5011447072,7.936507936501674e-05,0.0,84.25136902981568,0.0,1.8560265026293954
2023-10-31 00:00:00+00:00,1061735.7592003536,7.936507936511028e-05,0.0,84.25805564640534,0.0,1.8514783905023076
2023-11-01 00:00:00+00:00,1061820.0239431474,7.936507936514463e-05,0.0,84.26474279367886,0.0,1.8457146685700399
2023-11-02 00:00:00+00:00,1061904.295373619,7.936507936508015e-05,0.0,84.27143047167836,0.0,1.8563832348768665
2023-11-03 00:00:00+00:00,1061988.5734922995,7.936507936509645e-05,0.0,84.27811868044596,0.0,1.8581535879025393
2023-11-06 00:00:00+00:00,1062072.8582997196,7.936507936515385e-05,0.0,84.28480742002377,0.0,1.8642015632543631
2023-11-07 00:00:00+00:00,1062157.14979641,7.936507936499346e-05,0.0,84.29149669045394,0.0,1.8568267969706715
2023-11-08 00:00:00+00:00,1062241.4479829017,7.936507936501406e-05,0.0,84.29818649177857,0.0,1.85057128641578
2023-11-09 00:00:00+00:00,1062325.7528597258,7.936507936517594e-05,0.0,84.30487682403982,0.0,1.8481393222356868
2023-11-10 00:00:00+00:00,1062410.064427413,7.936507936500107e-05,0.0,84.31156768727983,0.0,1.849507468567129
2023-11-13 00:00:00+00:00,1062494.3826864946,7.936507936510734e-05,0.0,84.31825908154072,0.0,1.849968071165358
2023-11-14 00:00:00+00:00,1062578.7076375014,7.93650793650167e-05,0.0,84.32495100686465,0.0,1.8612098607056393
2023-11-15 00:00:00+00:00,1062663.0392809648,7.936507936512782e-05,0.0,84.33164346329376,0.0,1.8680354387360958
2023-11-16 00:00:00+00:00,1062747.3776174157,7.936507936518184e-05,0.0,84.33833645087022,0.0,1.8509577279507283
2023-11-17 00:00:00+00:00,1062831.7226473854,7.936507936513913e-05,0.0,84.34502996963617,0.0,1.852589869152116
2023-11-20 00:00:00+00:00,1062916.0743714052,7.936507936517911e-05,0.0,84.35172401963376,0.0,1.854597541819638
2023-11-21 00:00:00+00:00,1063000.432790006,7.936507936504304e-05,0.0,84.35841860090517,0.0,1.8516236313841632
2023-11-22 00:00:00+00:00,1063084.7979037196,7.93650793651294e-05,0.0,84.36511371349255,0.0,1.856725382331899
2023-11-24 00:00:00+00:00,1063169.1697130771,7.93650793651794e-05,0.0,84.37180935743807,0.0,1.858111099718895
2023-11-27 00:00:00+00:00,1063253.54821861,7.93650793651534e-05,0.0,84.3785055327839,0.0,1.8592546637795024
2023-11-28 00:00:00+00:00,1063337.9334208495,7.936507936501178e-05,0.0,84.38520223957222,0.0,1.8657281933938852
2023-11-29 00:00:00+00:00,1063422.3253203274,7.93650793651528e-05,0.0,84.3918994778452,0.0,1.863819321173327
2023-11-30 00:00:00+00:00,1063506.723917575,7.936507936509884e-05,0.0,84.39859724764503,0.0,1.858165069934648
2023-12-01 00:00:00+00:00,1063591.129213124,7.936507936502922e-05,0.0,84.4052955490139,0.0,1.8683857339004373
2023-12-04 00:00:00+00:00,1063675.541207506,7.936507936512318e-05,0.0,84.41199438199398,0.0,1.8707361912481426
2023-12-05 00:00:00+00:00,1063759.9599012528,7.936507936512212e-05,0.0,84.41869374662747,0.0,1.870757119850719
2023-12-06 00:00:00+00:00,1063844.3852948956,7.93650793649864e-05,0.0,84.42539364295656,0.0,1.8759511125359984
2023-12-07 00:00:00+00:00,1063928.8173889667,7.93650793651141e-05,0.0,84.43209407102346,0.0,1.880493872556475
2023-12-08 00:00:00+00:00,1064013.2561839975,7.936507936502781e-05,0.0,84.43879503087037,0.0,1.8875284625393962
2023-12-11 00:00:00+00:00,1064097.70168052,7.936507936512558e-05,0.0,84.44549652253949,0.0,1.8852283369162754
2023-12-12 00:00:00+00:00,1064182.1538790662,7.936507936514886e-05,0.0,84.45219854607302,0.0,1.8847343470441071
2023-12-13 00:00:00+00:00,1064266.6127801677,7.936507936505802e-05,0.0,84.45890110151319,0.0,1.8932952004474437
2023-12-14 00:00:00+00:00,1064351.0783843566,7.93650793650322e-05,0.0,84.4656041889022,0.0,1.9108783834158265
2023-12-15 00:00:00+00:00,1064435.5506921648,7.936507936503173e-05,0.0,84.47230780828227,0.0,1.914314173119814
2023-12-18 00:00:00+00:00,1064520.0297041244,7.93650793650169e-05,0.0,84.47901195969563,0.0,1.908222846902063
2023-12-19 00:00:00+00:00,1064604.5154207677,7.93650793651668e-05,0.0,84.48571664318447,0.0,1.9131095658701143
2023-12-20 00:00:00+00:00,1064689.0078426264,7.93650793650043e-05,0.0,84.49242185879109,0.0,1.915261469269859
2023-12-21 00:00:00+00:00,1064773.506970233,7.936507936514587e-05,0.0,84.49912760655765,0.0,1.9146816422039734
2023-12-22 00:00:00+00:00,1064858.0128041196,7.936507936511444e-05,0.0,84.50583388652643,0.0,1.9161449403335098
2023-12-26 00:00:00+00:00,1064942.5253448184,7.936507936508903e-05,0.0,84.51254069873966,0.0,1.9246446388295513
2023-12-27 00:00:00+00:00,1065027.0445928616,7.936507936502998e-05,0.0,84.51924804323956,0.0,1.9219539685994471
2023-12-28 00:00:00+00:00,1065111.5705487817,7.936507936511625e-05,0.0,84.52595592006838,0.0,1.919315514676978
2023-12-29 00:00:00+00:00,1065196.103213111,7.936507936508953e-05,0.0,84.53266432926839,0.0,1.914564027199611
2024-01-02 00:00:00+00:00,1065280.6425863819,7.936507936512878e-05,0.0,84.53937327088182,0.0,1.9051709620458186
2024-01-03 00:00:00+00:00,1065365.1886691267,7.936507936497572e-05,0.0,84.54608274495094,0.0,1.9195934318335772
2024-01-04 00:00:00+00:00,1065449.7414618782,7.936507936502787e-05,0.0,84.552792751518,0.0,1.9142488409939413
2024-01-05 00:00:00+00:00,1065534.3009651687,7.936507936502696e-05,0.0,84.55950329062526,0.0,1.910952688990669
2024-01-08 00:00:00+00:00,1065618.8671795311,7.936507936515184e-05,0.0,84.56621436231498,0.0,1.9150639744477767
2024-01-09 00:00:00+00:00,1065703.4401054978,7.936507936514432e-05,0.0,84.57292596662946,0.0,1.898424333595862
2024-01-10 00:00:00+00:00,1065788.0197436016,7.936507936518326e-05,0.0,84.57963810361093,0.0,1.8963604603246735
2024-01-11 00:00:00+00:00,1065872.6060943748,7.936507936501052e-05,0.0,84.58635077330172,0.0,1.9004238784995513
2024-01-12 00:00:00+00:00,1065957.1991583505,7.936507936502337e-05,0.0,84.59306397574403,0.0,1.9058860202979342
2024-01-16 00:00:00+00:00,1066041.7989360616,7.936507936518209e-05,0.0,84.59977771098019,0.0,1.8973091438327665
2024-01-17 00:00:00+00:00,1066126.4054280405,7.936507936501017e-05,0.0,84.6064919790525,0.0,1.8982071210586673
2024-01-18 00:00:00+00:00,1066211.0186348206,7.93650793651232e-05,0.0,84.61320678000321,0.0,1.8910023960526932
2024-01-19 00:00:00+00:00,1066295.6385569344,7.936507936504468e-05,0.0,84.61992211387465,0.0,1.89152838166894
2024-01-22 00:00:00+00:00,1066380.2651949152,7.936507936517174e-05,0.0,84.62663798070908,0.0,1.8951781188977952
2024-01-23 00:00:00+00:00,1066464.8985492957,7.936507936502793e-05,0.0,84.63335438054882,0.0,1.8848165369184762
2024-01-24 00:00:00+00:00,1066549.538620609,7.936507936501036e-05,0.0,84.64007131343617,0.0,1.892754513333403
2024-01-25 00:00:00+00:00,1066634.1854093885,7.936507936507928e-05,0.0,84.64678877941341,0.0,1.9002808619310119
2024-01-26 00:00:00+00:00,1066718.838916167,7.936507936497673e-05,0.0,84.6535067785229,0.0,1.8985163453700356
2024-01-29 00:00:00+00:00,1066803.4991414777,7.936507936509965e-05,0.0,84.6602253108069,0.0,1.8975955562541946
2024-01-30 00:00:00+00:00,1066888.166085854,7.936507936497179e-05,0.0,84.66694437630775,0.0,1.893179350383479
2024-01-31 00:00:00+00:00,1066972.839749829,7.936507936499001e-05,0.0,84.67366397506777,0.0,1.8871143118511582
2024-02-01 00:00:00+00:00,1067057.520133936,7.936507936511463e-05,0.0,84.68038410712929,0.0,1.8927297594480423
2024-02-02 00:00:00+00:00,1067142.2072387086,7.936507936508773e-05,0.0,84.68710477253461,0.0,1.9266904671451939
2024-02-05 00:00:00+00:00,1067226.90106468,7.936507936508789e-05,0.0,84.69382597132608,0.0,1.9295893723436488
2024-02-06 00:00:00+00:00,1067311.6016123835,7.936507936507542e-05,0.0,84.70054770354602,0.0,1.925181018679043
2024-02-07 00:00:00+00:00,1067396.3088823527,7.936507936501067e-05,0.0,84.70726996923679,0.0,1.9244571638788557
2024-02-08 00:00:00+00:00,1067481.022875121,7.936507936507211e-05,0.0,84.71399276844069,0.0,1.9257501682615037
2024-02-09 00:00:00+00:00,1067565.7435912222,7.936507936500194e-05,0.0,84.72071610120008,0.0,1.9202285168344315
2024-02-12 00:00:00+00:00,1067650.4710311897,7.93650793649786e-05,0.0,84.72743996755732,0.0,1.9177310164914436
2024-02-13 00:00:00+00:00,1067735.2051955573,7.936507936518053e-05,0.0,84.73416436755474,0.0,1.9192204851350887
2024-02-14 00:00:00+00:00,1067819.9460848586,7.936507936513184e-05,0.0,84.7408893012347,0.0,1.927236945829116
2024-02-15 00:00:00+00:00,1067904.6936996272,7.936507936501099e-05,0.0,84.74761476863958,0.0,1.930472254774624
2024-02-16 00:00:00+00:00,1067989.448040397,7.936507936499638e-05,0.0,84.75434076981168,0.0,1.9308601499138924
2024-02-20 00:00:00+00:00,1068074.2091077017,7.936507936504829e-05,0.0,84.7610673047934,0.0,1.9343728070803006
2024-02-21 00:00:00+00:00,1068158.9769020753,7.936507936512704e-05,0.0,84.76779437362711,0.0,1.9285665120502982
2024-02-22 00:00:00+00:00,1068243.7514240516,7.9365079364975e-05,0.0,84.77452197635519,0.0,1.9286227390566717
2024-02-23 00:00:00+00:00,1068328.5326741645,7.936507936498847e-05,0.0,84.78125011301996,0.0,1.9306662437890063
2024-02-26 00:00:00+00:00,1068413.3206529482,7.936507936512772e-05,0.0,84.78797878366385,0.0,1.9188557524942196
2024-02-27 00:00:00+00:00,1068498.1153609366,7.936507936513516e-05,0.0,84.79470798832922,0.0,1.9123639520647524
2024-02-28 00:00:00+00:00,1068582.9167986636,7.936507936497113e-05,0.0,84.80143772705846,0.0,1.9112894513171157
2024-02-29 00:00:00+00:00,1068667.7249666634,7.936507936503182e-05,0.0,84.80816799989394,0.0,1.907584773822557
2024-03-01 00:00:00+00:00,1068752.5398654703,7.936507936505962e-05,0.0,84.81489880687805,0.0,1.9053995446476262
2024-03-04 00:00:00+00:00,1068837.3614956182,7.936507936501485e-05,0.0,84.82163014805319,0.0,1.8885909419480873
2024-03-05 00:00:00+00:00,1068922.1898576417,7.936507936507573e-05,0.0,84.82836202346176,0.0,1.886129102494738
2024-03-06 00:00:00+00:00,1069007.0249520747,7.936507936498474e-05,0.0,84.83509443314617,0.0,1.8696477960489575
2024-03-07 00:00:00+00:00,1069091.866779452,7.936507936513784e-05,0.0,84.84182737714879,0.0,1.8726082919855558
2024-03-08 00:00:00+00:00,1069176.7153403074,7.936507936505974e-05,0.0,84.84856085551206,0.0,1.870437648178871
2024-03-11 00:00:00+00:00,1069261.5706351758,7.936507936514638e-05,0.0,84.85529486827836,0.0,1.8807876255641736
2024-03-12 00:00:00+00:00,1069346.4326645914,7.93650793651403e-05,0.0,84.86202941549014,0.0,1.881717194563254
2024-03-13 00:00:00+00:00,1069431.3014290885,7.936507936500184e-05,0.0,84.86876449718979,0.0,1.890659974580506
2024-03-14 00:00:00+00:00,1069516.176929202,7.936507936512683e-05,0.0,84.87550011341972,0.0,1.890434646841355
2024-03-15 00:00:00+00:00,1069601.059165466,7.936507936504012e-05,0.0,84.88223626422237,0.0,1.8911279577717677
2024-03-18 00:00:00+00:00,1069685.9481384158,7.936507936513745e-05,0.0,84.88897294964016,0.0,1.8821294307385026
2024-03-19 00:00:00+00:00,1069770.8438485856,7.936507936516145e-05,0.0,84.89571016971554,0.0,1.8852867199131338
2024-03-20 00:00:00+00:00,1069855.74629651,7.93650793650725e-05,0.0,84.90244792449093,0.0,1.8753154225006017
2024-03-21 00:00:00+00:00,1069940.655482724,7.936507936504855e-05,0.0,84.90918621400874,0.0,1.8708968895213705
2024-03-22 00:00:00+00:00,1070025.5714077624,7.936507936504996e-05,0.0,84.91592503831143,0.0,1.8714127037731423
2024-03-25 00:00:00+00:00,1070110.4940721598,7.936507936503703e-05,0.0,84.92266439744145,0.0,1.875426733708168
2024-03-26 00:00:00+00:00,1070195.4234764513,7.936507936518766e-05,0.0,84.92940429144124,0.0,1.8719227324968242
2024-03-27 00:00:00+00:00,1070280.3596211716,7.936507936502707e-05,0.0,84.93614472035328,0.0,1.8727266742560458
2024-03-28 00:00:00+00:00,1070365.302506856,7.936507936516827e-05,0.0,84.94288568421997,0.0,1.8743498942140198
2024-04-01 00:00:00+00:00,1070450.252134039,7.936507936513646e-05,0.0,84.9496271830838,0.0,1.9893392174462816
2024-04-02 00:00:00+00:00,1070535.208503256,7.936507936510955e-05,0.0,84.95636921698723,0.0,1.982991338402055
2024-04-03 00:00:00+00:00,1070620.171615042,7.936507936504784e-05,0.0,84.9631117859727,0.0,1.9870124711702761
2024-04-04 00:00:00+00:00,1070705.1414699322,7.93650793651292e-05,0.0,84.9698548900827,0.0,1.987625418115956
2024-04-05 00:00:00+00:00,1070790.1180684615,7.936507936509641e-05,0.0,84.97659852935969,0.0,1.9810691425892588
2024-04-08 00:00:00+00:00,1070875.1014111654,7.936507936512733e-05,0.0,84.98334270384615,0.0,1.985520899679396
2024-04-09 00:00:00+00:00,1070960.0914985791,7.936507936518223e-05,0.0,84.99008741358456,0.0,1.9844926162348013
2024-04-10 00:00:00+00:00,1071045.0883312377,7.936507936500405e-05,0.0,84.9968326586174,0.0,1.9838300389883448
2024-04-11 00:00:00+00:00,1071130.0919096766,7.936507936498798e-05,0.0,85.00357843898712,0.0,1.980469552266543
2024-04-12 00:00:00+00:00,1071215.1022344313,7.936507936509429e-05,0.0,85.01032475473623,0.0,1.968683822222205
2024-04-15 00:00:00+00:00,1071300.1193060372,7.936507936506592e-05,0.0,85.01707160590725,0.0,1.9660487923273369
2024-04-16 00:00:00+00:00,1071385.1431250297,7.936507936508061e-05,0.0,85.02381899254263,0.0,1.9576338300603786
2024-04-17 00:00:00+00:00,1071470.1736919445,7.936507936509865e-05,0.0,85.0305669146849,0.0,1.9629944122747025
2024-04-18 00:00:00+00:00,1071555.2110073168,7.936507936508038e-05,0.0,85.03731537237654,0.0,1.9704965834371375
2024-04-19 00:00:00+00:00,1071640.2550716824,7.936507936498616e-05,0.0,85.04406436566006,0.0,1.9770644744171766
2024-04-22 00:00:00+00:00,1071725.3058855769,7.936507936499359e-05,0.0,85.05081389457797,0.0,1.9872571096402805
2024-04-23 00:00:00+00:00,1071810.363449536,7.936507936506301e-05,0.0,85.05756395917277,0.0,1.9892654925188835
2024-04-24 00:00:00+00:00,1071895.4277640956,7.936507936515469e-05,0.0,85.06431455948699,0.0,1.9942887949820243
2024-04-25 00:00:00+00:00,1071980.498829791,7.936507936501177e-05,0.0,85.07106569556315,0.0,2.002595003992394
2024-04-26 00:00:00+00:00,1072065.5766471585,7.936507936502904e-05,0.0,85.07781736744374,0.0,2.0276745665519487
2024-04-29 00:00:00+00:00,1072150.6612167337,7.93650793651668e-05,0.0,85.0845695751713,0.0,2.0185617884812768
2024-04-30 00:00:00+00:00,1072235.7525390526,7.936507936516817e-05,0.0,85.09132231878839,0.0,1.9958869845774583
2024-05-01 00:00:00+00:00,1072320.8506146509,7.936507936499354e-05,0.0,85.09807559833752,0.0,1.9996036806356416
2024-05-02 00:00:00+00:00,1072405.9554440647,7.936507936503754e-05,0.0,85.10482941386118,0.0,2.0019844388297905
2024-05-03 00:00:00+00:00,1072491.06702783,7.936507936504333e-05,0.0,85.11158376540196,0.0,2.0009385761949603
2024-05-06 00:00:00+00:00,1072576.185366483,7.936507936497127e-05,0.0,85.11833865300238,0.0,2.010289574182839
2024-05-07 00:00:00+00:00,1072661.3104605596,7.936507936499877e-05,0.0,85.125094076705,0.0,2.0160891362984286
2024-05-08 00:00:00+00:00,1072746.4423105961,7.936507936508615e-05,0.0,85.13185003655235,0.0,2.0151633094532198
2024-05-09 00:00:00+00:00,1072831.5809171286,7.936507936497668e-05,0.0,85.13860653258699,0.0,2.0195274402722654
2024-05-10 00:00:00+00:00,1072916.7262806934,7.936507936506481e-05,0.0,85.14536356485148,0.0,2.0254989622083874
2024-05-13 00:00:00+00:00,1073001.8784018268,7.93650793650938e-05,0.0,85.15212113338836,0.0,2.016560361054212
2024-05-14 00:00:00+00:00,1073087.037281065,7.9365079365024e-05,0.0,85.15887923824023,0.0,2.0120616159276503
2024-05-15 00:00:00+00:00,1073172.2029189444,7.936507936503274e-05,0.0,85.1656378794496,0.0,2.004945091782206
2024-05-16 00:00:00+00:00,1073257.3753160015,7.936507936508037e-05,0.0,85.17239705705909,0.0,1.9956904007333804
2024-05-17 00:00:00+00:00,1073342.5544727726,7.936507936512716e-05,0.0,85.17915677111122,0.0,1.997339584275017
2024-05-20 00:00:00+00:00,1073427.7403897943,7.936507936513348e-05,0.0,85.18591702164862,0.0,1.9936668880403596
2024-05-21 00:00:00+00:00,1073512.933067603,7.936507936505966e-05,0.0,85.19267780871384,0.0,1.989473568214858
2024-05-22 00:00:00+00:00,1073598.1325067354,7.936507936508294e-05,0.0,85.19943913234945,0.0,1.9878363489701782
2024-05-23 00:00:00+00:00,1073683.338707728,7.936507936516365e-05,0.0,85.20620099259804,0.0,1.99568215051081
2024-05-24 00:00:00+00:00,1073768.5516711175,7.936507936504524e-05,0.0,85.21296338950224,0.0,2.000155610886325
2024-05-28 00:00:00+00:00,1073853.7713974407,7.936507936512177e-05,0.0,85.21972632310457,0.0,2.0016512274366245
2024-05-29 00:00:00+00:00,1073938.9978872342,7.93650793651367e-05,0.0,85.22648979344767,0.0,1.993555908231289
2024-05-30 00:00:00+00:00,1074024.2311410347,7.936507936505039e-05,0.0,85.23325380057415,0.0,1.9998550799477934
2024-05-31 00:00:00+00:00,1074109.4711593792,7.936507936503998e-05,0.0,85.24001834452656,0.0,2.0071867338823144
2024-06-03 00:00:00+00:00,1074194.7179428046,7.936507936506579e-05,0.0,85.24678342534756,0.0,1.9943380337050196
2024-06-04 00:00:00+00:00,1074279.9714918477,7.936507936508813e-05,0.0,85.25354904307973,0.0,1.9942930958839136
2024-06-05 00:00:00+00:00,1074365.2318070454,7.936507936506736e-05,0.0,85.26031519776569,0.0,1.9842069002880778
2024-06-06 00:00:00+00:00,1074450.498888935,7.936507936518052e-05,0.0,85.26708188944805,0.0,1.9852046781195667
2024-06-07 00:00:00+00:00,1074535.7727380532,7.93650793651712e-05,0.0,85.27384911816944,0.0,1.995010081660444
2024-06-10 00:00:00+00:00,1074621.0533549371,7.93650793649998e-05,0.0,85.28061688397248,0.0,1.9958687719107564
2024-06-11 00:00:00+00:00,1074706.340740124,7.936507936506e-05,0.0,85.28738518689977,0.0,1.9996148771789288
2024-06-12 00:00:00+00:00,1074791.634894151,7.936507936509544e-05,0.0,85.29415402699397,0.0,1.9928668989321752
2024-06-13 00:00:00+00:00,1074876.9358175553,7.936507936506645e-05,0.0,85.3009234042977,0.0,1.9881607633559306
2024-06-14 00:00:00+00:00,1074962.2435108742,7.936507936515e-05,0.0,85.3076933188536,0.0,1.9919918451054826
2024-06-17 00:00:00+00:00,1075047.557974645,7.93650793650898e-05,0.0,85.31446377070431,0.0,2.000927550345605
2024-06-18 00:00:00+00:00,1075132.8792094048,7.936507936506279e-05,0.0,85.32123475989246,0.0,1.9950771107624505
2024-06-20 00:00:00+00:00,1075218.2072156912,7.936507936502932e-05,0.0,85.3280062864607,0.0,2.002704343192986
2024-06-21 00:00:00+00:00,1075303.5419940418,7.936507936516624e-05,0.0,85.33477835045169,0.0,1.9997799500518023
2024-06-24 00:00:00+00:00,1075388.8835449936,7.93650793650008e-05,0.0,85.34155095190808,0.0,2.0061088660081294
2024-06-25 00:00:00+00:00,1075474.2318690845,7.936507936514294e-05,0.0,85.34832409087251,0.0,2.000044272361153
2024-06-26 00:00:00+00:00,1075559.586966852,7.936507936511993e-05,0.0,85.35509776738766,0.0,1.9825537694628044
2024-06-27 00:00:00+00:00,1075644.9488388335,7.936507936510862e-05,0.0,85.3618719814962,0.0,1.9833957932945983
2024-06-28 00:00:00+00:00,1075730.3174855667,7.936507936506935e-05,0.0,85.36864673324075,0.0,1.9831965748402598
2024-07-01 00:00:00+00:00,1075815.6929075895,7.93650793651789e-05,0.0,85.37542202266403,0.0,2.0105256126199733
2024-07-02 00:00:00+00:00,1075901.0751054394,7.936507936518112e-05,0.0,85.38219784980869,0.0,2.016574693687599
2024-07-03 00:00:00+00:00,1075986.464079654,7.936507936503639e-05,0.0,85.38897421471741,0.0,2.0106834053560676
2024-07-05 00:00:00+00:00,1076071.8598307716,7.936507936513787e-05,0.0,85.39575111743287,0.0,2.0053570416815116
2024-07-08 00:00:00+00:00,1076157.2623593295,7.936507936501308e-05,0.0,85.40252855799774,0.0,2.0133060318379132
2024-07-09 00:00:00+00:00,1076242.671665866,7.936507936505512e-05,0.0,85.40930653645472,0.0,2.0117829041865694
2024-07-10 00:00:00+00:00,1076328.0877509187,7.936507936500794e-05,0.0,85.4160850528465,0.0,2.0193145551632785
2024-07-11 00:00:00+00:00,1076413.5106150259,7.936507936504822e-05,0.0,85.42286410721577,0.0,2.0120532140242853
2024-07-12 00:00:00+00:00,1076498.9402587255,7.936507936513627e-05,0.0,85.42964369960522,0.0,2.0167309104257045
2024-07-15 00:00:00+00:00,1076584.3766825555,7.936507936501613e-05,0.0,85.43642383005758,0.0,2.0182934628272347
2024-07-16 00:00:00+00:00,1076669.8198870542,7.936507936508072e-05,0.0,85.44320449861551,0.0,2.011063980271679
2024-07-17 00:00:00+00:00,1076755.2698727595,7.936507936507408e-05,0.0,85.44998570532175,0.0,2.026269251360288
2024-07-18 00:00:00+00:00,1076840.7266402098,7.93650793651728e-05,0.0,85.456767450219,0.0,2.0239784081107532
2024-07-19 00:00:00+00:00,1076926.1901899432,7.936507936512094e-05,0.0,85.46354973334998,0.0,2.02036927393558
2024-07-22 00:00:00+00:00,1077011.660522498,7.936507936509511e-05,0.0,85.47033255475739,0.0,2.011551479694526
2024-07-23 00:00:00+00:00,1077097.1376384124,7.936507936505563e-05,0.0,85.47711591448396,0.0,2.004795919410308
2024-07-24 00:00:00+00:00,1077182.621538225,7.9365079365179e-05,0.0,85.48389981257242,0.0,2.000536285874859
2024-07-25 00:00:00+00:00,1077268.112222474,7.936507936499321e-05,0.0,85.49068424906548,0.0,2.0040304019416006
2024-07-26 00:00:00+00:00,1077353.609691698,7.936507936510708e-05,0.0,85.49746922400588,0.0,2.0068394791731223
2024-07-29 00:00:00+00:00,1077439.1139464355,7.936507936504863e-05,0.0,85.50425473743636,0.0,2.0056097770547945
2024-07-30 00:00:00+00:00,1077524.6249872248,7.936507936499434e-05,0.0,85.51104078939964,0.0,2.013350691440514
2024-07-31 00:00:00+00:00,1077610.1428146048,7.93650793651206e-05,0.0,85.51782737993848,0.0,2.0217627515236294
2024-08-01 00:00:00+00:00,1077695.667429114,7.936507936517167e-05,0.0,85.52461450909561,0.0,1.976571897875178
2024-08-02 00:00:00+00:00,1077781.198831291,7.936507936510788e-05,0.0,85.53140217691382,0.0,1.949765378511259
2024-08-05 00:00:00+00:00,1077866.7370216744,7.936507936510563e-05,0.0,85.53819038343579,0.0,1.9367430114523931
2024-08-06 00:00:00+00:00,1077952.2820008032,7.936507936512524e-05,0.0,85.54497912870431,0.0,1.9276099771893063
2024-08-07 00:00:00+00:00,1078037.833769216,7.936507936512704e-05,0.0,85.55176841276216,0.0,1.9133262829427484
2024-08-08 00:00:00+00:00,1078123.3923274516,7.936507936507136e-05,0.0,85.55855823565206,0.0,1.9160208041295697
2024-08-09 00:00:00+00:00,1078208.957676049,7.936507936513452e-05,0.0,85.5653485974168,0.0,1.9174031862528125
2024-08-12 00:00:00+00:00,1078294.5298155472,7.936507936506088e-05,0.0,85.57213949809913,0.0,1.9131641551511254
2024-08-13 00:00:00+00:00,1078380.1087464849,7.936507936502673e-05,0.0,85.57893093774184,0.0,1.9133827525733453
2024-08-14 00:00:00+00:00,1078465.6944694011,7.936507936499238e-05,0.0,85.58572291638768,0.0,1.9100469260678006
2024-08-15 00:00:00+00:00,1078551.2869848353,7.936507936513409e-05,0.0,85.59251543407946,0.0,1.9267056657095547
2024-08-16 00:00:00+00:00,1078636.886293326,7.936507936498038e-05,0.0,85.59930849085994,0.0,1.932658969696305
2024-08-19 00:00:00+00:00,1078722.4923954129,7.936507936513923e-05,0.0,85.60610208677191,0.0,1.927879201871061
2024-08-20 00:00:00+00:00,1078808.1052916348,7.93650793651392e-05,0.0,85.61289622185816,0.0,1.935258271010151
2024-08-21 00:00:00+00:00,1078893.724982531,7.936507936515652e-05,0.0,85.61969089616149,0.0,1.9421048284814555
2024-08-22 00:00:00+00:00,1078979.3514686408,7.936507936515149e-05,0.0,85.62648610972468,0.0,1.9404310681992203
2024-08-23 00:00:00+00:00,1079064.9847505034,7.936507936508447e-05,0.0,85.63328186259055,0.0,1.9439414245570483
2024-08-26 00:00:00+00:00,1079150.6248286583,7.936507936513158e-05,0.0,85.64007815480186,0.0,1.9366316700817054
2024-08-27 00:00:00+00:00,1079236.2717036447,7.936507936503737e-05,0.0,85.64687498640146,0.0,1.9311902202415356
2024-08-28 00:00:00+00:00,1079321.925376002,7.936507936497794e-05,0.0,85.65367235743211,0.0,1.933478543103992
2024-08-29 00:00:00+00:00,1079407.58584627,7.936507936512935e-05,0.0,85.66047026793666,0.0,1.9342332312849084
2024-08-30 00:00:00+00:00,1079493.2531149879,7.936507936502044e-05,0.0,85.66726871795794,0.0,1.9374698153216356
2024-09-03 00:00:00+00:00,1079578.9271826954,7.936507936504302e-05,0.0,85.67406770753873,0.0,1.9298297911620033
2024-09-04 00:00:00+00:00,1079664.6080499322,7.936507936515739e-05,0.0,85.68086723672185,0.0,1.9188185480749014
2024-09-05 00:00:00+00:00,1079750.2957172378,7.936507936510816e-05,0.0,85.68766730555018,0.0,1.915926004535883
2024-09-06 00:00:00+00:00,1079835.9901851518,7.936507936507141e-05,0.0,85.6944679140665,0.0,1.9017566972452866
2024-09-09 00:00:00+00:00,1079921.691454214,7.936507936500743e-05,0.0,85.70126906231364,0.0,1.8992890510329317
2024-09-10 00:00:00+00:00,1080007.3995249644,7.936507936509216e-05,0.0,85.70807075033444,0.0,1.907566832658639
2024-09-11 00:00:00+00:00,1080093.1143979426,7.936507936507033e-05,0.0,85.71487297817178,0.0,1.9155177097758314
2024-09-12 00:00:00+00:00,1080178.8360736885,7.936507936511785e-05,0.0,85.72167574586845,0.0,1.91443401309416
2024-09-13 00:00:00+00:00,1080264.5645527418,7.936507936497951e-05,0.0,85.72847905346734,0.0,1.9248979152059111
2024-09-16 00:00:00+00:00,1080350.2998356428,7.936507936504674e-05,0.0,85.73528290101126,0.0,1.92689460219376
2024-09-17 00:00:00+00:00,1080436.0419229313,7.936507936506431e-05,0.0,85.74208728854308,0.0,1.9290134596638442
2024-09-18 00:00:00+00:00,1080521.7908151473,7.936507936499256e-05,0.0,85.74889221610566,0.0,1.9291155654351981
2024-09-19 00:00:00+00:00,1080607.546512831,7.936507936500735e-05,0.0,85.75569768374186,0.0,1.9269933826794077
2024-09-20 00:00:00+00:00,1080693.3090165225,7.936507936506897e-05,0.0,85.76250369149453,0.0,1.9368803457930608
2024-09-23 00:00:00+00:00,1080779.078326762,7.936507936513774e-05,0.0,85.76931023940655,0.0,1.9346377002260957
2024-09-24 00:00:00+00:00,1080864.8544440896,7.9365079365174e-05,0.0,85.7761173275208,0.0,1.9384424266326281
2024-09-25 00:00:00+00:00,1080950.6373690455,7.936507936513809e-05,0.0,85.78292495588012,0.0,1.927525087124935
2024-09-26 00:00:00+00:00,1081036.42710217,7.936507936499037e-05,0.0,85.78973312452742,0.0,1.924895436593951
2024-09-27 00:00:00+00:00,1081122.2236440035,7.936507936512196e-05,0.0,85.79654183350556,0.0,1.9323828225379347
2024-09-30 00:00:00+00:00,1081208.0269950863,7.93650793650624e-05,0.0,85.80335108285742,0.0,1.9360734639553714
2024-10-01 00:00:00+00:00,1081293.8371559589,7.93650793649874e-05,0.0,85.8101608726259,0.0,2.1260826494323783
2024-10-02 00:00:00+00:00,1081379.6541271617,7.936507936507264e-05,0.0,85.81697120285388,0.0,2.122517256315838
2024-10-03 00:00:00+00:00,1081465.4779092353,7.936507936506312e-05,0.0,85.82378207358427,0.0,2.1220231427020573
2024-10-04 00:00:00+00:00,1081551.3085027202,7.936507936513446e-05,0.0,85.83059348485995,0.0,2.1069977147951877
2024-10-07 00:00:00+00:00,1081637.1459081569,7.93650793650317e-05,0.0,85.83740543672383,0.0,2.106078225664938
2024-10-08 00:00:00+00:00,1081722.9901260862,7.936507936514576e-05,0.0,85.8442179292188,0.0,2.10777110542086
2024-10-09 00:00:00+00:00,1081808.8411570485,7.936507936500641e-05,0.0,85.8510309623878,0.0,2.1126199360577096
2024-10-10 00:00:00+00:00,1081894.6990015847,7.936507936500451e-05,0.0,85.85784453627369,0.0,2.1145571438508757
2024-10-11 00:00:00+00:00,1081980.5636602356,7.936507936510037e-05,0.0,85.86465865091942,0.0,2.119739910452509
2024-10-14 00:00:00+00:00,1082066.435133542,7.93650793650391e-05,0.0,85.8714733063679,0.0,2.1147512635561134
2024-10-15 00:00:00+00:00,1082152.3134220445,7.936507936499623e-05,0.0,85.87828850266206,0.0,2.1098343922444833
2024-10-16 00:00:00+00:00,1082238.1985262844,7.936507936514728e-05,0.0,85.88510423984481,0.0,2.1142922668912743
2024-10-17 00:00:00+00:00,1082324.0904468023,7.936507936502221e-05,0.0,85.89192051795908,0.0,2.131621502524563
2024-10-18 00:00:00+00:00,1082409.9891841393,7.936507936501172e-05,0.0,85.8987373370478,0.0,2.1304822723684977
2024-10-21 00:00:00+00:00,1082495.8947388364,7.936507936507609e-05,0.0,85.90555469715392,0.0,2.132019340619845
2024-10-22 00:00:00+00:00,1082581.8071114349,7.936507936517563e-05,0.0,85.91237259832036,0.0,2.1281701538852102
2024-10-23 00:00:00+00:00,1082667.7263024754,7.93650793650556e-05,0.0,85.91919104059006,0.0,2.12889626026328
2024-10-24 00:00:00+00:00,1082753.6523124995,7.936507936510648e-05,0.0,85.92601002400599,0.0,2.1317641157195295
2024-10-25 00:00:00+00:00,1082839.585142048,7.936507936507356e-05,0.0,85.93282954861107,0.0,2.1357659525889123
2024-10-28 00:00:00+00:00,1082925.5247916626,7.936507936513219e-05,0.0,85.93964961444826,0.0,2.1344121550104815
2024-10-29 00:00:00+00:00,1083011.471261884,7.93650793650277e-05,0.0,85.94647022156052,0.0,2.1306135724277744
2024-10-30 00:00:00+00:00,1083097.4245532542,7.936507936515041e-05,0.0,85.9532913699908,0.0,2.131772664591379
2024-10-31 00:00:00+00:00,1083183.3846663139,7.936507936503067e-05,0.0,85.96011305978207,0.0,2.1337174572419775
2024-11-01 00:00:00+00:00,1083269.3516016048,7.936507936505879e-05,0.0,85.96693529097729,0.0,2.1708985577469635
2024-11-04 00:00:00+00:00,1083355.3253596683,7.936507936498012e-05,0.0,85.97375806361943,0.0,2.158530844088745
2024-11-05 00:00:00+00:00,1083441.3059410462,7.936507936518486e-05,0.0,85.98058137775146,0.0,2.1536897018875885
2024-11-06 00:00:00+00:00,1083527.2933462795,7.936507936498856e-05,0.0,85.98740523341637,0.0,2.171154816148968
2024-11-07 00:00:00+00:00,1083613.28757591,7.936507936499633e-05,0.0,85.9942296306571,0.0,2.1633732140967163
2024-11-08 00:00:00+00:00,1083699.2886304797,7.936507936516843e-05,0.0,86.00105456951667,0.0,2.1661378249767758
2024-11-11 00:00:00+00:00,1083785.2965105297,7.936507936503545e-05,0.0,86.00788005003807,0.0,2.16549660057345
2024-11-12 00:00:00+00:00,1083871.3112166019,7.93650793649875e-05,0.0,86.01470607226426,0.0,2.1603686840920746
2024-11-13 00:00:00+00:00,1083957.332749238,7.936507936498486e-05,0.0,86.02153263623825,0.0,2.175378235544919
2024-11-14 00:00:00+00:00,1084043.36110898,7.936507936498787e-05,0.0,86.02835974200302,0.0,2.1988392074906127
2024-11-15 00:00:00+00:00,1084129.3962963696,7.936507936517163e-05,0.0,86.03518738960157,0.0,2.2032804785364735
2024-11-18 00:00:00+00:00,1084215.4383119487,7.936507936506691e-05,0.0,86.04201557907696,0.0,2.194405243479092
2024-11-19 00:00:00+00:00,1084301.4871562591,7.93650793650636e-05,0.0,86.04884431047212,0.0,2.1938804441768553
2024-11-20 00:00:00+00:00,1084387.542829843,7.936507936512201e-05,0.0,86.05567358383009,0.0,2.1978153242496914
2024-11-21 00:00:00+00:00,1084473.605333242,7.936507936498778e-05,0.0,86.06250339919389,0.0,2.1903334102993064
2024-11-22 00:00:00+00:00,1084559.6746669987,7.936507936505063e-05,0.0,86.06933375660651,0.0,2.1960119220162673
2024-11-25 00:00:00+00:00,1084645.7508316548,7.936507936505622e-05,0.0,86.076164656111,0.0,2.1890917893637476
2024-11-26 00:00:00+00:00,1084731.8338277526,7.93650793651795e-05,0.0,86.08299609775038,0.0,2.2166279503867545
2024-11-27 00:00:00+00:00,1084817.9236558343,7.936507936516618e-05,0.0,86.08982808156767,0.0,2.2157197150460926
2024-11-29 00:00:00+00:00,1084904.0203164418,7.93650793649766e-05,0.0,86.0966606076059,0.0,2.2119000531029966
2024-12-02 00:00:00+00:00,1084990.1238101176,7.936507936500038e-05,0.0,86.10349367590808,0.0,2.2151162991230913
2024-12-03 00:00:00+00:00,1085076.234137404,7.936507936498321e-05,0.0,86.11032728651728,0.0,2.21300530934783
2024-12-04 00:00:00+00:00,1085162.3512988435,7.936507936509999e-05,0.0,86.1171614394765,0.0,2.2089175944852464
2024-12-05 00:00:00+00:00,1085248.4752949784,7.936507936509647e-05,0.0,86.12399613482884,0.0,2.2130375014273413
2024-12-06 00:00:00+00:00,1085334.606126351,7.936507936514755e-05,0.0,86.13083137261734,0.0,2.1941981190135387
2024-12-09 00:00:00+00:00,1085420.7437935038,7.936507936499903e-05,0.0,86.137667152885,0.0,2.208891498929512
2024-12-10 00:00:00+00:00,1085506.8882969795,7.93650793650403e-05,0.0,86.14450347567491,0.0,2.209325194926514
2024-12-11 00:00:00+00:00,1085593.0396373204,7.93650793650172e-05,0.0,86.15134034103012,0.0,2.2089443609437955
2024-12-12 00:00:00+00:00,1085679.1978150695,7.93650793651045e-05,0.0,86.15817774899368,0.0,2.1977839999064592
2024-12-13 00:00:00+00:00,1085765.362830769,7.936507936504809e-05,0.0,86.16501569960869,0.0,2.1992161451665377
2024-12-16 00:00:00+00:00,1085851.534684962,7.936507936502274e-05,0.0,86.17185419291818,0.0,2.1842545191342366
2024-12-17 00:00:00+00:00,1085937.7133781908,7.936507936498882e-05,0.0,86.17869322896523,0.0,2.1773635946210637
2024-12-18 00:00:00+00:00,1086023.8989109986,7.936507936512104e-05,0.0,86.18553280779292,0.0,2.160464569489314
2024-12-19 00:00:00+00:00,1086110.0912839281,7.93650793651653e-05,0.0,86.19237292944433,0.0,2.1433379533386523
2024-12-20 00:00:00+00:00,1086196.290497522,7.936507936508198e-05,0.0,86.19921359396255,0.0,2.15223829709957
2024-12-23 00:00:00+00:00,1086282.4965523235,7.93650793650458e-05,0.0,86.20605480139065,0.0,2.151501681893638
2024-12-24 00:00:00+00:00,1086368.7094488752,7.936507936501708e-05,0.0,86.2128965517717,0.0,2.1566190826296534
2024-12-26 00:00:00+00:00,1086454.9291877204,7.936507936517045e-05,0.0,86.21973884514883,0.0,2.157035545039116
2024-12-27 00:00:00+00:00,1086541.155769402,7.936507936503761e-05,0.0,86.22658168156511,0.0,2.159469200380743
2024-12-30 00:00:00+00:00,1086627.389194463,7.936507936500755e-05,0.0,86.23342506106364,0.0,2.1546186677196597
2024-12-31 00:00:00+00:00,1086713.6294634466,7.936507936504056e-05,0.0,86.24026898368753,0.0,2.1579060841521107
2025-01-02 00:00:00+00:00,1086799.876576896,7.936507936509697e-05,0.0,86.24711344947988,0.0,2.1314083161176294
2025-01-03 00:00:00+00:00,1086886.1305353546,7.936507936513709e-05,0.0,86.25395845848381,0.0,2.1368021023618375
2025-01-06 00:00:00+00:00,1086972.3913393654,7.936507936512127e-05,0.0,86.26080401074243,0.0,2.1327992124490773
2025-01-07 00:00:00+00:00,1087058.6589894716,7.936507936500987e-05,0.0,86.26765010629885,0.0,2.1434535844063753
2025-01-08 00:00:00+00:00,1087144.9334862167,7.936507936497742e-05,0.0,86.27449674519616,0.0,2.157464766329301
2025-01-10 00:00:00+00:00,1087231.214830144,7.936507936498425e-05,0.0,86.28134392747752,0.0,2.178466670391617
2025-01-13 00:00:00+00:00,1087317.5030217972,7.936507936499066e-05,0.0,86.28819165318603,0.0,2.179735702724779
2025-01-14 00:00:00+00:00,1087403.7980617196,7.936507936517114e-05,0.0,86.29503992236485,0.0,2.184051962414666
2025-01-15 00:00:00+00:00,1087490.0999504547,7.936507936505772e-05,0.0,86.30188873505712,0.0,2.1837896811973705
2025-01-16 00:00:00+00:00,1087576.408688546,7.936507936503903e-05,0.0,86.30873809130593,0.0,2.1914790289337014
2025-01-17 00:00:00+00:00,1087662.724276537,7.936507936507537e-05,0.0,86.31558799115444,0.0,2.199335918718677
2025-01-21 00:00:00+00:00,1087749.0467149718,7.936507936512707e-05,0.0,86.3224384346458,0.0,2.1833726145582077
2025-01-22 00:00:00+00:00,1087835.3760043937,7.936507936515445e-05,0.0,86.32928942182316,0.0,2.1824113272475656
2025-01-23 00:00:00+00:00,1087921.7121453464,7.936507936511785e-05,0.0,86.33614095272965,0.0,2.1770087945481222
2025-01-24 00:00:00+00:00,1088008.0551383737,7.936507936497764e-05,0.0,86.34299302740845,0.0,2.1828744104012894
2025-01-27 00:00:00+00:00,1088094.4049840197,7.936507936512216e-05,0.0,86.34984564590268,0.0,2.1835341955978294
2025-01-28 00:00:00+00:00,1088180.761682828,7.936507936508372e-05,0.0,86.35669880825553,0.0,2.1905352454402927
2025-01-29 00:00:00+00:00,1088267.1252353424,7.936507936503663e-05,0.0,86.36355251451016,0.0,2.1841106553443024
2025-01-30 00:00:00+00:00,1088353.4956421072,7.936507936515523e-05,0.0,86.37040676470971,0.0,2.181986336917141
2025-01-31 00:00:00+00:00,1088439.8729036662,7.936507936518583e-05,0.0,86.3772615588974,0.0,2.1515808182930445
2025-02-03 00:00:00+00:00,1088526.2570205634,7.936507936508882e-05,0.0,86.38411689711637,0.0,2.151801426733708
2025-02-04 00:00:00+00:00,1088612.6479933427,7.936507936503845e-05,0.0,86.3909727794098,0.0,2.159554481867412
2025-02-05 00:00:00+00:00,1088699.0458225484,7.936507936499505e-05,0.0,86.39782920582086,0.0,2.159762893656774
2025-02-06 00:00:00+00:00,1088785.450508725,7.936507936513282e-05,0.0,86.40468617639273,0.0,2.1599631362750498
2025-02-07 00:00:00+00:00,1088871.862052416,7.936507936498432e-05,0.0,86.41154369116865,0.0,2.1614598123162794
2025-02-10 00:00:00+00:00,1088958.2804541662,7.936507936515149e-05,0.0,86.41840175019175,0.0,2.1717171520695473
2025-02-11 00:00:00+00:00,1089044.7057145198,7.936507936516693e-05,0.0,86.42526035350525,0.0,2.177494526978504
2025-02-12 00:00:00+00:00,1089131.137834021,7.936507936499102e-05,0.0,86.43211950115237,0.0,2.1865629428167863
2025-02-13 00:00:00+00:00,1089217.576813214,7.93650793650117e-05,0.0,86.43897919317627,0.0,2.1882220186483785
2025-02-14 00:00:00+00:00,1089304.0226526435,7.93650793649755e-05,0.0,86.44583942962016,0.0,2.1832465798202105
2025-02-18 00:00:00+00:00,1089390.475352854,7.936507936505652e-05,0.0,86.45270021052727,0.0,2.1793183969368854
2025-02-19 00:00:00+00:00,1089476.9349143899,7.93650793650013e-05,0.0,86.4595615359408,0.0,2.1841029008805917
2025-02-20 00:00:00+00:00,1089563.4013377957,7.936507936498396e-05,0.0,86.46642340590395,0.0,2.183081234866407
2025-02-21 00:00:00+00:00,1089649.8746236162,7.936507936517849e-05,0.0,86.47328582045998,0.0,2.1804618321428624
2025-02-24 00:00:00+00:00,1089736.354772396,7.936507936511783e-05,0.0,86.48014877965208,0.0,2.183622114084158
2025-02-25 00:00:00+00:00,1089822.8417846793,7.936507936497603e-05,0.0,86.48701228352348,0.0,2.181672613306883
2025-02-26 00:00:00+00:00,1089909.3356610115,7.936507936514074e-05,0.0,86.49387633211741,0.0,2.168278172779985
2025-02-27 00:00:00+00:00,1089995.836401937,7.936507936514496e-05,0.0,86.5007409254771,0.0,2.1812003022245037
2025-02-28 00:00:00+00:00,1090082.3440080008,7.936507936516267e-05,0.0,86.5076060636458,0.0,2.1883981374401897
2025-03-03 00:00:00+00:00,1090168.8584797475,7.93650793651542e-05,0.0,86.51447174666673,0.0,2.1716669259923918
2025-03-04 00:00:00+00:00,1090255.3798177221,7.936507936507991e-05,0.0,86.52133797458313,0.0,2.1671793418737257
2025-03-05 00:00:00+00:00,1090341.9080224696,7.936507936511368e-05,0.0,86.52820474743827,0.0,2.1695900322993733
2025-03-06 00:00:00+00:00,1090428.4430945348,7.93650793650023e-05,0.0,86.53507206527537,0.0,2.1715390725942108
2025-03-07 00:00:00+00:00,1090514.985034463,7.936507936513318e-05,0.0,86.54193992813768,0.0,2.1849974110783514
2025-03-10 00:00:00+00:00,1090601.533842799,7.936507936503957e-05,0.0,86.54880833606849,0.0,2.1807417963516538
2025-03-11 00:00:00+00:00,1090688.0895200882,7.936507936510887e-05,0.0,86.55567728911103,0.0,2.171958996109508
2025-03-12 00:00:00+00:00,1090774.6520668755,7.936507936508785e-05,0.0,86.56254678730859,0.0,2.1612021758185174
2025-03-13 00:00:00+00:00,1090861.2214837063,7.936507936515037e-05,0.0,86.5694168307044,0.0,2.171630521446199
2025-03-14 00:00:00+00:00,1090947.7977711256,7.936507936504326e-05,0.0,86.57628741934177,0.0,2.170851911661272
2025-03-17 00:00:00+00:00,1091034.380929679,7.93650793651538e-05,0.0,86.58315855326393,0.0,2.1758799165990523
2025-03-18 00:00:00+00:00,1091120.9709599114,7.93650793650154e-05,0.0,86.5900302325142,0.0,2.1875702637488037
2025-03-19 00:00:00+00:00,1091207.5678623684,7.936507936501526e-05,0.0,86.59690245713583,0.0,2.199315621604398
2025-03-20 00:00:00+00:00,1091294.1716375956,7.93650793651137e-05,0.0,86.6037752271721,0.0,2.2019713911936933
2025-03-21 00:00:00+00:00,1091380.7822861383,7.936507936505763e-05,0.0,86.61064854266633,0.0,2.203569654151623
2025-03-24 00:00:00+00:00,1091467.3998085419,7.936507936502078e-05,0.0,86.61752240366177,0.0,2.2037495886670286
2025-03-25 00:00:00+00:00,1091554.0242053522,7.936507936517682e-05,0.0,86.62439681020173,0.0,2.20137769589246
2025-03-26 00:00:00+00:00,1091640.6554771145,7.936507936505939e-05,0.0,86.63127176232953,0.0,2.208991494084274
2025-03-27 00:00:00+00:00,1091727.2936243745,7.93650793650555e-05,0.0,86.63814726008845,0.0,2.202965782103345
2025-03-28 00:00:00+00:00,1091813.9386476781,7.936507936512544e-05,0.0,86.6450233035218,0.0,2.196663657886622
2025-03-31 00:00:00+00:00,1091900.5905475707,7.936507936501626e-05,0.0,86.65189989267287,0.0,2.2024853931901176
2025-04-01 00:00:00+00:00,1091987.2493245983,7.936507936511486e-05,0.0,86.65877702758497,0.0,2.1588285693717224
2025-04-02 00:00:00+00:00,1092073.9149793067,7.936507936516824e-05,0.0,86.66565470830146,0.0,2.1438956826357893
2025-04-03 00:00:00+00:00,1092160.5875122417,7.936507936513677e-05,0.0,86.67253293486561,0.0,2.1189846807485373
2025-04-04 00:00:00+00:00,1092247.266923949,7.936507936498082e-05,0.0,86.67941170732077,0.0,2.0776812373890237
2025-04-07 00:00:00+00:00,1092333.9532149746,7.936507936508709e-05,0.0,86.68629102571023,0.0,2.0686527214867962
2025-04-08 00:00:00+00:00,1092420.6463858646,7.936507936498954e-05,0.0,86.69317089007735,0.0,2.04549598121521
2025-04-09 00:00:00+00:00,1092507.346437165,7.936507936507481e-05,0.0,86.70005130046545,0.0,2.0949093616554944
2025-04-10 00:00:00+00:00,1092594.053369422,7.936507936509009e-05,0.0,86.70693225691787,0.0,2.0442088934903997
2025-04-11 00:00:00+00:00,1092680.7671831814,7.936507936499572e-05,0.0,86.71381375947793,0.0,2.0315087929071
2025-04-14 00:00:00+00:00,1092767.4878789897,7.936507936517823e-05,0.0,86.72069580818899,0.0,2.0260505922794
2025-04-15 00:00:00+00:00,1092854.2154573929,7.936507936517174e-05,0.0,86.72757840309441,0.0,2.02304006070532
2025-04-16 00:00:00+00:00,1092940.9499189372,7.93650793651497e-05,0.0,86.73446154423753,0.0,2.023387185922128
2025-04-17 00:00:00+00:00,1093027.6912641688,7.936507936507245e-05,0.0,86.74134523166168,0.0,2.0260475949883543
2025-04-21 00:00:00+00:00,1093114.4394936343,7.936507936511334e-05,0.0,86.74822946541022,0.0,2.0032565820271864
2025-04-22 00:00:00+00:00,1093201.1946078797,7.93650793650197e-05,0.0,86.75511424552653,0.0,2.0162339614077394
2025-04-23 00:00:00+00:00,1093287.956607452,7.936507936517782e-05,0.0,86.76199957205395,0.0,2.0140869194287743
2025-04-24 00:00:00+00:00,1093374.725492897,7.936507936512208e-05,0.0,86.76888544503586,0.0,2.0241969181000625
2025-04-25 00:00:00+00:00,1093461.5012647614,7.936507936502579e-05,0.0,86.77577186451563,0.0,2.021655768657462
2025-04-28 00:00:00+00:00,1093548.283923592,7.936507936506225e-05,0.0,86.78265883053662,0.0,2.031358981930805
2025-04-29 00:00:00+00:00,1093635.073469935,7.936507936497882e-05,0.0,86.78954634314222,0.0,2.027134457558471
2025-04-30 00:00:00+00:00,1093721.8699043375,7.936507936516168e-05,0.0,86.7964344023758,0.0,2.0209172919778906
2025-05-01 00:00:00+00:00,1093808.6732273458,7.936507936514533e-05,0.0,86.80332300828076,0.0,2.01665353399598
2025-05-02 00:00:00+00:00,1093895.4834395067,7.9365079365103e-05,0.0,86.81021216090046,0.0,2.036069245433063
2025-05-05 00:00:00+00:00,1093982.300541367,7.936507936499505e-05,0.0,86.81710186027831,0.0,2.0299627281688886
2025-05-06 00:00:00+00:00,1094069.1245334733,7.936507936499468e-05,0.0,86.8239921064577,0.0,2.023188695650615
2025-05-07 00:00:00+00:00,1094155.9554163727,7.936507936506215e-05,0.0,86.830882899482,0.0,2.0243250272360864
2025-05-08 00:00:00+00:00,1094242.7931906122,7.936507936515781e-05,0.0,86.83777423939466,0.0,2.024940179455064
2025-05-09 00:00:00+00:00,1094329.6378567384,7.93650793650292e-05,0.0,86.84466612623906,0.0,2.0275912436925307
2025-05-12 00:00:00+00:00,1094416.4894152984,7.936507936506222e-05,0.0,86.8515585600586,0.0,2.0395974755250363
2025-05-13 00:00:00+00:00,1094503.3478668393,7.936507936500445e-05,0.0,86.85845154089671,0.0,2.0438597968424377
2025-05-14 00:00:00+00:00,1094590.213211908,7.936507936502895e-05,0.0,86.86534506879677,0.0,2.043442549130371
2025-05-15 00:00:00+00:00,1094677.0854510518,7.936507936509605e-05,0.0,86.87223914380222,0.0,2.0470161480540736
2025-05-16 00:00:00+00:00,1094763.9645848179,7.936507936516605e-05,0.0,86.8791337659565,0.0,2.04821373018239
2025-05-19 00:00:00+00:00,1094850.850613753,7.936507936498661e-05,0.0,86.886028935303,0.0,2.031999704178527
2025-05-20 00:00:00+00:00,1094937.743538405,7.936507936515614e-05,0.0,86.89292465188517,0.0,2.0354233402918203
2025-05-21 00:00:00+00:00,1095024.6433593207,7.936507936499692e-05,0.0,86.89982091574643,0.0,2.028654986793904
2025-05-22 00:00:00+00:00,1095111.5500770477,7.936507936510728e-05,0.0,86.90671772693021,0.0,2.0296333583129935
2025-05-23 00:00:00+00:00,1095198.463692133,7.936507936502223e-05,0.0,86.91361508547998,0.0,2.037605700910785
2025-05-27 00:00:00+00:00,1095285.3842051246,7.936507936512737e-05,0.0,86.92051299143914,0.0,2.044458116696915
2025-05-28 00:00:00+00:00,1095372.3116165695,7.936507936517038e-05,0.0,86.92741144485116,0.0,2.04220506759716
2025-05-29 00:00:00+00:00,1095459.2459270153,7.936507936511163e-05,0.0,86.93431044575948,0.0,2.0485960761900786
2025-05-30 00:00:00+00:00,1095546.1871370096,7.936507936512403e-05,0.0,86.94120999420757,0.0,2.0459661154447133
2025-06-02 00:00:00+00:00,1095633.1352471,7.936507936516788e-05,0.0,86.94811009023886,0.0,2.048865699387047
2025-06-03 00:00:00+00:00,1095720.0902578337,7.9365079364991e-05,0.0,86.95501073389681,0.0,2.0546385040994624
2025-06-04 00:00:00+00:00,1095807.0521697588,7.936507936497879e-05,0.0,86.9619119252249,0.0,2.0491892386059565
2025-06-05 00:00:00+00:00,1095894.020983423,7.936507936509151e-05,0.0,86.96881366426658,0.0,2.0487673591634548
2025-06-06 00:00:00+00:00,1095980.9966993742,7.936507936507701e-05,0.0,86.97571595106533,0.0,2.0581161417330023
2025-06-09 00:00:00+00:00,1096067.9793181599,7.93650793651081e-05,0.0,86.98261878566461,0.0,2.057519081016267
2025-06-10 00:00:00+00:00,1096154.968840328,7.93650793651451e-05,0.0,86.98952216810792,0.0,2.0620925308978966
2025-06-11 00:00:00+00:00,1096241.9652664266,7.936507936514835e-05,0.0,86.99642609843873,0.0,2.061779337856794
2025-06-12 00:00:00+00:00,1096328.9685970033,7.936507936507819e-05,0.0,87.00333057670052,0.0,2.062577119092906
2025-06-13 00:00:00+00:00,1096415.9788326062,7.936507936510735e-05,0.0,87.01023560293676,0.0,2.0530524993914736
2025-06-16 00:00:00+00:00,1096502.9959737833,7.936507936498377e-05,0.0,87.01714117719096,0.0,2.0531510572219847
2025-06-17 00:00:00+00:00,1096590.0200210828,7.936507936509252e-05,0.0,87.0240472995066,0.0,2.063438920768614
2025-06-18 00:00:00+00:00,1096677.0509750529,7.936507936518155e-05,0.0,87.03095396992721,0.0,2.062339336201107
2025-06-20 00:00:00+00:00,1096764.0888362413,7.936507936499888e-05,0.0,87.03786118849627,0.0,2.0629813311915335
2025-06-23 00:00:00+00:00,1096851.1336051966,7.936507936514179e-05,0.0,87.04476895525724,0.0,2.057555312807547
2025-06-24 00:00:00+00:00,1096938.185282467,7.936507936514598e-05,0.0,87.0516772702537,0.0,2.05869072718042
2025-06-25 00:00:00+00:00,1097025.2438686006,7.936507936518407e-05,0.0,87.05858613352912,0.0,2.055933278030887
2025-06-26 00:00:00+00:00,1097112.3093641456,7.936507936500418e-05,0.0,87.06549554512704,0.0,2.054640551822263
2025-06-27 00:00:00+00:00,1097199.3817696506,7.936507936499111e-05,0.0,87.07240550509093,0.0,2.0530973185846233
2025-06-30 00:00:00+00:00,1097286.461085664,7.936507936510517e-05,0.0,87.07931601346434,0.0,2.0567427581926867
2025-07-01 00:00:00+00:00,1097373.5473127344,7.936507936509445e-05,0.0,87.0862270702908,0.0,2.174257414442426
2025-07-02 00:00:00+00:00,1097460.64045141,7.936507936513152e-05,0.0,87.09313867561384,0.0,2.1799011769675447
2025-07-03 00:00:00+00:00,1097547.7405022397,7.936507936517667e-05,0.0,87.10005082947698,0.0,2.1774109541029083
2025-07-07 00:00:00+00:00,1097634.8474657715,7.936507936497811e-05,0.0,87.10696353192378,0.0,2.178005550984361
2025-07-08 00:00:00+00:00,1097721.9613425545,7.936507936513261e-05,0.0,87.11387678299774,0.0,2.1989578179804714
2025-07-09 00:00:00+00:00,1097809.0821331374,7.93650793651762e-05,0.0,87.12079058274243,0.0,2.1978090813537507
2025-07-10 00:00:00+00:00,1097896.2098380686,7.936507936506921e-05,0.0,87.12770493120138,0.0,2.201061948363988
2025-07-11 00:00:00+00:00,1097983.344457897,7.936507936498413e-05,0.0,87.13461982841814,0.0,2.207371545071122
2025-07-14 00:00:00+00:00,1098070.4859931713,7.936507936509334e-05,0.0,87.14153527443627,0.0,2.1900062003916108
2025-07-15 00:00:00+00:00,1098157.6344444407,7.936507936514504e-05,0.0,87.14845126929931,0.0,2.1898280759210778
2025-07-16 00:00:00+00:00,1098244.7898122538,7.936507936509963e-05,0.0,87.15536781305084,0.0,2.1867632564657344
2025-07-17 00:00:00+00:00,1098331.9520971596,7.936507936512944e-05,0.0,87.16228490573442,0.0,2.2009897145178123
2025-07-18 00:00:00+00:00,1098419.1212997069,7.936507936498282e-05,0.0,87.16920254739362,0.0,2.213907364484825
2025-07-21 00:00:00+00:00,1098506.297420445,7.936507936504407e-05,0.0,87.17612073807197,0.0,2.2068621086815727
2025-07-22 00:00:00+00:00,1098593.4804599227,7.936507936506153e-05,0.0,87.18303947781308,0.0,2.2125575625925262
2025-07-23 00:00:00+00:00,1098680.6704186893,7.936507936499556e-05,0.0,87.18995876666052,0.0,2.2201758742964786
2025-07-24 00:00:00+00:00,1098767.8672972939,7.936507936501839e-05,0.0,87.19687860465788,0.0,2.234278751148535
2025-07-25 00:00:00+00:00,1098855.0710962857,7.936507936509038e-05,0.0,87.20379899184871,0.0,2.2297850165284694
2025-07-28 00:00:00+00:00,1098942.281816214,7.936507936517182e-05,0.0,87.21071992827665,0.0,2.233279516457265
2025-07-29 00:00:00+00:00,1099029.499457628,7.936507936501118e-05,0.0,87.21764141398525,0.0,2.229061466288959
2025-07-30 00:00:00+00:00,1099116.724021077,7.936507936499257e-05,0.0,87.22456344901809,0.0,2.213767177139659
2025-07-31 00:00:00+00:00,1099203.9555071103,7.936507936507629e-05,0.0,87.2314860334188,0.0,2.2030208900250146
2025-08-01 00:00:00+00:00,1099291.1939162775,7.936507936501082e-05,0.0,87.23840916723098,0.0,2.21129525982859
2025-08-04 00:00:00+00:00,1099378.439249128,7.936507936518013e-05,0.0,87.24533285049822,0.0,2.220818464650593
2025-08-05 00:00:00+00:00,1099465.6915062114,7.936507936512092e-05,0.0,87.25225708326414,0.0,2.234925930759443
2025-08-06 00:00:00+00:00,1099552.950688077,7.936507936500537e-05,0.0,87.25918186557233,0.0,2.236217719179208
2025-08-07 00:00:00+00:00,1099640.2167952743,7.936507936500557e-05,0.0,87.26610719746643,0.0,2.2425756976226094
2025-08-08 00:00:00+00:00,1099727.4898283533,7.936507936508183e-05,0.0,87.27303307899003,0.0,2.2508822013480505
2025-08-11 00:00:00+00:00,1099814.7697878634,7.936507936498275e-05,0.0,87.27995951018677,0.0,2.2485594080644886
2025-08-12 00:00:00+00:00,1099902.0566743545,7.93650793650921e-05,0.0,87.28688649110026,0.0,2.2521400685175075
2025-08-13 00:00:00+00:00,1099989.3504883763,7.936507936515847e-05,0.0,87.29381402177417,0.0,2.250353353627643
2025-08-14 00:00:00+00:00,1100076.6512304787,7.936507936514222e-05,0.0,87.30074210225209,0.0,2.250154668926283
2025-08-15 00:00:00+00:00,1100163.9589012112,7.936507936500371e-05,0.0,87.30767073257768,0.0,2.260735920867917
2025-08-18 00:00:00+00:00,1100251.273501124,7.936507936512657e-05,0.0,87.31459991279453,0.0,2.2537429305269314
2025-08-19 00:00:00+00:00,1100338.595030767,7.93650793650478e-05,0.0,87.32152964294635,0.0,2.229651163298266
2025-08-20 00:00:00+00:00,1100425.92349069,7.936507936515104e-05,0.0,87.32845992307674,0.0,2.228711280784865
2025-08-21 00:00:00+00:00,1100513.2588814434,7.936507936518495e-05,0.0,87.33539075322938,0.0,2.2400647402259772
2025-08-22 00:00:00+00:00,1100600.601203577,7.936507936510991e-05,0.0,87.3423221334479,0.0,2.2457510470119937
2025-08-25 00:00:00+00:00,1100687.9504576407,7.936507936509782e-05,0.0,87.34925406377594,0.0,2.2438401904284966
2025-08-26 00:00:00+00:00,1100775.306644185,7.936507936510899e-05,0.0,87.3561865442572,0.0,2.241717110974469
2025-08-27 00:00:00+00:00,1100862.66976376,7.936507936510377e-05,0.0,87.36311957493531,0.0,2.2457686953392177
2025-08-28 00:00:00+00:00,1100950.0398169158,7.936507936504249e-05,0.0,87.37005315585397,0.0,2.242098580272686
2025-08-29 00:00:00+00:00,1101037.4168042028,7.936507936509697e-05,0.0,87.3769872870568,0.0,2.2456215441529688
2025-09-02 00:00:00+00:00,1101124.8007261714,7.936507936501606e-05,0.0,87.38392196858753,0.0,2.2515046058567285
2025-09-03 00:00:00+00:00,1101212.191583372,7.936507936518303e-05,0.0,87.39085720048979,0.0,2.242046071846969
2025-09-04 00:00:00+00:00,1101299.5893763548,7.936507936513526e-05,0.0,87.3977929828073,0.0,2.237936620065108
2025-09-05 00:00:00+00:00,1101386.9941056704,7.936507936504458e-05,0.0,87.40472931558372,0.0,2.228588943194254
2025-09-08 00:00:00+00:00,1101474.4057718692,7.936507936508274e-05,0.0,87.41166619886273,0.0,2.2275867381700873
2025-09-09 00:00:00+00:00,1101561.8243755018,7.936507936499863e-05,0.0,87.41860363268803,0.0,2.228878919123299
2025-09-10 00:00:00+00:00,1101649.249917119,7.936507936517538e-05,0.0,87.42554161710332,0.0,2.236461991798712
2025-09-11 00:00:00+00:00,1101736.6823972713,7.936507936515053e-05,0.0,87.43248015215231,0.0,2.241679878959276
2025-09-12 00:00:00+00:00,1101824.1218165092,7.936507936509582e-05,0.0,87.43941923787867,0.0,2.2353487720018084
2025-09-15 00:00:00+00:00,1101911.5681753836,7.936507936518289e-05,0.0,87.44635887432612,0.0,2.236253015019103
2025-09-16 00:00:00+00:00,1101999.0214744452,7.936507936516075e-05,0.0,87.45329906153839,0.0,2.237516167916656
2025-09-17 00:00:00+00:00,1102086.4817142447,7.936507936498976e-05,0.0,87.46023979955915,0.0,2.2359526403883745
2025-09-18 00:00:00+00:00,1102173.948895333,7.936507936505283e-05,0.0,87.46718108843211,0.0,2.23675231710005
2025-09-19 00:00:00+00:00,1102261.4230182613,7.936507936509896e-05,0.0,87.47412292820104,0.0,2.2256173562748676
2025-09-22 00:00:00+00:00,1102348.9040835802,7.936507936508851e-05,0.0,87.48106531890963,0.0,2.2285435641907587
2025-09-23 00:00:00+00:00,1102436.3920918407,7.936507936498184e-05,0.0,87.4880082606016,0.0,2.227158239935075
2025-09-24 00:00:00+00:00,1102523.8870435941,7.936507936516168e-05,0.0,87.49495175332069,0.0,2.2345994400381306
2025-09-25 00:00:00+00:00,1102611.3889393914,7.936507936516594e-05,0.0,87.50189579711065,0.0,2.2395110958878144
2025-09-26 00:00:00+00:00,1102698.8977797835,7.936507936516614e-05,0.0,87.50884039201519,0.0,2.227867275881222
2025-09-29 00:00:00+00:00,1102786.4135653216,7.936507936512265e-05,0.0,87.51578553807805,0.0,2.218275981899337
2025-09-30 00:00:00+00:00,1102873.9362965568,7.93650793649958e-05,0.0,87.52273123534299,0.0,2.2180744851601486
2025-10-01 00:00:00+00:00,1102961.4659740408,7.936507936516819e-05,0.0,87.52967748385372,0.0,2.1879623777139425
2025-10-02 00:00:00+00:00,1103049.0025983246,7.936507936517784e-05,0.0,87.53662428365404,0.0,2.1844059986748374
2025-10-03 00:00:00+00:00,1103136.5461699592,7.936507936498516e-05,0.0,87.54357163478767,0.0,2.1763902968985045
2025-10-06 00:00:00+00:00,1103224.0966894967,7.936507936518375e-05,0.0,87.55051953729836,0.0,2.174303270293086
2025-10-07 00:00:00+00:00,1103311.654157488,7.936507936510064e-05,0.0,87.5574679912299,0.0,2.1776212870772493
2025-10-08 00:00:00+00:00,1103399.2185744846,7.936507936511834e-05,0.0,87.56441699662602,0.0,2.1710237989371315
2025-10-09 00:00:00+00:00,1103486.789941038,7.936507936498614e-05,0.0,87.57136655353052,0.0,2.1643996687865967
2025-10-10 00:00:00+00:00,1103574.3682577,7.93650793650864e-05,0.0,87.57831666198715,0.0,2.157939239985577
2025-10-13 00:00:00+00:00,1103661.9535250221,7.93650793651684e-05,0.0,87.58526732203968,0.0,2.1699830276780747
2025-10-14 00:00:00+00:00,1103749.5457435558,7.936507936498156e-05,0.0,87.59221853373191,0.0,2.173895828985359
2025-10-15 00:00:00+00:00,1103837.144913853,7.936507936511907e-05,0.0,87.5991702971076,0.0,2.1728398413396928
2025-10-16 00:00:00+00:00,1103924.7510364652,7.936507936511936e-05,0.0,87.60612261221056,0.0,2.173450049322307
2025-10-17 00:00:00+00:00,1104012.3641119443,7.936507936515369e-05,0.0,87.61307547908454,0.0,2.177201694543578
2025-10-20 00:00:00+00:00,1104099.9841408422,7.936507936518239e-05,0.0,87.62002889777337,0.0,2.1836050749457394
2025-10-21 00:00:00+00:00,1104187.6111237106,7.936507936516579e-05,0.0,87.62698286832081,0.0,2.178756577748228
2025-10-22 00:00:00+00:00,1104275.2450611014,7.936507936506425e-05,0.0,87.63393739077068,0.0,2.181795185509462
2025-10-23 00:00:00+00:00,1104362.8859535665,7.936507936504898e-05,0.0,87.64089246516677,0.0,2.1803697501174364
2025-10-24 00:00:00+00:00,1104450.533801658,7.936507936508027e-05,0.0,87.6478480915529,0.0,2.1766081890132876
2025-10-27 00:00:00+00:00,1104538.188605928,7.936507936511845e-05,0.0,87.65480426997286,0.0,2.17205098351229
2025-10-28 00:00:00+00:00,1104625.8503669286,7.936507936512384e-05,0.0,87.66176100047048,0.0,2.167871058654947
2025-10-29 00:00:00+00:00,1104713.5190852117,7.936507936505681e-05,0.0,87.66871828308958,0.0,2.168140511633523
2025-10-30 00:00:00+00:00,1104801.1947613296,7.936507936508846e-05,0.0,87.67567611787395,0.0,2.163321913727075
2025-10-31 00:00:00+00:00,1104888.8773958345,7.93650793651791e-05,0.0,87.68263450486742,0.0,2.1968422185242744
2025-11-03 00:00:00+00:00,1104976.5669892787,7.936507936507831e-05,0.0,87.68959344411385,0.0,2.175152760147128
2025-11-04 00:00:00+00:00,1105064.2635422144,7.936507936516792e-05,0.0,87.69655293565704,0.0,2.1706381673159023
2025-11-05 00:00:00+00:00,1105151.9670551938,7.936507936498679e-05,0.0,87.70351297954083,0.0,2.1670152799982736
2025-11-06 00:00:00+00:00,1105239.6775287697,7.936507936512741e-05,0.0,87.71047357580903,0.0,2.16549435139951
2025-11-07 00:00:00+00:00,1105327.3949634943,7.936507936512866e-05,0.0,87.71743472450554,0.0,2.1651151874469625
2025-11-10 00:00:00+00:00,1105415.11935992,7.936507936516156e-05,0.0,87.72439642567414,0.0,2.160777671255407
2025-11-11 00:00:00+00:00,1105502.8507185993,7.936507936497584e-05,0.0,87.73135867935873,0.0,2.1562717383007803
2025-11-12 00:00:00+00:00,1105590.589040085,7.936507936516372e-05,0.0,87.73832148560312,0.0,2.147939277861864
2025-11-13 00:00:00+00:00,1105678.3343249294,7.936507936505362e-05,0.0,87.74528484445119,0.0,2.1616960860745613
2025-11-14 00:00:00+00:00,1105766.0865736853,7.936507936502712e-05,0.0,87.75224875594678,0.0,2.169535561764116
2025-11-17 00:00:00+00:00,1105853.8457869054,7.936507936504456e-05,0.0,87.75921322013376,0.0,2.160287167286109
2025-11-18 00:00:00+00:00,1105941.6119651424,7.936507936506623e-05,0.0,87.76617823705598,0.0,2.1442036584537036
2025-11-19 00:00:00+00:00,1106029.3851089492,7.936507936505248e-05,0.0,87.77314380675733,0.0,2.1404225748565913
2025-11-20 00:00:00+00:00,1106117.1652188785,7.936507936517416e-05,0.0,87.78010992928168,0.0,2.132628826310003
2025-11-21 00:00:00+00:00,1106204.9522954833,7.936507936518108e-05,0.0,87.7870766046729,0.0,2.1310507238531393
2025-11-24 00:00:00+00:00,1106292.7463393162,7.936507936503358e-05,0.0,87.79404383297486,0.0,2.1344751554336616
2025-11-25 00:00:00+00:00,1106380.5473509305,7.936507936511299e-05,0.0,87.80101161423144,0.0,2.134649419267536
2025-11-26 00:00:00+00:00,1106468.355330879,7.936507936516912e-05,0.0,87.80797994848655,0.0,2.1411095108916354
2025-11-28 00:00:00+00:00,1106556.170279715,7.936507936516232e-05,0.0,87.81494883578405,0.0,2.1433671467701356
2025-12-01 00:00:00+00:00,1106643.992197991,7.936507936505292e-05,0.0,87.82191827616785,0.0,2.1495629002597036
2025-12-02 00:00:00+00:00,1106731.8210862607,7.936507936501172e-05,0.0,87.82888826968184,0.0,2.141313033026046
2025-12-03 00:00:00+00:00,1106819.656945077,7.9365079364999e-05,0.0,87.83585881636989,0.0,2.139366842666082
2025-12-04 00:00:00+00:00,1106907.4997749932,7.93650793649751e-05,0.0,87.84282991627595,0.0,2.146474324481491
2025-12-05 00:00:00+00:00,1106995.3495765626,7.93650793651107e-05,0.0,87.8498015694439,0.0,2.1358782188709036
2025-12-08 00:00:00+00:00,1107083.2063503386,7.936507936515575e-05,0.0,87.85677377591767,0.0,2.127824253763338
2025-12-09 00:00:00+00:00,1107171.0700968744,7.936507936507062e-05,0.0,87.86374653574116,0.0,2.115007471313729
2025-12-10 00:00:00+00:00,1107258.9408167233,7.936507936502597e-05,0.0,87.87071984895829,0.0,2.1273149623504697
2025-12-11 00:00:00+00:00,1107346.8185104388,7.936507936498214e-05,0.0,87.87769371561296,0.0,2.124029478940914
2025-12-12 00:00:00+00:00,1107434.7031785746,7.936507936510971e-05,0.0,87.88466813574911,0.0,2.123728504368087
2025-12-15 00:00:00+00:00,1107522.594821684,7.93650793651587e-05,0.0,87.89164310941068,0.0,2.1283423719872965
2025-12-16 00:00:00+00:00,1107610.4934403207,7.936507936508952e-05,0.0,87.89861863664159,0.0,2.122031571124851
2025-12-17 00:00:00+00:00,1107698.3990350382,7.93650793650727e-05,0.0,87.90559471748577,0.0,2.1262251552399523
2025-12-18 00:00:00+00:00,1107786.3116063902,7.936507936506858e-05,0.0,87.91257135198715,0.0,2.1177316625319444
2025-12-19 00:00:00+00:00,1107874.2311549303,7.936507936503747e-05,0.0,87.9195485401897,0.0,2.118464457218182
2025-12-22 00:00:00+00:00,1107962.1576812125,7.936507936514992e-05,0.0,87.92652628213733,0.0,2.1236523283256714
2025-12-23 00:00:00+00:00,1108050.0911857905,7.936507936515603e-05,0.0,87.933504577874,0.0,2.1235160714125763
2025-12-24 00:00:00+00:00,1108138.0316692179,7.93650793650162e-05,0.0,87.9404834274437,0.0,2.12576858254696
2025-12-26 00:00:00+00:00,1108225.9791320488,7.9365079365111e-05,0.0,87.9474628308903,0.0,2.1206905516924492
2025-12-29 00:00:00+00:00,1108313.933574837,7.936507936498053e-05,0.0,87.95444278825784,0.0,2.1191777588922767
2025-12-30 00:00:00+00:00,1108401.8949981364,7.936507936500533e-05,0.0,87.96142329959024,0.0,2.1248210833553216
2025-12-31 00:00:00+00:00,1108489.8634025014,7.936507936514568e-05,0.0,87.96840436493146,0.0,2.1288101211600488
2026-01-02 00:00:00+00:00,1108577.8387884859,7.936507936515186e-05,0.0,87.97538598432551,0.0,2.2329429129278093
2026-01-05 00:00:00+00:00,1108665.8211566436,7.936507936498424e-05,0.0,87.98236815781634,0.0,2.273038969165853
2026-01-06 00:00:00+00:00,1108753.810507529,7.936507936502322e-05,0.0,87.9893508854479,0.0,2.2476962857704437
2026-01-07 00:00:00+00:00,1108841.8068416961,7.936507936501907e-05,0.0,87.99633416726421,0.0,2.2529655545923744
2026-01-08 00:00:00+00:00,1108929.8101596995,7.936507936514213e-05,0.0,88.00331800330922,0.0,2.2554747710446716
2026-01-09 00:00:00+00:00,1109017.8204620932,7.936507936514272e-05,0.0,88.01030239362694,0.0,2.2657957870213377
2026-01-12 00:00:00+00:00,1109105.8377494314,7.936507936498123e-05,0.0,88.01728733826137,0.0,2.268690725709906
2026-01-13 00:00:00+00:00,1109193.8620222686,7.936507936503788e-05,0.0,88.02427283725646,0.0,2.2656772212084038
2026-01-14 00:00:00+00:00,1109281.8932811592,7.936507936506303e-05,0.0,88.03125889065623,0.0,2.2692792685600036
2026-01-15 00:00:00+00:00,1109369.9315266577,7.936507936501705e-05,0.0,88.0382454985047,0.0,2.2669281646370933
2026-01-16 00:00:00+00:00,1109457.9767593185,7.936507936507014e-05,0.0,88.04523266084584,0.0,2.2642335960087303
2026-01-20 00:00:00+00:00,1109546.0289796963,7.936507936518261e-05,0.0,88.05222037772369,0.0,2.2565904678257263
2026-01-21 00:00:00+00:00,1109634.0881883455,7.936507936510495e-05,0.0,88.05920864918225,0.0,2.2504773217291523
2026-01-22 00:00:00+00:00,1109722.1543858207,7.936507936500736e-05,0.0,88.06619747526553,0.0,2.249605202002394
2026-01-23 00:00:00+00:00,1109810.2275726767,7.936507936506e-05,0.0,88.07318685601751,0.0,2.243634177241633
2026-01-26 00:00:00+00:00,1109898.3077494681,7.936507936501336e-05,0.0,88.08017679148227,0.0,2.248707255319913
2026-01-27 00:00:00+00:00,1109986.3949167498,7.93650793650376e-05,0.0,88.08716728170381,0.0,2.2506359075868922
2026-01-28 00:00:00+00:00,1110074.4890750765,7.9365079365093e-05,0.0,88.09415832672617,0.0,2.254897981324706
2026-01-29 00:00:00+00:00,1110162.5902250032,7.93650793651399e-05,0.0,88.10114992659338,0.0,2.247666244421715
2026-01-30 00:00:00+00:00,1110250.6983670846,7.936507936513866e-05,0.0,88.10814208134946,0.0,2.2763912992862285
2026-02-02 00:00:00+00:00,1110338.8135018756,7.936507936504959e-05,0.0,88.11513479103846,0.0,2.272280453242221
2026-02-03 00:00:00+00:00,1110426.9356299313,7.936507936504277e-05,0.0,88.12212805570441,0.0,2.273997271932161
2026-02-04 00:00:00+00:00,1110515.0647518067,7.93650793650785e-05,0.0,88.12912187539138,0.0,2.275734287439845
2026-02-05 00:00:00+00:00,1110603.2008680569,7.936507936511711e-05,0.0,88.13611625014339,0.0,2.2718190983899755
2026-02-06 00:00:00+00:00,1110691.343979237,7.936507936511891e-05,0.0,88.14311118000451,0.0,2.2670142648959875
2026-02-09 00:00:00+00:00,1110779.4940859019,7.936507936504428e-05,0.0,88.1501066650188,0.0,2.269189286535031
2026-02-10 00:00:00+00:00,1110867.651188607,7.936507936506316e-05,0.0,88.15710270523032,0.0,2.264507217050427
2026-02-11 00:00:00+00:00,1110955.8152879078,7.936507936513587e-05,0.0,88.1640993006831,0.0,2.2692539255984654
2026-02-12 00:00:00+00:00,1111043.9863843592,7.936507936501315e-05,0.0,88.17109645142126,0.0,2.2767627436550755
