ts_event,equity,returns,exposure,cash_credit,financing,spread
2020-07-01 00:00:00+00:00,1000000.0,0.0,0.0,0.0,0.0,2.0918882472288156
2020-07-02 00:00:00+00:00,1000079.3650793651,7.936507936508861e-05,0.0,79.36507936507937,0.0,2.0918422243539814
2020-07-06 00:00:00+00:00,1000158.736457546,7.936507936509753e-05,0.0,79.37137818090198,0.0,2.091355297204514
2020-07-07 00:00:00+00:00,1000238.1141350426,7.936507936508781e-05,0.0,79.37767749663064,0.0,2.0868991865005637
2020-07-08 00:00:00+00:00,1000317.498112355,7.93650793651362e-05,0.0,79.38397731230498,0.0,2.0840187479627255
2020-07-09 00:00:00+00:00,1000396.888389983,7.936507936508663e-05,0.0,79.39027762796468,0.0,2.069137244913691
2020-07-10 00:00:00+00:00,1001679.337413797,0.0012819402366174915,0.25,59.54743383273708,0.0,2.076862607141825
2020-07-13 00:00:00+00:00,1002201.7375387697,0.0005215243096872238,0.2496799252575367,59.64921550129376,7.428324587349941,2.0798117622448116
2020-07-14 00:00:00+00:00,1003381.0260610596,0.0011766977426979494,0.24954977898132089,59.69067582867253,7.680314638223027,2.0878419526823846
2020-07-15 00:00:00+00:00,1004502.237649738,0.0011174335168364902,0.24925647944460558,59.78427015583839,7.748136799362237,2.094259623535842
2020-07-16 00:00:00+00:00,1003987.6359981479,-0.0005122951769566114,0.24897826278880164,59.87325520255891,7.669086142966582,2.0906024949390254
2020-07-17 00:00:00+00:00,1003747.5632146274,-0.00023911926293969631,0.24910587852892355,59.83241380163906,7.597626867210185,2.088546115860857
2020-07-20 00:00:00+00:00,1002367.2277676531,-0.001375181865999935,0.2491654587897794,59.81336040612157,7.423593189092273,2.0792190239289474
2020-07-21 00:00:00+00:00,1008250.213578422,0.005869092332428662,0.24950857846229216,59.70380997382201,8.03543520531997,2.115605305789187
2020-07-22 00:00:00+00:00,1007588.0342675076,-0.0006567608932748888,0.0,80.01985822050968,8.135227814247349,2.1292714412442595
2020-07-23 00:00:00+00:00,1007038.1242179767,-0.0005457687376475066,0.19476622383492995,64.39237441682263,0.0,2.1282823453824764
2020-07-24 00:00:00+00:00,1007818.5850068111,0.000775006198936557,0.19487257919648013,64.34873076209796,0.22431468708417945,2.1220957336097768
2020-07-27 00:00:00+00:00,1007860.4394954722,4.1529784510652406e-05,0.1947216686961733,64.41067209454513,0.2583161092064845,2.1225862320725746
2020-07-28 00:00:00+00:00,1009672.3770922411,0.0017978060510797332,0.1947135822830598,64.41399387935951,0.32510325598300116,2.1075204092731616
2020-07-29 00:00:00+00:00,1009163.9899617288,-0.00050351692494191,0.19436415323226583,64.55779845053164,0.3150387171884128,2.11263709598213
2020-07-30 00:00:00+00:00,1010078.940647045,0.0009066422250668391,0.1944620681748511,64.51745026557035,0.26396541464609524,2.1042317114488154
2020-07-31 00:00:00+00:00,1010708.5277115733,0.0006233048123198663,0.0,80.16499528944802,0.45252099159543957,2.0688417649531163
2020-08-03 00:00:00+00:00,1012862.5247276014,0.0021311752666272545,0.25000000000000006,60.161221887593655,0.0,2.078351267929434
2020-08-04 00:00:00+00:00,1014551.323599967,0.0016673525094827659,0.24946833924559328,60.332174031722865,7.638079593668632,2.0888900539553914
2020-08-05 00:00:00+00:00,1013398.1320444318,-0.0011366517678409757,0.2490530799677147,60.46620568825981,7.577164153571201,2.0814413611419083
2020-08-06 00:00:00+00:00,1014703.8896924005,0.0012884942321084347,0.2493364887284151,60.37468254893162,7.6529438832577314,2.0892037781034736
2020-08-07 00:00:00+00:00,1013809.4673712577,-0.0008814614098048666,0.24901563352091857,60.478314108294214,7.564532486236704,2.083232132876868
2020-08-10 00:00:00+00:00,1016869.3437939166,0.003018196733349683,0.24923532484172672,60.40732820979082,7.880478661490718,2.101986214769213
2020-08-11 00:00:00+00:00,1015922.3376563988,-0.0009312957886847137,0.0,80.70391617412037,7.832949094520032,2.0954366054456766
2020-08-12 00:00:00+00:00,1016002.9664133557,7.936507936511753e-05,0.0,80.62875695685705,0.0,2.119474305961574
2020-08-13 00:00:00+00:00,1016083.6015694202,7.936507936505483e-05,0.0,80.63515606455204,0.0,2.127276080143984
2020-08-14 00:00:00+00:00,1015770.0510871941,-0.0003085872872485757,0.23540018687367883,61.658518403230005,0.0,2.1275899962563654
2020-08-17 00:00:00+00:00,1013698.5754106664,-0.0020393155658710166,0.2354728508019285,61.63363344432317,0.16762713682405783,2.142001004697064
2020-08-18 00:00:00+00:00,1018691.2364648735,0.00492519292747799,0.23595403553943414,61.46923061285271,0.39652753057362733,2.1076995749843617
2020-08-19 00:00:00+00:00,1019766.8230749217,0.0010558514410909854,0.23479761200141605,61.86547355366281,0.412112244680902,2.1000960583675963
2020-08-20 00:00:00+00:00,1020863.0716270772,0.001074999232520538,0.23454996208593978,61.9508375703333,0.42740821075388324,2.0921820991461804
2020-08-21 00:00:00+00:00,1019601.606658763,-0.001235684788072123,0.0,81.02087870056168,0.3538798910539236,2.0996708221287728
2020-08-24 00:00:00+00:00,1019682.5274211962,7.936507936504959e-05,0.0,80.92076243323515,0.0,2.1206429153889417
2020-08-25 00:00:00+00:00,1019763.4546059122,7.936507936509457e-05,0.0,80.92718471596795,0.0,2.1145235602208095
2020-08-26 00:00:00+00:00,1019844.3882134206,7.936507936510159e-05,0.0,80.93360750840573,0.0,2.112997719112471
2020-08-27 00:00:00+00:00,1019925.3282442312,7.9365079365031e-05,0.0,80.94003081058894,0.0,2.1172468521750414
2020-08-28 00:00:00+00:00,1020006.2746988537,7.936507936507142e-05,0.0,80.94645462255804,0.0,2.110773664850328
2020-08-31 00:00:00+00:00,1020087.2275777981,7.936507936506905e-05,0.0,80.95287894435347,0.0,2.103244932376011
2020-09-01 00:00:00+00:00,1020168.1868815741,7.936507936509835e-05,0.0,80.95930377601572,0.0,2.102290381550276
2020-09-02 00:00:00+00:00,1020249.1526106917,7.936507936511963e-05,0.0,80.96572911758524,0.0,2.106740339312729
2020-09-03 00:00:00+00:00,1020330.1247656608,7.936507936509324e-05,0.0,80.97215496910252,0.0,2.0936886671117763
2020-09-04 00:00:00+00:00,1020411.1033469915,7.936507936509362e-05,0.0,80.97858133060801,0.0,2.0893183370660426
2020-09-08 00:00:00+00:00,1020492.0883551936,7.93650793650811e-05,0.0,80.98500820214218,0.0,2.0688883382865204
2020-09-09 00:00:00+00:00,1022960.7476096043,0.002419087107661543,0.25,60.74357668780914,0.0,2.086862220217025
2020-09-10 00:00:00+00:00,1022135.3880016027,-0.0008068340940062404,0.24939668768812018,60.939502025460776,7.37362602387228,2.081147087688561
2020-09-11 00:00:00+00:00,1021465.5715022766,-0.0006553109374636924,0.24959807192234534,60.87399729466701,7.288223819216081,2.076394253645223
2020-09-14 00:00:00+00:00,1021049.5720078538,-0.0004072574798688475,0.24976174352463704,60.820837255037944,7.243958521626975,2.073290209187029
2020-09-15 00:00:00+00:00,1021078.2503643358,2.808713432558463e-05,0.24986350230489693,60.787821422147246,7.203107762915128,2.0730944354026484
2020-09-16 00:00:00+00:00,1021656.0233248706,0.0005658459185950019,0.2498564845522532,60.790097482185516,7.380005605270607,2.07676895671338
2020-09-17 00:00:00+00:00,1020796.3153836327,-0.0008414847283336378,0.24971518423444294,60.83595247905335,7.299751098672455,2.0708269930486582
2020-09-18 00:00:00+00:00,1021999.9677281374,0.0011791307691509127,0.2499254927197879,60.76772169006621,7.3311720084209355,2.07816449083253
2020-09-21 00:00:00+00:00,1019960.5110188178,-0.001995554573111421,0.2496311449558321,60.86324965391579,7.123061281715244,2.064240323348946
2020-09-22 00:00:00+00:00,1021067.0735751397,0.0010849072531412445,0.2501302936071135,60.701388010319,7.125773621440732,2.07124180126883
2020-09-23 00:00:00+00:00,1020578.6872568208,-0.00047830973200308077,0.0,81.0370693313603,6.691682882484955,2.040341894384539
2020-09-24 00:00:00+00:00,1020223.2821190981,-0.0003482388395528925,0.25000000000000006,60.74873138433457,0.0,2.0449798217396413
2020-09-25 00:00:00+00:00,1019105.9171646148,-0.0010952160905037139,0.25008709003802204,60.72052462737244,7.240145658563479,2.0374446344400967
2020-09-28 00:00:00+00:00,1022458.8062323631,0.003290030026591182,0.2503612897509966,60.63184486908012,7.547231729619024,2.058767576440701
2020-09-29 00:00:00+00:00,1021483.6866732534,-0.0009537005825230986,0.2495402946886266,60.897947176044276,7.399538479590877,2.051959231665278
2020-09-30 00:00:00+00:00,1020066.7962081691,-0.0013870906442949138,0.24977850859777803,60.82055673484509,7.283707068836421,2.042489937414061
2020-10-01 00:00:00+00:00,1020756.1371936585,0.0006757802411095739,0.25012545527669233,60.70810511063206,7.230741231659227,2.0461796082323986
2020-10-02 00:00:00+00:00,1022363.3674538601,0.001574548711135193,0.24995653958610395,60.76281471265502,7.321898564359484,2.056373119004853
2020-10-05 00:00:00+00:00,1024121.2885560382,0.0017194680073055202,0.2495635895578194,60.89037266981388,7.531929916297059,2.067380387580912
2020-10-06 00:00:00+00:00,1024447.2046738426,0.0003182397646122563,0.2491352095355297,61.02989021760579,7.517913331528176,2.069179273112938
2020-10-07 00:00:00+00:00,1026912.4099027711,0.0024063760608467218,0.2490559500286173,61.0557565761617,7.740623292514772,2.0844235198918524
2020-10-08 00:00:00+00:00,1025141.4667957732,-0.0017245318002978938,0.2484580664853028,61.251407784806815,7.767923147966264,2.072912886928878
2020-10-09 00:00:00+00:00,1024177.1762642829,-0.0009406414263041917,0.248887280515241,61.11085674456889,7.615005359066851,2.0664395071373605
2020-10-12 00:00:00+00:00,1024355.0997778719,0.00017372337297921693,0.24912161462614615,61.03432575000616,7.620541234690124,2.0672128078229557
2020-10-13 00:00:00+00:00,1024570.4216974851,0.0002102024187315286,0.24907834389610845,61.04844666378307,7.590798286140663,2.068188496783772
2020-10-14 00:00:00+00:00,1023380.9197190218,-0.001160976301163015,0.24902599802899572,61.065535705022214,7.49648770437528,2.0603042774463534
2020-10-15 00:00:00+00:00,1024466.6660049252,0.0010609405207608182,0.2493154473548886,60.97113078609655,7.590589870597874,2.0668693519959698
2020-10-16 00:00:00+00:00,1023724.6255620448,-0.0007243187772756601,0.24905121882509218,61.05730112624761,7.503110685506233,2.061790557089836
2020-10-19 00:00:00+00:00,1022741.6470224741,-0.0009601981968842705,0.0,81.24798615571784,7.352208866121829,2.0538296863822136
2020-10-20 00:00:00+00:00,1021962.3526022527,-0.0007619660571075095,0.1999341249429477,64.94132466526402,0.0,2.05463650880862
2020-10-21 00:00:00+00:00,1021455.6053709537,-0.0004958570440571635,0.20008658412853625,64.87947590175439,5.751892516131358,2.0497194349375225
2020-10-22 00:00:00+00:00,1021805.7780463623,0.00034281732222859204,0.20018584769123451,64.8392578675243,5.9000362548097645,2.0533687940062313
2020-10-23 00:00:00+00:00,1022338.6189353397,0.0005214698335295805,0.20011724403350317,64.8670493496996,5.885488778057704,2.0565591454463488
2020-10-26 00:00:00+00:00,1021579.7714214762,-0.0007422663096243449,0.20001294331724775,64.90933830914224,5.756981481669011,2.049369265444267
2020-10-27 00:00:00+00:00,1020245.7951726402,-0.0013057974385884247,0.20016151646740485,64.84911231597847,5.60354090218746,2.037438866767517
2020-10-28 00:00:00+00:00,1019906.4317775795,-0.00033262905533792145,0.2004232286059521,64.74324118511848,5.513321039261184,2.033484328779842
2020-10-29 00:00:00+00:00,1018225.504794594,-0.00164811881817021,0.20048991737777425,64.71630758233587,5.44808492119958,2.0196337050662385
2020-10-30 00:00:00+00:00,1021382.2022590297,0.0031001948483627005,0.20082089407237672,64.58290067892433,5.673221842073404,2.0453671718525075
2020-11-02 00:00:00+00:00,1022522.7733526324,0.0011166937225654057,0.20020023433724338,64.83343222372082,5.853370722294075,2.055020364715556
2020-11-03 00:00:00+00:00,1022813.7148264948,0.0002845330015569771,0.0,81.15260105973273,5.888517009796415,2.0597616372250744
2020-11-04 00:00:00+00:00,1022894.8905181477,7.93650793651089e-05,0.0,81.17569165289642,0.0,2.0627416853242995
2020-11-05 00:00:00+00:00,1022976.0726523158,7.936507936507855e-05,0.0,81.18213416810697,0.0,2.0718236328284787
2020-11-06 00:00:00+00:00,1023057.2612295104,7.936507936503391e-05,0.0,81.18857719462824,0.0,2.0611276318853258
2020-11-09 00:00:00+00:00,1023138.4562502429,7.936507936504909e-05,0.0,81.19502073250082,0.0,2.106084330911257
2020-11-10 00:00:00+00:00,1020670.0483408555,-0.0024125844301014538,0.13821173970322526,69.97846906782735,0.0,2.144668128040006
2020-11-11 00:00:00+00:00,1020654.8029288774,-1.4936670281336574e-05,0.13854599361026232,69.78256367819343,0.04166927152049327,2.1455844953770074
2020-11-12 00:00:00+00:00,1020939.5803784712,0.0002790144608897775,0.1385480630569983,69.78135372486183,0.0009348801770038273,2.1432059465706317
2020-11-13 00:00:00+00:00,1019776.9952989009,-0.0011387403347995584,0.13850941692670635,69.80395510975023,-0.016530003508731794,2.1571162836826354
2020-11-16 00:00:00+00:00,1016623.2217073233,-0.0030926110376251004,0.13866732300052573,69.71168645264147,-0.08500291374001434,2.1915110355442513
2020-11-17 00:00:00+00:00,1018430.3464409219,0.001777575698658208,0.0,80.6843826751844,0.0764950798531614,2.161178503307519
2020-11-18 00:00:00+00:00,1019000.3820356334,0.0005597197655231232,0.25000000000000006,60.62085395481677,0.0,2.151075224265893
2020-11-19 00:00:00+00:00,1017352.5041316778,-0.001617151409368181,0.24986014833635964,60.66609487503198,0.1216844605706382,2.162386648539685
2020-11-20 00:00:00+00:00,1015724.9922535187,-0.0015997521719850981,0.25026486451472496,60.535310914400576,0.03949292273458682,2.1735306257471976
2020-11-23 00:00:00+00:00,1012048.1873753694,-0.003619882257688497,0.25066586778115035,60.40614330502287,0.048801647549252314,2.1971072114090284
2020-11-24 00:00:00+00:00,1011095.5027187206,-0.0009413431776598093,0.25157654525376505,60.11433339405864,0.20249149743920447,2.2034102930219266
2020-11-25 00:00:00+00:00,1014213.8569185025,0.0030841341805961935,0.2518135882571129,60.03872350067382,0.2518624711120714,2.1847621581646584
2020-11-27 00:00:00+00:00,1014378.2178373245,0.00016205745731120205,0.2510393492195104,60.28621192922793,0.20624805015637548,2.1839319527522165
2020-11-30 00:00:00+00:00,1016392.8797994229,0.001986105307341618,0.25099867301277345,60.29925644659476,0.1600713385005037,2.171217752413943
2020-12-01 00:00:00+00:00,1017099.145105999,0.0006948743154472064,0.25050115134658885,60.4591502531105,0.20288845647728193,2.167089337224121
2020-12-02 00:00:00+00:00,1015792.6874308999,-0.0012844939270525771,0.25032720540109793,60.51520305521972,0.2497503477823093,2.1762133285374046
2020-12-03 00:00:00+00:00,1016492.3953055138,0.0006888294070943607,0.0,80.61846725642063,0.3277662664390275,2.1687116302575427
2020-12-04 00:00:00+00:00,1013709.9975921032,-0.002737253841013029,0.2355369812514861,61.67228928969531,0.0,2.1849205080720235
2020-12-07 00:00:00+00:00,1016647.9344283097,0.0028982024870870793,0.2361834753766446,61.45146407434525,0.29104618293503814,2.1650636084810646
2020-12-08 00:00:00+00:00,1018019.8518472562,0.001349451833311382,0.23550094594938276,61.68463366452037,0.44631080623674246,2.15686893390801
2020-12-09 00:00:00+00:00,1021269.744958529,0.0031923671285738796,0.23518357704018117,61.793515999357396,0.6448220157849587,2.1354923421684506
2020-12-10 00:00:00+00:00,1019916.1014132011,-0.0013254515293439038,0.23443517389725008,62.05144402406159,0.6819766081132457,2.1469625800047956
2020-12-11 00:00:00+00:00,1020836.0290280806,0.0009019640082207792,0.23474631876446428,61.94401199665461,0.6855973989779056,2.140498239316864
2020-12-14 00:00:00+00:00,1021922.7893446212,0.0010645787233580385,0.23453477683708115,62.017022124819654,0.6284316438490019,2.131541495044371
2020-12-15 00:00:00+00:00,1024113.0497837045,0.002143273896932927,0.23428536162589997,62.10327294359272,0.8030903516614771,2.1179695255515165
2020-12-16 00:00:00+00:00,1026822.9468296634,0.00264609170494531,0.23378429784282065,62.277103137170755,0.9734409191312647,2.1002807115535553
2020-12-17 00:00:00+00:00,1025694.5524429424,-0.0010989181632577462,0.0,81.4938846690209,0.930670868798237,2.1025681483258967
2020-12-18 00:00:00+00:00,1025775.9567725013,7.936507936506686e-05,0.0,81.40432955896368,0.0,2.0989239159351367
2020-12-21 00:00:00+00:00,1025857.3675627214,7.93650793650595e-05,0.0,81.41079022003979,0.0,2.098678277797429
2020-12-22 00:00:00+00:00,1025938.7848141153,7.936507936510928e-05,0.0,81.41725139386678,0.0,2.087700007413845
2020-12-23 00:00:00+00:00,1026020.2085271957,7.936507936506303e-05,0.0,81.42371308048534,0.0,2.0938832422251092
2020-12-24 00:00:00+00:00,1026101.6387024757,7.936507936510807e-05,0.0,81.43017527993617,0.0,2.093841646287461
2020-12-28 00:00:00+00:00,1026183.075340468,7.936507936509124e-05,0.0,81.43663799225997,0.0,2.0873393744506137
2020-12-29 00:00:00+00:00,1026264.5184416855,7.936507936508632e-05,0.0,81.44310121749746,0.0,2.0910232877695494
2020-12-30 00:00:00+00:00,1026345.9680066411,7.936507936505366e-05,0.0,81.44956495568933,0.0,2.092843532415352
2020-12-31 00:00:00+00:00,1026427.424035848,7.936507936506702e-05,0.0,81.45602920687628,0.0,2.089004020401664
2021-01-04 00:00:00+00:00,1026508.8865298191,7.936507936508672e-05,0.0,81.46249397109905,0.0,2.0891939463842513
2021-01-05 00:00:00+00:00,1026590.3554890675,7.93650793650731e-05,0.0,81.46895924839835,0.0,2.0878850211679993
2021-01-06 00:00:00+00:00,1026671.8309141063,7.93650793650999e-05,0.0,81.47542503881488,0.0,2.1024049275767394
2021-01-07 00:00:00+00:00,1026753.3128054488,7.936507936512745e-05,0.0,81.48189134238939,0.0,2.100479368920321
2021-01-08 00:00:00+00:00,1026834.801163608,7.936507936511607e-05,0.0,81.4883581591626,0.0,2.104193367530212
2021-01-11 00:00:00+00:00,1026916.2959890971,7.936507936502612e-05,0.0,81.49482548917524,0.0,2.0906599587414245
2021-01-12 00:00:00+00:00,1026997.7972824295,7.936507936504467e-05,0.0,81.50129333246802,0.0,2.093154797807438
2021-01-13 00:00:00+00:00,1027079.3050441187,7.936507936513204e-05,0.0,81.5077616890817,0.0,2.08626428296343
2021-01-14 00:00:00+00:00,1027160.8192746778,7.936507936513519e-05,0.0,81.51423055905704,0.0,2.085151009898621
2021-01-15 00:00:00+00:00,1027242.3399746203,7.93650793651278e-05,0.0,81.52069994243475,0.0,2.082796483353846
2021-01-19 00:00:00+00:00,1027323.8671444595,7.936507936507023e-05,0.0,81.52716983925558,0.0,2.094891617097358
2021-01-20 00:00:00+00:00,1027405.400784709,7.936507936503615e-05,0.0,81.53364024956028,0.0,2.0958416435057634
2021-01-21 00:00:00+00:00,1027486.9408958824,7.936507936509918e-05,0.0,81.5401111733896,0.0,2.0792582653303793
2021-01-22 00:00:00+00:00,1027568.4874784932,7.936507936510635e-05,0.0,81.54658261078433,0.0,2.0843815484810224
2021-01-25 00:00:00+00:00,1027650.0405330551,7.936507936513126e-05,0.0,81.55305456178517,0.0,2.0831453416072847
2021-01-26 00:00:00+00:00,1027731.6000600816,7.936507936513428e-05,0.0,81.55952702643295,0.0,2.0758966938700323
2021-01-27 00:00:00+00:00,1027813.1660600863,7.936507936507573e-05,0.0,81.56600000476838,0.0,2.069627657120962
2021-01-28 00:00:00+00:00,1027894.7385335831,7.936507936502923e-05,0.0,81.57247349683225,0.0,2.07067834980561
2021-01-29 00:00:00+00:00,1027976.3174810858,7.936507936506839e-05,0.0,81.57894750266533,0.0,2.050025156107161
2021-02-01 00:00:00+00:00,1028151.2867487645,0.00017020748893069635,0.2371185067047913,62.24000858349844,0.0,2.056671735279498
2021-02-02 00:00:00+00:00,1028311.8427618209,0.00015615991063352064,0.2370781542274799,62.25389503331421,7.055722286781009,2.0575834643511137
2021-02-03 00:00:00+00:00,1028024.4356272381,-0.0002794941404261585,0.23704113790456827,62.26663757403297,7.135402633649427,2.0560734911964147
2021-02-04 00:00:00+00:00,1025081.5412165977,-0.0028626697076951204,0.2371074080357659,62.24382748398671,6.967858393842288,2.0371843749270826
2021-02-05 00:00:00+00:00,1023071.5506392724,-0.0019608104297144085,0.23778811687479323,62.01026443552318,6.8995121783711895,2.0252392419840963
2021-02-08 00:00:00+00:00,1022240.675530024,-0.000812137830173528,0.23825529033301285,61.8507413738307,6.9675109855962685,2.0223803211954245
2021-02-09 00:00:00+00:00,1024405.8053908434,0.0021180235854896213,0.23844894374078965,61.78479890484274,7.035050393356295,2.033886741693296
2021-02-10 00:00:00+00:00,1026388.19898809,0.0019351643526563842,0.237944970680839,61.95663460808238,7.210040060191531,2.046545618538304
2021-02-11 00:00:00+00:00,1028327.0909336096,0.0018890434900081109,0.23748539740550345,62.113967433260676,7.270931890418812,2.05729153933113
2021-02-12 00:00:00+00:00,1027538.0283675852,-0.0007673264401778045,0.2370376230268376,62.26784774639715,7.263661662803437,2.052693613626728
2021-02-16 00:00:00+00:00,1025593.4448331922,-0.0018924686782466706,0.0,81.55063717203056,7.462912300844597,2.0621042090248807
2021-02-17 00:00:00+00:00,1025674.8411383376,7.936507936505161e-05,0.0,81.39630514549144,0.0,2.0610280610746017
2021-02-18 00:00:00+00:00,1025756.2439035074,7.936507936510899e-05,0.0,81.40276516970934,0.0,2.0603148815272
2021-02-19 00:00:00+00:00,1025837.653129214,7.93650793650458e-05,0.0,81.40922570662757,0.0,2.0642958012926824
2021-02-22 00:00:00+00:00,1025919.0688159702,7.936507936504936e-05,0.0,81.41568675628682,0.0,2.0689646938023434
2021-02-23 00:00:00+00:00,1026000.4909642889,7.936507936507999e-05,0.0,81.42214831872779,0.0,2.071794295800344
2021-02-24 00:00:00+00:00,1026081.919574683,7.936507936509801e-05,0.0,81.42861039399119,0.0,2.0913978770735318
2021-02-25 00:00:00+00:00,1026163.354647665,7.936507936506378e-05,0.0,81.43507298211769,0.0,2.0954982964153595
2021-02-26 00:00:00+00:00,1026244.7961837482,7.936507936505108e-05,0.0,81.44153608314802,0.0,2.0808001653793706
2021-03-01 00:00:00+00:00,1026326.2441834453,7.936507936513367e-05,0.0,81.44799969712287,0.0,2.080283129756486
2021-03-02 00:00:00+00:00,1026407.6986472694,7.936507936504501e-05,0.0,81.45446382408296,0.0,2.087846917966567
2021-03-03 00:00:00+00:00,1026489.1595757335,7.936507936508575e-05,0.0,81.460928464069,0.0,2.094183851336818
2021-03-04 00:00:00+00:00,1026570.6269693506,7.936507936510276e-05,0.0,81.4673936171217,0.0,2.0797274014893903
2021-03-05 00:00:00+00:00,1026652.1008286339,7.93650793650564e-05,0.0,81.4738592832818,0.0,2.0990637250142066
2021-03-08 00:00:00+00:00,1026733.5811540965,7.936507936513378e-05,0.0,81.48032546258999,0.0,2.108005439932728
2021-03-09 00:00:00+00:00,1026530.4157228167,-0.00019787551026765682,0.21592140647939145,63.89204938346679,0.0,2.1127684250995036
2021-03-10 00:00:00+00:00,1026659.0246525264,0.0001252850648551798,0.2159641404938912,63.87592514288903,0.2970416947514707,2.112837225327675
2021-03-11 00:00:00+00:00,1026427.4823111357,-0.00022552993333788728,0.21593708680196658,63.8861322008025,0.25774026845974096,2.1148352425647503
2021-03-12 00:00:00+00:00,1027151.1379854864,0.0007050236736854273,0.21598579806460602,63.86775582450165,0.32492295565539275,2.1102252661863043
2021-03-15 00:00:00+00:00,1026584.3056310118,-0.000551849025437763,0.21583363024570534,63.92518881452948,0.22689450833562574,2.1144053965599547
2021-03-16 00:00:00+00:00,1027766.146592112,0.001151236147501535,0.21595280358990698,63.88020211972991,0.2185838374746678,2.1055523669443788
2021-03-17 00:00:00+00:00,1027809.0024408976,4.169805449197613e-05,0.21570447679903804,63.97399902140453,0.23965718216561838,2.1058533385255873
2021-03-18 00:00:00+00:00,1028735.3054630347,0.000901240424959494,0.21569548271704603,63.977400279244655,0.17317045753994575,2.098535957395635
2021-03-19 00:00:00+00:00,1029504.9586379034,0.0007481547204432371,0.21550126426605956,64.05091639211268,0.19202352914728982,2.0928525468218244
2021-03-22 00:00:00+00:00,1029805.8164792522,0.0002922354465847295,0.21534015651146451,64.11199997741971,0.18124170761653335,2.090834370838042
2021-03-23 00:00:00+00:00,1028978.0710995127,-0.000803787827271529,0.0,81.7306203554962,0.12328562042604885,2.09430656618906
2021-03-24 00:00:00+00:00,1029059.7360257905,7.936507936504758e-05,0.0,81.66492627773911,0.0,2.107321818076972
2021-03-25 00:00:00+00:00,1029141.4074334116,7.936507936510517e-05,0.0,81.67140762109447,0.0,2.1132742444549653
2021-03-26 00:00:00+00:00,1027845.8384312599,-0.0012588833689849848,0.2201210134876779,63.698869667224905,0.0,2.1202000206422262
2021-03-29 00:00:00+00:00,1028121.9956080233,0.00026867567726390144,0.22039846945542507,63.59604673054619,0.24859336844457625,2.1186082516040683
2021-03-30 00:00:00+00:00,1028242.0725922581,0.00011679254480285691,0.22033926965292325,63.617963966797255,0.21415214180446385,2.117986732763393
2021-03-31 00:00:00+00:00,1028908.4221379126,0.000648047345480219,0.22031353867408696,63.62749388618097,0.20494421915760208,2.1133757025626445
2021-04-01 00:00:00+00:00,1029995.6861063708,0.001056715976917557,0.22017085753430976,63.680378770756725,0.3297727093151981,2.1063954213989216
2021-04-05 00:00:00+00:00,1030373.3866092638,0.0003667010532062231,0.21993844506547067,63.76666956190421,0.3011225405587965,2.1037026963460246
2021-04-06 00:00:00+00:00,1031446.2363671086,0.0010412242511186472,0.21985782297023185,63.796645792292544,0.34653541802835197,2.096170705086898
2021-04-07 00:00:00+00:00,1031004.9215833896,-0.00042786019102012394,0.2196291397836368,63.88179259847071,0.3349966744589772,2.1000521366116094
2021-04-08 00:00:00+00:00,1031756.4872935631,0.0007289642313435514,0.21972315057281244,63.846767615635855,0.3402559881942615,2.0946474061940186
2021-04-09 00:00:00+00:00,1031882.3017376605,0.00012194199469245478,0.21956309692862844,63.906415687871856,0.3317019026834229,2.094065150282664
2021-04-12 00:00:00+00:00,1032696.8502078272,0.000789381181162766,0.21953632623110036,63.91640096121292,0.35544927417127004,2.088255892343924
2021-04-13 00:00:00+00:00,1032171.5154246804,-0.0005087018354331359,0.2193631650767485,63.9810476651944,0.33415004715234886,2.092790826860295
2021-04-14 00:00:00+00:00,1032392.0418248115,0.00021365286373003893,0.2194748123166053,63.93935442843672,0.4206338128458196,2.0925003829651567
2021-04-15 00:00:00+00:00,1033356.095551321,0.0009338058484115618,0.21942793091078383,63.95685652368522,0.44854014590476,2.0855838893149876
2021-04-16 00:00:00+00:00,1033195.9474767402,-0.00015497859379769678,0.21922321898678637,64.03336872420184,0.42114300145046357,2.0870434452508597
2021-04-19 00:00:00+00:00,1032345.918284142,-0.000822718279793992,0.2192571991591921,64.02065855955257,0.36790534223028826,2.0937823160537876
2021-04-20 00:00:00+00:00,1033455.387382343,0.0010747067223794027,0.21943773459471974,63.95319592521939,0.3564548583328353,2.0851924353617717
2021-04-21 00:00:00+00:00,1032659.7602984854,-0.000769870759368531,0.2192021565635009,64.0412490282512,0.3534107808631768,2.0921311230643114
2021-04-22 00:00:00+00:00,1033740.1519097795,0.0010462222435992281,0.2193710439156637,63.97810402159584,0.3735790765675884,2.0840954401382654
2021-04-23 00:00:00+00:00,1033482.5268112627,-0.00024921649608063184,0.21914177291833478,64.06384938757157,0.3692819747958227,2.08667468720095
2021-04-26 00:00:00+00:00,1033972.9850006036,0.00047456843886288475,0.21919640027716533,64.04340295118133,0.3993007525112249,2.083538402987276
2021-04-27 00:00:00+00:00,1033563.4382899632,-0.00039609033947843986,0.21909242592662664,64.08232820430364,0.4037665736339804,2.0874600004849286
2021-04-28 00:00:00+00:00,1033102.8605905224,-0.0004456211223984401,0.2191792407064847,64.04982449710995,0.45739306736072405,2.0923787743818827
2021-04-29 00:00:00+00:00,1032182.2772476044,-0.0008910858521790907,0.21927695514935447,64.01327071144004,0.4579360892810389,2.100184103945449
2021-04-30 00:00:00+00:00,1034454.5959471607,0.0022014703697641504,0.21947252401044223,63.94020854136719,0.47902799419211206,2.0827536718794977
2021-05-03 00:00:00+00:00,1033779.8661329023,-0.0006522565774292029,0.2189904230827634,64.12055129530023,0.5141150343617096,2.089281580397903
2021-05-04 00:00:00+00:00,1033165.9577975936,-0.0005938482218707221,0.21913335425440997,64.06700131004163,0.522420164456171,2.0948239348670845
2021-05-05 00:00:00+00:00,1032477.2944929934,-0.0006665563256344548,0.21926356353173432,64.01827842628695,0.5409901971636377,2.1010194759148977
2021-05-06 00:00:00+00:00,1033599.178293104,0.0010865941615322144,0.21940981253018257,63.96362260846156,0.624230586886138,2.0940351171438745
2021-05-07 00:00:00+00:00,1034130.4234940554,0.0005139760287238758,0.2191716618820083,64.05266100529573,0.6902793153562239,2.091516717576023
2021-05-10 00:00:00+00:00,1034834.9326102255,0.0006812575088834167,0.2190590707707576,64.09482332283154,0.7276698514633677,2.087119138925556
2021-05-11 00:00:00+00:00,1035659.1078417278,0.0007964315907111958,0.21890993673258932,64.15073674474982,0.6773942947579479,2.079939855777689
2021-05-12 00:00:00+00:00,1033865.4528914196,-0.001731897046747412,0.21873572868824476,64.21614747740874,0.5508068458589561,2.0927224479324935
2021-05-13 00:00:00+00:00,1033776.0691880024,-8.645583733094189e-05,0.2191152136797141,64.07379390992395,0.5190065538583757,2.0934539769230884
2021-05-14 00:00:00+00:00,1032749.317266903,-0.0009932053485295497,0.2191341591069275,64.0666999652083,0.5384986804966674,2.102324474299667
2021-05-17 00:00:00+00:00,1033323.4703918728,0.0005559462643744534,0.21935202070710455,63.985211717502,0.6253020987895277,2.0997162552527913
2021-05-18 00:00:00+00:00,1036314.2062200569,0.002894288104236967,0.21923014052943893,64.03077942583295,0.6741188243608252,2.077093275747441
2021-05-19 00:00:00+00:00,1037483.5716960867,0.0011283889278089264,0.2185974565114414,64.26813941219675,0.6670361394181488,2.067689602566154
2021-05-20 00:00:00+00:00,1037204.5918784168,-0.0002689004677093442,0.21835107157989544,64.36094619600864,0.6467778451522961,2.070176240255682
2021-05-21 00:00:00+00:00,1035868.6601021125,-0.0012880118221275485,0.21840980207782645,64.33880494063803,0.5503392905628361,2.0800794665955427
2021-05-24 00:00:00+00:00,1036036.6158492139,0.00016214000246411492,0.21869147928854868,64.23277860918529,0.618378370701786,2.080415037474043
2021-05-25 00:00:00+00:00,1036022.3806772758,-1.3740027833296202e-05,0.2186560263998894,64.24610843038383,0.5539777857573942,2.0799227300685854
2021-05-26 00:00:00+00:00,1036866.6258892255,0.0008148909016789603,0.21865903078105833,64.24497865483318,0.6201726780346919,2.0746304956074875
2021-05-27 00:00:00+00:00,1037767.0758261656,0.0008684337160219315,0.2184809926079923,64.31198224308315,0.6495729672055766,2.068168733999716
2021-05-28 00:00:00+00:00,1036619.9304654164,-0.001105397721194781,0.2182914209780966,64.38344652379268,0.5727421239113009,2.0768806988480533
2021-06-01 00:00:00+00:00,1036112.6499257027,-0.0004893602031034916,0.21853298684375957,64.29240324119354,0.6473321448445035,2.0829365817725756
2021-06-02 00:00:00+00:00,1035059.2290158712,-0.0010167049981554337,0.2186399805490476,64.2521428808988,0.6138082426940301,2.091344490641852
2021-06-03 00:00:00+00:00,1034143.9029461673,-0.0008843224078821024,0.0,82.14755785840248,0.6666635757383417,2.084560844737246
2021-06-04 00:00:00+00:00,1034225.9778590995,7.936507936507961e-05,0.0,82.07491293223549,0.0,2.0874555333269393
2021-06-07 00:00:00+00:00,1034308.0592859137,7.936507936506413e-05,0.0,82.08142681421425,0.0,2.084416831136925
2021-06-08 00:00:00+00:00,1034390.1472271269,7.93650793650735e-05,0.0,82.08794121316775,0.0,2.082351291316959
2021-06-09 00:00:00+00:00,1034472.241683256,7.936507936506802e-05,0.0,82.09445612913706,0.0,2.069467176309776
2021-06-10 00:00:00+00:00,1034722.1515292285,0.00024158197378588506,0.23882284048883315,62.493384326794455,0.0,2.073547277650845
2021-06-11 00:00:00+00:00,1035076.5239177499,0.0003424807210298866,0.23876515913041912,62.51321844155417,7.140154967783202,2.0754282932508543
2021-06-14 00:00:00+00:00,1035407.0157125252,0.00031929213651223564,0.23868341466246765,62.54134323429397,7.155045323023636,2.0772291143396155
2021-06-15 00:00:00+00:00,1035058.5578965982,-0.0003365418725574243,0.238607229250453,62.56757274181582,7.234555955460058,2.075174928538428
2021-06-16 00:00:00+00:00,1034581.6454495065,-0.00046075890436666226,0.23868755760804655,62.5399173595994,7.169166542706785,2.0715350277705182
2021-06-17 00:00:00+00:00,1034399.9611682777,-0.00017561135172649447,0.23879758572200924,62.50206716538576,7.058693818135735,2.0693852937751593
2021-06-18 00:00:00+00:00,1031399.4791310205,-0.0029006981340837924,0.23883952865448196,62.487647777986645,6.741610053695926,2.0480092117848825
2021-06-21 00:00:00+00:00,1031635.7376504123,0.0002290659673309276,0.23953434548347488,62.24951428296624,6.87168923689107,2.0503484844614404
2021-06-22 00:00:00+00:00,1031081.450464205,-0.0005372896323557566,0.23947948888269804,62.26826495910843,6.862184002725299,2.046682515068129
2021-06-23 00:00:00+00:00,1030242.8588635114,-0.0008133126634332352,0.2396082278993755,62.22427391258405,6.815765010451789,2.0409872637284514
2021-06-24 00:00:00+00:00,1030144.7564814745,-9.522257901896712e-05,0.0,81.76530625900884,6.873897701396614,2.0450916033029167
2021-06-25 00:00:00+00:00,1029491.9271902204,-0.0006337257818831496,0.25,61.31814026675444,0.0,2.0448386790597137
2021-06-28 00:00:00+00:00,1027627.0093795169,-0.0018114933798397122,0.25015853191123016,61.26632841824221,7.132432842481869,2.0318063931329444
2021-06-29 00:00:00+00:00,1027832.8542169328,0.00020031084774633988,0.25061251482273655,61.11831906818638,7.136060083001408,2.0327507937641633
2021-06-30 00:00:00+00:00,1028607.983698165,0.0007541396230448397,0.25056232447110843,61.13465596004478,7.214362270085029,2.037622827950961
2021-07-01 00:00:00+00:00,1030211.3616264234,0.0015587842537384787,0.2503735078882492,61.19617417284099,7.347638437275827,2.047745686736128
2021-07-02 00:00:00+00:00,1030045.8201351257,-0.00016068692062998333,0.2499838370194142,61.32342638936943,7.324597705643186,2.0463020803385294
2021-07-06 00:00:00+00:00,1029833.1012610444,-0.0002065139918274368,0.25002401260808377,61.310288175774375,7.21589207549469,2.044260238168341
2021-07-07 00:00:00+00:00,1030483.8018683721,0.0006318505460068751,0.250075656730214,61.293405725450455,7.22205302774116,2.048158423158165
2021-07-08 00:00:00+00:00,1030240.1020064466,-0.00023649072550554245,0.24991774606590542,61.345048630793926,7.189052179379276,2.046169804361644
2021-07-09 00:00:00+00:00,1030536.0393598706,0.0002872508581714844,0.2499768632756611,61.325707371910944,7.258332205094765,2.047828668300477
2021-07-12 00:00:00+00:00,1031128.764859345,0.0005751623202257165,0.2499050778275937,61.349194463452534,7.295467036321573,2.0513683589555183
2021-07-13 00:00:00+00:00,1030755.6250063233,-0.00036187512727628305,0.24976142446719427,61.39623616976003,7.239555100853295,2.048532996064386
2021-07-14 00:00:00+00:00,1030268.6547561453,-0.0004724400608291851,0.24985183963346183,61.36662189571069,7.1437108186066185,2.044902479496027
2021-07-15 00:00:00+00:00,1030498.6129177564,0.00022320213329749303,0.24996993544496893,61.32797346315689,7.121617620708592,2.046116074097903
2021-07-16 00:00:00+00:00,1029200.8368823825,-0.001259367086093777,0.24991415407263867,61.3462241109038,6.941282012840493,2.036944471206563
2021-07-19 00:00:00+00:00,1028706.50339584,-0.00048030808839991644,0.2502292845976377,61.24322601285825,6.818157043089181,2.033286638620016
2021-07-20 00:00:00+00:00,1028222.768289019,-0.0004702362678024218,0.0,81.64337328538413,6.7989273116989,2.0299199799315537
2021-07-21 00:00:00+00:00,1028449.0285578148,0.00022004985278848744,0.25000000000000006,61.203736207679704,0.0,2.0438042924384994
2021-07-22 00:00:00+00:00,1028042.590684795,-0.00039519496030801326,0.2499449996396241,61.22169337186983,7.428268034357527,2.0406994908806104
2021-07-23 00:00:00+00:00,1028126.4242209933,8.154675395540128e-05,0.25004381569544315,61.18943639782065,7.418365045765274,2.040810639267286
2021-07-26 00:00:00+00:00,1029006.5410634469,0.0008560395119894534,0.2500234270965506,61.19608985307448,7.565707099259707,2.0465451608693512
2021-07-27 00:00:00+00:00,1029760.6401811722,0.0007328419088045195,0.24980958022540417,61.26594039612636,7.579085679251515,2.0506475406307234
2021-07-28 00:00:00+00:00,1030539.7656195082,0.0007566082912228747,0.24962664335959606,61.325789532453754,7.6644457913057495,2.0552885378885635
2021-07-29 00:00:00+00:00,1031432.4078637279,0.0008661890341349926,0.24943791656377853,61.38762488470265,7.766832891083056,2.060604452040452
2021-07-30 00:00:00+00:00,1032256.705506966,0.0007991775679662396,0.2492220431629261,61.45846950725978,7.754257708923485,2.0650872570933063
2021-08-02 00:00:00+00:00,1031485.1952341971,-0.0007474015607290252,0.0,81.92513535769571,7.758248973745119,2.0648318048570644
2021-08-03 00:00:00+00:00,1031567.0591385807,7.936507936503007e-05,0.0,81.86390438366644,0.0,2.06625966170652
2021-08-04 00:00:00+00:00,1031648.9295400996,7.936507936503097e-05,0.0,81.87040151893497,0.0,2.059679131599055
2021-08-05 00:00:00+00:00,1031730.8064392695,7.93650793651038e-05,0.0,81.87689916984917,0.0,2.064042694261822
2021-08-06 00:00:00+00:00,1031812.6898366059,7.936507936509605e-05,0.0,81.88339733644996,0.0,2.0643707438328622
2021-08-09 00:00:00+00:00,1031894.5797326247,7.936507936508091e-05,0.0,81.88989601877824,0.0,2.0542086164380886
2021-08-10 00:00:00+00:00,1031976.4761278416,7.936507936513152e-05,0.0,81.89639521687498,0.0,2.0603966040051405
2021-08-11 00:00:00+00:00,1032058.3790227724,7.93650793650954e-05,0.0,81.90289493078109,0.0,2.0670041586007435
2021-08-12 00:00:00+00:00,1032140.2884179329,7.93650793650457e-05,0.0,81.9093951605375,0.0,2.0761989929295126
2021-08-13 00:00:00+00:00,1032222.2043138391,7.936507936505557e-05,0.0,81.91589590618516,0.0,2.075787189708085
2021-08-16 00:00:00+00:00,1032304.1267110069,7.936507936508529e-05,0.0,81.92239716776501,0.0,2.075368188094995
2021-08-17 00:00:00+00:00,1032386.0556099522,7.936507936509522e-05,0.0,81.92889894531801,0.0,2.077759162706664
2021-08-18 00:00:00+00:00,1032467.991011191,7.936507936504567e-05,0.0,81.93540123888509,0.0,2.0550692811125457
2021-08-19 00:00:00+00:00,1032549.9329152396,7.936507936512254e-05,0.0,81.94190404850723,0.0,2.044610024216941
2021-08-20 00:00:00+00:00,1032631.8813226138,7.936507936506061e-05,0.0,81.94840737422537,0.0,2.0475119559858483
2021-08-23 00:00:00+00:00,1032713.8362338298,7.936507936504573e-05,0.0,81.95491121608046,0.0,2.04691408706076
2021-08-24 00:00:00+00:00,1032795.7976494039,7.936507936503823e-05,0.0,81.96141557411347,0.0,2.0493924355732482
2021-08-25 00:00:00+00:00,1032877.7655698523,7.936507936511115e-05,0.0,81.96792044836539,0.0,2.0556325789997665
2021-08-26 00:00:00+00:00,1032959.7399956912,7.93650793651121e-05,0.0,81.97442583887717,0.0,2.0520237979455835
2021-08-27 00:00:00+00:00,1033041.720927437,7.936507936511413e-05,0.0,81.98093174568977,0.0,2.054002907048485
2021-08-30 00:00:00+00:00,1033123.7083656058,7.936507936507756e-05,0.0,81.9874381688442,0.0,2.058929592529661
2021-08-31 00:00:00+00:00,1033205.7023107142,7.936507936507546e-05,0.0,81.99394510838141,0.0,2.048630500275495
2021-09-01 00:00:00+00:00,1033287.7027632785,7.936507936506812e-05,0.0,82.0004525643424,0.0,2.0467352216796826
2021-09-02 00:00:00+00:00,1033369.7097238153,7.936507936512855e-05,0.0,82.00696053676813,0.0,2.0519955994572077
2021-09-03 00:00:00+00:00,1033451.723192841,7.93650793651044e-05,0.0,82.01346902569964,0.0,2.052621391794556
2021-09-07 00:00:00+00:00,1033533.7431708722,7.936507936506869e-05,0.0,82.01997803117786,0.0,2.051543974474755
2021-09-08 00:00:00+00:00,1033615.7696584255,7.93650793650944e-05,0.0,82.02648755324383,0.0,2.047338387517228
2021-09-09 00:00:00+00:00,1033697.8026560174,7.93650793650292e-05,0.0,82.03299759193852,0.0,2.045148129706429
2021-09-10 00:00:00+00:00,1033779.8421641646,7.93650793650587e-05,0.0,82.03950814730297,0.0,2.0498641320550712
2021-09-13 00:00:00+00:00,1033861.888183384,7.936507936503059e-05,0.0,82.04601921937815,0.0,2.051021807406325
2021-09-14 00:00:00+00:00,1033943.9407141922,7.936507936513043e-05,0.0,82.05253080820508,0.0,2.0422051050388887
2021-09-15 00:00:00+00:00,1034025.9997571061,7.936507936509334e-05,0.0,82.05904291382478,0.0,2.0439625440535805
2021-09-16 00:00:00+00:00,1034108.0653126424,7.936507936510484e-05,0.0,82.06555553627825,0.0,2.040396626676792
2021-09-17 00:00:00+00:00,1034190.137381318,7.936507936512527e-05,0.0,82.07206867560653,0.0,2.0400430669009575
2021-09-20 00:00:00+00:00,1034272.2159636499,7.936507936511495e-05,0.0,82.07858233185064,0.0,2.0341725943124875
2021-09-21 00:00:00+00:00,1033701.1113101493,-0.0005521802139570134,0.25000000000000006,61.563822378788686,0.0,2.0403069340141076
2021-09-22 00:00:00+00:00,1034981.1749015509,0.0012383304781196961,0.25013812132135005,61.51849661263784,7.5415783410209585,2.0485964038783986
2021-09-23 00:00:00+00:00,1035938.7863602511,0.0009252452913371649,0.24982875076496722,61.62008896116178,7.7139369470124155,2.0547763019068044
2021-09-24 00:00:00+00:00,1035677.8583784758,-0.000251875868739441,0.24959781156508856,61.69608987058243,7.717300335577686,2.053053484929952
2021-09-27 00:00:00+00:00,1036703.0919086259,0.0009899154663355614,0.2496606950695493,61.675381300600264,7.894479713353262,2.0596525012729874
2021-09-28 00:00:00+00:00,1035457.9981580701,-0.0012010128649886462,0.0,82.27802316735126,7.8475805652063375,2.05501415798672
2021-09-29 00:00:00+00:00,1035540.1773642731,7.936507936503048e-05,0.0,82.17920620302144,0.0,2.056268641650457
2021-09-30 00:00:00+00:00,1035622.3630926354,7.936507936512947e-05,0.0,82.18572836224389,0.0,2.0488994424692955
2021-10-01 00:00:00+00:00,1035704.5553436745,7.936507936506854e-05,0.0,82.19225103909805,0.0,2.0539206104450702
2021-10-04 00:00:00+00:00,1035786.7541179081,7.936507936503291e-05,0.0,82.19877423362496,0.0,2.0508533262820556
2021-10-05 00:00:00+00:00,1035868.959415854,7.936507936509528e-05,0.0,82.20529794586572,0.0,2.0609226668524627
2021-10-06 00:00:00+00:00,1035951.1712380298,7.936507936510356e-05,0.0,82.21182217586143,0.0,2.0669369669369235
2021-10-07 00:00:00+00:00,1036033.3895849535,7.936507936513049e-05,0.0,82.21834692365316,0.0,2.07059703182659
2021-10-08 00:00:00+00:00,1034347.9533709119,-0.001626816501268234,0.25000000000000006,61.668654141961525,0.0,2.076768839380273
2021-10-11 00:00:00+00:00,1034849.5803575966,0.0004849692843205757,0.25040736683640863,61.53488936306932,0.28150158859548213,2.0738518453218453
2021-10-12 00:00:00+00:00,1034074.7577652216,-0.0007487296773191345,0.25028598582098954,61.57470102867922,0.2107262472533531,2.078991201146281
2021-10-13 00:00:00+00:00,1033267.3414024509,-0.00078081043629346,0.25047352278087825,61.51320717214152,0.17706826061466163,2.0844777635031457
2021-10-14 00:00:00+00:00,1033181.3170315666,-8.325470808699839e-05,0.25066924794573214,61.44912650842956,0.21743494282505038,2.085542150349472
2021-10-15 00:00:00+00:00,1033183.791411848,2.394913884538422e-06,0.2506901190784163,61.442299177406994,0.2423300799153636,2.0860113788773624
2021-10-18 00:00:00+00:00,1033137.4414513799,-4.486129268906751e-05,0.2506895186986072,61.44249555679442,0.23202900685822336,2.0866534894267916
2021-10-19 00:00:00+00:00,1031522.9693047494,-0.0015626886432094313,0.25070076545902387,61.4388169885033,0.20005549057610983,2.0970348355816073
2021-10-20 00:00:00+00:00,1030003.9373884111,-0.0014726108497245443,0.25109314586645715,61.310684278453245,0.13110687933150467,2.1065277102876308
2021-10-21 00:00:00+00:00,1030073.1614368559,6.720755710923487e-05,0.2514634536766506,61.19012618985497,0.07440313223476092,2.106446695899123
2021-10-22 00:00:00+00:00,1029231.2525273185,-0.0008173292354913698,0.0,81.75183820927428,0.06384544944385007,2.1099468487949915
2021-10-25 00:00:00+00:00,1029111.2225055373,-0.00011662104263398504,0.25000000000000006,61.26376503138801,0.0,2.107255979357948
2021-10-26 00:00:00+00:00,1031390.8714483255,0.002215162844340535,0.250029158661172,61.254238839183145,0.5311346860226793,2.093730372809965
2021-10-27 00:00:00+00:00,1031366.6765145707,-2.345854944475667e-05,0.2494765275268594,61.43516335845205,0.4532561999120204,2.093471014787109
2021-10-28 00:00:00+00:00,1030243.0803889886,-0.0010894244997125839,0.24948238002160672,61.433243125614375,0.4135028327693224,2.1012562710299285
2021-10-29 00:00:00+00:00,1028582.3571668152,-0.0016119722168348486,0.24975446865867618,61.344068829933256,0.32002058258386135,2.1121323269023295
2021-11-01 00:00:00+00:00,1030752.7690498246,0.0021101002441726384,0.25015771594660896,61.21226539960203,0.48786718637954096,2.099327445589082
2021-11-02 00:00:00+00:00,1030435.6708251811,-0.00030763751906852604,0.24963096957675202,61.38452031095198,0.4192197665423414,2.101240046621686
2021-11-03 00:00:00+00:00,1030232.3594709893,-0.00019730620741120853,0.24970778906147098,61.35935378518662,0.3752229431551506,2.1026665564434577
2021-11-04 00:00:00+00:00,1030042.7612534998,-0.00018403442266840003,0.24975706768126932,61.343217963425374,0.3837025587212013,2.10443514473109
2021-11-05 00:00:00+00:00,1029667.4907575615,-0.00036432516207538033,0.2498030400395238,61.32817048584684,0.38772502089245053,2.1074087003970976
2021-11-08 00:00:00+00:00,1028384.693344699,-0.0012458365679960798,0.0,81.719642123616,0.44775284519204184,2.1042335034097492
2021-11-09 00:00:00+00:00,1028466.3111775041,7.936507936509067e-05,0.0,81.61783280513484,0.0,2.1068083626192227
2021-11-10 00:00:00+00:00,1028547.9354879151,7.936507936509662e-05,0.0,81.62431041091303,0.0,2.1100997368850174
2021-11-11 00:00:00+00:00,1028629.5662764459,7.936507936509709e-05,0.0,81.63078853078692,0.0,2.1122492448596764
2021-11-12 00:00:00+00:00,1028711.2035436106,7.936507936505242e-05,0.0,81.6372671647973,0.0,2.1182103939985013
2021-11-15 00:00:00+00:00,1025064.2500725623,-0.003545167446884697,0.25,61.23280973473872,0.0,2.13943850219019
2021-11-16 00:00:00+00:00,1026411.0305262514,0.0013138497938971411,0.25088944509351246,60.943368983068225,0.25760355326648376,2.1314919800750403
2021-11-17 00:00:00+00:00,1027985.1266494096,0.0015335923683041269,0.250560246565204,61.050256320662605,0.2958279069825489,2.1217508665540774
2021-11-18 00:00:00+00:00,1028333.5704726076,0.00033895803953281164,0.2501765776749532,61.17518458440532,0.2732486988220071,2.119704855885457
2021-11-19 00:00:00+00:00,1027289.8608445569,-0.0010149524026245753,0.2500918070463336,61.20283885608769,0.09233243295455895,2.1264944523304425
2021-11-22 00:00:00+00:00,1025721.7608572775,-0.0015264435550743412,0.2503458962151844,61.12000475862336,0.04977962469111308,2.1370764784764202
2021-11-23 00:00:00+00:00,1024801.8474323546,-0.0008968449924998405,0.25072861930018786,60.99555237868054,0.06111311352377191,2.1432975208524834
2021-11-24 00:00:00+00:00,1024636.6111961699,-0.00016123725440066205,0.2509536858566978,60.92254337670253,0.08249018755524928,2.1447158640704624
2021-11-26 00:00:00+00:00,1024246.7661857335,-0.0003804714824519732,0.2509941554651956,60.90942938970375,-0.07165392827520356,2.147826233471522
2021-11-29 00:00:00+00:00,1025100.2184290945,0.0008332486579765075,0.2510896879309911,60.87848930951038,0.013949854182998989,2.1426162188577127
2021-11-30 00:00:00+00:00,1024425.52252505,-0.0006581755538775344,0.0,81.35716019278529,-0.0904434782114798,2.1471253206098866
2021-12-01 00:00:00+00:00,1025552.4254940668,0.0011000340622509765,0.25000000000000006,60.97770967411012,0.0,2.1389630261321315
2021-12-02 00:00:00+00:00,1024002.3937608204,-0.0015114115034145284,0.24972529367075658,61.06714641768288,0.31543361887961696,2.149871839903829
2021-12-03 00:00:00+00:00,1024236.9488051193,0.00022905712499111692,0.2501033026794683,60.94412802615538,0.2970323399173571,2.1485858369861486
2021-12-06 00:00:00+00:00,1023358.5638109826,-0.0008575994013507951,0.2500460278552123,60.962743505861646,0.28288494042768275,2.154787330649452
2021-12-07 00:00:00+00:00,1021891.0028207591,-0.0014340633304111457,0.2502606512398973,60.8930304110889,0.2404967207254547,2.1645926237571294
2021-12-08 00:00:00+00:00,1021628.345625038,-0.00025703053945678474,0.25062005627246325,60.776557316626715,0.22692169631950576,2.1666223866397045
2021-12-09 00:00:00+00:00,1022603.4472292856,0.0009544582513037159,0.25068448984212083,60.755711507442506,0.2870327559127981,2.160974831198281
2021-12-10 00:00:00+00:00,1023083.9377136464,0.000469869806974261,0.25044545011575636,60.833100523652625,0.3280132608483728,2.158467828896795
2021-12-13 00:00:00+00:00,1023808.5174273541,0.0007082309544678609,0.25032782862723896,60.871234689078086,0.2921521065942463,2.1538615905160947
2021-12-14 00:00:00+00:00,1023296.9068270787,-0.0004997131705458343,0.25015066418358345,60.92874101556282,0.2563938741850589,2.1574620091705046
2021-12-15 00:00:00+00:00,1021813.7239853133,-0.0014494159338018795,0.0,81.21404022437132,0.2771172822009713,2.1535530284411224
2021-12-16 00:00:00+00:00,1021894.8203126137,7.936507936507409e-05,0.0,81.09632730042169,0.0,2.161867578424429
2021-12-17 00:00:00+00:00,1021975.9230761306,7.936507936503466e-05,0.0,81.1027635168741,0.0,2.1520883061957825
2021-12-20 00:00:00+00:00,1022057.0322763748,7.936507936512832e-05,0.0,81.10920024413734,0.0,2.1593173223203164
2021-12-21 00:00:00+00:00,1022138.147913857,7.936507936508758e-05,0.0,81.11563748225197,0.0,2.161201212258099
2021-12-22 00:00:00+00:00,1022219.2699890883,7.936507936510057e-05,0.0,81.12207523125849,0.0,2.1611482720672415
2021-12-23 00:00:00+00:00,1022300.3985025795,7.936507936512765e-05,0.0,81.12851349119748,0.0,2.1630739674770654
2021-12-27 00:00:00+00:00,1022381.5334548417,7.936507936512913e-05,0.0,81.1349522621095,0.0,2.1730323302354644
2021-12-28 00:00:00+00:00,1022462.6748463857,7.936507936506535e-05,0.0,81.14139154403506,0.0,2.174261966404249
2021-12-29 00:00:00+00:00,1022543.8226777228,7.936507936512439e-05,0.0,81.14783133701474,0.0,2.1730185825446737
2021-12-30 00:00:00+00:00,1022624.9769493638,7.936507936503884e-05,0.0,81.15427164108911,0.0,2.1738508270781325
2021-12-31 00:00:00+00:00,1022706.1376618202,7.93650793651106e-05,0.0,81.16071245629871,0.0,2.169441983675467
2022-01-03 00:00:00+00:00,1022787.3048156028,7.936507936507229e-05,0.0,81.16715378268414,0.0,2.1625035823015724
2022-01-04 00:00:00+00:00,1022868.4784112232,7.936507936511193e-05,0.0,81.17359562028594,0.0,2.156902020366619
2022-01-05 00:00:00+00:00,1022949.6584491923,7.936507936507602e-05,0.0,81.18003796914469,0.0,2.156429669386838
2022-01-06 00:00:00+00:00,1023030.8449300216,7.936507936503871e-05,0.0,81.18648082930098,0.0,2.1521453456772695
2022-01-07 00:00:00+00:00,1023112.0378542223,7.936507936507412e-05,0.0,81.19292420079536,0.0,2.158631569055693
2022-01-10 00:00:00+00:00,1023193.237222306,7.936507936502881e-05,0.0,81.19936808366845,0.0,2.161585308178892
2022-01-11 00:00:00+00:00,1023274.4430347839,7.936507936509067e-05,0.0,81.20581247796079,0.0,2.159319678300156
2022-01-12 00:00:00+00:00,1023355.6552921677,7.936507936510624e-05,0.0,81.21225738371301,0.0,2.1570569121273806
2022-01-13 00:00:00+00:00,1023436.8739949686,7.936507936503586e-05,0.0,81.21870280096569,0.0,2.1557389649839136
2022-01-14 00:00:00+00:00,1023518.0991436983,7.93650793650674e-05,0.0,81.22514872975941,0.0,2.1597833021836257
2022-01-18 00:00:00+00:00,1023599.3307388684,7.936507936504741e-05,0.0,81.2315951701348,0.0,2.1545838018174077
2022-01-19 00:00:00+00:00,1023680.5687809906,7.936507936504998e-05,0.0,81.23804212213241,0.0,2.1518440435667134
2022-01-20 00:00:00+00:00,1023761.8132705763,7.936507936503544e-05,0.0,81.2444895857929,0.0,2.1451388946952514
2022-01-21 00:00:00+00:00,1023843.0642081375,7.936507936507785e-05,0.0,81.25093756115685,0.0,2.1447949523208556
2022-01-24 00:00:00+00:00,1023924.3215941857,7.93650793650238e-05,0.0,81.25738604826488,0.0,2.1393344087705337
2022-01-25 00:00:00+00:00,1024005.5854292328,7.936507936506107e-05,0.0,81.2638350471576,0.0,2.1604465609990253
2022-01-26 00:00:00+00:00,1024086.8557137906,7.936507936503625e-05,0.0,81.27028455787561,0.0,2.1746790253174306
2022-01-27 00:00:00+00:00,1021510.6602165132,-0.002515602541819377,0.25000000000000006,60.95755093534468,0.0,2.181617457304836
2022-01-28 00:00:00+00:00,1027195.025381952,0.005564665535877924,0.25063048668937327,60.753090975243296,0.49878136775172743,2.1454919346835384
2022-01-31 00:00:00+00:00,1027900.1828689689,0.0006864884170898126,0.24924352980900452,61.204231067738434,0.5645681572273584,2.141702717940411
2022-02-01 00:00:00+00:00,1029895.0161868165,0.0019406877740597345,0.24907254439226414,61.260195947660414,0.842487145876704,2.132196403613376
2022-02-02 00:00:00+00:00,1028766.2459152525,-0.0010960051789970669,0.24859010860773692,61.41851605225149,0.7689952942509877,2.1394665846470176
2022-02-03 00:00:00+00:00,1029397.9552460286,0.0006140455456079991,0.24886286359509718,61.328931110063884,0.7812235528733693,2.1355660717908274
2022-02-04 00:00:00+00:00,1029527.3130843486,0.0001256635858471731,0.24871014423887977,61.37906677123659,0.8128163834471536,2.135633294733242
2022-02-07 00:00:00+00:00,1028409.0231453906,-0.0010862168732636544,0.0,81.70851691145623,0.8129694595284975,2.147337422144047
2022-02-08 00:00:00+00:00,1028490.6429091323,7.936507936511602e-05,0.0,81.61976374169767,0.0,2.146683130919827
2022-02-09 00:00:00+00:00,1028572.269150633,7.93650793650769e-05,0.0,81.62624150072479,0.0,2.168457690296265
2022-02-10 00:00:00+00:00,1029055.6484470271,0.00046995170965791883,0.25000000000000006,61.224539830394825,0.0,2.1627038958207176
2022-02-11 00:00:00+00:00,1028330.2978358355,-0.0007048701518583921,0.24988256726030234,61.262903266616576,0.35658987197476133,2.1683406392241515
2022-02-14 00:00:00+00:00,1028264.4581666308,-6.402579924293648e-05,0.25005882626314396,61.205335757791836,0.2919342472284454,2.168763357229936
2022-02-15 00:00:00+00:00,1030799.0463142213,0.0024649185600653985,0.2500748375044857,61.20011038722005,0.37839917939541046,2.1524414084850814
2022-02-16 00:00:00+00:00,1031176.0147305533,0.0003657050495727813,0.24945993907067765,61.40126817671135,0.40246509843510303,2.1504391770462328
2022-02-17 00:00:00+00:00,1032328.3012655352,0.001117448930659051,0.24936874366191486,61.43118630499167,0.46346483138906125,2.1433148693594677
2022-02-18 00:00:00+00:00,1031270.4190655728,-0.0010247536550780684,0.2490903978631852,61.52263761729182,0.37667514125164603,2.1504048674745495
2022-02-22 00:00:00+00:00,1030683.5983605069,-0.0005690269925492164,0.0,81.84685865599783,0.34977370962497667,2.149668273379638
2022-02-23 00:00:00+00:00,1030765.3986460911,7.936507936508876e-05,0.0,81.80028558416721,0.0,2.171866510981539
2022-02-24 00:00:00+00:00,1028720.85561532,-0.0019835192697160594,0.25000000000000006,61.35508325274352,0.0,2.1733626843363605
2022-02-25 00:00:00+00:00,1025323.2855050062,-0.0033027133568528672,0.250496865359444,61.19281793284105,-0.02926625804932259,2.1954342730710907
2022-02-28 00:00:00+00:00,1021745.4512484124,-0.00348946942605681,0.2513269261553942,60.92316951138756,-0.18016684851743925,2.2178641565630834
2022-03-01 00:00:00+00:00,1020574.9613981044,-0.0011455787240136734,0.0,81.09090882923908,-0.4397837446035393,2.2546573268585206
2022-03-02 00:00:00+00:00,1020537.512267334,-3.669415004959444e-05,0.25,60.74850960703003,0.0,2.2697136243643254
2022-03-03 00:00:00+00:00,1019341.9914404169,-0.0011714619134979628,0.2500091738741399,60.745537453794284,0.274552669530274,2.2779136904906365
2022-03-04 00:00:00+00:00,1020504.5846008338,0.0011405329812559648,0.25030239359509393,60.6506548484834,0.43327022366464574,2.2716770944365896
2022-03-07 00:00:00+00:00,1021469.8120910089,0.0009458335658066588,0.25001724068620873,60.74292414692919,0.6052383580092724,2.2674262260469162
2022-03-08 00:00:00+00:00,1013992.6234131892,-0.007320029030043906,0.2497809894422938,60.81952950329229,0.26032365094884913,2.3129539715036365
2022-03-09 00:00:00+00:00,1011992.223347657,-0.001972795481291237,0.2516228762007061,60.226101830449444,-0.037331263379067,2.3250499138090888
2022-03-10 00:00:00+00:00,1010386.3944482116,-0.0015867996437100085,0.25212025790624554,60.067339920486575,-0.021131648360968258,2.334666698489925
2022-03-11 00:00:00+00:00,1009847.4182303151,-0.0005334357438481788,0.2525209580725443,59.93989318243536,-0.07165058609790509,2.338227925226127
2022-03-14 00:00:00+00:00,1010123.668562837,0.0002735565071859723,0.2526557336717731,59.897117292126104,-0.18502830120844016,2.337573580519082
2022-03-15 00:00:00+00:00,1013352.5289199433,0.0031965000500386313,0.25258663695360617,59.91904192169134,-0.19282003035102036,2.3192082296120202
2022-03-16 00:00:00+00:00,1013168.3024212905,-0.00018179902195445102,0.25178181636499664,60.17530068019184,-0.21312798141931122,2.3208196999393325
2022-03-17 00:00:00+00:00,1012826.6310813581,-0.0003372305855956475,0.25182759837608254,60.16067952950512,-0.1594995698633117,2.322815082613691
2022-03-18 00:00:00+00:00,1012364.1702120074,-0.0004566041760345014,0.2519125509931729,60.1335627564946,-0.19026160319330376,2.3260938254678365
2022-03-21 00:00:00+00:00,1011684.5206348879,-0.000671348904986605,0.0,80.34636271523868,-0.04118068785655171,2.3234012711828185
2022-03-22 00:00:00+00:00,1011202.8697073049,-0.00047608806674310486,0.24999999999999997,60.21931670445761,0.0,2.3203891667909975
2022-03-23 00:00:00+00:00,1011071.7686862148,-0.0001296485848858442,0.2501190787086379,60.181090440363725,0.29887631891153643,2.3218827377871634
2022-03-24 00:00:00+00:00,1011082.435073822,1.0549585041907528e-05,0.25015151049798107,60.17068559742007,0.31187650043209225,2.322298419704729
2022-03-25 00:00:00+00:00,1010438.2354616872,-0.0006371385653513008,0.2501488715311877,60.171532136119055,0.33691991344236016,2.3272024080277487
2022-03-28 00:00:00+00:00,1010119.3217309734,-0.0003156192229484015,0.2503083526358816,60.12040518277502,0.23231089971430907,2.329142653772023
2022-03-29 00:00:00+00:00,1011595.6237147134,0.001461512468853787,0.2503873797061005,60.09509456922631,0.291801441966997,2.3199042052916568
2022-03-30 00:00:00+00:00,1012550.7355190382,0.0009441636380528091,0.25002196948021777,60.21226139333266,0.3825311203839188,2.3144155525414773
2022-03-31 00:00:00+00:00,1013697.8461206672,0.0011328919740905624,0.24978613049851117,60.28806391748542,0.3973213579220407,2.3069589014151806
2022-04-01 00:00:00+00:00,1013032.7397125302,-0.0006561189911592662,0.24950347001981799,60.379104441424225,0.3760757570723252,2.311850514541327
2022-04-04 00:00:00+00:00,1012996.0287070338,-3.623871574648651e-05,0.24966728146465805,60.326318218556196,0.3781036029946332,2.312539480334498
2022-04-05 00:00:00+00:00,1013446.5250469835,0.00044471678780879975,0.2496763294141883,60.32340464669142,0.3852679348365413,2.3098787801980314
2022-04-06 00:00:00+00:00,1013200.2467531218,-0.0002430106451351647,0.24956534351627135,60.359158324465206,0.3944945017475219,2.3120946049130766
2022-04-07 00:00:00+00:00,1012786.2981275617,-0.00040855559094727983,0.24962600529286008,60.339612428126976,0.4209007860678131,2.3156094244213223
2022-04-08 00:00:00+00:00,1012465.4997789944,-0.0003167483102411869,0.24972803307698996,60.30675936260633,0.4677309304959407,2.3186668897097915
2022-04-11 00:00:00+00:00,1012603.7938546723,0.00013659139566550536,0.24980715907251233,60.28129917621209,0.3689230838875126,2.3172391876899368
2022-04-12 00:00:00+00:00,1011474.2969613117,-0.0011154381409741517,0.24977304222407531,60.292274896504004,0.3806626813015572,2.3254007287058904
2022-04-13 00:00:00+00:00,1011079.5452388839,-0.0003902736071630326,0.2500519597171692,60.202632285919826,0.38504532453602525,2.3284721033289
2022-04-14 00:00:00+00:00,1012593.1697743176,0.0014970380348027878,0.25014958649862234,60.17130278413984,0.5034870389468264,2.319796641533609
2022-04-18 00:00:00+00:00,1010910.0918472204,-0.0016621462373406387,0.24977566283119595,60.29143171552347,0.4410903772180379,2.330856296388345
2022-04-19 00:00:00+00:00,1012086.4989494561,0.0011637109093312924,0.25019151772099046,60.15785410226179,0.4684751684098065,2.3236702936533176
2022-04-20 00:00:00+00:00,1011941.6953923536,-0.00014307428984861893,0.24990070554369967,60.25121974529637,0.4644311352222841,2.3250047049779816
2022-04-21 00:00:00+00:00,1018687.9618222188,0.0066666552634236315,0.24993646502594052,60.23972739949456,0.7756504095853032,2.282109598434944
2022-04-22 00:00:00+00:00,1019400.4078042818,0.0006993760687900347,0.24828125946074708,60.7751453701188,0.7182418987687433,2.2761733937276967
2022-04-25 00:00:00+00:00,1019496.2521803821,9.40203431022613e-05,0.24810773884571677,60.83168870202856,0.6165952439164402,2.2741788017569218
2022-04-26 00:00:00+00:00,1019894.2670720802,0.0003904034868659854,0.24808441386400695,60.83929539854446,0.6434062758668615,2.2720310781973225
2022-04-27 00:00:00+00:00,1023353.1402463417,0.0033914036836301597,0.24798759864079808,60.870883882012556,0.9103900469044865,2.2507535399725165
2022-04-28 00:00:00+00:00,1020485.3952845868,-0.002802302400776882,0.24714941520366931,61.14539762600157,0.8714376040324998,2.272742738622107
2022-04-29 00:00:00+00:00,1023479.4298789792,0.002933931840893662,0.2478439488966805,60.91779881951309,0.9236154794359099,2.2510205944552073
2022-05-02 00:00:00+00:00,1022312.2930672659,-0.001140361767555354,0.2471189188322314,61.155420612718835,0.8896631395455095,2.2599667715196134
2022-05-03 00:00:00+00:00,1021993.3349106883,-0.00031199679270271433,0.24740104552580225,61.0627907070273,0.9477022358275877,2.2642374989700946
2022-05-04 00:00:00+00:00,1021708.98673332,-0.00027822899392307296,0.24747825794854586,61.03747656761638,1.038703506471496,2.2690098657776496
2022-05-05 00:00:00+00:00,1021084.6170675217,-0.0006111032338030622,0.24754713273823614,61.01490925195223,0.9713603404504196,2.2726445658599643
2022-05-06 00:00:00+00:00,1018667.99722591,-0.0023667184885735153,0.2476985020938739,60.96535610387299,0.8898021631938766,2.289289590657389
2022-05-09 00:00:00+00:00,1020725.7186140678,0.0020200118132320845,0.24828612545745032,60.773560878348256,0.732153862753071,2.2713682967167217
2022-05-10 00:00:00+00:00,1020396.2742085517,-0.00032275507465741543,0.24778559562713476,60.93687209963062,0.7336525301765922,2.2743698129365417
2022-05-11 00:00:00+00:00,1020256.7271772086,-0.00013675768411770838,0.24786559550591727,60.910725718240464,0.7948457274353002,2.277027887612614
2022-05-12 00:00:00+00:00,1017778.8402463087,-0.002428689627713224,0.24789949766711217,60.89965055702275,0.6427331635446181,2.293189219031209
2022-05-13 00:00:00+00:00,1018275.4154388894,0.00048790088076553433,0.24850303440923716,60.70299286409419,0.7577512386376253,2.291883517395109
2022-05-16 00:00:00+00:00,1015683.8886500206,-0.0025450155719922243,0.24838184868649685,60.742403593664086,0.7163539567315858,2.310002322446714
2022-05-17 00:00:00+00:00,1016193.1831220365,0.0005014300981901453,0.24901559725919042,60.53672686438878,0.7742007240882556,2.307792617596875
2022-05-18 00:00:00+00:00,1020414.3971533176,0.004153948384412782,0.24889079592295216,60.57714706058052,0.9016294550317268,2.2802189250156237
2022-05-19 00:00:00+00:00,1022052.9887537529,0.0016058099581959557,0.2478611933194044,60.91216404719013,1.0097407845546278,2.2707306293013088
2022-05-20 00:00:00+00:00,1022277.2653065092,0.0002194373043513038,0.24746381346345164,61.04221099960562,1.0563112888251243,2.2705826500766513
2022-05-23 00:00:00+00:00,1021098.1890036424,-0.0011533821037419613,0.2474095225847448,61.060010726014866,1.0433236461984448,2.2795608402065715
2022-05-24 00:00:00+00:00,1021232.6526059721,0.0001316852813742882,0.2476952098069187,60.966433241660354,1.0883170999806273,2.2800481210741284
2022-05-25 00:00:00+00:00,1020781.9063360498,-0.00044137471395195216,0.2476625962882406,60.977104956130965,1.125110008588468,2.284652456858268
2022-05-26 00:00:00+00:00,1019337.681984375,-0.0014148216604451974,0.24777195656469467,60.941331442645065,1.0619921328477462,2.2940702500683754
2022-05-27 00:00:00+00:00,1019798.9156817568,0.00045248371127015,0.24812300636855966,60.82671046235342,1.1221257994598297,2.2925343788012973
2022-05-31 00:00:00+00:00,1020957.8242338654,0.001136408888348161,0.248010785527889,60.86331631135197,1.1220683864111334,2.28460623086401
2022-06-01 00:00:00+00:00,1022136.056669166,0.0011540461391583454,0.24772926379061339,60.95529318056694,1.2177658325487042,2.2787319424634624
2022-06-02 00:00:00+00:00,1022229.4282170091,9.134943164745267e-05,0.24744370234126742,61.04880369130508,1.2359479609682,2.278943906583469
2022-06-03 00:00:00+00:00,1022214.1654524417,-1.493086008491701e-05,0.24742110056435326,61.05621413161009,1.2710055858968226,2.280387535306225
2022-06-06 00:00:00+00:00,1022764.1183892869,0.0005380016785443734,0.2474247948293464,61.05500280108887,1.3082481162896085,2.277757171645033
2022-06-07 00:00:00+00:00,1025275.9130674069,0.002455888540630145,0.24729175145197507,61.09864985956865,1.5760326580530102,2.267169468552992
2022-06-08 00:00:00+00:00,1025761.6321266647,0.0004737447286796358,0.24668591833200865,61.29799864354642,1.6345103042874618,2.26578019450033
2022-06-09 00:00:00+00:00,1026615.2462149443,0.0008321758794095128,0.2465691075170672,61.336547775233555,1.6013558010002271,2.2587543126633327
2022-06-10 00:00:00+00:00,1026158.2431276838,-0.0004451551727343468,0.24636408926442865,61.40429492509701,1.5010277301276558,2.259581103506925
2022-06-13 00:00:00+00:00,1028163.697477253,0.001954332446286982,0.2464738083551615,61.36802483880649,1.4420520670063082,2.2425391044858185
2022-06-14 00:00:00+00:00,1028456.152068197,0.0002844436072403358,0.245993056143978,61.52718788242311,1.4571698427588045,2.241166024479411
2022-06-15 00:00:00+00:00,1029975.5832683551,0.0014773903555368399,0.24592310488891966,61.550398564244055,1.509811052490086,2.2310906141453977
2022-06-16 00:00:00+00:00,1034213.2680219696,0.004114354575442756,0.24556031644570023,61.67098834203438,1.5769930511976447,2.197953244715438
2022-06-17 00:00:00+00:00,1034483.1198172118,0.00026092470826475186,0.24455413402542925,62.00731252882918,1.379106939402845,2.188257453244629
2022-06-21 00:00:00+00:00,1035857.3627227914,0.0013284343448953,0.24449034045467258,62.028729337975385,1.6629568955905885,2.187836523390053
2022-06-22 00:00:00+00:00,1037696.380128281,0.0017753577583844626,0.24416598197835743,62.137796235243606,1.5824083868174115,2.1677953926311395
2022-06-23 00:00:00+00:00,1039046.167094944,0.0013007532766918055,0.24373326822962957,62.28374999758405,1.5752536597467681,2.154956692735179
2022-06-24 00:00:00+00:00,1038730.1028430864,-0.0003041869186057183,0.24341664323334247,62.390875947319216,1.6215543322638453,2.160801978588034
2022-06-27 00:00:00+00:00,1038906.9910844121,0.0001702927842772447,0.24349070992210278,62.36579148288607,1.721398392204707,2.1643407520044677
2022-06-28 00:00:00+00:00,1039907.6451763739,0.0009631796691610618,0.24344925227110334,62.379830232197634,1.8384099240732568,2.16093862229091
2022-06-29 00:00:00+00:00,1038363.3937266932,-0.0014849890342124958,0.2432149925350584,62.45924722362317,1.6223434443325269,2.166123016638535
2022-06-30 00:00:00+00:00,1038357.8747310968,-5.315090679995424e-06,0.24357670126542721,62.33668758475962,1.5533436711092967,2.163632426639876
2022-07-01 00:00:00+00:00,1038693.3833254859,0.00032311460485235895,0.2435779959045631,62.3362495692361,1.6416631930511827,2.165009461903837
2022-07-05 00:00:00+00:00,1038938.557077145,0.00023604054439449663,0.2434993177187366,62.362877235457454,1.5412893677870134,2.158615950349235
2022-07-06 00:00:00+00:00,1038739.9914808257,-0.00019112352214349974,0.2434418555706193,62.38233546971611,1.4666571456431121,2.157770052168343
2022-07-07 00:00:00+00:00,1039715.0094510304,0.0009386545027641796,0.24348839192968597,62.36657629540506,1.6057261209197242,2.1551888786655806
2022-07-08 00:00:00+00:00,1040358.8735381732,0.0006192697819017819,0.24326005478392038,62.44395867399273,1.6414702773012564,2.151139329989642
2022-07-11 00:00:00+00:00,1041419.683444071,0.0010196576709055219,0.24310950441414356,62.495058998369146,1.674555415470439,2.142766527014789
2022-07-12 00:00:00+00:00,1042135.5911782464,0.0006874344181856373,0.24286186844701113,62.57925026074198,1.652824043215446,2.134982212645983
2022-07-13 00:00:00+00:00,1043494.5300058896,0.0013039942586614323,0.2426950315292153,62.63606833488289,1.7419874495643592,2.126212852581084
2022-07-14 00:00:00+00:00,1043602.1808085064,0.0001031637440555029,0.24237897074294623,62.74392062279109,1.6933101294822368,2.123086832731481
2022-07-15 00:00:00+00:00,1043975.0053519597,0.0003572477619435887,0.24235396860015873,62.75246433728447,1.7518667456060064,2.1229882129573214
2022-07-18 00:00:00+00:00,1043746.9062309251,-0.00021849097906104657,0.24226741910689092,62.7820535867649,1.7921066108458283,2.1282049793144076
2022-07-19 00:00:00+00:00,1041787.5468014491,-0.0018772361554118626,0.24232036392045034,62.76395048192089,1.7744784453006188,2.1477724567909995
2022-07-20 00:00:00+00:00,1041262.4050171792,-0.0005040776172476458,0.24277611201559635,62.60844576529581,1.7734200883030384,2.1534879363715307
2022-07-21 00:00:00+00:00,1040533.9790507477,-0.0006995604210059666,0.24289855173878974,62.566767845909304,1.68112443123038,2.156716094765083
2022-07-22 00:00:00+00:00,1041013.439461395,0.0004607830405353283,0.24306859290597638,62.508956261271884,1.6799862241066972,2.152556570779645
2022-07-25 00:00:00+00:00,1040640.3141355698,-0.0003584250804852542,0.24295664260547836,62.547008674815324,1.7597223034970026,2.1606241182616843
2022-07-26 00:00:00+00:00,1041882.3408499928,0.0011935216208250484,0.24304375558313468,62.517395553718096,1.8290927286158596,2.1525706911871025
2022-07-27 00:00:00+00:00,1041948.9393178232,6.392129439107594e-05,0.24275402340765537,62.61596910248181,1.8774996301200373,2.1549339045257168
2022-07-28 00:00:00+00:00,1042613.3919853102,0.0006377017552531049,0.24273850724807353,62.62125469516676,2.004402410099595,2.155522424214825
2022-07-29 00:00:00+00:00,1034577.0445437953,-0.00770788818107583,0.24258381112592253,62.673989033856216,1.6979046824302602,2.2148047299893743
2022-08-01 00:00:00+00:00,1034779.4384036593,0.00019562956759129222,0.24446814424560276,62.03618368135503,1.6166142830413084,2.2104703677652107
2022-08-02 00:00:00+00:00,1035836.175213472,0.0010212193735149328,0.24442032840244687,62.05224668610614,1.6405407523562558,2.202778304188599
2022-08-03 00:00:00+00:00,1035658.5846991317,-0.000171446526574265,0.24417097627102882,62.13611468688492,1.5260294186846268,2.2003661354572017
2022-08-04 00:00:00+00:00,1035097.1960786565,-0.0005420595443027001,0.24421284571517152,62.12202020161982,1.353333294433901,2.199344276787039
2022-08-05 00:00:00+00:00,1032689.7967273118,-0.0023257712999946527,0.0,82.15057111735369,1.3638108406801268,2.207219152640165
2022-08-08 00:00:00+00:00,1032771.7562349886,7.93650793650813e-05,0.0,81.95950767677078,0.0,2.2028383496774273
2022-08-09 00:00:00+00:00,1032853.7222473882,7.936507936511944e-05,0.0,81.96601239960226,0.0,2.202566547454304
2022-08-10 00:00:00+00:00,1032935.6947650269,7.936507936509725e-05,0.0,81.97251763868161,0.0,2.197911790435675
2022-08-11 00:00:00+00:00,1033017.673788421,7.93650793650878e-05,0.0,81.97902339404976,0.0,2.2151908988647615
2022-08-12 00:00:00+00:00,1033099.6593180867,7.936507936505138e-05,0.0,81.98552966574769,0.0,2.2075536627038033
2022-08-15 00:00:00+00:00,1033181.6513545405,7.936507936506106e-05,0.0,81.99203645381641,0.0,2.2018827463085993
2022-08-16 00:00:00+00:00,1033263.6498982988,7.936507936507712e-05,0.0,81.99854375829686,0.0,2.204949625443875
2022-08-17 00:00:00+00:00,1033345.654949878,7.936507936505993e-05,0.0,82.00505157923006,0.0,2.209124125684001
2022-08-18 00:00:00+00:00,1033427.6665097947,7.936507936508247e-05,0.0,82.01155991665698,0.0,2.2015027172214503
2022-08-19 00:00:00+00:00,1033509.6845785653,7.936507936510507e-05,0.0,82.01806877061863,0.0,2.1924712024588415
2022-08-22 00:00:00+00:00,1033591.7091567065,7.936507936508807e-05,0.0,82.02457814115597,0.0,2.187904007513843
2022-08-23 00:00:00+00:00,1033673.7402447348,7.936507936510442e-05,0.0,82.03108802831004,0.0,2.1974248988187277
2022-08-24 00:00:00+00:00,1033755.777843167,7.936507936511449e-05,0.0,82.03759843212181,0.0,2.1984196835311227
2022-08-25 00:00:00+00:00,1033837.8219525196,7.936507936507859e-05,0.0,82.0441093526323,0.0,2.203513613957764
2022-08-26 00:00:00+00:00,1033919.8725733095,7.936507936506967e-05,0.0,82.0506207898825,0.0,2.202837452265311
2022-08-29 00:00:00+00:00,1034001.9297060533,7.936507936504806e-05,0.0,82.05713274391346,0.0,2.197051467255358
2022-08-30 00:00:00+00:00,1034083.9933512681,7.93650793650867e-05,0.0,82.06364521476614,0.0,2.196844309560927
2022-08-31 00:00:00+00:00,1034166.0635094706,7.93650793650333e-05,0.0,82.0701582024816,0.0,2.1852190606784605
2022-09-01 00:00:00+00:00,1034248.1401811776,7.936507936507337e-05,0.0,82.07667170710084,0.0,2.17987960015543
2022-09-02 00:00:00+00:00,1034330.2233669063,7.936507936505469e-05,0.0,82.08318572866489,0.0,2.183420477222087
2022-09-06 00:00:00+00:00,1034412.3130671735,7.93650793650501e-05,0.0,82.08970026721478,0.0,2.1831032743819536
2022-09-07 00:00:00+00:00,1034494.4092824963,7.936507936513253e-05,0.0,82.09621532279155,0.0,2.1775442809145185
2022-09-08 00:00:00+00:00,1034576.5120133917,7.93650793650372e-05,0.0,82.10273089543621,0.0,2.175576529433483
2022-09-09 00:00:00+00:00,1034658.6212603769,7.936507936506207e-05,0.0,82.10924698518981,0.0,2.191298879636663
2022-09-12 00:00:00+00:00,1034740.737023969,7.936507936505492e-05,0.0,82.1157635920934,0.0,2.19989445767045
2022-09-13 00:00:00+00:00,1034822.8593046851,7.93650793650886e-05,0.0,82.12228071618802,0.0,2.196329731571758
2022-09-14 00:00:00+00:00,1034904.9881030427,7.936507936512344e-05,0.0,82.1287983575147,0.0,2.2059105642460626
2022-09-15 00:00:00+00:00,1034987.1234195589,7.936507936511977e-05,0.0,82.1353165161145,0.0,2.2054997718995546
2022-09-16 00:00:00+00:00,1035069.2652547508,7.936507936503792e-05,0.0,82.14183519202848,0.0,2.188530909220078
2022-09-19 00:00:00+00:00,1035151.4136091361,7.936507936506322e-05,0.0,82.14835438529768,0.0,2.1945225194083746
2022-09-20 00:00:00+00:00,1035233.568483232,7.93650793650435e-05,0.0,82.15487409596318,0.0,2.195330219528108
2022-09-21 00:00:00+00:00,1035315.7298775561,7.936507936505156e-05,0.0,82.16139432406604,0.0,2.1986467738657236
2022-09-22 00:00:00+00:00,1035397.8977926257,7.93650793650477e-05,0.0,82.16791506964731,0.0,2.199680896810434
2022-09-23 00:00:00+00:00,1035480.0722289585,7.936507936510475e-05,0.0,82.17443633274807,0.0,2.16828742517326
2022-09-26 00:00:00+00:00,1035562.2531870719,7.936507936507054e-05,0.0,82.1809581134094,0.0,2.153752625199358
2022-09-27 00:00:00+00:00,1035644.4406674836,7.93650793651303e-05,0.0,82.18748041167237,0.0,2.143652669596752
2022-09-28 00:00:00+00:00,1035726.6346707112,7.936507936513192e-05,0.0,82.19400322757807,0.0,2.151389873612412
2022-09-29 00:00:00+00:00,1035808.8351972724,7.936507936503575e-05,0.0,82.20052656116756,0.0,2.144990842591415
2022-09-30 00:00:00+00:00,1035891.0422476848,7.936507936502694e-05,0.0,82.20705041248193,0.0,2.1493681715034256
2022-10-03 00:00:00+00:00,1035973.2558224663,7.93650793650658e-05,0.0,82.21357478156229,0.0,2.168462789293098
2022-10-04 00:00:00+00:00,1036055.4759221348,7.936507936511264e-05,0.0,82.2200996684497,0.0,2.1854516503834924
2022-10-05 00:00:00+00:00,1036137.702547208,7.93650793651278e-05,0.0,82.2266250731853,0.0,2.1677815640935365
2022-10-06 00:00:00+00:00,1036219.9356982039,7.936507936507161e-05,0.0,82.23315099581016,0.0,2.1669054529127494
2022-10-07 00:00:00+00:00,1036302.1753756403,7.936507936512914e-05,0.0,82.23967743636538,0.0,2.164981847046106
2022-10-10 00:00:00+00:00,1036384.4215800351,7.936507936503601e-05,0.0,82.24620439489209,0.0,2.155843843898643
2022-10-11 00:00:00+00:00,1036466.6743119066,7.936507936508957e-05,0.0,82.25273187143137,0.0,2.163386560702981
2022-10-12 00:00:00+00:00,1036548.9335717725,7.93650793650255e-05,0.0,82.25925986602434,0.0,2.1647666911168386
2022-10-13 00:00:00+00:00,1036631.1993601512,7.936507936502875e-05,0.0,82.2657883787121,0.0,2.190229980003323
2022-10-14 00:00:00+00:00,1036713.4716775607,7.936507936505966e-05,0.0,82.2723174095358,0.0,2.176352618673846
2022-10-17 00:00:00+00:00,1036795.7505245192,7.936507936507855e-05,0.0,82.27884695853656,0.0,2.1764418542375528
2022-10-18 00:00:00+00:00,1036878.035901545,7.936507936504577e-05,0.0,82.2853770257555,0.0,2.1818585192575273
2022-10-19 00:00:00+00:00,1036960.3278091562,7.936507936503392e-05,0.0,82.29190761123373,0.0,2.193932818088984
2022-10-20 00:00:00+00:00,1037042.6262478712,7.936507936511563e-05,0.0,82.2984387150124,0.0,2.2002873755395522
2022-10-21 00:00:00+00:00,1037124.9312182083,7.936507936502666e-05,0.0,82.30497033713263,0.0,2.212037354302669
2022-10-24 00:00:00+00:00,1037207.2427206859,7.936507936506415e-05,0.0,82.31150247763557,0.0,2.2063532485587625
2022-10-25 00:00:00+00:00,1037289.5607558225,7.936507936507615e-05,0.0,82.31803513656237,0.0,2.226396063072669
2022-10-26 00:00:00+00:00,1037371.8853241365,7.936507936513526e-05,0.0,82.32456831395416,0.0,2.2279000011722427
2022-10-27 00:00:00+00:00,1037454.2164261463,7.936507936508954e-05,0.0,82.3311020098521,0.0,2.2346546479562326
2022-10-28 00:00:00+00:00,1037536.5540623707,7.936507936512382e-05,0.0,82.33763622429733,0.0,2.2227937338309247
2022-10-31 00:00:00+00:00,1037618.898233328,7.936507936508617e-05,0.0,82.344170957331,0.0,2.2277249331942905
2022-11-01 00:00:00+00:00,1037701.248939537,7.936507936504916e-05,0.0,82.35070620899428,0.0,2.229334405982763
2022-11-02 00:00:00+00:00,1037783.6061815163,7.936507936508531e-05,0.0,82.35724197932834,0.0,2.2198752801162622
2022-11-03 00:00:00+00:00,1037865.9699597846,7.936507936504276e-05,0.0,82.3637782683743,0.0,2.2219537914336875
2022-11-04 00:00:00+00:00,1037948.3402748608,7.936507936510619e-05,0.0,82.37031507617338,0.0,2.2322220073786188
2022-11-07 00:00:00+00:00,1038030.7171272637,7.936507936512375e-05,0.0,82.37685240276673,0.0,2.2374194012885957
2022-11-08 00:00:00+00:00,1038113.1005175118,7.936507936505578e-05,0.0,82.38339024819552,0.0,2.2337324739802407
2022-11-09 00:00:00+00:00,1038195.4904461243,7.936507936508695e-05,0.0,82.38992861250094,0.0,2.220217681269617
2022-11-10 00:00:00+00:00,1038277.88691362,7.93650793650654e-05,0.0,82.39646749572415,0.0,2.2333362760398536
2022-11-11 00:00:00+00:00,1038360.289920518,7.936507936506362e-05,0.0,82.40300689790635,0.0,2.239430802159395
2022-11-14 00:00:00+00:00,1038442.699467337,7.936507936504195e-05,0.0,82.40954681908873,0.0,2.2441951598875733
2022-11-15 00:00:00+00:00,1038525.1155545963,7.93650793650728e-05,0.0,82.41608725931246,0.0,2.248276931373383
2022-11-16 00:00:00+00:00,1038607.538182815,7.936507936511651e-05,0.0,82.42262821861875,0.0,2.238408628815602
2022-11-17 00:00:00+00:00,1038689.9673525121,7.936507936513343e-05,0.0,82.4291696970488,0.0,2.227025583872978
2022-11-18 00:00:00+00:00,1038772.4030642067,7.936507936508386e-05,0.0,82.43571169464381,0.0,2.2313559100090594
2022-11-21 00:00:00+00:00,1038854.8453184181,7.936507936504027e-05,0.0,82.44225421144498,0.0,2.22996347312233
2022-11-22 00:00:00+00:00,1038937.2941156656,7.936507936507501e-05,0.0,82.4487972474935,0.0,2.2350075830914298
2022-11-23 00:00:00+00:00,1039019.7494564684,7.936507936503638e-05,0.0,82.4553408028306,0.0,2.229745326260037
2022-11-25 00:00:00+00:00,1039102.2113413459,7.936507936510879e-05,0.0,82.4618848774975,0.0,2.2285133051755994
2022-11-28 00:00:00+00:00,1039184.6797708174,7.936507936502849e-05,0.0,82.46842947153539,0.0,2.21983229955596
2022-11-29 00:00:00+00:00,1039267.1547454024,7.936507936509193e-05,0.0,82.4749745849855,0.0,2.2278209761466505
2022-11-30 00:00:00+00:00,1039349.6362656202,7.936507936503537e-05,0.0,82.48152021788908,0.0,2.238610681742921
2022-12-01 00:00:00+00:00,1039432.1243319905,7.93650793650432e-05,0.0,82.48806637028731,0.0,2.2372059224231227
2022-12-02 00:00:00+00:00,1039514.6189450327,7.936507936507572e-05,0.0,82.49461304222147,0.0,2.2317031695132172
2022-12-05 00:00:00+00:00,1039597.1201052665,7.936507936509327e-05,0.0,82.50116023373275,0.0,2.2247703157988354
2022-12-06 00:00:00+00:00,1039679.6278132113,7.936507936505619e-05,0.0,82.50770794486242,0.0,2.216392646193618
2022-12-07 00:00:00+00:00,1039762.1420693869,7.936507936503681e-05,0.0,82.5142561756517,0.0,2.2215609336457365
2022-12-08 00:00:00+00:00,1039844.6628743131,7.93650793651074e-05,0.0,82.52080492614182,0.0,2.2248403039062743
2022-12-09 00:00:00+00:00,1039927.1902285095,7.936507936511632e-05,0.0,82.52735419637405,0.0,2.1963839849132762
2022-12-12 00:00:00+00:00,1040009.7241324958,7.936507936502395e-05,0.0,82.53390398638965,0.0,2.1904058724073048
2022-12-13 00:00:00+00:00,1040092.2645867921,7.936507936512642e-05,0.0,82.54045429622983,0.0,2.2051631769275697
2022-12-14 00:00:00+00:00,1040174.811591918,7.936507936504826e-05,0.0,82.54700512593588,0.0,2.204315157163764
2022-12-15 00:00:00+00:00,1040257.3651483936,7.936507936508559e-05,0.0,82.55355647554904,0.0,2.2028168332115214
2022-12-16 00:00:00+00:00,1040339.9252567387,7.936507936508682e-05,0.0,82.5601083451106,0.0,2.1975117820530037
2022-12-19 00:00:00+00:00,1040422.4919174734,7.936507936512418e-05,0.0,82.5666607346618,0.0,2.198390024875701
2022-12-20 00:00:00+00:00,1040505.0651311176,7.936507936504611e-05,0.0,82.57321364424392,0.0,2.2033218729808906
2022-12-21 00:00:00+00:00,1040587.6448981914,7.936507936503674e-05,0.0,82.57976707389822,0.0,2.2097954056589337
2022-12-22 00:00:00+00:00,1040670.2312192151,7.93650793650564e-05,0.0,82.58632102366599,0.0,2.2065241897516286
2022-12-23 00:00:00+00:00,1040752.8240947087,7.936507936506539e-05,0.0,82.5928754935885,0.0,2.2206684059814927
2022-12-27 00:00:00+00:00,1040835.4235251923,7.936507936502407e-05,0.0,82.59943048370704,0.0,2.220925239386311
2022-12-28 00:00:00+00:00,1040918.0295111864,7.936507936511647e-05,0.0,82.60598599406288,0.0,2.2189681633723555
2022-12-29 00:00:00+00:00,1041000.6420532111,7.936507936507922e-05,0.0,82.61254202469733,0.0,2.220527607103996
2022-12-30 00:00:00+00:00,1041083.2611517868,7.936507936509633e-05,0.0,82.61909857565168,0.0,2.223921918113365
2023-01-03 00:00:00+00:00,1041165.8868074338,7.936507936512815e-05,0.0,82.6256556469672,0.0,2.2143771606917535
2023-01-04 00:00:00+00:00,1041248.5190206725,7.936507936513498e-05,0.0,82.63221323868522,0.0,2.2000610333997943
2023-01-05 00:00:00+00:00,1041331.1577920234,7.93650793650772e-05,0.0,82.63877135084702,0.0,2.2091125001803253
2023-01-06 00:00:00+00:00,1041413.8031220068,7.936507936502692e-05,0.0,82.64532998349392,0.0,2.204654402354472
2023-01-09 00:00:00+00:00,1041496.4550111435,7.936507936505626e-05,0.0,82.65188913666721,0.0,2.208616842532203
2023-01-10 00:00:00+00:00,1041579.1134599539,7.936507936512555e-05,0.0,82.65844881040822,0.0,2.2023126188859563
2023-01-11 00:00:00+00:00,1041661.7784689587,7.936507936508335e-05,0.0,82.66500900475825,0.0,2.191799513351222
2023-01-12 00:00:00+00:00,1041070.4710912196,-0.0005676577464599099,0.25,62.003677289818974,0.0,2.1919159474981593
2023-01-13 00:00:00+00:00,1041731.5390461739,0.0006349886710948875,0.25014199504120005,61.95674813285555,7.542684069700467,2.1956863130932973
2023-01-17 00:00:00+00:00,1043793.884550192,0.0019797283913535395,0.2499832585040866,62.0092138435662,7.692469254098484,2.2081201119047074
2023-01-18 00:00:00+00:00,1043833.7438464641,3.81869417535627e-05,0.24948933737953635,62.17289205817082,7.63216833768204,2.2078722800916633
2023-01-19 00:00:00+00:00,1044867.2213099323,0.000990078611235453,0.24947981050854376,62.176055494382894,7.729033521294939,2.213999287065352
2023-01-20 00:00:00+00:00,1044767.9973220065,-9.496325073859841e-05,0.2492330501963314,62.25807751529307,7.7715895769581875,2.2131556608964473
2023-01-23 00:00:00+00:00,1045147.8932899539,0.00036361753893802355,0.24925672042477137,62.250202595616415,7.782633296704123,2.2151189740017094
2023-01-24 00:00:00+00:00,1044463.4096124943,-0.0006549156170664093,0.2491661192537016,62.280353069263036,7.7505377525910975,2.210654920297785
2023-01-25 00:00:00+00:00,1046838.633164844,0.0022741089161093277,0.24932940897743489,62.22602896787734,7.942678874412795,2.224794687499714
2023-01-26 00:00:00+00:00,1047378.3701636575,0.0005155875812317944,0.248763693244623,62.41453877361939,8.078119610550239,2.2278425818486802
2023-01-27 00:00:00+00:00,1042173.4343393383,-0.004969489510754212,0.24863549986863737,62.4573750433665,7.611396840548577,2.195890874547381
2023-01-30 00:00:00+00:00,1038866.5981492508,-0.003173019078330067,0.24987726230262625,62.044284898579264,7.288205844542283,2.174328790883788
2023-01-31 00:00:00+00:00,1036881.2323624685,-0.0019110882863298277,0.2506726514079593,61.78183758190564,7.183797018251509,2.162092799504414
2023-02-01 00:00:00+00:00,1035606.4066175346,-0.0012294809715374096,0.25115262625006674,61.624268868668956,7.057208862364957,2.1532461565661145
2023-02-02 00:00:00+00:00,1036691.2783671308,0.0010475714930536003,0.2514617937405394,61.52309222224562,7.027010120942558,2.1583130223099487
2023-02-03 00:00:00+00:00,1036441.0941723996,-0.00024132950662538258,0.25119864520073343,61.609193154753264,7.027188435737249,2.15663965413704
2023-02-06 00:00:00+00:00,1036803.6516992764,0.0003498100653431767,0.2512592814791679,61.589337266282534,7.049444067688793,2.15862385126403
2023-02-07 00:00:00+00:00,1037836.3632921973,0.0009960531979496502,0.25117141918860914,61.61811167317751,7.2149698516998555,2.166112345601724
2023-02-08 00:00:00+00:00,1035097.3245412651,-0.0026391817128506613,0.2509214880380146,61.70007291071093,6.964221399765693,2.147659383441613
2023-02-09 00:00:00+00:00,1033466.3358819789,-0.0015756862863200924,0.25158546780386154,61.48268888285916,6.843308892096644,2.1368485829525112
2023-02-10 00:00:00+00:00,1032095.3339422988,-0.0013266053204433023,0.25198251319429427,61.35324533847135,6.866789365391362,2.1305124070265156
2023-02-13 00:00:00+00:00,1032709.9627566547,0.0005955155441002099,0.25231723858544125,61.24443566071897,6.868818547526005,2.1331650551226393
2023-02-14 00:00:00+00:00,1035046.0866222342,0.002262129687742701,0.25216706917603676,61.2932157253504,7.008302849273257,2.147069855591771
2023-02-15 00:00:00+00:00,1032660.9602193211,-0.0023043673453196083,0.2515979220471994,61.47862238134878,6.809192729409185,2.1311015971239544
2023-02-16 00:00:00+00:00,1030887.7528238893,-0.0017171244616967188,0.2521790351810448,61.28932663508583,6.646877361986208,2.118627215397525
2023-02-17 00:00:00+00:00,1031309.5198455657,0.0004091299178994721,0.25261280280407744,61.148595889416626,6.55802067877622,2.118377227701195
2023-02-21 00:00:00+00:00,1029946.48782795,-0.0013216517363475247,0.25250949361568564,61.18206946256556,6.448784941037814,2.1087343680850585
2023-02-22 00:00:00+00:00,1030820.4433847567,0.0008485446255074124,0.2528436648844046,61.07389231831035,6.474936979898229,2.113480258380159
2023-02-23 00:00:00+00:00,1031148.994107512,0.00031872740287963654,0.25262929765163655,61.14325387043786,6.518579262361383,2.115854435142913
2023-02-24 00:00:00+00:00,1031914.970535756,0.0007428377786539024,0.25254880342741975,61.16932932462478,6.576407153274333,2.1207523370884065
2023-02-27 00:00:00+00:00,1032164.4360737145,0.00024175009092951386,0.2523613398902776,61.230121104644155,6.583655689461652,2.1219105700988594
2023-02-28 00:00:00+00:00,1031128.6910804698,-0.001003468979404744,0.252300346258628,61.24991995686309,6.482870736720196,2.1141174539840217
2023-03-01 00:00:00+00:00,1031507.5148122958,0.00036738744164812757,0.2525537761386146,61.16771797327223,6.536251707994585,2.116958768087773
2023-03-02 00:00:00+00:00,1031220.9205564122,-0.0002778402016157368,0.2524610251284768,61.19778334881398,6.520665291270411,2.1148819596832604
2023-03-03 00:00:00+00:00,1032510.3595337245,0.0012504003280078518,0.25253118844478856,61.175037772950205,6.659741582067014,2.12416791374358
2023-03-06 00:00:00+00:00,1032792.6846564673,0.00027343563203597644,0.25221581770360324,61.27737419972102,6.701361687180922,2.1262011369486125
2023-03-07 00:00:00+00:00,1032780.3952711247,-1.1899179307906312e-05,0.25214687176435646,61.299780955494256,6.634174310177129,2.1244428017094736
2023-03-08 00:00:00+00:00,1033457.6899096097,0.0006557973423839662,0.2521498721408975,61.29880560745119,6.642249779689456,2.127848802211068
2023-03-09 00:00:00+00:00,1032225.1057738307,-0.0011926798240640794,0.25198462129593,61.3525591501881,6.523647551074814,2.1187009314366763
2023-03-10 00:00:00+00:00,1032411.0510452453,0.00018014023334105033,0.252285517142129,61.25473501242786,6.4995636249143285,2.1189048036528852
2023-03-13 00:00:00+00:00,1032804.0305068331,0.00038064244003392287,0.25224007855552005,61.26949257365123,6.492456801417368,2.1206006348500437
2023-03-14 00:00:00+00:00,1034069.3167037695,0.0012250980433485212,0.25214410180936714,61.300681419809,6.584974729967144,2.1289584733197304
2023-03-15 00:00:00+00:00,1033200.570361201,-0.0008401238955022704,0.25183557853485855,61.4011009592484,6.369021426255831,2.1201333619078326
2023-03-16 00:00:00+00:00,1034120.4302047488,0.0008903013315471047,0.2520473295191852,61.332152836822324,6.425074752184595,2.1261835194796146
2023-03-17 00:00:00+00:00,1033571.9677995289,-0.0005303660861929932,0.25182313105029674,61.405157586310246,6.349251270603759,2.1214359169736925
2023-03-20 00:00:00+00:00,1033377.4051511616,-0.0001882429617179695,0.25195676037118464,61.361628823991204,6.392689547591589,2.12057239072295
2023-03-21 00:00:00+00:00,1032269.2221180956,-0.0010723894557225031,0.0,82.01407977390171,6.517813832732662,2.1225442748369407
2023-03-22 00:00:00+00:00,1032351.1482468351,7.936507936504033e-05,0.0,81.92612873953139,0.0,2.1161776199935245
2023-03-23 00:00:00+00:00,1032433.0808776483,7.936507936505423e-05,0.0,81.93263081324088,0.0,2.1142900278558696
2023-03-24 00:00:00+00:00,1032515.0200110513,7.936507936509865e-05,0.0,81.93913340298796,0.0,2.122457495103763
2023-03-27 00:00:00+00:00,1032596.9656475602,7.936507936513393e-05,0.0,81.94563650881359,0.0,2.120227927939607
2023-03-28 00:00:00+00:00,1032678.917787691,7.93650793651204e-05,0.0,81.95214013075875,0.0,2.12537920632729
2023-03-29 00:00:00+00:00,1032760.8764319599,7.936507936513116e-05,0.0,81.95864426886436,0.0,2.1208984275495095
2023-03-30 00:00:00+00:00,1032842.8415808831,7.936507936512651e-05,0.0,81.96514892317143,0.0,2.1302873225070544
2023-03-31 00:00:00+00:00,1032924.8132349768,7.93650793650668e-05,0.0,81.97165409372089,0.0,2.130272282564423
2023-04-03 00:00:00+00:00,1033006.7913947573,7.93650793650251e-05,0.0,81.97815978055372,0.0,2.137395917776388
2023-04-04 00:00:00+00:00,1033088.776060741,7.93650793650744e-05,0.0,81.9846659837109,0.0,2.1354297936971847
2023-04-05 00:00:00+00:00,1033170.7672334443,7.936507936506237e-05,0.0,81.99117270323342,0.0,2.1306619816175223
2023-04-06 00:00:00+00:00,1033252.7649133834,7.936507936506199e-05,0.0,81.99767993916224,0.0,2.1273256261479894
2023-04-10 00:00:00+00:00,1033334.7691010749,7.936507936503361e-05,0.0,82.00418769153836,0.0,2.134477919178006
2023-04-11 00:00:00+00:00,1033416.7797970353,7.936507936505025e-05,0.0,82.01069596040277,0.0,2.135790857187388
2023-04-12 00:00:00+00:00,1033498.7970017811,7.936507936507221e-05,0.0,82.01720474579645,0.0,2.1377126486942393
2023-04-13 00:00:00+00:00,1033580.8207158288,7.936507936505984e-05,0.0,82.02371404776041,0.0,2.149076449638926
2023-04-14 00:00:00+00:00,1033662.8509396951,7.936507936508609e-05,0.0,82.03022386633562,0.0,2.15198028822791
2023-04-17 00:00:00+00:00,1033744.8876738967,7.936507936511131e-05,0.0,82.0367342015631,0.0,2.148714459389605
2023-04-18 00:00:00+00:00,1033826.9309189502,7.93650793650958e-05,0.0,82.04324505348387,0.0,2.1351612122693338
2023-04-19 00:00:00+00:00,1033908.9806753724,7.936507936511257e-05,0.0,82.04975642213891,0.0,2.136811662029235
2023-04-20 00:00:00+00:00,1033991.03694368,7.936507936512189e-05,0.0,82.05626830756924,0.0,2.136888000379456
2023-04-21 00:00:00+00:00,1034073.0997243898,7.936507936508412e-05,0.0,82.06278070981587,0.0,2.1307468823700133
2023-04-24 00:00:00+00:00,1034155.1690180188,7.93650793650722e-05,0.0,82.06929362891982,0.0,2.1346870797365076
2023-04-25 00:00:00+00:00,1034237.2448250836,7.936507936504643e-05,0.0,82.07580706492212,0.0,2.127981012245757
2023-04-26 00:00:00+00:00,1034319.3271461015,7.936507936507973e-05,0.0,82.08232101786378,0.0,2.11611277998136
2023-04-27 00:00:00+00:00,1034401.4159815894,7.936507936513241e-05,0.0,82.08883548778583,0.0,2.1120789073607646
2023-04-28 00:00:00+00:00,1034412.7360043295,1.0943549153426502e-05,0.25000000000000006,61.571512856046986,0.0,2.115020477614008
2023-05-01 00:00:00+00:00,1036277.1933973698,0.0018024308171631935,0.24999726414265167,61.57241127055017,7.5240701533428345,2.1261632412970473
2023-05-02 00:00:00+00:00,1033571.2510149896,-0.00261121483674555,0.24954747208861397,61.72038407952162,7.187237130565213,2.1080249922894176
2023-05-03 00:00:00+00:00,1031911.2693601594,-0.0016060640746344505,0.2502008001300792,61.505626747586675,6.975081628222334,2.0962961031415137
2023-05-04 00:00:00+00:00,1033911.0496547896,0.0019379382259001614,0.2506032850632046,61.373882171806514,7.104902611194266,2.1095507647386795
2023-05-05 00:00:00+00:00,1035210.0658422327,0.0012564100053643634,0.2501185707239911,61.532594893602564,7.266318516390648,2.1178229615711115
2023-05-08 00:00:00+00:00,1034580.7020699107,-0.0006079575470606697,0.24980471358245893,61.635691416415504,7.226801650968937,2.113268904107028
2023-05-09 00:00:00+00:00,1033976.6037614137,-0.0005839064147324205,0.2499566766304546,61.585741910675665,7.174538991332722,2.108880182329279
2023-05-10 00:00:00+00:00,1033276.4233355576,-0.0006771724072953106,0.2501027132090393,61.53779760047749,7.079710926011472,2.103768262014204
2023-05-11 00:00:00+00:00,1034229.5998733742,0.0009224797123887346,0.2502721906308479,61.482227725409544,7.101615796020882,2.109878719779571
2023-05-12 00:00:00+00:00,1034577.2358971064,0.0003361304141504922,0.25004153238996357,61.55787665698228,7.1220390052537885,2.1118772748622603
2023-05-15 00:00:00+00:00,1035860.760874747,0.001240627507648207,0.24995751406724012,61.58546681759595,7.194487073446518,2.120306327784598
2023-05-16 00:00:00+00:00,1034737.6269255349,-0.0010842518527910889,0.24964779414659816,61.68733387931345,7.04563259580539,2.1125228740699007
2023-05-17 00:00:00+00:00,1034770.7524328383,3.201343649000314e-05,0.2499187690349716,61.59819626429663,7.101128162364179,2.1121437455715366
2023-05-18 00:00:00+00:00,1032646.1308354861,-0.002053229270693079,0.249910768532455,61.60082527281278,6.953272542410624,2.0971729914841952
2023-05-19 00:00:00+00:00,1032966.5321439758,0.0003102721241307538,0.25042494836655305,61.43220451111816,6.982143366459479,2.0990104188196343
2023-05-22 00:00:00+00:00,1032437.3017247409,-0.0005123403351089309,0.2503472725865173,61.45763318639512,6.915109294640858,2.0949616759359784
2023-05-23 00:00:00+00:00,1034825.777812082,0.0023134345139903508,0.25047560134004443,61.415630772170125,7.138404725282093,2.1109299864732125
2023-05-24 00:00:00+00:00,1034182.5268856381,-0.0006216031144912702,0.24989747988511898,61.60519236640354,7.102954017617671,2.106207312923147
2023-05-25 00:00:00+00:00,1032854.9470465747,-0.0012836997382477198,0.2500529135549724,61.55414070557467,6.945639892856671,2.096731757805536
2023-05-26 00:00:00+00:00,1033307.5823727411,0.0004382370704237849,0.25037431900274015,61.448777226283916,6.957829697575852,2.099469247676775
2023-05-30 00:00:00+00:00,1033536.3694570166,0.00022141237340981583,0.2502646437584288,61.48470066486854,6.942674630253453,2.1006955652936194
2023-05-31 00:00:00+00:00,1032751.4767085158,-0.0007594244108827612,0.25020924433579134,61.50285836996978,6.830754936337136,2.0948743804029273
2023-06-01 00:00:00+00:00,1033202.316466968,0.0004365423517854781,0.2503994037554737,61.44056529469193,6.900248825763225,2.097615928435018
2023-06-02 00:00:00+00:00,1035005.3170502745,0.0017450605312924338,0.2502901415084709,61.47634622790244,7.096737562519161,2.109596303908114
2023-06-05 00:00:00+00:00,1034979.5085431867,-2.4935627539875967e-05,0.24985413092601155,61.61944151229183,7.074833166743427,2.10907775627808
2023-06-06 00:00:00+00:00,1034422.2619167881,-0.0005384131973617623,0.24986036135091919,61.61739321807852,7.050084823986558,2.1048702507777493
2023-06-07 00:00:00+00:00,1036124.430873048,0.0016455262216668067,0.24999496193770038,61.57316729534846,7.242974335785301,2.1159333346186755
2023-06-08 00:00:00+00:00,1036040.3947237583,-8.110623278989975e-05,0.2495842644859733,61.70826006965482,7.222664247855465,2.1150196045337224
2023-06-09 00:00:00+00:00,1036699.3915584962,0.0006360725296946945,0.249604508967383,61.70159053399689,7.247611879093071,2.1191005908807776
2023-06-12 00:00:00+00:00,1035046.4530297028,-0.001594424133218111,0.0,82.27772948876954,7.149966820916095,2.11263230356886
2023-06-13 00:00:00+00:00,1035128.599573594,7.936507936511733e-05,0.0,82.14654389124625,0.0,2.121642306507382
2023-06-14 00:00:00+00:00,1035210.7526370523,7.936507936512996e-05,0.0,82.15306345822175,0.0,2.1193456332944933
2023-06-15 00:00:00+00:00,1035292.9122205949,7.936507936506892e-05,0.0,82.1595835426232,0.0,2.1250756850573973
2023-06-16 00:00:00+00:00,1035375.0783247395,7.936507936511945e-05,0.0,82.16610414449165,0.0,2.1202149409164757
2023-06-20 00:00:00+00:00,1035457.2509500034,7.936507936512944e-05,0.0,82.17262526386821,0.0,2.1125843331739125
2023-06-21 00:00:00+00:00,1035539.4300969042,7.936507936505921e-05,0.0,82.17914690079392,0.0,2.113029759658734
2023-06-22 00:00:00+00:00,1035621.6157659595,7.936507936509397e-05,0.0,82.18566905530986,0.0,2.101816019445153
2023-06-23 00:00:00+00:00,1035703.807957687,7.936507936508161e-05,0.0,82.1921917274571,0.0,2.099404728436536
2023-06-26 00:00:00+00:00,1035786.0066726042,7.936507936509488e-05,0.0,82.19871491727675,0.0,2.101076116359018
2023-06-27 00:00:00+00:00,1035868.2119112291,7.936507936509412e-05,0.0,82.20523862480987,0.0,2.102695064556098
2023-06-28 00:00:00+00:00,1035950.4236740791,7.936507936503964e-05,0.0,82.21176285009754,0.0,2.10492267630283
2023-06-29 00:00:00+00:00,1036032.6419616723,7.936507936511658e-05,0.0,82.21828759318089,0.0,2.104686539967286
2023-06-30 00:00:00+00:00,1036114.8667745264,7.936507936506046e-05,0.0,82.22481285410097,0.0,2.1080461532611254
2023-07-03 00:00:00+00:00,1036197.0981131593,7.93650793650564e-05,0.0,82.23133863289893,0.0,2.1068105626253093
2023-07-05 00:00:00+00:00,1036279.3359780889,7.93650793650647e-05,0.0,82.23786492961582,0.0,2.1062118387731807
2023-07-06 00:00:00+00:00,1036361.5803698332,7.93650793650457e-05,0.0,82.24439174429277,0.0,2.1053477122308797
2023-07-07 00:00:00+00:00,1036443.8312889101,7.936507936507207e-05,0.0,82.25091907697089,0.0,2.1127041341490784
2023-07-10 00:00:00+00:00,1036526.0887358378,7.936507936510414e-05,0.0,82.25744692769128,0.0,2.1105761747126586
2023-07-11 00:00:00+00:00,1036608.3527111344,7.936507936510223e-05,0.0,82.26397529649506,0.0,2.1207009124686262
2023-07-12 00:00:00+00:00,1036690.6232153177,7.936507936502669e-05,0.0,82.27050418342336,0.0,2.127712880879463
2023-07-13 00:00:00+00:00,1036772.9002489062,7.936507936506247e-05,0.0,82.27703358851728,0.0,2.12651723768263
2023-07-14 00:00:00+00:00,1036855.183812418,7.936507936505757e-05,0.0,82.28356351181796,0.0,2.1228704297566545
2023-07-17 00:00:00+00:00,1037266.0590776685,0.0003962706380458058,0.25000000000000006,61.717570465024885,0.0,2.1191812175396856
2023-07-18 00:00:00+00:00,1036439.8259176172,-0.0007965489209065286,0.24990097158254274,61.75017961306063,0.3076292688824882,2.1247433368885345
2023-07-19 00:00:00+00:00,1036669.9461459894,0.00022202951162015306,0.25010018861790484,61.6846055527391,0.33261004945304684,2.123780763637795
2023-07-20 00:00:00+00:00,1036414.5526109284,-0.00024635954385520363,0.2500446713216481,61.70286906292737,0.37729737793038853,2.1262009305654868
2023-07-21 00:00:00+00:00,1034477.2207111266,-0.0018692635055358284,0.25010628739252544,61.68259973474792,0.28117373986717475,2.138598151793917
2023-07-24 00:00:00+00:00,1033053.6489315239,-0.0013761267537859099,0.2505746774925737,61.528843234763656,0.2685229316048727,2.1479281121139
2023-07-25 00:00:00+00:00,1032623.2629814458,-0.0004166152943976177,0.250919975183483,61.4158613474936,0.24353610463019226,2.1508815128979584
2023-07-26 00:00:00+00:00,1033456.6647405513,0.0008070724231984268,0.2510245558527206,61.38170373240803,0.2697646110892382,2.1461761974986313
2023-07-27 00:00:00+00:00,1036187.1977104496,0.0026421359144108963,0.250822124233124,61.44784672916244,0.41576979035265516,2.1300096803025887
2023-07-28 00:00:00+00:00,1034993.7869713539,-0.0011517327580697764,0.2501611644361763,61.66455569502739,0.3055131324908853,2.1373774041468625
2023-07-31 00:00:00+00:00,1033220.6564578679,-0.0017131798623396593,0.2504496154625505,61.56984055700392,0.31085576451647223,2.1490035331130963
2023-08-01 00:00:00+00:00,1034155.0063051074,0.0009043081372788471,0.25087941702767785,61.429115913076465,0.3466228973595997,2.143739535695469
2023-08-02 00:00:00+00:00,1035431.9722415135,0.001234791620811844,0.250652749706487,61.50327066285737,0.3540833664254184,2.136038804220785
2023-08-03 00:00:00+00:00,1037563.2018657242,0.0020582999958914895,0.25034362749293504,61.60461716574675,0.5177705977240377,2.123918572180802
2023-08-04 00:00:00+00:00,1038061.227425824,0.0004799953961400379,0.24982940363246478,61.77376237401744,0.5509129431580799,2.121374394358543
2023-08-07 00:00:00+00:00,1037398.7793148999,-0.0006381589962345823,0.24970954420087613,61.8132882121206,0.5038387142166563,2.1256728779576206
2023-08-08 00:00:00+00:00,1038397.2060402528,0.0009624329093699573,0.24986900035133047,61.760712965221856,0.5666357813475205,2.1201283352192615
2023-08-09 00:00:00+00:00,1039997.1282678582,0.0015407612985654955,0.24962874942775634,61.8399531815197,0.6997379997176418,2.1114728141130232
2023-08-10 00:00:00+00:00,1039736.3924999663,-0.00025070816140245064,0.24924472280498672,61.96693113609155,0.6973549727799297,2.113626495854757
2023-08-11 00:00:00+00:00,1038099.8544909192,-0.0015739931975567664,0.24930722616128195,61.94623782117951,0.6674957134946904,2.124562443706346
2023-08-14 00:00:00+00:00,1038312.7013035329,0.0002050350086198148,0.24970025266039764,61.81635385220751,0.6810608466540704,2.123740544867436
2023-08-15 00:00:00+00:00,1039345.5438761336,0.0009947317135811126,0.24964906586202668,61.8332464563832,0.6081589671485674,2.116315542846045
2023-08-16 00:00:00+00:00,1038186.8599157254,-0.0011148207323687664,0.24940097879901713,61.9152180891293,0.4875419429839212,2.1231294977653605
2023-08-17 00:00:00+00:00,1039161.9375951645,0.0009392121178631083,0.24967932648863053,61.823259044652445,0.5896452552640787,2.118148952079751
2023-08-18 00:00:00+00:00,1037997.4255692174,-0.0011206261351739094,0.0,82.47316965040989,0.6864639427208419,2.1145056002343696
2023-08-21 00:00:00+00:00,1038079.8063172784,7.936507936502982e-05,0.0,82.380748061049,0.0,2.119205158375289
2023-08-22 00:00:00+00:00,1038162.1936034941,7.936507936509316e-05,0.0,82.38728621565701,0.0,2.1140364118947836
2023-08-23 00:00:00+00:00,1038244.5874283833,7.936507936511982e-05,0.0,82.3938248891662,0.0,2.121848273910203
2023-08-24 00:00:00+00:00,1038326.9877924649,7.936507936507012e-05,0.0,82.40036408161772,0.0,2.11741573721914
2023-08-25 00:00:00+00:00,1038409.394696258,7.93650793651287e-05,0.0,82.40690379305278,0.0,2.112828480331765
2023-08-28 00:00:00+00:00,1038491.8081402815,7.93650793650316e-05,0.0,82.41344402351254,0.0,2.115585506674672
2023-08-29 00:00:00+00:00,1038574.2281250545,7.936507936507553e-05,0.0,82.41998477303821,0.0,2.1106509468838413
2023-08-30 00:00:00+00:00,1038656.6546510962,7.936507936510868e-05,0.0,82.426526041671,0.0,2.105277037304648
2023-08-31 00:00:00+00:00,1038739.0877189257,7.936507936509139e-05,0.0,82.43306782945209,0.0,2.1091528180236323
2023-09-01 00:00:00+00:00,1038821.5273290621,7.936507936509608e-05,0.0,82.43961013642267,0.0,2.11621699386208
2023-09-05 00:00:00+00:00,1038903.9734820247,7.936507936508306e-05,0.0,82.44615296262398,0.0,2.1295215599796538
2023-09-06 00:00:00+00:00,1038986.4261783329,7.936507936512477e-05,0.0,82.4526963080972,0.0,2.1260550875969506
2023-09-07 00:00:00+00:00,1039068.8854185058,7.936507936506944e-05,0.0,82.45924017288357,0.0,2.1274412301210344
2023-09-08 00:00:00+00:00,1039151.3512030628,7.936507936510154e-05,0.0,82.46578455702426,0.0,2.12162123537244
2023-09-11 00:00:00+00:00,1039233.8235325234,7.936507936506932e-05,0.0,82.47232946056054,0.0,2.1104666132508205
2023-09-12 00:00:00+00:00,1039316.3024074069,7.936507936504517e-05,0.0,82.4788748835336,0.0,2.1085398107246385
2023-09-13 00:00:00+00:00,1039398.7878282329,7.936507936510144e-05,0.0,82.48542082598468,0.0,2.1114248124891617
2023-09-14 00:00:00+00:00,1039481.2797955208,7.936507936508643e-05,0.0,82.49196728795499,0.0,2.1079232651997093
2023-09-15 00:00:00+00:00,1039563.7783097903,7.936507936507248e-05,0.0,82.49851426948578,0.0,2.1117187647974016
2023-09-18 00:00:00+00:00,1039646.283371561,7.936507936513192e-05,0.0,82.50506177061828,0.0,2.1120621768031125
2023-09-19 00:00:00+00:00,1039728.7949813524,7.936507936511308e-05,0.0,82.51160979139372,0.0,2.1128761030375234
2023-09-20 00:00:00+00:00,1039811.3131396843,7.93650793650883e-05,0.0,82.51815833185337,0.0,2.1136696784808007
2023-09-21 00:00:00+00:00,1039893.8378470764,7.936507936512985e-05,0.0,82.52470739203844,0.0,2.1161601820184006
2023-09-22 00:00:00+00:00,1039976.3691040484,7.936507936508611e-05,0.0,82.53125697199019,0.0,2.1205897456870653
2023-09-25 00:00:00+00:00,1040058.90691112,7.93650793650294e-05,0.0,82.53780707174987,0.0,2.127320269093258
2023-09-26 00:00:00+00:00,1040141.4512688114,7.936507936503194e-05,0.0,82.54435769135874,0.0,2.122538720439588
2023-09-27 00:00:00+00:00,1040224.0021776422,7.936507936505409e-05,0.0,82.55090883085805,0.0,2.121114442738109
2023-09-28 00:00:00+00:00,1040306.5596381325,7.936507936505616e-05,0.0,82.55746049028906,0.0,2.1220430805096178
2023-09-29 00:00:00+00:00,1040389.1236508022,7.93650793651104e-05,0.0,82.56401266969306,0.0,2.119521664815194
2023-10-02 00:00:00+00:00,1040471.6942161713,7.936507936506523e-05,0.0,82.57056536911128,0.0,2.118583397325089
2023-10-03 00:00:00+00:00,1040554.2713347599,7.93650793651048e-05,0.0,82.57711858858502,0.0,2.1189860904819833
2023-10-04 00:00:00+00:00,1040636.855007088,7.936507936507752e-05,0.0,82.58367232815554,0.0,2.11955928655567
2023-10-05 00:00:00+00:00,1040719.4452336759,7.936507936505562e-05,0.0,82.59022658786414,0.0,2.1403341555091866
2023-10-06 00:00:00+00:00,1040873.4351204067,0.00014796484051109193,0.22581723810445825,63.9450043229685,0.0,2.1413797843905047
2023-10-09 00:00:00+00:00,1040514.3154688689,-0.00034501759716463066,0.22578383003605698,63.95722574255032,0.35209013883256834,2.1450851585756
2023-10-10 00:00:00+00:00,1039809.805208848,-0.0006770788729643796,0.22586175631651267,63.92872418290447,0.2849127709327366,2.150161860981948
2023-10-11 00:00:00+00:00,1041347.2948774832,0.0014786258611269565,0.2260147861531946,63.87281067020439,0.2639124112140194,2.139191511566039
2023-10-12 00:00:00+00:00,1041615.6429084861,0.0002576931176783664,0.22568108825972646,63.994833659778614,0.2822242373739787,2.1377878436392974
2023-10-13 00:00:00+00:00,1042018.0180380645,0.00038629904640723027,0.22562294677915118,64.01613112255662,0.3862505392230968,2.1361455138925827
2023-10-16 00:00:00+00:00,1041261.287964479,-0.0007262159199610704,0.22553582250598644,64.04806565665014,0.3511656227856492,2.141922405794042
2023-10-17 00:00:00+00:00,1040405.5210483527,-0.0008218560759126568,0.22569972924249324,63.988007714302086,0.3522325339717409,2.1486649906293716
2023-10-18 00:00:00+00:00,1040862.9286789137,0.0004396436017564906,0.22588537450999407,63.920089705085715,0.4013552397572737,2.146250914809575
2023-10-19 00:00:00+00:00,1040918.816594317,5.3693828325855636e-05,0.22578610909176638,63.95639189798739,0.3989344912228221,2.146283056892826
2023-10-20 00:00:00+00:00,1041137.309817892,0.00020990419242292825,0.225773986422099,63.960827446828915,0.3581600755725618,2.144769143638289
2023-10-23 00:00:00+00:00,1044482.8151619113,0.0032133180825154005,0.2257266054612713,63.978168178858674,0.48066186405450284,2.1213323666777413
2023-10-24 00:00:00+00:00,1047770.7410168664,0.0031478984692011624,0.2250035973333291,64.24368447600307,0.6112675276965074,2.097561003211617
2023-10-25 00:00:00+00:00,1048998.8022785562,0.0011720705814880045,0.22429753147734596,64.50463097242806,0.6715673359116399,2.089030677333357
2023-10-26 00:00:00+00:00,1048616.8372353096,-0.0003641234312344662,0.22403494670708535,64.60209615192726,0.6196073171527947,2.0917476324323228
2023-10-27 00:00:00+00:00,1056069.536542833,0.007107171125701703,0.2241165527952856,64.57178146595531,0.9425169175909593,2.0338389637451613
2023-10-30 00:00:00+00:00,1055225.2319916533,-0.0007994781801430265,0.2225349587619137,65.16326553798099,0.9053555554424424,2.0412835803625824
2023-10-31 00:00:00+00:00,1055892.1900087663,0.000632052756977854,0.2227130129562061,65.0962572402683,0.9472436457533775,2.0369114613955874
2023-11-01 00:00:00+00:00,1056643.4204380997,0.0007114650874793997,0.22257233549792765,65.14919041622964,0.9642356450730505,2.0308966185220982
2023-11-02 00:00:00+00:00,1055529.664898003,-0.0010540505136869044,0.2224140956339208,65.20881187887515,0.9823158053282497,2.0426774538940196
2023-11-03 00:00:00+00:00,1055317.477236029,-0.00020102482102622507,0.22264877869347444,65.12041858204209,0.9474391730582665,2.0441431815009516
2023-11-06 00:00:00+00:00,1054496.092676052,-0.0007783293441973319,0.22269354562362711,65.10357829140924,0.8486751811083735,2.0493910323798006
2023-11-07 00:00:00+00:00,1055423.5091095292,0.0008794877856054959,0.22286700955701885,65.03838904061739,0.8527281846823338,2.0414407146875617
2023-11-08 00:00:00+00:00,1054812.6640563998,-0.0005787677153835047,0.0,83.76377056424835,0.8610020890063912,2.03476727942272
2023-11-09 00:00:00+00:00,1054194.074625242,-0.0005864448278227402,0.25,62.78646809859523,0.0,2.0323545826006155
2023-11-10 00:00:00+00:00,1054488.7925219184,0.000279567020694135,0.25014669723679145,62.737373699297,7.558354516399168,2.0339532114321197
2023-11-13 00:00:00+00:00,1054655.2731200533,0.00015787801569399758,0.2500767840153395,62.76076400855702,7.600523261176431,2.0348405034631494
2023-11-14 00:00:00+00:00,1056513.5990507454,0.0017620221299367515,0.25003730862120493,62.77397675444075,7.729950206493241,2.045907599680503
2023-11-15 00:00:00+00:00,1057642.1694880424,0.0010682024711380794,0.24959751228098867,62.9214629394163,7.792524614831972,2.0524428605723646
2023-11-16 00:00:00+00:00,1054892.6113908426,-0.0025997054358476543,0.24933117610254418,63.01103202174146,7.534783306508826,2.034910148362235
2023-11-17 00:00:00+00:00,1055307.7076554464,0.00039349622902040167,0.24998105320542122,62.7928131251383,7.641922918335153,2.0375531418131945
2023-11-20 00:00:00+00:00,1055669.0110670892,0.00034236783169667897,0.24988272529532018,62.82575727312273,7.6504447708599566,2.039359930875015
2023-11-21 00:00:00+00:00,1055239.7847558472,-0.0004065917505791947,0.2497972027686444,62.85443214706263,7.60842310859164,2.036340396010145
2023-11-22 00:00:00+00:00,1056099.5787026903,0.0008147853779433276,0.2498988095630923,62.82036656680533,7.657996845093131,2.041259123561953
2023-11-24 00:00:00+00:00,1056403.117530221,0.0002874149688644325,0.24969536143365587,62.88860418163416,7.694968925230215,2.042865888339742
2023-11-27 00:00:00+00:00,1056615.8167628392,0.00020134286721492915,0.2496236158698728,62.9126945647715,7.688121407597897,2.0437616435228843
2023-11-28 00:00:00+00:00,1057720.8203357586,0.001045795032961756,0.24957336605277128,62.92957545624915,7.770847180660867,2.0502275236865546
2023-11-29 00:00:00+00:00,1057381.255509443,-0.00032103445425959526,0.24931263613624538,63.017274152512584,7.691291685673453,2.047694103671111
2023-11-30 00:00:00+00:00,1056552.4275874144,-0.0007838496452534478,0.24939269978551734,62.99032456312247,7.635106709903297,2.042222061480464
2023-12-01 00:00:00+00:00,1058268.1613645172,0.0016238983814750919,0.24958833951690707,62.92454456931067,7.773446695917626,2.0525277285489962
2023-12-04 00:00:00+00:00,1058671.95364297,0.00038155950749962263,0.24918369052517325,63.06071391669979,7.784737445171817,2.054665336209446
2023-12-05 00:00:00+00:00,1058600.506092795,-6.748790305548061e-05,0.24908864838317243,63.09276092292619,7.715147320664811,2.0539025101797215
2023-12-06 00:00:00+00:00,1059398.1125455657,0.0007534536854839245,0.24910545998830672,63.08709048243611,7.738639527873905,2.058622726046207
2023-12-07 00:00:00+00:00,1060122.3069275925,0.0006835904023716517,0.24891791187022513,63.15039258186236,7.771481744817257,2.06289219836364
2023-12-08 00:00:00+00:00,1061398.7814778564,0.001204082342124644,0.24874787021353675,63.20786832646766,7.8993524944234075,2.070344000402314
2023-12-11 00:00:00+00:00,1061076.465828978,-0.00030367064151861685,0.24844871749987166,63.309175830456866,7.867288375335386,2.0680159302860326
2023-12-12 00:00:00+00:00,1060913.3210177678,-0.00015375405681320413,0.2485241869991706,63.28359522340302,7.803805624169279,2.066898079931163
2023-12-13 00:00:00+00:00,1062430.5586892688,0.0014301240652209637,0.2485624044772302,63.27064722251332,7.9466166021959275,2.0758223664010553
2023-12-14 00:00:00+00:00,1060982.0366112567,-0.0013634040043042177,0.0,84.31988561025942,8.28106314022251,2.094495879159132
2023-12-15 00:00:00+00:00,1061066.2415347972,7.936507936508943e-05,0.0,84.20492354057592,0.0,2.097656956162764
2023-12-18 00:00:00+00:00,1061150.4531412683,7.936507936515964e-05,0.0,84.21160647101566,0.0,2.0919106771399676
2023-12-19 00:00:00+00:00,1061234.6714312,7.936507936500748e-05,0.0,84.2182899318467,0.0,2.097290138261123
2023-12-20 00:00:00+00:00,1061318.8964051232,7.936507936503218e-05,0.0,84.22497392311112,0.0,2.0987810712174024
2023-12-21 00:00:00+00:00,1061403.128063568,7.936507936497462e-05,0.0,84.23165844485105,0.0,2.0983772797061926
2023-12-22 00:00:00+00:00,1061487.366407065,7.936507936501453e-05,0.0,84.23834349710856,0.0,2.0998873892351364
2023-12-26 00:00:00+00:00,1061571.611436145,7.936507936511222e-05,0.0,84.24502907992579,0.0,2.108515535446779
2023-12-27 00:00:00+00:00,1061655.8631513382,7.936507936500866e-05,0.0,84.25171519334484,0.0,2.1056378946298713
2023-12-28 00:00:00+00:00,1061740.1215531756,7.936507936510288e-05,0.0,84.25840183740779,0.0,2.102421308518796
2023-12-29 00:00:00+00:00,1061824.3866421878,7.936507936513587e-05,0.0,84.26508901215679,0.0,2.0975309217732923
2024-01-02 00:00:00+00:00,1061908.6584189055,7.936507936506795e-05,0.0,84.27177671763395,0.0,2.0863142271297987
2024-01-03 00:00:00+00:00,1061992.9368838593,7.936507936507877e-05,0.0,84.27846495388138,0.0,2.1011626445378804
2024-01-04 00:00:00+00:00,1062077.2220375803,7.936507936512864e-05,0.0,84.28515372094121,0.0,2.0954646923385405
2024-01-05 00:00:00+00:00,1062161.5138805993,7.936507936517788e-05,0.0,84.29184301885559,0.0,2.0922409922226484
2024-01-08 00:00:00+00:00,1062245.812413447,7.936507936518681e-05,0.0,84.2985328476666,0.0,2.095625532822655
2024-01-09 00:00:00+00:00,1062330.1176366545,7.93650793651158e-05,0.0,84.30522320741643,0.0,2.078529144433241
2024-01-10 00:00:00+00:00,1062414.4295507527,7.936507936514435e-05,0.0,84.31191409814718,0.0,2.0760626849024915
2024-01-11 00:00:00+00:00,1062498.7481562726,7.936507936501364e-05,0.0,84.31860551990101,0.0,2.0803397527322853
2024-01-12 00:00:00+00:00,1062583.0734537453,7.93650793651223e-05,0.0,84.32529747272005,0.0,2.0860496872611103
2024-01-16 00:00:00+00:00,1062667.405443702,7.936507936499238e-05,0.0,84.33198995664645,0.0,2.0766966905158344
2024-01-17 00:00:00+00:00,1062751.7441266736,7.936507936502247e-05,0.0,84.33868297172238,0.0,2.0772532405109927
2024-01-18 00:00:00+00:00,1062836.0895031916,7.936507936517286e-05,0.0,84.34537651798996,0.0,2.0698746522881986
2024-01-19 00:00:00+00:00,1062920.4415737872,7.936507936518478e-05,0.0,84.3520705954914,0.0,2.0705098980249366
2024-01-22 00:00:00+00:00,1063004.8003389915,7.936507936501861e-05,0.0,84.35876520426883,0.0,2.074139424897335
2024-01-23 00:00:00+00:00,1063089.1657993358,7.936507936507279e-05,0.0,84.36546034436441,0.0,2.0642640274858444
2024-01-24 00:00:00+00:00,1063173.5379553516,7.93650793650886e-05,0.0,84.37215601582031,0.0,2.072792513387379
2024-01-25 00:00:00+00:00,1063257.9168075703,7.936507936502635e-05,0.0,84.3788522186787,0.0,2.081293898860985
2024-01-26 00:00:00+00:00,1063342.3023565232,7.93650793650654e-05,0.0,84.38554895298176,0.0,2.0799073763690603
2024-01-29 00:00:00+00:00,1063426.694602742,7.936507936516606e-05,0.0,84.39224621877169,0.0,2.079020770009498
2024-01-30 00:00:00+00:00,1063511.0935467582,7.936507936506969e-05,0.0,84.39894401609064,0.0,2.0751362325077984
2024-01-31 00:00:00+00:00,1063595.4991891033,7.936507936517453e-05,0.0,84.4056423449808,0.0,2.0684140426040933
2024-02-01 00:00:00+00:00,1063679.9115303087,7.936507936500304e-05,0.0,84.41234120548438,0.0,2.074120790447067
2024-02-02 00:00:00+00:00,1063764.3305709064,7.936507936517232e-05,0.0,84.41904059764354,0.0,2.1076727990784687
2024-02-05 00:00:00+00:00,1063848.7563114278,7.936507936498597e-05,0.0,84.42574052150052,0.0,2.110402394840332
2024-02-06 00:00:00+00:00,1063933.1887524049,7.936507936506103e-05,0.0,84.43244097709744,0.0,2.106286026326538
2024-02-07 00:00:00+00:00,1064017.6278943694,7.936507936513887e-05,0.0,84.43914196447658,0.0,2.105523876655968
2024-02-08 00:00:00+00:00,1064102.0737378532,7.936507936517984e-05,0.0,84.44584348368011,0.0,2.1075118137540474
2024-02-09 00:00:00+00:00,1064186.526283388,7.936507936514431e-05,0.0,84.45254553475026,0.0,2.1011685900250985
2024-02-12 00:00:00+00:00,1064270.9855315057,7.936507936499262e-05,0.0,84.4592481177292,0.0,2.0991752077743495
2024-02-13 00:00:00+00:00,1064355.4514827384,7.936507936512267e-05,0.0,84.46595123265918,0.0,2.100002645251142
2024-02-14 00:00:00+00:00,1064439.924137618,7.93650793650572e-05,0.0,84.47265487958241,0.0,2.1078179050641586
2024-02-15 00:00:00+00:00,1064524.4034966764,7.936507936497538e-05,0.0,84.4793590585411,0.0,2.1121283680457292
2024-02-16 00:00:00+00:00,1064608.889560446,7.936507936505623e-05,0.0,84.48606376957748,0.0,2.112501163896844
2024-02-20 00:00:00+00:00,1064693.3823294586,7.936507936504134e-05,0.0,84.4927690127338,0.0,2.115668729030312
2024-02-21 00:00:00+00:00,1064777.8818042467,7.936507936510975e-05,0.0,84.49947478805227,0.0,2.110665453693233
2024-02-22 00:00:00+00:00,1064862.3879853422,7.936507936500313e-05,0.0,84.50618109557513,0.0,2.1106469768128133
2024-02-23 00:00:00+00:00,1064946.9008732776,7.936507936511914e-05,0.0,84.51288793534462,0.0,2.112318582784164
2024-02-26 00:00:00+00:00,1065031.4204685849,7.936507936498078e-05,0.0,84.51959530740298,0.0,2.100643736638996
2024-02-27 00:00:00+00:00,1065115.9467717966,7.936507936498573e-05,0.0,84.52630321179245,0.0,2.094133124695392
2024-02-28 00:00:00+00:00,1065200.4797834451,7.936507936509423e-05,0.0,84.53301164855529,0.0,2.093175109846877
2024-02-29 00:00:00+00:00,1065285.0195040628,7.936507936504803e-05,0.0,84.53972061773374,0.0,2.0895716060951974
2024-03-01 00:00:00+00:00,1065369.5659341821,7.936507936502608e-05,0.0,84.54643011937007,0.0,2.087855093353724
2024-03-04 00:00:00+00:00,1065454.1190743356,7.936507936498869e-05,0.0,84.55314015350652,0.0,2.0705028558318315
2024-03-05 00:00:00+00:00,1064902.712650019,-0.0005175318340273896,0.20651224975694957,67.09720570884807,0.0,2.0684587241451062
2024-03-06 00:00:00+00:00,1062778.9139672501,-0.001994359350896702,0.20661918176103158,67.05344329421978,6.1723362545584175,2.0524420709150935
2024-03-07 00:00:00+00:00,1063239.9060990298,0.0004337610821227438,0.20703207812196972,66.88488784320637,6.222374059566735,2.0556729090286554
2024-03-08 00:00:00+00:00,1063013.2146873164,-0.00021320814842728175,0.20694231459965198,66.92147452033174,6.222273880883633,2.053835783042954
2024-03-11 00:00:00+00:00,1064480.6686136648,0.001380466306601851,0.2069864457965098,66.90348313844973,6.3494830595899785,2.06441251908235
2024-03-12 00:00:00+00:00,1064665.1889968656,0.00017334310395805748,0.20670110188981344,67.01994773577896,6.352154484545064,2.06523787028165
2024-03-13 00:00:00+00:00,1065965.420756591,0.0012212588268716272,0.20666527788906378,67.03459221063618,6.4705342514525235,2.074471049259346
2024-03-14 00:00:00+00:00,1066025.1954676653,5.607565678057476e-05,0.20641319395396474,67.13778520743978,6.525511450144838,2.075034258835283
2024-03-15 00:00:00+00:00,1066174.8471092428,0.00014038283730416902,0.20640161984757122,67.14252923212821,6.516039153521722,2.0754923200783053
2024-03-18 00:00:00+00:00,1064988.508085834,-0.0011127058818028537,0.206372648669609,67.15440634653912,6.443231172147177,2.0668653308135383
2024-03-19 00:00:00+00:00,1065494.005764356,0.0004746508292662998,0.2066025365271982,67.06025245579241,6.503227183356249,2.0703699233091175
2024-03-20 00:00:00+00:00,1064160.4862117614,-0.001251550497121867,0.20650451898601424,67.10037131916717,6.388130879477539,2.060336338316741
2024-03-21 00:00:00+00:00,1063601.9580227016,-0.0005248533433599684,0.2067632936890173,66.9945364340406,6.355281558377109,2.0561457101098926
2024-03-22 00:00:00+00:00,1063737.4564461154,0.00012739580102479194,0.20687187108220192,66.95020879998823,6.352586925102866,2.0565408310721036
2024-03-25 00:00:00+00:00,1064346.8263066432,0.0005728573877276759,0.20684551983151458,66.96096264311632,6.429221075647293,2.0610149422322896
2024-03-26 00:00:00+00:00,1063924.3276965604,-0.0003969557663350021,0.20672709468807904,67.00932533045979,6.371870832605322,2.0572472273747855
2024-03-27 00:00:00+00:00,1064084.4846124526,0.00015053412326691942,0.20680918878809956,66.97579369473893,6.409394755028649,2.0584613818621755
2024-03-28 00:00:00+00:00,1064360.721015375,0.00025960006645820994,0.20677806163388066,66.98850456107958,6.452678105007253,2.0604434141904484
2024-04-01 00:00:00+00:00,1065070.6358026124,0.0006669870216180634,0.2067243959669491,67.01042808512105,6.524954053190783,2.0653640209437016
2024-04-02 00:00:00+00:00,1064108.4332142032,-0.0009034166899964264,0.20658660538231896,67.06677052855258,6.505737322176985,2.0593550368451132
2024-04-03 00:00:00+00:00,1064772.0136940093,0.0006236023125967263,0.20677340793009044,66.9904052437582,6.5412632581950865,2.0633092320189546
2024-04-04 00:00:00+00:00,1064866.535743206,8.87721014274577e-05,0.2066445439146198,67.04307036120312,6.572598347024048,2.064077046609349
2024-04-05 00:00:00+00:00,1063905.4618910393,-0.0009025298663329678,0.20662620127252287,67.05057211113939,6.524594565134111,2.0576978196111826
2024-04-08 00:00:00+00:00,1064663.3499568023,0.0007123641083822826,0.2068128560518513,66.97429640858645,6.55625339833154,2.06202293573682
2024-04-09 00:00:00+00:00,1064538.1282816401,-0.00011761621658835571,0.20666563487113304,67.0344462550756,6.558793797852956,2.0610870937367953
2024-04-10 00:00:00+00:00,1064449.2020406055,-8.353504554898859e-05,0.20668994496046617,67.02450802688811,6.570881015892611,2.060551735525317
2024-04-11 00:00:00+00:00,1064038.5458613744,-0.0003857921810114341,0.20670721225685734,67.01745038871076,6.525342818604029,2.0571480817843226
2024-04-12 00:00:00+00:00,1062474.0051680063,-0.0014703797145821601,0.2067869890603717,66.98485862845432,6.366742047530174,2.0452043894400043
2024-04-15 00:00:00+00:00,1062210.898177007,-0.00024763616777401053,0.20709149218954978,66.86068873215527,6.321309218887276,2.0424631762945564
2024-04-16 00:00:00+00:00,1061193.5002915561,-0.000957811567549292,0.20714278823581053,66.8398072249331,6.196257157276627,2.033833705017738
2024-04-17 00:00:00+00:00,1061992.454756812,0.0007528829238365408,0.20734138221012305,66.75906136100843,6.259060808837043,2.0392172161490105
2024-04-18 00:00:00+00:00,1063106.2850530485,0.0010488118736131835,0.2071853958635091,66.82247044555255,6.343894314750116,2.046726124848102
2024-04-19 00:00:00+00:00,1064007.2518834523,0.0008474851885188685,0.2069683250267592,66.91086967541258,6.451822327447771,2.053517431466545
2024-04-22 00:00:00+00:00,1065512.6207015219,0.001414810674837833,0.20679307096203053,66.9823749794129,6.579584299195474,2.063780322411632
2024-04-23 00:00:00+00:00,1065844.6622256618,0.00031162608277818325,0.20650091126840425,67.1018486951327,6.611749801820882,2.065845478909466
2024-04-24 00:00:00+00:00,1066648.0481921867,0.0007537552093635702,0.20643658024556022,67.12820119704857,6.666762744201403,2.0708476798837077
2024-04-25 00:00:00+00:00,1067930.9713282292,0.0012027614340239022,0.20628109479576467,67.1919619880426,6.76452671034457,2.079157847548361
2024-04-26 00:00:00+00:00,1071792.2600509864,0.0036156725728768856,0.2060332859053525,67.29378128455392,6.9931299778855145,2.1038420151077646
2024-04-29 00:00:00+00:00,1070465.1884985233,-0.001238179824511868,0.20529102079201691,67.60023277048704,6.923224918607763,2.0949481819215765
2024-04-30 00:00:00+00:00,1067241.1120004507,-0.0030118461886601013,0.20554552311175261,67.49490963140265,6.623268363906483,2.0720598421093963
2024-05-01 00:00:00+00:00,1067910.7590250915,0.0006274561737840274,0.20616646479296885,67.23903054425404,6.615819417451635,2.075468020828979
2024-05-02 00:00:00+00:00,1068300.1942291958,0.0003646701756800424,0.20603718548890476,67.29217713351125,6.653762365988891,2.0779148053500367
2024-05-03 00:00:00+00:00,1068217.5570663684,-7.735387793975425e-05,0.2059620772620062,67.32308468939253,6.635969775463684,2.0768332123555684
2024-05-06 00:00:00+00:00,1067640.4167833023,-0.0005402834649629552,0.0,84.77917119574353,6.769563248192963,2.0863416466131355
2024-05-07 00:00:00+00:00,1067725.1501497137,7.936507936511583e-05,0.0,84.7333664113732,0.0,2.0919920250272592
2024-05-08 00:00:00+00:00,1067809.8902409954,7.936507936506707e-05,0.0,84.74009128172331,0.0,2.091079942989504
2024-05-09 00:00:00+00:00,1067894.6370576813,7.936507936516892e-05,0.0,84.74681668579329,0.0,2.0957650629756683
2024-05-10 00:00:00+00:00,1067979.390600305,7.936507936516362e-05,0.0,84.7535426236255,0.0,2.1016339183658683
2024-05-13 00:00:00+00:00,1068064.1508694002,7.936507936501153e-05,0.0,84.7602690952623,0.0,2.092715632709074
2024-05-14 00:00:00+00:00,1068148.917865501,7.936507936510906e-05,0.0,84.76699610074606,0.0,2.088206055867826
2024-05-15 00:00:00+00:00,1068233.691589141,7.936507936498046e-05,0.0,84.77372364011913,0.0,2.0812123109416434
2024-05-16 00:00:00+00:00,1068318.4720408544,7.936507936502209e-05,0.0,84.78045171342389,0.0,2.071849732387299
2024-05-17 00:00:00+00:00,1068403.259221175,7.936507936497627e-05,0.0,84.78718032070273,0.0,2.073700610596072
2024-05-20 00:00:00+00:00,1068488.053130637,7.93650793650213e-05,0.0,84.79390946199801,0.0,2.0698991236700244
2024-05-21 00:00:00+00:00,1068572.8537697743,7.936507936511747e-05,0.0,84.80063913735214,0.0,2.0656125895405153
2024-05-22 00:00:00+00:00,1068657.661139121,7.936507936500724e-05,0.0,84.80736934680749,0.0,2.063642691270769
2024-05-23 00:00:00+00:00,1068742.4752392115,7.936507936508671e-05,0.0,84.81410009040643,0.0,2.071269805879197
2024-05-24 00:00:00+00:00,1068827.2960705797,7.936507936509834e-05,0.0,84.82083136819139,0.0,2.075695510090505
2024-05-28 00:00:00+00:00,1068912.1236337598,7.936507936500245e-05,0.0,84.82756318020473,0.0,2.0773660023418823
2024-05-29 00:00:00+00:00,1068996.9579292862,7.936507936497725e-05,0.0,84.83429552648887,0.0,2.0691379526364795
2024-05-30 00:00:00+00:00,1069081.7989576932,7.936507936498305e-05,0.0,84.8410284070862,0.0,2.0754539513299
2024-05-31 00:00:00+00:00,1069166.646719515,7.936507936498017e-05,0.0,84.84776182203915,0.0,2.0832333562509824
2024-06-03 00:00:00+00:00,1069251.5012152866,7.936507936514672e-05,0.0,84.85449577139009,0.0,2.069976099197158
2024-06-04 00:00:00+00:00,1069336.3624455417,7.936507936500747e-05,0.0,84.86123025518147,0.0,2.0696945402290114
2024-06-05 00:00:00+00:00,1069421.2304108152,7.936507936517606e-05,0.0,84.86796527345568,0.0,2.059701721638971
2024-06-06 00:00:00+00:00,1069506.1051116416,7.936507936517731e-05,0.0,84.87470082625518,0.0,2.06081615810536
2024-06-07 00:00:00+00:00,1069590.986548555,7.936507936497157e-05,0.0,84.88143691362235,0.0,2.070455452929719
2024-06-10 00:00:00+00:00,1069675.8747220908,7.936507936517231e-05,0.0,84.8881735355996,0.0,2.071374874663318
2024-06-11 00:00:00+00:00,1069760.769632783,7.936507936508674e-05,0.0,84.89491069222943,0.0,2.074990759992887
2024-06-12 00:00:00+00:00,1069845.6712811666,7.936507936511058e-05,0.0,84.9016483835542,0.0,2.068041121049529
2024-06-13 00:00:00+00:00,1069930.5796677761,7.936507936498649e-05,0.0,84.9083866096164,0.0,2.0631874988276553
2024-06-14 00:00:00+00:00,1070015.4947931466,7.936507936511009e-05,0.0,84.91512537045843,0.0,2.066891697382489
2024-06-17 00:00:00+00:00,1070100.4166578127,7.936507936500644e-05,0.0,84.92186466612274,0.0,2.075705405876632
2024-06-18 00:00:00+00:00,1070185.3452623093,7.93650793650711e-05,0.0,84.9286044966518,0.0,2.070057293716053
2024-06-20 00:00:00+00:00,1070270.2806071714,7.936507936504678e-05,0.0,84.93534486208804,0.0,2.078011861154696
2024-06-21 00:00:00+00:00,1070355.2226929339,7.93650793651114e-05,0.0,84.94208576247392,0.0,2.074939772787941
2024-06-24 00:00:00+00:00,1070440.1715201316,7.936507936500775e-05,0.0,84.9488271978519,0.0,2.081753920334102
2024-06-25 00:00:00+00:00,1070525.1270893,7.936507936513122e-05,0.0,84.95556916826442,0.0,2.0756977092511777
2024-06-26 00:00:00+00:00,1070610.0894009736,7.936507936500709e-05,0.0,84.96231167375396,0.0,2.0582211675193256
2024-06-27 00:00:00+00:00,1070695.058455688,7.936507936503072e-05,0.0,84.96905471436298,0.0,2.05914670292536
2024-06-28 00:00:00+00:00,1070780.0342539782,7.936507936516241e-05,0.0,84.97579829013397,0.0,2.058980767164531
2024-07-01 00:00:00+00:00,1070865.0167963794,7.936507936514501e-05,0.0,84.98254240110938,0.0,2.059421097315784
2024-07-02 00:00:00+00:00,1070950.0060834268,7.936507936515633e-05,0.0,84.9892870473317,0.0,2.065402717580703
2024-07-03 00:00:00+00:00,1071035.0021156557,7.936507936515668e-05,0.0,84.99603222884339,0.0,2.059560943638705
2024-07-05 00:00:00+00:00,1071120.0048936014,7.936507936510642e-05,0.0,85.00277794568696,0.0,2.054108072323634
2024-07-08 00:00:00+00:00,1071205.0144177994,7.936507936518326e-05,0.0,85.00952419790487,0.0,2.061950133853162
2024-07-09 00:00:00+00:00,1071290.030688785,7.936507936513013e-05,0.0,85.01627098553963,0.0,2.060319884796618
2024-07-10 00:00:00+00:00,1071375.0537070937,7.936507936512477e-05,0.0,85.02301830863374,0.0,2.067934743838554
2024-07-11 00:00:00+00:00,1071460.083473261,7.936507936512746e-05,0.0,85.02976616722965,0.0,2.0607942386656424
2024-07-12 00:00:00+00:00,1071545.1199878224,7.936507936509858e-05,0.0,85.03651456136991,0.0,2.0654546290593663
2024-07-15 00:00:00+00:00,1071630.1632513134,7.936507936499843e-05,0.0,85.04326349109701,0.0,2.067233677303162
2024-07-16 00:00:00+00:00,1071715.2132642698,7.936507936500466e-05,0.0,85.05001295645344,0.0,2.060053174306971
2024-07-17 00:00:00+00:00,1071800.2700272272,7.936507936507758e-05,0.0,85.05676295748172,0.0,2.075417133777205
2024-07-18 00:00:00+00:00,1071885.3335407216,7.936507936517746e-05,0.0,85.06351349422438,0.0,2.0732177427349656
2024-07-19 00:00:00+00:00,1071970.4038052883,7.936507936504745e-05,0.0,85.07026456672394,0.0,2.0693602446668784
2024-07-22 00:00:00+00:00,1072055.4808214633,7.936507936508235e-05,0.0,85.07701617502288,0.0,2.0604827637321472
2024-07-23 00:00:00+00:00,1072140.5645897824,7.936507936502524e-05,0.0,85.08376831916375,0.0,2.053535123734578
2024-07-24 00:00:00+00:00,1072225.6551107815,7.936507936505367e-05,0.0,85.09052099918908,0.0,2.049447895665484
2024-07-25 00:00:00+00:00,1072310.7523849967,7.936507936512792e-05,0.0,85.0972742151414,0.0,2.053152005402093
2024-07-26 00:00:00+00:00,1072395.8564129637,7.936507936499122e-05,0.0,85.10402796706323,0.0,2.0559312185834435
2024-07-29 00:00:00+00:00,1072480.9671952187,7.936507936503817e-05,0.0,85.11078225499712,0.0,2.0545945280095435
2024-07-30 00:00:00+00:00,1072566.0847322976,7.936507936501194e-05,0.0,85.1175370789856,0.0,2.0625491906125246
2024-07-31 00:00:00+00:00,1072651.2090247367,7.936507936508999e-05,0.0,85.12429243907124,0.0,2.0709412082694447
2024-08-01 00:00:00+00:00,1072736.340073072,7.936507936501556e-05,0.0,85.13104833529655,0.0,2.025649553613802
2024-08-02 00:00:00+00:00,1072821.4778778397,7.93650793651831e-05,0.0,85.13780476770411,0.0,1.9988588770280384
2024-08-05 00:00:00+00:00,1072906.622439576,7.936507936511883e-05,0.0,85.14456173633648,0.0,1.9856662514736092
2024-08-06 00:00:00+00:00,1072991.7737588172,7.936507936500015e-05,0.0,85.1513192412362,0.0,1.9764117973920272
2024-08-07 00:00:00+00:00,1073076.9318360996,7.936507936500443e-05,0.0,85.15807728244582,0.0,1.9622664974186756
2024-08-08 00:00:00+00:00,1073162.0966719596,7.936507936509196e-05,0.0,85.1648358600079,0.0,1.9651774313286494
2024-08-09 00:00:00+00:00,1073247.2682669335,7.936507936500606e-05,0.0,85.17159497396504,0.0,1.9666780116291287
2024-08-12 00:00:00+00:00,1073332.446621558,7.936507936514104e-05,0.0,85.1783546243598,0.0,1.9623922110414518
2024-08-13 00:00:00+00:00,1073417.631736369,7.93650793650233e-05,0.0,85.18511481123475,0.0,1.962555101705544
2024-08-14 00:00:00+00:00,1073502.8236119037,7.936507936504706e-05,0.0,85.19187553463247,0.0,1.9593217514441168
2024-08-15 00:00:00+00:00,1073588.0222486984,7.93650793651726e-05,0.0,85.19863679459553,0.0,1.9759363254804256
2024-08-16 00:00:00+00:00,1073673.2276472896,7.936507936514339e-05,0.0,85.20539859116654,0.0,1.9818452737733039
2024-08-19 00:00:00+00:00,1073758.439808214,7.936507936513664e-05,0.0,85.21216092438807,0.0,1.977085533133501
2024-08-20 00:00:00+00:00,1073843.6587320084,7.936507936511268e-05,0.0,85.21892379430271,0.0,1.9841268243531078
2024-08-21 00:00:00+00:00,1073928.8844192093,7.936507936503185e-05,0.0,85.22568720095305,0.0,1.9909120756064507
2024-08-22 00:00:00+00:00,1074014.1168703537,7.936507936507131e-05,0.0,85.2324511443817,0.0,1.9893148912819933
2024-08-23 00:00:00+00:00,1074099.3560859782,7.936507936497456e-05,0.0,85.23921562463124,0.0,1.9929616666365355
2024-08-26 00:00:00+00:00,1074184.60206662,7.936507936513554e-05,0.0,85.2459806417443,0.0,1.9858692703193164
2024-08-27 00:00:00+00:00,1074269.8548128158,7.936507936508096e-05,0.0,85.25274619576349,0.0,1.9803520907504009
2024-08-28 00:00:00+00:00,1074355.1143251024,7.9365079364988e-05,0.0,85.25951228673141,0.0,1.9824961275846782
2024-08-29 00:00:00+00:00,1074440.380604017,7.936507936503368e-05,0.0,85.26627891469067,0.0,1.9833985958521763
2024-08-30 00:00:00+00:00,1074525.6536500969,7.936507936517833e-05,0.0,85.2730460796839,0.0,1.9866343064853558
2024-09-03 00:00:00+00:00,1074610.9334638787,7.936507936516555e-05,0.0,85.27981378175372,0.0,1.9787789283442545
2024-09-04 00:00:00+00:00,1074696.2200458997,7.936507936517238e-05,0.0,85.28658202094276,0.0,1.9676546906192591
2024-09-05 00:00:00+00:00,1074781.5133966971,7.936507936515916e-05,0.0,85.29335079729363,0.0,1.9646679392152255
2024-09-06 00:00:00+00:00,1074866.813516808,7.936507936508624e-05,0.0,85.30012011084898,0.0,1.9504365655506062
2024-09-09 00:00:00+00:00,1074952.1204067697,7.936507936513058e-05,0.0,85.30688996165142,0.0,1.9482069248862786
2024-09-10 00:00:00+00:00,1075037.4340671194,7.936507936503587e-05,0.0,85.31366034974363,0.0,1.956101028063006
2024-09-11 00:00:00+00:00,1075122.7544983944,7.936507936497909e-05,0.0,85.3204312751682,0.0,1.963922965141732
2024-09-12 00:00:00+00:00,1075208.0817011325,7.93650793651371e-05,0.0,85.32720273796781,0.0,1.9629923219773264
2024-09-13 00:00:00+00:00,1075293.4156758706,7.936507936503708e-05,0.0,85.33397473818512,0.0,1.9734534446423506
2024-09-16 00:00:00+00:00,1075378.7564231465,7.936507936507252e-05,0.0,85.34074727586275,0.0,1.9755772166176273
2024-09-17 00:00:00+00:00,1075464.1039434974,7.93650793649872e-05,0.0,85.34752035104337,0.0,1.977853208445719
2024-09-18 00:00:00+00:00,1075549.4582374613,7.936507936517445e-05,0.0,85.35429396376963,0.0,1.9780083601605338
2024-09-19 00:00:00+00:00,1075634.8193055755,7.936507936516159e-05,0.0,85.36106811408423,0.0,1.9759603421318346
2024-09-20 00:00:00+00:00,1075720.1871483775,7.936507936512547e-05,0.0,85.3678428020298,0.0,1.9858035858142769
2024-09-23 00:00:00+00:00,1075805.5617664051,7.936507936502644e-05,0.0,85.374618027649,0.0,1.9837452607954207
2024-09-24 00:00:00+00:00,1075890.943160196,7.936507936504127e-05,0.0,85.38139379098453,0.0,1.987545594871341
2024-09-25 00:00:00+00:00,1075976.3313302882,7.936507936513025e-05,0.0,85.38817009207905,0.0,1.9763999307480824
2024-09-26 00:00:00+00:00,1076061.7262772191,7.936507936503733e-05,0.0,85.39494693097525,0.0,1.973599993663071
2024-09-27 00:00:00+00:00,1076147.128001527,7.936507936515561e-05,0.0,85.40172430771581,0.0,1.981359571117367
2024-09-30 00:00:00+00:00,1076232.5365037492,7.936507936501267e-05,0.0,85.4085022223434,0.0,1.9851590441274198
2024-10-01 00:00:00+00:00,1076317.951784424,7.93650793650016e-05,0.0,85.41528067490073,0.0,1.989982322618152
2024-10-02 00:00:00+00:00,1076403.3738440895,7.93650793650827e-05,0.0,85.42205966543048,0.0,1.9861706240372259
2024-10-03 00:00:00+00:00,1076488.8026832833,7.936507936499995e-05,0.0,85.42883919397535,0.0,1.9854161178795362
2024-10-04 00:00:00+00:00,1076574.238302544,7.936507936514633e-05,0.0,85.43561926057804,0.0,1.9698883257763962
2024-10-07 00:00:00+00:00,1076659.6807024092,7.936507936504955e-05,0.0,85.44239986528127,0.0,1.9688599066672534
2024-10-08 00:00:00+00:00,1076745.1298834174,7.936507936510254e-05,0.0,85.44918100812772,0.0,1.971359150848086
2024-10-09 00:00:00+00:00,1076830.5858461065,7.936507936504933e-05,0.0,85.45596268916012,0.0,1.9761521102777913
2024-10-10 00:00:00+00:00,1076916.048591015,7.936507936506653e-05,0.0,85.46274490842116,0.0,1.9778853922171251
2024-10-11 00:00:00+00:00,1077001.518118681,7.936507936511444e-05,0.0,85.46952766595356,0.0,1.9829506412620903
2024-10-14 00:00:00+00:00,1077086.9944296428,7.936507936515339e-05,0.0,85.47631096180007,0.0,1.978302049302291
2024-10-15 00:00:00+00:00,1077172.4775244389,7.93650793651437e-05,0.0,85.4830947960034,0.0,1.9737293538861507
2024-10-16 00:00:00+00:00,1077257.9674036074,7.936507936504574e-05,0.0,85.48987916860627,0.0,1.9781401560305674
2024-10-17 00:00:00+00:00,1077343.464067687,7.9365079365036e-05,0.0,85.49666407965138,0.0,1.99554474516215
2024-10-18 00:00:00+00:00,1077428.9675172162,7.936507936507478e-05,0.0,85.50344952918151,0.0,1.9945141871266165
2024-10-21 00:00:00+00:00,1077514.4777527335,7.936507936512241e-05,0.0,85.51023551723938,0.0,1.9960299606970602
2024-10-22 00:00:00+00:00,1077599.9947747774,7.936507936513921e-05,0.0,85.51702204386774,0.0,1.9920274512855602
2024-10-23 00:00:00+00:00,1077685.5185838866,7.936507936508554e-05,0.0,85.52380910910932,0.0,1.9928690625082686
2024-10-24 00:00:00+00:00,1077771.0491805996,7.936507936513779e-05,0.0,85.53059671300687,0.0,1.9958908671558206
2024-10-25 00:00:00+00:00,1077856.5865654552,7.936507936504023e-05,0.0,85.53738485560315,0.0,1.9997009872913591
2024-10-28 00:00:00+00:00,1077942.1307389922,7.936507936518526e-05,0.0,85.54417353694089,0.0,1.9986793711348287
2024-10-29 00:00:00+00:00,1078027.6817017493,7.936507936510117e-05,0.0,85.55096275706288,0.0,1.995284603712307
2024-10-30 00:00:00+00:00,1078113.2394542655,7.93650793651803e-05,0.0,85.55775251601185,0.0,1.9965236958603159
2024-10-31 00:00:00+00:00,1078198.8039970794,7.9365079365167e-05,0.0,85.56454281383058,0.0,1.9985633253920851
2024-11-01 00:00:00+00:00,1078284.3753307299,7.93650793650216e-05,0.0,85.57133365056185,0.0,2.0361492002705925
2024-11-04 00:00:00+00:00,1078369.9534557562,7.936507936513637e-05,0.0,85.5781250262484,0.0,2.0228912925954923
2024-11-05 00:00:00+00:00,1078455.538372697,7.93650793650397e-05,0.0,85.58491694093303,0.0,2.0179569180119357
2024-11-06 00:00:00+00:00,1078541.1300820918,7.936507936512379e-05,0.0,85.5917093946585,0.0,2.0349815480890663
2024-11-07 00:00:00+00:00,1078626.7285844793,7.936507936513306e-05,0.0,85.5985023874676,0.0,2.027063976409163
2024-11-08 00:00:00+00:00,1078712.3338803987,7.936507936502785e-05,0.0,85.60529591940312,0.0,2.0298988351306404
2024-11-11 00:00:00+00:00,1078797.945970389,7.936507936498438e-05,0.0,85.61208999050783,0.0,2.0294198432110373
2024-11-12 00:00:00+00:00,1078883.56485499,7.936507936517879e-05,0.0,85.61888460082453,0.0,2.024270713343037
2024-11-13 00:00:00+00:00,1078969.1905347405,7.93650793651397e-05,0.0,85.62567975039603,0.0,2.0389872610437076
2024-11-14 00:00:00+00:00,1079054.8230101797,7.936507936504334e-05,0.0,85.63247543926512,0.0,2.062745949458388
2024-11-15 00:00:00+00:00,1079140.4622818471,7.936507936506584e-05,0.0,85.63927166747457,0.0,2.06742861193791
2024-11-18 00:00:00+00:00,1079226.1083502823,7.936507936516747e-05,0.0,85.64606843506724,0.0,2.0584040400734316
2024-11-19 00:00:00+00:00,1079311.7612160244,7.936507936509281e-05,0.0,85.6528657420859,0.0,2.058231316290422
2024-11-20 00:00:00+00:00,1079397.420879613,7.936507936501797e-05,0.0,85.65966358857337,0.0,2.0617904886344744
2024-11-21 00:00:00+00:00,1079483.0873415875,7.936507936511899e-05,0.0,85.66646197457246,0.0,2.053912136222657
2024-11-22 00:00:00+00:00,1079568.7606024877,7.936507936514047e-05,0.0,85.673260900126,0.0,2.059579002858555
2024-11-25 00:00:00+00:00,1079654.440662853,7.936507936504277e-05,0.0,85.6800603652768,0.0,2.05310477472831
2024-11-26 00:00:00+00:00,1079740.127523223,7.93650793650019e-05,0.0,85.68686037006769,0.0,2.0811348404043826
2024-11-27 00:00:00+00:00,1079825.8211841374,7.936507936497818e-05,0.0,85.6936609145415,0.0,2.0802940777968435
2024-11-29 00:00:00+00:00,1079911.5216461362,7.936507936514757e-05,0.0,85.70046199874106,0.0,2.0764165722740673
2024-12-02 00:00:00+00:00,1079997.2289097589,7.936507936503914e-05,0.0,85.70726362270922,0.0,2.0796593153119747
2024-12-03 00:00:00+00:00,1080082.9429755453,7.936507936504447e-05,0.0,85.7140657864888,0.0,2.0776497239687854
2024-12-04 00:00:00+00:00,1080168.6638440355,7.936507936512384e-05,0.0,85.72086849012264,0.0,2.0743094196747798
2024-12-05 00:00:00+00:00,1080254.391515769,7.936507936502205e-05,0.0,85.72767173365361,0.0,2.078347503765956
2024-12-06 00:00:00+00:00,1080340.1259912862,7.936507936513054e-05,0.0,85.73447551712452,0.0,2.059806795784372
2024-12-09 00:00:00+00:00,1080425.8672711267,7.936507936497855e-05,0.0,85.74127984057827,0.0,2.074640639337104
2024-12-10 00:00:00+00:00,1080511.6153558309,7.936507936517299e-05,0.0,85.74808470405767,0.0,2.0751397874888458
2024-12-11 00:00:00+00:00,1080597.3702459384,7.936507936502764e-05,0.0,85.75489010760562,0.0,2.074948607336936
2024-12-12 00:00:00+00:00,1080683.1319419898,7.936507936514932e-05,0.0,85.76169605126495,0.0,2.063750214082419
2024-12-13 00:00:00+00:00,1080768.9004445248,7.936507936506741e-05,0.0,85.76850253507855,0.0,2.0655034240987677
2024-12-16 00:00:00+00:00,1080854.675754084,7.936507936517316e-05,0.0,85.77530955908927,0.0,2.051150482996445
2024-12-17 00:00:00+00:00,1080940.4578712073,7.936507936499602e-05,0.0,85.78211712334,0.0,2.0444223465450975
2024-12-18 00:00:00+00:00,1081026.2467964352,7.93650793651426e-05,0.0,85.78892522787359,0.0,2.027870376298768
2024-12-19 00:00:00+00:00,1081112.042530308,7.936507936514237e-05,0.0,85.79573387273295,0.0,2.0110250286312796
2024-12-20 00:00:00+00:00,1081197.845073366,7.936507936517109e-05,0.0,85.80254305796095,0.0,2.019820575800007
2024-12-23 00:00:00+00:00,1081283.6544261496,7.936507936497371e-05,0.0,85.80935278360049,0.0,2.018963519999759
2024-12-24 00:00:00+00:00,1081369.4705891993,7.936507936515664e-05,0.0,85.81616304969441,0.0,2.0241183364398103
2024-12-26 00:00:00+00:00,1081455.2935630556,7.936507936503417e-05,0.0,85.82297385628566,0.0,2.0244626840721294
2024-12-27 00:00:00+00:00,1081541.123348259,7.936507936499729e-05,0.0,85.8297852034171,0.0,2.026909680194595
2024-12-30 00:00:00+00:00,1081626.95994535,7.936507936500634e-05,0.0,85.83659709113167,0.0,2.022243893125652
2024-12-31 00:00:00+00:00,1081712.8033548694,7.936507936502162e-05,0.0,85.84340951947222,0.0,2.0251391580588445
2025-01-02 00:00:00+00:00,1081798.6535773578,7.936507936500347e-05,0.0,85.85022248848169,0.0,2.037968857877609
2025-01-03 00:00:00+00:00,1081884.510613356,7.936507936512745e-05,0.0,85.857035998203,0.0,2.04326622529191
2025-01-06 00:00:00+00:00,1081970.3744634048,7.936507936513864e-05,0.0,85.86385004867905,0.0,2.0392985114061037
2025-01-07 00:00:00+00:00,1082056.2451280446,7.936507936499744e-05,0.0,85.87066463995276,0.0,2.0497684373934426
2025-01-08 00:00:00+00:00,1082142.1226078167,7.936507936509454e-05,0.0,85.87747977206703,0.0,2.064122194537054
2025-01-10 00:00:00+00:00,1082228.0069032619,7.936507936517507e-05,0.0,85.88429544506482,0.0,2.0852327215034743
2025-01-13 00:00:00+00:00,1082313.8980149208,7.936507936498423e-05,0.0,85.89111165898903,0.0,2.085962622910316
2025-01-14 00:00:00+00:00,1082399.7959433347,7.936507936512779e-05,0.0,85.8979284138826,0.0,2.090187695655804
2025-01-15 00:00:00+00:00,1082485.7006890445,7.936507936513577e-05,0.0,85.90474570978847,0.0,2.0895951754202895
2025-01-16 00:00:00+00:00,1082571.6122525914,7.936507936518365e-05,0.0,85.91156354674956,0.0,2.097338287971777
2025-01-17 00:00:00+00:00,1082657.5306345162,7.936507936501667e-05,0.0,85.91838192480884,0.0,2.105007630569042
2025-01-21 00:00:00+00:00,1082743.45583536,7.936507936502534e-05,0.0,85.92520084400921,0.0,2.089199597346583
2025-01-22 00:00:00+00:00,1082829.3878556646,7.936507936516995e-05,0.0,85.93202030439366,0.0,2.088585308321234
2025-01-23 00:00:00+00:00,1082915.3266959705,7.936507936498074e-05,0.0,85.93884030600513,0.0,2.0830773164105216
2025-01-24 00:00:00+00:00,1083001.2723568194,7.936507936506317e-05,0.0,85.94566084888655,0.0,2.089218660544171
2025-01-27 00:00:00+00:00,1083087.2248387525,7.93650793651625e-05,0.0,85.9524819330809,0.0,2.089600904071121
2025-01-28 00:00:00+00:00,1083173.184142311,7.936507936502407e-05,0.0,85.95930355863115,0.0,2.0969790315760473
2025-01-29 00:00:00+00:00,1083259.1502680366,7.936507936503822e-05,0.0,85.96612572558024,0.0,2.090451228476113
2025-01-30 00:00:00+00:00,1083345.1232164707,7.936507936516522e-05,0.0,85.97294843397115,0.0,2.0881694354210687
2025-01-31 00:00:00+00:00,1083431.1029881546,7.936507936515046e-05,0.0,85.97977168384688,0.0,2.0582401143144673
2025-02-03 00:00:00+00:00,1083517.08958363,7.936507936516922e-05,0.0,85.98659547525037,0.0,2.05839359124051
2025-02-04 00:00:00+00:00,1083603.0830034383,7.936507936518181e-05,0.0,85.9934198082246,0.0,2.0656829381023343
2025-02-05 00:00:00+00:00,1083689.0832481212,7.936507936514858e-05,0.0,86.00024468281256,0.0,2.0658768038267277
2025-02-06 00:00:00+00:00,1083775.0903182202,7.936507936502988e-05,0.0,86.00707009905724,0.0,2.0663257816320244
2025-02-07 00:00:00+00:00,1083861.1042142771,7.93650793650009e-05,0.0,86.0138960570016,0.0,2.0677361470686746
2025-02-10 00:00:00+00:00,1083947.1249368337,7.936507936502194e-05,0.0,86.02072255668865,0.0,2.077635720011432
2025-02-11 00:00:00+00:00,1084033.1524864319,7.936507936505333e-05,0.0,86.02754959816141,0.0,2.0832660448408387
2025-02-12 00:00:00+00:00,1084119.1868636133,7.93650793650554e-05,0.0,86.03437718146284,0.0,2.09313092072094
2025-02-13 00:00:00+00:00,1084205.2280689199,7.936507936498848e-05,0.0,86.04120530663597,0.0,2.094667652728364
2025-02-14 00:00:00+00:00,1084291.2761028935,7.936507936502769e-05,0.0,86.0480339737238,0.0,2.0896682039482264
2025-02-18 00:00:00+00:00,1084377.3309660763,7.936507936513332e-05,0.0,86.05486318276932,0.0,2.085399617134119
2025-02-19 00:00:00+00:00,1084463.3926590101,7.936507936505097e-05,0.0,86.06169293381558,0.0,2.0901424282515535
2025-02-20 00:00:00+00:00,1084549.4611822371,7.936507936517044e-05,0.0,86.06852322690557,0.0,2.0888099176523602
2025-02-21 00:00:00+00:00,1084635.5365362992,7.936507936502263e-05,0.0,86.07535406208231,0.0,2.086448914018469
2025-02-24 00:00:00+00:00,1084721.6187217385,7.936507936499728e-05,0.0,86.08218543938882,0.0,2.089490348009438
2025-02-25 00:00:00+00:00,1084807.7077390973,7.93650793650547e-05,0.0,86.08901735886813,0.0,2.087811986045406
2025-02-26 00:00:00+00:00,1084893.803588918,7.936507936515518e-05,0.0,86.09584982056327,0.0,2.0744703928771915
2025-02-27 00:00:00+00:00,1084979.9062717424,7.936507936504445e-05,0.0,86.1026828245173,0.0,2.087261571517902
2025-02-28 00:00:00+00:00,1085066.0157881132,7.936507936511208e-05,0.0,86.1095163707732,0.0,2.094257396478265
2025-03-03 00:00:00+00:00,1085152.1321385726,7.936507936510379e-05,0.0,86.11635045937406,0.0,2.078155110037544
2025-03-04 00:00:00+00:00,1085238.255323663,7.936507936497992e-05,0.0,86.12318509036291,0.0,2.0736619707811235
2025-03-05 00:00:00+00:00,1085324.3853439267,7.936507936512993e-05,0.0,86.13002026378277,0.0,2.0765352861712514
2025-03-06 00:00:00+00:00,1085410.5221999064,7.936507936508503e-05,0.0,86.13685597967672,0.0,2.0780828931432778
2025-03-07 00:00:00+00:00,1085496.6658921444,7.936507936502011e-05,0.0,86.14369223808781,0.0,2.0912371307158533
2025-03-10 00:00:00+00:00,1085582.8164211835,7.936507936511002e-05,0.0,86.15052903905908,0.0,2.086536554953485
2025-03-11 00:00:00+00:00,1085668.9737875662,7.936507936510056e-05,0.0,86.15736638263361,0.0,2.0781804333250387
2025-03-12 00:00:00+00:00,1085755.1379918351,7.936507936516655e-05,0.0,86.16420426885446,0.0,2.067427268180174
2025-03-13 00:00:00+00:00,1085841.3090345329,7.936507936505386e-05,0.0,86.17104269776469,0.0,2.0779472104886962
2025-03-14 00:00:00+00:00,1085927.4869162024,7.936507936515172e-05,0.0,86.17788166940737,0.0,2.076614497972024
2025-03-17 00:00:00+00:00,1086013.671637386,7.936507936499161e-05,0.0,86.18472118382559,0.0,2.0812990062780843
2025-03-18 00:00:00+00:00,1086099.8631986273,7.93650793651771e-05,0.0,86.19156124106239,0.0,2.093003402093037
2025-03-19 00:00:00+00:00,1086186.0616004684,7.936507936502529e-05,0.0,86.19840184116089,0.0,2.104438489180413
2025-03-20 00:00:00+00:00,1086272.2668434526,7.936507936513971e-05,0.0,86.20524298416416,0.0,2.1070320890065872
2025-03-21 00:00:00+00:00,1086358.4789281227,7.936507936505191e-05,0.0,86.21208467011529,0.0,2.108692521727638
2025-03-24 00:00:00+00:00,1086444.6978550218,7.936507936515094e-05,0.0,86.21892689905735,0.0,2.108818909608253
2025-03-25 00:00:00+00:00,1086530.923624693,7.936507936518277e-05,0.0,86.22576967103348,0.0,2.1062667082116304
2025-03-26 00:00:00+00:00,1086617.156237679,7.936507936510777e-05,0.0,86.23261298608674,0.0,2.1136865679881534
2025-03-27 00:00:00+00:00,1086703.3956945234,7.936507936510055e-05,0.0,86.23945684426025,0.0,2.107647316731143
2025-03-28 00:00:00+00:00,1086789.641995769,7.936507936512145e-05,0.0,86.2463012455971,0.0,2.101392620180466
2025-03-31 00:00:00+00:00,1086875.8951419592,7.936507936513078e-05,0.0,86.2531461901404,0.0,2.1070320373588056
2025-04-01 00:00:00+00:00,1086962.1551336371,7.936507936508889e-05,0.0,86.25999167793327,0.0,2.1108761149100266
2025-04-02 00:00:00+00:00,1087048.4219713463,7.936507936517032e-05,0.0,86.26683770901882,0.0,2.096203427602483
2025-04-03 00:00:00+00:00,1087134.6956556297,7.936507936512119e-05,0.0,86.27368428344018,0.0,2.071573765915324
2025-04-04 00:00:00+00:00,1087220.976187031,7.936507936511602e-05,0.0,86.28053140124045,0.0,2.0310471673258603
2025-04-07 00:00:00+00:00,1082874.9172704115,-0.003997401643096955,0.25,64.71553429684708,0.0,2.0221229170911523
2025-04-08 00:00:00+00:00,1079365.8778171916,-0.0032404845631340733,0.25100336124867834,64.37060898600426,7.361399586896552,1.9992336762717775
2025-04-09 00:00:00+00:00,1087267.2596247022,0.007320392435871256,0.2518193780559667,64.09211379130427,8.17577876575832,2.048088793076116
2025-04-10 00:00:00+00:00,1079361.122710613,-0.007271567173666291,0.24998935785170082,64.71920758555113,7.3247353500651196,1.9980286513267114
2025-04-11 00:00:00+00:00,1076936.9251188324,-0.002245956001910433,0.25182048744183955,64.09173640189329,7.239998052735526,1.9849954998686696
2025-04-14 00:00:00+00:00,1076118.5000702657,-0.0007599563442179762,0.2523873382990986,63.899339767624966,7.167212606440447,1.9795470245141482
2025-04-15 00:00:00+00:00,1075721.4317328085,-0.00036898198240372943,0.2525792875310759,63.834385398691104,7.123209893172348,1.9765598721353435
2025-04-16 00:00:00+00:00,1075655.118107137,-6.16457232469701e-05,0.2526725191380864,63.80287203857545,7.1547247643761205,1.9767867871106635
2025-04-17 00:00:00+00:00,1075685.4092878427,2.8160681054496305e-05,0.2526880962785374,63.79760905241106,7.25515998004276,1.9791546973700984
2025-04-21 00:00:00+00:00,1072320.0839984887,-0.003128540426686622,0.2526809806100339,63.80001311437182,6.920980143771875,1.9565412063868952
2025-04-22 00:00:00+00:00,1073806.7757884362,0.0013864253893332333,0.25347398421676937,63.53292380569294,7.169969378091345,1.9691381545904045
2025-04-23 00:00:00+00:00,1073824.236199206,1.6260291109614015e-05,0.2531230479964018,63.65091521759353,7.10462385820886,1.9671641157149615
2025-04-24 00:00:00+00:00,1075365.444318967,0.0014352517551811479,0.2531189322088787,63.65230096448001,7.261743147375818,1.9771645998391882
2025-04-25 00:00:00+00:00,1075023.182233294,-0.000318275138448111,0.25275616348160884,63.77461906922294,7.22476576204854,1.9746382299476934
2025-04-28 00:00:00+00:00,1076689.8118313602,0.0015503196820406153,0.252836635096649,63.74745541162986,7.356223838147079,1.9843312799410064
2025-04-29 00:00:00+00:00,1076075.1071469183,-0.000570920870326011,0.25244526423486774,63.879727601952574,7.294625551998938,1.9801298688421083
2025-04-30 00:00:00+00:00,1075611.3841537568,-0.00043093924400038785,0.25258947283653477,63.830941515885755,7.144147483098926,1.9742209878614019
2025-05-01 00:00:00+00:00,1074751.4413482344,-0.0007994921011355036,0.2526983704812701,63.794138103730084,7.117666454870935,1.9698254263887227
2025-05-02 00:00:00+00:00,1078090.6641415805,0.0031069721471199993,0.25290056248334825,63.72588867472037,7.362899656888,1.9892845648135333
2025-05-05 00:00:00+00:00,1077518.2979949163,-0.0005309072471375831,0.2521172412370161,63.99090635673196,7.222432387437472,1.9834387482083797
2025-05-06 00:00:00+00:00,1076164.451255622,-0.0012564489548006058,0.25225116320766194,63.94548047207607,7.180045266812694,1.9764637978278352
2025-05-07 00:00:00+00:00,1076541.5781292375,0.00035043610033337873,0.252568502638818,63.83803231816384,7.175522198176723,1.9776861562068113
2025-05-08 00:00:00+00:00,1076443.1209640724,-9.145690901804275e-05,0.2524800245236119,63.86796302241903,7.22013009942258,1.978138483270488
2025-05-09 00:00:00+00:00,1076726.548066255,0.0002632996548193705,0.25250311767827216,63.86014896169164,7.284400708583544,1.9806591125782331
2025-05-12 00:00:00+00:00,1078583.081287682,0.0017242383637343724,0.25243665119514874,63.882643176150566,7.476863026866522,1.9925273837559274
2025-05-13 00:00:00+00:00,1079318.5331176263,0.00068186850202234,0.25200213943858557,64.02998708261303,7.542066045177036,1.9967584882232292
2025-05-14 00:00:00+00:00,1079506.8028156653,0.0001744338601275663,0.25183042420446966,64.08835627546576,7.505252270435654,1.9964722660885936
2025-05-15 00:00:00+00:00,1080093.4039141773,0.0005433973153129203,0.25178650411262926,64.10329831499266,7.5662934565400555,1.9999930644606088
2025-05-16 00:00:00+00:00,1080495.4834576251,0.0003722636782992234,0.2516497583095647,64.14985395773171,7.559429393739139,2.001286261684258
2025-05-19 00:00:00+00:00,1077939.302845229,-0.002365748539934979,0.25155611310560133,64.18176503260852,7.3234200122558715,1.9851527737521648
2025-05-20 00:00:00+00:00,1078737.0274669086,0.0007400459558103445,0.25215264285226985,63.978893555434226,7.342627070103155,1.9886889293165977
2025-05-21 00:00:00+00:00,1077930.217608179,-0.0007479207982914511,0.2519661763024962,64.04220503334531,7.21417088363522,1.982093208313099
2025-05-22 00:00:00+00:00,1078248.8735061733,0.00029561829957913135,0.252154768097945,63.97817250487469,7.210324545370945,1.9831434217891855
2025-05-23 00:00:00+00:00,1079577.8214366748,0.001232505744411457,0.2520802485635072,64.00346265550917,7.319286325401663,1.9910924078723546
2025-05-27 00:00:00+00:00,1080722.7194320227,0.0010605052943976326,0.25176994066536695,64.10893471348548,7.416968877093485,1.9979118280759698
2025-05-28 00:00:00+00:00,1080485.097085428,-0.0002198735552812104,0.2515032201688199,64.19979963375118,7.3726301440855275,1.995720003866229
2025-05-29 00:00:00+00:00,1081627.8715488655,0.0010576494451613383,0.25155853123744437,64.18094071735477,7.450502795398298,2.0021354119908015
2025-05-30 00:00:00+00:00,1080537.7871060302,-0.0010078183740534774,0.0,85.84348186895758,7.40018608303504,1.9995701526151324
2025-06-02 00:00:00+00:00,1080623.5440732609,7.936507936513734e-05,0.0,85.75696723063731,0.0,2.002371866332408
2025-06-03 00:00:00+00:00,1080709.3078466,7.936507936503712e-05,0.0,85.76377333914769,0.0,2.008057396867979
2025-06-04 00:00:00+00:00,1080795.0784265879,7.936507936515216e-05,0.0,85.7705799878254,0.0,2.0027569524128706
2025-06-05 00:00:00+00:00,1080880.8558137645,7.936507936501183e-05,0.0,85.77738717671332,0.0,2.0023812360781634
2025-06-06 00:00:00+00:00,1080966.6400086703,7.936507936500739e-05,0.0,85.78419490585432,0.0,2.0115080366653504
2025-06-09 00:00:00+00:00,1081052.4310118456,7.936507936509912e-05,0.0,85.7910031752913,0.0,2.010820868114976
2025-06-10 00:00:00+00:00,1081138.2288238306,7.936507936503197e-05,0.0,85.79781198506711,0.0,2.0151930836987066
2025-06-11 00:00:00+00:00,1081224.0334451657,7.936507936498165e-05,0.0,85.80462133522465,0.0,2.014664287919745
2025-06-12 00:00:00+00:00,1081309.8448763916,7.936507936512386e-05,0.0,85.8114312258068,0.0,2.0154693955162326
2025-06-13 00:00:00+00:00,1081395.6631180483,7.93650793649882e-05,0.0,85.81824165685647,0.0,2.0056977393066466
2025-06-16 00:00:00+00:00,1081481.4881706769,7.936507936518102e-05,0.0,85.82505262841653,0.0,2.0056975678166507
2025-06-17 00:00:00+00:00,1081567.3200348173,7.93650793650167e-05,0.0,85.83186414052992,0.0,2.015900820478987
2025-06-18 00:00:00+00:00,1081653.1587110106,7.936507936510147e-05,0.0,85.83867619323946,0.0,2.0148920443450185
2025-06-20 00:00:00+00:00,1081739.0041997973,7.936507936518036e-05,0.0,85.84548878658815,0.0,2.015387217531468
2025-06-23 00:00:00+00:00,1081824.8565017178,7.936507936499846e-05,0.0,85.85230192061883,0.0,2.010411010818428
2025-06-24 00:00:00+00:00,1081910.7156173133,7.936507936516185e-05,0.0,85.85911559537443,0.0,2.0116778115494456
2025-06-25 00:00:00+00:00,1081996.581547124,7.936507936498513e-05,0.0,85.86592981089788,0.0,2.0089286893145246
2025-06-26 00:00:00+00:00,1082082.4542916913,7.936507936507432e-05,0.0,85.87274456723208,0.0,2.007487126032152
2025-06-27 00:00:00+00:00,1082168.3338515558,7.93650793651745e-05,0.0,85.87955986441995,0.0,2.006009770131943
2025-06-30 00:00:00+00:00,1082254.2202272583,7.936507936503083e-05,0.0,85.88637570250442,0.0,2.0097873464494707
2025-07-01 00:00:00+00:00,1082340.1134193398,7.936507936503402e-05,0.0,85.89319208152844,0.0,2.0193761103925194
2025-07-02 00:00:00+00:00,1082426.0134283414,7.936507936514432e-05,0.0,85.9000090015349,0.0,2.0244775957001293
2025-07-03 00:00:00+00:00,1082361.3707798559,-5.972015424938663e-05,0.1385921926958344,74.0008110155791,0.0,2.0216562292422218
2025-07-07 00:00:00+00:00,1082314.1293821877,-4.3646603568366275e-05,0.13860046993727806,73.99568064665169,0.1681544345354028,2.0227129764786604
2025-07-08 00:00:00+00:00,1080576.4841839052,-0.001605490634474526,0.13860651964109283,73.99193132937644,0.13008852235281598,2.042703832079834
2025-07-09 00:00:00+00:00,1080753.6748864958,0.0001639779369476537,0.13882940895696289,73.8540229803064,0.13316200193782624,2.0415927868032737
2025-07-10 00:00:00+00:00,1080562.958748106,-0.00017646587082844988,0.13880664772923362,73.86808573448026,0.13841684669549192,2.0445108431285215
2025-07-11 00:00:00+00:00,1080046.8697196299,-0.0004776112528176587,0.1388311466884321,73.85294953302075,0.11454448761540081,2.050722945995338
2025-07-14 00:00:00+00:00,1081717.4197998021,0.0015467385046038892,0.13889748569058602,73.8119900863163,0.1741171583268296,2.0337145661429323
2025-07-15 00:00:00+00:00,1081762.4707827915,4.164764490684507e-05,0.1386829793864358,73.94457342601251,0.15495295837566447,2.033862214492726
2025-07-16 00:00:00+00:00,1082098.520149308,0.0003106498659297662,0.138677203807495,73.94814890085293,0.15925095504309827,2.030958557950748
2025-07-17 00:00:00+00:00,1080828.6993287043,-0.001173479860621695,0.1386341371313818,73.97481948549711,0.08325407578598432,2.0453587794134145
2025-07-18 00:00:00+00:00,1079599.1360110675,-0.0011376116478035792,0.13879701263041808,73.87404005529046,-0.045705509272257694,2.0594976316269613
2025-07-21 00:00:00+00:00,1080331.4313931374,0.0006783030456800794,0.13895508955882177,73.77645566500183,-0.007022750235744946,2.0523361397569024
2025-07-22 00:00:00+00:00,1079893.513848673,-0.0004053548121798446,0.13886089978757,73.83457434611849,-0.020846500796722345,2.0578094403444847
2025-07-23 00:00:00+00:00,1079275.5012527965,-0.0005722903119160587,0.13891721054735998,73.7998189854467,-0.03758416580188484,2.065092797514519
2025-07-24 00:00:00+00:00,1078020.7748819564,-0.0011625635617445638,0.13899675704480446,73.75077036672634,-0.08907259643452492,2.0789235858059287
2025-07-25 00:00:00+00:00,1078518.179964743,0.00046140584149795684,0.13915853769002853,73.65118890872317,-0.07581748796639942,2.0745760815766787
2025-07-28 00:00:00+00:00,1078273.6925020418,-0.00022668830924043234,0.1390943587403863,73.69066550259512,-0.0735483471422983,2.077731366599887
2025-07-29 00:00:00+00:00,1078777.6936472293,0.00046741485829821276,0.13912589695473854,73.67126173571407,-0.031139490059590158,2.073121923171303
2025-07-30 00:00:00+00:00,1080273.8719452273,0.0013869199435701187,0.1390608978248869,73.71126182660198,0.01202007347564249,2.0583376533594455
2025-07-31 00:00:00+00:00,1081371.29636856,0.0010158761142271097,0.13886829861201225,73.83000613596688,0.0708745528134167,2.0474401926188635
2025-08-01 00:00:00+00:00,1080622.977680019,-0.0006920090176740787,0.13872736879166722,73.91710331242187,0.0015805451854955521,2.0562512366317076
2025-08-04 00:00:00+00:00,1079765.2884896381,-0.0007936988275247856,0.13882343586114765,73.85771294031544,-0.08153395647501482,2.066482355562554
2025-08-05 00:00:00+00:00,1078514.1901137598,-0.0011586762319691878,0.13893370738180025,73.78964236965028,-0.15201157851065605,2.080682082980745
2025-08-06 00:00:00+00:00,1078463.786660382,-4.673415875266093e-05,0.1390948733054881,73.69034884775519,-0.1660943139881279,2.0821282158048016
2025-08-07 00:00:00+00:00,1077936.9382958293,-0.000488517436625459,0.13910137409118756,73.68634857367759,-0.20349512435071426,2.0886350471579647
2025-08-08 00:00:00+00:00,1077220.2150180072,-0.0006649027900975772,0.13916936075055825,73.6445352114115,-0.23320858470758854,2.096755589424917
2025-08-11 00:00:00+00:00,1077518.2832349087,0.00027670128423696797,0.1392619564139323,73.58765241158434,-0.23523092749414698,2.094690321607902
2025-08-12 00:00:00+00:00,1077249.8023940162,-0.0002491659260634557,0.13922343311119456,73.61130861927494,-0.2469854622918215,2.098168351609711
2025-08-13 00:00:00+00:00,1077490.4559964554,0.00022339628367013607,0.13925813149248975,73.5900006160295,-0.21796147751285033,2.095977344608666
2025-08-14 00:00:00+00:00,1077583.7090864226,8.654655774277275e-05,0.1392270286916936,73.60910010828658,-0.22064078079844118,2.095849284955434
2025-08-15 00:00:00+00:00,1076644.4126806408,-0.0008716690850663437,0.13921498011437847,73.61650114717287,-0.2832522449970867,2.106671179729718
2025-08-18 00:00:00+00:00,1077388.7891663718,0.0006913856394588354,0.13933643537752038,73.54195381338066,-0.24507906819773073,2.0995823390540354
2025-08-19 00:00:00+00:00,1079751.3266440304,0.0021928365149284745,0.1392401667258103,73.6010313122482,-0.12251891416923233,2.075315054210227
2025-08-20 00:00:00+00:00,1079925.1592921962,0.0001609932248993342,0.13893550387968295,73.78853428666555,-0.10045624318121904,2.0740451506540913
2025-08-21 00:00:00+00:00,1078926.723153377,-0.0009245419742545854,0.1389131398053248,73.80233052858347,-0.13987046597979824,2.0851351393895814
2025-08-22 00:00:00+00:00,1078464.3346517237,-0.0004285633970598049,0.13904168968360858,73.7230895651851,-0.13875350999401248,2.0902977638762557
2025-08-25 00:00:00+00:00,1078730.9898523581,0.00024725453783364787,0.13910130341073373,73.6863920650539,-0.11794244361998008,2.088176789286127
2025-08-26 00:00:00+00:00,1079007.8634070002,0.0002566659873931814,0.139066918484076,73.70755517621537,-0.11357211470843587,2.086160081328686
2025-08-27 00:00:00+00:00,1078695.7129313652,-0.0002892939766438178,0.13903123389514982,73.72952926785362,-0.11814779622809013,2.0899405059718577
2025-08-28 00:00:00+00:00,1079141.089727824,0.00041288455226037044,0.13907146643271182,73.70475542058101,-0.0849864654319753,2.085998529870522
2025-08-29 00:00:00+00:00,1078879.9367740755,-0.000242000750628871,0.1390140696707979,73.74010278537934,-0.08734826670010609,2.0892605179078547
2025-09-02 00:00:00+00:00,1078369.93625769,-0.0004727129488666503,0.13904771932324736,73.71937636047865,-0.11551645142870803,2.095129141294395
2025-09-03 00:00:00+00:00,1079349.3370341426,0.000908223368922423,0.13911348006663676,73.67890012901948,-0.10860659892721036,2.0863708727876062
2025-09-04 00:00:00+00:00,1078723.11427157,-0.000580185433099284,0.0,85.66264579636052,-0.0813427154899159,2.0821289842789032
2025-09-05 00:00:00+00:00,1078808.7272171471,7.936507936509883e-05,0.0,85.61294557710873,0.0,2.073689519564788
2025-09-08 00:00:00+00:00,1078894.3469574025,7.936507936515419e-05,0.0,85.61974025532913,0.0,2.072488653076831
2025-09-09 00:00:00+00:00,1078979.9734928755,7.93650793651869e-05,0.0,85.62653547280972,0.0,2.0735416247659537
2025-09-10 00:00:00+00:00,1079065.6068241051,7.936507936515735e-05,0.0,85.6333312295933,0.0,2.080604462362309
2025-09-11 00:00:00+00:00,1079151.2469516308,7.936507936502583e-05,0.0,85.64012752572263,0.0,2.0859251540985895
2025-09-12 00:00:00+00:00,1079236.8938759922,7.936507936518426e-05,0.0,85.64692436124054,0.0,2.0795734605877736
2025-09-15 00:00:00+00:00,1079322.5475977284,7.93650793651614e-05,0.0,85.65372173618985,0.0,2.0804189555506016
2025-09-16 00:00:00+00:00,1079408.208117379,7.936507936513334e-05,0.0,85.66051965061337,0.0,2.0810283007681845
2025-09-17 00:00:00+00:00,1079493.8754354836,7.936507936506045e-05,0.0,85.6673181045539,0.0,2.0792611207253846
2025-09-18 00:00:00+00:00,1079579.5495525817,7.936507936511874e-05,0.0,85.67411709805425,0.0,2.0804577886029394
2025-09-19 00:00:00+00:00,1079665.2304692129,7.936507936505283e-05,0.0,85.68091663115727,0.0,2.0696251975093727
2025-09-22 00:00:00+00:00,1079750.9181859167,7.936507936503876e-05,0.0,85.68771670390578,0.0,2.0728506761610026
2025-09-23 00:00:00+00:00,1079836.612703233,7.936507936503685e-05,0.0,85.6945173163426,0.0,2.070860817443358
2025-09-24 00:00:00+00:00,1079922.3140217015,7.936507936500743e-05,0.0,85.70131846851056,0.0,2.0781202056623647
2025-09-25 00:00:00+00:00,1080008.022141862,7.936507936512642e-05,0.0,85.7081201604525,0.0,2.082733902165072
2025-09-26 00:00:00+00:00,1080093.7370642542,7.936507936513855e-05,0.0,85.71492239221126,0.0,2.070653756481921
2025-09-29 00:00:00+00:00,1080179.458789418,7.936507936500418e-05,0.0,85.7217251638297,0.0,2.0619351799173735
2025-09-30 00:00:00+00:00,1080265.1873178934,7.936507936511478e-05,0.0,85.72852847535063,0.0,2.062172994475433
2025-10-01 00:00:00+00:00,1080350.92265022,7.936507936499955e-05,0.0,85.73533232681693,0.0,2.063602072392686
2025-10-02 00:00:00+00:00,1080436.6647869383,7.936507936504993e-05,0.0,85.74213671827144,0.0,2.0601565387542804
2025-10-03 00:00:00+00:00,1080522.413728588,7.93650793650107e-05,0.0,85.74894164975701,0.0,2.0517630534423215
2025-10-06 00:00:00+00:00,1080608.1694757093,7.93650793650577e-05,0.0,85.7557471213165,0.0,2.0494972442243076
2025-10-07 00:00:00+00:00,1080693.9320288424,7.936507936515123e-05,0.0,85.7625531329928,0.0,2.0527228633566654
2025-10-08 00:00:00+00:00,1080779.7013885272,7.936507936503619e-05,0.0,85.76935968482876,0.0,2.046148444279888
2025-10-09 00:00:00+00:00,1080865.477555304,7.936507936510381e-05,0.0,85.77616677686724,0.0,2.0398003971061187
2025-10-10 00:00:00+00:00,1080951.2605297132,7.936507936509898e-05,0.0,85.78297440915112,0.0,2.033858116410758
2025-10-13 00:00:00+00:00,1081037.0503122949,7.936507936498203e-05,0.0,85.78978258172327,0.0,2.0456156629210764
2025-10-14 00:00:00+00:00,1081122.8469035896,7.936507936514409e-05,0.0,85.79659129462658,0.0,2.049415769655024
2025-10-15 00:00:00+00:00,1081208.6503041375,7.936507936511471e-05,0.0,85.80340054790393,0.0,2.0485195752428056
2025-10-16 00:00:00+00:00,1081294.460514479,7.936507936506961e-05,0.0,85.81021034159821,0.0,2.049423688608622
2025-10-17 00:00:00+00:00,1081380.277535155,7.936507936518445e-05,0.0,85.8170206757523,0.0,2.0527802701722075
2025-10-20 00:00:00+00:00,1081466.1013667053,7.93650793649889e-05,0.0,85.82383155040912,0.0,2.059054825418969
2025-10-21 00:00:00+00:00,1081551.9320096709,7.936507936508927e-05,0.0,85.83064296561153,0.0,2.0541899773703736
2025-10-22 00:00:00+00:00,1081637.7694645922,7.936507936501526e-05,0.0,85.83745492140245,0.0,2.0567702416091893
2025-10-23 00:00:00+00:00,1081723.6137320101,7.936507936515777e-05,0.0,85.84426741782478,0.0,2.055095846616849
2025-10-24 00:00:00+00:00,1081809.464812465,7.936507936504657e-05,0.0,85.85108045492144,0.0,2.051455045557006
2025-10-27 00:00:00+00:00,1081895.3227064977,7.936507936507253e-05,0.0,85.85789403273532,0.0,2.046822584862758
2025-10-28 00:00:00+00:00,1081981.187414649,7.936507936498074e-05,0.0,85.86470815130934,0.0,2.0427704931486437
2025-10-29 00:00:00+00:00,1082067.0589374597,7.936507936516195e-05,0.0,85.87152281068643,0.0,2.0427079570198825
2025-10-30 00:00:00+00:00,1082152.9372754707,7.936507936514607e-05,0.0,85.8783380109095,0.0,2.0384465590698317
2025-10-31 00:00:00+00:00,1082238.8224292228,7.936507936510864e-05,0.0,85.88515375202148,0.0,2.0718517199390996
2025-11-03 00:00:00+00:00,1082324.7143992567,7.936507936500999e-05,0.0,85.8919700340653,0.0,2.050358306593655
2025-11-04 00:00:00+00:00,1082410.6131861138,7.936507936502562e-05,0.0,85.89878685708386,0.0,2.0457743547666536
2025-11-05 00:00:00+00:00,1082496.518790335,7.936507936511581e-05,0.0,85.90560422112014,0.0,2.0421953736150247
2025-11-06 00:00:00+00:00,1082582.431212461,7.936507936502579e-05,0.0,85.91242212621705,0.0,2.040460229679632
2025-11-07 00:00:00+00:00,1082668.3504530336,7.936507936514611e-05,0.0,85.91924057241755,0.0,2.03953391716047
2025-11-10 00:00:00+00:00,1082754.2765125933,7.93650793650069e-05,0.0,85.92605955976457,0.0,2.034990490521718
2025-11-11 00:00:00+00:00,1082840.2093916815,7.936507936499866e-05,0.0,85.93287908830105,0.0,2.0300950687863892
2025-11-12 00:00:00+00:00,1082926.1490908395,7.936507936508168e-05,0.0,85.93969915806996,0.0,2.0221967236257723
2025-11-13 00:00:00+00:00,1083012.0956106086,7.936507936500128e-05,0.0,85.94651976911425,0.0,2.035711228614005
2025-11-14 00:00:00+00:00,1083098.0489515301,7.93650793651478e-05,0.0,85.95334092147687,0.0,2.043506485849795
2025-11-17 00:00:00+00:00,1083184.0091141453,7.936507936505157e-05,0.0,85.9601626152008,0.0,2.034604978931772
2025-11-18 00:00:00+00:00,1083269.9760989957,7.93650793651029e-05,0.0,85.966984850329,0.0,2.01817900104789
2025-11-19 00:00:00+00:00,1083355.9499066225,7.936507936504716e-05,0.0,85.97380762690442,0.0,2.0148413045700986
2025-11-20 00:00:00+00:00,1083441.9305375675,7.936507936505962e-05,0.0,85.98063094497004,0.0,2.007074532897088
2025-11-21 00:00:00+00:00,1083527.917992372,7.936507936510059e-05,0.0,85.98745480456884,0.0,2.005523434954046
2025-11-24 00:00:00+00:00,1083613.9122715779,7.936507936513039e-05,0.0,85.99427920574381,0.0,2.0091989787515487
2025-11-25 00:00:00+00:00,1083699.9133757264,7.936507936510938e-05,0.0,86.00110414853792,0.0,2.0096819092605163
2025-11-26 00:00:00+00:00,1083785.9213053593,7.936507936499789e-05,0.0,86.00792963299416,0.0,2.01611671455107
2025-11-28 00:00:00+00:00,1083871.9360610186,7.936507936518596e-05,0.0,86.0147556591555,0.0,2.0181159858744495
2025-12-01 00:00:00+00:00,1083957.9576432456,7.936507936498938e-05,0.0,86.02158222706497,0.0,2.0241077589592886
2025-12-02 00:00:00+00:00,1084043.9860525823,7.9365079365013e-05,0.0,86.02840933676552,0.0,2.016157605949507
2025-12-03 00:00:00+00:00,1084130.0212895705,7.93650793650023e-05,0.0,86.03523698830018,0.0,2.0136734650085906
2025-12-04 00:00:00+00:00,1084216.0633547523,7.93650793651324e-05,0.0,86.04206518171195,0.0,2.020956043239076
2025-12-05 00:00:00+00:00,1084302.1122486694,7.936507936514882e-05,0.0,86.04889391704383,0.0,2.0104163053371806
2025-12-08 00:00:00+00:00,1084388.1679718636,7.936507936501194e-05,0.0,86.05572319433884,0.0,2.0025298986836186
2025-12-09 00:00:00+00:00,1084474.2305248773,7.936507936511159e-05,0.0,86.06255301363997,0.0,1.9891690633468393
2025-12-10 00:00:00+00:00,1084560.2999082522,7.936507936497862e-05,0.0,86.06938337499027,0.0,2.0011910672301862
2025-12-11 00:00:00+00:00,1084646.3761225305,7.936507936500278e-05,0.0,86.07621427843272,0.0,1.9979584640988963
2025-12-12 00:00:00+00:00,1084732.4591682546,7.936507936514438e-05,0.0,86.08304572401036,0.0,1.997812332457623
2025-12-15 00:00:00+00:00,1084818.5490459665,7.936507936514905e-05,0.0,86.08987771176623,0.0,2.002731907880122
2025-12-16 00:00:00+00:00,1084904.645756208,7.936507936497719e-05,0.0,86.09671024174337,0.0,1.9970066272245783
2025-12-17 00:00:00+00:00,1084990.749299522,7.93650793650184e-05,0.0,86.10354331398477,0.0,2.0005922563313008
2025-12-18 00:00:00+00:00,1085076.8596764505,7.936507936501837e-05,0.0,86.1103769285335,0.0,1.9922855535836348
2025-12-19 00:00:00+00:00,1085162.976887536,7.936507936515198e-05,0.0,86.11721108543257,0.0,1.9930296430646388
2025-12-22 00:00:00+00:00,1085249.1009333208,7.9365079365165e-05,0.0,86.12404578472508,0.0,1.997860689095281
2025-12-23 00:00:00+00:00,1085335.2318143472,7.93650793650178e-05,0.0,86.13088102645403,0.0,1.9974892046599164
2025-12-24 00:00:00+00:00,1085421.369531158,7.93650793650998e-05,0.0,86.13771681066248,0.0,1.9998080768948663
2025-12-26 00:00:00+00:00,1085507.5140842954,7.936507936515676e-05,0.0,86.14455313739349,0.0,1.9947145468319207
2025-12-29 00:00:00+00:00,1085593.6654743021,7.936507936514903e-05,0.0,86.15139000669011,0.0,1.9928259340352312
2025-12-30 00:00:00+00:00,1085679.8237017207,7.936507936503695e-05,0.0,86.1582274185954,0.0,1.9983560285682098
2025-12-31 00:00:00+00:00,1085765.9887670937,7.936507936499535e-05,0.0,86.16506537315243,0.0,2.0025304068902137
2026-01-02 00:00:00+00:00,1085852.160670964,7.936507936498455e-05,0.0,86.17190387040426,0.0,2.0141305960692457
2026-01-05 00:00:00+00:00,1085938.3394138745,7.936507936517929e-05,0.0,86.17874291039398,0.0,2.053072677741553
2026-01-06 00:00:00+00:00,1086024.5249963677,7.936507936511104e-05,0.0,86.18558249316465,0.0,2.0293501317673295
2026-01-07 00:00:00+00:00,1086110.7174189866,7.936507936516896e-05,0.0,86.19242261875935,0.0,2.035654417219001
2026-01-08 00:00:00+00:00,1086196.9166822738,7.936507936509902e-05,0.0,86.19926328722116,0.0,2.03649210137263
2026-01-09 00:00:00+00:00,1086283.1227867724,7.936507936507591e-05,0.0,86.20610449859316,0.0,2.0463314478191803
2026-01-12 00:00:00+00:00,1086369.3357330253,7.936507936505997e-05,0.0,86.21294625291844,0.0,2.049350910829652
2026-01-13 00:00:00+00:00,1086455.5555215755,7.936507936501153e-05,0.0,86.21978855024011,0.0,2.0454368388266855
2026-01-14 00:00:00+00:00,1086541.7821529661,7.936507936510524e-05,0.0,86.22663139060123,0.0,2.047640333110028
2026-01-15 00:00:00+00:00,1086628.0156277402,7.936507936508709e-05,0.0,86.23347477404494,0.0,2.0456884683244763
2026-01-16 00:00:00+00:00,1086714.2559464409,7.936507936513172e-05,0.0,86.2403187006143,0.0,2.042793842229038
2026-01-20 00:00:00+00:00,1086800.503109611,7.936507936498522e-05,0.0,86.24716317035245,0.0,2.034955019286994
2026-01-21 00:00:00+00:00,1086886.7571177944,7.936507936503642e-05,0.0,86.25400818330247,0.0,2.0277258699695153
2026-01-22 00:00:00+00:00,1086973.0179715338,7.936507936503139e-05,0.0,86.26085373950748,0.0,2.026860555861098
2026-01-23 00:00:00+00:00,1087059.285671373,7.936507936514467e-05,0.0,86.26769983901062,0.0,2.020281066382924
2026-01-26 00:00:00+00:00,1087145.5602178548,7.936507936512241e-05,0.0,86.274546481855,0.0,2.025539202425578
2026-01-27 00:00:00+00:00,1087231.841611523,7.93650793651391e-05,0.0,86.28139366808371,0.0,2.0268417046354776
2026-01-28 00:00:00+00:00,1087318.1298529208,7.936507936515511e-05,0.0,86.28824139773991,0.0,2.030835210213785
2026-01-29 00:00:00+00:00,1087404.4249425917,7.936507936513076e-05,0.0,86.29508967086673,0.0,2.0226320680118204
2026-01-30 00:00:00+00:00,1087490.7268810791,7.936507936502637e-05,0.0,86.30193848750727,0.0,2.0510410894127347
2026-02-02 00:00:00+00:00,1087577.0356689268,7.936507936501644e-05,0.0,86.30878784770469,0.0,2.047907984891744
2026-02-03 00:00:00+00:00,1087663.3513066783,7.936507936506126e-05,0.0,86.31563775150212,0.0,2.047970817150579
2026-02-04 00:00:00+00:00,1087749.6737948772,7.936507936512112e-05,0.0,86.32248819894272,0.0,2.048523377135108
2026-02-05 00:00:00+00:00,1087836.0031340674,7.936507936515638e-05,0.0,86.32933919006962,0.0,2.0450452492889926
2026-02-06 00:00:00+00:00,1087922.3393247924,7.936507936512738e-05,0.0,86.33619072492598,0.0,2.039254484230681
2026-02-09 00:00:00+00:00,1088008.6823675958,7.936507936499447e-05,0.0,86.34304280355495,0.0,2.0408119456162925
2026-02-10 00:00:00+00:00,1088095.032263022,7.936507936514602e-05,0.0,86.34989542599968,0.0,2.0359917729427544
2026-02-11 00:00:00+00:00,1088181.3890116143,7.936507936511428e-05,0.0,86.35674859230333,0.0,2.0395783046193587
2026-02-12 00:00:00+00:00,1088267.7526139168,7.936507936507365e-05,0.0,86.36360230250907,0.0,2.0486598479711593
