ts_event,signal,position,position_size,z_score,lambda,spread,regime,signal_exit_reason,jump,hedge_ratio,stop_reference_sd
2020-07-01 00:00:00+00:00,0.0,0.0,0.0,-0.44399787639312216,0.036785420467974145,2.3285206496177078,normal,,0,0.5683399464843085,0.046082757213573945
2020-07-02 00:00:00+00:00,0.0,0.0,0.0,-0.46935034583661356,0.036785418522119764,2.3290873236113065,calm,,0,0.5683399464843085,0.046082757213573945
2020-07-06 00:00:00+00:00,0.0,0.0,0.0,-0.5473616508776725,0.036785416576459964,2.328996163619879,calm,,0,0.5683399464843085,0.046082757213573945
2020-07-07 00:00:00+00:00,0.0,0.0,0.0,-0.8656421759348752,0.036785414630994724,2.3229706555659226,calm,,0,0.5683399464843085,0.046082757213573945
2020-07-08 00:00:00+00:00,0.0,0.0,0.0,-1.0550213265923178,0.036785412685724016,2.319815111062068,calm,,0,0.5683399464843085,0.046082757213573945
2020-07-09 00:00:00+00:00,1.0,1.0,0.25,-1.9432985700927163,0.036785410740647825,2.3023563679896206,calm,,0,0.5683399464843085,0.046082757213573945
2020-07-10 00:00:00+00:00,0.0,1.0,0.25,-1.450588957285465,0.03678540879576613,2.3119585348584404,calm,,0,0.5683399464843085,0.046082757213573945
2020-07-13 00:00:00+00:00,0.0,1.0,0.25,-1.3121492723265185,0.036785406851078915,2.3147313502550193,calm,,0,0.5683399464843085,0.046082757213573945
2020-07-14 00:00:00+00:00,0.0,1.0,0.25,-0.7469369253132029,0.03678540490658616,2.3260438973797184,calm,,0,0.5683399464843085,0.046082757213573945
2020-07-15 00:00:00+00:00,0.0,1.0,0.25,-0.4481716632274155,0.03678540296228784,2.3321255248013553,calm,,0,0.5683399464843085,0.046082757213573945
2020-07-16 00:00:00+00:00,0.0,1.0,0.25,-0.6863378891748366,0.03678540101818395,2.3277908513210295,calm,,0,0.5683399464843085,0.046082757213573945
2020-07-17 00:00:00+00:00,0.0,1.0,0.25,-0.9153630622756795,0.03678539907427445,2.3247618936175987,calm,,0,0.5683399464843085,0.046082757213573945
2020-07-20 00:00:00+00:00,0.0,1.0,0.25,-1.5039134081621428,0.03678539713055934,2.3141974470250704,calm,,0,0.5683399464843085,0.046082757213573945
2020-07-21 00:00:00+00:00,2.0,0.0,0.0,0.5889392265391533,0.03678639508704359,2.353597434731324,calm,profit_target,1,0.5683399464843085,0.046082757213573945
2020-07-22 00:00:00+00:00,0.0,0.0,0.0,1.2095681861071446,0.03678639304373218,2.3656455754554067,calm,,0,0.5683399464843085,0.046082757213573945
2020-07-23 00:00:00+00:00,0.0,0.0,0.0,1.1434544438597538,0.036786391000625085,2.364929064823517,calm,,0,0.5683399464843085,0.046082757213573945
2020-07-24 00:00:00+00:00,0.0,0.0,0.0,0.7573612128599073,0.0367863889577223,2.3582393985843995,calm,,0,0.5683399464843085,0.046082757213573945
2020-07-27 00:00:00+00:00,0.0,0.0,0.0,0.8258151011504803,0.03678638691502379,2.3596893776327934,calm,,0,0.5683399464843085,0.046082757213573945
2020-07-28 00:00:00+00:00,0.0,0.0,0.0,-0.00726726345414105,0.03678638487252954,2.3440811772674763,calm,,0,0.5683399464843085,0.046082757213573945
2020-07-29 00:00:00+00:00,0.0,0.0,0.0,0.2891009088489683,0.03678638283023953,2.3496975926170705,calm,,0,0.5683399464843085,0.046082757213573945
2020-07-30 00:00:00+00:00,0.0,0.0,0.0,-0.279710957391223,0.03678638078815374,2.338708265701561,calm,,0,0.5683399464843085,0.046082757213573945
2020-07-31 00:00:00+00:00,1.0,1.0,0.25,-2.1448707886099716,0.03678637874627214,2.3031253603432957,calm,,0,0.5683399464843085,0.046082757213573945
2020-08-03 00:00:00+00:00,0.0,1.0,0.25,-1.5359460923797448,0.036786376704594725,2.312738838111775,calm,,0,0.5683399464843085,0.046082757213573945
2020-08-04 00:00:00+00:00,0.0,1.0,0.25,-0.8521362507634732,0.03678637466312147,2.325105831712133,calm,,0,0.5683399464843085,0.046082757213573945
2020-08-05 00:00:00+00:00,0.0,1.0,0.25,-1.187472576108007,0.03678637262185235,2.318373736468579,calm,,0,0.5683399464843085,0.046082757213573945
2020-08-06 00:00:00+00:00,0.0,1.0,0.25,-0.761459332073362,0.03678637058078735,2.325649760371544,calm,,0,0.5683399464843085,0.046082757213573945
2020-08-07 00:00:00+00:00,0.0,1.0,0.25,-1.0693710937692613,0.03678636853992644,2.319404652928873,calm,,0,0.5683399464843085,0.046082757213573945
2020-08-10 00:00:00+00:00,2.0,0.0,0.0,0.05732435052962467,0.036786366499269606,2.3397396996808273,calm,mean_reversion,0,0.5683399464843085,0.046082757213573945
2020-08-11 00:00:00+00:00,0.0,0.0,0.0,-0.23134047606397914,0.036786364458816834,2.33397280013904,calm,,0,0.5683399464843085,0.046082757213573945
2020-08-12 00:00:00+00:00,0.0,0.0,0.0,1.077095850250948,0.036786362418568086,2.3567335829086824,calm,,0,0.5683399464843085,0.046082757213573945
2020-08-13 00:00:00+00:00,0.0,0.0,0.0,1.4352717322243498,0.03678636037852336,2.3628835141578226,calm,,0,0.5683399464843085,0.046082757213573945
2020-08-14 00:00:00+00:00,0.0,0.0,0.0,1.4383825818950873,0.03678635833868263,2.363386359355708,calm,,0,0.5683399464843085,0.046082757213573945
2020-08-17 00:00:00+00:00,-1.0,-1.0,0.25,2.2154704804842718,0.03678635629904587,2.377111605002326,calm,,0,0.5683399464843085,0.046082757213573945
2020-08-18 00:00:00+00:00,0.0,-1.0,0.25,0.25284466712617376,0.03678635425961307,2.3424570809401364,calm,,0,0.5683399464843085,0.046082757213573945
2020-08-19 00:00:00+00:00,0.0,-1.0,0.25,-0.2075664157016325,0.0367863522203842,2.3340666896725444,calm,,0,0.5683399464843085,0.046082757213573945
2020-08-20 00:00:00+00:00,0.0,-1.0,0.25,-0.6733417256256233,0.036786350181359236,2.3253255730471296,calm,,0,0.5683399464843085,0.046082757213573945
2020-08-21 00:00:00+00:00,0.0,-1.0,0.25,-0.25174364198209465,0.03678634814253817,2.332327965457119,calm,,0,0.5683399464843085,0.046082757213573945
2020-08-24 00:00:00+00:00,0.0,-1.0,0.25,0.9657574846726451,0.036786346103920974,2.3536044575879544,calm,,0,0.5683399464843085,0.046082757213573945
2020-08-25 00:00:00+00:00,0.0,-1.0,0.25,0.5902440682482991,0.03678634406550763,2.3471196458359587,calm,,0,0.5683399464843085,0.046082757213573945
2020-08-26 00:00:00+00:00,0.0,-1.0,0.25,0.4215224921572058,0.03678634202729812,2.344063341187635,calm,,0,0.5683399464843085,0.046082757213573945
2020-08-27 00:00:00+00:00,0.0,-1.0,0.25,0.6727209935588059,0.03678633998929242,2.3481243961978993,calm,,0,0.5683399464843085,0.046082757213573945
2020-08-28 00:00:00+00:00,0.0,-1.0,0.25,0.3858103632800135,0.03678633795149051,2.342817535769562,calm,,0,0.5683399464843085,0.046082757213573945
2020-08-31 00:00:00+00:00,2.0,0.0,0.0,-0.09750254985720373,0.03678633591389237,2.3342792473051337,calm,mean_reversion,0,0.5683399464843085,0.046082757213573945
2020-09-01 00:00:00+00:00,0.0,0.0,0.0,-0.18814370040993963,0.036786333876497976,2.3324099139680685,calm,,0,0.5683399464843085,0.046082757213573945
2020-09-02 00:00:00+00:00,0.0,0.0,0.0,0.09404489751598488,0.03678633183930731,2.3365732353292814,calm,,0,0.5683399464843085,0.046082757213573945
2020-09-03 00:00:00+00:00,0.0,0.0,0.0,-0.7233877566712777,0.036786329802320356,2.32297653329813,calm,,0,0.5683399464843085,0.046082757213573945
2020-09-04 00:00:00+00:00,0.0,0.0,0.0,-0.9467238118655423,0.03678632776553709,2.318991421961561,calm,,0,0.5683399464843085,0.046082757213573945
2020-09-08 00:00:00+00:00,1.0,1.0,0.25,-2.327644575439642,0.0367863257289575,2.296611189503903,calm,,0,0.5683399464843085,0.046082757213573945
2020-09-09 00:00:00+00:00,0.0,1.0,0.25,-1.1199853601604652,0.03678632369258155,2.3147169934302108,calm,,0,0.5683399464843085,0.046082757213573945
2020-09-10 00:00:00+00:00,0.0,1.0,0.25,-1.5087891467572316,0.03678632165640923,2.3076531379079634,calm,,0,0.5683399464843085,0.046082757213573945
2020-09-11 00:00:00+00:00,0.0,1.0,0.25,-1.7615282361176312,0.03678631962044051,2.302291420322857,calm,,0,0.5683399464843085,0.046082757213573945
2020-09-14 00:00:00+00:00,0.0,1.0,0.25,-1.874170816240015,0.03678631758467538,2.2990342255372513,calm,,0,0.5683399464843085,0.046082757213573945
2020-09-15 00:00:00+00:00,0.0,1.0,0.25,-1.8452188210750433,0.036786315549113824,2.2979807288929575,calm,,0,0.5683399464843085,0.046082757213573945
2020-09-16 00:00:00+00:00,0.0,1.0,0.25,-1.4161638445928564,0.03678631351375581,2.304590775469425,calm,,0,0.5683399464843085,0.046082757213573945
2020-09-17 00:00:00+00:00,0.0,1.0,0.25,-1.6847538156828226,0.03678631147860132,2.2984837789177726,calm,,0,0.5683399464843085,0.046082757213573945
2020-09-18 00:00:00+00:00,0.0,1.0,0.25,-1.3056491823550405,0.036786309443650335,2.3045357442404653,calm,,0,0.5683399464843085,0.046082757213573945
2020-09-21 00:00:00+00:00,0.0,1.0,0.25,-2.0356669534412792,0.03678630740890283,2.289694029962196,calm,,0,0.5683399464843085,0.046082757213573945
2020-09-22 00:00:00+00:00,0.0,1.0,0.25,-1.6818355784675258,0.0367863053743588,2.294889584535878,calm,,0,0.5683399464843085,0.046082757213573945
2020-09-23 00:00:00+00:00,0.0,1.0,0.25,-3.216124987402225,0.03678630334001821,2.262111979798553,calm,,0,0.5683399464843085,0.046082757213573945
2020-09-24 00:00:00+00:00,0.0,1.0,0.25,-2.7170023880372853,0.03678630130588104,2.2668406094784888,calm,,0,0.5683399464843085,0.046082757213573945
2020-09-25 00:00:00+00:00,0.0,1.0,0.25,-2.833726374439627,0.03678629927194728,2.2593778895799725,calm,,0,0.5683399464843085,0.046082757213573945
2020-09-28 00:00:00+00:00,0.0,1.0,0.25,-1.7379966265191413,0.0367862972382169,2.2816353559799136,calm,,0,0.5683399464843085,0.046082757213573945
2020-09-29 00:00:00+00:00,0.0,1.0,0.25,-1.9806226782545582,0.03678629520468988,2.273456419286514,calm,,0,0.5683399464843085,0.046082757213573945
2020-09-30 00:00:00+00:00,0.0,1.0,0.25,-2.237510303658278,0.036786293171366204,2.2640053552622774,calm,,0,0.5683399464843085,0.046082757213573945
2020-10-01 00:00:00+00:00,0.0,0.0,0.0,-2.002796000232838,0.029621771065435093,2.1881238570200314,normal,,0,0.5904334531863416,0.044201529276726256
2020-10-02 00:00:00+00:00,1.0,1.0,0.23298175034103671,-1.5537894724353154,0.029621766655278794,2.1978626568875366,calm,,0,0.5904334531863416,0.044201529276726256
2020-10-05 00:00:00+00:00,0.0,1.0,0.23298175034103671,-1.0826919969298454,0.029621762246299945,2.2099190763025165,calm,,0,0.5904334531863416,0.044201529276726256
2020-10-06 00:00:00+00:00,0.0,1.0,0.23298175034103671,-1.0157249986535841,0.029621757838498238,2.2112211706985265,calm,,0,0.5904334531863416,0.044201529276726256
2020-10-07 00:00:00+00:00,0.0,1.0,0.23298175034103671,-0.4403328055434133,0.029621753431873354,2.2269019492926394,calm,,0,0.5904334531863416,0.044201529276726256
2020-10-08 00:00:00+00:00,0.0,1.0,0.23298175034103671,-0.7556438737109082,0.029621749026424983,2.2177116648995376,calm,,0,0.5904334531863416,0.044201529276726256
2020-10-09 00:00:00+00:00,0.0,1.0,0.23298175034103671,-0.9965555323018128,0.02962174462215281,2.210281730609713,calm,,0,0.5904334531863416,0.044201529276726256
2020-10-12 00:00:00+00:00,0.0,1.0,0.23298175034103671,-0.9440924771370837,0.02962174021905652,2.2109966802881846,calm,,0,0.5904334531863416,0.044201529276726256
2020-10-13 00:00:00+00:00,0.0,1.0,0.23298175034103671,-0.9058473535929575,0.029621735817135796,2.2113960399573966,calm,,0,0.5904334531863416,0.044201529276726256
2020-10-14 00:00:00+00:00,0.0,1.0,0.23298175034103671,-1.1583007813979187,0.02962173141639033,2.203571006552013,calm,,0,0.5904334531863416,0.044201529276726256
2020-10-15 00:00:00+00:00,0.0,1.0,0.23298175034103671,-0.8883381085432546,0.029621727016819803,2.2103013434525707,calm,,0,0.5904334531863416,0.044201529276726256
2020-10-16 00:00:00+00:00,0.0,1.0,0.23298175034103671,-1.0500429070009647,0.02962172261842391,2.2048913473301197,calm,,0,0.5904334531863416,0.044201529276726256
2020-10-19 00:00:00+00:00,0.0,1.0,0.23298175034103671,-1.3292089292934022,0.029621718221202326,2.196187327738775,calm,,0,0.5904334531863416,0.044201529276726256
2020-10-20 00:00:00+00:00,0.0,1.0,0.23298175034103671,-1.2517320930958968,0.02962171382515474,2.197211310171944,calm,,0,0.5904334531863416,0.044201529276726256
2020-10-21 00:00:00+00:00,0.0,1.0,0.23298175034103671,-1.4149102999634326,0.029621709430280845,2.1916636837251553,calm,,0,0.5904334531863416,0.044201529276726256
2020-10-22 00:00:00+00:00,0.0,1.0,0.23298175034103671,-1.1597198001379971,0.029621705036580324,2.1973971782542128,calm,,0,0.5904334531863416,0.044201529276726256
2020-10-23 00:00:00+00:00,0.0,1.0,0.23298175034103671,-1.0391593746577805,0.029621700644052864,2.199731135536874,calm,,0,0.5904334531863416,0.044201529276726256
2020-10-26 00:00:00+00:00,0.0,1.0,0.23298175034103671,-1.3014261510273826,0.02962169625269815,2.19147207429248,calm,,0,0.5904334531863416,0.044201529276726256
2020-10-27 00:00:00+00:00,0.0,1.0,0.23298175034103671,-1.7154059869380465,0.02962169186251587,2.1788046291718985,calm,,0,0.5904334531863416,0.044201529276726256
2020-10-28 00:00:00+00:00,0.0,1.0,0.23298175034103671,-1.8178095475526783,0.029621687473505715,2.1738206187342874,calm,,0,0.5904334531863416,0.044201529276726256
2020-10-29 00:00:00+00:00,0.0,1.0,0.23298175034103671,-2.1603511237268918,0.029621683085667365,2.1612466416367537,calm,,0,0.5904334531863416,0.044201529276726256
2020-10-30 00:00:00+00:00,2.0,0.0,0.0,-1.2175864207649207,0.02962167869900051,2.1866212122633875,calm,max_hold,0,0.5904334531863416,0.044201529276726256
2020-11-02 00:00:00+00:00,0.0,0.0,0.0,-0.813629675046933,0.029621674313504837,2.1978829148481065,calm,,0,0.5904334531863416,0.044201529276726256
2020-11-03 00:00:00+00:00,0.0,0.0,0.0,-0.6446634123577861,0.029621669929180038,2.2024085675000435,calm,,0,0.5904334531863416,0.044201529276726256
2020-11-04 00:00:00+00:00,0.0,0.0,0.0,-0.5429950796392657,0.029621665546025792,2.20479577248678,calm,,0,0.5904334531863416,0.044201529276726256
2020-11-05 00:00:00+00:00,0.0,0.0,0.0,-0.23095522230708648,0.029621661164041795,2.2137312025869322,calm,,0,0.5904334531863416,0.044201529276726256
2020-11-06 00:00:00+00:00,0.0,0.0,0.0,-0.570451793030934,0.02962165678322773,2.2027282454772847,calm,,0,0.5904334531863416,0.044201529276726256
2020-11-09 00:00:00+00:00,-1.0,-1.0,0.13930142366517184,1.1613002027976784,0.029622652136596355,2.252293408805305,calm,,1,0.5904334531863416,0.044201529276726256
2020-11-10 00:00:00+00:00,0.0,-1.0,0.13930142366517184,2.5819009622508196,0.029622647491205575,2.2910418768618572,calm,,0,0.5904334531863416,0.044201529276726256
2020-11-11 00:00:00+00:00,0.0,-1.0,0.13930142366517184,2.602898080265309,0.029622642847055052,2.2912174786451893,calm,,0,0.5904334531863416,0.044201529276726256
2020-11-12 00:00:00+00:00,0.0,-1.0,0.13930142366517184,2.364243205774985,0.029622638204144458,2.2875580690636137,calm,,0,0.5904334531863416,0.044201529276726256
2020-11-13 00:00:00+00:00,0.0,-1.0,0.13930142366517184,2.7592763298694156,0.02962263356247346,2.3025591384632014,calm,,0,0.5904334531863416,0.044201529276726256
2020-11-16 00:00:00+00:00,2.0,0.0,0.0,3.724742468204793,0.029622628922041726,2.3391467628828946,calm,emergency_stop,0,0.5904334531863416,0.044201529276726256
2020-11-17 00:00:00+00:00,-1.0,-1.0,0.25,2.4861007616203716,0.02962262428284893,2.3092893343252086,calm,,0,0.5904334531863416,0.044201529276726256
2020-11-18 00:00:00+00:00,0.0,-1.0,0.25,2.069452451415622,0.029622619644894734,2.297765452469363,calm,,0,0.5904334531863416,0.044201529276726256
2020-11-19 00:00:00+00:00,0.0,-1.0,0.25,2.300219781033531,0.02962261500817881,2.3087603973615365,calm,,0,0.5904334531863416,0.044201529276726256
2020-11-20 00:00:00+00:00,0.0,-1.0,0.25,2.492618400447447,0.029622610372700833,2.3199262802370493,calm,,0,0.5904334531863416,0.044201529276726256
2020-11-23 00:00:00+00:00,0.0,-1.0,0.25,3.0249922292986806,0.029622605738460466,2.3461826238729184,calm,,0,0.5904334531863416,0.044201529276726256
2020-11-24 00:00:00+00:00,0.0,-1.0,0.25,3.0081782990434816,0.02962260110545738,2.355114676968853,calm,,0,0.5904334531863416,0.044201529276726256
2020-11-25 00:00:00+00:00,0.0,-1.0,0.25,2.3400390349681897,0.029622596473691247,2.335168406334735,calm,,0,0.5904334531863416,0.044201529276726256
2020-11-27 00:00:00+00:00,0.0,-1.0,0.25,2.1837623923035085,0.02962259184316173,2.33367824434134,calm,,0,0.5904334531863416,0.044201529276726256
2020-11-30 00:00:00+00:00,0.0,-1.0,0.25,1.7856009314230463,0.02962258721386851,2.319044189952148,calm,,0,0.5904334531863416,0.044201529276726256
2020-12-01 00:00:00+00:00,0.0,-1.0,0.25,1.6373293620517153,0.029622582585811248,2.3150634870879507,calm,,0,0.5904334531863416,0.044201529276726256
2020-12-02 00:00:00+00:00,0.0,-1.0,0.25,1.7820575541430892,0.029622577958989618,2.3257270872365,calm,,0,0.5904334531863416,0.044201529276726256
2020-12-03 00:00:00+00:00,0.0,-1.0,0.25,1.568146314304799,0.029622573333403287,2.318457921846666,calm,,0,0.5904334531863416,0.044201529276726256
2020-12-04 00:00:00+00:00,0.0,-1.0,0.25,1.8334312580238068,0.02962256870905193,2.33601516449824,calm,,0,0.5904334531863416,0.044201529276726256
2020-12-07 00:00:00+00:00,0.0,-1.0,0.25,1.3859308507683679,0.02962256408593521,2.3154996008894693,calm,,0,0.5904334531863416,0.044201529276726256
2020-12-08 00:00:00+00:00,0.0,-1.0,0.25,1.2164822592060525,0.029622559464052806,2.308592524885691,calm,,0,0.5904334531863416,0.044201529276726256
2020-12-09 00:00:00+00:00,0.0,-1.0,0.25,0.8150619668842642,0.029622554843404383,2.2877784847644187,calm,,0,0.5904334531863416,0.044201529276726256
2020-12-10 00:00:00+00:00,0.0,-1.0,0.25,1.0158277386780936,0.02962255022398961,2.3007087314753387,calm,,0,0.5904334531863416,0.044201529276726256
2020-12-11 00:00:00+00:00,0.0,-1.0,0.25,0.8659905789115494,0.029622545605808164,2.293720383729649,calm,,0,0.5904334531863416,0.044201529276726256
2020-12-14 00:00:00+00:00,0.0,-1.0,0.25,0.6616870819827222,0.02962254098885971,2.283274686125744,calm,,0,0.5904334531863416,0.044201529276726256
2020-12-15 00:00:00+00:00,0.0,-1.0,0.25,0.427887251431135,0.02962253637314392,2.2706608003561555,calm,,0,0.5904334531863416,0.044201529276726256
2020-12-16 00:00:00+00:00,2.0,0.0,0.0,0.1178426839478484,0.02962253175866047,2.25350285596634,calm,max_hold,0,0.5904334531863416,0.044201529276726256
2020-12-17 00:00:00+00:00,0.0,0.0,0.0,0.14135755765172503,0.02962252714540902,2.2554837951294764,calm,,0,0.5904334531863416,0.044201529276726256
2020-12-18 00:00:00+00:00,0.0,0.0,0.0,0.048758323363726555,0.029622522533389255,2.2512479165190524,calm,,0,0.5904334531863416,0.044201529276726256
2020-12-21 00:00:00+00:00,0.0,0.0,0.0,0.010092794113449911,0.029622517922600834,2.25005474206887,calm,,0,0.5904334531863416,0.044201529276726256
2020-12-22 00:00:00+00:00,0.0,0.0,0.0,-0.21536150217119113,0.029622513313043435,2.2384617540268836,calm,,0,0.5904334531863416,0.044201529276726256
2020-12-23 00:00:00+00:00,0.0,0.0,0.0,-0.10539004563104183,0.029622508704716728,2.2452984232498743,calm,,0,0.5904334531863416,0.044201529276726256
2020-12-24 00:00:00+00:00,0.0,0.0,0.0,-0.1277472050456192,0.02962250409762038,2.2449363027136777,calm,,0,0.5904334531863416,0.044201529276726256
2020-12-28 00:00:00+00:00,0.0,0.0,0.0,-0.26149544430070476,0.02962249949175407,2.238647995295927,calm,,0,0.5904334531863416,0.044201529276726256
2020-12-29 00:00:00+00:00,0.0,0.0,0.0,-0.22051224267383157,0.02962249488711747,2.2418832331652254,calm,,0,0.5904334531863416,0.044201529276726256
2020-12-30 00:00:00+00:00,0.0,0.0,0.0,-0.19577651156896547,0.02962249028371024,2.24405503668894,calm,,0,0.5904334531863416,0.044201529276726256
2020-12-31 00:00:00+00:00,0.0,0.0,0.0,-0.28748097453946075,0.029622485681532064,2.2397657670147026,calm,,0,0.5904334531863416,0.044201529276726256
2021-01-04 00:00:00+00:00,0.0,0.0,0.0,-0.2251928260689149,0.032759302024140555,2.355292567477135,normal,,0,0.5595241969431638,0.04586501125738116
2021-01-05 00:00:00+00:00,0.0,0.0,0.0,-0.1891677319234599,0.032759299903865266,2.3576457417341126,calm,,0,0.5595241969431638,0.04586501125738116
2021-01-06 00:00:00+00:00,0.0,0.0,0.0,0.09777643822871053,0.03276029768380699,2.3739925071273453,calm,,1,0.5595241969431638,0.04586501125738116
2021-01-07 00:00:00+00:00,0.0,0.0,0.0,0.05262034873571041,0.03276029546397071,2.3723854763899372,calm,,0,0.5595241969431638,0.04586501125738116
2021-01-08 00:00:00+00:00,0.0,0.0,0.0,0.12113610940427368,0.0327602932443564,2.3769524737392307,calm,,0,0.5595241969431638,0.04586501125738116
2021-01-11 00:00:00+00:00,0.0,0.0,0.0,-0.10858897702612351,0.03276029102496404,2.365447017346022,calm,,0,0.5595241969431638,0.04586501125738116
2021-01-12 00:00:00+00:00,0.0,0.0,0.0,-0.04890909052342397,0.03276028880579361,2.369571522618914,calm,,0,0.5595241969431638,0.04586501125738116
2021-01-13 00:00:00+00:00,0.0,0.0,0.0,-0.1782850328328941,0.032760286586845086,2.363570569304787,calm,,0,0.5595241969431638,0.04586501125738116
2021-01-14 00:00:00+00:00,0.0,0.0,0.0,-0.1609953819086935,0.032760284368118446,2.3654015467208085,calm,,0,0.5595241969431638,0.04586501125738116
2021-01-15 00:00:00+00:00,0.0,0.0,0.0,-0.30279681009032283,0.03276028214961367,2.359213208165322,calm,,0,0.5595241969431638,0.04586501125738116
2021-01-19 00:00:00+00:00,0.0,0.0,0.0,-0.05636640962995666,0.03276027993133073,2.3728724778094468,calm,,0,0.5595241969431638,0.04586501125738116
2021-01-20 00:00:00+00:00,0.0,0.0,0.0,-0.046815388960012395,0.03276027771326961,2.374620788432152,calm,,0,0.5595241969431638,0.04586501125738116
2021-01-21 00:00:00+00:00,0.0,0.0,0.0,-0.45141554792118554,0.03276127539543528,2.355928159097993,calm,,1,0.5595241969431638,0.04586501125738116
2021-01-22 00:00:00+00:00,0.0,0.0,0.0,-0.3875390509689377,0.03276127307783273,2.360138816013304,calm,,0,0.5595241969431638,0.04586501125738116
2021-01-25 00:00:00+00:00,0.0,0.0,0.0,-0.4618917977115085,0.03276127076046192,2.3580391607947204,calm,,0,0.5595241969431638,0.04586501125738116
2021-01-26 00:00:00+00:00,0.0,0.0,0.0,-0.69259352276201,0.03276126844332284,2.3493744813892063,calm,,0,0.5595241969431638,0.04586501125738116
2021-01-27 00:00:00+00:00,0.0,0.0,0.0,-0.9157907580027669,0.03276126612641546,2.3418825128458693,calm,,0,0.5595241969431638,0.04586501125738116
2021-01-28 00:00:00+00:00,0.0,0.0,0.0,-0.9381789968809495,0.03276126380973976,2.3441872209423686,calm,,0,0.5595241969431638,0.04586501125738116
2021-01-29 00:00:00+00:00,1.0,1.0,0.18559902881987383,-1.5474199818288044,0.03276226139330071,2.3215967719231703,calm,,1,0.5595241969431638,0.04586501125738116
2021-02-01 00:00:00+00:00,0.0,1.0,0.18559902881987383,-1.3913688515115146,0.032762258977103303,2.328768280073484,calm,,0,0.5595241969431638,0.04586501125738116
2021-02-02 00:00:00+00:00,0.0,1.0,0.18559902881987383,-1.3677058474841264,0.0327622565611475,2.3306715612898454,calm,,0,0.5595241969431638,0.04586501125738116
2021-02-03 00:00:00+00:00,0.0,1.0,0.18559902881987383,-1.3637703562372405,0.032762254145433274,2.3317705051355055,calm,,0,0.5595241969431638,0.04586501125738116
2021-02-04 00:00:00+00:00,0.0,1.0,0.18559902881987383,-1.8201480083628434,0.03276225172996062,2.314549573408568,calm,,0,0.5595241969431638,0.04586501125738116
2021-02-05 00:00:00+00:00,0.0,1.0,0.18559902881987383,-2.079171979229631,0.032762249314729486,2.304807850124231,calm,,0,0.5595241969431638,0.04586501125738116
2021-02-08 00:00:00+00:00,0.0,1.0,0.18559902881987383,-1.9825473951802528,0.032762246899739875,2.305022336262294,calm,,0,0.5595241969431638,0.04586501125738116
2021-02-09 00:00:00+00:00,0.0,1.0,0.18559902881987383,-1.6592387450252213,0.032762244484991744,2.3143208528867825,calm,,0,0.5595241969431638,0.04586501125738116
2021-02-10 00:00:00+00:00,0.0,1.0,0.18559902881987383,-1.278253752531014,0.03276224207048508,2.327471636718,calm,,0,0.5595241969431638,0.04586501125738116
2021-02-11 00:00:00+00:00,0.0,1.0,0.18559902881987383,-1.030098949584376,0.032762239656219855,2.3362148733960493,calm,,0,0.5595241969431638,0.04586501125738116
2021-02-12 00:00:00+00:00,0.0,1.0,0.18559902881987383,-1.0724868517837587,0.03276223724219604,2.3329724233791986,calm,,0,0.5595241969431638,0.04586501125738116
2021-02-16 00:00:00+00:00,0.0,1.0,0.18559902881987383,-0.7683436451440684,0.03276223482841362,2.3445133902240025,calm,,0,0.5595241969431638,0.04586501125738116
2021-02-17 00:00:00+00:00,0.0,1.0,0.18559902881987383,-0.7383045829723385,0.03276223241487256,2.3446478693844734,calm,,0,0.5595241969431638,0.04586501125738116
2021-02-18 00:00:00+00:00,0.0,1.0,0.18559902881987383,-0.7637522328682902,0.03276223000157285,2.342545499907122,calm,,0,0.5595241969431638,0.04586501125738116
2021-02-19 00:00:00+00:00,0.0,1.0,0.18559902881987383,-0.6258312302711299,0.03276222758851445,2.347156263138229,calm,,0,0.5595241969431638,0.04586501125738116
2021-02-22 00:00:00+00:00,0.0,1.0,0.18559902881987383,-0.4163604565671767,0.03276222517569735,2.3546844337129436,calm,,0,0.5595241969431638,0.04586501125738116
2021-02-23 00:00:00+00:00,0.0,1.0,0.18559902881987383,-0.30291183818280143,0.03276222276312152,2.358062014866114,calm,,0,0.5595241969431638,0.04586501125738116
2021-02-24 00:00:00+00:00,2.0,0.0,0.0,0.3273693914352221,0.032763220250791925,2.3801937811809815,calm,profit_target,1,0.5595241969431638,0.04586501125738116
2021-02-25 00:00:00+00:00,0.0,0.0,0.0,0.43264912763846536,0.03276321773871356,2.3822582103878247,calm,,0,0.5595241969431638,0.04586501125738116
2021-02-26 00:00:00+00:00,0.0,0.0,0.0,0.02162883499652246,0.03276321522688639,2.366559186346889,calm,,0,0.5595241969431638,0.04586501125738116
2021-03-01 00:00:00+00:00,0.0,0.0,0.0,0.1259149490335974,0.03276321271531039,2.3688654441864965,calm,,0,0.5595241969431638,0.04586501125738116
2021-03-02 00:00:00+00:00,0.0,0.0,0.0,0.3709310479809687,0.03276321020398553,2.375517470650155,calm,,0,0.5595241969431638,0.04586501125738116
2021-03-03 00:00:00+00:00,0.0,0.0,0.0,0.6543938603115494,0.03276320769291179,2.3824129730579635,calm,,0,0.5595241969431638,0.04586501125738116
2021-03-04 00:00:00+00:00,0.0,0.0,0.0,0.3190589617764673,0.03276320518208915,2.3710498935409,calm,,0,0.5595241969431638,0.04586501125738116
2021-03-05 00:00:00+00:00,0.0,0.0,0.0,1.2160200689634502,0.03276320267151758,2.3925920582487916,calm,,0,0.5595241969431638,0.04586501125738116
2021-03-08 00:00:00+00:00,0.0,0.0,0.0,1.6654336663475342,0.032763200161197055,2.40170967566214,calm,,0,0.5595241969431638,0.04586501125738116
2021-03-09 00:00:00+00:00,-1.0,-1.0,0.25,1.8825636181739502,0.03276319765112754,2.40523215048189,calm,,0,0.5595241969431638,0.04586501125738116
2021-03-10 00:00:00+00:00,0.0,-1.0,0.25,1.9714332828873666,0.03276319514130903,2.407495480589634,calm,,0,0.5595241969431638,0.04586501125738116
2021-03-11 00:00:00+00:00,0.0,-1.0,0.25,2.066219717583432,0.03276319263174149,2.4088200245730658,calm,,0,0.5595241969431638,0.04586501125738116
2021-03-12 00:00:00+00:00,0.0,-1.0,0.25,1.919028434585067,0.03276319012242489,2.4051488403871466,calm,,0,0.5595241969431638,0.04586501125738116
2021-03-15 00:00:00+00:00,0.0,-1.0,0.25,1.9975068892170824,0.0327631876133592,2.4074979762515443,calm,,0,0.5595241969431638,0.04586501125738116
2021-03-16 00:00:00+00:00,0.0,-1.0,0.25,1.50733510194163,0.03276318510454442,2.39685063601078,calm,,0,0.5595241969431638,0.04586501125738116
2021-03-17 00:00:00+00:00,0.0,-1.0,0.25,1.5010171094190063,0.0327631825959805,2.3977787514031665,calm,,0,0.5595241969431638,0.04586501125738116
2021-03-18 00:00:00+00:00,0.0,-1.0,0.25,1.0477708832740151,0.032763180087667425,2.387306766422429,calm,,0,0.5595241969431638,0.04586501125738116
2021-03-19 00:00:00+00:00,0.0,-1.0,0.25,0.7858647174516716,0.032763177579605174,2.3811448668610153,calm,,0,0.5595241969431638,0.04586501125738116
2021-03-22 00:00:00+00:00,0.0,-1.0,0.25,0.6675809443847693,0.03276317507179371,2.3784539273068366,calm,,0,0.5595241969431638,0.04586501125738116
2021-03-23 00:00:00+00:00,0.0,-1.0,0.25,0.7420457695649808,0.032763172564233015,2.3808467067508867,calm,,0,0.5595241969431638,0.04586501125738116
2021-03-24 00:00:00+00:00,0.0,-1.0,0.25,1.2862872980856213,0.032763170056923065,2.3954117064060467,calm,,0,0.5595241969431638,0.04586501125738116
2021-03-25 00:00:00+00:00,0.0,-1.0,0.25,1.471223483261898,0.03276316754986384,2.4013261129016925,calm,,0,0.5595241969431638,0.04586501125738116
2021-03-26 00:00:00+00:00,0.0,-1.0,0.25,1.7395897303264312,0.0327631650430553,2.409955443563151,calm,,0,0.5595241969431638,0.04586501125738116
2021-03-29 00:00:00+00:00,0.0,-1.0,0.25,1.5981248067726221,0.03276316253649743,2.4080908387020834,calm,,0,0.5595241969431638,0.04586501125738116
2021-03-30 00:00:00+00:00,0.0,-1.0,0.25,1.4787450520264038,0.032763160030190204,2.4064683130295292,calm,,0,0.5595241969431638,0.04586501125738116
2021-03-31 00:00:00+00:00,0.0,-1.0,0.25,1.2246868589407098,0.03276315752413359,2.400790909392257,calm,,0,0.5595241969431638,0.04586501125738116
2021-04-01 00:00:00+00:00,0.0,0.0,0.0,1.0127192519972084,0.034130532510977585,2.39914344419213,normal,,0,0.5587027555134423,0.0447382462267531
2021-04-05 00:00:00+00:00,0.0,0.0,0.0,0.8489950654080026,0.034130530104818965,2.395245710464814,calm,,0,0.5587027555134423,0.0447382462267531
2021-04-06 00:00:00+00:00,0.0,0.0,0.0,0.5718257808454417,0.034130527698900945,2.3875856994462183,calm,,0,0.5587027555134423,0.0447382462267531
2021-04-07 00:00:00+00:00,0.0,0.0,0.0,0.7086361742469335,0.03413052529322351,2.3918377652477147,calm,,0,0.5587027555134423,0.0447382462267531
2021-04-08 00:00:00+00:00,0.0,0.0,0.0,0.48869392618785074,0.034130522887786625,2.385638319054394,calm,,0,0.5587027555134423,0.0447382462267531
2021-04-09 00:00:00+00:00,0.0,0.0,0.0,0.44739783642663356,0.03413052048259028,2.384733124294254,calm,,0,0.5587027555134423,0.0447382462267531
2021-04-12 00:00:00+00:00,0.0,0.0,0.0,0.23024102855824957,0.03413051807763444,2.3785474403720794,calm,,0,0.5587027555134423,0.0447382462267531
2021-04-13 00:00:00+00:00,0.0,0.0,0.0,0.3846976723350495,0.03413051567291908,2.3833032761303916,calm,,0,0.5587027555134423,0.0447382462267531
2021-04-14 00:00:00+00:00,0.0,0.0,0.0,0.439273111873326,0.03413051326844418,2.385172891503509,calm,,0,0.5587027555134423,0.0447382462267531
2021-04-15 00:00:00+00:00,0.0,0.0,0.0,0.17680624703991124,0.03413051086420972,2.3778016477298816,calm,,0,0.5587027555134423,0.0447382462267531
2021-04-16 00:00:00+00:00,0.0,0.0,0.0,0.21012254312938583,0.03413050846021567,2.378816324987696,calm,,0,0.5587027555134423,0.0447382462267531
2021-04-19 00:00:00+00:00,0.0,0.0,0.0,0.4301016312264008,0.034130506056462,2.3853381196842154,calm,,0,0.5587027555134423,0.0447382462267531
2021-04-20 00:00:00+00:00,0.0,0.0,0.0,0.06529937283960374,0.0341305036529487,2.3749877488520568,calm,,0,0.5587027555134423,0.0447382462267531
2021-04-21 00:00:00+00:00,0.0,0.0,0.0,0.33114059550692077,0.03413050124967574,2.383031758417229,calm,,0,0.5587027555134423,0.0447382462267531
2021-04-22 00:00:00+00:00,0.0,0.0,0.0,0.018170956290003884,0.03413049884664309,2.3741523544040666,calm,,0,0.5587027555134423,0.0447382462267531
2021-04-23 00:00:00+00:00,0.0,0.0,0.0,0.10483457698390235,0.03413049644385074,2.3770572763546625,calm,,0,0.5587027555134423,0.0447382462267531
2021-04-26 00:00:00+00:00,0.0,0.0,0.0,-0.011774307581911727,0.03413049404129865,2.3741675271805365,calm,,0,0.5587027555134423,0.0447382462267531
2021-04-27 00:00:00+00:00,0.0,0.0,0.0,0.1349926873618306,0.03413049163898681,2.378862180386316,calm,,0,0.5587027555134423,0.0447382462267531
2021-04-28 00:00:00+00:00,0.0,0.0,0.0,0.35790393279275456,0.03413048923691518,2.3859398501121993,calm,,0,0.5587027555134423,0.0447382462267531
2021-04-29 00:00:00+00:00,0.0,0.0,0.0,0.6629182462008892,0.03413048683508375,2.3950517676023386,calm,,0,0.5587027555134423,0.0447382462267531
2021-04-30 00:00:00+00:00,0.0,0.0,0.0,-0.09295280055890055,0.03413048443349249,2.3752622949993047,calm,,0,0.5587027555134423,0.0447382462267531
2021-05-03 00:00:00+00:00,0.0,0.0,0.0,0.19815133690402126,0.03413048203214138,2.3837081411472347,calm,,0,0.5587027555134423,0.0447382462267531
2021-05-04 00:00:00+00:00,0.0,0.0,0.0,0.4267372399285655,0.034130479631030386,2.3903482453617326,calm,,0,0.5587027555134423,0.0447382462267531
2021-05-05 00:00:00+00:00,0.0,0.0,0.0,0.7251537176574627,0.034130477230159495,2.3979819858216573,calm,,0,0.5587027555134423,0.0447382462267531
2021-05-06 00:00:00+00:00,0.0,0.0,0.0,0.43320484710745893,0.03413047482952868,2.3917766042044812,calm,,0,0.5587027555134423,0.0447382462267531
2021-05-07 00:00:00+00:00,0.0,0.0,0.0,0.33571520181774833,0.03413047242913792,2.3903302295268785,calm,,0,0.5587027555134423,0.0447382462267531
2021-05-10 00:00:00+00:00,0.0,0.0,0.0,0.07619217579447504,0.034130470028987184,2.386071315073714,calm,,0,0.5587027555134423,0.0447382462267531
2021-05-11 00:00:00+00:00,0.0,0.0,0.0,-0.4955028133344924,0.03413046762907645,2.3766765492732413,calm,,0,0.5587027555134423,0.0447382462267531
2021-05-12 00:00:00+00:00,0.0,0.0,0.0,0.14978351035368115,0.034130465229405695,2.3885728578613454,calm,,0,0.5587027555134423,0.0447382462267531
2021-05-13 00:00:00+00:00,0.0,0.0,0.0,0.12046002233842833,0.034130462829974895,2.3886750258089555,calm,,0,0.5587027555134423,0.0447382462267531
2021-05-14 00:00:00+00:00,0.0,0.0,0.0,0.8067201214566154,0.03413046043078403,2.3994410846107845,calm,,0,0.5587027555134423,0.0447382462267531
2021-05-17 00:00:00+00:00,0.0,0.0,0.0,0.7220701499746018,0.034130458031833066,2.398379246800087,calm,,0,0.5587027555134423,0.0447382462267531
2021-05-18 00:00:00+00:00,0.0,0.0,0.0,-1.2175242509411788,0.03413045563312199,2.373316290442678,calm,,0,0.5587027555134423,0.0447382462267531
2021-05-19 00:00:00+00:00,1.0,1.0,0.25,-2.16397695713854,0.03413045323465077,2.362300283505074,calm,,0,0.5587027555134423,0.0447382462267531
2021-05-20 00:00:00+00:00,0.0,1.0,0.25,-1.979211284139454,0.034130450836419385,2.3647010568125655,calm,,0,0.5587027555134423,0.0447382462267531
2021-05-21 00:00:00+00:00,0.0,1.0,0.25,-1.1826279017027086,0.03413044843842781,2.3738888832414577,calm,,0,0.5587027555134423,0.0447382462267531
2021-05-24 00:00:00+00:00,0.0,1.0,0.25,-1.0019180176624685,0.03413044604067603,2.3758787973699897,calm,,0,0.5587027555134423,0.0447382462267531
2021-05-25 00:00:00+00:00,0.0,1.0,0.25,-1.1813416350960795,0.034130443643164005,2.3737940988274433,calm,,0,0.5587027555134423,0.0447382462267531
2021-05-26 00:00:00+00:00,0.0,1.0,0.25,-1.541669588573675,0.03413044124589172,2.3692289164504707,calm,,0,0.5587027555134423,0.0447382462267531
2021-05-27 00:00:00+00:00,0.0,1.0,0.25,-2.027132459414606,0.03413043884885915,2.3624476601005173,calm,,0,0.5587027555134423,0.0447382462267531
2021-05-28 00:00:00+00:00,0.0,1.0,0.25,-1.3195828347660765,0.03413043645206627,2.370714902712638,calm,,0,0.5587027555134423,0.0447382462267531
2021-06-01 00:00:00+00:00,0.0,1.0,0.25,-0.6626600255062864,0.03413043405551307,2.379458691072887,calm,,0,0.5587027555134423,0.0447382462267531
2021-06-02 00:00:00+00:00,2.0,0.0,0.0,0.019319857141885468,0.034130431659199496,2.3884255684756552,calm,mean_reversion,0,0.5587027555134423,0.0447382462267531
2021-06-03 00:00:00+00:00,0.0,0.0,0.0,-0.45691186110518994,0.03413042926312555,2.3817721229974795,calm,,0,0.5587027555134423,0.0447382462267531
2021-06-04 00:00:00+00:00,0.0,0.0,0.0,-0.18158028720784095,0.0341304268672912,2.3850560112982775,calm,,0,0.5587027555134423,0.0447382462267531
2021-06-07 00:00:00+00:00,0.0,0.0,0.0,-0.42539070970339854,0.03413042447169642,2.381580790924149,calm,,0,0.5587027555134423,0.0447382462267531
2021-06-08 00:00:00+00:00,0.0,0.0,0.0,-0.4566192933981993,0.03413042207634119,2.3808634482973057,calm,,0,0.5587027555134423,0.0447382462267531
2021-06-09 00:00:00+00:00,0.0,0.0,0.0,-1.4566998413472376,0.03413041968122548,2.368534703057559,calm,,0,0.5587027555134423,0.0447382462267531
2021-06-10 00:00:00+00:00,0.0,0.0,0.0,-1.0811559206453192,0.03413041728634927,2.3726032776205,calm,,0,0.5587027555134423,0.0447382462267531
2021-06-11 00:00:00+00:00,0.0,0.0,0.0,-0.9326041749217423,0.034130414891712535,2.373940450231201,calm,,0,0.5587027555134423,0.0447382462267531
2021-06-14 00:00:00+00:00,0.0,0.0,0.0,-0.7626112471243992,0.03413041249731526,2.375566839337323,calm,,0,0.5587027555134423,0.0447382462267531
2021-06-15 00:00:00+00:00,0.0,0.0,0.0,-0.6792539030468615,0.0341304101031574,2.3762654762193507,calm,,0,0.5587027555134423,0.0447382462267531
2021-06-16 00:00:00+00:00,0.0,0.0,0.0,-1.024855993889024,0.03413040770923895,2.3720630073347726,calm,,0,0.5587027555134423,0.0447382462267531
2021-06-17 00:00:00+00:00,0.0,0.0,0.0,-1.3780203522712309,0.03413040531555988,2.3676414728712096,calm,,0,0.5587027555134423,0.0447382462267531
2021-06-18 00:00:00+00:00,1.0,1.0,0.25,-3.2799297435992694,0.034131402822125165,2.3443639806375294,calm,,1,0.5587027555134423,0.0447382462267531
2021-06-21 00:00:00+00:00,0.0,1.0,0.25,-2.5776799584404606,0.034131400328939784,2.3496346713921454,calm,,0,0.5587027555134423,0.0447382462267531
2021-06-22 00:00:00+00:00,0.0,1.0,0.25,-2.6420802837884203,0.034131397836003705,2.346927559750102,calm,,0,0.5587027555134423,0.0447382462267531
2021-06-23 00:00:00+00:00,0.0,1.0,0.25,-2.9237575503340247,0.034131395343316905,2.3418308208043266,calm,,0,0.5587027555134423,0.0447382462267531
2021-06-24 00:00:00+00:00,0.0,1.0,0.25,-2.4502619708064803,0.03413139285087937,2.346215766211357,calm,,0,0.5587027555134423,0.0447382462267531
2021-06-25 00:00:00+00:00,0.0,1.0,0.25,-2.365117068835259,0.03413139035869106,2.3461306839619764,calm,,0,0.5587027555134423,0.0447382462267531
2021-06-28 00:00:00+00:00,0.0,1.0,0.25,-3.350213062914539,0.03413238776675696,2.331023600928293,calm,,1,0.5587027555134423,0.0447382462267531
2021-06-29 00:00:00+00:00,0.0,1.0,0.25,-3.008591540686403,0.03413238517508203,2.331760668227021,calm,,0,0.5587027555134423,0.0447382462267531
2021-06-30 00:00:00+00:00,0.0,1.0,0.25,-2.431027009821171,0.034132382583666264,2.337149924675647,calm,,0,0.5587027555134423,0.0447382462267531
2021-07-01 00:00:00+00:00,0.0,0.0,0.0,-1.6463788700721795,0.03269003945079853,2.3469258432049425,normal,,0,0.5588470261239443,0.04328031809423052
2021-07-02 00:00:00+00:00,0.0,0.0,0.0,-1.6772534559169927,0.03269003685990099,2.3453454245031926,calm,,0,0.5588470261239443,0.04328031809423052
2021-07-06 00:00:00+00:00,1.0,1.0,0.25,-1.8571621246371672,0.03269003426926253,2.341137359000019,calm,,0,0.5588470261239443,0.04328031809423052
2021-07-07 00:00:00+00:00,0.0,1.0,0.25,-1.6068179335939012,0.032690031678883125,2.3439931852168185,calm,,0,0.5588470261239443,0.04328031809423052
2021-07-08 00:00:00+00:00,0.0,1.0,0.25,-1.66959514922305,0.032690029088762736,2.3417655509083843,calm,,0,0.5588470261239443,0.04328031809423052
2021-07-09 00:00:00+00:00,0.0,1.0,0.25,-1.4372122704115888,0.032690026498901355,2.344694028371475,calm,,0,0.5588470261239443,0.04328031809423052
2021-07-12 00:00:00+00:00,0.0,1.0,0.25,-1.197038257002272,0.03269002390929894,2.3480924401082524,calm,,0,0.5588470261239443,0.04328031809423052
2021-07-13 00:00:00+00:00,0.0,1.0,0.25,-1.3432431213397373,0.03269002131995548,2.3447010546745854,calm,,0,0.5588470261239443,0.04328031809423052
2021-07-14 00:00:00+00:00,0.0,1.0,0.25,-1.5646234120015086,0.032690018730870934,2.33971590945189,calm,,0,0.5588470261239443,0.04328031809423052
2021-07-15 00:00:00+00:00,0.0,1.0,0.25,-1.489181974851201,0.03269001614204529,2.3399916439106154,calm,,0,0.5588470261239443,0.04328031809423052
2021-07-16 00:00:00+00:00,0.0,1.0,0.25,-2.014161201795988,0.03269001355347851,2.328881738851968,calm,,0,0.5588470261239443,0.04328031809423052
2021-07-19 00:00:00+00:00,0.0,1.0,0.25,-2.2107906013689673,0.032690010965170574,2.3230505963129144,calm,,0,0.5588470261239443,0.04328031809423052
2021-07-20 00:00:00+00:00,0.0,1.0,0.25,-2.2279424085652995,0.03269000837712146,2.3201754511585664,calm,,0,0.5588470261239443,0.04328031809423052
2021-07-21 00:00:00+00:00,0.0,1.0,0.25,-1.3356015796687744,0.03269100568933614,2.336443369344209,calm,,1,0.5588470261239443,0.04328031809423052
2021-07-22 00:00:00+00:00,0.0,1.0,0.25,-1.4671467448112026,0.032691003001819575,2.3326241639455745,calm,,0,0.5588470261239443,0.04328031809423052
2021-07-23 00:00:00+00:00,0.0,1.0,0.25,-1.4204042534236825,0.032691000314571755,2.332445028295553,calm,,0,0.5588470261239443,0.04328031809423052
2021-07-26 00:00:00+00:00,0.0,1.0,0.25,-1.021416062298627,0.032690997627592644,2.3400889612330364,calm,,0,0.5588470261239443,0.04328031809423052
2021-07-27 00:00:00+00:00,0.0,1.0,0.25,-0.8464214991257041,0.03269099494088222,2.343211749504058,calm,,0,0.5588470261239443,0.04328031809423052
2021-07-28 00:00:00+00:00,0.0,1.0,0.25,-0.5775442668410682,0.03269099225444046,2.3484990355885125,calm,,0,0.5588470261239443,0.04328031809423052
2021-07-29 00:00:00+00:00,0.0,1.0,0.25,-0.27110319995317866,0.03269098956826732,2.3546392200231163,calm,,0,0.5588470261239443,0.04328031809423052
2021-07-30 00:00:00+00:00,2.0,0.0,0.0,-0.11782078322282902,0.032690986882362785,2.3574138698385396,calm,mean_reversion,0,0.5588470261239443,0.04328031809423052
2021-08-02 00:00:00+00:00,0.0,0.0,0.0,-0.09284966052807388,0.03269098419672683,2.3573335642809075,calm,,0,0.5588470261239443,0.04328031809423052
2021-08-03 00:00:00+00:00,0.0,0.0,0.0,0.027053278835277052,0.03269098151135942,2.359247098822341,calm,,0,0.5588470261239443,0.04328031809423052
2021-08-04 00:00:00+00:00,0.0,0.0,0.0,-0.3508375897166461,0.03269097882626054,2.3511996124203676,calm,,0,0.5588470261239443,0.04328031809423052
2021-08-05 00:00:00+00:00,0.0,0.0,0.0,-0.08798808909287766,0.032690976141430156,2.355891753622801,calm,,0,0.5588470261239443,0.04328031809423052
2021-08-06 00:00:00+00:00,0.0,0.0,0.0,-0.005617069054487663,0.032690973456868236,2.3571717686848883,calm,,0,0.5588470261239443,0.04328031809423052
2021-08-09 00:00:00+00:00,0.0,0.0,0.0,-0.5557705604777962,0.03269097077257476,2.3461836546340877,calm,,0,0.5588470261239443,0.04328031809423052
2021-08-10 00:00:00+00:00,0.0,0.0,0.0,-0.13208999803329347,0.03269096808854971,2.3536071017050895,calm,,0,0.5588470261239443,0.04328031809423052
2021-08-11 00:00:00+00:00,0.0,0.0,0.0,0.28398140299425423,0.032690965404793035,2.360362981010474,calm,,0,0.5588470261239443,0.04328031809423052
2021-08-12 00:00:00+00:00,0.0,0.0,0.0,0.803260283787882,0.032690962721304735,2.368262085562713,calm,,0,0.5588470261239443,0.04328031809423052
2021-08-13 00:00:00+00:00,0.0,0.0,0.0,0.7362347562631086,0.03269096003808476,2.3670030328443263,calm,,0,0.5588470261239443,0.04328031809423052
2021-08-16 00:00:00+00:00,0.0,0.0,0.0,0.6439595545520558,0.032690957355133096,2.365572078511862,calm,,0,0.5588470261239443,0.04328031809423052
2021-08-17 00:00:00+00:00,0.0,0.0,0.0,0.7505495284281115,0.032690954672449715,2.3674062170363,calm,,0,0.5588470261239443,0.04328031809423052
2021-08-18 00:00:00+00:00,0.0,0.0,0.0,-0.6739203307985273,0.032691951890039594,2.3433117689804637,calm,,1,0.5588470261239443,0.04328031809423052
2021-08-19 00:00:00+00:00,0.0,0.0,0.0,-1.4154870713351473,0.032691949107907695,2.330549448350414,calm,,0,0.5588470261239443,0.04328031809423052
2021-08-20 00:00:00+00:00,0.0,0.0,0.0,-1.1949847499163728,0.032691946326053996,2.3334103117697,calm,,0,0.5588470261239443,0.04328031809423052
2021-08-23 00:00:00+00:00,0.0,0.0,0.0,-1.003664565763714,0.03269194354447846,2.3359475482892575,calm,,0,0.5588470261239443,0.04328031809423052
2021-08-24 00:00:00+00:00,0.0,0.0,0.0,-0.7993106845322807,0.032691940763181083,2.3388702942570756,calm,,0,0.5588470261239443,0.04328031809423052
2021-08-25 00:00:00+00:00,0.0,0.0,0.0,-0.39530448394673434,0.032691937982161814,2.3452015923500533,calm,,0,0.5588470261239443,0.04328031809423052
2021-08-26 00:00:00+00:00,0.0,0.0,0.0,-0.6464926489381683,0.032691935201420635,2.3406496728544277,calm,,0,0.5588470261239443,0.04328031809423052
2021-08-27 00:00:00+00:00,0.0,0.0,0.0,-0.4034391771755658,0.03269193242095751,2.3441293570162034,calm,,0,0.5588470261239443,0.04328031809423052
2021-08-30 00:00:00+00:00,0.0,0.0,0.0,-0.1075834868585395,0.03269192964077242,2.3482378577119465,calm,,0,0.5588470261239443,0.04328031809423052
2021-08-31 00:00:00+00:00,0.0,0.0,0.0,-0.8316905053545837,0.03269192686086534,2.3371376109488473,calm,,0,0.5588470261239443,0.04328031809423052
2021-09-01 00:00:00+00:00,0.0,0.0,0.0,-1.0221294799934864,0.03269192408123624,2.3341645607904637,calm,,0,0.5588470261239443,0.04328031809423052
2021-09-02 00:00:00+00:00,0.0,0.0,0.0,-0.48526992034308486,0.03269192130188508,2.341199300844865,calm,,0,0.5588470261239443,0.04328031809423052
2021-09-03 00:00:00+00:00,0.0,0.0,0.0,-0.43904892488208963,0.03269191852281184,2.3414842100748987,calm,,0,0.5588470261239443,0.04328031809423052
2021-09-07 00:00:00+00:00,0.0,0.0,0.0,-0.525428903553973,0.0326919157440165,2.3400246665160496,calm,,0,0.5588470261239443,0.04328031809423052
2021-09-08 00:00:00+00:00,0.0,0.0,0.0,-0.8747502617303181,0.032691912965499025,2.335341881873965,calm,,0,0.5588470261239443,0.04328031809423052
2021-09-09 00:00:00+00:00,0.0,0.0,0.0,-1.048163360015582,0.032691910187259386,2.3330451499863103,calm,,0,0.5588470261239443,0.04328031809423052
2021-09-10 00:00:00+00:00,0.0,0.0,0.0,-0.6469330719137271,0.03269190740929755,2.3375076446408687,calm,,0,0.5588470261239443,0.04328031809423052
2021-09-13 00:00:00+00:00,0.0,0.0,0.0,-0.3297018885467869,0.032691904631613505,2.340733831441022,calm,,0,0.5588470261239443,0.04328031809423052
2021-09-14 00:00:00+00:00,0.0,0.0,0.0,-1.2429781211707474,0.032691901854207214,2.330830979947733,calm,,0,0.5588470261239443,0.04328031809423052
2021-09-15 00:00:00+00:00,0.0,0.0,0.0,-0.8345352274560512,0.03269189907707865,2.3347957716255725,calm,,0,0.5588470261239443,0.04328031809423052
2021-09-16 00:00:00+00:00,0.0,0.0,0.0,-1.2166682013657,0.032691896300227785,2.3304455529558803,calm,,0,0.5588470261239443,0.04328031809423052
2021-09-17 00:00:00+00:00,0.0,0.0,0.0,-1.288017826044473,0.032691893523654585,2.3292598470563926,calm,,0,0.5588470261239443,0.04328031809423052
2021-09-20 00:00:00+00:00,1.0,1.0,0.25,-1.98011966500714,0.03269189074735904,2.3212929405154443,calm,,0,0.5588470261239443,0.04328031809423052
2021-09-21 00:00:00+00:00,0.0,1.0,0.25,-1.3406574434022511,0.0326918879713411,2.3274272802170644,calm,,0,0.5588470261239443,0.04328031809423052
2021-09-22 00:00:00+00:00,0.0,1.0,0.25,-0.36852467121297905,0.03269188519560075,2.33804819719703,calm,,0,0.5588470261239443,0.04328031809423052
2021-09-23 00:00:00+00:00,0.0,1.0,0.25,0.3653593682187189,0.032691882420137965,2.346549668207089,calm,,0,0.5588470261239443,0.04328031809423052
2021-09-24 00:00:00+00:00,0.0,1.0,0.25,0.2494519719705373,0.03269187964495271,2.3454677241813187,calm,,0,0.5588470261239443,0.04328031809423052
2021-09-27 00:00:00+00:00,2.0,0.0,0.0,1.0199225249550075,0.032691876870044954,2.3542841851485212,calm,profit_target,0,0.5588470261239443,0.04328031809423052
2021-09-28 00:00:00+00:00,0.0,0.0,0.0,0.6255804864444323,0.03269187409541468,2.3500209469450244,calm,,0,0.5588470261239443,0.04328031809423052
2021-09-29 00:00:00+00:00,0.0,0.0,0.0,0.7515493739578427,0.032691871321061855,2.351552479114507,calm,,0,0.5588470261239443,0.04328031809423052
2021-09-30 00:00:00+00:00,0.0,0.0,0.0,-0.025488530470710542,0.032691868546986455,2.342885263816412,calm,,0,0.5588470261239443,0.04328031809423052
2021-10-01 00:00:00+00:00,0.0,0.0,0.0,0.628213841181245,0.034910983760338,2.3464534080015413,normal,,0,0.5598063196975247,0.042081764444907035
2021-10-04 00:00:00+00:00,0.0,0.0,0.0,0.42774815158434026,0.0349109782140883,2.3443250167248793,calm,,0,0.5598063196975247,0.042081764444907035
2021-10-05 00:00:00+00:00,-1.0,-1.0,0.19285395669749103,1.286368499786879,0.03491097266895773,2.354232962443031,calm,,0,0.5598063196975247,0.042081764444907035
2021-10-06 00:00:00+00:00,0.0,-1.0,0.19285395669749103,1.668017743734648,0.03491096712494607,2.3590132485311948,calm,,0,0.5598063196975247,0.042081764444907035
2021-10-07 00:00:00+00:00,0.0,-1.0,0.19285395669749103,1.9272447129775294,0.034910961582053084,2.362837528096652,calm,,0,0.5598063196975247,0.042081764444907035
2021-10-08 00:00:00+00:00,0.0,-1.0,0.19285395669749103,2.4762529246432576,0.03491095604027855,2.3706653196836065,calm,,0,0.5598063196975247,0.042081764444907035
2021-10-11 00:00:00+00:00,0.0,-1.0,0.19285395669749103,2.036760311916181,0.03491095049962225,2.3670813060156144,calm,,0,0.5598063196975247,0.042081764444907035
2021-10-12 00:00:00+00:00,0.0,-1.0,0.19285395669749103,2.283523439450085,0.03491094496008395,2.3715356658183024,calm,,0,0.5598063196975247,0.042081764444907035
2021-10-13 00:00:00+00:00,0.0,-1.0,0.19285395669749103,2.60994012141269,0.03491093942166343,2.3772435407116053,calm,,0,0.5598063196975247,0.042081764444907035
2021-10-14 00:00:00+00:00,0.0,-1.0,0.19285395669749103,2.640316603759136,0.034910933884360465,2.3794157337506983,calm,,0,0.5598063196975247,0.042081764444907035
2021-10-15 00:00:00+00:00,0.0,-1.0,0.19285395669749103,2.5362254505342916,0.034910928348174816,2.3805233070976044,calm,,0,0.5598063196975247,0.042081764444907035
2021-10-18 00:00:00+00:00,0.0,-1.0,0.19285395669749103,2.412369501820207,0.034910922813106274,2.381051846650797,calm,,0,0.5598063196975247,0.042081764444907035
2021-10-19 00:00:00+00:00,0.0,-1.0,0.19285395669749103,3.021118080755331,0.03491091727915461,2.3925943825811333,calm,,0,0.5598063196975247,0.042081764444907035
2021-10-20 00:00:00+00:00,0.0,-1.0,0.19285395669749103,3.3572036843932076,0.03491091174631959,2.402299402710074,calm,,0,0.5598063196975247,0.042081764444907035
2021-10-21 00:00:00+00:00,0.0,-1.0,0.19285395669749103,2.9510051538223663,0.034910906214601,2.400924571847655,calm,,0,0.5598063196975247,0.042081764444907035
2021-10-22 00:00:00+00:00,0.0,-1.0,0.19285395669749103,2.914444099374692,0.03491090068399861,2.404843568254701,calm,,0,0.5598063196975247,0.042081764444907035
2021-10-25 00:00:00+00:00,0.0,-1.0,0.19285395669749103,2.6307012159807317,0.03491089515451219,2.403759722452593,calm,,0,0.5598063196975247,0.042081764444907035
2021-10-26 00:00:00+00:00,0.0,-1.0,0.19285395669749103,1.890309562611583,0.03491088962614152,2.3916110952845484,calm,,0,0.5598063196975247,0.042081764444907035
2021-10-27 00:00:00+00:00,0.0,-1.0,0.19285395669749103,1.7199381555665767,0.03491088409888638,2.3896540263476256,calm,,0,0.5598063196975247,0.042081764444907035
2021-10-28 00:00:00+00:00,0.0,-1.0,0.19285395669749103,2.0154196853257194,0.03491087857274653,2.3978812937700895,calm,,0,0.5598063196975247,0.042081764444907035
2021-10-29 00:00:00+00:00,0.0,-1.0,0.19285395669749103,2.3698399682731712,0.03491087304772176,2.4085698302424516,calm,,0,0.5598063196975247,0.042081764444907035
2021-11-01 00:00:00+00:00,0.0,-1.0,0.19285395669749103,1.766541238663901,0.03491086752381184,2.3972189905975068,calm,,0,0.5598063196975247,0.042081764444907035
2021-11-02 00:00:00+00:00,2.0,0.0,0.0,1.7237190799620163,0.034910862001016535,2.3979861426696094,calm,max_hold,0,0.5598063196975247,0.042081764444907035
2021-11-03 00:00:00+00:00,-1.0,-1.0,0.25,1.6776442630803674,0.03491085647933564,2.398694213194742,calm,,0,0.5598063196975247,0.042081764444907035
2021-11-04 00:00:00+00:00,0.0,-1.0,0.25,1.695012213936335,0.03491085095876891,2.4009499217929076,calm,,0,0.5598063196975247,0.042081764444907035
2021-11-05 00:00:00+00:00,0.0,-1.0,0.25,1.7604499925385382,0.034910845439316135,2.4045167853330702,calm,,0,0.5598063196975247,0.042081764444907035
2021-11-08 00:00:00+00:00,0.0,-1.0,0.25,1.6057599007652268,0.03491083992097708,2.402092575877735,calm,,0,0.5598063196975247,0.042081764444907035
2021-11-09 00:00:00+00:00,0.0,-1.0,0.25,1.6675080439803336,0.03491083440375153,2.405421293526035,calm,,0,0.5598063196975247,0.042081764444907035
2021-11-10 00:00:00+00:00,0.0,-1.0,0.25,1.634869846205026,0.03491082888763925,2.406282748445534,calm,,0,0.5598063196975247,0.042081764444907035
2021-11-11 00:00:00+00:00,0.0,-1.0,0.25,1.6529980077327358,0.034910823372640024,2.408565148281665,calm,,0,0.5598063196975247,0.042081764444907035
2021-11-12 00:00:00+00:00,0.0,-1.0,0.25,1.7652083686987536,0.03491081785875362,2.4139820864209445,calm,,0,0.5598063196975247,0.042081764444907035
2021-11-15 00:00:00+00:00,0.0,-1.0,0.25,2.4130510070419926,0.03491181214419813,2.4359532792520078,calm,,1,0.5598063196975247,0.042081764444907035
2021-11-16 00:00:00+00:00,0.0,-1.0,0.25,2.0370925663645694,0.03491180643079574,2.4285672329130197,calm,,0,0.5598063196975247,0.042081764444907035
2021-11-17 00:00:00+00:00,0.0,-1.0,0.25,1.6111903060432795,0.03491180071854621,2.417967124352591,calm,,0,0.5598063196975247,0.042081764444907035
2021-11-18 00:00:00+00:00,0.0,-1.0,0.25,1.4591127275869944,0.03491179500744931,2.4150516231448056,calm,,0,0.5598063196975247,0.042081764444907035
2021-11-19 00:00:00+00:00,0.0,-1.0,0.25,1.5169576100083335,0.0349117892975048,2.418781797562788,calm,,0,0.5598063196975247,0.042081764444907035
2021-11-22 00:00:00+00:00,0.0,-1.0,0.25,1.8026113513019093,0.03491178358871245,2.4303059391701893,calm,,0,0.5598063196975247,0.042081764444907035
2021-11-23 00:00:00+00:00,0.0,-1.0,0.25,1.947572503340871,0.034911777881072026,2.4379794664454746,calm,,0,0.5598063196975247,0.042081764444907035
2021-11-24 00:00:00+00:00,0.0,-1.0,0.25,1.9170550913909363,0.03491177217458331,2.4401746999689373,calm,,0,0.5598063196975247,0.042081764444907035
2021-11-26 00:00:00+00:00,0.0,-1.0,0.25,1.8292596540860715,0.03491176646924605,2.4400901580779726,calm,,0,0.5598063196975247,0.042081764444907035
2021-11-29 00:00:00+00:00,0.0,-1.0,0.25,1.6415492330168768,0.03491176076506003,2.4360187848938017,calm,,0,0.5598063196975247,0.042081764444907035
2021-11-30 00:00:00+00:00,0.0,-1.0,0.25,1.6521406832923562,0.034911755062025006,2.4387657732937877,calm,,0,0.5598063196975247,0.042081764444907035
2021-12-01 00:00:00+00:00,0.0,-1.0,0.25,1.3653618444533469,0.03491174936014075,2.4304970615593087,calm,,0,0.5598063196975247,0.042081764444907035
2021-12-02 00:00:00+00:00,2.0,0.0,0.0,1.6548796948474664,0.03491174365940703,2.443043505117171,calm,max_hold,0,0.5598063196975247,0.042081764444907035
2021-12-03 00:00:00+00:00,-1.0,-1.0,0.2313134216343552,1.5429222119146873,0.034911737959823615,2.4411186345426197,calm,,0,0.5598063196975247,0.042081764444907035
2021-12-06 00:00:00+00:00,0.0,-1.0,0.2313134216343552,1.6761922952719903,0.034911732261390264,2.4480860840177683,calm,,0,0.5598063196975247,0.042081764444907035
2021-12-07 00:00:00+00:00,0.0,-1.0,0.2313134216343552,1.8940196047709446,0.034911726564106765,2.4586720145448084,calm,,0,0.5598063196975247,0.042081764444907035
2021-12-08 00:00:00+00:00,0.0,-1.0,0.2313134216343552,1.8692105497973022,0.03491172086797287,2.460758840674077,calm,,0,0.5598063196975247,0.042081764444907035
2021-12-09 00:00:00+00:00,0.0,-1.0,0.2313134216343552,1.663356591583698,0.03491171517298834,2.455452707146813,calm,,0,0.5598063196975247,0.042081764444907035
2021-12-10 00:00:00+00:00,0.0,-1.0,0.2313134216343552,1.5546275695249687,0.034911709479152966,2.4534096814299304,calm,,0,0.5598063196975247,0.042081764444907035
2021-12-13 00:00:00+00:00,0.0,-1.0,0.2313134216343552,1.3480881931868427,0.0349117037864665,2.4472065015452724,calm,,0,0.5598063196975247,0.042081764444907035
2021-12-14 00:00:00+00:00,0.0,-1.0,0.2313134216343552,1.4042470321385014,0.03491169809492871,2.450633674383847,calm,,0,0.5598063196975247,0.042081764444907035
2021-12-15 00:00:00+00:00,0.0,-1.0,0.2313134216343552,1.265856484498183,0.034911692404539375,2.4465046417496734,calm,,0,0.5598063196975247,0.042081764444907035
2021-12-16 00:00:00+00:00,0.0,-1.0,0.2313134216343552,1.4707372134105505,0.03491168671529825,2.4548423871605443,calm,,0,0.5598063196975247,0.042081764444907035
2021-12-17 00:00:00+00:00,0.0,-1.0,0.2313134216343552,1.1146117635762192,0.03491168102720511,2.4434564867125386,calm,,0,0.5598063196975247,0.042081764444907035
2021-12-20 00:00:00+00:00,0.0,-1.0,0.2313134216343552,1.2661817465720764,0.034911675340259726,2.4498503800963514,calm,,0,0.5598063196975247,0.042081764444907035
2021-12-21 00:00:00+00:00,0.0,-1.0,0.2313134216343552,1.327219435952748,0.034911669654461866,2.453065802359218,calm,,0,0.5598063196975247,0.042081764444907035
2021-12-22 00:00:00+00:00,0.0,-1.0,0.2313134216343552,1.3075291319751732,0.03491166396981129,2.4536810696237126,calm,,0,0.5598063196975247,0.042081764444907035
2021-12-23 00:00:00+00:00,0.0,-1.0,0.2313134216343552,1.3329664753535602,0.034911658286307774,2.455641760643358,calm,,0,0.5598063196975247,0.042081764444907035
2021-12-27 00:00:00+00:00,0.0,-1.0,0.2313134216343552,1.630670886032258,0.034911652603951085,2.4666075815568185,calm,,0,0.5598063196975247,0.042081764444907035
2021-12-28 00:00:00+00:00,0.0,-1.0,0.2313134216343552,1.632433506315807,0.03491164692274099,2.467641476042554,calm,,0,0.5598063196975247,0.042081764444907035
2021-12-29 00:00:00+00:00,0.0,-1.0,0.2313134216343552,1.5389222607089539,0.03491164124267727,2.4657843597531333,calm,,0,0.5598063196975247,0.042081764444907035
2021-12-30 00:00:00+00:00,0.0,-1.0,0.2313134216343552,1.5276232026885221,0.03491163556375967,2.466196690175084,calm,,0,0.5598063196975247,0.042081764444907035
2021-12-31 00:00:00+00:00,0.0,-1.0,0.2313134216343552,1.3666955188074652,0.03491162988598798,2.462265886813105,calm,,0,0.5598063196975247,0.042081764444907035
2022-01-03 00:00:00+00:00,0.0,0.0,0.0,1.200519213457085,0.033579646239734404,2.4819944482957874,normal,,0,0.5540267638063912,0.04437838316610441
2022-01-04 00:00:00+00:00,0.0,0.0,0.0,1.0798599993659062,0.03357964328745408,2.4792321752904116,calm,,0,0.5540267638063912,0.04437838316610441
2022-01-05 00:00:00+00:00,0.0,0.0,0.0,1.0680352913044309,0.033579640335468966,2.4796872801929815,calm,,0,0.5540267638063912,0.04437838316610441
2022-01-06 00:00:00+00:00,0.0,0.0,0.0,0.9558422081142491,0.033579637383779046,2.4772137345251064,calm,,0,0.5540267638063912,0.04437838316610441
2022-01-07 00:00:00+00:00,0.0,0.0,0.0,1.189903507234452,0.03357963443238427,2.4841936162882696,calm,,0,0.5540267638063912,0.04437838316610441
2022-01-10 00:00:00+00:00,0.0,0.0,0.0,1.2586443787310213,0.03357963148128462,2.4867774088705716,calm,,0,0.5540267638063912,0.04437838316610441
2022-01-11 00:00:00+00:00,0.0,0.0,0.0,1.2596341679209797,0.03357962853048007,2.48758484647813,calm,,0,0.5540267638063912,0.04437838316610441
2022-01-12 00:00:00+00:00,0.0,0.0,0.0,1.1451893082287887,0.03357962557997059,2.485397625846061,calm,,0,0.5540267638063912,0.04437838316610441
2022-01-13 00:00:00+00:00,0.0,0.0,0.0,1.0399986357161666,0.03357962262975613,2.4833970836459676,calm,,0,0.5540267638063912,0.04437838316610441
2022-01-14 00:00:00+00:00,0.0,0.0,0.0,1.2332059196569805,0.03357961967983669,2.488875419598857,calm,,0,0.5540267638063912,0.04437838316610441
2022-01-18 00:00:00+00:00,0.0,0.0,0.0,1.0391771342589966,0.033579616730212224,2.4850836806140375,calm,,0,0.5540267638063912,0.04437838316610441
2022-01-19 00:00:00+00:00,0.0,0.0,0.0,0.8769498004068047,0.03357961378088271,2.481923237187274,calm,,0,0.5540267638063912,0.04437838316610441
2022-01-20 00:00:00+00:00,0.0,0.0,0.0,0.5698347830248927,0.03357961083184811,2.475228633526139,calm,,0,0.5540267638063912,0.04437838316610441
2022-01-21 00:00:00+00:00,0.0,0.0,0.0,0.4829653670068117,0.033579607883108396,2.4737587777063164,calm,,0,0.5540267638063912,0.04437838316610441
2022-01-24 00:00:00+00:00,0.0,0.0,0.0,0.2593838218553711,0.03357960493466355,2.4692235410502485,calm,,0,0.5540267638063912,0.04437838316610441
2022-01-25 00:00:00+00:00,-1.0,-1.0,0.15513635862117714,1.2935864614660582,0.03358060188651852,2.4926988756923234,calm,,1,0.5540267638063912,0.04437838316610441
2022-01-26 00:00:00+00:00,0.0,-1.0,0.15513635862117714,1.8863107772154144,0.0335805988386783,2.5061689085713943,calm,,0,0.5540267638063912,0.04437838316610441
2022-01-27 00:00:00+00:00,0.0,-1.0,0.15513635862117714,2.1796259297337546,0.033580595791142843,2.514166514261522,calm,,0,0.5540267638063912,0.04437838316610441
2022-01-28 00:00:00+00:00,0.0,-1.0,0.15513635862117714,0.45109212001352844,0.03358159264391713,2.478000129649339,calm,,1,0.5540267638063912,0.04437838316610441
2022-01-31 00:00:00+00:00,0.0,-1.0,0.15513635862117714,0.2848254605296535,0.03358158949700612,2.4750644904227372,calm,,0,0.5540267638063912,0.04437838316610441
2022-02-01 00:00:00+00:00,0.0,-1.0,0.15513635862117714,0.002491337107105477,0.03358158635040978,2.4699954122499475,calm,,0,0.5540267638063912,0.04437838316610441
2022-02-02 00:00:00+00:00,0.0,-1.0,0.15513635862117714,0.3232056756259124,0.033581583204128095,2.4769214137120477,calm,,0,0.5540267638063912,0.04437838316610441
2022-02-03 00:00:00+00:00,2.0,0.0,0.0,0.06157902852656597,0.03358158005816102,2.4726366647163927,calm,mean_reversion,0,0.5540267638063912,0.04437838316610441
2022-02-04 00:00:00+00:00,0.0,0.0,0.0,0.06307462236596123,0.033581576912508515,2.473375046916449,calm,,0,0.5540267638063912,0.04437838316610441
2022-02-07 00:00:00+00:00,0.0,0.0,0.0,0.8442858751184963,0.033581573767170574,2.486993070072246,calm,,0,0.5540267638063912,0.04437838316610441
2022-02-08 00:00:00+00:00,0.0,0.0,0.0,0.6678724524628303,0.033581570622147144,2.4844248831030336,calm,,0,0.5540267638063912,0.04437838316610441
2022-02-09 00:00:00+00:00,-1.0,-1.0,0.25,2.01900708974664,0.0335815674774382,2.5046469312025446,calm,,0,0.5540267638063912,0.04437838316610441
2022-02-10 00:00:00+00:00,0.0,-1.0,0.25,1.531869928428125,0.03358156433304371,2.498080366898642,calm,,0,0.5540267638063912,0.04437838316610441
2022-02-11 00:00:00+00:00,0.0,-1.0,0.25,2.0105325346559133,0.033581561188963646,2.505891228260508,calm,,0,0.5540267638063912,0.04437838316610441
2022-02-14 00:00:00+00:00,0.0,-1.0,0.25,1.8594377944036835,0.033581558045197975,2.5048356188251555,calm,,0,0.5540267638063912,0.04437838316610441
2022-02-15 00:00:00+00:00,0.0,-1.0,0.25,0.6315080277962185,0.03358155490174666,2.4875812526403864,calm,,0,0.5540267638063912,0.04437838316610441
2022-02-16 00:00:00+00:00,0.0,-1.0,0.25,0.4821564220004127,0.03358155175860968,2.485795956984694,calm,,0,0.5540267638063912,0.04437838316610441
2022-02-17 00:00:00+00:00,0.0,-1.0,0.25,-0.09257495358725981,0.033581548615787,2.4788486884002623,calm,,0,0.5540267638063912,0.04437838316610441
2022-02-18 00:00:00+00:00,0.0,-1.0,0.25,0.386972609738536,0.03358154547327858,2.4851288553434343,calm,,0,0.5540267638063912,0.04437838316610441
2022-02-22 00:00:00+00:00,0.0,-1.0,0.25,0.23320789207527862,0.0335815423310844,2.4835938818205068,calm,,0,0.5540267638063912,0.04437838316610441
2022-02-23 00:00:00+00:00,0.0,-1.0,0.25,2.112625619806837,0.033581539189204423,2.5058923710678984,calm,,0,0.5540267638063912,0.04437838316610441
2022-02-24 00:00:00+00:00,0.0,-1.0,0.25,2.0424959141922225,0.03358153604763862,2.506186993581261,calm,,0,0.5540267638063912,0.04437838316610441
2022-02-25 00:00:00+00:00,0.0,-1.0,0.25,3.97965414019387,0.03358253280639195,2.530257478396701,calm,,1,0.5540267638063912,0.04437838316610441
2022-02-28 00:00:00+00:00,2.0,0.0,0.0,5.29081573416703,0.03358252956546939,2.553456898231157,calm,emergency_stop,0,0.5540267638063912,0.04437838316610441
2022-03-01 00:00:00+00:00,-1.0,-1.0,0.25,6.874248632562622,0.033582526324870916,2.5915350797657783,calm,,0,0.5540267638063912,0.04437838316610441
2022-03-02 00:00:00+00:00,0.0,-1.0,0.25,5.85832727562524,0.03358252308459648,2.6074076302679803,calm,,0,0.5540267638063912,0.04437838316610441
2022-03-03 00:00:00+00:00,0.0,-1.0,0.25,4.958831999450131,0.03358251984464605,2.6161312829475456,calm,,0,0.5540267638063912,0.04437838316610441
2022-03-04 00:00:00+00:00,0.0,-1.0,0.25,3.9918919101481882,0.03358251660501961,2.612506340705105,calm,,0,0.5540267638063912,0.04437838316610441
2022-03-07 00:00:00+00:00,0.0,-1.0,0.25,3.453199526325361,0.033582513365717104,2.611329651719462,calm,,0,0.5540267638063912,0.04437838316610441
2022-03-08 00:00:00+00:00,0.0,-1.0,0.25,4.3473510650575955,0.03358351002674352,2.6575416525018296,calm,,1,0.5540267638063912,0.04437838316610441
2022-03-09 00:00:00+00:00,0.0,-1.0,0.25,3.901625560283183,0.033583506688103816,2.6649008607685447,calm,,0,0.5540267638063912,0.04437838316610441
2022-03-10 00:00:00+00:00,0.0,-1.0,0.25,3.681134269288794,0.033583503349797955,2.67694945909481,calm,,0,0.5540267638063912,0.04437838316610441
2022-03-11 00:00:00+00:00,0.0,-1.0,0.25,3.3299345416923174,0.03358350001182591,2.6800050732261487,calm,,0,0.5540267638063912,0.04437838316610441
2022-03-14 00:00:00+00:00,0.0,-1.0,0.25,2.9424459347984104,0.03358349667418765,2.6762640885829505,calm,,0,0.5540267638063912,0.04437838316610441
2022-03-15 00:00:00+00:00,0.0,-1.0,0.25,2.329731965689782,0.033584493236888134,2.653593917916268,calm,,1,0.5540267638063912,0.04437838316610441
2022-03-16 00:00:00+00:00,0.0,-1.0,0.25,2.2132386587107544,0.033584489799932324,2.654985693247516,calm,,0,0.5540267638063912,0.04437838316610441
2022-03-17 00:00:00+00:00,0.0,-1.0,0.25,2.1518875766192207,0.033584486363320204,2.65893610720378,calm,,0,0.5540267638063912,0.04437838316610441
2022-03-18 00:00:00+00:00,0.0,-1.0,0.25,2.083263193992141,0.03358448292705172,2.662088001934417,calm,,0,0.5540267638063912,0.04437838316610441
2022-03-21 00:00:00+00:00,0.0,-1.0,0.25,1.9856956339700866,0.03358447949112685,2.6628050897535673,calm,,0,0.5540267638063912,0.04437838316610441
2022-03-22 00:00:00+00:00,0.0,-1.0,0.25,1.839815986037916,0.03358447605554555,2.659352639932129,calm,,0,0.5540267638063912,0.04437838316610441
2022-03-23 00:00:00+00:00,0.0,-1.0,0.25,1.79222543793111,0.033584472620307795,2.661965539098605,calm,,0,0.5540267638063912,0.04437838316610441
2022-03-24 00:00:00+00:00,0.0,-1.0,0.25,1.7236493455039588,0.033584469185413544,2.6627783834683996,calm,,0,0.5540267638063912,0.04437838316610441
2022-03-25 00:00:00+00:00,0.0,-1.0,0.25,1.7343082832860175,0.03358446575086277,2.669205686582084,calm,,0,0.5540267638063912,0.04437838316610441
2022-03-28 00:00:00+00:00,0.0,-1.0,0.25,1.6566423700212103,0.033584462316655427,2.6689564391142246,calm,,0,0.5540267638063912,0.04437838316610441
2022-03-29 00:00:00+00:00,0.0,-1.0,0.25,1.4684496519602754,0.03358445888279149,2.6594387049296566,calm,,0,0.5540267638063912,0.04437838316610441
2022-03-30 00:00:00+00:00,0.0,-1.0,0.25,1.3600038164988644,0.033584455449270925,2.6551438536709,calm,,0,0.5540267638063912,0.04437838316610441
2022-03-31 00:00:00+00:00,0.0,-1.0,0.25,1.2071879486497847,0.0335844520160937,2.6466797041152157,calm,,0,0.5540267638063912,0.04437838316610441
2022-04-01 00:00:00+00:00,2.0,0.0,0.0,1.2181258241073873,0.012730288197663898,2.25707793052391,normal,pair_untradeable,0,0.643361415501646,0.05966979520297147
2022-04-04 00:00:00+00:00,0.0,0.0,0.0,1.1852431839871338,0.012722723090004249,2.2577386000523174,calm,,0,0.643361415501646,0.05966979520297147
2022-04-05 00:00:00+00:00,0.0,0.0,0.0,1.1122778327863736,0.012715718175220605,2.2551285810689796,calm,,0,0.643361415501646,0.05966979520297147
2022-04-06 00:00:00+00:00,0.0,0.0,0.0,1.1022627800865503,0.012709231971278281,2.2572432499188815,calm,,0,0.643361415501646,0.05966979520297147
2022-04-07 00:00:00+00:00,0.0,0.0,0.0,1.1075725356042898,0.012703226067868917,2.260553829085407,calm,,0,0.643361415501646,0.05966979520297147
2022-04-08 00:00:00+00:00,0.0,0.0,0.0,1.1059268576611818,0.012697664898950488,2.2633474355461343,calm,,0,0.643361415501646,0.05966979520297147
2022-04-11 00:00:00+00:00,0.0,0.0,0.0,1.056731442139321,0.012692515532130659,2.262334612035551,calm,,0,0.643361415501646,0.05966979520297147
2022-04-12 00:00:00+00:00,0.0,0.0,0.0,1.1200589172463198,0.012687747473646175,2.2702088976914427,calm,,0,0.643361415501646,0.05966979520297147
2022-04-13 00:00:00+00:00,0.0,0.0,0.0,1.1197450161827607,0.012683332487783465,2.273172637802522,calm,,0,0.643361415501646,0.05966979520297147
2022-04-14 00:00:00+00:00,0.0,0.0,0.0,0.9729687692491962,0.012679244429671055,2.2643142039102084,calm,,0,0.643361415501646,0.05966979520297147
2022-04-18 00:00:00+00:00,0.0,0.0,0.0,1.0773735690195119,0.012675459090453643,2.275279882180876,calm,,0,0.643361415501646,0.05966979520297147
2022-04-19 00:00:00+00:00,0.0,0.0,0.0,0.9544215295121702,0.012671954053930953,2.268203353362541,calm,,0,0.643361415501646,0.05966979520297147
2022-04-20 00:00:00+00:00,0.0,0.0,0.0,0.9398549030000835,0.012668708563812425,2.26951382242604,calm,,0,0.643361415501646,0.05966979520297147
2022-04-21 00:00:00+00:00,0.0,0.0,0.0,0.36767888249028297,0.01568168752539569,2.2266991760285357,normal,,1,0.643361415501646,0.05966979520297147
2022-04-22 00:00:00+00:00,0.0,0.0,0.0,0.2746679041269601,0.015455572602977686,2.221122171099467,normal,,0,0.643361415501646,0.05966979520297147
2022-04-25 00:00:00+00:00,0.0,0.0,0.0,0.23524620147619552,0.015246201390549795,2.219554710824592,normal,,0,0.643361415501646,0.05966979520297147
2022-04-26 00:00:00+00:00,0.0,0.0,0.0,0.18871549559211453,0.015052334023793312,2.217364808438631,normal,,0,0.643361415501646,0.05966979520297147
2022-04-27 00:00:00+00:00,0.0,0.0,0.0,-0.12234443157970051,0.014872822449793915,2.1956819245636963,normal,,0,0.643361415501646,0.05966979520297147
2022-04-28 00:00:00+00:00,0.0,0.0,0.0,0.14213444445395396,0.01470660362844778,2.2172476357631488,normal,,0,0.643361415501646,0.05966979520297147
2022-04-29 00:00:00+00:00,0.0,0.0,0.0,-0.18246810489007131,0.014552693237300574,2.1958966940546123,normal,,0,0.643361415501646,0.05966979520297147
2022-05-02 00:00:00+00:00,0.0,0.0,0.0,-0.08769996529667413,0.01441017984254032,2.2047346475082588,normal,,0,0.643361415501646,0.05966979520297147
2022-05-03 00:00:00+00:00,0.0,0.0,0.0,-0.06236796037859375,0.01427821950162567,2.2087016737428735,normal,,0,0.643361415501646,0.05966979520297147
2022-05-04 00:00:00+00:00,0.0,0.0,0.0,-0.030606746577751125,0.014156030765587175,2.2130590900572553,normal,,0,0.643361415501646,0.05966979520297147
2022-05-05 00:00:00+00:00,0.0,0.0,0.0,-0.004125137086212918,0.014042890051405924,2.216820520423692,normal,,0,0.643361415501646,0.05966979520297147
2022-05-06 00:00:00+00:00,0.0,0.0,0.0,0.2288808108358248,0.013938127357065499,2.233309024348648,normal,,0,0.643361415501646,0.05966979520297147
2022-05-09 00:00:00+00:00,0.0,0.0,0.0,-0.07876298703965964,0.013841122293902447,2.21639458077976,normal,,0,0.643361415501646,0.05966979520297147
2022-05-10 00:00:00+00:00,0.0,0.0,0.0,-0.062040063986355434,0.013751300412759428,2.219311303319177,normal,,0,0.643361415501646,0.05966979520297147
2022-05-11 00:00:00+00:00,0.0,0.0,0.0,-0.05308949197323443,0.013668129802185121,2.2216842048002206,normal,,0,0.643361415501646,0.05966979520297147
2022-05-12 00:00:00+00:00,0.0,0.0,0.0,0.20927998773954515,0.013591117938535895,2.2379499136086616,normal,,0,0.643361415501646,0.05966979520297147
2022-05-13 00:00:00+00:00,0.0,0.0,0.0,0.1432030852893635,0.013519808769326078,2.236276399991095,normal,,0,0.643361415501646,0.05966979520297147
2022-05-16 00:00:00+00:00,0.0,0.0,0.0,0.46562519411288,0.013453780012554845,2.2540501910537993,normal,,0,0.643361415501646,0.05966979520297147
2022-05-17 00:00:00+00:00,0.0,0.0,0.0,0.3906570319068954,0.013392640656016742,2.251707003498502,normal,,0,0.643361415501646,0.05966979520297147
2022-05-18 00:00:00+00:00,0.0,0.0,0.0,-0.2867550139067972,0.01635201276638124,2.224431916322038,normal,,1,0.643361415501646,0.05966979520297147
2022-05-19 00:00:00+00:00,0.0,0.0,0.0,-0.6301087491836769,0.01607626055636589,2.214830118015636,normal,,0,0.643361415501646,0.05966979520297147
2022-05-20 00:00:00+00:00,0.0,0.0,0.0,-0.746179480541795,0.01582092767553172,2.2145373336549836,normal,,0,0.643361415501646,0.05966979520297147
2022-05-23 00:00:00+00:00,0.0,0.0,0.0,-0.5999003991439839,0.015584502081584715,2.223335207390552,normal,,0,0.643361415501646,0.05966979520297147
2022-05-24 00:00:00+00:00,0.0,0.0,0.0,-0.6975845550779237,0.01536558369829394,2.223670928236688,normal,,0,0.643361415501646,0.05966979520297147
2022-05-25 00:00:00+00:00,0.0,0.0,0.0,-0.6180208864671562,0.015162876124454074,2.2280507008367194,normal,,0,0.643361415501646,0.05966979520297147
2022-05-26 00:00:00+00:00,0.0,0.0,0.0,-0.28193853601907776,0.014975178956795626,2.237427398684327,normal,,0,0.643361415501646,0.05966979520297147
2022-05-27 00:00:00+00:00,0.0,0.0,0.0,-0.36604413933421254,0.01480138068138025,2.235748757525746,normal,,0,0.643361415501646,0.05966979520297147
2022-05-31 00:00:00+00:00,0.0,0.0,0.0,-0.6839458984435604,0.014640452091385092,2.228014770013614,normal,,0,0.643361415501646,0.05966979520297147
2022-06-01 00:00:00+00:00,0.0,0.0,0.0,-0.9374333889655225,0.014491440192297292,2.221997121811142,normal,,0,0.643361415501646,0.05966979520297147
2022-06-02 00:00:00+00:00,0.0,0.0,0.0,-0.9452482094347787,0.01435346255842614,2.222150683145308,normal,,0,0.643361415501646,0.05966979520297147
2022-06-03 00:00:00+00:00,0.0,0.0,0.0,-0.864064986690493,0.014225702107313009,2.2234582644850214,normal,,0,0.643361415501646,0.05966979520297147
2022-06-06 00:00:00+00:00,0.0,0.0,0.0,-0.9429970151756507,0.014107402261093922,2.220782881611128,normal,,0,0.643361415501646,0.05966979520297147
2022-06-07 00:00:00+00:00,0.0,0.0,0.0,-1.3646896224557634,0.013997862466161082,2.209697273275433,normal,,0,0.643361415501646,0.05966979520297147
2022-06-08 00:00:00+00:00,0.0,0.0,0.0,-1.3875370079320117,0.013896434044591479,2.2081839159054453,normal,,0,0.643361415501646,0.05966979520297147
2022-06-09 00:00:00+00:00,0.0,0.0,0.0,-1.6297628962292154,0.013802516352775381,2.2014001901718943,normal,,0,0.643361415501646,0.05966979520297147
2022-06-10 00:00:00+00:00,0.0,0.0,0.0,-1.5215972795709336,0.013715553224496678,2.2024813757703234,normal,,0,0.643361415501646,0.05966979520297147
2022-06-13 00:00:00+00:00,0.0,0.0,0.0,-2.135560977678264,0.013635029677401565,2.1859863268863995,normal,,0,0.643361415501646,0.05966979520297147
2022-06-14 00:00:00+00:00,0.0,0.0,0.0,-2.085583037776391,0.013560468863351745,2.1846003390406312,normal,,0,0.643361415501646,0.05966979520297147
2022-06-15 00:00:00+00:00,0.0,0.0,0.0,-2.3795193889748796,0.013491429244602645,2.174596088793238,normal,,0,0.643361415501646,0.05966979520297147
2022-06-16 00:00:00+00:00,0.0,0.0,0.0,-3.4777138670526475,0.013427501979084374,2.1419753836844433,normal,,0,0.643361415501646,0.05966979520297147
2022-06-17 00:00:00+00:00,0.0,0.0,0.0,-3.4460446218499365,0.013368308499301484,2.1330901499111623,normal,,0,0.643361415501646,0.05966979520297147
2022-06-21 00:00:00+00:00,0.0,0.0,0.0,-3.1548895510542345,0.013313498270514115,2.131819493519936,normal,,0,0.643361415501646,0.05966979520297147
2022-06-22 00:00:00+00:00,0.0,0.0,0.0,-3.4731722102424,0.013262746714924839,2.112428949578774,normal,,0,0.643361415501646,0.05966979520297147
2022-06-23 00:00:00+00:00,0.0,0.0,0.0,-3.49057081087703,0.01321575328957857,2.099874893507451,calm,,0,0.643361415501646,0.05966979520297147
2022-06-24 00:00:00+00:00,0.0,0.0,0.0,-3.0110870424036067,0.013172239706593102,2.1054597196796547,calm,,0,0.643361415501646,0.05966979520297147
2022-06-27 00:00:00+00:00,0.0,0.0,0.0,-2.6934872642514085,0.013131948285180823,2.108630914977268,calm,,0,0.643361415501646,0.05966979520297147
2022-06-28 00:00:00+00:00,0.0,0.0,0.0,-2.591385638114893,0.013094640425702457,2.1049607612599153,calm,,0,0.643361415501646,0.05966979520297147
2022-06-29 00:00:00+00:00,0.0,0.0,0.0,-2.291417629166576,0.01306009519671649,2.1106701816704723,calm,,0,0.643361415501646,0.05966979520297147
2022-06-30 00:00:00+00:00,0.0,0.0,0.0,-2.2096728301690485,0.013028108026656916,2.1084405956254284,calm,,0,0.643361415501646,0.05966979520297147
2022-07-01 00:00:00+00:00,2.0,0.0,0.0,-2.066532744036782,0.015318299118062727,2.0936192263737006,normal,pair_untradeable,0,0.646912667236801,0.07292398282513791
2022-07-05 00:00:00+00:00,0.0,0.0,0.0,-2.080949767112174,0.015318289199205037,2.0877877547377057,calm,,0,0.646912667236801,0.07292398282513791
2022-07-06 00:00:00+00:00,0.0,0.0,0.0,-1.9876439733119695,0.015318279281339183,2.087267772059328,calm,,0,0.646912667236801,0.07292398282513791
2022-07-07 00:00:00+00:00,0.0,0.0,0.0,-1.9543142852007664,0.015318269364465066,2.0841946206831063,calm,,0,0.646912667236801,0.07292398282513791
2022-07-08 00:00:00+00:00,0.0,0.0,0.0,-1.9437460063927905,0.015318259448582588,2.0801098434353382,calm,,0,0.646912667236801,0.07292398282513791
2022-07-11 00:00:00+00:00,0.0,0.0,0.0,-2.010878386024217,0.015318249533691647,2.071822464976392,calm,,0,0.646912667236801,0.07292398282513791
2022-07-12 00:00:00+00:00,0.0,0.0,0.0,-2.059283666039027,0.015318239619792147,2.0643218273590973,calm,,0,0.646912667236801,0.07292398282513791
2022-07-13 00:00:00+00:00,0.0,0.0,0.0,-2.128633124483161,0.015318229706883986,2.0554222135862195,calm,,0,0.646912667236801,0.07292398282513791
2022-07-14 00:00:00+00:00,0.0,0.0,0.0,-2.077641132797046,0.015318219794967067,2.052565420523204,calm,,0,0.646912667236801,0.07292398282513791
2022-07-15 00:00:00+00:00,0.0,0.0,0.0,-1.9945673089734974,0.01531820988404129,2.0522389886841554,calm,,0,0.646912667236801,0.07292398282513791
2022-07-18 00:00:00+00:00,0.0,0.0,0.0,-1.8265308223290009,0.015318199974106557,2.057171789013682,calm,,0,0.646912667236801,0.07292398282513791
2022-07-19 00:00:00+00:00,0.0,0.0,0.0,-1.4337871788880185,0.015318190065162766,2.0763189741193644,calm,,0,0.646912667236801,0.07292398282513791
2022-07-20 00:00:00+00:00,0.0,0.0,0.0,-1.2876254649773464,0.015318180157209822,2.0818943991265644,calm,,0,0.646912667236801,0.07292398282513791
2022-07-21 00:00:00+00:00,0.0,0.0,0.0,-1.1847226680209555,0.015318170250247622,2.085389358286066,calm,,0,0.646912667236801,0.07292398282513791
2022-07-22 00:00:00+00:00,0.0,0.0,0.0,-1.2118870491429605,0.01531816034427607,2.08134111221226,calm,,0,0.646912667236801,0.07292398282513791
2022-07-25 00:00:00+00:00,0.0,0.0,0.0,-1.0465827734193085,0.015318150439295065,2.088900609591955,calm,,0,0.646912667236801,0.07292398282513791
2022-07-26 00:00:00+00:00,0.0,0.0,0.0,-1.1466076409837702,0.015318140535304508,2.0807940752850493,calm,,0,0.646912667236801,0.07292398282513791
2022-07-27 00:00:00+00:00,0.0,0.0,0.0,-1.0738558540563325,0.015318130632304302,2.082922212617561,calm,,0,0.646912667236801,0.07292398282513791
2022-07-28 00:00:00+00:00,0.0,0.0,0.0,-1.0380070467338751,0.015318120730294345,2.083047346659013,calm,,0,0.646912667236801,0.07292398282513791
2022-07-29 00:00:00+00:00,0.0,0.0,0.0,-0.060597081883509187,0.015324618767159542,2.141887580088038,calm,,1,0.646912667236801,0.07292398282513791
2022-08-01 00:00:00+00:00,0.0,0.0,0.0,-0.11049295039542147,0.015324608216368541,2.137963183276969,calm,,0,0.646912667236801,0.07292398282513791
2022-08-02 00:00:00+00:00,0.0,0.0,0.0,-0.21802116734527824,0.015324597666632566,2.1303914303233378,calm,,0,0.646912667236801,0.07292398282513791
2022-08-03 00:00:00+00:00,0.0,0.0,0.0,-0.2317278014803422,0.01532458711795151,2.1284733026452782,calm,,0,0.646912667236801,0.07292398282513791
2022-08-04 00:00:00+00:00,0.0,0.0,0.0,-0.2153648480467766,0.015324576570325269,2.12815996899088,calm,,0,0.646912667236801,0.07292398282513791
2022-08-05 00:00:00+00:00,0.0,0.0,0.0,-0.07006045056038925,0.01532456602375374,2.135769277339606,calm,,0,0.646912667236801,0.07292398282513791
2022-08-08 00:00:00+00:00,0.0,0.0,0.0,-0.127562404703218,0.015324555478236815,2.1312662793698176,calm,,0,0.646912667236801,0.07292398282513791
2022-08-09 00:00:00+00:00,0.0,0.0,0.0,-0.11745486961845959,0.015324544933774388,2.130700053284422,calm,,0,0.646912667236801,0.07292398282513791
2022-08-10 00:00:00+00:00,0.0,0.0,0.0,-0.17558876723268427,0.015324534390366355,2.1259471865629362,calm,,0,0.646912667236801,0.07292398282513791
2022-08-11 00:00:00+00:00,0.0,0.0,0.0,0.14821458793724399,0.01532452384801261,2.142892719394609,calm,,0,0.646912667236801,0.07292398282513791
2022-08-12 00:00:00+00:00,0.0,0.0,0.0,0.04010757710887721,0.015324513306713047,2.1351209298645215,calm,,0,0.646912667236801,0.07292398282513791
2022-08-15 00:00:00+00:00,0.0,0.0,0.0,-0.027001527717354038,0.015324502766467563,2.1298015489981412,calm,,0,0.646912667236801,0.07292398282513791
2022-08-16 00:00:00+00:00,0.0,0.0,0.0,0.057050556150655025,0.015324492227276049,2.1329153110254326,calm,,0,0.646912667236801,0.07292398282513791
2022-08-17 00:00:00+00:00,0.0,0.0,0.0,0.1596781896698846,0.015324481689138404,2.137062012171503,calm,,0,0.646912667236801,0.07292398282513791
2022-08-18 00:00:00+00:00,0.0,0.0,0.0,0.02363308142568103,0.015324471152054518,2.129007354081646,calm,,0,0.646912667236801,0.07292398282513791
2022-08-19 00:00:00+00:00,0.0,0.0,0.0,-0.13038468232046002,0.015324460616024287,2.1200299916739196,calm,,0,0.646912667236801,0.07292398282513791
2022-08-22 00:00:00+00:00,0.0,0.0,0.0,-0.19808571586215093,0.015324450081047608,2.1154373899085614,calm,,0,0.646912667236801,0.07292398282513791
2022-08-23 00:00:00+00:00,0.0,0.0,0.0,0.01768568600311738,0.015324439547124374,2.124274192824752,calm,,0,0.646912667236801,0.07292398282513791
2022-08-24 00:00:00+00:00,0.0,0.0,0.0,0.074461450695433,0.015324429014254478,2.125204254921507,calm,,0,0.646912667236801,0.07292398282513791
2022-08-25 00:00:00+00:00,0.0,0.0,0.0,0.22949842926831426,0.015324418482437818,2.1302465957748833,calm,,0,0.646912667236801,0.07292398282513791
2022-08-26 00:00:00+00:00,0.0,0.0,0.0,0.2602341687683179,0.015324407951674286,2.1297924841688647,calm,,0,0.646912667236801,0.07292398282513791
2022-08-29 00:00:00+00:00,0.0,0.0,0.0,0.14756871959232,0.015324397421963778,2.12357974414564,calm,,0,0.646912667236801,0.07292398282513791
2022-08-30 00:00:00+00:00,0.0,0.0,0.0,0.20089467187266807,0.015324386893306188,2.124019562679438,calm,,0,0.646912667236801,0.07292398282513791
2022-08-31 00:00:00+00:00,0.0,0.0,0.0,-0.0626664428701506,0.015324376365701413,2.1125673533526883,calm,,0,0.646912667236801,0.07292398282513791
2022-09-01 00:00:00+00:00,0.0,0.0,0.0,-0.1694978233193334,0.015324365839149343,2.107434999454186,calm,,0,0.646912667236801,0.07292398282513791
2022-09-02 00:00:00+00:00,0.0,0.0,0.0,-0.03721629975026266,0.015324355313649878,2.110673698394736,calm,,0,0.646912667236801,0.07292398282513791
2022-09-06 00:00:00+00:00,0.0,0.0,0.0,-0.0025976184942047495,0.01532434478920291,2.11047835601674,calm,,0,0.646912667236801,0.07292398282513791
2022-09-07 00:00:00+00:00,0.0,0.0,0.0,-0.1411082444622584,0.015324334265808332,2.1050878211792217,calm,,0,0.646912667236801,0.07292398282513791
2022-09-08 00:00:00+00:00,0.0,0.0,0.0,-0.17740471466609792,0.015324323743466043,2.102958315347763,calm,,0,0.646912667236801,0.07292398282513791
2022-09-09 00:00:00+00:00,0.0,0.0,0.0,0.42838136683126565,0.015324313222175935,2.11844437333813,calm,,0,0.646912667236801,0.07292398282513791
2022-09-12 00:00:00+00:00,0.0,0.0,0.0,0.8051453552011794,0.015324302701937903,2.1268527541949633,calm,,0,0.646912667236801,0.07292398282513791
2022-09-13 00:00:00+00:00,0.0,0.0,0.0,0.7234263927692267,0.015324292182751843,2.1236529504116146,calm,,0,0.646912667236801,0.07292398282513791
2022-09-14 00:00:00+00:00,0.0,0.0,0.0,1.0911585671573074,0.015324281664617648,2.1328118261951006,calm,,0,0.646912667236801,0.07292398282513791
2022-09-15 00:00:00+00:00,0.0,0.0,0.0,1.0795482407882084,0.015324271147535215,2.132999341394215,calm,,0,0.646912667236801,0.07292398282513791
2022-09-16 00:00:00+00:00,0.0,0.0,0.0,0.4007409631523381,0.015324260631504437,2.116217343443695,calm,,0,0.646912667236801,0.07292398282513791
2022-09-19 00:00:00+00:00,0.0,0.0,0.0,0.6237919788295601,0.015324250116525209,2.1222311830658733,calm,,0,0.646912667236801,0.07292398282513791
2022-09-20 00:00:00+00:00,0.0,0.0,0.0,0.638630263554434,0.015324239602597427,2.123188452573664,calm,,0,0.646912667236801,0.07292398282513791
2022-09-21 00:00:00+00:00,0.0,0.0,0.0,0.7587149069418356,0.015324229089720986,2.1267837948047523,calm,,0,0.646912667236801,0.07292398282513791
2022-09-22 00:00:00+00:00,0.0,0.0,0.0,0.7766239644772398,0.015324218577895779,2.127840784867988,calm,,0,0.646912667236801,0.07292398282513791
2022-09-23 00:00:00+00:00,0.0,0.0,0.0,-0.4494358456824655,0.015330716005006705,2.0973191749883995,calm,,1,0.646912667236801,0.07292398282513791
2022-09-26 00:00:00+00:00,0.0,0.0,0.0,-1.0108328141490388,0.015330704844522402,2.0831112058633185,calm,,0,0.646912667236801,0.07292398282513791
2022-09-27 00:00:00+00:00,0.0,0.0,0.0,-1.4094402060642073,0.015330693685154094,2.072641714692101,calm,,0,0.646912667236801,0.07292398282513791
2022-09-28 00:00:00+00:00,0.0,0.0,0.0,-1.0978793240368803,0.015330682526901665,2.079862619144741,calm,,0,0.646912667236801,0.07292398282513791
2022-09-29 00:00:00+00:00,0.0,0.0,0.0,-1.3334995235896718,0.015330671369765007,2.0734635881237438,calm,,0,0.646912667236801,0.07292398282513791
2022-09-30 00:00:00+00:00,0.0,0.0,0.0,-1.1351043341059643,0.015330660213744006,2.0781124903136927,calm,,0,0.646912667236801,0.07292398282513791
2022-10-03 00:00:00+00:00,2.0,0.0,0.0,-0.44612500935481353,0.018485723657095037,2.0215900700013805,normal,pair_untradeable,0,0.6634510024108705,0.07290330247950502
2022-10-04 00:00:00+00:00,0.0,0.0,0.0,0.16131629452293547,0.0184856264681863,2.037485421447265,normal,,0,0.6634510024108705,0.07290330247950502
2022-10-05 00:00:00+00:00,0.0,0.0,0.0,-0.622482714904249,0.018485529288995967,2.018324180791941,normal,,0,0.6634510024108705,0.07290330247950502
2022-10-06 00:00:00+00:00,0.0,0.0,0.0,-0.7201761256290578,0.018485432119523068,2.016713054778208,normal,,0,0.6634510024108705,0.07290330247950502
2022-10-07 00:00:00+00:00,0.0,0.0,0.0,-0.8406646600122278,0.018485334959766633,2.015045458998085,normal,,0,0.6634510024108705,0.07290330247950502
2022-10-10 00:00:00+00:00,0.0,0.0,0.0,-1.2714762395288701,0.018485237809725684,2.0066483536633175,normal,,0,0.6634510024108705,0.07290330247950502
2022-10-11 00:00:00+00:00,0.0,0.0,0.0,-0.9907842381428947,0.018485140669399255,2.014412042480544,normal,,0,0.6634510024108705,0.07290330247950502
2022-10-12 00:00:00+00:00,0.0,0.0,0.0,-0.9968762576282875,0.018485043538786373,2.0157062439776845,normal,,0,0.6634510024108705,0.07290330247950502
2022-10-13 00:00:00+00:00,0.0,0.0,0.0,0.15547731442654375,0.018484946417886068,2.0400535235189543,normal,,0,0.6634510024108705,0.07290330247950502
2022-10-14 00:00:00+00:00,0.0,0.0,0.0,-0.5063691060505167,0.018484849306697367,2.027094737364398,normal,,0,0.6634510024108705,0.07290330247950502
2022-10-17 00:00:00+00:00,0.0,0.0,0.0,-0.5565910876036101,0.018484752205219297,2.0264701449238958,normal,,0,0.6634510024108705,0.07290330247950502
2022-10-18 00:00:00+00:00,0.0,0.0,0.0,-0.3060518557483297,0.01848465511345089,2.0319189185977065,normal,,0,0.6634510024108705,0.07290330247950502
2022-10-19 00:00:00+00:00,0.0,0.0,0.0,0.24237245199123683,0.018484558031391176,2.0429780506542743,normal,,0,0.6634510024108705,0.07290330247950502
2022-10-20 00:00:00+00:00,0.0,0.0,0.0,0.5578814863090444,0.018484460959039183,2.049494920358991,normal,,0,0.6634510024108705,0.07290330247950502
2022-10-21 00:00:00+00:00,0.0,0.0,0.0,1.1217854735982942,0.01848436389639394,2.0605024413888526,normal,,0,0.6634510024108705,0.07290330247950502
2022-10-24 00:00:00+00:00,0.0,0.0,0.0,0.7731025530048223,0.018484266843454472,2.054650553056642,normal,,0,0.6634510024108705,0.07290330247950502
2022-10-25 00:00:00+00:00,0.0,0.0,0.0,1.9215897870101937,0.018484169800219816,2.0751746234388047,normal,,0,0.6634510024108705,0.07290330247950502
2022-10-26 00:00:00+00:00,0.0,0.0,0.0,1.9233365828806428,0.018484072766688998,2.0760455244987184,normal,,0,0.6634510024108705,0.07290330247950502
2022-10-27 00:00:00+00:00,0.0,0.0,0.0,2.190507603433165,0.018483975742861047,2.0823669630396537,normal,,0,0.6634510024108705,0.07290330247950502
2022-10-28 00:00:00+00:00,0.0,0.0,0.0,1.455118533231794,0.018483878728734995,2.0698668809726204,normal,,0,0.6634510024108705,0.07290330247950502
2022-10-31 00:00:00+00:00,0.0,0.0,0.0,1.669503667245607,0.01848378172430987,2.0748010106541424,normal,,0,0.6634510024108705,0.07290330247950502
2022-11-01 00:00:00+00:00,0.0,0.0,0.0,1.7003065090765221,0.018483684729584702,2.0761361826040905,normal,,0,0.6634510024108705,0.07290330247950502
2022-11-02 00:00:00+00:00,0.0,0.0,0.0,1.2220452809657087,0.01848358774455852,2.067257563216208,normal,,0,0.6634510024108705,0.07290330247950502
2022-11-03 00:00:00+00:00,0.0,0.0,0.0,1.2870615803751044,0.01848349076923036,2.06901229094872,normal,,0,0.6634510024108705,0.07290330247950502
2022-11-04 00:00:00+00:00,0.0,0.0,0.0,1.727160809611768,0.018483393803599247,2.0789019688124166,normal,,0,0.6634510024108705,0.07290330247950502
2022-11-07 00:00:00+00:00,0.0,0.0,0.0,1.9175583437880317,0.01848329684766421,2.083613767596875,normal,,0,0.6634510024108705,0.07290330247950502
2022-11-08 00:00:00+00:00,0.0,0.0,0.0,1.6818201016302436,0.01848319990142428,2.0798812407561376,normal,,0,0.6634510024108705,0.07290330247950502
2022-11-09 00:00:00+00:00,0.0,0.0,0.0,1.0886395840942187,0.018483102964878494,2.0678285487422254,normal,,0,0.6634510024108705,0.07290330247950502
2022-11-10 00:00:00+00:00,0.0,0.0,0.0,1.6447707817206516,0.018483006038025877,2.0806358347796294,normal,,0,0.6634510024108705,0.07290330247950502
2022-11-11 00:00:00+00:00,0.0,0.0,0.0,1.820295157645697,0.01848290912086546,2.0855738734922515,normal,,0,0.6634510024108705,0.07290330247950502
2022-11-14 00:00:00+00:00,0.0,0.0,0.0,1.961738175599886,0.018482812213396274,2.0904952209488323,normal,,0,0.6634510024108705,0.07290330247950502
2022-11-15 00:00:00+00:00,0.0,0.0,0.0,2.031652548164851,0.01848271531561735,2.0943972309155776,normal,,0,0.6634510024108705,0.07290330247950502
2022-11-16 00:00:00+00:00,0.0,0.0,0.0,1.5498151957842679,0.01848261842752772,2.084900962777891,normal,,0,0.6634510024108705,0.07290330247950502
2022-11-17 00:00:00+00:00,0.0,0.0,0.0,1.046980142047799,0.018482521549126413,2.073466150513493,normal,,0,0.6634510024108705,0.07290330247950502
2022-11-18 00:00:00+00:00,0.0,0.0,0.0,1.2039616795249715,0.018482424680412463,2.0781460654812194,normal,,0,0.6634510024108705,0.07290330247950502
2022-11-21 00:00:00+00:00,0.0,0.0,0.0,1.134356405168247,0.0184823278213849,2.0770894064808036,normal,,0,0.6634510024108705,0.07290330247950502
2022-11-22 00:00:00+00:00,0.0,0.0,0.0,1.2616680585262656,0.018482230972042758,2.0811193473263683,normal,,0,0.6634510024108705,0.07290330247950502
2022-11-23 00:00:00+00:00,0.0,0.0,0.0,1.033677130530349,0.018482134132385062,2.0760511103609685,normal,,0,0.6634510024108705,0.07290330247950502
2022-11-25 00:00:00+00:00,0.0,0.0,0.0,0.9631851475341726,0.01848203730241085,2.074862044246303,normal,,0,0.6634510024108705,0.07290330247950502
2022-11-28 00:00:00+00:00,0.0,0.0,0.0,0.6520787159055937,0.018481940482119152,2.067241217435238,normal,,0,0.6634510024108705,0.07290330247950502
2022-11-29 00:00:00+00:00,0.0,0.0,0.0,0.9167152107224136,0.018481843671508996,2.074967460667832,normal,,0,0.6634510024108705,0.07290330247950502
2022-11-30 00:00:00+00:00,0.0,0.0,0.0,1.2786986255394182,0.018481746870579418,2.0855493192278165,normal,,0,0.6634510024108705,0.07290330247950502
2022-12-01 00:00:00+00:00,0.0,0.0,0.0,1.1869427943040656,0.01848165007932945,2.084238072844441,normal,,0,0.6634510024108705,0.07290330247950502
2022-12-02 00:00:00+00:00,0.0,0.0,0.0,0.9611574826638544,0.01848155329775812,2.079115048161065,normal,,0,0.6634510024108705,0.07290330247950502
2022-12-05 00:00:00+00:00,0.0,0.0,0.0,0.706512668223937,0.01848145652586447,2.072961299050962,normal,,0,0.6634510024108705,0.07290330247950502
2022-12-06 00:00:00+00:00,0.0,0.0,0.0,0.41567154888174723,0.01848135976364752,2.06547526350684,normal,,0,0.6634510024108705,0.07290330247950502
2022-12-07 00:00:00+00:00,0.0,0.0,0.0,0.5981916509161411,0.018481263011106308,2.070784128242195,normal,,0,0.6634510024108705,0.07290330247950502
2022-12-08 00:00:00+00:00,0.0,0.0,0.0,0.696225277436888,0.018481166268239868,2.0739229212194963,normal,,0,0.6634510024108705,0.07290330247950502
2022-12-09 00:00:00+00:00,0.0,0.0,0.0,-0.33234910591725897,0.01848106953504723,2.0456165729965425,normal,,0,0.6634510024108705,0.07290330247950502
2022-12-12 00:00:00+00:00,0.0,0.0,0.0,-0.568074942755903,0.01848097281152743,2.0388312235029793,normal,,0,0.6634510024108705,0.07290330247950502
2022-12-13 00:00:00+00:00,0.0,0.0,0.0,-0.05071135464846698,0.018480876097679497,2.053220991067579,normal,,0,0.6634510024108705,0.07290330247950502
2022-12-14 00:00:00+00:00,0.0,0.0,0.0,-0.07732703575933139,0.018480779393502466,2.0525790088964255,normal,,0,0.6634510024108705,0.07290330247950502
2022-12-15 00:00:00+00:00,0.0,0.0,0.0,-0.11736977279884535,0.018480682698995367,2.051533689319785,normal,,0,0.6634510024108705,0.07290330247950502
2022-12-16 00:00:00+00:00,0.0,0.0,0.0,-0.30407836278788825,0.018480586014157235,2.046315056981165,normal,,0,0.6634510024108705,0.07290330247950502
2022-12-19 00:00:00+00:00,0.0,0.0,0.0,-0.2686425202399371,0.018480489338987105,2.0471809401722156,normal,,0,0.6634510024108705,0.07290330247950502
2022-12-20 00:00:00+00:00,0.0,0.0,0.0,-0.12697186300091384,0.01848039267348401,2.0515614170517438,normal,,0,0.6634510024108705,0.07290330247950502
2022-12-21 00:00:00+00:00,0.0,0.0,0.0,0.07033837328371005,0.01848029601764698,2.057663491381391,normal,,0,0.6634510024108705,0.07290330247950502
2022-12-22 00:00:00+00:00,0.0,0.0,0.0,-0.06454653432422593,0.01848019937147505,2.0550688949507387,normal,,0,0.6634510024108705,0.07290330247950502
2022-12-23 00:00:00+00:00,0.0,0.0,0.0,0.4315329662507413,0.018480102734967255,2.068380721064914,normal,,0,0.6634510024108705,0.07290330247950502
2022-12-27 00:00:00+00:00,0.0,0.0,0.0,0.39535280175790055,0.01848000610812263,2.0681658380235373,normal,,0,0.6634510024108705,0.07290330247950502
2022-12-28 00:00:00+00:00,0.0,0.0,0.0,0.3059155150030156,0.0184799094909402,2.066767258389997,normal,,0,0.6634510024108705,0.07290330247950502
2022-12-29 00:00:00+00:00,0.0,0.0,0.0,0.3388408284530661,0.01847981288341901,2.0680878693428166,normal,,0,0.6634510024108705,0.07290330247950502
2022-12-30 00:00:00+00:00,0.0,0.0,0.0,0.4567155256952938,0.018479716285558088,2.0711389626439938,normal,,0,0.6634510024108705,0.07290330247950502
2023-01-03 00:00:00+00:00,2.0,0.0,0.0,0.06323292064126909,0.014096442838733325,1.8472987743883231,normal,pair_untradeable,0,0.7095840909075334,0.07276981592795574
2023-01-04 00:00:00+00:00,0.0,0.0,0.0,-0.7475519669009585,0.014096220821715254,1.832651577494413,calm,,0,0.7095840909075334,0.07276981592795574
2023-01-05 00:00:00+00:00,0.0,0.0,0.0,-0.3953701596895119,0.014096024284907428,1.8401474282077808,calm,,0,0.7095840909075334,0.07276981592795574
2023-01-06 00:00:00+00:00,0.0,0.0,0.0,-0.7932339216226959,0.014095850304024493,1.8347733708475067,calm,,0,0.7095840909075334,0.07276981592795574
2023-01-09 00:00:00+00:00,0.0,0.0,0.0,-0.5334410086531389,0.01409569629039233,1.8401789726278213,calm,,0,0.7095840909075334,0.07276981592795574
2023-01-10 00:00:00+00:00,0.0,0.0,0.0,-1.0936048582144948,0.014095559952430985,1.8331390877959661,calm,,0,0.7095840909075334,0.07276981592795574
2023-01-11 00:00:00+00:00,0.0,0.0,0.0,-1.9258655276542993,0.014095439261558092,1.8213090114513188,calm,,0,0.7095840909075334,0.07276981592795574
2023-01-12 00:00:00+00:00,0.0,0.0,0.0,-2.0480499965322765,0.014095332422005438,1.8201024025899053,calm,,0,0.7095840909075334,0.07276981592795574
2023-01-13 00:00:00+00:00,0.0,0.0,0.0,-1.8183419732723487,0.014095237844099604,1.8239700114207165,calm,,0,0.7095840909075334,0.07276981592795574
2023-01-17 00:00:00+00:00,0.0,0.0,0.0,-0.9329130750040878,0.014095154120609105,1.8366474458813737,calm,,0,0.7095840909075334,0.07276981592795574
2023-01-18 00:00:00+00:00,0.0,0.0,0.0,-0.861368981130566,0.014095080005806077,1.8379201366847133,calm,,0,0.7095840909075334,0.07276981592795574
2023-01-19 00:00:00+00:00,0.0,0.0,0.0,-0.45500971546284485,0.014095014396931017,1.8435511533691544,calm,,0,0.7095840909075334,0.07276981592795574
2023-01-20 00:00:00+00:00,0.0,0.0,0.0,-0.6166298331653011,0.014094956317784737,1.8413074153917033,calm,,0,0.7095840909075334,0.07276981592795574
2023-01-23 00:00:00+00:00,0.0,0.0,0.0,-0.4489739022175044,0.014094904904203424,1.8436463079783758,calm,,0,0.7095840909075334,0.07276981592795574
2023-01-24 00:00:00+00:00,0.0,0.0,0.0,-0.8078972037259182,0.014094859391200691,1.8385088802596914,calm,,0,0.7095840909075334,0.07276981592795574
2023-01-25 00:00:00+00:00,0.0,0.0,0.0,0.24407599631507734,0.014094819101585285,1.852448444341162,calm,,0,0.7095840909075334,0.07276981592795574
2023-01-26 00:00:00+00:00,0.0,0.0,0.0,0.31219125618818244,0.014094783435885109,1.8530927118854938,calm,,0,0.7095840909075334,0.07276981592795574
2023-01-27 00:00:00+00:00,0.0,0.0,0.0,-1.9786361181032093,0.022721886658220586,1.8223540027631686,normal,,1,0.7095840909075334,0.07276981592795574
2023-01-30 00:00:00+00:00,0.0,0.0,0.0,-3.3418091571978836,0.021731748985753654,1.802203490642694,normal,,0,0.7095840909075334,0.07276981592795574
2023-01-31 00:00:00+00:00,0.0,0.0,0.0,-3.933804044563553,0.02085524636830966,1.7885287678650097,normal,,0,0.7095840909075334,0.07276981592795574
2023-02-01 00:00:00+00:00,0.0,0.0,0.0,-3.943713753572515,0.020079337260163064,1.7802066075206828,normal,,0,0.7095840909075334,0.07276981592795574
2023-02-02 00:00:00+00:00,0.0,0.0,0.0,-3.0336618917097122,0.01939247685367566,1.7881195784695811,normal,,0,0.7095840909075334,0.07276981592795574
2023-02-03 00:00:00+00:00,0.0,0.0,0.0,-2.8959723757707643,0.01878444530327027,1.7858180556051146,normal,,0,0.7095840909075334,0.07276981592795574
2023-02-06 00:00:00+00:00,0.0,0.0,0.0,-2.5795155232950875,0.018246195663610534,1.7878585112192158,normal,,0,0.7095840909075334,0.07276981592795574
2023-02-07 00:00:00+00:00,0.0,0.0,0.0,-2.1718868929280535,0.017769719279448114,1.7931206507601711,normal,,0,0.7095840909075334,0.07276981592795574
2023-02-08 00:00:00+00:00,0.0,0.0,0.0,-2.822308637409032,0.017347926624263023,1.7753959211261665,normal,,0,0.7095840909075334,0.07276981592795574
2023-02-09 00:00:00+00:00,0.0,0.0,0.0,-3.0720461284667127,0.016974541814686724,1.7642613923657486,normal,,0,0.7095840909075334,0.07276981592795574
2023-02-10 00:00:00+00:00,0.0,0.0,0.0,-3.1955194611623448,0.01664400923118038,1.7545679711095334,normal,,0,0.7095840909075334,0.07276981592795574
2023-02-13 00:00:00+00:00,0.0,0.0,0.0,-2.793222409213724,0.016351410855570642,1.758248183779422,normal,,0,0.7095840909075334,0.07276981592795574
2023-02-14 00:00:00+00:00,0.0,0.0,0.0,-2.0885234441704843,0.016092393095502165,1.773173875007822,normal,,0,0.7095840909075334,0.07276981592795574
2023-02-15 00:00:00+00:00,0.0,0.0,0.0,-2.5243318607458303,0.01586310200702267,1.7573409366527226,normal,,0,0.7095840909075334,0.07276981592795574
2023-02-16 00:00:00+00:00,0.0,0.0,0.0,-2.7511556968263733,0.015660125951472606,1.7452943421710128,normal,,0,0.7095840909075334,0.07276981592795574
2023-02-17 00:00:00+00:00,0.0,0.0,0.0,-2.47018510574653,0.015480444833467237,1.7480351145201518,normal,,0,0.7095840909075334,0.07276981592795574
2023-02-21 00:00:00+00:00,0.0,0.0,0.0,-2.605445774652985,0.015321385164679385,1.7383074270564838,normal,,0,0.7095840909075334,0.07276981592795574
2023-02-22 00:00:00+00:00,0.0,0.0,0.0,-2.2718541280474738,0.015180580284813564,1.74406302880887,normal,,0,0.7095840909075334,0.07276981592795574
2023-02-23 00:00:00+00:00,0.0,0.0,0.0,-2.095690975764863,0.015055935147896608,1.7458667598935178,normal,,0,0.7095840909075334,0.07276981592795574
2023-02-24 00:00:00+00:00,0.0,0.0,0.0,-1.8597356450045244,0.014945595149937358,1.7507291460489012,normal,,0,0.7095840909075334,0.07276981592795574
2023-02-27 00:00:00+00:00,0.0,0.0,0.0,-1.73948655919924,0.014847918534139998,1.7521007148756804,normal,,0,0.7095840909075334,0.07276981592795574
2023-02-28 00:00:00+00:00,0.0,0.0,0.0,-1.8577910497547672,0.014761451963086144,1.744678757830866,calm,,0,0.7095840909075334,0.07276981592795574
2023-03-01 00:00:00+00:00,0.0,0.0,0.0,-1.727745103634165,0.014684908894422487,1.7468007631877667,calm,,0,0.7095840909075334,0.07276981592795574
2023-03-02 00:00:00+00:00,0.0,0.0,0.0,-1.7211481015413117,0.014617150438304223,1.7444267630339048,calm,,0,0.7095840909075334,0.07276981592795574
2023-03-03 00:00:00+00:00,0.0,0.0,0.0,-1.4495954216783136,0.014557168411770832,1.7526603963652967,calm,,0,0.7095840909075334,0.07276981592795574
2023-03-06 00:00:00+00:00,0.0,0.0,0.0,-1.3629363685839766,0.014504070337919018,1.7540965819774827,calm,,0,0.7095840909075334,0.07276981592795574
2023-03-07 00:00:00+00:00,0.0,0.0,0.0,-1.3196772829590937,0.014457066166674434,1.7539170104073207,calm,,0,0.7095840909075334,0.07276981592795574
2023-03-08 00:00:00+00:00,0.0,0.0,0.0,-1.1658732824654863,0.014415456519579586,1.7583957982591518,calm,,0,0.7095840909075334,0.07276981592795574
2023-03-09 00:00:00+00:00,0.0,0.0,0.0,-1.3433943868205933,0.014378622283691269,1.749678298268024,calm,,0,0.7095840909075334,0.07276981592795574
2023-03-10 00:00:00+00:00,0.0,0.0,0.0,-1.2686380482048012,0.014346015399754393,1.7507936916200548,calm,,0,0.7095840909075334,0.07276981592795574
2023-03-13 00:00:00+00:00,0.0,0.0,0.0,-1.1630122138976946,0.014317150707588749,1.7533970138857078,calm,,0,0.7095840909075334,0.07276981592795574
2023-03-14 00:00:00+00:00,0.0,0.0,0.0,-0.921655976413569,0.014291598727355671,1.7618506020839066,calm,,0,0.7095840909075334,0.07276981592795574
2023-03-15 00:00:00+00:00,0.0,0.0,0.0,-1.0085272949749693,0.0142689792692965,1.7569621222508371,calm,,0,0.7095840909075334,0.07276981592795574
2023-03-16 00:00:00+00:00,0.0,0.0,0.0,-0.822271473507096,0.014248955776861725,1.7633695118117507,calm,,0,0.7095840909075334,0.07276981592795574
2023-03-17 00:00:00+00:00,0.0,0.0,0.0,-0.8897141846509221,0.014231230319061776,1.7594198710188111,calm,,0,0.7095840909075334,0.07276981592795574
2023-03-20 00:00:00+00:00,0.0,0.0,0.0,-0.9241636466983723,0.014215539157530332,1.7567606588255624,calm,,0,0.7095840909075334,0.07276981592795574
2023-03-21 00:00:00+00:00,0.0,0.0,0.0,-0.9303535562777528,0.014201648822342115,1.7552303181350934,calm,,0,0.7095840909075334,0.07276981592795574
2023-03-22 00:00:00+00:00,0.0,0.0,0.0,-1.0126318147569395,0.014189352638197022,1.7505351833855625,calm,,0,0.7095840909075334,0.07276981592795574
2023-03-23 00:00:00+00:00,0.0,0.0,0.0,-0.9987576444126143,0.014178467649283415,1.749743935922873,calm,,0,0.7095840909075334,0.07276981592795574
2023-03-24 00:00:00+00:00,0.0,0.0,0.0,-0.7753671364384207,0.014168831897065387,1.75764536501477,calm,,0,0.7095840909075334,0.07276981592795574
2023-03-27 00:00:00+00:00,0.0,0.0,0.0,-0.8450103052238471,0.014160302010490018,1.7537490032563987,calm,,0,0.7095840909075334,0.07276981592795574
2023-03-28 00:00:00+00:00,0.0,0.0,0.0,-0.7191882404483972,0.014152751072759123,1.7576620050011327,calm,,0,0.7095840909075334,0.07276981592795574
2023-03-29 00:00:00+00:00,0.0,0.0,0.0,-0.8346471856874866,0.014146066732925051,1.7521495862076644,calm,,0,0.7095840909075334,0.07276981592795574
2023-03-30 00:00:00+00:00,0.0,0.0,0.0,-0.5745191034719948,0.014140149534212824,1.7610922581961845,calm,,0,0.7095840909075334,0.07276981592795574
2023-03-31 00:00:00+00:00,0.0,0.0,0.0,-0.5487005743639998,0.0141349114341956,1.76110593052563,calm,,0,0.7095840909075334,0.07276981592795574
2023-04-03 00:00:00+00:00,2.0,0.0,0.0,-0.4145717299489894,0.015575799331584332,1.9014740039883637,normal,pair_untradeable,0,0.6805821711431141,0.07243974108600448
2023-04-04 00:00:00+00:00,0.0,0.0,0.0,-0.4315929126211418,0.015565749195501799,1.8999323771837333,calm,,0,0.6805821711431141,0.07243974108600448
2023-04-05 00:00:00+00:00,0.0,0.0,0.0,-0.5618859510250412,0.015556597757426495,1.8943954333057151,calm,,0,0.6805821711431141,0.07243974108600448
2023-04-06 00:00:00+00:00,0.0,0.0,0.0,-0.6094006846354019,0.01554826465445571,1.8918540538512922,calm,,0,0.6805821711431141,0.07243974108600448
2023-04-10 00:00:00+00:00,0.0,0.0,0.0,-0.3663473061000969,0.015540676709856151,1.8992785270962949,calm,,0,0.6805821711431141,0.07243974108600448
2023-04-11 00:00:00+00:00,0.0,0.0,0.0,-0.31451891735093546,0.015533767290466061,1.9002288889708003,calm,,0,0.6805821711431141,0.07243974108600448
2023-04-12 00:00:00+00:00,0.0,0.0,0.0,-0.23198415842038853,0.015527475721559386,1.902176491081013,calm,,0,0.6805821711431141,0.07243974108600448
2023-04-13 00:00:00+00:00,0.0,0.0,0.0,0.1382206216388865,0.015521746754033658,1.9133470390123484,calm,,0,0.6805821711431141,0.07243974108600448
2023-04-14 00:00:00+00:00,0.0,0.0,0.0,0.26371412939569655,0.015516530079242733,1.9161096356260967,calm,,0,0.6805821711431141,0.07243974108600448
2023-04-17 00:00:00+00:00,0.0,0.0,0.0,0.21724681902945628,0.015511779887213879,1.9134198504796815,calm,,0,0.6805821711431141,0.07243974108600448
2023-04-18 00:00:00+00:00,0.0,0.0,0.0,-0.2465544486210784,0.01550745446436976,1.8987549407800328,calm,,0,0.6805821711431141,0.07243974108600448
2023-04-19 00:00:00+00:00,0.0,0.0,0.0,-0.1368646731876935,0.015503515827222723,1.9007746038590736,calm,,0,0.6805821711431141,0.07243974108600448
2023-04-20 00:00:00+00:00,0.0,0.0,0.0,-0.07327689772423725,0.015499929388824654,1.9012916388995795,calm,,0,0.6805821711431141,0.07243974108600448
2023-04-21 00:00:00+00:00,0.0,0.0,0.0,-0.30430083729294777,0.01549666365504341,1.8948719559791374,calm,,0,0.6805821711431141,0.07243974108600448
2023-04-24 00:00:00+00:00,0.0,0.0,0.0,-0.11624179444417629,0.015493689947998643,1.8979773167160787,calm,,0,0.6805821711431141,0.07243974108600448
2023-04-25 00:00:00+00:00,0.0,0.0,0.0,-0.4296768740472017,0.01549098215422841,1.8918886093541918,calm,,0,0.6805821711431141,0.07243974108600448
2023-04-26 00:00:00+00:00,0.0,0.0,0.0,-1.2419392209983042,0.015488516495375089,1.8804992308067656,calm,,0,0.6805821711431141,0.07243974108600448
2023-04-27 00:00:00+00:00,0.0,0.0,0.0,-1.6191132290698067,0.015486271319376905,1.8758929845917285,calm,,0,0.6805821711431141,0.07243974108600448
2023-04-28 00:00:00+00:00,0.0,0.0,0.0,-1.4070499351355261,0.015484226910331411,1.8782351309102725,calm,,0,0.6805821711431141,0.07243974108600448
2023-05-01 00:00:00+00:00,0.0,0.0,0.0,-0.33963157569957864,0.015482365315361277,1.8909292037667855,calm,,0,0.6805821711431141,0.07243974108600448
2023-05-02 00:00:00+00:00,0.0,0.0,0.0,-1.687019349286833,0.015480670186961962,1.8748008968881016,calm,,0,0.6805821711431141,0.07243974108600448
2023-05-03 00:00:00+00:00,0.0,0.0,0.0,-2.576332368336168,0.01547912663944692,1.8644154320961879,calm,,0,0.6805821711431141,0.07243974108600448
2023-05-04 00:00:00+00:00,0.0,0.0,0.0,-1.2985965777104997,0.015477721118229674,1.8781120872041752,calm,,0,0.6805821711431141,0.07243974108600448
2023-05-05 00:00:00+00:00,0.0,0.0,0.0,-0.6434322080218124,0.015476441280794886,1.8852660312531695,calm,,0,0.6805821711431141,0.07243974108600448
2023-05-08 00:00:00+00:00,0.0,0.0,0.0,-1.1039137364028488,0.015475275888313158,1.8804522111070567,calm,,0,0.6805821711431141,0.07243974108600448
2023-05-09 00:00:00+00:00,0.0,0.0,0.0,-1.5091977772948253,0.015474214706947815,1.8760634893293076,calm,,0,0.6805821711431141,0.07243974108600448
2023-05-10 00:00:00+00:00,0.0,0.0,0.0,-1.8978464237234531,0.015473248417986961,1.8715690149041193,calm,,0,0.6805821711431141,0.07243974108600448
2023-05-11 00:00:00+00:00,0.0,0.0,0.0,-1.135170561543419,0.015472368536011685,1.8785663834185842,calm,,0,0.6805821711431141,0.07243974108600448
2023-05-12 00:00:00+00:00,0.0,0.0,0.0,-0.9079441383081099,0.015471567334381759,1.8806165032135622,calm,,0,0.6805821711431141,0.07243974108600448
2023-05-15 00:00:00+00:00,0.0,0.0,0.0,-0.0070342404125022726,0.01547083777738453,1.889502598276919,calm,,0,0.6805821711431141,0.07243974108600448
2023-05-16 00:00:00+00:00,0.0,0.0,0.0,-0.6843121853363029,0.015470173458451163,1.8827426074986748,calm,,0,0.6805821711431141,0.07243974108600448
2023-05-17 00:00:00+00:00,0.0,0.0,0.0,-0.821190977075532,0.015469568543897664,1.8813068923121237,calm,,0,0.6805821711431141,0.07243974108600448
2023-05-18 00:00:00+00:00,0.0,0.0,0.0,-2.378879783762284,0.015469017721696678,1.8658793997273069,calm,,0,0.6805821711431141,0.07243974108600448
2023-05-19 00:00:00+00:00,0.0,0.0,0.0,-2.10284546173563,0.015468516154830176,1.8675764148549425,calm,,0,0.6805821711431141,0.07243974108600448
2023-05-22 00:00:00+00:00,0.0,0.0,0.0,-2.354410143227312,0.015468059438813426,1.8639029912481964,calm,,0,0.6805821711431141,0.07243974108600448
2023-05-23 00:00:00+00:00,0.0,0.0,0.0,-0.8612002190994112,0.015467643563017221,1.8791838226975743,calm,,0,0.6805821711431141,0.07243974108600448
2023-05-24 00:00:00+00:00,0.0,0.0,0.0,-1.2905460927334802,0.015467264875448743,1.8741048073717774,calm,,0,0.6805821711431141,0.07243974108600448
2023-05-25 00:00:00+00:00,0.0,0.0,0.0,-2.0210899923920453,0.015466920050681756,1.8654850585666067,calm,,0,0.6805821711431141,0.07243974108600448
2023-05-26 00:00:00+00:00,0.0,0.0,0.0,-1.6714871179388926,0.015466606060654559,1.868575662243876,calm,,0,0.6805821711431141,0.07243974108600448
2023-05-30 00:00:00+00:00,0.0,0.0,0.0,-1.4751762473601082,0.01546632014807919,1.8703340201370935,calm,,0,0.6805821711431141,0.07243974108600448
2023-05-31 00:00:00+00:00,0.0,0.0,0.0,-1.8291593284297094,0.015466059802228451,1.8653557416974418,calm,,0,0.6805821711431141,0.07243974108600448
2023-06-01 00:00:00+00:00,0.0,0.0,0.0,-1.5857550875182334,0.015465822736888079,1.867388289649413,calm,,0,0.6805821711431141,0.07243974108600448
2023-06-02 00:00:00+00:00,0.0,0.0,0.0,-0.6735480774452504,0.015465606870280464,1.8783120871097392,calm,,0,0.6805821711431141,0.07243974108600448
2023-06-05 00:00:00+00:00,0.0,0.0,0.0,-0.6703406151213401,0.01546541030678362,1.8780756151773557,calm,,0,0.6805821711431141,0.07243974108600448
2023-06-06 00:00:00+00:00,0.0,0.0,0.0,-1.0176962569673538,0.015465231320284887,1.8734362468130574,calm,,0,0.6805821711431141,0.07243974108600448
2023-06-07 00:00:00+00:00,0.0,0.0,0.0,-0.22669234739536281,0.015465068339023136,1.8833901137689666,calm,,0,0.6805821711431141,0.07243974108600448
2023-06-08 00:00:00+00:00,0.0,0.0,0.0,-0.27724477386175433,0.015464919931786449,1.8826411934776415,calm,,0,0.6805821711431141,0.07243974108600448
2023-06-09 00:00:00+00:00,0.0,0.0,0.0,0.08732949490826054,0.015464784795343986,1.887131991700329,calm,,0,0.6805821711431141,0.07243974108600448
2023-06-12 00:00:00+00:00,0.0,0.0,0.0,-0.37969896423245314,0.015464661743001732,1.8810349860486775,calm,,0,0.6805821711431141,0.07243974108600448
2023-06-13 00:00:00+00:00,0.0,0.0,0.0,0.3384516246696573,0.015464549694181606,1.8900170462771917,calm,,0,0.6805821711431141,0.07243974108600448
2023-06-14 00:00:00+00:00,0.0,0.0,0.0,0.21532218968691386,0.015464447664932412,1.8883812237520536,calm,,0,0.6805821711431141,0.07243974108600448
2023-06-15 00:00:00+00:00,0.0,0.0,0.0,0.6369386427273104,0.015464354759289325,1.8937352450625538,calm,,0,0.6805821711431141,0.07243974108600448
2023-06-16 00:00:00+00:00,0.0,0.0,0.0,0.28453001181238036,0.015464270161406016,1.8892788488863963,calm,,0,0.6805821711431141,0.07243974108600448
2023-06-20 00:00:00+00:00,0.0,0.0,0.0,-0.22441640347602157,0.015464193128390336,1.8828088990461045,calm,,0,0.6805821711431141,0.07243974108600448
2023-06-21 00:00:00+00:00,0.0,0.0,0.0,-0.23270854360057439,0.015464122983780658,1.8826777672663293,calm,,0,0.6805821711431141,0.07243974108600448
2023-06-22 00:00:00+00:00,0.0,0.0,0.0,-1.0749920888420188,0.015464059111605541,1.8717226494297488,calm,,0,0.6805821711431141,0.07243974108600448
2023-06-23 00:00:00+00:00,0.0,0.0,0.0,-1.198400758498721,0.015464000950974631,1.8697163588768007,calm,,0,0.6805821711431141,0.07243974108600448
2023-06-26 00:00:00+00:00,0.0,0.0,0.0,-1.126215425469565,0.015463947991153207,1.8701353036209745,calm,,0,0.6805821711431141,0.07243974108600448
2023-06-27 00:00:00+00:00,0.0,0.0,0.0,-0.9443264563431911,0.01546389976707721,1.872085790963213,calm,,0,0.6805821711431141,0.07243974108600448
2023-06-28 00:00:00+00:00,0.0,0.0,0.0,-0.7813989484562383,0.01546385585526929,1.8738216261755203,calm,,0,0.6805821711431141,0.07243974108600448
2023-06-29 00:00:00+00:00,0.0,0.0,0.0,-0.8174887222157426,0.015463815870120069,1.8729961412184717,calm,,0,0.6805821711431141,0.07243974108600448
2023-06-30 00:00:00+00:00,0.0,0.0,0.0,-0.5432308244561842,0.015463779460501927,1.876193281402355,calm,,0,0.6805821711431141,0.07243974108600448
2023-07-03 00:00:00+00:00,2.0,0.0,0.0,-0.6164030300921973,0.014460311422601162,1.9044815615592783,normal,pair_untradeable,0,0.6742576823447772,0.07112386456340995
2023-07-05 00:00:00+00:00,0.0,0.0,0.0,-0.6041058207430446,0.014460270118375643,1.9043418595506822,calm,,0,0.6742576823447772,0.07112386456340995
2023-07-06 00:00:00+00:00,0.0,0.0,0.0,-0.5485217606651307,0.014460232444842382,1.9047836165069754,calm,,0,0.6742576823447772,0.07112386456340995
2023-07-07 00:00:00+00:00,0.0,0.0,0.0,0.03637674683749583,0.014460198082859057,1.9119342955882805,calm,,0,0.6742576823447772,0.07112386456340995
2023-07-10 00:00:00+00:00,0.0,0.0,0.0,-0.1576513267514938,0.014460166741336357,1.9091907807041597,calm,,0,0.6742576823447772,0.07112386456340995
2023-07-11 00:00:00+00:00,0.0,0.0,0.0,0.6623983211463456,0.014460138154772074,1.9188717900604013,calm,,0,0.6742576823447772,0.07112386456340995
2023-07-12 00:00:00+00:00,0.0,0.0,0.0,1.3283319354310958,0.014460112081001973,1.925639194026871,calm,,0,0.6742576823447772,0.07112386456340995
2023-07-13 00:00:00+00:00,0.0,0.0,0.0,1.43140201815051,0.014460088299148353,1.9253263772712046,calm,,0,0.6742576823447772,0.07112386456340995
2023-07-14 00:00:00+00:00,0.0,0.0,0.0,1.3418687476887117,0.014460066607748933,1.923092055033083,calm,,0,0.6742576823447772,0.07112386456340995
2023-07-17 00:00:00+00:00,0.0,0.0,0.0,0.9834071497308019,0.01446004682305022,1.9192659101862812,calm,,0,0.6742576823447772,0.07112386456340995
2023-07-18 00:00:00+00:00,0.0,0.0,0.0,1.6401001239333965,0.014460028777450873,1.9249863970708279,calm,,0,0.6742576823447772,0.07112386456340995
2023-07-19 00:00:00+00:00,0.0,0.0,0.0,1.5603078506682457,0.014460012318081916,1.9237886216081521,calm,,0,0.6742576823447772,0.07112386456340995
2023-07-20 00:00:00+00:00,0.0,0.0,0.0,1.7383967244504297,0.014459997305511747,1.9253641219019726,calm,,0,0.6742576823447772,0.07112386456340995
2023-07-21 00:00:00+00:00,0.0,0.0,0.0,3.1119223534352436,0.014459983612564972,1.937719539369057,calm,,0,0.6742576823447772,0.07112386456340995
2023-07-24 00:00:00+00:00,0.0,0.0,0.0,3.7735795531271896,0.01445997112324507,1.946213594364358,calm,,0,0.6742576823447772,0.07112386456340995
2023-07-25 00:00:00+00:00,0.0,0.0,0.0,3.611262172434394,0.01445995973175176,1.949175192817508,calm,,0,0.6742576823447772,0.07112386456340995
2023-07-26 00:00:00+00:00,0.0,0.0,0.0,2.8359471375485135,0.014459949341584729,1.9446341576590314,calm,,0,0.6742576823447772,0.07112386456340995
2023-07-27 00:00:00+00:00,0.0,0.0,0.0,1.327442962917672,0.014459939864726169,1.9282828689595028,calm,,0,0.6742576823447772,0.07112386456340995
2023-07-28 00:00:00+00:00,0.0,0.0,0.0,1.9309259465118676,0.01445993122089514,1.936307012692204,calm,,0,0.6742576823447772,0.07112386456340995
2023-07-31 00:00:00+00:00,0.0,0.0,0.0,2.6222211361710643,0.014459923336867493,1.946626071038355,calm,,0,0.6742576823447772,0.07112386456340995
2023-08-01 00:00:00+00:00,0.0,0.0,0.0,2.081872588628302,0.014459916145855583,1.9414630953503798,calm,,0,0.6742576823447772,0.07112386456340995
2023-08-02 00:00:00+00:00,0.0,0.0,0.0,1.4797188310514793,0.014459909586942469,1.9344761952235117,calm,,0,0.6742576823447772,0.07112386456340995
2023-08-03 00:00:00+00:00,0.0,0.0,0.0,0.5322191497782055,0.014459903604565888,1.9215330385431977,calm,,0,0.6742576823447772,0.07112386456340995
2023-08-04 00:00:00+00:00,0.0,0.0,0.0,0.331180709460252,0.014459898148047573,1.918835786294038,calm,,0,0.6742576823447772,0.07112386456340995
2023-08-07 00:00:00+00:00,0.0,0.0,0.0,0.6255615920527581,0.014459893171163932,1.9232833091029073,calm,,0,0.6742576823447772,0.07112386456340995
2023-08-08 00:00:00+00:00,0.0,0.0,0.0,0.20062634453735026,0.014459888631754488,1.9175214213480682,calm,,0,0.6742576823447772,0.07112386456340995
2023-08-09 00:00:00+00:00,0.0,0.0,0.0,-0.46680940803058896,0.01445988449136472,1.908117618938951,calm,,0,0.6742576823447772,0.07112386456340995
2023-08-10 00:00:00+00:00,0.0,0.0,0.0,-0.3261742007176031,0.01445988071492031,1.9100940931902772,calm,,0,0.6742576823447772,0.07112386456340995
2023-08-11 00:00:00+00:00,0.0,0.0,0.0,0.39809464721582083,0.014459877270430011,1.9203283775504003,calm,,0,0.6742576823447772,0.07112386456340995
2023-08-14 00:00:00+00:00,0.0,0.0,0.0,0.3253930891192103,0.014459874128714648,1.9194292135566453,calm,,0,0.6742576823447772,0.07112386456340995
2023-08-15 00:00:00+00:00,0.0,0.0,0.0,-0.09229976041095131,0.014459871263159932,1.9135803450017006,calm,,0,0.6742576823447772,0.07112386456340995
2023-08-16 00:00:00+00:00,0.0,0.0,0.0,0.4241326752736862,0.014459868649491003,1.9211983055350053,calm,,0,0.6742576823447772,0.07112386456340995
2023-08-17 00:00:00+00:00,0.0,0.0,0.0,-0.010960579983572163,0.014459866265566789,1.915457808983771,calm,,0,0.6742576823447772,0.07112386456340995
2023-08-18 00:00:00+00:00,0.0,0.0,0.0,-0.3640821361030651,0.014459864091192447,1.9110164480123455,calm,,0,0.6742576823447772,0.07112386456340995
2023-08-21 00:00:00+00:00,0.0,0.0,0.0,0.01977013132111766,0.014459862107948284,1.9162862158230713,calm,,0,0.6742576823447772,0.07112386456340995
2023-08-22 00:00:00+00:00,0.0,0.0,0.0,-0.3632509695773095,0.014459860299033726,1.911317228771861,calm,,0,0.6742576823447772,0.07112386456340995
2023-08-23 00:00:00+00:00,0.0,0.0,0.0,0.22895422494431053,0.014459858649124984,1.9195313965780447,calm,,0,0.6742576823447772,0.07112386456340995
2023-08-24 00:00:00+00:00,0.0,0.0,0.0,-0.10861534590677664,0.01445985714424525,1.9154437843534664,calm,,0,0.6742576823447772,0.07112386456340995
2023-08-25 00:00:00+00:00,0.0,0.0,0.0,-0.5499913592750452,0.014459855771646298,1.9100652709735644,calm,,0,0.6742576823447772,0.07112386456340995
2023-08-28 00:00:00+00:00,0.0,0.0,0.0,-0.3941053412968283,0.014459854519700482,1.9124439225291066,calm,,0,0.6742576823447772,0.07112386456340995
2023-08-29 00:00:00+00:00,0.0,0.0,0.0,-0.852359586503553,0.014459853377802243,1.9072050883606209,calm,,0,0.6742576823447772,0.07112386456340995
2023-08-30 00:00:00+00:00,0.0,0.0,0.0,-1.3232359446650441,0.014459852336278266,1.9014196761480537,calm,,0,0.6742576823447772,0.07112386456340995
2023-08-31 00:00:00+00:00,0.0,0.0,0.0,-0.9978492998985422,0.014459851386305528,1.9051941623757402,calm,,0,0.6742576823447772,0.07112386456340995
2023-09-01 00:00:00+00:00,0.0,0.0,0.0,-0.510177984030196,0.014459850519836562,1.911281041434857,calm,,0,0.6742576823447772,0.07112386456340995
2023-09-05 00:00:00+00:00,0.0,0.0,0.0,0.578078056341956,0.014459849729531286,1.9246655762245428,calm,,0,0.6742576823447772,0.07112386456340995
2023-09-06 00:00:00+00:00,0.0,0.0,0.0,0.2513090097191863,0.014459849008694816,1.9208460730246761,calm,,0,0.6742576823447772,0.07112386456340995
2023-09-07 00:00:00+00:00,0.0,0.0,0.0,0.3808570844333391,0.014459848351220758,1.9225166927489945,calm,,0,0.6742576823447772,0.07112386456340995
2023-09-08 00:00:00+00:00,0.0,0.0,0.0,-0.16573343723441086,0.01445984775153948,1.9159683938695116,calm,,0,0.6742576823447772,0.07112386456340995
2023-09-11 00:00:00+00:00,0.0,0.0,0.0,-1.0194109180839555,0.014459847204570924,1.9053825383830527,calm,,0,0.6742576823447772,0.07112386456340995
2023-09-12 00:00:00+00:00,0.0,0.0,0.0,-1.2519797726932946,0.014459846705681576,1.9021743968926161,calm,,0,0.6742576823447772,0.07112386456340995
2023-09-13 00:00:00+00:00,0.0,0.0,0.0,-0.9464171212903606,0.014459846250645217,1.9054922246881612,calm,,0,0.6742576823447772,0.07112386456340995
2023-09-14 00:00:00+00:00,0.0,0.0,0.0,-1.2616670084644188,0.014459845835607114,1.9011913141098935,calm,,0,0.6742576823447772,0.07112386456340995
2023-09-15 00:00:00+00:00,0.0,0.0,0.0,-0.882536663271733,0.01445984545705137,1.9056784912489282,calm,,0,0.6742576823447772,0.07112386456340995
2023-09-18 00:00:00+00:00,0.0,0.0,0.0,-0.8733825745365249,0.014459845111771143,1.9056305568024214,calm,,0,0.6742576823447772,0.07112386456340995
2023-09-19 00:00:00+00:00,0.0,0.0,0.0,-0.8061204879748051,0.014459844796841472,1.9066397140149114,calm,,0,0.6742576823447772,0.07112386456340995
2023-09-20 00:00:00+00:00,0.0,0.0,0.0,-0.7337109597151577,0.014459844509594507,1.9078003415789868,calm,,0,0.6742576823447772,0.07112386456340995
2023-09-21 00:00:00+00:00,0.0,0.0,0.0,-0.5106271448698835,0.014459844247596904,1.9108378979750182,calm,,0,0.6742576823447772,0.07112386456340995
2023-09-22 00:00:00+00:00,0.0,0.0,0.0,-0.176154413542334,0.014459844008629213,1.9152034069289736,calm,,0,0.6742576823447772,0.07112386456340995
2023-09-25 00:00:00+00:00,0.0,0.0,0.0,0.306614298444007,0.014459843790667075,1.9213319483226563,calm,,0,0.6742576823447772,0.07112386456340995
2023-09-26 00:00:00+00:00,0.0,0.0,0.0,-0.105698693976005,0.014459843591864079,1.9166172878484184,calm,,0,0.6742576823447772,0.07112386456340995
2023-09-27 00:00:00+00:00,0.0,0.0,0.0,-0.3645671186083117,0.014459843410536109,1.9137088790242531,calm,,0,0.6742576823447772,0.07112386456340995
2023-09-28 00:00:00+00:00,0.0,0.0,0.0,-0.2721438873975398,0.014459843245147092,1.9150019945392458,calm,,0,0.6742576823447772,0.07112386456340995
2023-09-29 00:00:00+00:00,0.0,0.0,0.0,-0.4449502466505047,0.014459843094295972,1.9131893920782006,calm,,0,0.6742576823447772,0.07112386456340995
2023-10-02 00:00:00+00:00,2.0,0.0,0.0,-0.46577637067961514,0.013543685417469233,1.9298742331763243,normal,pair_untradeable,0,0.6707049624370726,0.06971093502437782
2023-10-03 00:00:00+00:00,0.0,0.0,0.0,-0.44238730689493777,0.013543685216947939,1.9301738432463451,calm,,0,0.6707049624370726,0.06971093502437782
2023-10-04 00:00:00+00:00,0.0,0.0,0.0,-0.24323739845724368,0.013543685033652053,1.9325512555094022,calm,,0,0.6707049624370726,0.06971093502437782
2023-10-05 00:00:00+00:00,0.0,0.0,0.0,1.6235631696061499,0.023527047606616662,1.9539012450018332,normal,,1,0.6707049624370726,0.06971093502437782
2023-10-06 00:00:00+00:00,0.0,0.0,0.0,1.7263953844627953,0.022669445241838632,1.9556489317074681,normal,,0,0.6707049624370726,0.06971093502437782
2023-10-09 00:00:00+00:00,0.0,0.0,0.0,1.8641015771421514,0.021885513613448874,1.9579731230404724,normal,,0,0.6707049624370726,0.06971093502437782
2023-10-10 00:00:00+00:00,0.0,0.0,0.0,2.235525516532485,0.021168924173832673,1.9634602484272876,normal,,0,0.6707049624370726,0.06971093502437782
2023-10-11 00:00:00+00:00,0.0,0.0,0.0,1.359185711783056,0.02051389201748988,1.9538482121237681,normal,,0,0.6707049624370726,0.06971093502437782
2023-10-12 00:00:00+00:00,0.0,0.0,0.0,1.2065622283079247,0.01991512918046999,1.952324893942766,normal,,0,0.6707049624370726,0.06971093502437782
2023-10-13 00:00:00+00:00,0.0,0.0,0.0,0.9561656685290634,0.019367801951532416,1.9494258111616016,normal,,0,0.6707049624370726,0.06971093502437782
2023-10-16 00:00:00+00:00,0.0,0.0,0.0,1.3724190459125527,0.018867491850412133,1.9551232039845927,normal,,0,0.6707049624370726,0.06971093502437782
2023-10-17 00:00:00+00:00,0.0,0.0,0.0,1.8299249460369869,0.018410159958174896,1.961210593716368,normal,,0,0.6707049624370726,0.06971093502437782
2023-10-18 00:00:00+00:00,0.0,0.0,0.0,1.624270292317682,0.01799211431170691,1.958386728675492,normal,,0,0.6707049624370726,0.06971093502437782
2023-10-19 00:00:00+00:00,0.0,0.0,0.0,1.6685325396541544,0.017609980099120265,1.9584469968059985,normal,,0,0.6707049624370726,0.06971093502437782
2023-10-20 00:00:00+00:00,0.0,0.0,0.0,1.61734953124227,0.017260672415466638,1.9576069963045701,normal,,0,0.6707049624370726,0.06971093502437782
2023-10-23 00:00:00+00:00,0.0,0.0,0.0,-0.17719147216330003,0.026924734099335546,1.9347394684770847,normal,,1,0.6707049624370726,0.06971093502437782
2023-10-24 00:00:00+00:00,0.0,0.0,0.0,-1.9642971738846668,0.02577525979458231,1.9113876207952472,normal,,0,0.6707049624370726,0.06971093502437782
2023-10-25 00:00:00+00:00,0.0,0.0,0.0,-2.5741932372763023,0.024724528942469258,1.9028206389442759,normal,,0,0.6707049624370726,0.06971093502437782
2023-10-26 00:00:00+00:00,0.0,0.0,0.0,-2.1961919631123297,0.02376405917031612,1.9059686002973333,normal,,0,0.6707049624370726,0.06971093502437782
2023-10-27 00:00:00+00:00,0.0,0.0,0.0,-6.309800870153943,0.03286945950840911,1.8486983946998121,elevated,,1,0.6707049624370726,0.06971093502437782
2023-10-30 00:00:00+00:00,0.0,0.0,0.0,-4.390912184492637,0.031209314621927848,1.8560265026293954,elevated,,0,0.6707049624370726,0.06971093502437782
2023-10-31 00:00:00+00:00,0.0,0.0,0.0,-3.9816564932220393,0.029691781394790544,1.8514783905023076,elevated,,0,0.6707049624370726,0.06971093502437782
2023-11-01 00:00:00+00:00,0.0,0.0,0.0,-3.7372503364724747,0.028304609037595355,1.8457146685700399,elevated,,0,0.6707049624370726,0.06971093502437782
2023-11-02 00:00:00+00:00,0.0,0.0,0.0,-2.881817545569067,0.027036599142222992,1.8563832348768665,normal,,0,0.6707049624370726,0.06971093502437782
2023-11-03 00:00:00+00:00,0.0,0.0,0.0,-2.5920163899876223,0.025877515278979604,1.8581535879025393,normal,,0,0.6707049624370726,0.06971093502437782
2023-11-06 00:00:00+00:00,0.0,0.0,0.0,-2.202421470662725,0.024818000359629003,1.8642015632543631,normal,,0,0.6707049624370726,0.06971093502437782
2023-11-07 00:00:00+00:00,0.0,0.0,0.0,-2.332349209252178,0.023849501099199914,1.8568267969706715,normal,,0,0.6707049624370726,0.06971093502437782
2023-11-08 00:00:00+00:00,0.0,0.0,0.0,-2.3983593063387234,0.022964198966761232,1.85057128641578,normal,,0,0.6707049624370726,0.06971093502437782
2023-11-09 00:00:00+00:00,0.0,0.0,0.0,-2.32685125024995,0.022154947067742493,1.8481393222356868,normal,,0,0.6707049624370726,0.06971093502437782
2023-11-10 00:00:00+00:00,0.0,0.0,0.0,-2.147110726871564,0.021415212448261278,1.849507468567129,normal,,0,0.6707049624370726,0.06971093502437782
2023-11-13 00:00:00+00:00,0.0,0.0,0.0,-2.0180373782447885,0.020739023355690063,1.849968071165358,normal,,0,0.6707049624370726,0.06971093502437782
2023-11-14 00:00:00+00:00,0.0,0.0,0.0,-1.6013606466188732,0.020120921029705988,1.8612098607056393,normal,,0,0.6707049624370726,0.06971093502437782
2023-11-15 00:00:00+00:00,0.0,0.0,0.0,-1.3494345093544553,0.019555915634640868,1.8680354387360958,normal,,0,0.6707049624370726,0.06971093502437782
2023-11-16 00:00:00+00:00,0.0,0.0,0.0,-1.7680087803521118,0.019039445977380724,1.8509577279507283,normal,,0,0.6707049624370726,0.06971093502437782
2023-11-17 00:00:00+00:00,0.0,0.0,0.0,-1.6472434925697816,0.018567342685624252,1.852589869152116,normal,,0,0.6707049624370726,0.06971093502437782
2023-11-20 00:00:00+00:00,0.0,0.0,0.0,-1.5275949056499187,0.018135794549244508,1.854597541819638,normal,,0,0.6707049624370726,0.06971093502437782
2023-11-21 00:00:00+00:00,0.0,0.0,0.0,-1.545860548199537,0.01774131775303337,1.8516236313841632,normal,,0,0.6707049624370726,0.06971093502437782
2023-11-22 00:00:00+00:00,0.0,0.0,0.0,-1.3578577948478199,0.01738072775244981,1.856725382331899,normal,,0,0.6707049624370726,0.06971093502437782
2023-11-24 00:00:00+00:00,0.0,0.0,0.0,-1.2767281582970655,0.01705111356532977,1.858111099718895,normal,,0,0.6707049624370726,0.06971093502437782
2023-11-27 00:00:00+00:00,0.0,0.0,0.0,-1.2078080493697103,0.016749814272018868,1.8592546637795024,normal,,0,0.6707049624370726,0.06971093502437782
2023-11-28 00:00:00+00:00,0.0,0.0,0.0,-1.012549369346102,0.016474397534217505,1.8657281933938852,normal,,0,0.6707049624370726,0.06971093502437782
2023-11-29 00:00:00+00:00,0.0,0.0,0.0,-1.0271813449125256,0.016222639959124648,1.863819321173327,normal,,0,0.6707049624370726,0.06971093502437782
2023-11-30 00:00:00+00:00,0.0,0.0,0.0,-1.1293350482677238,0.015992509150363314,1.858165069934648,normal,,0,0.6707049624370726,0.06971093502437782
2023-12-01 00:00:00+00:00,0.0,0.0,0.0,-0.8478289574258924,0.01578214730078794,1.8683857339004373,normal,,0,0.6707049624370726,0.06971093502437782
2023-12-04 00:00:00+00:00,0.0,0.0,0.0,-0.7637514339239173,0.015589856194721098,1.8707361912481426,normal,,0,0.6707049624370726,0.06971093502437782
2023-12-05 00:00:00+00:00,0.0,0.0,0.0,-0.7383445988005751,0.015414083498545216,1.870757119850719,normal,,0,0.6707049624370726,0.06971093502437782
2023-12-06 00:00:00+00:00,0.0,0.0,0.0,-0.5923989749911105,0.015253410228975488,1.8759511125359984,normal,,0,0.6707049624370726,0.06971093502437782
2023-12-07 00:00:00+00:00,0.0,0.0,0.0,-0.46644191536014784,0.015106539297847511,1.880493872556475,normal,,0,0.6707049624370726,0.06971093502437782
2023-12-08 00:00:00+00:00,0.0,0.0,0.0,-0.28258918541045536,0.014972285040943643,1.8875284625393962,normal,,0,0.6707049624370726,0.06971093502437782
2023-12-11 00:00:00+00:00,0.0,0.0,0.0,-0.3255675604650541,0.01484956364632605,1.8852283369162754,normal,,0,0.6707049624370726,0.06971093502437782
2023-12-12 00:00:00+00:00,0.0,0.0,0.0,-0.3231207657484788,0.01473738440490601,1.8847343470441071,normal,,0,0.6707049624370726,0.06971093502437782
2023-12-13 00:00:00+00:00,0.0,0.0,0.0,-0.1037657054591,0.014634841712616791,1.8932952004474437,normal,,0,0.6707049624370726,0.06971093502437782
2023-12-14 00:00:00+00:00,0.0,0.0,0.0,0.3303050042818897,0.014541107759624996,1.9108783834158265,normal,,0,0.6707049624370726,0.06971093502437782
2023-12-15 00:00:00+00:00,0.0,0.0,0.0,0.419532198806686,0.014455425847561605,1.914314173119814,normal,,0,0.6707049624370726,0.06971093502437782
2023-12-18 00:00:00+00:00,0.0,0.0,0.0,0.2790843626423251,0.01437710428082387,1.908222846902063,normal,,0,0.6707049624370726,0.06971093502437782
2023-12-19 00:00:00+00:00,0.0,0.0,0.0,0.40904425146083045,0.014305510782633549,1.9131095658701143,normal,,0,0.6707049624370726,0.06971093502437782
2023-12-20 00:00:00+00:00,0.0,0.0,0.0,0.47505633644917244,0.014240067390773287,1.915261469269859,normal,,0,0.6707049624370726,0.06971093502437782
2023-12-21 00:00:00+00:00,0.0,0.0,0.0,0.4708217642132372,0.014180245791795254,1.9146816422039734,calm,,0,0.6707049624370726,0.06971093502437782
2023-12-22 00:00:00+00:00,0.0,0.0,0.0,0.5157439483899938,0.014125563056035928,1.9161449403335098,calm,,0,0.6707049624370726,0.06971093502437782
2023-12-26 00:00:00+00:00,0.0,0.0,0.0,0.7359176685922932,0.014075577739006504,1.9246446388295513,calm,,0,0.6707049624370726,0.06971093502437782
2023-12-27 00:00:00+00:00,0.0,0.0,0.0,0.6725961170864174,0.014029886317686091,1.9219539685994471,calm,,0,0.6707049624370726,0.06971093502437782
2023-12-28 00:00:00+00:00,0.0,0.0,0.0,0.6117978377708695,0.01398811993294854,1.919315514676978,calm,,0,0.6707049624370726,0.06971093502437782
2023-12-29 00:00:00+00:00,0.0,0.0,0.0,0.4994752466279074,0.013949941411825015,1.914564027199611,calm,,0,0.6707049624370726,0.06971093502437782
2024-01-02 00:00:00+00:00,2.0,0.0,0.0,0.20328558105304204,0.014853192076316793,1.9051709620458186,normal,pair_untradeable,0,0.6701072452437783,0.06918276688559237
2024-01-03 00:00:00+00:00,0.0,0.0,0.0,0.5994428162658907,0.014822281309716332,1.9195934318335772,calm,,0,0.6701072452437783,0.06918276688559237
2024-01-04 00:00:00+00:00,0.0,0.0,0.0,0.4881065679764841,0.014794192068395731,1.9142488409939413,calm,,0,0.6701072452437783,0.06918276688559237
2024-01-05 00:00:00+00:00,0.0,0.0,0.0,0.4321608546511777,0.014768666804394186,1.910952688990669,calm,,0,0.6701072452437783,0.06918276688559237
2024-01-08 00:00:00+00:00,0.0,0.0,0.0,0.5845938930795829,0.014745471478649639,1.9150639744477767,calm,,0,0.6701072452437783,0.06918276688559237
2024-01-09 00:00:00+00:00,0.0,0.0,0.0,0.1476844992320235,0.014724393415113718,1.898424333595862,calm,,0,0.6701072452437783,0.06918276688559237
2024-01-10 00:00:00+00:00,0.0,0.0,0.0,0.11921624468127195,0.01470523935074242,1.8963604603246735,calm,,0,0.6701072452437783,0.06918276688559237
2024-01-11 00:00:00+00:00,0.0,0.0,0.0,0.2713401435023673,0.014687833663483026,1.9004238784995513,calm,,0,0.6701072452437783,0.06918276688559237
2024-01-12 00:00:00+00:00,0.0,0.0,0.0,0.4789375003296976,0.014672016762009847,1.9058860202979342,calm,,0,0.6701072452437783,0.06918276688559237
2024-01-16 00:00:00+00:00,0.0,0.0,0.0,0.25522997863883606,0.01465764362244437,1.8973091438327665,calm,,0,0.6701072452437783,0.06918276688559237
2024-01-17 00:00:00+00:00,0.0,0.0,0.0,0.33410353395182096,0.014644582458643168,1.8982071210586673,calm,,0,0.6701072452437783,0.06918276688559237
2024-01-18 00:00:00+00:00,0.0,0.0,0.0,0.13295775199638693,0.014632713513861502,1.8910023960526932,calm,,0,0.6701072452437783,0.06918276688559237
2024-01-19 00:00:00+00:00,0.0,0.0,0.0,0.2054481041296124,0.014621927962713506,1.89152838166894,calm,,0,0.6701072452437783,0.06918276688559237
2024-01-22 00:00:00+00:00,0.0,0.0,0.0,0.3860090040898016,0.014612126913361102,1.8951781188977952,calm,,0,0.6701072452437783,0.06918276688559237
2024-01-23 00:00:00+00:00,0.0,0.0,0.0,-0.008785580039363623,0.014603220500782816,1.8848165369184762,calm,,0,0.6701072452437783,0.06918276688559237
2024-01-24 00:00:00+00:00,0.0,0.0,0.0,0.32182187384661526,0.01459512706280873,1.892754513333403,calm,,0,0.6701072452437783,0.06918276688559237
2024-01-25 00:00:00+00:00,0.0,0.0,0.0,0.6373395333569931,0.014587772391366707,1.9002808619310119,calm,,0,0.6701072452437783,0.06918276688559237
2024-01-26 00:00:00+00:00,0.0,0.0,0.0,0.5402253637044051,0.014581089052074643,1.8985163453700356,calm,,0,0.6701072452437783,0.06918276688559237
2024-01-29 00:00:00+00:00,0.0,0.0,0.0,0.47954489258438154,0.014575015765940115,1.8975955562541946,calm,,0,0.6701072452437783,0.06918276688559237
2024-01-30 00:00:00+00:00,0.0,0.0,0.0,0.27236764516289264,0.014569496847498304,1.893179350383479,calm,,0,0.6701072452437783,0.06918276688559237
2024-01-31 00:00:00+00:00,0.0,0.0,0.0,-0.010688215834078226,0.014564481694236514,1.8871143118511582,calm,,0,0.6701072452437783,0.06918276688559237
2024-02-01 00:00:00+00:00,0.0,0.0,0.0,0.21047679564490848,0.014559924322623862,1.8927297594480423,calm,,0,0.6701072452437783,0.06918276688559237
2024-02-02 00:00:00+00:00,0.0,0.0,0.0,1.6657958310143892,0.02659180472002559,1.9266904671451939,normal,,1,0.6701072452437783,0.06918276688559237
2024-02-05 00:00:00+00:00,0.0,0.0,0.0,1.7224634801151113,0.025489396997272918,1.9295893723436488,normal,,0,0.6701072452437783,0.06918276688559237
2024-02-06 00:00:00+00:00,0.0,0.0,0.0,1.4689957986770998,0.024487616712806252,1.925181018679043,normal,,0,0.6701072452437783,0.06918276688559237
2024-02-07 00:00:00+00:00,0.0,0.0,0.0,1.3932464840349061,0.02357727862497043,1.9244571638788557,normal,,0,0.6701072452437783,0.06918276688559237
2024-02-08 00:00:00+00:00,0.0,0.0,0.0,1.4109972705841862,0.02275003591814697,1.9257501682615037,normal,,0,0.6701072452437783,0.06918276688559237
2024-02-09 00:00:00+00:00,0.0,0.0,0.0,1.1327447406170237,0.021998303671483,1.9202285168344315,normal,,0,0.6701072452437783,0.06918276688559237
2024-02-12 00:00:00+00:00,0.0,0.0,0.0,0.993145248447771,0.0213151893133711,1.9177310164914436,normal,,0,0.6701072452437783,0.06918276688559237
2024-02-13 00:00:00+00:00,0.0,0.0,0.0,1.0284312501011525,0.020694429424022852,1.9192204851350887,normal,,0,0.6701072452437783,0.06918276688559237
2024-02-14 00:00:00+00:00,0.0,0.0,0.0,1.3538906778334676,0.02013033230668408,1.927236945829116,normal,,0,0.6701072452437783,0.06918276688559237
2024-02-15 00:00:00+00:00,0.0,0.0,0.0,1.4703059724423095,0.01961772580093191,1.930472254774624,normal,,0,0.6701072452437783,0.06918276688559237
2024-02-16 00:00:00+00:00,0.0,0.0,0.0,1.4539040084415553,0.019151909859558027,1.9308601499138924,normal,,0,0.6701072452437783,0.06918276688559237
2024-02-20 00:00:00+00:00,0.0,0.0,0.0,1.585383439141617,0.0187286134542195,1.9343728070803006,normal,,0,0.6701072452437783,0.06918276688559237
2024-02-21 00:00:00+00:00,0.0,0.0,0.0,1.2763117349844657,0.01834395541472854,1.9285665120502982,normal,,0,0.6701072452437783,0.06918276688559237
2024-02-22 00:00:00+00:00,0.0,0.0,0.0,1.253091716000801,0.017994408842919824,1.9286227390566717,normal,,0,0.6701072452437783,0.06918276688559237
2024-02-23 00:00:00+00:00,0.0,0.0,0.0,1.3319287052029425,0.01767676877480916,1.9306662437890063,normal,,0,0.6701072452437783,0.06918276688559237
2024-02-26 00:00:00+00:00,0.0,0.0,0.0,0.6950792945548073,0.017388122794540297,1.9188557524942196,normal,,0,0.6701072452437783,0.06918276688559237
2024-02-27 00:00:00+00:00,0.0,0.0,0.0,0.32400965379580027,0.01712582433068168,1.9123639520647524,normal,,0,0.6701072452437783,0.06918276688559237
2024-02-28 00:00:00+00:00,0.0,0.0,0.0,0.23502715742139865,0.016887468390029036,1.9112894513171157,normal,,0,0.6701072452437783,0.06918276688559237
2024-02-29 00:00:00+00:00,0.0,0.0,0.0,-0.018427922984825446,0.016670869506418988,1.907584773822557,normal,,0,0.6701072452437783,0.06918276688559237
2024-03-01 00:00:00+00:00,0.0,0.0,0.0,-0.19094611859737143,0.016474041702368204,1.9053995446476262,normal,,0,0.6701072452437783,0.06918276688559237
2024-03-04 00:00:00+00:00,0.0,0.0,0.0,-1.310144188915856,0.028331202053341508,1.8885909419480873,normal,,1,0.6701072452437783,0.06918276688559237
2024-03-05 00:00:00+00:00,0.0,0.0,0.0,-1.5298232218161312,0.027070022676326425,1.886129102494738,normal,,0,0.6701072452437783,0.06918276688559237
2024-03-06 00:00:00+00:00,0.0,0.0,0.0,-2.666516666421853,0.025923963365425615,1.8696477960489575,normal,,0,0.6701072452437783,0.06918276688559237
2024-03-07 00:00:00+00:00,0.0,0.0,0.0,-2.3733578959885797,0.02488251599636771,1.8726082919855558,normal,,0,0.6701072452437783,0.06918276688559237
2024-03-08 00:00:00+00:00,0.0,0.0,0.0,-2.412560614377584,0.023936131623236878,1.870437648178871,normal,,0,0.6701072452437783,0.06918276688559237
2024-03-11 00:00:00+00:00,0.0,0.0,0.0,-1.6874944400842926,0.02307613292496713,1.8807876255641736,normal,,0,0.6701072452437783,0.06918276688559237
2024-03-12 00:00:00+00:00,0.0,0.0,0.0,-1.6080287000111277,0.02229463464369383,1.881717194563254,normal,,0,0.6701072452437783,0.06918276688559237
2024-03-13 00:00:00+00:00,0.0,0.0,0.0,-1.0389082084889099,0.021584471285467963,1.890659974580506,normal,,0,0.6701072452437783,0.06918276688559237
2024-03-14 00:00:00+00:00,0.0,0.0,0.0,-1.0214280220651881,0.020939131420427005,1.890434646841355,normal,,0,0.6701072452437783,0.06918276688559237
2024-03-15 00:00:00+00:00,0.0,0.0,0.0,-0.9490763453559743,0.020352697980026077,1.8911279577717677,normal,,0,0.6701072452437783,0.06918276688559237
2024-03-18 00:00:00+00:00,0.0,0.0,0.0,-1.4437882820793781,0.0198197940039194,1.8821294307385026,normal,,0,0.6701072452437783,0.06918276688559237
2024-03-19 00:00:00+00:00,0.0,0.0,0.0,-1.21067313030851,0.019335533339049825,1.8852867199131338,normal,,0,0.6701072452437783,0.06918276688559237
2024-03-20 00:00:00+00:00,0.0,0.0,0.0,-1.733605633326287,0.01889547583891029,1.8753154225006017,normal,,0,0.6701072452437783,0.06918276688559237
2024-03-21 00:00:00+00:00,0.0,0.0,0.0,-1.9039222067296395,0.01849558665220294,1.8708968895213705,normal,,0,0.6701072452437783,0.06918276688559237
2024-03-22 00:00:00+00:00,0.0,0.0,0.0,-1.7871005425284556,0.018132199227616917,1.8714127037731423,normal,,0,0.6701072452437783,0.06918276688559237
2024-03-25 00:00:00+00:00,0.0,0.0,0.0,-1.5006985127456824,0.01780198169551871,1.875426733708168,normal,,0,0.6701072452437783,0.06918276688559237
2024-03-26 00:00:00+00:00,0.0,0.0,0.0,-1.632007356836586,0.017501906318311434,1.8719227324968242,normal,,0,0.6701072452437783,0.06918276688559237
2024-03-27 00:00:00+00:00,0.0,0.0,0.0,-1.5259140199994283,0.017229221729355967,1.8727266742560458,normal,,0,0.6701072452437783,0.06918276688559237
2024-03-28 00:00:00+00:00,0.0,0.0,0.0,-1.3836186466944984,0.016981427705914813,1.8743498942140198,normal,,0,0.6701072452437783,0.06918276688559237
2024-04-01 00:00:00+00:00,2.0,0.0,0.0,-0.9961999221990336,0.019664177920734206,1.9893392174462816,normal,pair_untradeable,0,0.646934483706615,0.06956571230201314
2024-04-02 00:00:00+00:00,0.0,0.0,0.0,-1.2957305936663495,0.019663849156177388,1.982991338402055,normal,,0,0.646934483706615,0.06956571230201314
2024-04-03 00:00:00+00:00,0.0,0.0,0.0,-1.042088345835758,0.01966352042934933,1.9870124711702761,normal,,0,0.646934483706615,0.06956571230201314
2024-04-04 00:00:00+00:00,0.0,0.0,0.0,-0.9774416741949057,0.0196631917402457,1.987625418115956,normal,,0,0.646934483706615,0.06956571230201314
2024-04-05 00:00:00+00:00,0.0,0.0,0.0,-1.2829167917693496,0.019662863088862177,1.9810691425892588,normal,,0,0.646934483706615,0.06956571230201314
2024-04-08 00:00:00+00:00,0.0,0.0,0.0,-1.0195189075237179,0.01966253447519442,1.985520899679396,normal,,0,0.646934483706615,0.06956571230201314
2024-04-09 00:00:00+00:00,0.0,0.0,0.0,-1.0482175379497207,0.019662205899238113,1.9844926162348013,normal,,0,0.646934483706615,0.06956571230201314
2024-04-10 00:00:00+00:00,0.0,0.0,0.0,-1.053206816965469,0.019661877360988917,1.9838300389883448,normal,,0,0.646934483706615,0.06956571230201314
2024-04-11 00:00:00+00:00,0.0,0.0,0.0,-1.1875514992249172,0.019661548860442513,1.980469552266543,normal,,0,0.646934483706615,0.06956571230201314
2024-04-12 00:00:00+00:00,0.0,0.0,0.0,-1.7313725582357367,0.019661220397594572,1.968683822222205,normal,,0,0.646934483706615,0.06956571230201314
2024-04-15 00:00:00+00:00,0.0,0.0,0.0,-1.7871704502325356,0.019660891972440767,1.9660487923273369,normal,,0,0.646934483706615,0.06956571230201314
2024-04-16 00:00:00+00:00,0.0,0.0,0.0,-2.1101933931291352,0.01966056358497677,1.9576338300603786,normal,,0,0.646934483706615,0.06956571230201314
2024-04-17 00:00:00+00:00,0.0,0.0,0.0,-1.7661709214929764,0.019660235235198262,1.9629944122747025,normal,,0,0.646934483706615,0.06956571230201314
2024-04-18 00:00:00+00:00,0.0,0.0,0.0,-1.3656260177907986,0.019659906923100913,1.9704965834371375,normal,,0,0.646934483706615,0.06956571230201314
2024-04-19 00:00:00+00:00,0.0,0.0,0.0,-1.0485855939602249,0.019659578648680398,1.9770644744171766,normal,,0,0.646934483706615,0.06956571230201314
2024-04-22 00:00:00+00:00,0.0,0.0,0.0,-0.5869489260666017,0.019659250411932398,1.9872571096402805,normal,,0,0.646934483706615,0.06956571230201314
2024-04-23 00:00:00+00:00,0.0,0.0,0.0,-0.48552144209886905,0.019658922212852585,1.9892654925188835,normal,,0,0.646934483706615,0.06956571230201314
2024-04-24 00:00:00+00:00,0.0,0.0,0.0,-0.2587220685434374,0.01965859405143664,1.9942887949820243,normal,,0,0.646934483706615,0.06956571230201314
2024-04-25 00:00:00+00:00,0.0,0.0,0.0,0.10313485993873855,0.01965826592768024,2.002595003992394,normal,,0,0.646934483706615,0.06956571230201314
2024-04-26 00:00:00+00:00,0.0,0.0,0.0,1.1712517690884152,0.01965793784157906,2.0276745665519487,normal,,0,0.646934483706615,0.06956571230201314
2024-04-29 00:00:00+00:00,0.0,0.0,0.0,0.751013346483165,0.019657609793128784,2.0185617884812768,normal,,0,0.646934483706615,0.06956571230201314
2024-04-30 00:00:00+00:00,0.0,0.0,0.0,-0.21740957440753902,0.019657281782325085,1.9958869845774583,normal,,0,0.646934483706615,0.06956571230201314
2024-05-01 00:00:00+00:00,0.0,0.0,0.0,-0.035366843404404436,0.019656953809163647,1.9996036806356416,normal,,0,0.646934483706615,0.06956571230201314
2024-05-02 00:00:00+00:00,0.0,0.0,0.0,0.09454559005561082,0.01965662587364015,2.0019844388297905,normal,,0,0.646934483706615,0.06956571230201314
2024-05-03 00:00:00+00:00,0.0,0.0,0.0,0.07232639069310563,0.019656297975750275,2.0009385761949603,normal,,0,0.646934483706615,0.06956571230201314
2024-05-06 00:00:00+00:00,0.0,0.0,0.0,0.5190552829221852,0.0196559701154897,2.010289574182839,normal,,0,0.646934483706615,0.06956571230201314
2024-05-07 00:00:00+00:00,0.0,0.0,0.0,0.8135500591687838,0.01965564229285411,2.0160891362984286,normal,,0,0.646934483706615,0.06956571230201314
2024-05-08 00:00:00+00:00,0.0,0.0,0.0,0.7870788569346419,0.019655314507839184,2.0151633094532198,normal,,0,0.646934483706615,0.06956571230201314
2024-05-09 00:00:00+00:00,0.0,0.0,0.0,1.0057270665128968,0.01965498676044061,2.0195274402722654,normal,,0,0.646934483706615,0.06956571230201314
2024-05-10 00:00:00+00:00,0.0,0.0,0.0,1.2988185282032931,0.019654659050654066,2.0254989622083874,normal,,0,0.646934483706615,0.06956571230201314
2024-05-13 00:00:00+00:00,0.0,0.0,0.0,0.893646760819794,0.019654331378475238,2.016560361054212,normal,,0,0.646934483706615,0.06956571230201314
2024-05-14 00:00:00+00:00,0.0,0.0,0.0,0.7141074466365138,0.019654003743899806,2.0120616159276503,normal,,0,0.646934483706615,0.06956571230201314
2024-05-15 00:00:00+00:00,0.0,0.0,0.0,0.40005864942178737,0.01965367614692346,2.004945091782206,normal,,0,0.646934483706615,0.06956571230201314
2024-05-16 00:00:00+00:00,0.0,0.0,0.0,-0.03684849186479557,0.019653348587541888,1.9956904007333804,normal,,0,0.646934483706615,0.06956571230201314
2024-05-17 00:00:00+00:00,0.0,0.0,0.0,0.08913901118107284,0.01965302106575077,1.997339584275017,normal,,0,0.646934483706615,0.06956571230201314
2024-05-20 00:00:00+00:00,0.0,0.0,0.0,-0.07985469782966667,0.01965269358154579,1.9936668880403596,normal,,0,0.646934483706615,0.06956571230201314
2024-05-21 00:00:00+00:00,0.0,0.0,0.0,-0.29335677760815143,0.01965236613492264,1.989473568214858,normal,,0,0.646934483706615,0.06956571230201314
2024-05-22 00:00:00+00:00,0.0,0.0,0.0,-0.36712532348388993,0.019652038725877,1.9878363489701782,normal,,0,0.646934483706615,0.06956571230201314
2024-05-23 00:00:00+00:00,0.0,0.0,0.0,0.16114617698360095,0.01965171135440457,1.99568215051081,normal,,0,0.646934483706615,0.06956571230201314
2024-05-24 00:00:00+00:00,0.0,0.0,0.0,0.4838889171091895,0.019651384020501025,2.000155610886325,normal,,0,0.646934483706615,0.06956571230201314
2024-05-28 00:00:00+00:00,0.0,0.0,0.0,0.6088312194727613,0.019651056724162064,2.0016512274366245,normal,,0,0.646934483706615,0.06956571230201314
2024-05-29 00:00:00+00:00,0.0,0.0,0.0,0.0830206124068324,0.01965072946538337,1.993555908231289,normal,,0,0.646934483706615,0.06956571230201314
2024-05-30 00:00:00+00:00,0.0,0.0,0.0,0.5123651401978443,0.019650402244160634,1.9998550799477934,normal,,0,0.646934483706615,0.06956571230201314
2024-05-31 00:00:00+00:00,0.0,0.0,0.0,0.9998461654310346,0.019650075060489547,2.0071867338823144,normal,,0,0.646934483706615,0.06956571230201314
2024-06-03 00:00:00+00:00,0.0,0.0,0.0,0.09933514667992299,0.019649747914365797,1.9943380337050196,normal,,0,0.646934483706615,0.06956571230201314
2024-06-04 00:00:00+00:00,0.0,0.0,0.0,0.0817346821181794,0.01964942080578508,1.9942930958839136,normal,,0,0.646934483706615,0.06956571230201314
2024-06-05 00:00:00+00:00,0.0,0.0,0.0,-0.6253818640939404,0.019649093734743082,1.9842069002880778,normal,,0,0.646934483706615,0.06956571230201314
2024-06-06 00:00:00+00:00,0.0,0.0,0.0,-0.5495515377764931,0.0196487667012355,1.9852046781195667,normal,,0,0.646934483706615,0.06956571230201314
2024-06-07 00:00:00+00:00,0.0,0.0,0.0,0.12537183353519174,0.01964843970525802,1.995010081660444,normal,,0,0.646934483706615,0.06956571230201314
2024-06-10 00:00:00+00:00,0.0,0.0,0.0,0.18921946042177837,0.01964811274680634,1.9958687719107564,normal,,0,0.646934483706615,0.06956571230201314
2024-06-11 00:00:00+00:00,0.0,0.0,0.0,0.44977887065286337,0.019647785825876157,1.9996148771789288,normal,,0,0.646934483706615,0.06956571230201314
2024-06-12 00:00:00+00:00,0.0,0.0,0.0,-0.010393049543274219,0.01964745894246316,1.9928668989321752,normal,,0,0.646934483706615,0.06956571230201314
2024-06-13 00:00:00+00:00,0.0,0.0,0.0,-0.3335499765100569,0.019647132096563043,1.9881607633559306,normal,,0,0.646934483706615,0.06956571230201314
2024-06-14 00:00:00+00:00,0.0,0.0,0.0,-0.06404576581604404,0.019646805288171504,1.9919918451054826,normal,,0,0.646934483706615,0.06956571230201314
2024-06-17 00:00:00+00:00,0.0,0.0,0.0,0.5394057436418291,0.019646478517284235,2.000927550345605,normal,,0,0.646934483706615,0.06956571230201314
2024-06-18 00:00:00+00:00,0.0,0.0,0.0,0.11612433244495385,0.019646151783896934,1.9950771107624505,normal,,0,0.646934483706615,0.06956571230201314
2024-06-20 00:00:00+00:00,0.0,0.0,0.0,0.6281552129876504,0.0196458250880053,2.002704343192986,normal,,0,0.646934483706615,0.06956571230201314
2024-06-21 00:00:00+00:00,0.0,0.0,0.0,0.40571370807905743,0.019645498429605026,1.9997799500518023,normal,,0,0.646934483706615,0.06956571230201314
2024-06-24 00:00:00+00:00,0.0,0.0,0.0,0.8264646674449773,0.01964517180869181,2.0061088660081294,normal,,0,0.646934483706615,0.06956571230201314
2024-06-25 00:00:00+00:00,0.0,0.0,0.0,0.37798925695240837,0.019644845225261356,2.000044272361153,normal,,0,0.646934483706615,0.06956571230201314
2024-06-26 00:00:00+00:00,0.0,0.0,0.0,-0.8578955299513106,0.019644518679309355,1.9825537694628044,normal,,0,0.646934483706615,0.06956571230201314
2024-06-27 00:00:00+00:00,0.0,0.0,0.0,-0.7874384304970788,0.019644192170831506,1.9833957932945983,normal,,0,0.646934483706615,0.06956571230201314
2024-06-28 00:00:00+00:00,0.0,0.0,0.0,-0.8020285269144486,0.019643865699823515,1.9831965748402598,normal,,0,0.646934483706615,0.06956571230201314
2024-07-01 00:00:00+00:00,2.0,0.0,0.0,-0.768181397190057,0.01745646358102715,2.0105256126199733,normal,pair_untradeable,0,0.6412756159959435,0.06904790295494403
2024-07-02 00:00:00+00:00,0.0,0.0,0.0,-0.3430282180181372,0.017456461075651367,2.016574693687599,calm,,0,0.6412756159959435,0.06904790295494403
2024-07-03 00:00:00+00:00,0.0,0.0,0.0,-0.7644779679882142,0.017456458570526114,2.0106834053560676,calm,,0,0.6412756159959435,0.06904790295494403
2024-07-05 00:00:00+00:00,0.0,0.0,0.0,-1.1307516568293212,0.017456456065651358,2.0053570416815116,calm,,0,0.6412756159959435,0.06904790295494403
2024-07-08 00:00:00+00:00,0.0,0.0,0.0,-0.5678547310530748,0.017456453561027076,2.0133060318379132,calm,,0,0.6412756159959435,0.06904790295494403
2024-07-09 00:00:00+00:00,0.0,0.0,0.0,-0.6766779148619491,0.017456451056653246,2.0117829041865694,calm,,0,0.6412756159959435,0.06904790295494403
2024-07-10 00:00:00+00:00,0.0,0.0,0.0,-0.16181383799951496,0.01745644855252984,2.0193145551632785,calm,,0,0.6412756159959435,0.06904790295494403
2024-07-11 00:00:00+00:00,0.0,0.0,0.0,-0.712360629522376,0.017456446048656836,2.0120532140242853,calm,,0,0.6412756159959435,0.06904790295494403
2024-07-12 00:00:00+00:00,0.0,0.0,0.0,-0.41465618037205515,0.017456443545034204,2.0167309104257045,calm,,0,0.6412756159959435,0.06904790295494403
2024-07-15 00:00:00+00:00,0.0,0.0,0.0,-0.36325241883802556,0.017456441041661924,2.0182934628272347,calm,,0,0.6412756159959435,0.06904790295494403
2024-07-16 00:00:00+00:00,0.0,0.0,0.0,-1.0322913014348853,0.017456438538539967,2.011063980271679,calm,,0,0.6412756159959435,0.06904790295494403
2024-07-17 00:00:00+00:00,0.0,0.0,0.0,0.23252384198913248,0.01745643603566831,2.026269251360288,calm,,0,0.6412756159959435,0.06904790295494403
2024-07-18 00:00:00+00:00,0.0,0.0,0.0,0.002068172736744256,0.01745643353304693,2.0239784081107532,calm,,0,0.6412756159959435,0.06904790295494403
2024-07-19 00:00:00+00:00,0.0,0.0,0.0,-0.3348948477974024,0.017456431030675797,2.02036927393558,calm,,0,0.6412756159959435,0.06904790295494403
2024-07-22 00:00:00+00:00,0.0,0.0,0.0,-1.1326564695234032,0.01745642852855489,2.011551479694526,calm,,0,0.6412756159959435,0.06904790295494403
2024-07-23 00:00:00+00:00,0.0,0.0,0.0,-1.706363192980072,0.017456426026684183,2.004795919410308,calm,,0,0.6412756159959435,0.06904790295494403
2024-07-24 00:00:00+00:00,0.0,0.0,0.0,-2.0043971815095616,0.017456423525063648,2.000536285874859,calm,,0,0.6412756159959435,0.06904790295494403
2024-07-25 00:00:00+00:00,0.0,0.0,0.0,-1.674864232806617,0.017456421023693262,2.0040304019416006,calm,,0,0.6412756159959435,0.06904790295494403
2024-07-26 00:00:00+00:00,0.0,0.0,0.0,-1.3802122969929642,0.017456418522573004,2.0068394791731223,calm,,0,0.6412756159959435,0.06904790295494403
2024-07-29 00:00:00+00:00,0.0,0.0,0.0,-1.4451459373790458,0.017456416021702843,2.0056097770547945,calm,,0,0.6412756159959435,0.06904790295494403
2024-07-30 00:00:00+00:00,0.0,0.0,0.0,-0.7093018884352378,0.017456413521082757,2.013350691440514,calm,,0,0.6412756159959435,0.06904790295494403
2024-07-31 00:00:00+00:00,0.0,0.0,0.0,0.055777949391611896,0.01745641102071272,2.0217627515236294,calm,,0,0.6412756159959435,0.06904790295494403
2024-08-01 00:00:00+00:00,0.0,0.0,0.0,-3.9333068240262845,0.01745740842059771,1.976571897875178,calm,,1,0.6412756159959435,0.06904790295494403
2024-08-02 00:00:00+00:00,0.0,0.0,0.0,-5.629151924350679,0.017457405820742698,1.949765378511259,calm,,0,0.6412756159959435,0.06904790295494403
2024-08-05 00:00:00+00:00,0.0,0.0,0.0,-5.412088026205662,0.01745740322114766,1.9367430114523931,calm,,0,0.6412756159959435,0.06904790295494403
2024-08-06 00:00:00+00:00,0.0,0.0,0.0,-4.9150585120116865,0.017457400621812565,1.9276099771893063,calm,,0,0.6412756159959435,0.06904790295494403
2024-08-07 00:00:00+00:00,0.0,0.0,0.0,-4.811827931050814,0.01745739802273739,1.9133262829427484,calm,,0,0.6412756159959435,0.06904790295494403
2024-08-08 00:00:00+00:00,0.0,0.0,0.0,-3.9725060378585635,0.01745739542392211,1.9160208041295697,calm,,0,0.6412756159959435,0.06904790295494403
2024-08-09 00:00:00+00:00,0.0,0.0,0.0,-3.449094872133371,0.0174573928253667,1.9174031862528125,calm,,0,0.6412756159959435,0.06904790295494403
2024-08-12 00:00:00+00:00,0.0,0.0,0.0,-3.2555596919772585,0.017457390227071132,1.9131641551511254,calm,,0,0.6412756159959435,0.06904790295494403
2024-08-13 00:00:00+00:00,0.0,0.0,0.0,-2.9480134914590317,0.01745738762903538,1.9133827525733453,calm,,0,0.6412756159959435,0.06904790295494403
2024-08-14 00:00:00+00:00,0.0,0.0,0.0,-2.806929795506776,0.01745738503125942,1.9100469260678006,calm,,0,0.6412756159959435,0.06904790295494403
2024-08-15 00:00:00+00:00,0.0,0.0,0.0,-2.1266390413055416,0.017457382433743222,1.9267056657095547,calm,,0,0.6412756159959435,0.06904790295494403
2024-08-16 00:00:00+00:00,0.0,0.0,0.0,-1.8517892822190491,0.017457379836486767,1.932658969696305,calm,,0,0.6412756159959435,0.06904790295494403
2024-08-19 00:00:00+00:00,0.0,0.0,0.0,-1.8933335326156888,0.01745737723949002,1.927879201871061,calm,,0,0.6412756159959435,0.06904790295494403
2024-08-20 00:00:00+00:00,0.0,0.0,0.0,-1.6152197532702643,0.017457374642752963,1.935258271010151,calm,,0,0.6412756159959435,0.06904790295494403
2024-08-21 00:00:00+00:00,0.0,0.0,0.0,-1.377310492852887,0.017457372046275565,1.9421048284814555,calm,,0,0.6412756159959435,0.06904790295494403
2024-08-22 00:00:00+00:00,0.0,0.0,0.0,-1.369578593987279,0.017457369450057804,1.9404310681992203,calm,,0,0.6412756159959435,0.06904790295494403
2024-08-23 00:00:00+00:00,0.0,0.0,0.0,-1.2337340077221808,0.017457366854099647,1.9439414245570483,calm,,0,0.6412756159959435,0.06904790295494403
2024-08-26 00:00:00+00:00,0.0,0.0,0.0,-1.3711702378715531,0.017457364258401078,1.9366316700817054,calm,,0,0.6412756159959435,0.06904790295494403
2024-08-27 00:00:00+00:00,0.0,0.0,0.0,-1.454377877725499,0.017457361662962065,1.9311902202415356,calm,,0,0.6412756159959435,0.06904790295494403
2024-08-28 00:00:00+00:00,0.0,0.0,0.0,-1.346677222772525,0.01745735906778258,1.933478543103992,calm,,0,0.6412756159959435,0.06904790295494403
2024-08-29 00:00:00+00:00,0.0,0.0,0.0,-1.2808159708651676,0.0174573564728626,1.9342332312849084,calm,,0,0.6412756159959435,0.06904790295494403
2024-08-30 00:00:00+00:00,0.0,0.0,0.0,-1.1597340700753669,0.017457353878202103,1.9374698153216356,calm,,0,0.6412756159959435,0.06904790295494403
2024-09-03 00:00:00+00:00,0.0,0.0,0.0,-1.3012777907273323,0.017457351283801055,1.9298297911620033,calm,,0,0.6412756159959435,0.06904790295494403
2024-09-04 00:00:00+00:00,0.0,0.0,0.0,-1.5122348376640617,0.017457348689659438,1.9188185480749014,calm,,0,0.6412756159959435,0.06904790295494403
2024-09-05 00:00:00+00:00,0.0,0.0,0.0,-1.521525878183547,0.017457346095777218,1.915926004535883,calm,,0,0.6412756159959435,0.06904790295494403
2024-09-06 00:00:00+00:00,0.0,0.0,0.0,-1.7862008635038864,0.017457343502154377,1.9017566972452866,calm,,0,0.6412756159959435,0.06904790295494403
2024-09-09 00:00:00+00:00,0.0,0.0,0.0,-1.765976927235102,0.01745734090879088,1.8992890510329317,calm,,0,0.6412756159959435,0.06904790295494403
2024-09-10 00:00:00+00:00,0.0,0.0,0.0,-1.5088037782042587,0.017457338315686712,1.907566832658639,calm,,0,0.6412756159959435,0.06904790295494403
2024-09-11 00:00:00+00:00,0.0,0.0,0.0,-1.279039378117951,0.01745733572284184,1.9155177097758314,calm,,0,0.6412756159959435,0.06904790295494403
2024-09-12 00:00:00+00:00,0.0,0.0,0.0,-1.2585196860666235,0.01745733313025624,1.91443401309416,calm,,0,0.6412756159959435,0.06904790295494403
2024-09-13 00:00:00+00:00,0.0,0.0,0.0,-0.9912109938485358,0.017457330537929885,1.9248979152059111,calm,,0,0.6412756159959435,0.06904790295494403
2024-09-16 00:00:00+00:00,0.0,0.0,0.0,-0.9156158704332165,0.017457327945862747,1.92689460219376,calm,,0,0.6412756159959435,0.06904790295494403
2024-09-17 00:00:00+00:00,0.0,0.0,0.0,-0.839539107186954,0.017457325354054806,1.9290134596638442,calm,,0,0.6412756159959435,0.06904790295494403
2024-09-18 00:00:00+00:00,0.0,0.0,0.0,-0.8089367220014004,0.01745732276250603,1.9291155654351981,calm,,0,0.6412756159959435,0.06904790295494403
2024-09-19 00:00:00+00:00,0.0,0.0,0.0,-0.8289048397272074,0.0174573201712164,1.9269933826794077,calm,,0,0.6412756159959435,0.06904790295494403
2024-09-20 00:00:00+00:00,0.0,0.0,0.0,-0.578017772364681,0.017457317580185882,1.9368803457930608,calm,,0,0.6412756159959435,0.06904790295494403
2024-09-23 00:00:00+00:00,0.0,0.0,0.0,-0.6056103862687181,0.017457314989414458,1.9346377002260957,calm,,0,0.6412756159959435,0.06904790295494403
2024-09-24 00:00:00+00:00,0.0,0.0,0.0,-0.49443198160626933,0.017457312398902095,1.9384424266326281,calm,,0,0.6412756159959435,0.06904790295494403
2024-09-25 00:00:00+00:00,0.0,0.0,0.0,-0.7238828074720757,0.01745730980864877,1.927525087124935,calm,,0,0.6412756159959435,0.06904790295494403
2024-09-26 00:00:00+00:00,0.0,0.0,0.0,-0.7589106820801466,0.01745730721865446,1.924895436593951,calm,,0,0.6412756159959435,0.06904790295494403
2024-09-27 00:00:00+00:00,0.0,0.0,0.0,-0.5554491700167733,0.017457304628919135,1.9323828225379347,calm,,0,0.6412756159959435,0.06904790295494403
2024-09-30 00:00:00+00:00,0.0,0.0,0.0,-0.4429809848025968,0.017457302039442773,1.9360734639553714,calm,,0,0.6412756159959435,0.06904790295494403
2024-10-01 00:00:00+00:00,2.0,0.0,0.0,-0.27122407648471564,0.01719827760395353,2.1260826494323783,normal,pair_untradeable,0,0.6025687030294796,0.07373858628112093
2024-10-02 00:00:00+00:00,0.0,0.0,0.0,-0.3347982616043773,0.017171055176686007,2.122517256315838,calm,,0,0.6025687030294796,0.07373858628112093
2024-10-03 00:00:00+00:00,0.0,0.0,0.0,-0.3230640089881432,0.01714538591973985,2.1220231427020573,calm,,0,0.6025687030294796,0.07373858628112093
2024-10-04 00:00:00+00:00,0.0,0.0,0.0,-0.6809993413268282,0.022730750197703205,2.1069977147951877,normal,,1,0.6025687030294796,0.07373858628112093
2024-10-07 00:00:00+00:00,0.0,0.0,0.0,-0.6791070192069893,0.022387873616896897,2.106078225664938,normal,,0,0.6025687030294796,0.07373858628112093
2024-10-08 00:00:00+00:00,0.0,0.0,0.0,-0.6086595303402565,0.022064559793076487,2.10777110542086,normal,,0,0.6025687030294796,0.07373858628112093
2024-10-09 00:00:00+00:00,0.0,0.0,0.0,-0.4505369934156374,0.02175969257692671,2.1126199360577096,normal,,0,0.6025687030294796,0.07373858628112093
2024-10-10 00:00:00+00:00,0.0,0.0,0.0,-0.3696977507348632,0.021472219500815546,2.1145571438508757,normal,,0,0.6025687030294796,0.07373858628112093
2024-10-11 00:00:00+00:00,0.0,0.0,0.0,-0.18707052952414696,0.021201148145448122,2.119739910452509,normal,,0,0.6025687030294796,0.07373858628112093
2024-10-14 00:00:00+00:00,0.0,0.0,0.0,-0.3072161608942168,0.02094554271382043,2.1147512635561134,normal,,0,0.6025687030294796,0.07373858628112093
2024-10-15 00:00:00+00:00,0.0,0.0,0.0,-0.43834235942851696,0.020704520800645505,2.1098343922444833,normal,,0,0.6025687030294796,0.07373858628112093
2024-10-16 00:00:00+00:00,0.0,0.0,0.0,-0.25615645777731244,0.02047725034609931,2.1142922668912743,normal,,0,0.6025687030294796,0.07373858628112093
2024-10-17 00:00:00+00:00,0.0,0.0,0.0,0.40910519206795576,0.02587251574379046,2.131621502524563,normal,,1,0.6025687030294796,0.07373858628112093
2024-10-18 00:00:00+00:00,0.0,0.0,0.0,0.4188897579287151,0.025350386337549845,2.1304822723684977,normal,,0,0.6025687030294796,0.07373858628112093
2024-10-21 00:00:00+00:00,0.0,0.0,0.0,0.5477550622884153,0.0248580469235725,2.132019340619845,normal,,0,0.6025687030294796,0.07373858628112093
2024-10-22 00:00:00+00:00,0.0,0.0,0.0,0.4662597150806122,0.02439379783961295,2.1281701538852102,normal,,0,0.6025687030294796,0.07373858628112093
2024-10-23 00:00:00+00:00,0.0,0.0,0.0,0.5960801297179187,0.023956036397326304,2.12889626026328,normal,,0,0.6025687030294796,0.07373858628112093
2024-10-24 00:00:00+00:00,0.0,0.0,0.0,0.9193899472386576,0.023543251349441144,2.1317641157195295,normal,,0,0.6025687030294796,0.07373858628112093
2024-10-25 00:00:00+00:00,0.0,0.0,0.0,1.615542541795894,0.02315401767260676,2.1357659525889123,normal,,0,0.6025687030294796,0.07373858628112093
2024-10-28 00:00:00+00:00,0.0,0.0,0.0,1.690300124473356,0.02278699164790404,2.1344121550104815,normal,,0,0.6025687030294796,0.07373858628112093
2024-10-29 00:00:00+00:00,0.0,0.0,0.0,1.3783926869468177,0.022440906222036844,2.1306135724277744,normal,,0,0.6025687030294796,0.07373858628112093
2024-10-30 00:00:00+00:00,0.0,0.0,0.0,1.4401432725180807,0.022114566633189725,2.131772664591379,normal,,0,0.6025687030294796,0.07373858628112093
2024-10-31 00:00:00+00:00,0.0,0.0,0.0,1.5434549532322637,0.02180684628645148,2.1337174572419775,normal,,0,0.6025687030294796,0.07373858628112093
2024-11-01 00:00:00+00:00,0.0,0.0,0.0,4.431111075766307,0.027126251844985967,2.1708985577469635,normal,,1,0.6025687030294796,0.07373858628112093
2024-11-04 00:00:00+00:00,0.0,0.0,0.0,2.9441769426331654,0.02653259076803613,2.158530844088745,normal,,0,0.6025687030294796,0.07373858628112093
2024-11-05 00:00:00+00:00,0.0,0.0,0.0,2.395600327494204,0.025972800908983556,2.1536897018875885,normal,,0,0.6025687030294796,0.07373858628112093
2024-11-06 00:00:00+00:00,0.0,0.0,0.0,3.3630039095585493,0.025444949752043748,2.171154816148968,normal,,0,0.6025687030294796,0.07373858628112093
2024-11-07 00:00:00+00:00,0.0,0.0,0.0,2.595750169148045,0.02494721504074645,2.1633732140967163,normal,,0,0.6025687030294796,0.07373858628112093
2024-11-08 00:00:00+00:00,0.0,0.0,0.0,2.594384268974901,0.024477878487111766,2.1661378249767758,normal,,0,0.6025687030294796,0.07373858628112093
2024-11-11 00:00:00+00:00,0.0,0.0,0.0,2.3821357498580045,0.024035319839748093,2.16549660057345,normal,,0,0.6025687030294796,0.07373858628112093
2024-11-12 00:00:00+00:00,0.0,0.0,0.0,1.9731631065139075,0.023618011290393523,2.1603686840920746,normal,,0,0.6025687030294796,0.07373858628112093
2024-11-13 00:00:00+00:00,0.0,0.0,0.0,2.6255870462482958,0.023224512199590965,2.175378235544919,normal,,0,0.6025687030294796,0.07373858628112093
2024-11-14 00:00:00+00:00,0.0,0.0,0.0,3.552564869844587,0.022853464123288845,2.1988392074906127,normal,,0,0.6025687030294796,0.07373858628112093
2024-11-15 00:00:00+00:00,0.0,0.0,0.0,3.3673796014799158,0.02250358612319816,2.2032804785364735,normal,,0,0.6025687030294796,0.07373858628112093
2024-11-18 00:00:00+00:00,0.0,0.0,0.0,2.6863769438247727,0.02217367034471617,2.194405243479092,normal,,0,0.6025687030294796,0.07373858628112093
2024-11-19 00:00:00+00:00,0.0,0.0,0.0,2.477317501955994,0.02186257784715083,2.1938804441768553,normal,,0,0.6025687030294796,0.07373858628112093
2024-11-20 00:00:00+00:00,0.0,0.0,0.0,2.4576449272004335,0.021569234671850943,2.1978153242496914,normal,,0,0.6025687030294796,0.07373858628112093
2024-11-21 00:00:00+00:00,0.0,0.0,0.0,2.047085001123784,0.021292628134668395,2.1903334102993064,normal,,0,0.6025687030294796,0.07373858628112093
2024-11-22 00:00:00+00:00,0.0,0.0,0.0,2.1289755276183597,0.02103180332995322,2.1960119220162673,normal,,0,0.6025687030294796,0.07373858628112093
2024-11-25 00:00:00+00:00,0.0,0.0,0.0,1.7958859269357192,0.020785859834012592,2.1890917893637476,normal,,0,0.6025687030294796,0.07373858628112093
2024-11-26 00:00:00+00:00,0.0,0.0,0.0,2.567941678279963,0.02055394859665327,2.2166279503867545,normal,,0,0.6025687030294796,0.07373858628112093
2024-11-27 00:00:00+00:00,0.0,0.0,0.0,2.368397818781994,0.02033526901007655,2.2157197150460926,normal,,0,0.6025687030294796,0.07373858628112093
2024-11-29 00:00:00+00:00,0.0,0.0,0.0,2.121247522606741,0.020129066145006785,2.2119000531029966,normal,,0,0.6025687030294796,0.07373858628112093
2024-12-02 00:00:00+00:00,0.0,0.0,0.0,2.1036027782290163,0.019934628144512113,2.2151162991230913,normal,,0,0.6025687030294796,0.07373858628112093
2024-12-03 00:00:00+00:00,0.0,0.0,0.0,1.9532046921234185,0.0197512837665202,2.21300530934783,normal,,0,0.6025687030294796,0.07373858628112093
2024-12-04 00:00:00+00:00,0.0,0.0,0.0,1.7666617454816447,0.019578400066545293,2.2089175944852464,normal,,0,0.6025687030294796,0.07373858628112093
2024-12-05 00:00:00+00:00,0.0,0.0,0.0,1.8109673810504547,0.01941538021262683,2.2130375014273413,normal,,0,0.6025687030294796,0.07373858628112093
2024-12-06 00:00:00+00:00,0.0,0.0,0.0,1.2398739962941692,0.01926166142493629,2.1941981190135387,normal,,0,0.6025687030294796,0.07373858628112093
2024-12-09 00:00:00+00:00,0.0,0.0,0.0,1.5901612494590214,0.0191167130329394,2.208891498929512,normal,,0,0.6025687030294796,0.07373858628112093
2024-12-10 00:00:00+00:00,0.0,0.0,0.0,1.5413117719605784,0.01898003464340656,2.209325194926514,normal,,0,0.6025687030294796,0.07373858628112093
2024-12-11 00:00:00+00:00,0.0,0.0,0.0,1.4739364739369012,0.018851154412947074,2.2089443609437955,normal,,0,0.6025687030294796,0.07373858628112093
2024-12-12 00:00:00+00:00,0.0,0.0,0.0,1.1323461071710628,0.018729627419103625,2.1977839999064592,normal,,0,0.6025687030294796,0.07373858628112093
2024-12-13 00:00:00+00:00,0.0,0.0,0.0,1.1319944025632347,0.01861503412438362,2.1992161451665377,normal,,0,0.6025687030294796,0.07373858628112093
2024-12-16 00:00:00+00:00,0.0,0.0,0.0,0.7091159855197234,0.01850697892792495,2.1842545191342366,normal,,0,0.6025687030294796,0.07373858628112093
2024-12-17 00:00:00+00:00,0.0,0.0,0.0,0.5057422264955528,0.018405088799796153,2.1773635946210637,normal,,0,0.6025687030294796,0.07373858628112093
2024-12-18 00:00:00+00:00,0.0,0.0,0.0,0.04337045816104196,0.018309011993216346,2.160464569489314,normal,,0,0.6025687030294796,0.07373858628112093
2024-12-19 00:00:00+00:00,0.0,0.0,0.0,-0.4225650536141557,0.018218416830249187,2.1433379533386523,normal,,0,0.6025687030294796,0.07373858628112093
2024-12-20 00:00:00+00:00,0.0,0.0,0.0,-0.20545471550328376,0.018132990556778816,2.15223829709957,normal,,0,0.6025687030294796,0.07373858628112093
2024-12-23 00:00:00+00:00,0.0,0.0,0.0,-0.248772526547821,0.018052438262814954,2.151501681893638,normal,,0,0.6025687030294796,0.07373858628112093
2024-12-24 00:00:00+00:00,0.0,0.0,0.0,-0.12780458612884635,0.017976481864399766,2.1566190826296534,normal,,0,0.6025687030294796,0.07373858628112093
2024-12-26 00:00:00+00:00,0.0,0.0,0.0,-0.1343404287686455,0.01790485914360183,2.157035545039116,normal,,0,0.6025687030294796,0.07373858628112093
2024-12-27 00:00:00+00:00,0.0,0.0,0.0,-0.08199425614442173,0.017837322843283078,2.159469200380743,normal,,0,0.6025687030294796,0.07373858628112093
2024-12-30 00:00:00+00:00,0.0,0.0,0.0,-0.23692294810700737,0.01777363981351362,2.1546186677196597,normal,,0,0.6025687030294796,0.07373858628112093
2024-12-31 00:00:00+00:00,0.0,0.0,0.0,-0.1613685463827496,0.017713590206687703,2.1579060841521107,normal,,0,0.6025687030294796,0.07373858628112093
2025-01-02 00:00:00+00:00,2.0,0.0,0.0,0.20548718556681356,0.020055322271385907,2.1314083161176294,normal,pair_untradeable,0,0.6109926897420267,0.07289545103430319
2025-01-03 00:00:00+00:00,0.0,0.0,0.0,0.33887346597399204,0.020055001010801793,2.1368021023618375,normal,,0,0.6109926897420267,0.07289545103430319
2025-01-06 00:00:00+00:00,0.0,0.0,0.0,0.1897818672556316,0.02005467978432065,2.1327992124490773,normal,,0,0.6109926897420267,0.07289545103430319
2025-01-07 00:00:00+00:00,0.0,0.0,0.0,0.4967995108651389,0.02005435859193886,2.1434535844063753,normal,,0,0.6109926897420267,0.07289545103430319
2025-01-08 00:00:00+00:00,0.0,0.0,0.0,0.9207666472989852,0.0200540374336528,2.157464766329301,normal,,0,0.6109926897420267,0.07289545103430319
2025-01-10 00:00:00+00:00,0.0,0.0,0.0,1.5768057371154962,0.020053716309458857,2.178466670391617,normal,,0,0.6109926897420267,0.07289545103430319
2025-01-13 00:00:00+00:00,0.0,0.0,0.0,1.575115251020295,0.020053395219353405,2.179735702724779,normal,,0,0.6109926897420267,0.07289545103430319
2025-01-14 00:00:00+00:00,0.0,0.0,0.0,1.684423084473888,0.02005307416333283,2.184051962414666,normal,,0,0.6109926897420267,0.07289545103430319
2025-01-15 00:00:00+00:00,0.0,0.0,0.0,1.6334355781029415,0.020052753141393515,2.1837896811973705,normal,,0,0.6109926897420267,0.07289545103430319
2025-01-16 00:00:00+00:00,0.0,0.0,0.0,1.8370952881922347,0.020052432153531835,2.1914790289337014,normal,,0,0.6109926897420267,0.07289545103430319
2025-01-17 00:00:00+00:00,0.0,0.0,0.0,2.0334904787285035,0.020052111199744177,2.199335918718677,normal,,0,0.6109926897420267,0.07289545103430319
2025-01-21 00:00:00+00:00,0.0,0.0,0.0,1.4207526255735452,0.020051790280026925,2.1833726145582077,normal,,0,0.6109926897420267,0.07289545103430319
2025-01-22 00:00:00+00:00,0.0,0.0,0.0,1.3499079439112738,0.020051469394376457,2.1824113272475656,normal,,0,0.6109926897420267,0.07289545103430319
2025-01-23 00:00:00+00:00,0.0,0.0,0.0,1.1316540790997531,0.020051148542789166,2.1770087945481222,normal,,0,0.6109926897420267,0.07289545103430319
2025-01-24 00:00:00+00:00,0.0,0.0,0.0,1.3046099054542555,0.020050827725261428,2.1828744104012894,normal,,0,0.6109926897420267,0.07289545103430319
2025-01-27 00:00:00+00:00,0.0,0.0,0.0,1.2923978907000837,0.02005050694178963,2.1835341955978294,normal,,0,0.6109926897420267,0.07289545103430319
2025-01-28 00:00:00+00:00,0.0,0.0,0.0,1.508733138218604,0.02005018619237016,2.1905352454402927,normal,,0,0.6109926897420267,0.07289545103430319
2025-01-29 00:00:00+00:00,0.0,0.0,0.0,1.2438973007417389,0.0200498654769994,2.1841106553443024,normal,,0,0.6109926897420267,0.07289545103430319
2025-01-30 00:00:00+00:00,0.0,0.0,0.0,1.1412076720130258,0.020049544795673734,2.181986336917141,normal,,0,0.6109926897420267,0.07289545103430319
2025-01-31 00:00:00+00:00,0.0,0.0,0.0,-0.043484422879467306,0.020155174020594056,2.1515808182930445,normal,,1,0.6109926897420267,0.07289545103430319
2025-02-03 00:00:00+00:00,0.0,0.0,0.0,-0.04850141519375271,0.020154842160385822,2.151801426733708,normal,,0,0.6109926897420267,0.07289545103430319
2025-02-04 00:00:00+00:00,0.0,0.0,0.0,0.23200992546142135,0.020154510335405752,2.159554481867412,normal,,0,0.6109926897420267,0.07289545103430319
2025-02-05 00:00:00+00:00,0.0,0.0,0.0,0.21464341667350156,0.0201541785456501,2.159762893656774,normal,,0,0.6109926897420267,0.07289545103430319
2025-02-06 00:00:00+00:00,0.0,0.0,0.0,0.20484808745659136,0.02015384679111513,2.1599631362750498,normal,,0,0.6109926897420267,0.07289545103430319
2025-02-07 00:00:00+00:00,0.0,0.0,0.0,0.24366449735885895,0.020153515071797103,2.1614598123162794,normal,,0,0.6109926897420267,0.07289545103430319
2025-02-10 00:00:00+00:00,0.0,0.0,0.0,0.6459478548322607,0.020153183387692283,2.1717171520695473,normal,,0,0.6109926897420267,0.07289545103430319
2025-02-11 00:00:00+00:00,0.0,0.0,0.0,0.8619929042891373,0.02015285173879693,2.177494526978504,normal,,0,0.6109926897420267,0.07289545103430319
2025-02-12 00:00:00+00:00,0.0,0.0,0.0,1.2187457195263485,0.020152520125107303,2.1865629428167863,normal,,0,0.6109926897420267,0.07289545103430319
2025-02-13 00:00:00+00:00,0.0,0.0,0.0,1.247712359141409,0.020152188546619668,2.1882220186483785,normal,,0,0.6109926897420267,0.07289545103430319
2025-02-14 00:00:00+00:00,0.0,0.0,0.0,1.0037007571778787,0.02015185700333029,2.1832465798202105,normal,,0,0.6109926897420267,0.07289545103430319
2025-02-18 00:00:00+00:00,0.0,0.0,0.0,0.8191172167182462,0.02015152549523543,2.1793183969368854,normal,,0,0.6109926897420267,0.07289545103430319
2025-02-19 00:00:00+00:00,0.0,0.0,0.0,0.9945308174060246,0.020151194022331353,2.1841029008805917,normal,,0,0.6109926897420267,0.07289545103430319
2025-02-20 00:00:00+00:00,0.0,0.0,0.0,0.9246078535407326,0.02015086258461432,2.183081234866407,normal,,0,0.6109926897420267,0.07289545103430319
2025-02-21 00:00:00+00:00,0.0,0.0,0.0,0.7946807613335504,0.020150531182080603,2.1804618321428624,normal,,0,0.6109926897420267,0.07289545103430319
2025-02-24 00:00:00+00:00,0.0,0.0,0.0,0.8990841169801993,0.02015019981472646,2.183622114084158,normal,,0,0.6109926897420267,0.07289545103430319
2025-02-25 00:00:00+00:00,0.0,0.0,0.0,0.7964504712284397,0.020149868482548162,2.181672613306883,normal,,0,0.6109926897420267,0.07289545103430319
2025-02-26 00:00:00+00:00,0.0,0.0,0.0,0.2356809690855561,0.02014953718554197,2.168278172779985,normal,,0,0.6109926897420267,0.07289545103430319
2025-02-27 00:00:00+00:00,0.0,0.0,0.0,0.760488324848849,0.020149205923704155,2.1812003022245037,normal,,0,0.6109926897420267,0.07289545103430319
2025-02-28 00:00:00+00:00,0.0,0.0,0.0,1.0431152570000926,0.02014887469703098,2.1883981374401897,normal,,0,0.6109926897420267,0.07289545103430319
2025-03-03 00:00:00+00:00,0.0,0.0,0.0,0.3590370886770554,0.02014854350551871,2.1716669259923918,normal,,0,0.6109926897420267,0.07289545103430319
2025-03-04 00:00:00+00:00,0.0,0.0,0.0,0.1830606151311237,0.020148212349163624,2.1671793418737257,normal,,0,0.6109926897420267,0.07289545103430319
2025-03-05 00:00:00+00:00,0.0,0.0,0.0,0.28302672291970404,0.020147881227961975,2.1695900322993733,normal,,0,0.6109926897420267,0.07289545103430319
2025-03-06 00:00:00+00:00,0.0,0.0,0.0,0.3601970045567191,0.020147550141910043,2.1715390725942108,normal,,0,0.6109926897420267,0.07289545103430319
2025-03-07 00:00:00+00:00,0.0,0.0,0.0,0.8974153939276261,0.02014721909100409,2.1849974110783514,normal,,0,0.6109926897420267,0.07289545103430319
2025-03-10 00:00:00+00:00,0.0,0.0,0.0,0.7035446391618936,0.02014688807524039,2.1807417963516538,normal,,0,0.6109926897420267,0.07289545103430319
2025-03-11 00:00:00+00:00,0.0,0.0,0.0,0.3467399559683209,0.020146557094615207,2.171958996109508,normal,,0,0.6109926897420267,0.07289545103430319
2025-03-12 00:00:00+00:00,0.0,0.0,0.0,-0.07927689044364883,0.020146226149124813,2.1612021758185174,normal,,0,0.6109926897420267,0.07289545103430319
2025-03-13 00:00:00+00:00,0.0,0.0,0.0,0.3374205846209937,0.020145895238765484,2.171630521446199,normal,,0,0.6109926897420267,0.07289545103430319
2025-03-14 00:00:00+00:00,0.0,0.0,0.0,0.29757925643515915,0.020145564363533482,2.170851911661272,normal,,0,0.6109926897420267,0.07289545103430319
2025-03-17 00:00:00+00:00,0.0,0.0,0.0,0.48816704668515226,0.020145233523425083,2.1758799165990523,normal,,0,0.6109926897420267,0.07289545103430319
2025-03-18 00:00:00+00:00,0.0,0.0,0.0,0.9310994355805535,0.020144902718436556,2.1875702637488037,normal,,0,0.6109926897420267,0.07289545103430319
2025-03-19 00:00:00+00:00,0.0,0.0,0.0,1.3656315257616138,0.020144571948564175,2.199315621604398,normal,,0,0.6109926897420267,0.07289545103430319
2025-03-20 00:00:00+00:00,0.0,0.0,0.0,1.435012308000188,0.02014424121380421,2.2019713911936933,normal,,0,0.6109926897420267,0.07289545103430319
2025-03-21 00:00:00+00:00,0.0,0.0,0.0,1.4899706998552171,0.02014391051415294,2.203569654151623,normal,,0,0.6109926897420267,0.07289545103430319
2025-03-24 00:00:00+00:00,0.0,0.0,0.0,1.4754590676668677,0.02014357984960663,2.2037495886670286,normal,,0,0.6109926897420267,0.07289545103430319
2025-03-25 00:00:00+00:00,0.0,0.0,0.0,1.3559964987678994,0.020143249220161558,2.20137769589246,normal,,0,0.6109926897420267,0.07289545103430319
2025-03-26 00:00:00+00:00,0.0,0.0,0.0,1.6902541578830708,0.020142918625813994,2.208991494084274,normal,,0,0.6109926897420267,0.07289545103430319
2025-03-27 00:00:00+00:00,0.0,0.0,0.0,1.3877521630618044,0.02014258806656022,2.202965782103345,normal,,0,0.6109926897420267,0.07289545103430319
2025-03-28 00:00:00+00:00,0.0,0.0,0.0,1.0674150377364364,0.0201422575423965,2.196663657886622,normal,,0,0.6109926897420267,0.07289545103430319
2025-03-31 00:00:00+00:00,0.0,0.0,0.0,1.3845544413552076,0.020141927053319117,2.2024853931901176,normal,,0,0.6109926897420267,0.07289545103430319
2025-04-01 00:00:00+00:00,2.0,0.0,0.0,1.6058234595469987,0.019583545551403014,2.1588285693717224,normal,pair_untradeable,0,0.6209382723367538,0.07110092516508713
2025-04-02 00:00:00+00:00,0.0,0.0,0.0,0.7003100439392609,0.01958279952690213,2.1438956826357893,normal,,0,0.6209382723367538,0.07110092516508713
2025-04-03 00:00:00+00:00,0.0,0.0,0.0,-0.9061547377613729,0.01958205362797222,2.1189846807485373,normal,,0,0.6209382723367538,0.07110092516508713
2025-04-04 00:00:00+00:00,0.0,0.0,0.0,-3.853864030954926,0.019581307854592153,2.0776812373890237,normal,,0,0.6209382723367538,0.07110092516508713
2025-04-07 00:00:00+00:00,0.0,0.0,0.0,-4.166608926133314,0.019580562206740787,2.0686527214867962,normal,,0,0.6209382723367538,0.07110092516508713
2025-04-08 00:00:00+00:00,0.0,0.0,0.0,-5.004856007365315,0.019579816684396997,2.04549598121521,normal,,0,0.6209382723367538,0.07110092516508713
2025-04-09 00:00:00+00:00,0.0,0.0,0.0,-1.752471654086478,0.019579071287539662,2.0949093616554944,normal,,0,0.6209382723367538,0.07110092516508713
2025-04-10 00:00:00+00:00,0.0,0.0,0.0,-4.0631923172226525,0.019578326016147656,2.0442088934903997,normal,,0,0.6209382723367538,0.07110092516508713
2025-04-11 00:00:00+00:00,0.0,0.0,0.0,-4.066210392220602,0.01957758087019986,2.0315087929071,normal,,0,0.6209382723367538,0.07110092516508713
2025-04-14 00:00:00+00:00,0.0,0.0,0.0,-3.740661116890621,0.019576835849675164,2.0260505922794,normal,,0,0.6209382723367538,0.07110092516508713
2025-04-15 00:00:00+00:00,0.0,0.0,0.0,-3.4144695721697875,0.019576090954552452,2.02304006070532,normal,,0,0.6209382723367538,0.07110092516508713
2025-04-16 00:00:00+00:00,0.0,0.0,0.0,-3.068265721218661,0.019575346184810615,2.023387185922128,normal,,0,0.6209382723367538,0.07110092516508713
2025-04-17 00:00:00+00:00,0.0,0.0,0.0,-2.726937811101192,0.019574601540428553,2.0260475949883543,normal,,0,0.6209382723367538,0.07110092516508713
2025-04-21 00:00:00+00:00,0.0,0.0,0.0,-3.143222743973498,0.019573857021385165,2.0032565820271864,normal,,0,0.6209382723367538,0.07110092516508713
2025-04-22 00:00:00+00:00,0.0,0.0,0.0,-2.5364659700403576,0.01957311262765935,2.0162339614077394,normal,,0,0.6209382723367538,0.07110092516508713
2025-04-23 00:00:00+00:00,0.0,0.0,0.0,-2.418986919369436,0.019572368359230024,2.0140869194287743,normal,,0,0.6209382723367538,0.07110092516508713
2025-04-24 00:00:00+00:00,0.0,0.0,0.0,-2.0367330231682352,0.019571624216076083,2.0241969181000625,normal,,0,0.6209382723367538,0.07110092516508713
2025-04-25 00:00:00+00:00,0.0,0.0,0.0,-1.9904585097358578,0.019570880198176453,2.021655768657462,normal,,0,0.6209382723367538,0.07110092516508713
2025-04-28 00:00:00+00:00,0.0,0.0,0.0,-1.6828172639321195,0.019570136305510046,2.031358981930805,normal,,0,0.6209382723367538,0.07110092516508713
2025-04-29 00:00:00+00:00,0.0,0.0,0.0,-1.7017842668599985,0.019569392538055782,2.027134457558471,normal,,0,0.6209382723367538,0.07110092516508713
2025-04-30 00:00:00+00:00,0.0,0.0,0.0,-1.7636435873748166,0.019568648895792587,2.0209172919778906,normal,,0,0.6209382723367538,0.07110092516508713
2025-05-01 00:00:00+00:00,0.0,0.0,0.0,-1.7771290728517875,0.019567905378699384,2.01665353399598,normal,,0,0.6209382723367538,0.07110092516508713
2025-05-02 00:00:00+00:00,0.0,0.0,0.0,-1.3202000549923034,0.019567161986755115,2.036069245433063,normal,,0,0.6209382723367538,0.07110092516508713
2025-05-05 00:00:00+00:00,0.0,0.0,0.0,-1.39525709759163,0.0195664187199387,2.0299627281688886,normal,,0,0.6209382723367538,0.07110092516508713
2025-05-06 00:00:00+00:00,0.0,0.0,0.0,-1.4764025727789638,0.019565675578229094,2.023188695650615,normal,,0,0.6209382723367538,0.07110092516508713
2025-05-07 00:00:00+00:00,0.0,0.0,0.0,-1.4014460015097845,0.019564932561605228,2.0243250272360864,normal,,0,0.6209382723367538,0.07110092516508713
2025-05-08 00:00:00+00:00,0.0,0.0,0.0,-1.339678512507936,0.01956418967004605,2.024940179455064,normal,,0,0.6209382723367538,0.07110092516508713
2025-05-09 00:00:00+00:00,0.0,0.0,0.0,-1.2439692804457232,0.01956344690353051,2.0275912436925307,normal,,0,0.6209382723367538,0.07110092516508713
2025-05-12 00:00:00+00:00,0.0,0.0,0.0,-0.9836845966563308,0.01956270426203756,2.0395974755250363,normal,,0,0.6209382723367538,0.07110092516508713
2025-05-13 00:00:00+00:00,0.0,0.0,0.0,-0.8743709479974774,0.019561961745546155,2.0438597968424377,normal,,0,0.6209382723367538,0.07110092516508713
2025-05-14 00:00:00+00:00,0.0,0.0,0.0,-0.8534296876993228,0.019561219354035257,2.043442549130371,normal,,0,0.6209382723367538,0.07110092516508713
2025-05-15 00:00:00+00:00,0.0,0.0,0.0,-0.7611704330099602,0.01956047708748383,2.0470161480540736,normal,,0,0.6209382723367538,0.07110092516508713
2025-05-16 00:00:00+00:00,0.0,0.0,0.0,-0.7136610903764757,0.019559734945870835,2.04821373018239,normal,,0,0.6209382723367538,0.07110092516508713
2025-05-19 00:00:00+00:00,0.0,0.0,0.0,-0.9834208476498185,0.019727270231077627,2.031999704178527,normal,,1,0.6209382723367538,0.07110092516508713
2025-05-20 00:00:00+00:00,0.0,0.0,0.0,-0.8892113687381746,0.01972650001481346,2.0354233402918203,normal,,0,0.6209382723367538,0.07110092516508713
2025-05-21 00:00:00+00:00,0.0,0.0,0.0,-0.9827321482119159,0.01972572992819223,2.028654986793904,normal,,0,0.6209382723367538,0.07110092516508713
2025-05-22 00:00:00+00:00,0.0,0.0,0.0,-0.932742447010832,0.019724959971192117,2.0296333583129935,normal,,0,0.6209382723367538,0.07110092516508713
2025-05-23 00:00:00+00:00,0.0,0.0,0.0,-0.758302107136071,0.019724190143791297,2.037605700910785,normal,,0,0.6209382723367538,0.07110092516508713
2025-05-27 00:00:00+00:00,0.0,0.0,0.0,-0.6073036998236213,0.019723420445967962,2.044458116696915,normal,,0,0.6209382723367538,0.07110092516508713
2025-05-28 00:00:00+00:00,0.0,0.0,0.0,-0.6243116291891924,0.019722650877700303,2.04220506759716,normal,,0,0.6209382723367538,0.07110092516508713
2025-05-29 00:00:00+00:00,0.0,0.0,0.0,-0.48351558233150793,0.019721881438966506,2.0485960761900786,normal,,0,0.6209382723367538,0.07110092516508713
2025-05-30 00:00:00+00:00,0.0,0.0,0.0,-0.5120598540458641,0.01972111212974477,2.0459661154447133,normal,,0,0.6209382723367538,0.07110092516508713
2025-06-02 00:00:00+00:00,0.0,0.0,0.0,-0.4368486824894874,0.0197203429500133,2.048865699387047,normal,,0,0.6209382723367538,0.07110092516508713
2025-06-03 00:00:00+00:00,0.0,0.0,0.0,-0.3079576804424935,0.0197195738997503,2.0546385040994624,normal,,0,0.6209382723367538,0.07110092516508713
2025-06-04 00:00:00+00:00,0.0,0.0,0.0,-0.3889816504731863,0.019718804978933968,2.0491892386059565,normal,,0,0.6209382723367538,0.07110092516508713
2025-06-05 00:00:00+00:00,0.0,0.0,0.0,-0.37460063082667105,0.019718036187542528,2.0487673591634548,normal,,0,0.6209382723367538,0.07110092516508713
2025-06-06 00:00:00+00:00,0.0,0.0,0.0,-0.17219987501624165,0.019717267525554187,2.0581161417330023,normal,,0,0.6209382723367538,0.07110092516508713
2025-06-09 00:00:00+00:00,0.0,0.0,0.0,-0.16674166940041404,0.019716498992947168,2.057519081016267,normal,,0,0.6209382723367538,0.07110092516508713
2025-06-10 00:00:00+00:00,0.0,0.0,0.0,-0.0561388312046289,0.019715730589699693,2.0620925308978966,normal,,0,0.6209382723367538,0.07110092516508713
2025-06-11 00:00:00+00:00,0.0,0.0,0.0,-0.042470304174191544,0.019714962315789987,2.061779337856794,normal,,0,0.6209382723367538,0.07110092516508713
2025-06-12 00:00:00+00:00,0.0,0.0,0.0,-0.004277658028859677,0.01971419417119628,2.062577119092906,normal,,0,0.6209382723367538,0.07110092516508713
2025-06-13 00:00:00+00:00,0.0,0.0,0.0,-0.17484703483975733,0.019713426155896805,2.0530524993914736,normal,,0,0.6209382723367538,0.07110092516508713
2025-06-16 00:00:00+00:00,0.0,0.0,0.0,-0.14298667685551658,0.0197126582698698,2.0531510572219847,normal,,0,0.6209382723367538,0.07110092516508713
2025-06-17 00:00:00+00:00,0.0,0.0,0.0,0.11737619075571813,0.01988016781499588,2.063438920768614,normal,,1,0.6209382723367538,0.07110092516508713
2025-06-18 00:00:00+00:00,0.0,0.0,0.0,0.1328446454264791,0.01987937186298358,2.062339336201107,normal,,0,0.6209382723367538,0.07110092516508713
2025-06-20 00:00:00+00:00,0.0,0.0,0.0,0.19306234558134358,0.019878576044946063,2.0629813311915335,normal,,0,0.6209382723367538,0.07110092516508713
2025-06-23 00:00:00+00:00,0.0,0.0,0.0,0.10340431593722318,0.019877780360860776,2.057555312807547,normal,,0,0.6209382723367538,0.07110092516508713
2025-06-24 00:00:00+00:00,0.0,0.0,0.0,0.18963240962515537,0.019876984810705177,2.05869072718042,normal,,0,0.6209382723367538,0.07110092516508713
2025-06-25 00:00:00+00:00,0.0,0.0,0.0,0.17051620407097876,0.019876189394456716,2.055933278030887,normal,,0,0.6209382723367538,0.07110092516508713
2025-06-26 00:00:00+00:00,0.0,0.0,0.0,0.19302059403976413,0.01987539411209286,2.054640551822263,normal,,0,0.6209382723367538,0.07110092516508713
2025-06-27 00:00:00+00:00,0.0,0.0,0.0,0.22023080666051806,0.01987459896359107,2.0530973185846233,normal,,0,0.6209382723367538,0.07110092516508713
2025-06-30 00:00:00+00:00,0.0,0.0,0.0,0.48554449782966974,0.019873803948928813,2.0567427581926867,normal,,0,0.6209382723367538,0.07110092516508713
2025-07-01 00:00:00+00:00,2.0,0.0,0.0,1.1487705348698831,0.02264292681740238,2.174257414442426,normal,pair_untradeable,0,0.5979711173572214,0.073303403831422
2025-07-02 00:00:00+00:00,0.0,0.0,0.0,1.6659909026154696,0.022642105748969906,2.1799011769675447,normal,,0,0.5979711173572214,0.073303403831422
2025-07-03 00:00:00+00:00,0.0,0.0,0.0,1.543204033987008,0.022641284812909893,2.1774109541029083,normal,,0,0.5979711173572214,0.073303403831422
2025-07-07 00:00:00+00:00,0.0,0.0,0.0,1.5696303179396616,0.022640464009201,2.178005550984361,normal,,0,0.5979711173572214,0.073303403831422
2025-07-08 00:00:00+00:00,0.0,0.0,0.0,2.665448043178746,0.02280082887859291,2.1989578179804714,normal,,1,0.5979711173572214,0.073303403831422
2025-07-09 00:00:00+00:00,0.0,0.0,0.0,2.6264793121934003,0.02279998235322699,2.1978090813537507,normal,,0,0.5979711173572214,0.073303403831422
2025-07-10 00:00:00+00:00,0.0,0.0,0.0,2.616247289426119,0.022799135964337688,2.201061948363988,normal,,0,0.5979711173572214,0.073303403831422
2025-07-11 00:00:00+00:00,0.0,0.0,0.0,2.751586572015048,0.022798289711903008,2.207371545071122,normal,,0,0.5979711173572214,0.073303403831422
2025-07-14 00:00:00+00:00,0.0,0.0,0.0,1.7313925073970196,0.022797443595900947,2.1900062003916108,normal,,0,0.5979711173572214,0.073303403831422
2025-07-15 00:00:00+00:00,0.0,0.0,0.0,1.6533674491192967,0.02279659761630951,2.1898280759210778,normal,,0,0.5979711173572214,0.073303403831422
2025-07-16 00:00:00+00:00,0.0,0.0,0.0,1.4474802624031196,0.022795751773106707,2.1867632564657344,normal,,0,0.5979711173572214,0.073303403831422
2025-07-17 00:00:00+00:00,0.0,0.0,0.0,2.048692626746709,0.022794906066270545,2.2009897145178123,normal,,0,0.5979711173572214,0.073303403831422
2025-07-18 00:00:00+00:00,0.0,0.0,0.0,2.5856429875576925,0.02279406049577904,2.213907364484825,normal,,0,0.5979711173572214,0.073303403831422
2025-07-21 00:00:00+00:00,0.0,0.0,0.0,2.1212454958644504,0.022793215061610216,2.2068621086815727,normal,,0,0.5979711173572214,0.073303403831422
2025-07-22 00:00:00+00:00,0.0,0.0,0.0,2.285482140822607,0.02279236976374209,2.2125575625925262,normal,,0,0.5979711173572214,0.073303403831422
2025-07-23 00:00:00+00:00,0.0,0.0,0.0,2.4923359885066683,0.02279152460215269,2.2201758742964786,normal,,0,0.5979711173572214,0.073303403831422
2025-07-24 00:00:00+00:00,0.0,0.0,0.0,2.936212102046216,0.022790679576820044,2.234278751148535,normal,,0,0.5979711173572214,0.073303403831422
2025-07-25 00:00:00+00:00,0.0,0.0,0.0,2.5310936111831572,0.022789834687722187,2.2297850165284694,normal,,0,0.5979711173572214,0.073303403831422
2025-07-28 00:00:00+00:00,0.0,0.0,0.0,2.5072700327987936,0.02278898993483715,2.233279516457265,normal,,0,0.5979711173572214,0.073303403831422
2025-07-29 00:00:00+00:00,0.0,0.0,0.0,2.2106862277775527,0.022788145318142976,2.229061466288959,normal,,0,0.5979711173572214,0.073303403831422
2025-07-30 00:00:00+00:00,0.0,0.0,0.0,1.5614693269149116,0.02278730083761771,2.213767177139659,normal,,0,0.5979711173572214,0.073303403831422
2025-07-31 00:00:00+00:00,0.0,0.0,0.0,1.1195444291373058,0.022786456493239397,2.2030208900250146,normal,,0,0.5979711173572214,0.073303403831422
2025-08-01 00:00:00+00:00,0.0,0.0,0.0,1.3790220996496199,0.022785612284986087,2.21129525982859,normal,,0,0.5979711173572214,0.073303403831422
2025-08-04 00:00:00+00:00,0.0,0.0,0.0,1.6782758409494163,0.022784768212835833,2.220818464650593,normal,,0,0.5979711173572214,0.073303403831422
2025-08-05 00:00:00+00:00,0.0,0.0,0.0,2.125414091498834,0.022783924276766697,2.234925930759443,normal,,0,0.5979711173572214,0.073303403831422
2025-08-06 00:00:00+00:00,0.0,0.0,0.0,2.0774516798143283,0.022783080476756735,2.236217719179208,normal,,0,0.5979711173572214,0.073303403831422
2025-08-07 00:00:00+00:00,0.0,0.0,0.0,2.2066968292714484,0.02278223681278401,2.2425756976226094,normal,,0,0.5979711173572214,0.073303403831422
2025-08-08 00:00:00+00:00,0.0,0.0,0.0,2.3703992822083473,0.0227813932848266,2.2508822013480505,normal,,0,0.5979711173572214,0.073303403831422
2025-08-11 00:00:00+00:00,0.0,0.0,0.0,2.1559351138023364,0.02278054989286257,2.2485594080644886,normal,,0,0.5979711173572214,0.073303403831422
2025-08-12 00:00:00+00:00,0.0,0.0,0.0,2.1570627092747134,0.022779706636869995,2.2521400685175075,normal,,0,0.5979711173572214,0.073303403831422
2025-08-13 00:00:00+00:00,0.0,0.0,0.0,1.9888036227644088,0.022778863516826953,2.250353353627643,normal,,0,0.5979711173572214,0.073303403831422
2025-08-14 00:00:00+00:00,0.0,0.0,0.0,1.887227585166443,0.022778020532711527,2.250154668926283,normal,,0,0.5979711173572214,0.073303403831422
2025-08-15 00:00:00+00:00,0.0,0.0,0.0,2.1239433135966,0.022777177684501805,2.260735920867917,normal,,0,0.5979711173572214,0.073303403831422
2025-08-18 00:00:00+00:00,0.0,0.0,0.0,1.8220398052629005,0.022776334972175873,2.2537429305269314,normal,,0,0.5979711173572214,0.073303403831422
2025-08-19 00:00:00+00:00,0.0,0.0,0.0,1.062745130975557,0.022775492395711826,2.229651163298266,normal,,0,0.5979711173572214,0.073303403831422
2025-08-20 00:00:00+00:00,0.0,0.0,0.0,1.0049664939999319,0.02277464995508776,2.228711280784865,normal,,0,0.5979711173572214,0.073303403831422
2025-08-21 00:00:00+00:00,0.0,0.0,0.0,1.3094666909606603,0.022773807650281776,2.2400647402259772,normal,,0,0.5979711173572214,0.073303403831422
2025-08-22 00:00:00+00:00,0.0,0.0,0.0,1.4353600478287851,0.022772965481271973,2.2457510470119937,normal,,0,0.5979711173572214,0.073303403831422
2025-08-25 00:00:00+00:00,0.0,0.0,0.0,1.3325799483011265,0.022772123448036464,2.2438401904284966,normal,,0,0.5979711173572214,0.073303403831422
2025-08-26 00:00:00+00:00,0.0,0.0,0.0,1.2261356858412078,0.022771281550553357,2.241717110974469,normal,,0,0.5979711173572214,0.073303403831422
2025-08-27 00:00:00+00:00,0.0,0.0,0.0,1.3091247480457116,0.022770439788800764,2.2457686953392177,normal,,0,0.5979711173572214,0.073303403831422
2025-08-28 00:00:00+00:00,0.0,0.0,0.0,1.1581179201306853,0.022769598162756807,2.242098580272686,normal,,0,0.5979711173572214,0.073303403831422
2025-08-29 00:00:00+00:00,0.0,0.0,0.0,1.2265533193110227,0.022768756672399602,2.2456215441529688,normal,,0,0.5979711173572214,0.073303403831422
2025-09-02 00:00:00+00:00,0.0,0.0,0.0,1.3668798958805035,0.022767915317707277,2.2515046058567285,normal,,0,0.5979711173572214,0.073303403831422
2025-09-03 00:00:00+00:00,0.0,0.0,0.0,1.0389951522839078,0.02276707409865796,2.242046071846969,normal,,0,0.5979711173572214,0.073303403831422
2025-09-04 00:00:00+00:00,0.0,0.0,0.0,0.8806821992728853,0.02276623301522978,2.237936620065108,normal,,0,0.5979711173572214,0.073303403831422
2025-09-05 00:00:00+00:00,0.0,0.0,0.0,0.5637754682852242,0.022765392067400872,2.228588943194254,normal,,0,0.5979711173572214,0.073303403831422
2025-09-08 00:00:00+00:00,0.0,0.0,0.0,0.5082592182936404,0.022764551255149378,2.2275867381700873,normal,,0,0.5979711173572214,0.073303403831422
2025-09-09 00:00:00+00:00,0.0,0.0,0.0,0.5250505782336652,0.02276371057845344,2.228878919123299,normal,,0,0.5979711173572214,0.073303403831422
2025-09-10 00:00:00+00:00,0.0,0.0,0.0,0.7432328969800981,0.022762870037291202,2.236461991798712,normal,,0,0.5979711173572214,0.073303403831422
2025-09-11 00:00:00+00:00,0.0,0.0,0.0,0.8873982330593518,0.022762029631640816,2.241679878959276,normal,,0,0.5979711173572214,0.073303403831422
2025-09-12 00:00:00+00:00,0.0,0.0,0.0,0.6502192823287755,0.02276118936148043,2.2353487720018084,normal,,0,0.5979711173572214,0.073303403831422
2025-09-15 00:00:00+00:00,0.0,0.0,0.0,0.6550901072504923,0.022760349226788205,2.236253015019103,normal,,0,0.5979711173572214,0.073303403831422
2025-09-16 00:00:00+00:00,0.0,0.0,0.0,0.672790877931258,0.022759509227542298,2.237516167916656,normal,,0,0.5979711173572214,0.073303403831422
2025-09-17 00:00:00+00:00,0.0,0.0,0.0,0.5923076648119192,0.022758669363720875,2.2359526403883745,normal,,0,0.5979711173572214,0.073303403831422
2025-09-18 00:00:00+00:00,0.0,0.0,0.0,0.5958938721838974,0.0227578296353021,2.23675231710005,normal,,0,0.5979711173572214,0.073303403831422
2025-09-19 00:00:00+00:00,0.0,0.0,0.0,0.15750772055699672,0.022756990042264145,2.2256173562748676,normal,,0,0.5979711173572214,0.073303403831422
2025-09-22 00:00:00+00:00,0.0,0.0,0.0,0.2373308292478574,0.02275615058458518,2.2285435641907587,normal,,0,0.5979711173572214,0.073303403831422
2025-09-23 00:00:00+00:00,0.0,0.0,0.0,0.14816295161615978,0.02275531126224339,2.227158239935075,normal,,0,0.5979711173572214,0.073303403831422
2025-09-24 00:00:00+00:00,0.0,0.0,0.0,0.4300030407704331,0.022754472075216952,2.2345994400381306,normal,,0,0.5979711173572214,0.073303403831422
2025-09-25 00:00:00+00:00,0.0,0.0,0.0,0.6278558191327785,0.02275363302348405,2.2395110958878144,normal,,0,0.5979711173572214,0.073303403831422
2025-09-26 00:00:00+00:00,0.0,0.0,0.0,0.04768962633147597,0.022752794107022873,2.227867275881222,normal,,0,0.5979711173572214,0.073303403831422
2025-09-29 00:00:00+00:00,0.0,0.0,0.0,-0.47164612277095486,0.02275195532581161,2.218275981899337,normal,,0,0.5979711173572214,0.073303403831422
2025-09-30 00:00:00+00:00,0.0,0.0,0.0,-0.5454648150454826,0.02275111667982846,2.2180744851601486,normal,,0,0.5979711173572214,0.073303403831422
2025-10-01 00:00:00+00:00,2.0,0.0,0.0,-0.5499818947923325,0.0219012449991043,2.1879623777139425,normal,pair_untradeable,0,0.6046134876511042,0.07173646409333662
2025-10-02 00:00:00+00:00,0.0,0.0,0.0,-0.7870832889545131,0.021900777111808593,2.1844059986748374,normal,,0,0.6046134876511042,0.07173646409333662
2025-10-03 00:00:00+00:00,0.0,0.0,0.0,-1.2965038648841427,0.021900309279878488,2.1763902968985045,normal,,0,0.6046134876511042,0.07173646409333662
2025-10-06 00:00:00+00:00,0.0,0.0,0.0,-1.4412043845406728,0.021899841503307437,2.174303270293086,normal,,0,0.6046134876511042,0.07173646409333662
2025-10-07 00:00:00+00:00,0.0,0.0,0.0,-1.2392515698441287,0.021899373782088886,2.1776212870772493,normal,,0,0.6046134876511042,0.07173646409333662
2025-10-08 00:00:00+00:00,0.0,0.0,0.0,-1.7113398011882017,0.021898906116216286,2.1710237989371315,normal,,0,0.6046134876511042,0.07173646409333662
2025-10-09 00:00:00+00:00,0.0,0.0,0.0,-2.194407881909653,0.02189843850568309,2.1643996687865967,normal,,0,0.6046134876511042,0.07173646409333662
2025-10-10 00:00:00+00:00,0.0,0.0,0.0,-2.679005143131069,0.021897970950482744,2.157939239985577,normal,,0,0.6046134876511042,0.07173646409333662
2025-10-13 00:00:00+00:00,0.0,0.0,0.0,-1.8297295273239567,0.021897503450608702,2.1699830276780747,normal,,0,0.6046134876511042,0.07173646409333662
2025-10-14 00:00:00+00:00,0.0,0.0,0.0,-1.5392643392580945,0.02189703600605442,2.173895828985359,normal,,0,0.6046134876511042,0.07173646409333662
2025-10-15 00:00:00+00:00,0.0,0.0,0.0,-1.5981771899992159,0.021896568616813352,2.1728398413396928,normal,,0,0.6046134876511042,0.07173646409333662
2025-10-16 00:00:00+00:00,0.0,0.0,0.0,-1.533450473997443,0.02189610128287895,2.173450049322307,normal,,0,0.6046134876511042,0.07173646409333662
2025-10-17 00:00:00+00:00,0.0,0.0,0.0,-1.2672712362003142,0.02189563400424467,2.177201694543578,normal,,0,0.6046134876511042,0.07173646409333662
2025-10-20 00:00:00+00:00,0.0,0.0,0.0,-0.8461463316789691,0.02189516678090397,2.1836050749457394,normal,,0,0.6046134876511042,0.07173646409333662
2025-10-21 00:00:00+00:00,0.0,0.0,0.0,-1.112467552981184,0.02189469961285031,2.178756577748228,normal,,0,0.6046134876511042,0.07173646409333662
2025-10-22 00:00:00+00:00,0.0,0.0,0.0,-0.9017408942587584,0.02189423250007714,2.181795185509462,normal,,0,0.6046134876511042,0.07173646409333662
2025-10-23 00:00:00+00:00,0.0,0.0,0.0,-0.9630678185997915,0.02189376544257792,2.1803697501174364,normal,,0,0.6046134876511042,0.07173646409333662
2025-10-24 00:00:00+00:00,0.0,0.0,0.0,-1.1771186644651455,0.021893298440346116,2.1766081890132876,normal,,0,0.6046134876511042,0.07173646409333662
2025-10-27 00:00:00+00:00,0.0,0.0,0.0,-1.455113562808392,0.021892831493375182,2.17205098351229,normal,,0,0.6046134876511042,0.07173646409333662
2025-10-28 00:00:00+00:00,0.0,0.0,0.0,-1.6748744315874355,0.021892364601658585,2.167871058654947,normal,,0,0.6046134876511042,0.07173646409333662
2025-10-29 00:00:00+00:00,0.0,0.0,0.0,-1.6031914730903183,0.02189189776518978,2.168140511633523,normal,,0,0.6046134876511042,0.07173646409333662
2025-10-30 00:00:00+00:00,0.0,0.0,0.0,-1.8064988849866674,0.02189143098396223,2.163321913727075,normal,,0,0.6046134876511042,0.07173646409333662
2025-10-31 00:00:00+00:00,0.0,0.0,0.0,0.08779574442080423,0.022009220090921513,2.1968422185242744,normal,,1,0.6046134876511042,0.07173646409333662
2025-11-03 00:00:00+00:00,0.0,0.0,0.0,-1.0796180930568693,0.02200873942681804,2.175152760147128,normal,,0,0.6046134876511042,0.07173646409333662
2025-11-04 00:00:00+00:00,0.0,0.0,0.0,-1.2934093189560103,0.02200825881959206,2.1706381673159023,normal,,0,0.6046134876511042,0.07173646409333662
2025-11-05 00:00:00+00:00,0.0,0.0,0.0,-1.4500968571502986,0.022007778269236847,2.1670152799982736,normal,,0,0.6046134876511042,0.07173646409333662
2025-11-06 00:00:00+00:00,0.0,0.0,0.0,-1.4885140925334923,0.02200729777574567,2.16549435139951,normal,,0,0.6046134876511042,0.07173646409333662
2025-11-07 00:00:00+00:00,0.0,0.0,0.0,-1.4612242108448887,0.0220068173391118,2.1651151874469625,normal,,0,0.6046134876511042,0.07173646409333662
2025-11-10 00:00:00+00:00,0.0,0.0,0.0,-1.6547287523510188,0.02200633695932851,2.160777671255407,normal,,0,0.6046134876511042,0.07173646409333662
2025-11-11 00:00:00+00:00,0.0,0.0,0.0,-1.8742808714543848,0.02200585663638907,2.1562717383007803,normal,,0,0.6046134876511042,0.07173646409333662
2025-11-12 00:00:00+00:00,0.0,0.0,0.0,-2.2842512358833775,0.02200537637028676,2.147939277861864,normal,,0,0.6046134876511042,0.07173646409333662
2025-11-13 00:00:00+00:00,0.0,0.0,0.0,-1.4061900150416673,0.022004896161014847,2.1616960860745613,normal,,0,0.6046134876511042,0.07173646409333662
2025-11-14 00:00:00+00:00,0.0,0.0,0.0,-0.9361937121153218,0.022004416008566608,2.169535561764116,normal,,0,0.6046134876511042,0.07173646409333662
2025-11-17 00:00:00+00:00,0.0,0.0,0.0,-1.4021694360906563,0.022003935912935323,2.160287167286109,normal,,0,0.6046134876511042,0.07173646409333662
2025-11-18 00:00:00+00:00,0.0,0.0,0.0,-2.2259710783740942,0.022003455874114265,2.1442036584537036,normal,,0,0.6046134876511042,0.07173646409333662
2025-11-19 00:00:00+00:00,0.0,0.0,0.0,-2.317788899344995,0.02200297589209671,2.1404225748565913,normal,,0,0.6046134876511042,0.07173646409333662
2025-11-20 00:00:00+00:00,0.0,0.0,0.0,-2.596776686485353,0.022002495966875944,2.132628826310003,normal,,0,0.6046134876511042,0.07173646409333662
2025-11-21 00:00:00+00:00,0.0,0.0,0.0,-2.5261218653117976,0.022002016098445237,2.1310507238531393,normal,,0,0.6046134876511042,0.07173646409333662
2025-11-24 00:00:00+00:00,0.0,0.0,0.0,-2.214800299346854,0.022001536286797876,2.1344751554336616,normal,,0,0.6046134876511042,0.07173646409333662
2025-11-25 00:00:00+00:00,0.0,0.0,0.0,-2.1064453300022805,0.02200105653192714,2.134649419267536,normal,,0,0.6046134876511042,0.07173646409333662
2025-11-26 00:00:00+00:00,0.0,0.0,0.0,-1.7272052405661589,0.022000576833826304,2.1411095108916354,normal,,0,0.6046134876511042,0.07173646409333662
2025-11-28 00:00:00+00:00,0.0,0.0,0.0,-1.560948987319649,0.02200009719248866,2.1433671467701356,normal,,0,0.6046134876511042,0.07173646409333662
2025-12-01 00:00:00+00:00,0.0,0.0,0.0,-1.2171730685849311,0.021999617607907487,2.1495629002597036,normal,,0,0.6046134876511042,0.07173646409333662
2025-12-02 00:00:00+00:00,0.0,0.0,0.0,-1.5618965355795842,0.02199913808007607,2.141313033026046,normal,,0,0.6046134876511042,0.07173646409333662
2025-12-03 00:00:00+00:00,0.0,0.0,0.0,-1.592424685232813,0.02199865860898769,2.139366842666082,normal,,0,0.6046134876511042,0.07173646409333662
2025-12-04 00:00:00+00:00,0.0,0.0,0.0,-1.206750131293406,0.021998179194635637,2.146474324481491,normal,,0,0.6046134876511042,0.07173646409333662
2025-12-05 00:00:00+00:00,0.0,0.0,0.0,-1.65877651992429,0.021997699837013194,2.1358782188709036,normal,,0,0.6046134876511042,0.07173646409333662
2025-12-08 00:00:00+00:00,0.0,0.0,0.0,-1.9826655470921302,0.02199722053611365,2.127824253763338,normal,,0,0.6046134876511042,0.07173646409333662
2025-12-09 00:00:00+00:00,0.0,0.0,0.0,-2.489521499509376,0.021996741291930293,2.115007471313729,normal,,0,0.6046134876511042,0.07173646409333662
2025-12-10 00:00:00+00:00,0.0,0.0,0.0,-1.8077913929469298,0.02199626210445641,2.1273149623504697,normal,,0,0.6046134876511042,0.07173646409333662
2025-12-11 00:00:00+00:00,0.0,0.0,0.0,-1.8930905162891405,0.021995782973685294,2.124029478940914,normal,,0,0.6046134876511042,0.07173646409333662
2025-12-12 00:00:00+00:00,0.0,0.0,0.0,-1.8386260989063414,0.021995303899610234,2.123728504368087,normal,,0,0.6046134876511042,0.07173646409333662
2025-12-15 00:00:00+00:00,0.0,0.0,0.0,-1.5737797402449658,0.02199482488222452,2.1283423719872965,normal,,0,0.6046134876511042,0.07173646409333662
2025-12-16 00:00:00+00:00,0.0,0.0,0.0,-1.796878318794242,0.02199434592152144,2.122031571124851,normal,,0,0.6046134876511042,0.07173646409333662
2025-12-17 00:00:00+00:00,0.0,0.0,0.0,-1.5469467249975133,0.021993867017494294,2.1262251552399523,normal,,0,0.6046134876511042,0.07173646409333662
2025-12-18 00:00:00+00:00,0.0,0.0,0.0,-1.868823599376818,0.021993388170136373,2.1177316625319444,normal,,0,0.6046134876511042,0.07173646409333662
2025-12-19 00:00:00+00:00,0.0,0.0,0.0,-1.7781773760295203,0.02199290937944097,2.118464457218182,normal,,0,0.6046134876511042,0.07173646409333662
2025-12-22 00:00:00+00:00,0.0,0.0,0.0,-1.5069903929393382,0.02199243064540138,2.1236523283256714,normal,,0,0.6046134876511042,0.07173646409333662
2025-12-23 00:00:00+00:00,0.0,0.0,0.0,-1.4703613283834465,0.021991951968010896,2.1235160714125763,normal,,0,0.6046134876511042,0.07173646409333662
2025-12-24 00:00:00+00:00,0.0,0.0,0.0,-1.3201388389636537,0.021991473347262824,2.12576858254696,normal,,0,0.6046134876511042,0.07173646409333662
2025-12-26 00:00:00+00:00,0.0,0.0,0.0,-1.5075536522161788,0.021990994783150454,2.1206905516924492,normal,,0,0.6046134876511042,0.07173646409333662
2025-12-29 00:00:00+00:00,0.0,0.0,0.0,-1.5278174667142324,0.02199051627566708,2.1191777588922767,normal,,0,0.6046134876511042,0.07173646409333662
2025-12-30 00:00:00+00:00,0.0,0.0,0.0,-1.22212418188902,0.021990037824806016,2.1248210833553216,normal,,0,0.6046134876511042,0.07173646409333662
2025-12-31 00:00:00+00:00,0.0,0.0,0.0,-1.0020095779149514,0.021989559430560548,2.1288101211600488,normal,,0,0.6046134876511042,0.07173646409333662
2026-01-02 00:00:00+00:00,2.0,0.0,0.0,-0.3836583555451078,0.02094196441114684,2.2329429129278093,normal,pair_untradeable,0,0.58547092950018,0.07255222989179218
2026-01-05 00:00:00+00:00,0.0,0.0,0.0,1.4896121281088102,0.02094100058284311,2.273038969165853,normal,,0,0.58547092950018,0.07255222989179218
2026-01-06 00:00:00+00:00,0.0,0.0,0.0,0.30784503163575805,0.020940036927382583,2.2476962857704437,normal,,0,0.58547092950018,0.07255222989179218
2026-01-07 00:00:00+00:00,0.0,0.0,0.0,0.5554156013944873,0.020939073444734273,2.2529655545923744,normal,,0,0.58547092950018,0.07255222989179218
2026-01-08 00:00:00+00:00,0.0,0.0,0.0,0.6654412975017997,0.020938110134867186,2.2554747710446716,normal,,0,0.58547092950018,0.07255222989179218
2026-01-09 00:00:00+00:00,0.0,0.0,0.0,1.1442306328917204,0.020937146997750337,2.2657957870213377,normal,,0,0.58547092950018,0.07255222989179218
2026-01-12 00:00:00+00:00,0.0,0.0,0.0,1.274168387812357,0.020936184033352748,2.268690725709906,normal,,0,0.58547092950018,0.07255222989179218
2026-01-13 00:00:00+00:00,0.0,0.0,0.0,1.1264088154329883,0.020935221241643442,2.2656772212084038,normal,,0,0.58547092950018,0.07255222989179218
2026-01-14 00:00:00+00:00,0.0,0.0,0.0,1.286592255747768,0.020934258622591455,2.2692792685600036,normal,,0,0.58547092950018,0.07255222989179218
2026-01-15 00:00:00+00:00,0.0,0.0,0.0,1.1764372401534653,0.020933296176165822,2.2669281646370933,normal,,0,0.58547092950018,0.07255222989179218
2026-01-16 00:00:00+00:00,0.0,0.0,0.0,1.067385758457231,0.020932333902335586,2.2642335960087303,normal,,0,0.58547092950018,0.07255222989179218
2026-01-20 00:00:00+00:00,0.0,0.0,0.0,0.7249096060630877,0.020931371801069798,2.2565904678257263,normal,,0,0.58547092950018,0.07255222989179218
2026-01-21 00:00:00+00:00,0.0,0.0,0.0,0.4626345567324563,0.02093040987233751,2.2504773217291523,normal,,0,0.58547092950018,0.07255222989179218
2026-01-22 00:00:00+00:00,0.0,0.0,0.0,0.44529563349169254,0.02092944811610778,2.249605202002394,normal,,0,0.58547092950018,0.07255222989179218
2026-01-23 00:00:00+00:00,0.0,0.0,0.0,0.17896329052524257,0.020928486532349674,2.243634177241633,normal,,0,0.58547092950018,0.07255222989179218
2026-01-26 00:00:00+00:00,0.0,0.0,0.0,0.44229399613126485,0.020927525121032266,2.248707255319913,normal,,0,0.58547092950018,0.07255222989179218
2026-01-27 00:00:00+00:00,0.0,0.0,0.0,0.5469575432043439,0.02092656388212463,2.2506359075868922,normal,,0,0.58547092950018,0.07255222989179218
2026-01-28 00:00:00+00:00,0.0,0.0,0.0,0.7658040905098301,0.020925602815595846,2.254897981324706,normal,,0,0.58547092950018,0.07255222989179218
2026-01-29 00:00:00+00:00,0.0,0.0,0.0,0.4105122042014865,0.020924641921415,2.247666244421715,normal,,0,0.58547092950018,0.07255222989179218
2026-01-30 00:00:00+00:00,0.0,0.0,0.0,1.9426183567093354,0.020923681199551195,2.2763912992862285,normal,,0,0.58547092950018,0.07255222989179218
2026-02-02 00:00:00+00:00,0.0,0.0,0.0,1.6962126200459597,0.020922720649973515,2.272280453242221,normal,,0,0.58547092950018,0.07255222989179218
2026-02-03 00:00:00+00:00,0.0,0.0,0.0,1.7507970602221294,0.020921760272651073,2.273997271932161,normal,,0,0.58547092950018,0.07255222989179218
2026-02-04 00:00:00+00:00,0.0,0.0,0.0,1.791231735052592,0.02092080006755298,2.275734287439845,normal,,0,0.58547092950018,0.07255222989179218
2026-02-05 00:00:00+00:00,0.0,0.0,0.0,1.5507075827175916,0.020919840034648342,2.2718190983899755,normal,,0,0.58547092950018,0.07255222989179218
2026-02-06 00:00:00+00:00,0.0,0.0,0.0,1.2882965281509355,0.02091888017390629,2.2670142648959875,normal,,0,0.58547092950018,0.07255222989179218
2026-02-09 00:00:00+00:00,0.0,0.0,0.0,1.3645457375899883,0.020917920485295942,2.269189286535031,normal,,0,0.58547092950018,0.07255222989179218
2026-02-10 00:00:00+00:00,0.0,0.0,0.0,1.1124391706441517,0.020916960968786435,2.264507217050427,normal,,0,0.58547092950018,0.07255222989179218
2026-02-11 00:00:00+00:00,0.0,0.0,0.0,1.2990711416517045,0.020916001624346904,2.2692539255984654,normal,,0,0.58547092950018,0.07255222989179218
2026-02-12 00:00:00+00:00,0.0,0.0,0.0,1.6118373979438458,0.02091504245194649,2.2767627436550755,normal,,0,0.58547092950018,0.07255222989179218
