ts_event,equity,returns,exposure,cash_credit,financing,spread
2020-07-01 00:00:00+00:00,1000000.0,0.0,0.0,0.0,0.0,-0.04771398275008476
2020-07-02 00:00:00+00:00,1000079.3650793651,7.936507936508861e-05,0.0,79.36507936507937,0.0,-0.049024643366443854
2020-07-06 00:00:00+00:00,1000158.736457546,7.936507936509753e-05,0.0,79.37137818090198,0.0,-0.04799022328774072
2020-07-07 00:00:00+00:00,1000238.1141350426,7.936507936508781e-05,0.0,79.37767749663064,0.0,-0.047599224248534355
2020-07-08 00:00:00+00:00,1000317.498112355,7.93650793651362e-05,0.0,79.38397731230498,0.0,-0.047505206006468015
2020-07-09 00:00:00+00:00,1000396.888389983,7.936507936508663e-05,0.0,79.39027762796468,0.0,-0.048311746738122885
2020-07-10 00:00:00+00:00,1000476.2849684267,7.93650793651322e-05,0.0,79.39657844364945,0.0,-0.04736332163150614
2020-07-13 00:00:00+00:00,1000555.6878481861,7.936507936511688e-05,0.0,79.40287975939894,0.0,-0.04777448166975784
2020-07-14 00:00:00+00:00,1000635.0970297614,7.936507936511734e-05,0.0,79.40918157525287,0.0,-0.04790157030311626
2020-07-15 00:00:00+00:00,1000714.5125136527,7.936507936509392e-05,0.0,79.4154838912509,0.0,-0.048098726523686075
2020-07-16 00:00:00+00:00,1000793.9343003602,7.936507936512329e-05,0.0,79.42178670743276,0.0,-0.04748754638616681
2020-07-17 00:00:00+00:00,1000873.362390384,7.936507936504947e-05,0.0,79.42809002383811,0.0,-0.04666407457708299
2020-07-20 00:00:00+00:00,1000952.7967842245,7.936507936506542e-05,0.0,79.43439384050666,0.0,-0.04843576604416544
2020-07-21 00:00:00+00:00,1001032.237482382,7.936507936513146e-05,0.0,79.44069815747812,0.0,-0.04875612024216114
2020-07-22 00:00:00+00:00,1001111.6844853568,7.936507936509162e-05,0.0,79.44700297479223,0.0,-0.04879189085116842
2020-07-23 00:00:00+00:00,1001191.1377936492,7.936507936502255e-05,0.0,79.45330829248863,0.0,-0.0485813054308295
2020-07-24 00:00:00+00:00,1001270.5974077599,7.936507936511715e-05,0.0,79.45961411060708,0.0,-0.047642867953830326
2020-07-27 00:00:00+00:00,1001350.0633281891,7.936507936510315e-05,0.0,79.46592042918729,0.0,-0.0476234133865594
2020-07-28 00:00:00+00:00,1001429.5355554373,7.93650793650572e-05,0.0,79.47222724826898,0.0,-0.04806688165741235
2020-07-29 00:00:00+00:00,1001509.0140900052,7.936507936505588e-05,0.0,79.47853456789186,0.0,-0.04949205371723142
2020-07-30 00:00:00+00:00,1001588.4989323933,7.936507936505952e-05,0.0,79.48484238809564,0.0,-0.048490718845928704
2020-07-31 00:00:00+00:00,1001667.9900831021,7.936507936502845e-05,0.0,79.4911507089201,0.0,-0.051096174153085094
2020-08-03 00:00:00+00:00,1001747.4875426325,7.936507936503922e-05,0.0,79.49745953040492,0.0,-0.047930992799408045
2020-08-04 00:00:00+00:00,1001826.9913114851,7.936507936505218e-05,0.0,79.50376885258989,0.0,-0.04840098147067007
2020-08-05 00:00:00+00:00,1001906.5013901605,7.936507936502764e-05,0.0,79.51007867551469,0.0,-0.04851242744347495
2020-08-06 00:00:00+00:00,1001986.0177791597,7.936507936504215e-05,0.0,79.51638899921909,0.0,-0.048774225769364854
2020-08-07 00:00:00+00:00,1002065.5404789834,7.936507936505603e-05,0.0,79.52269982374284,0.0,-0.0480887069065421
2020-08-10 00:00:00+00:00,1002145.0694901325,7.936507936502961e-05,0.0,79.52901114912567,0.0,-0.048396642489445085
2020-08-11 00:00:00+00:00,1002224.6048131079,7.936507936503941e-05,0.0,79.53532297540734,0.0,-0.048707074135636574
2020-08-12 00:00:00+00:00,1002304.1464484105,7.936507936504577e-05,0.0,79.54163530262761,0.0,-0.048266744969610365
2020-08-13 00:00:00+00:00,1002383.6943965413,7.936507936512513e-05,0.0,79.54794813082623,0.0,-0.048361558707217256
2020-08-14 00:00:00+00:00,1002463.2486580014,7.93650793651217e-05,0.0,79.55426146004297,0.0,-0.047814346539500896
2020-08-17 00:00:00+00:00,1002542.8092332918,7.936507936511196e-05,0.0,79.56057529031757,0.0,-0.04849088573197591
2020-08-18 00:00:00+00:00,1002622.3761229134,7.936507936505623e-05,0.0,79.56688962168982,0.0,-0.048345954818051595
2020-08-19 00:00:00+00:00,1002701.9493273676,7.9365079365031e-05,0.0,79.57320445419948,0.0,-0.04849643934523229
2020-08-20 00:00:00+00:00,1002781.5288471555,7.936507936511266e-05,0.0,79.57951978788631,0.0,-0.04819843825905057
2020-08-21 00:00:00+00:00,1002861.1146827783,7.936507936502936e-05,0.0,79.58583562279011,0.0,-0.04838322193464606
2020-08-24 00:00:00+00:00,1002940.7068347372,7.936507936508972e-05,0.0,79.59215195895065,0.0,-0.04737096729233148
2020-08-25 00:00:00+00:00,1003020.3053035336,7.936507936502188e-05,0.0,79.59846879640772,0.0,-0.04881540675512053
2020-08-26 00:00:00+00:00,1003099.9100896688,7.936507936513442e-05,0.0,79.60478613520108,0.0,-0.04861492381100252
2020-08-27 00:00:00+00:00,1003179.5211936441,7.936507936503943e-05,0.0,79.61110397537054,0.0,-0.04776836558209929
2020-08-28 00:00:00+00:00,1003259.1386159611,7.936507936504546e-05,0.0,79.61742231695588,0.0,-0.04804823113576617
2020-08-31 00:00:00+00:00,1003338.7623571211,7.936507936511283e-05,0.0,79.62374115999691,0.0,-0.04656670838018506
2020-09-01 00:00:00+00:00,1003418.3924176256,7.936507936508579e-05,0.0,79.63006050453342,0.0,-0.048107453301769354
2020-09-02 00:00:00+00:00,1003498.0287979762,7.936507936504075e-05,0.0,79.63638035060521,0.0,-0.046876205924849756
2020-09-03 00:00:00+00:00,1003577.6714986744,7.936507936505406e-05,0.0,79.64270069825209,0.0,-0.04818830469355717
2020-09-04 00:00:00+00:00,1003657.320520222,7.936507936508603e-05,0.0,79.64902154751384,0.0,-0.048085784928357356
2020-09-08 00:00:00+00:00,1003736.9758631204,7.936507936509698e-05,0.0,79.65534289843032,0.0,-0.048213675915724785
2020-09-09 00:00:00+00:00,1003816.6375278714,7.936507936504727e-05,0.0,79.6616647510413,0.0,-0.048573551075706156
2020-09-10 00:00:00+00:00,1003896.3055149768,7.936507936512918e-05,0.0,79.66798710538662,0.0,-0.04848115889165783
2020-09-11 00:00:00+00:00,1003975.9798249383,7.936507936507108e-05,0.0,79.6743099615061,0.0,-0.04756992971113849
2020-09-14 00:00:00+00:00,1004055.6604582578,7.936507936506527e-05,0.0,79.68063331943955,0.0,-0.04751282473404661
2020-09-15 00:00:00+00:00,1004135.347415437,7.936507936507205e-05,0.0,79.68695717922681,0.0,-0.0484198315682578
2020-09-16 00:00:00+00:00,1004215.0406969779,7.936507936505176e-05,0.0,79.69328154090769,0.0,-0.0498859211267666
2020-09-17 00:00:00+00:00,1004294.7403033824,7.936507936508067e-05,0.0,79.69960640452206,0.0,-0.04852330890950718
2020-09-18 00:00:00+00:00,1004374.4462351525,7.93650793651191e-05,0.0,79.70593177010971,0.0,-0.05276653474799353
2020-09-21 00:00:00+00:00,1004454.1584927903,7.936507936512738e-05,0.0,79.71225763771052,0.0,-0.052349340628001784
2020-09-22 00:00:00+00:00,1004533.8770767977,7.936507936506584e-05,0.0,79.71858400736431,0.0,-0.0524066815351647
2020-09-23 00:00:00+00:00,1004613.6019876768,7.936507936512664e-05,0.0,79.72491087911092,0.0,-0.04684825710491225
2020-09-24 00:00:00+00:00,1004693.3332259298,7.93650793650383e-05,0.0,79.73123825299022,0.0,-0.04705719689964649
2020-09-25 00:00:00+00:00,1004773.0707920588,7.936507936510881e-05,0.0,79.73756612904205,0.0,-0.04773818919558792
2020-09-28 00:00:00+00:00,1004852.8146865661,7.936507936506676e-05,0.0,79.74389450730625,0.0,-0.048038139986458894
2020-09-29 00:00:00+00:00,1004932.564909954,7.93650793651042e-05,0.0,79.75022338782271,0.0,-0.04792650953218214
2020-09-30 00:00:00+00:00,1005012.3214627246,7.936507936506558e-05,0.0,79.75655277063127,0.0,-0.04703045376234272
2020-10-01 00:00:00+00:00,1005092.0843453803,7.936507936502713e-05,0.0,79.76288265577179,0.0,-0.05655305521294007
2020-10-02 00:00:00+00:00,1005171.8535584236,7.936507936506499e-05,0.0,79.76921304328415,0.0,-0.0595258493018882
2020-10-05 00:00:00+00:00,1005251.6291023567,7.936507936502365e-05,0.0,79.77554393320823,0.0,-0.05721432802340942
2020-10-06 00:00:00+00:00,1005331.4109776823,7.93650793650951e-05,0.0,79.78187532558387,0.0,-0.05717486370308489
2020-10-07 00:00:00+00:00,1005411.1991849028,7.936507936512383e-05,0.0,79.78820722045099,0.0,-0.05725533860761178
2020-10-08 00:00:00+00:00,1005490.9937245207,7.936507936507019e-05,0.0,79.79453961784944,0.0,-0.05734797531896074
2020-10-09 00:00:00+00:00,1005570.7945970385,7.93650793651261e-05,0.0,79.8008725178191,0.0,-0.05723464819491397
2020-10-12 00:00:00+00:00,1005650.601802959,7.936507936513607e-05,0.0,79.80720592039988,0.0,-0.05713170285614044
2020-10-13 00:00:00+00:00,1005730.4153427846,7.936507936506049e-05,0.0,79.81353982563166,0.0,-0.057379463572866385
2020-10-14 00:00:00+00:00,1005810.2352170182,7.936507936509118e-05,0.0,79.81987423355433,0.0,-0.05725350347035718
2020-10-15 00:00:00+00:00,1005890.0614261624,7.936507936507274e-05,0.0,79.8262091442078,0.0,-0.05794575840969873
2020-10-16 00:00:00+00:00,1005969.89397072,7.936507936508124e-05,0.0,79.83254455763193,0.0,-0.05826334291777968
2020-10-19 00:00:00+00:00,1006049.7328511939,7.936507936507698e-05,0.0,79.83888047386667,0.0,-0.0571505160488579
2020-10-20 00:00:00+00:00,1006129.5780680869,7.936507936513604e-05,0.0,79.8452168929519,0.0,-0.0568673177166481
2020-10-21 00:00:00+00:00,1006209.4296219018,7.936507936510301e-05,0.0,79.85155381492753,0.0,-0.05660651326998245
2020-10-22 00:00:00+00:00,1006289.2875131416,7.936507936505398e-05,0.0,79.85789123983348,0.0,-0.05757924670858294
2020-10-23 00:00:00+00:00,1006369.1517423093,7.936507936506496e-05,0.0,79.86422916770965,0.0,-0.0567113375296282
2020-10-26 00:00:00+00:00,1006449.022309908,7.936507936509625e-05,0.0,79.87056759859598,0.0,-0.05704166292499213
2020-10-27 00:00:00+00:00,1006528.8992164405,7.93650793651082e-05,0.0,79.87690653253237,0.0,-0.056459347987741104
2020-10-28 00:00:00+00:00,1006608.78246241,7.936507936506115e-05,0.0,79.88324596955877,0.0,-0.05664066844358828
2020-10-29 00:00:00+00:00,1006688.6720483197,7.936507936503109e-05,0.0,79.88958590971508,0.0,-0.05767427446527407
2020-10-30 00:00:00+00:00,1006768.5679746728,7.9365079365094e-05,0.0,79.89592635304125,0.0,-0.05555293194933153
2020-11-02 00:00:00+00:00,1006848.4702419724,7.936507936509456e-05,0.0,79.9022672995772,0.0,-0.05644655791843611
2020-11-03 00:00:00+00:00,1006928.3788507218,7.936507936510872e-05,0.0,79.90860874936288,0.0,-0.05753207637388691
2020-11-04 00:00:00+00:00,1007008.2938014242,7.936507936509683e-05,0.0,79.91495070243823,0.0,-0.0558850639837134
2020-11-05 00:00:00+00:00,1007088.2150945831,7.936507936513485e-05,0.0,79.92129315884318,0.0,-0.05621557546041345
2020-11-06 00:00:00+00:00,1007168.1427307017,7.936507936506748e-05,0.0,79.92763611861771,0.0,-0.05692377896708134
2020-11-09 00:00:00+00:00,1007248.0767102835,7.936507936508626e-05,0.0,79.93397958180172,0.0,-0.06092409022779055
2020-11-10 00:00:00+00:00,1007328.0170338319,7.936507936503594e-05,0.0,79.9403235484352,0.0,-0.05759692645509329
2020-11-11 00:00:00+00:00,1007407.9637018505,7.9365079365108e-05,0.0,79.94666801855809,0.0,-0.05826628763850472
2020-11-12 00:00:00+00:00,1007487.9167148427,7.936507936503162e-05,0.0,79.95301299221036,0.0,-0.057847544041766064
2020-11-13 00:00:00+00:00,1007567.8760733121,7.936507936511383e-05,0.0,79.95935846943196,0.0,-0.057416678315053815
2020-11-16 00:00:00+00:00,1007647.8417777624,7.936507936508384e-05,0.0,79.96570445026286,0.0,-0.05839867128643128
2020-11-17 00:00:00+00:00,1007727.8138286972,7.936507936513306e-05,0.0,79.97205093474305,0.0,-0.05812795626828837
2020-11-18 00:00:00+00:00,1007807.7922266201,7.936507936510631e-05,0.0,79.97839792291248,0.0,-0.0574125250088251
2020-11-19 00:00:00+00:00,1007887.776972035,7.936507936507943e-05,0.0,79.98474541481112,0.0,-0.05770076852524486
2020-11-20 00:00:00+00:00,1007967.7680654455,7.936507936512828e-05,0.0,79.99109341047897,0.0,-0.05829823757537511
2020-11-23 00:00:00+00:00,1008047.7655073554,7.936507936509767e-05,0.0,79.997441909956,0.0,-0.05824190658441175
2020-11-24 00:00:00+00:00,1008127.7692982687,7.936507936506344e-05,0.0,80.00379091328217,0.0,-0.058118450222261586
2020-11-25 00:00:00+00:00,1008207.7794386892,7.936507936510141e-05,0.0,80.01014042049752,0.0,-0.05791079767749174
2020-11-27 00:00:00+00:00,1008287.7959291209,7.936507936505642e-05,0.0,80.016490431642,0.0,-0.05841666249806998
2020-11-30 00:00:00+00:00,1008367.8187700676,7.936507936511975e-05,0.0,80.02284094675562,0.0,-0.0577547468451165
2020-12-01 00:00:00+00:00,1008447.8479620336,7.936507936513626e-05,0.0,80.02919196587838,0.0,-0.05778549552378376
2020-12-02 00:00:00+00:00,1008527.8835055226,7.936507936506627e-05,0.0,80.03554348905028,0.0,-0.05881333046627102
2020-12-03 00:00:00+00:00,1008607.925401039,7.936507936510104e-05,0.0,80.04189551631131,0.0,-0.05805162569471456
2020-12-04 00:00:00+00:00,1008687.9736490867,7.936507936508541e-05,0.0,80.0482480477015,0.0,-0.058191830190422955
2020-12-07 00:00:00+00:00,1008768.0282501699,7.936507936509518e-05,0.0,80.05460108326085,0.0,-0.05804284148849703
2020-12-08 00:00:00+00:00,1008848.089204793,7.936507936509065e-05,0.0,80.06095462302936,0.0,-0.05889178222978053
2020-12-09 00:00:00+00:00,1008928.15651346,7.936507936503218e-05,0.0,80.06730866704706,0.0,-0.05824910131443861
2020-12-10 00:00:00+00:00,1009008.2301766754,7.936507936511086e-05,0.0,80.07366321535396,0.0,-0.057370158328756915
2020-12-11 00:00:00+00:00,1009088.3101949433,7.936507936505627e-05,0.0,80.08001826799011,0.0,-0.0580929106533743
2020-12-14 00:00:00+00:00,1009168.3965687683,7.93650793650595e-05,0.0,80.0863738249955,0.0,-0.05245405579444551
2020-12-15 00:00:00+00:00,1009248.4892986547,7.936507936508086e-05,0.0,80.09272988641018,0.0,-0.05350183184505486
2020-12-16 00:00:00+00:00,1009328.588385107,7.936507936508068e-05,0.0,80.09908645227418,0.0,-0.05279316635427467
2020-12-17 00:00:00+00:00,1009408.6938286297,7.936507936513466e-05,0.0,80.10544352262754,0.0,-0.05366308551424748
2020-12-18 00:00:00+00:00,1009488.8056297272,7.936507936508775e-05,0.0,80.1118010975103,0.0,-0.0612705027125644
2020-12-21 00:00:00+00:00,1009568.9237889042,7.9365079365131e-05,0.0,80.11815917696248,0.0,-0.058470571850407715
2020-12-22 00:00:00+00:00,1009649.0483066653,7.936507936510938e-05,0.0,80.12451776102414,0.0,-0.05787041805740767
2020-12-23 00:00:00+00:00,1009729.179183515,7.936507936509856e-05,0.0,80.13087684973534,0.0,-0.05814563364664327
2020-12-24 00:00:00+00:00,1009809.3164199581,7.936507936505885e-05,0.0,80.13723644313612,0.0,-0.05702206937450871
2020-12-28 00:00:00+00:00,1009889.4600164994,7.93650793650659e-05,0.0,80.14359654126652,0.0,-0.05800297468359972
2020-12-29 00:00:00+00:00,1009969.6099736436,7.936507936508002e-05,0.0,80.14995714416662,0.0,-0.05730760394674839
2020-12-30 00:00:00+00:00,1010049.7662918954,7.936507936506153e-05,0.0,80.15631825187647,0.0,-0.05783117363946122
2020-12-31 00:00:00+00:00,1010129.9289717599,7.936507936508606e-05,0.0,80.16267986443614,0.0,-0.057596659552316964
2021-01-04 00:00:00+00:00,1010210.0980137418,7.936507936511391e-05,0.0,80.1690419818857,0.0,-0.06142882269818273
2021-01-05 00:00:00+00:00,1010290.2734183461,7.936507936510543e-05,0.0,80.17540460426522,0.0,-0.06192793027642729
2021-01-06 00:00:00+00:00,1010370.4551860777,7.936507936513616e-05,0.0,80.18176773161477,0.0,-0.06155359279692885
2021-01-07 00:00:00+00:00,1010450.6433174417,7.936507936505124e-05,0.0,80.18813136397442,0.0,-0.06203445827419518
2021-01-08 00:00:00+00:00,1010530.837812943,7.936507936504146e-05,0.0,80.19449550138427,0.0,-0.062225667616435665
2021-01-11 00:00:00+00:00,1010611.0386730869,7.93650793650671e-05,0.0,80.20086014388437,0.0,-0.061553324575525536
2021-01-12 00:00:00+00:00,1010691.2458983784,7.936507936508851e-05,0.0,80.20722529151483,0.0,-0.06133752534946524
2021-01-13 00:00:00+00:00,1010771.4594893227,7.936507936506603e-05,0.0,80.21359094431575,0.0,-0.06191339334641466
2021-01-14 00:00:00+00:00,1010851.679446425,7.936507936507516e-05,0.0,80.2199571023272,0.0,-0.06173464043211929
2021-01-15 00:00:00+00:00,1010931.9057701906,7.936507936507623e-05,0.0,80.22632376558929,0.0,-0.0606985335125616
2021-01-19 00:00:00+00:00,1011012.1384611247,7.93650793650296e-05,0.0,80.23269093414211,0.0,-0.061589934121454526
2021-01-20 00:00:00+00:00,1011092.3775197328,7.936507936512589e-05,0.0,80.23905860802577,0.0,-0.062345974459554476
2021-01-21 00:00:00+00:00,1011172.6229465201,7.936507936509511e-05,0.0,80.24542678728038,0.0,-0.06223431089568443
2021-01-22 00:00:00+00:00,1011252.8747419921,7.936507936512792e-05,0.0,80.25179547194604,0.0,-0.06192595297559578
2021-01-25 00:00:00+00:00,1011333.1329066542,7.936507936506949e-05,0.0,80.25816466206287,0.0,-0.062317408458371304
2021-01-26 00:00:00+00:00,1011413.3974410119,7.936507936511041e-05,0.0,80.26453435767097,0.0,-0.06200322280136383
2021-01-27 00:00:00+00:00,1011493.6683455707,7.936507936509589e-05,0.0,80.27090455881047,0.0,-0.06023837581645353
2021-01-28 00:00:00+00:00,1011573.9456208362,7.936507936510135e-05,0.0,80.27727526552148,0.0,-0.06115486023049499
2021-01-29 00:00:00+00:00,1011654.2292673141,7.936507936508714e-05,0.0,80.28364647784414,0.0,-0.06247809642748603
2021-02-01 00:00:00+00:00,1011734.51928551,7.936507936512868e-05,0.0,80.29001819581858,0.0,-0.061694778472265455
2021-02-02 00:00:00+00:00,1011814.8156759294,7.93650793650712e-05,0.0,80.29639041948492,0.0,-0.06279094904884541
2021-02-03 00:00:00+00:00,1011895.1184390783,7.936507936510521e-05,0.0,80.30276314888329,0.0,-0.06227133582752131
2021-02-04 00:00:00+00:00,1011975.4275754624,7.936507936507594e-05,0.0,80.30913638405383,0.0,-0.0622162336419807
2021-02-05 00:00:00+00:00,1012055.7430855874,7.936507936505878e-05,0.0,80.3155101250367,0.0,-0.062349133033464454
2021-02-08 00:00:00+00:00,1012136.0649699593,7.93650793651291e-05,0.0,80.32188437187202,0.0,-0.06153722637904835
2021-02-09 00:00:00+00:00,1012216.393229084,7.936507936513219e-05,0.0,80.32825912459995,0.0,-0.06261926355589598
2021-02-10 00:00:00+00:00,1012296.7278634672,7.936507936502841e-05,0.0,80.33463438326064,0.0,-0.062278424508892094
2021-02-11 00:00:00+00:00,1012377.0688736151,7.936507936512311e-05,0.0,80.34101014789422,0.0,-0.06099769811545652
2021-02-12 00:00:00+00:00,1012457.4162600336,7.93650793650316e-05,0.0,80.34738641854088,0.0,-0.061272670690383
2021-02-16 00:00:00+00:00,1012537.7700232288,7.936507936505924e-05,0.0,80.35376319524076,0.0,-0.06194394347487986
2021-02-17 00:00:00+00:00,1012618.1301637068,7.936507936505131e-05,0.0,80.36014047803404,0.0,-0.06134067791767972
2021-02-18 00:00:00+00:00,1012698.4966819738,7.936507936508316e-05,0.0,80.36651826696087,0.0,-0.06189165424174092
2021-02-19 00:00:00+00:00,1012778.8695785359,7.936507936511509e-05,0.0,80.37289656206141,0.0,-0.06167693011171238
2021-02-22 00:00:00+00:00,1012859.2488538993,7.936507936510745e-05,0.0,80.37927536337587,0.0,-0.06311823085923418
2021-02-23 00:00:00+00:00,1012939.6345085703,7.93650793651355e-05,0.0,80.38565467094439,0.0,-0.06251935028563516
2021-02-24 00:00:00+00:00,1013020.0265430551,7.936507936504466e-05,0.0,80.39203448480717,0.0,-0.061784228825993104
2021-02-25 00:00:00+00:00,1013100.42495786,7.936507936502513e-05,0.0,80.39841480500436,0.0,-0.06254520072046876
2021-02-26 00:00:00+00:00,1013180.8297534916,7.936507936503722e-05,0.0,80.40479563157619,0.0,-0.062705536356094
2021-03-01 00:00:00+00:00,1013261.2409304561,7.936507936504124e-05,0.0,80.41117696456283,0.0,-0.06284321085536693
2021-03-02 00:00:00+00:00,1013341.6584892601,7.936507936511246e-05,0.0,80.41755880400446,0.0,-0.062315066275054676
2021-03-03 00:00:00+00:00,1013422.0824304101,7.936507936509627e-05,0.0,80.42394114994129,0.0,-0.06163709419377117
2021-03-04 00:00:00+00:00,1013502.5127544125,7.936507936506793e-05,0.0,80.4303240024135,0.0,-0.06344813057306453
2021-03-05 00:00:00+00:00,1013582.949461774,7.936507936510262e-05,0.0,80.4367073614613,0.0,-0.061681954959271756
2021-03-08 00:00:00+00:00,1013663.3925530011,7.936507936504582e-05,0.0,80.44309122712492,0.0,-0.0623084090316981
2021-03-09 00:00:00+00:00,1013743.8420286005,7.936507936508758e-05,0.0,80.44947559944453,0.0,-0.062183577918951016
2021-03-10 00:00:00+00:00,1013824.297889079,7.936507936507336e-05,0.0,80.45586047846035,0.0,-0.06407756170718759
2021-03-11 00:00:00+00:00,1013904.7601349432,7.936507936507835e-05,0.0,80.46224586421262,0.0,-0.0626163702005611
2021-03-12 00:00:00+00:00,1013985.2287666999,7.936507936506286e-05,0.0,80.46863175674152,0.0,-0.062082354226766334
2021-03-15 00:00:00+00:00,1014065.703784856,7.936507936510207e-05,0.0,80.47501815608729,0.0,-0.06251817281800776
2021-03-16 00:00:00+00:00,1014146.1851899183,7.936507936504146e-05,0.0,80.48140506229016,0.0,-0.06328346834473741
2021-03-17 00:00:00+00:00,1014226.6729823936,7.936507936507102e-05,0.0,80.48779247539034,0.0,-0.06264983945287295
2021-03-18 00:00:00+00:00,1014307.167162789,7.936507936503623e-05,0.0,80.49418039542806,0.0,-0.06204872836139952
2021-03-19 00:00:00+00:00,1014387.6677316115,7.936507936512703e-05,0.0,80.50056882244357,0.0,-0.06551372244546716
2021-03-22 00:00:00+00:00,1014468.174689368,7.936507936507416e-05,0.0,80.5069577564771,0.0,-0.06546610501034422
2021-03-23 00:00:00+00:00,1014548.6880365656,7.936507936506752e-05,0.0,80.51334719756889,0.0,-0.06551601896960335
2021-03-24 00:00:00+00:00,1014629.2077737113,7.936507936506743e-05,0.0,80.51973714575917,0.0,-0.06535212174321536
2021-03-25 00:00:00+00:00,1014709.7339013123,7.936507936503422e-05,0.0,80.52612760108819,0.0,-0.06228025465707976
2021-03-26 00:00:00+00:00,1014790.2664198759,7.936507936504296e-05,0.0,80.53251856359621,0.0,-0.06236073254382024
2021-03-29 00:00:00+00:00,1014870.8053299092,7.936507936505398e-05,0.0,80.53891003332349,0.0,-0.06214098315886485
2021-03-30 00:00:00+00:00,1014951.3506319195,7.936507936502761e-05,0.0,80.54530201031025,0.0,-0.06265170449149604
2021-03-31 00:00:00+00:00,1015031.902326414,7.93650793650389e-05,0.0,80.55169449459679,0.0,-0.062299804328756814
2021-04-01 00:00:00+00:00,1015112.4604139002,7.936507936504815e-05,0.0,80.55808748622333,0.0,-0.05158776446530666
2021-04-05 00:00:00+00:00,1015193.0248948855,7.93650793651304e-05,0.0,80.56448098523018,0.0,-0.05211323529056511
2021-04-06 00:00:00+00:00,1015273.5957698772,7.93650793651313e-05,0.0,80.57087499165758,0.0,-0.051323568969759314
2021-04-07 00:00:00+00:00,1015354.1730393828,7.936507936512584e-05,0.0,80.57726950554581,0.0,-0.05113575730550046
2021-04-08 00:00:00+00:00,1015434.7567039097,7.936507936507438e-05,0.0,80.58366452693514,0.0,-0.051010353978068856
2021-04-09 00:00:00+00:00,1015515.3467639656,7.936507936505191e-05,0.0,80.59006005586585,0.0,-0.05258904952148491
2021-04-12 00:00:00+00:00,1015595.943220058,7.936507936513339e-05,0.0,80.59645609237822,0.0,-0.05157286940757366
2021-04-13 00:00:00+00:00,1015676.5460726945,7.936507936504985e-05,0.0,80.60285263651254,0.0,-0.05209414971517212
2021-04-14 00:00:00+00:00,1015757.1553223828,7.936507936510556e-05,0.0,80.60924968830909,0.0,-0.05147678349411766
2021-04-15 00:00:00+00:00,1015837.7709696306,7.936507936503158e-05,0.0,80.61564724780816,0.0,-0.05166475544296656
2021-04-16 00:00:00+00:00,1015918.3930149457,7.936507936513208e-05,0.0,80.62204531505004,0.0,-0.05191585394305864
2021-04-19 00:00:00+00:00,1015999.0214588357,7.936507936502358e-05,0.0,80.62844389007505,0.0,-0.051832812543687545
2021-04-20 00:00:00+00:00,1016079.6563018087,7.93650793651248e-05,0.0,80.63484297292347,0.0,-0.051795007502717816
2021-04-21 00:00:00+00:00,1016160.2975443723,7.93650793650523e-05,0.0,80.64124256363561,0.0,-0.051994608532729636
2021-04-22 00:00:00+00:00,1016240.9451870346,7.936507936511013e-05,0.0,80.64764266225177,0.0,-0.05184987103931249
2021-04-23 00:00:00+00:00,1016321.5992303033,7.93650793650295e-05,0.0,80.65404326881226,0.0,-0.05142780077002396
2021-04-26 00:00:00+00:00,1016402.2596746867,7.936507936511443e-05,0.0,80.6604443833574,0.0,-0.051782963177307906
2021-04-27 00:00:00+00:00,1016482.9265206927,7.936507936509612e-05,0.0,80.66684600592751,0.0,-0.05204428545772899
2021-04-28 00:00:00+00:00,1016563.5997688292,7.936507936504944e-05,0.0,80.6732481365629,0.0,-0.05197990970387778
2021-04-29 00:00:00+00:00,1016644.2794196045,7.936507936504929e-05,0.0,80.6796507753039,0.0,-0.052299574361455825
2021-04-30 00:00:00+00:00,1016724.9654735266,7.936507936505597e-05,0.0,80.68605392219084,0.0,-0.05204029181430947
2021-05-03 00:00:00+00:00,1016805.6579311038,7.936507936502982e-05,0.0,80.69245757726402,0.0,-0.05201948073556473
2021-05-04 00:00:00+00:00,1016886.3567928444,7.936507936504567e-05,0.0,80.6988617405638,0.0,-0.05117904928244954
2021-05-05 00:00:00+00:00,1016967.0620592565,7.936507936506385e-05,0.0,80.7052664121305,0.0,-0.05149427121418082
2021-05-06 00:00:00+00:00,1017047.7737308485,7.936507936504468e-05,0.0,80.71167159200448,0.0,-0.05172293805251371
2021-05-07 00:00:00+00:00,1017128.4918081287,7.936507936506298e-05,0.0,80.71807728022607,0.0,-0.052065775491096034
2021-05-10 00:00:00+00:00,1017209.2162916055,7.936507936507907e-05,0.0,80.7244834768356,0.0,-0.05233553688469694
2021-05-11 00:00:00+00:00,1017289.9471817873,7.936507936505328e-05,0.0,80.73089018187345,0.0,-0.05055676637994733
2021-05-12 00:00:00+00:00,1017370.6844791827,7.93650793650604e-05,0.0,80.73729739537995,0.0,-0.0517617329129374
2021-05-13 00:00:00+00:00,1017451.4281843001,7.936507936506076e-05,0.0,80.74370511739545,0.0,-0.05029475965831409
2021-05-14 00:00:00+00:00,1017532.1782976481,7.93650793651291e-05,0.0,80.75011334796032,0.0,-0.0518975769854384
2021-05-17 00:00:00+00:00,1017612.9348197352,7.936507936511134e-05,0.0,80.75652208711493,0.0,-0.050510023571274765
2021-05-18 00:00:00+00:00,1017693.6977510701,7.936507936508222e-05,0.0,80.76293133489962,0.0,-0.05275943696627294
2021-05-19 00:00:00+00:00,1017774.4670921615,7.93650793651165e-05,0.0,80.76934109135478,0.0,-0.05189644639399038
2021-05-20 00:00:00+00:00,1017855.242843518,7.936507936506008e-05,0.0,80.77575135652076,0.0,-0.051423200201798025
2021-05-21 00:00:00+00:00,1017936.0250056485,7.936507936510209e-05,0.0,80.78216213043794,0.0,-0.05095926242879045
2021-05-24 00:00:00+00:00,1018016.8135790617,7.936507936508847e-05,0.0,80.78857341314671,0.0,-0.05208892877946791
2021-05-25 00:00:00+00:00,1018097.6085642664,7.936507936509391e-05,0.0,80.79498520468744,0.0,-0.05167480336849284
2021-05-26 00:00:00+00:00,1018178.4099617715,7.936507936507876e-05,0.0,80.80139750510051,0.0,-0.05179360699098101
2021-05-27 00:00:00+00:00,1018259.2177720859,7.936507936511768e-05,0.0,80.8078103144263,0.0,-0.0521495500728868
2021-05-28 00:00:00+00:00,1018340.0319957186,7.936507936505666e-05,0.0,80.81422363270524,0.0,-0.05235327540594081
2021-06-01 00:00:00+00:00,1018420.8526331786,7.936507936508472e-05,0.0,80.82063745997766,0.0,-0.05170063319341711
2021-06-02 00:00:00+00:00,1018501.6796849748,7.936507936504784e-05,0.0,80.82705179628401,0.0,-0.051451932315943694
2021-06-03 00:00:00+00:00,1018582.5131516166,7.936507936513498e-05,0.0,80.83346664166467,0.0,-0.05207522388252528
2021-06-04 00:00:00+00:00,1018663.3530336127,7.936507936507786e-05,0.0,80.83988199616005,0.0,-0.0511171290942114
2021-06-07 00:00:00+00:00,1018744.1993314725,7.936507936506542e-05,0.0,80.84629785981053,0.0,-0.05256398070169066
2021-06-08 00:00:00+00:00,1018825.0520457051,7.936507936505797e-05,0.0,80.85271423265655,0.0,-0.051637615379163115
2021-06-09 00:00:00+00:00,1018905.9111768199,7.936507936513012e-05,0.0,80.8591311147385,0.0,-0.05215562049350897
2021-06-10 00:00:00+00:00,1018986.7767253261,7.936507936512792e-05,0.0,80.86554850609681,0.0,-0.04901259372808031
2021-06-11 00:00:00+00:00,1019067.6486917329,7.936507936512599e-05,0.0,80.87196640677192,0.0,-0.04872033631755279
2021-06-14 00:00:00+00:00,1019148.5270765497,7.936507936508462e-05,0.0,80.8783848168042,0.0,-0.04925277636524772
2021-06-15 00:00:00+00:00,1019229.411880286,7.936507936507843e-05,0.0,80.8848037362341,0.0,-0.04947912322760217
2021-06-16 00:00:00+00:00,1019310.303103451,7.936507936506772e-05,0.0,80.89122316510206,0.0,-0.04936761254960853
2021-06-17 00:00:00+00:00,1019391.2007465545,7.936507936512706e-05,0.0,80.8976431034485,0.0,-0.0498275906403034
2021-06-18 00:00:00+00:00,1019472.1048101059,7.936507936510253e-05,0.0,80.90406355131385,0.0,-0.052564078462193464
2021-06-21 00:00:00+00:00,1019553.0152946146,7.936507936506869e-05,0.0,80.91048450873856,0.0,-0.052411795251237514
2021-06-22 00:00:00+00:00,1019633.9322005904,7.936507936510007e-05,0.0,80.91690597576306,0.0,-0.05231118970824067
2021-06-23 00:00:00+00:00,1019714.8555285428,7.936507936504281e-05,0.0,80.92332795242781,0.0,-0.05242845483441805
2021-06-24 00:00:00+00:00,1019795.7852789816,7.93650793650856e-05,0.0,80.92975043877324,0.0,-0.05299164550539803
2021-06-25 00:00:00+00:00,1019876.7214524164,7.936507936507458e-05,0.0,80.9361734348398,0.0,-0.0521775761621015
2021-06-28 00:00:00+00:00,1019957.6640493571,7.936507936508426e-05,0.0,80.94259694066797,0.0,-0.05253465066618279
2021-06-29 00:00:00+00:00,1020038.6130703134,7.936507936507495e-05,0.0,80.94902095629818,0.0,-0.051699582712550374
2021-06-30 00:00:00+00:00,1020119.5685157952,7.936507936512113e-05,0.0,80.9554454817709,0.0,-0.0524085448946261
2021-07-01 00:00:00+00:00,1020200.5303863123,7.936507936506901e-05,0.0,80.9618705171266,0.0,-0.04683009668833815
2021-07-02 00:00:00+00:00,1020281.4986823747,7.936507936510716e-05,0.0,80.96829606240574,0.0,-0.046338238473897064
2021-07-06 00:00:00+00:00,1020362.4734044924,7.936507936508178e-05,0.0,80.97472211764878,0.0,-0.04642291076327609
2021-07-07 00:00:00+00:00,1020443.4545531753,7.936507936506733e-05,0.0,80.98114868289622,0.0,-0.04671513672607386
2021-07-08 00:00:00+00:00,1020524.4421289334,7.936507936502414e-05,0.0,80.98757575818851,0.0,-0.047597979593071216
2021-07-09 00:00:00+00:00,1020605.4361322769,7.93650793650266e-05,0.0,80.99400334356613,0.0,-0.046675964442098206
2021-07-12 00:00:00+00:00,1020686.4365637159,7.936507936503508e-05,0.0,81.0004314390696,0.0,-0.04659380719744188
2021-07-13 00:00:00+00:00,1020767.4434237607,7.936507936512393e-05,0.0,81.00686004473935,0.0,-0.04658011638327153
2021-07-14 00:00:00+00:00,1020848.4567129213,7.936507936502537e-05,0.0,81.01328916061593,0.0,-0.04658785337824067
2021-07-15 00:00:00+00:00,1020929.476431708,7.936507936504192e-05,0.0,81.01971878673979,0.0,-0.0477272723183102
2021-07-16 00:00:00+00:00,1021010.5025806312,7.936507936513387e-05,0.0,81.02614892315142,0.0,-0.04667251680653628
2021-07-19 00:00:00+00:00,1021091.535160201,7.936507936503349e-05,0.0,81.03257956989137,0.0,-0.04652115592211015
2021-07-20 00:00:00+00:00,1021172.574170928,7.936507936504322e-05,0.0,81.03901072700008,0.0,-0.04693228440246866
2021-07-21 00:00:00+00:00,1021253.6196133225,7.936507936512334e-05,0.0,81.04544239451809,0.0,-0.046718111316077504
2021-07-22 00:00:00+00:00,1021334.6714878951,7.936507936512017e-05,0.0,81.05187457248591,0.0,-0.046773232976828893
2021-07-23 00:00:00+00:00,1021415.729795156,7.936507936510808e-05,0.0,81.05830726094405,0.0,-0.04694949260716896
2021-07-26 00:00:00+00:00,1021496.794535616,7.936507936504738e-05,0.0,81.06474045993302,0.0,-0.047298909326360494
2021-07-27 00:00:00+00:00,1021577.8657097855,7.936507936512637e-05,0.0,81.07117416949333,0.0,-0.04648971306078753
2021-07-28 00:00:00+00:00,1021658.9433181752,7.93650793650774e-05,0.0,81.07760838966551,0.0,-0.04655952601694313
2021-07-29 00:00:00+00:00,1021740.0273612957,7.936507936508877e-05,0.0,81.0840431204901,0.0,-0.04783549165285628
2021-07-30 00:00:00+00:00,1021821.1178396577,7.936507936512078e-05,0.0,81.09047836200759,0.0,-0.047175652747197816
2021-08-02 00:00:00+00:00,1021902.214753772,7.936507936513376e-05,0.0,81.09691411425855,0.0,-0.04687499424745134
2021-08-03 00:00:00+00:00,1021983.3181041493,7.936507936508805e-05,0.0,81.10335037728349,0.0,-0.04675133538832821
2021-08-04 00:00:00+00:00,1022064.4278913004,7.936507936505792e-05,0.0,81.10978715112296,0.0,-0.046173711014842134
2021-08-05 00:00:00+00:00,1022145.5441157363,7.93650793651176e-05,0.0,81.11622443581749,0.0,-0.046847664529366284
2021-08-06 00:00:00+00:00,1022226.6667779677,7.936507936511349e-05,0.0,81.12266223140765,0.0,-0.04732969715458868
2021-08-09 00:00:00+00:00,1022307.7958785057,7.936507936511983e-05,0.0,81.12910053793395,0.0,-0.04687496441064276
2021-08-10 00:00:00+00:00,1022388.9314178611,7.936507936509698e-05,0.0,81.13553935543696,0.0,-0.04671850893471774
2021-08-11 00:00:00+00:00,1022470.0733965451,7.936507936511911e-05,0.0,81.14197868395723,0.0,-0.04695147927925003
2021-08-12 00:00:00+00:00,1022551.2218150686,7.936507936503272e-05,0.0,81.14841852353533,0.0,-0.04709420754026006
2021-08-13 00:00:00+00:00,1022632.3766739428,7.936507936502585e-05,0.0,81.1548588742118,0.0,-0.04765954099056113
2021-08-16 00:00:00+00:00,1022713.5379736788,7.93650793650588e-05,0.0,81.1612997360272,0.0,-0.046655541637244724
2021-08-17 00:00:00+00:00,1022794.7057147878,7.936507936509193e-05,0.0,81.16774110902213,0.0,-0.04692557937726072
2021-08-18 00:00:00+00:00,1022875.8798977811,7.936507936508554e-05,0.0,81.17418299323712,0.0,-0.04699275746566478
2021-08-19 00:00:00+00:00,1022957.0605231698,7.93650793651138e-05,0.0,81.18062538871278,0.0,-0.04669759467563317
2021-08-20 00:00:00+00:00,1023038.2475914652,7.936507936502324e-05,0.0,81.18706829548967,0.0,-0.046340621003977844
2021-08-23 00:00:00+00:00,1023119.4411031789,7.93650793651156e-05,0.0,81.19351171360836,0.0,-0.04630546084026044
2021-08-24 00:00:00+00:00,1023200.641058822,7.936507936512359e-05,0.0,81.19995564310943,0.0,-0.04688627226933484
2021-08-25 00:00:00+00:00,1023281.8474589061,7.936507936512135e-05,0.0,81.20640008403349,0.0,-0.04718307646427622
2021-08-26 00:00:00+00:00,1023363.0603039425,7.93650793650692e-05,0.0,81.21284503642111,0.0,-0.04696729339110828
2021-08-27 00:00:00+00:00,1023444.2795944428,7.936507936504128e-05,0.0,81.2192905003129,0.0,-0.04634540982362889
2021-08-30 00:00:00+00:00,1023525.5053309186,7.936507936511165e-05,0.0,81.22573647574943,0.0,-0.047046706628870893
2021-08-31 00:00:00+00:00,1023606.7375138814,7.936507936512687e-05,0.0,81.23218296277132,0.0,-0.04686975760428247
2021-09-01 00:00:00+00:00,1023687.9761438428,7.936507936504729e-05,0.0,81.23862996141916,0.0,-0.046999938732835034
2021-09-02 00:00:00+00:00,1023769.2212213145,7.936507936506072e-05,0.0,81.24507747173355,0.0,-0.04711742931697849
2021-09-03 00:00:00+00:00,1023850.4727468083,7.936507936512746e-05,0.0,81.25152549375512,0.0,-0.046827478222121854
2021-09-07 00:00:00+00:00,1023931.7307208359,7.936507936509415e-05,0.0,81.25797402752447,0.0,-0.04712818064551083
2021-09-08 00:00:00+00:00,1024012.9951439089,7.936507936503482e-05,0.0,81.26442307308221,0.0,-0.047302837889679594
2021-09-09 00:00:00+00:00,1024094.2660165393,7.93650793650235e-05,0.0,81.27087263046896,0.0,-0.04718243570528724
2021-09-10 00:00:00+00:00,1024175.5433392391,7.936507936513421e-05,0.0,81.27732269972535,0.0,-0.047028736171477625
2021-09-13 00:00:00+00:00,1024256.82711252,7.936507936509988e-05,0.0,81.28377328089199,0.0,-0.04746556087156151
2021-09-14 00:00:00+00:00,1024338.117336894,7.936507936510825e-05,0.0,81.29022437400953,0.0,-0.04709317271342517
2021-09-15 00:00:00+00:00,1024419.4140128732,7.936507936511959e-05,0.0,81.29667597911858,0.0,-0.04684373733788405
2021-09-16 00:00:00+00:00,1024500.7171409695,7.936507936509426e-05,0.0,81.30312809625978,0.0,-0.04658647327920473
2021-09-17 00:00:00+00:00,1024582.026721695,7.936507936510623e-05,0.0,81.30958072547377,0.0,-0.04886723423384698
2021-09-20 00:00:00+00:00,1024663.3427555618,7.936507936511583e-05,0.0,81.31603386680119,0.0,-0.05003189548156328
2021-09-21 00:00:00+00:00,1024744.6652430821,7.936507936508339e-05,0.0,81.32248752028268,0.0,-0.05003569788211859
2021-09-22 00:00:00+00:00,1024825.9941847681,7.936507936508288e-05,0.0,81.3289416859589,0.0,-0.049206199217548985
2021-09-23 00:00:00+00:00,1024907.3295811319,7.936507936507458e-05,0.0,81.33539636387049,0.0,-0.05062896408998885
2021-09-24 00:00:00+00:00,1024988.671432686,7.936507936513246e-05,0.0,81.3418515540581,0.0,-0.04584864932696853
2021-09-27 00:00:00+00:00,1025070.0197399426,7.936507936510323e-05,0.0,81.34830725656238,0.0,-0.04678655733182335
2021-09-28 00:00:00+00:00,1025151.374503414,7.936507936506084e-05,0.0,81.35476347142402,0.0,-0.04431669484086509
2021-09-29 00:00:00+00:00,1025232.7357236127,7.936507936507916e-05,0.0,81.36122019868365,0.0,-0.04683678784912626
2021-09-30 00:00:00+00:00,1025314.1034010511,7.936507936511852e-05,0.0,81.36767743838196,0.0,-0.046314570917612485
2021-10-01 00:00:00+00:00,1025395.4775362416,7.936507936502571e-05,0.0,81.37413519055961,0.0,-0.03524184733469493
2021-10-04 00:00:00+00:00,1025476.8581296969,7.93650793651017e-05,0.0,81.38059345525727,0.0,-0.036122460025577396
2021-10-05 00:00:00+00:00,1025558.2451819294,7.936507936507973e-05,0.0,81.38705223251563,0.0,-0.03571623317958572
2021-10-06 00:00:00+00:00,1025639.6386934518,7.936507936503367e-05,0.0,81.39351152237535,0.0,-0.03577622219930099
2021-10-07 00:00:00+00:00,1025721.0386647766,7.936507936503737e-05,0.0,81.39997132487713,0.0,-0.036154056666347856
2021-10-08 00:00:00+00:00,1025802.4450964166,7.936507936505114e-05,0.0,81.40643164006164,0.0,-0.03429147380250619
2021-10-11 00:00:00+00:00,1025883.8579888846,7.936507936503532e-05,0.0,81.41289246796957,0.0,-0.03604661270730869
2021-10-12 00:00:00+00:00,1025965.2773426932,7.936507936506374e-05,0.0,81.41935380864163,0.0,-0.035692952345817375
2021-10-13 00:00:00+00:00,1026046.7031583553,7.936507936509671e-05,0.0,81.42581566211851,0.0,-0.03634950317524854
2021-10-14 00:00:00+00:00,1026128.1354363838,7.936507936509457e-05,0.0,81.4322780284409,0.0,-0.036165203284985736
2021-10-15 00:00:00+00:00,1026209.5741772915,7.936507936513111e-05,0.0,81.4387409076495,0.0,-0.03603866023099922
2021-10-18 00:00:00+00:00,1026291.0193815912,7.93650793650532e-05,0.0,81.44520429978503,0.0,-0.036244964093924636
2021-10-19 00:00:00+00:00,1026372.4710497961,7.93650793650481e-05,0.0,81.4516682048882,0.0,-0.036034268972986894
2021-10-20 00:00:00+00:00,1026453.9291824191,7.936507936507611e-05,0.0,81.45813262299968,0.0,-0.03625797875384329
2021-10-21 00:00:00+00:00,1026535.3937799733,7.936507936509755e-05,0.0,81.46459755416025,0.0,-0.035906814957744615
2021-10-22 00:00:00+00:00,1026616.8648429717,7.936507936507276e-05,0.0,81.47106299841057,0.0,-0.03721155249969943
2021-10-25 00:00:00+00:00,1026698.3423719275,7.936507936507549e-05,0.0,81.4775289557914,0.0,-0.036184000153577145
2021-10-26 00:00:00+00:00,1026779.8263673538,7.936507936506606e-05,0.0,81.48399542634345,0.0,-0.03574642419734442
2021-10-27 00:00:00+00:00,1026861.3168297639,7.936507936511818e-05,0.0,81.49046241010744,0.0,-0.03624584247744789
2021-10-28 00:00:00+00:00,1026942.8137596711,7.936507936507882e-05,0.0,81.49692990712413,0.0,-0.036361987640394666
2021-10-29 00:00:00+00:00,1027024.3171575885,7.936507936513504e-05,0.0,81.50339791743421,0.0,-0.03599939026482879
2021-11-01 00:00:00+00:00,1027105.8270240297,7.93650793651338e-05,0.0,81.50986644107846,0.0,-0.03643566580062618
2021-11-02 00:00:00+00:00,1027187.3433595077,7.936507936503545e-05,0.0,81.51633547809759,0.0,-0.03661361707498667
2021-11-03 00:00:00+00:00,1027268.8661645362,7.936507936502704e-05,0.0,81.52280502853236,0.0,-0.03636538727094418
2021-11-04 00:00:00+00:00,1027350.3954396286,7.936507936506886e-05,0.0,81.5292750924235,0.0,-0.03596326629708724
2021-11-05 00:00:00+00:00,1027431.9311852985,7.936507936512123e-05,0.0,81.5357456698118,0.0,-0.03722849330508815
2021-11-08 00:00:00+00:00,1027513.4734020592,7.936507936503117e-05,0.0,81.54221676073797,0.0,-0.0365026788248235
2021-11-09 00:00:00+00:00,1027595.0220904244,7.936507936509896e-05,0.0,81.5486883652428,0.0,-0.036390835307630987
2021-11-10 00:00:00+00:00,1027676.5772509078,7.936507936505832e-05,0.0,81.55516048336702,0.0,-0.03597124322039047
2021-11-11 00:00:00+00:00,1027758.138884023,7.936507936509616e-05,0.0,81.56163311515141,0.0,-0.03612568222229218
2021-11-12 00:00:00+00:00,1027839.7069902836,7.936507936505951e-05,0.0,81.56810626063674,0.0,-0.037014070055819026
2021-11-15 00:00:00+00:00,1027921.2815702035,7.936507936513527e-05,0.0,81.57457991986378,0.0,-0.036414367182501906
2021-11-16 00:00:00+00:00,1028002.8626242963,7.936507936505722e-05,0.0,81.58105409287329,0.0,-0.03661229501672825
2021-11-17 00:00:00+00:00,1028084.4501530761,7.93650793651255e-05,0.0,81.58752877970606,0.0,-0.036630656316605226
2021-11-18 00:00:00+00:00,1028166.0441570565,7.93650793650739e-05,0.0,81.59400398040286,0.0,-0.036997084562514715
2021-11-19 00:00:00+00:00,1028247.6446367515,7.936507936508926e-05,0.0,81.60047969500448,0.0,-0.03650492347616652
2021-11-22 00:00:00+00:00,1028329.2515926751,7.936507936513188e-05,0.0,81.60695592355171,0.0,-0.0364376055531519
2021-11-23 00:00:00+00:00,1028410.8650253412,7.93650793650489e-05,0.0,81.61343266608533,0.0,-0.0364795671883682
2021-11-24 00:00:00+00:00,1028492.4849352638,7.936507936502707e-05,0.0,81.61990992264613,0.0,-0.03654904786608437
2021-11-26 00:00:00+00:00,1028574.111322957,7.936507936502671e-05,0.0,81.6263876932749,0.0,-0.037019168809387715
2021-11-29 00:00:00+00:00,1028655.744188935,7.936507936512134e-05,0.0,81.63286597801246,0.0,-0.036603039312603336
2021-11-30 00:00:00+00:00,1028737.3835337119,7.936507936504491e-05,0.0,81.6393447768996,0.0,-0.03647419928642481
2021-12-01 00:00:00+00:00,1028819.0293578019,7.93650793650973e-05,0.0,81.64582408997714,0.0,-0.03632656498098008
2021-12-02 00:00:00+00:00,1028900.6816617192,7.936507936512565e-05,0.0,81.65230391728586,0.0,-0.03688577373494528
2021-12-03 00:00:00+00:00,1028982.3404459781,7.93650793650903e-05,0.0,81.6587842588666,0.0,-0.03361662288470679
2021-12-06 00:00:00+00:00,1029064.0057110928,7.936507936506474e-05,0.0,81.66526511476016,0.0,-0.03702166681597152
2021-12-07 00:00:00+00:00,1029145.6774575779,7.936507936512245e-05,0.0,81.67174648500738,0.0,-0.03686629081597381
2021-12-08 00:00:00+00:00,1029227.3556859476,7.936507936511058e-05,0.0,81.67822836964903,0.0,-0.036441134259376895
2021-12-09 00:00:00+00:00,1029309.0403967163,7.936507936510262e-05,0.0,81.68471076872599,0.0,-0.035641173970889284
2021-12-10 00:00:00+00:00,1029390.7315903986,7.936507936505891e-05,0.0,81.69119368227908,0.0,-0.036252831309800726
2021-12-13 00:00:00+00:00,1029472.4292675089,7.936507936505287e-05,0.0,81.69767711034909,0.0,-0.033105251740071395
2021-12-14 00:00:00+00:00,1029554.1334285619,7.936507936504483e-05,0.0,81.7041610529769,0.0,-0.032807200796111324
2021-12-15 00:00:00+00:00,1029635.8440740721,7.93650793651082e-05,0.0,81.71064551020332,0.0,-0.03395723815458318
2021-12-16 00:00:00+00:00,1029717.5612045542,7.936507936509022e-05,0.0,81.71713048206921,0.0,-0.033400015059518395
2021-12-17 00:00:00+00:00,1029799.2848205228,7.936507936506432e-05,0.0,81.7236159686154,0.0,-0.035485395830252564
2021-12-20 00:00:00+00:00,1029881.0149224927,7.936507936510387e-05,0.0,81.73010196988275,0.0,-0.03658085889938256
2021-12-21 00:00:00+00:00,1029962.7515109786,7.936507936505615e-05,0.0,81.73658848591212,0.0,-0.036725208853498614
2021-12-22 00:00:00+00:00,1030044.4945864953,7.936507936510758e-05,0.0,81.74307551674433,0.0,-0.03686552034220014
2021-12-23 00:00:00+00:00,1030126.2441495578,7.936507936510544e-05,0.0,81.74956306242026,0.0,-0.036572781976886404
2021-12-27 00:00:00+00:00,1030208.0002006808,7.93650793651231e-05,0.0,81.75605112298078,0.0,-0.03713549815903594
2021-12-28 00:00:00+00:00,1030289.7627403793,7.936507936512088e-05,0.0,81.76253969846672,0.0,-0.03730429689856507
2021-12-29 00:00:00+00:00,1030371.5317691682,7.936507936505913e-05,0.0,81.76902878891899,0.0,-0.037010159124251985
2021-12-30 00:00:00+00:00,1030453.3072875626,7.936507936512416e-05,0.0,81.77551839437842,0.0,-0.03742874276755792
2021-12-31 00:00:00+00:00,1030535.0892960775,7.936507936505031e-05,0.0,81.78200851488593,0.0,-0.03681685776235266
2022-01-03 00:00:00+00:00,1030616.8777952279,7.936507936502391e-05,0.0,81.78849915048234,0.0,-0.03491538349813261
2022-01-04 00:00:00+00:00,1030698.6727855292,7.936507936511823e-05,0.0,81.79499030120857,0.0,-0.03399287633947168
2022-01-05 00:00:00+00:00,1030780.4742674963,7.936507936506766e-05,0.0,81.80148196710549,0.0,-0.033745886398218516
2022-01-06 00:00:00+00:00,1030862.2822416445,7.936507936505847e-05,0.0,81.80797414821399,0.0,-0.03391686058691423
2022-01-07 00:00:00+00:00,1030944.096708489,7.936507936505096e-05,0.0,81.81446684457495,0.0,-0.03408367103917609
2022-01-10 00:00:00+00:00,1031025.9176685453,7.936507936511841e-05,0.0,81.82096005622928,0.0,-0.034641754121583546
2022-01-11 00:00:00+00:00,1031107.7451223285,7.93650793651082e-05,0.0,81.82745378321788,0.0,-0.034194558772429495
2022-01-12 00:00:00+00:00,1031189.5790703541,7.936507936509362e-05,0.0,81.83394802558163,0.0,-0.03462074254941783
2022-01-13 00:00:00+00:00,1031271.4195131374,7.936507936503498e-05,0.0,81.84044278336144,0.0,-0.03449112993491621
2022-01-14 00:00:00+00:00,1031353.2664511941,7.93650793651184e-05,0.0,81.8469380565982,0.0,-0.03339457288441672
2022-01-18 00:00:00+00:00,1031435.1198850394,7.936507936507843e-05,0.0,81.85343384533286,0.0,-0.034270215219197375
2022-01-19 00:00:00+00:00,1031516.979815189,7.936507936510116e-05,0.0,81.8599301496063,0.0,-0.03404565018923744
2022-01-20 00:00:00+00:00,1031598.8462421584,7.936507936503406e-05,0.0,81.86642696945944,0.0,-0.03356906270162607
2022-01-21 00:00:00+00:00,1031680.7191664634,7.936507936506318e-05,0.0,81.8729243049332,0.0,-0.035773133172504856
2022-01-24 00:00:00+00:00,1031762.5985886194,7.936507936503601e-05,0.0,81.87942215606851,0.0,-0.03323946426780555
2022-01-25 00:00:00+00:00,1031844.4845091422,7.936507936502571e-05,0.0,81.8859205229063,0.0,-0.03389501580171572
2022-01-26 00:00:00+00:00,1031926.3769285477,7.936507936510543e-05,0.0,81.89241940548747,0.0,-0.034056412867790264
2022-01-27 00:00:00+00:00,1032008.2758473516,7.936507936512268e-05,0.0,81.898918803853,0.0,-0.03622357849222535
2022-01-28 00:00:00+00:00,1032090.1812660696,7.936507936503779e-05,0.0,81.90541871804378,0.0,-0.03204506799832707
2022-01-31 00:00:00+00:00,1032172.0931852177,7.936507936503673e-05,0.0,81.91191914810076,0.0,-0.03395444451100449
2022-02-01 00:00:00+00:00,1032254.0116053118,7.936507936507983e-05,0.0,81.9184200940649,0.0,-0.03369710146802252
2022-02-02 00:00:00+00:00,1032335.9365268678,7.936507936512737e-05,0.0,81.92492155597712,0.0,-0.034179955118724514
2022-02-03 00:00:00+00:00,1032417.8679504016,7.936507936502693e-05,0.0,81.9314235338784,0.0,-0.034046092915182236
2022-02-04 00:00:00+00:00,1032499.8058764294,7.93650793650772e-05,0.0,81.93792602780965,0.0,-0.0335522274158917
2022-02-07 00:00:00+00:00,1032581.7503054673,7.936507936512566e-05,0.0,81.94442903781186,0.0,-0.03413237014999737
2022-02-08 00:00:00+00:00,1032663.7012380313,7.93650793651327e-05,0.0,81.95093256392597,0.0,-0.033869605204165154
2022-02-09 00:00:00+00:00,1032745.6586746374,7.936507936505863e-05,0.0,81.95743660619296,0.0,-0.0346863778308002
2022-02-10 00:00:00+00:00,1032827.6226158021,7.936507936508927e-05,0.0,81.96394116465376,0.0,-0.03397594623248423
2022-02-11 00:00:00+00:00,1032909.5930620414,7.936507936507221e-05,0.0,81.97044623934937,0.0,-0.034400001777115996
2022-02-14 00:00:00+00:00,1032991.5700138718,7.93650793650805e-05,0.0,81.97695183032074,0.0,-0.033740517743818366
2022-02-15 00:00:00+00:00,1033073.5534718094,7.936507936507447e-05,0.0,81.98345793760888,0.0,-0.0344448842662608
2022-02-16 00:00:00+00:00,1033155.5434363707,7.936507936512715e-05,0.0,81.98996456125471,0.0,-0.034646738801452415
2022-02-17 00:00:00+00:00,1033237.539908072,7.936507936508617e-05,0.0,81.99647170129926,0.0,-0.03430893920227707
2022-02-18 00:00:00+00:00,1033319.5428874297,7.936507936502457e-05,0.0,82.00297935778349,0.0,-0.03322162854975286
2022-02-22 00:00:00+00:00,1033401.5523749605,7.9365079365128e-05,0.0,82.00948753074839,0.0,-0.03414698607766642
2022-02-23 00:00:00+00:00,1033483.5683711808,7.936507936513146e-05,0.0,82.01599622023497,0.0,-0.03473817247594724
2022-02-24 00:00:00+00:00,1033565.5908766071,7.936507936510795e-05,0.0,82.02250542628418,0.0,-0.032125119947418845
2022-02-25 00:00:00+00:00,1033647.6198917561,7.936507936513043e-05,0.0,82.02901514893708,0.0,-0.0333267738852383
2022-02-28 00:00:00+00:00,1033729.6554171443,7.936507936504662e-05,0.0,82.03552538823462,0.0,-0.03396601751584871
2022-03-01 00:00:00+00:00,1033811.6974532885,7.936507936504211e-05,0.0,82.0420361442178,0.0,-0.03291745130171275
2022-03-02 00:00:00+00:00,1033893.7460007054,7.936507936507721e-05,0.0,82.04854741692766,0.0,-0.03334778801155025
2022-03-03 00:00:00+00:00,1033975.8010599118,7.936507936511224e-05,0.0,82.05505920640519,0.0,-0.032866174488438205
2022-03-04 00:00:00+00:00,1034057.8626314246,7.936507936510754e-05,0.0,82.06157151269142,0.0,-0.037884064199217526
2022-03-07 00:00:00+00:00,1034139.9307157603,7.936507936502345e-05,0.0,82.06808433582735,0.0,-0.03259110989320835
2022-03-08 00:00:00+00:00,1034222.0053134362,7.936507936504548e-05,0.0,82.074597675854,0.0,-0.032824900519116795
2022-03-09 00:00:00+00:00,1034304.086424969,7.936507936513393e-05,0.0,82.08111153281239,0.0,-0.03405221362292288
2022-03-10 00:00:00+00:00,1034386.1740508757,7.936507936502399e-05,0.0,82.08762590674357,0.0,-0.03318356073140283
2022-03-11 00:00:00+00:00,1034468.2681916734,7.936507936512626e-05,0.0,82.09414079768855,0.0,-0.03414536499418919
2022-03-14 00:00:00+00:00,1034550.3688478791,7.936507936506339e-05,0.0,82.10065620568837,0.0,-0.03383434941361152
2022-03-15 00:00:00+00:00,1034632.47602001,7.936507936513334e-05,0.0,82.10717213078405,0.0,-0.03398101655773633
2022-03-16 00:00:00+00:00,1034714.589708583,7.936507936507138e-05,0.0,82.11368857301666,0.0,-0.03348333024576533
2022-03-17 00:00:00+00:00,1034796.7099141154,7.93650793650629e-05,0.0,82.12020553242722,0.0,-0.03373890772460442
2022-03-18 00:00:00+00:00,1034878.8366371244,7.936507936506821e-05,0.0,82.12672300905678,0.0,-0.03639594066073126
2022-03-21 00:00:00+00:00,1034960.9698781273,7.936507936504765e-05,0.0,82.13324100294638,0.0,-0.03732575087714807
2022-03-22 00:00:00+00:00,1035043.1096376415,7.936507936507404e-05,0.0,82.13975951413708,0.0,-0.03693012268709417
2022-03-23 00:00:00+00:00,1035125.2559161842,7.93650793651077e-05,0.0,82.14627854266996,0.0,-0.037119634741374696
2022-03-24 00:00:00+00:00,1035207.4087142728,7.936507936510898e-05,0.0,82.15279808858604,0.0,-0.03388930488290498
2022-03-25 00:00:00+00:00,1035289.5680324247,7.936507936503818e-05,0.0,82.15931815192641,0.0,-0.03384873636626562
2022-03-28 00:00:00+00:00,1035371.7338711574,7.93650793650806e-05,0.0,82.16583873273211,0.0,-0.03391883771581927
2022-03-29 00:00:00+00:00,1035453.9062309884,7.936507936508407e-05,0.0,82.17235983104423,0.0,-0.03383936352411343
2022-03-30 00:00:00+00:00,1035536.0851124354,7.936507936512138e-05,0.0,82.17888144690384,0.0,-0.034032064057125666
2022-03-31 00:00:00+00:00,1035618.2705160157,7.936507936504042e-05,0.0,82.18540358035202,0.0,-0.0340037239918729
2022-04-01 00:00:00+00:00,1035700.4624422471,7.93650793650264e-05,0.0,82.19192623142982,0.0,-0.030413874862352586
2022-04-04 00:00:00+00:00,1035782.6608916472,7.936507936503963e-05,0.0,82.19844940017833,0.0,-0.03120610693992454
2022-04-05 00:00:00+00:00,1035864.8658647338,7.936507936504042e-05,0.0,82.20497308663867,0.0,-0.031054509235199035
2022-04-06 00:00:00+00:00,1035947.0773620247,7.936507936510151e-05,0.0,82.2114972908519,0.0,-0.03208985772752637
2022-04-07 00:00:00+00:00,1036029.2953840375,7.936507936507084e-05,0.0,82.21802201285911,0.0,-0.030187051469319215
2022-04-08 00:00:00+00:00,1036111.5199312903,7.93650793651335e-05,0.0,82.2245472527014,0.0,-0.030944531644195195
2022-04-11 00:00:00+00:00,1036193.7510043007,7.936507936502507e-05,0.0,82.23107301041986,0.0,-0.031015270710773812
2022-04-12 00:00:00+00:00,1036275.9886035867,7.936507936504302e-05,0.0,82.23759928605561,0.0,-0.02816873839600209
2022-04-13 00:00:00+00:00,1036358.2327296663,7.936507936503525e-05,0.0,82.24412607964973,0.0,-0.030787773255653406
2022-04-14 00:00:00+00:00,1036440.4833830575,7.936507936507449e-05,0.0,82.25065339124336,0.0,-0.031039262524029
2022-04-18 00:00:00+00:00,1036522.7405642784,7.936507936512103e-05,0.0,82.25718122087758,0.0,-0.0286271004543055
2022-04-19 00:00:00+00:00,1036605.0042738471,7.936507936513519e-05,0.0,82.26370956859353,0.0,-0.030877984585735874
2022-04-20 00:00:00+00:00,1036687.2745122815,7.936507936507735e-05,0.0,82.27023843443231,0.0,-0.030496536927735463
2022-04-21 00:00:00+00:00,1036769.5512801,7.936507936513242e-05,0.0,82.27676781843505,0.0,-0.03200031919807067
2022-04-22 00:00:00+00:00,1036851.8345778206,7.936507936503615e-05,0.0,82.28329772064286,0.0,-0.03161616599644468
2022-04-25 00:00:00+00:00,1036934.1244059617,7.936507936508575e-05,0.0,82.28982814109688,0.0,-0.030533253670489202
2022-04-26 00:00:00+00:00,1037016.4207650416,7.936507936512924e-05,0.0,82.29635907983823,0.0,-0.030243691216741198
2022-04-27 00:00:00+00:00,1037098.7236555786,7.936507936512696e-05,0.0,82.30289053690807,0.0,-0.03005623282277803
2022-04-28 00:00:00+00:00,1037181.0330780909,7.936507936503925e-05,0.0,82.30942251234751,0.0,-0.030414336083953053
2022-04-29 00:00:00+00:00,1037263.349033097,7.936507936505096e-05,0.0,82.31595500619768,0.0,-0.029902800181414335
2022-05-02 00:00:00+00:00,1037345.6715211156,7.93650793651224e-05,0.0,82.32248801849977,0.0,-0.03024197122221839
2022-05-03 00:00:00+00:00,1037428.0005426649,7.936507936510163e-05,0.0,82.3290215492949,0.0,-0.03139479533693912
2022-05-04 00:00:00+00:00,1037510.3360982635,7.936507936506127e-05,0.0,82.3355555986242,0.0,-0.030463103332686536
2022-05-05 00:00:00+00:00,1037592.67818843,7.936507936507385e-05,0.0,82.34209016652885,0.0,-0.030362844692296775
2022-05-06 00:00:00+00:00,1037675.0268136831,7.936507936509968e-05,0.0,82.34862525305,0.0,-0.02963161229890776
2022-05-09 00:00:00+00:00,1037757.3819745413,7.93650793650991e-05,0.0,82.35516085822881,0.0,-0.02888246807449768
2022-05-10 00:00:00+00:00,1037839.7436715234,7.936507936503245e-05,0.0,82.36169698210645,0.0,-0.03224223097288448
2022-05-11 00:00:00+00:00,1037922.1119051481,7.936507936508442e-05,0.0,82.36823362472408,0.0,-0.02848080647288409
2022-05-12 00:00:00+00:00,1038004.4866759343,7.936507936510316e-05,0.0,82.37477078612287,0.0,-0.03015814993445609
2022-05-13 00:00:00+00:00,1038086.8679844006,7.936507936504901e-05,0.0,82.381308466344,0.0,-0.030011773373416872
2022-05-16 00:00:00+00:00,1038169.255831066,7.93650793651066e-05,0.0,82.38784666542863,0.0,-0.02911123721373432
2022-05-17 00:00:00+00:00,1038251.6502164495,7.936507936512412e-05,0.0,82.39438538341794,0.0,-0.030287774871926132
2022-05-18 00:00:00+00:00,1038334.0511410699,7.936507936506188e-05,0.0,82.40092462035314,0.0,-0.030567743489271493
2022-05-19 00:00:00+00:00,1038416.4586054462,7.936507936510452e-05,0.0,82.40746437627539,0.0,-0.029875536897693955
2022-05-20 00:00:00+00:00,1038498.8726100974,7.936507936510021e-05,0.0,82.41400465122588,0.0,-0.028927574206739415
2022-05-23 00:00:00+00:00,1038581.2931555427,7.936507936512139e-05,0.0,82.42054544524582,0.0,-0.02977800777665074
2022-05-24 00:00:00+00:00,1038663.7202423011,7.93650793651284e-05,0.0,82.4270867583764,0.0,-0.02932408483483595
2022-05-25 00:00:00+00:00,1038746.1538708918,7.936507936508156e-05,0.0,82.43362859065881,0.0,-0.030940356382019196
2022-05-26 00:00:00+00:00,1038828.5940418339,7.936507936505332e-05,0.0,82.44017094213427,0.0,-0.0305828153115284
2022-05-27 00:00:00+00:00,1038911.0407556468,7.936507936511607e-05,0.0,82.44671381284395,0.0,-0.02834501909748699
2022-05-31 00:00:00+00:00,1038993.4940128496,7.936507936511803e-05,0.0,82.4532572028291,0.0,-0.029131569759964115
2022-06-01 00:00:00+00:00,1039075.9538139618,7.936507936513164e-05,0.0,82.45980111213092,0.0,-0.030336826025187058
2022-06-02 00:00:00+00:00,1039158.4201595027,7.93650793651172e-05,0.0,82.46634554079063,0.0,-0.030818787237334888
2022-06-03 00:00:00+00:00,1039240.8930499915,7.936507936503508e-05,0.0,82.47289048884942,0.0,-0.031336227347001255
2022-06-06 00:00:00+00:00,1039323.3724859478,7.936507936506963e-05,0.0,82.47943595634852,0.0,-0.029803515684397652
2022-06-07 00:00:00+00:00,1039405.8584678911,7.93650793650692e-05,0.0,82.4859819433292,0.0,-0.03164080898260124
2022-06-08 00:00:00+00:00,1039488.350996341,7.936507936510609e-05,0.0,82.49252844983263,0.0,-0.030507811654837624
2022-06-09 00:00:00+00:00,1039570.8500718168,7.936507936502864e-05,0.0,82.49907547590007,0.0,-0.02742078221190347
2022-06-10 00:00:00+00:00,1039653.3556948385,7.936507936513318e-05,0.0,82.50562302157276,0.0,-0.026537275828600215
2022-06-13 00:00:00+00:00,1039735.8678659253,7.936507936504406e-05,0.0,82.51217108689194,0.0,-0.026665481838517024
2022-06-14 00:00:00+00:00,1039818.3865855972,7.936507936505757e-05,0.0,82.51871967189884,0.0,-0.02396362187593848
2022-06-15 00:00:00+00:00,1039900.9118543739,7.936507936513401e-05,0.0,82.5252687766347,0.0,-0.02648145427022275
2022-06-16 00:00:00+00:00,1039983.443672775,7.936507936512176e-05,0.0,82.53181840114078,0.0,-0.024226029721410747
2022-06-17 00:00:00+00:00,1040065.9820413205,7.93650793650931e-05,0.0,82.53836854545834,0.0,-0.030978849444951884
2022-06-21 00:00:00+00:00,1040148.5269605302,7.936507936512032e-05,0.0,82.54491920962862,0.0,-0.03194373202023382
2022-06-22 00:00:00+00:00,1040231.0784309239,7.93650793650518e-05,0.0,82.55147039369287,0.0,-0.030828367040457216
2022-06-23 00:00:00+00:00,1040313.6364530216,7.936507936507175e-05,0.0,82.55802209769237,0.0,-0.030315990066167586
2022-06-24 00:00:00+00:00,1040396.2010273432,7.936507936502854e-05,0.0,82.56457432166837,0.0,-0.029232586957370188
2022-06-27 00:00:00+00:00,1040478.7721544089,7.936507936510635e-05,0.0,82.57112706566215,0.0,-0.030773724197652008
2022-06-28 00:00:00+00:00,1040561.3498347385,7.936507936504169e-05,0.0,82.577680329715,0.0,-0.030943003454502183
2022-06-29 00:00:00+00:00,1040643.9340688525,7.936507936513057e-05,0.0,82.58423411386813,0.0,-0.03062988357359675
2022-06-30 00:00:00+00:00,1040726.5248572706,7.936507936510952e-05,0.0,82.59078841816289,0.0,-0.027768654023287098
2022-07-01 00:00:00+00:00,1040809.1222005133,7.936507936505081e-05,0.0,82.59734324264053,0.0,-0.031465785632509125
2022-07-05 00:00:00+00:00,1040891.7260991005,7.93650793650266e-05,0.0,82.60389858734233,0.0,-0.03476658397233301
2022-07-06 00:00:00+00:00,1040974.3365535529,7.936507936510907e-05,0.0,82.61045445230957,0.0,-0.030940320364256202
2022-07-07 00:00:00+00:00,1041056.9535643904,7.936507936503486e-05,0.0,82.61701083758356,0.0,-0.032200531839541746
2022-07-08 00:00:00+00:00,1041139.5771321337,7.936507936509982e-05,0.0,82.62356774320558,0.0,-0.032429604015518976
2022-07-11 00:00:00+00:00,1041222.2072573028,7.93650793650406e-05,0.0,82.63012516921695,0.0,-0.031173752314735736
2022-07-12 00:00:00+00:00,1041304.8439404184,7.936507936504121e-05,0.0,82.63668311565895,0.0,-0.03178154465845928
2022-07-13 00:00:00+00:00,1041387.487182001,7.936507936506195e-05,0.0,82.6432415825729,0.0,-0.03197862060358059
2022-07-14 00:00:00+00:00,1041470.136982571,7.936507936506316e-05,0.0,82.64980057000008,0.0,-0.030283119062940678
2022-07-15 00:00:00+00:00,1041552.793342649,7.936507936511693e-05,0.0,82.65636007798183,0.0,-0.03166641108020318
2022-07-18 00:00:00+00:00,1041635.4562627556,7.936507936507184e-05,0.0,82.66292010655944,0.0,-0.029581888033016313
2022-07-19 00:00:00+00:00,1041718.1257434114,7.936507936511177e-05,0.0,82.66948065577425,0.0,-0.031523551164090335
2022-07-20 00:00:00+00:00,1041800.801785137,7.936507936508526e-05,0.0,82.67604172566757,0.0,-0.03180058769356009
2022-07-21 00:00:00+00:00,1041883.4843884533,7.936507936506443e-05,0.0,82.68260331628072,0.0,-0.03194568768260986
2022-07-22 00:00:00+00:00,1041966.173553881,7.936507936512134e-05,0.0,82.68916542765503,0.0,-0.034660994850503
2022-07-25 00:00:00+00:00,1042048.8692819409,7.936507936510456e-05,0.0,82.69572805983182,0.0,-0.031648522834095694
2022-07-26 00:00:00+00:00,1042131.5715731537,7.93650793650862e-05,0.0,82.70229121285244,0.0,-0.03169960961019136
2022-07-27 00:00:00+00:00,1042214.2804280404,7.936507936502655e-05,0.0,82.70885488675823,0.0,-0.031862543518126785
2022-07-28 00:00:00+00:00,1042296.995847122,7.93650793651094e-05,0.0,82.71541908159051,0.0,-0.031993866404001814
2022-07-29 00:00:00+00:00,1042379.7178309194,7.936507936507161e-05,0.0,82.72198379739064,0.0,-0.03300604348445546
2022-08-01 00:00:00+00:00,1042462.4463799536,7.936507936509697e-05,0.0,82.72854903419996,0.0,-0.032695715231228384
2022-08-02 00:00:00+00:00,1042545.1814947457,7.936507936503409e-05,0.0,82.73511479205982,0.0,-0.03282584353563056
2022-08-03 00:00:00+00:00,1042627.9231758167,7.936507936506665e-05,0.0,82.74168107101156,0.0,-0.03229597176024068
2022-08-04 00:00:00+00:00,1042710.6714236877,7.936507936504333e-05,0.0,82.74824787109657,0.0,-0.03200516103609363
2022-08-05 00:00:00+00:00,1042793.42623888,7.936507936503612e-05,0.0,82.75481519235616,0.0,-0.032395483175680084
2022-08-08 00:00:00+00:00,1042876.1876219149,7.936507936511697e-05,0.0,82.76138303483175,0.0,-0.032536205465116375
2022-08-09 00:00:00+00:00,1042958.9555733135,7.936507936513456e-05,0.0,82.76795139856468,0.0,-0.03215625712763881
2022-08-10 00:00:00+00:00,1043041.7300935971,7.936507936504928e-05,0.0,82.77452028359632,0.0,-0.03206518922270618
2022-08-11 00:00:00+00:00,1043124.511183287,7.936507936504467e-05,0.0,82.78108968996803,0.0,-0.03282514154374905
2022-08-12 00:00:00+00:00,1043207.2988429047,7.936507936508106e-05,0.0,82.78765961772119,0.0,-0.03195820067062538
2022-08-15 00:00:00+00:00,1043290.0930729717,7.936507936511879e-05,0.0,82.7942300668972,0.0,-0.03193268172900421
2022-08-16 00:00:00+00:00,1043372.8938740093,7.936507936511817e-05,0.0,82.80080103753744,0.0,-0.03227987900977958
2022-08-17 00:00:00+00:00,1043455.7012465389,7.936507936503955e-05,0.0,82.80737252968328,0.0,-0.03348375960593941
2022-08-18 00:00:00+00:00,1043538.5151910823,7.936507936506642e-05,0.0,82.81394454337611,0.0,-0.03219111809846531
2022-08-19 00:00:00+00:00,1043621.3357081609,7.936507936504753e-05,0.0,82.82051707865732,0.0,-0.03213301660075629
2022-08-22 00:00:00+00:00,1043704.1627982964,7.93650793650548e-05,0.0,82.82709013556833,0.0,-0.03116074423025328
2022-08-23 00:00:00+00:00,1043786.9964620105,7.93650793650485e-05,0.0,82.8336637141505,0.0,-0.03215538576969479
2022-08-24 00:00:00+00:00,1043869.836699825,7.936507936510056e-05,0.0,82.84023781444529,0.0,-0.031788831190810996
2022-08-25 00:00:00+00:00,1043952.6835122615,7.936507936505973e-05,0.0,82.84681243649405,0.0,-0.03249669563139079
2022-08-26 00:00:00+00:00,1044035.5368998419,7.936507936510942e-05,0.0,82.85338758033821,0.0,-0.03210295421106757
2022-08-29 00:00:00+00:00,1044118.3968630879,7.936507936509845e-05,0.0,82.85996324601919,0.0,-0.029600616539187996
2022-08-30 00:00:00+00:00,1044201.2634025215,7.936507936509862e-05,0.0,82.86653943357841,0.0,-0.03216804292958564
2022-08-31 00:00:00+00:00,1044284.1365186645,7.936507936507031e-05,0.0,82.87311614305726,0.0,-0.03200641417972072
2022-09-01 00:00:00+00:00,1044367.016212039,7.936507936508531e-05,0.0,82.87969337449718,0.0,-0.028118134821444762
2022-09-02 00:00:00+00:00,1044449.902483167,7.936507936510396e-05,0.0,82.88627112793961,0.0,-0.030963998734588216
2022-09-06 00:00:00+00:00,1044532.7953325704,7.936507936508659e-05,0.0,82.89284940342596,0.0,-0.03178378495194778
2022-09-07 00:00:00+00:00,1044615.6947607715,7.936507936510499e-05,0.0,82.89942820099765,0.0,-0.03199462522834473
2022-09-08 00:00:00+00:00,1044698.6007682922,7.936507936511948e-05,0.0,82.90600752069615,0.0,-0.03093895694866511
2022-09-09 00:00:00+00:00,1044781.5133556548,7.936507936509041e-05,0.0,82.91258736256287,0.0,-0.03236725646151317
2022-09-12 00:00:00+00:00,1044864.4325233814,7.936507936508954e-05,0.0,82.91916772663927,0.0,-0.033006544863804166
2022-09-13 00:00:00+00:00,1044947.3582719944,7.936507936507721e-05,0.0,82.92574861296679,0.0,-0.03088771565403814
2022-09-14 00:00:00+00:00,1045030.290602016,7.936507936512515e-05,0.0,82.93233002158685,0.0,-0.031090215966215418
2022-09-15 00:00:00+00:00,1045113.2295139686,7.936507936508228e-05,0.0,82.93891195254095,0.0,-0.030655438672505753
2022-09-16 00:00:00+00:00,1045196.1750083745,7.936507936513176e-05,0.0,82.94549440587052,0.0,-0.03413432580456455
2022-09-19 00:00:00+00:00,1045279.1270857562,7.936507936512249e-05,0.0,82.95207738161703,0.0,-0.03472867842338889
2022-09-20 00:00:00+00:00,1045362.085746636,7.93650793651262e-05,0.0,82.95866087982192,0.0,-0.035871046687526054
2022-09-21 00:00:00+00:00,1045445.0509915366,7.936507936510323e-05,0.0,82.96524490052667,0.0,-0.03567646445925199
2022-09-22 00:00:00+00:00,1045528.0228209804,7.936507936512528e-05,0.0,82.97182944377275,0.0,-0.035572814488041615
2022-09-23 00:00:00+00:00,1045611.00123549,7.936507936504132e-05,0.0,82.97841450960162,0.0,-0.03644755592398763
2022-09-26 00:00:00+00:00,1045693.986235588,7.936507936503438e-05,0.0,82.98500009805475,0.0,-0.030295083320906357
2022-09-27 00:00:00+00:00,1045776.9778217971,7.93650793650648e-05,0.0,82.99158620917365,0.0,-0.030513914757683835
2022-09-28 00:00:00+00:00,1045859.9759946401,7.936507936509286e-05,0.0,82.99817284299978,0.0,-0.03011015316038268
2022-09-29 00:00:00+00:00,1045942.9807546397,7.936507936507893e-05,0.0,83.00475999957462,0.0,-0.03043166078147408
2022-09-30 00:00:00+00:00,1046025.9921023187,7.936507936509465e-05,0.0,83.01134767893966,0.0,-0.030010554488610452
2022-10-03 00:00:00+00:00,1046109.0100381998,7.936507936510033e-05,0.0,83.01793588113641,0.0,-0.025848051351277768
2022-10-04 00:00:00+00:00,1046192.034562806,7.936507936505633e-05,0.0,83.02452460620634,0.0,-0.028328810439238516
2022-10-05 00:00:00+00:00,1046275.0656766602,7.936507936503426e-05,0.0,83.03111385419095,0.0,-0.028303053694418878
2022-10-06 00:00:00+00:00,1046358.1033802853,7.936507936510572e-05,0.0,83.03770362513175,0.0,-0.030367436328289976
2022-10-07 00:00:00+00:00,1046441.1476742044,7.936507936511977e-05,0.0,83.04429391907027,0.0,-0.030561156524010258
2022-10-10 00:00:00+00:00,1046524.1985589404,7.936507936503673e-05,0.0,83.05088473604798,0.0,-0.028464409755043718
2022-10-11 00:00:00+00:00,1046607.2560350165,7.936507936503947e-05,0.0,83.05747607610638,0.0,-0.02760017673849191
2022-10-12 00:00:00+00:00,1046690.3201029558,7.93650793650883e-05,0.0,83.06406793928703,0.0,-0.02717919675193592
2022-10-13 00:00:00+00:00,1046773.3907632814,7.936507936503228e-05,0.0,83.07066032563141,0.0,-0.02892712402695974
2022-10-14 00:00:00+00:00,1046856.4680165165,7.936507936505427e-05,0.0,83.07725323518106,0.0,-0.030035400816019298
2022-10-17 00:00:00+00:00,1046939.5518631845,7.936507936511452e-05,0.0,83.0838466679775,0.0,-0.02875919070110733
2022-10-18 00:00:00+00:00,1047022.6423038086,7.936507936506218e-05,0.0,83.09044062406227,0.0,-0.02977031451448031
2022-10-19 00:00:00+00:00,1047105.7393389121,7.936507936508e-05,0.0,83.09703510347687,0.0,-0.026664893631122233
2022-10-20 00:00:00+00:00,1047188.8429690184,7.936507936512829e-05,0.0,83.10363010626287,0.0,-0.0282159641439943
2022-10-21 00:00:00+00:00,1047271.9531946508,7.936507936505619e-05,0.0,83.11022563246178,0.0,-0.026596184903296738
2022-10-24 00:00:00+00:00,1047355.0700163329,7.93650793650464e-05,0.0,83.11682168211514,0.0,-0.028065611310616134
2022-10-25 00:00:00+00:00,1047438.1934345881,7.936507936505925e-05,0.0,83.12341825526451,0.0,-0.029694260792592075
2022-10-26 00:00:00+00:00,1047521.3234499401,7.936507936505505e-05,0.0,83.13001535195144,0.0,-0.028983573093253945
2022-10-27 00:00:00+00:00,1047604.4600629123,7.936507936510529e-05,0.0,83.13661297221746,0.0,-0.028620424177367987
2022-10-28 00:00:00+00:00,1047687.6032740284,7.936507936505914e-05,0.0,83.14321111610415,0.0,-0.02864399689439523
2022-10-31 00:00:00+00:00,1047770.7530838121,7.936507936509922e-05,0.0,83.14980978365304,0.0,-0.02773894222168316
2022-11-01 00:00:00+00:00,1047853.909492787,7.93650793650747e-05,0.0,83.15640897490572,0.0,-0.029398704293364553
2022-11-02 00:00:00+00:00,1047937.0725014769,7.936507936505707e-05,0.0,83.16300868990373,0.0,-0.027659089091960354
2022-11-03 00:00:00+00:00,1048020.2421104056,7.936507936511773e-05,0.0,83.16960892868865,0.0,-0.028596648030989158
2022-11-04 00:00:00+00:00,1048103.4183200969,7.936507936510591e-05,0.0,83.17620969130203,0.0,-0.02702416196535129
2022-11-07 00:00:00+00:00,1048186.6011310747,7.936507936509305e-05,0.0,83.18281097778546,0.0,-0.028066883498981454
2022-11-08 00:00:00+00:00,1048269.7905438629,7.936507936503948e-05,0.0,83.18941278818053,0.0,-0.026552436631106957
2022-11-09 00:00:00+00:00,1048352.9865589854,7.936507936512765e-05,0.0,83.19601512252879,0.0,-0.028568218953090252
2022-11-10 00:00:00+00:00,1048436.1891769663,7.936507936509576e-05,0.0,83.20261798087186,0.0,-0.028997896571741677
2022-11-11 00:00:00+00:00,1048519.3983983296,7.936507936512626e-05,0.0,83.2092213632513,0.0,-0.028393582662467054
2022-11-14 00:00:00+00:00,1048602.6142235994,7.936507936517946e-05,0.0,83.2158252697087,0.0,-0.028467332266272294
2022-11-15 00:00:00+00:00,1048685.8366532996,7.936507936499365e-05,0.0,83.22242970028567,0.0,-0.02731208919247141
2022-11-16 00:00:00+00:00,1048769.0656879547,7.93650793650843e-05,0.0,83.22903465502378,0.0,-0.028745153948145585
2022-11-17 00:00:00+00:00,1048852.3013280886,7.936507936507865e-05,0.0,83.23564013396465,0.0,-0.029683719051856627
2022-11-18 00:00:00+00:00,1048935.5435742259,7.936507936515903e-05,0.0,83.24224613714989,0.0,-0.028416830535237025
2022-11-21 00:00:00+00:00,1049018.7924268905,7.93650793650638e-05,0.0,83.2488526646211,0.0,-0.02907481536369705
2022-11-22 00:00:00+00:00,1049102.0478866068,7.936507936497531e-05,0.0,83.25545971641988,0.0,-0.028519696872855604
2022-11-23 00:00:00+00:00,1049185.3099538994,7.93650793650758e-05,0.0,83.26206729258784,0.0,-0.028273265562151373
2022-11-25 00:00:00+00:00,1049268.5786292925,7.936507936510365e-05,0.0,83.26867539316662,0.0,-0.029838673771771518
2022-11-28 00:00:00+00:00,1049351.8539133107,7.93650793650192e-05,0.0,83.27528401819782,0.0,-0.02869467439235507
2022-11-29 00:00:00+00:00,1049435.1358064783,7.936507936500472e-05,0.0,83.28189316772307,0.0,-0.029959811505237077
2022-11-30 00:00:00+00:00,1049518.42430932,7.93650793650205e-05,0.0,83.288502841784,0.0,-0.028622815174641048
2022-12-01 00:00:00+00:00,1049601.7194223604,7.936507936502688e-05,0.0,83.29511304042222,0.0,-0.029457384922913832
2022-12-02 00:00:00+00:00,1049685.021146124,7.936507936498419e-05,0.0,83.3017237636794,0.0,-0.029532900281254548
2022-12-05 00:00:00+00:00,1049768.3294811356,7.93650793650746e-05,0.0,83.30833501159714,0.0,-0.028919663664281003
2022-12-06 00:00:00+00:00,1049851.6444279198,7.93650793650366e-05,0.0,83.31494678421711,0.0,-0.02788280116030073
2022-12-07 00:00:00+00:00,1049934.9659870013,7.936507936505233e-05,0.0,83.32155908158093,0.0,-0.028618554038883026
2022-12-08 00:00:00+00:00,1050018.294158905,7.936507936508213e-05,0.0,83.32817190373027,0.0,-0.029578210189880494
2022-12-09 00:00:00+00:00,1050101.6289441558,7.936507936508632e-05,0.0,83.33478525070674,0.0,-0.028974757643044136
2022-12-12 00:00:00+00:00,1050184.9703432783,7.936507936502524e-05,0.0,83.34139912255205,0.0,-0.027992246132370724
2022-12-13 00:00:00+00:00,1050268.3183567976,7.936507936508095e-05,0.0,83.3480135193078,0.0,-0.02517998504978536
2022-12-14 00:00:00+00:00,1050351.6729852385,7.936507936499206e-05,0.0,83.35462844101568,0.0,-0.0258174699238376
2022-12-15 00:00:00+00:00,1050435.0342291263,7.936507936516229e-05,0.0,83.36124388771734,0.0,-0.024245176371844757
2022-12-16 00:00:00+00:00,1050518.4020889858,7.93650793651086e-05,0.0,83.36785985945447,0.0,-0.03010761428518194
2022-12-19 00:00:00+00:00,1050601.776565342,7.936507936501301e-05,0.0,83.37447635626872,0.0,-0.029591191758032487
2022-12-20 00:00:00+00:00,1050685.1576587202,7.93650793650575e-05,0.0,83.38109337820174,0.0,-0.029535662622584447
2022-12-21 00:00:00+00:00,1050768.5453696453,7.936507936498076e-05,0.0,83.38771092529525,0.0,-0.029368263931993432
2022-12-22 00:00:00+00:00,1050851.939698643,7.936507936518631e-05,0.0,83.3943289975909,0.0,-0.028435551375342705
2022-12-23 00:00:00+00:00,1050935.340646238,7.936507936496971e-05,0.0,83.4009475951304,0.0,-0.02841003705527445
2022-12-27 00:00:00+00:00,1051018.7482129561,7.936507936517762e-05,0.0,83.4075667179554,0.0,-0.028933848976555154
2022-12-28 00:00:00+00:00,1051102.1623993223,7.936507936510564e-05,0.0,83.41418636610763,0.0,-0.028620452094523685
2022-12-29 00:00:00+00:00,1051185.583205862,7.936507936515725e-05,0.0,83.42080653962876,0.0,-0.02895853697472983
2022-12-30 00:00:00+00:00,1051269.0106331005,7.93650793650712e-05,0.0,83.42742723856047,0.0,-0.028201206835985815
2023-01-03 00:00:00+00:00,1051352.4446815634,7.93650793650294e-05,0.0,83.43404846294449,0.0,-0.028482490679809125
2023-01-04 00:00:00+00:00,1051435.8853517761,7.936507936499211e-05,0.0,83.4406702128225,0.0,-0.02843458812330102
2023-01-05 00:00:00+00:00,1051519.3326442644,7.936507936514115e-05,0.0,83.4472924882362,0.0,-0.029507585907547984
2023-01-06 00:00:00+00:00,1051602.7865595536,7.936507936499394e-05,0.0,83.45391528922734,0.0,-0.029524797792413793
2023-01-09 00:00:00+00:00,1051686.2470981695,7.936507936517511e-05,0.0,83.46053861583759,0.0,-0.030505307843219143
2023-01-10 00:00:00+00:00,1051769.7142606375,7.936507936498074e-05,0.0,83.4671624681087,0.0,-0.029061256470734875
2023-01-11 00:00:00+00:00,1051853.1880474836,7.936507936503539e-05,0.0,83.47378684608235,0.0,-0.03022559223110388
2023-01-12 00:00:00+00:00,1051936.6684592334,7.936507936507796e-05,0.0,83.48041174980028,0.0,-0.029692605241495862
2023-01-13 00:00:00+00:00,1052020.1554964127,7.93650793650688e-05,0.0,83.48703717930424,0.0,-0.030719802042578515
2023-01-17 00:00:00+00:00,1052103.6491595474,7.936507936518955e-05,0.0,83.49366313463592,0.0,-0.029037875196536334
2023-01-18 00:00:00+00:00,1052187.1494491633,7.936507936517923e-05,0.0,83.50028961583709,0.0,-0.028831512289348105
2023-01-19 00:00:00+00:00,1052270.6563657862,7.936507936499821e-05,0.0,83.50691662294948,0.0,-0.030858780267890573
2023-01-20 00:00:00+00:00,1052354.1699099422,7.93650793650494e-05,0.0,83.51354415601477,0.0,-0.02853240131727386
2023-01-23 00:00:00+00:00,1052437.6900821573,7.936507936507183e-05,0.0,83.52017221507478,0.0,-0.029289380480430616
2023-01-24 00:00:00+00:00,1052521.2168829574,7.936507936502583e-05,0.0,83.52680080017122,0.0,-0.029439992908623758
2023-01-25 00:00:00+00:00,1052604.7503128687,7.936507936509297e-05,0.0,83.53342991134582,0.0,-0.029638521960940523
2023-01-26 00:00:00+00:00,1052688.2903724173,7.936507936501236e-05,0.0,83.54005954864037,0.0,-0.03154181547031776
2023-01-27 00:00:00+00:00,1052771.8370621295,7.936507936518673e-05,0.0,83.54668971209661,0.0,-0.029757577172039973
2023-01-30 00:00:00+00:00,1052855.3903825313,7.936507936513401e-05,0.0,83.55332040175631,0.0,-0.02911499659008676
2023-01-31 00:00:00+00:00,1052938.950334149,7.936507936503575e-05,0.0,83.55995161766121,0.0,-0.02914126821735774
2023-02-01 00:00:00+00:00,1053022.5169175088,7.936507936507343e-05,0.0,83.5665833598531,0.0,-0.02933854669739855
2023-02-02 00:00:00+00:00,1053106.090133137,7.936507936498623e-05,0.0,83.57321562837372,0.0,-0.029870003607925355
2023-02-03 00:00:00+00:00,1053189.6699815604,7.936507936517671e-05,0.0,83.57984842326485,0.0,-0.030624262002271863
2023-02-06 00:00:00+00:00,1053273.256463305,7.936507936516297e-05,0.0,83.58648174456829,0.0,-0.028997466281265538
2023-02-07 00:00:00+00:00,1053356.8495788975,7.936507936512645e-05,0.0,83.5931155923258,0.0,-0.02984528361504335
2023-02-08 00:00:00+00:00,1053440.449328864,7.936507936502751e-05,0.0,83.59974996657917,0.0,-0.029800472336739325
2023-02-09 00:00:00+00:00,1053524.0557137313,7.936507936504752e-05,0.0,83.60638486737015,0.0,-0.030516329251923047
2023-02-10 00:00:00+00:00,1053607.6687340261,7.936507936514675e-05,0.0,83.61302029474058,0.0,-0.02963249494415976
2023-02-13 00:00:00+00:00,1053691.2883902749,7.936507936506457e-05,0.0,83.61965624873223,0.0,-0.02994393683915586
2023-02-14 00:00:00+00:00,1053774.9146830041,7.93650793649823e-05,0.0,83.62629272938689,0.0,-0.029872371456519886
2023-02-15 00:00:00+00:00,1053858.547612741,7.936507936508124e-05,0.0,83.63292973674636,0.0,-0.030135542051158204
2023-02-16 00:00:00+00:00,1053942.1871800118,7.936507936510074e-05,0.0,83.63956727085245,0.0,-0.02975588953088426
2023-02-17 00:00:00+00:00,1054025.8333853434,7.936507936500115e-05,0.0,83.64620533174697,0.0,-0.02936299167583467
2023-02-21 00:00:00+00:00,1054109.486229263,7.936507936518464e-05,0.0,83.6528439194717,0.0,-0.028663672327186696
2023-02-22 00:00:00+00:00,1054193.1457122972,7.936507936516969e-05,0.0,83.65948303406849,0.0,-0.029414574849988995
2023-02-23 00:00:00+00:00,1054276.8118349728,7.936507936513757e-05,0.0,83.66612267557915,0.0,-0.030089086532806952
2023-02-24 00:00:00+00:00,1054360.4845978168,7.936507936504863e-05,0.0,83.67276284404547,0.0,-0.030273673626710185
2023-02-27 00:00:00+00:00,1054444.1640013563,7.936507936508401e-05,0.0,83.67940353950927,0.0,-0.02961617721689791
2023-02-28 00:00:00+00:00,1054527.8500461183,7.936507936498322e-05,0.0,83.68604476201241,0.0,-0.02949249996497283
2023-03-01 00:00:00+00:00,1054611.54273263,7.936507936514823e-05,0.0,83.69268651159669,0.0,-0.029518101015550968
2023-03-02 00:00:00+00:00,1054695.2420614182,7.936507936509773e-05,0.0,83.69932878830396,0.0,-0.03087501745117649
2023-03-03 00:00:00+00:00,1054778.9480330104,7.936507936501288e-05,0.0,83.70597159217606,0.0,-0.02921505897039811
2023-03-06 00:00:00+00:00,1054862.6606479336,7.936507936507476e-05,0.0,83.71261492325479,0.0,-0.02926449737496739
2023-03-07 00:00:00+00:00,1054946.3799067151,7.936507936502295e-05,0.0,83.71925878158203,0.0,-0.030092360263701323
2023-03-08 00:00:00+00:00,1055030.1058098823,7.93650793650385e-05,0.0,83.72590316719962,0.0,-0.030517272987393262
2023-03-09 00:00:00+00:00,1055113.8383579624,7.936507936508175e-05,0.0,83.73254808014939,0.0,-0.029649830113217313
2023-03-10 00:00:00+00:00,1055197.577551483,7.9365079365113e-05,0.0,83.73919352047321,0.0,-0.029835828316703505
2023-03-13 00:00:00+00:00,1055281.3233909712,7.936507936509262e-05,0.0,83.74583948821294,0.0,-0.031261644610941275
2023-03-14 00:00:00+00:00,1055365.0758769545,7.936507936498093e-05,0.0,83.75248598341041,0.0,-0.029648642525145874
2023-03-15 00:00:00+00:00,1055448.8350099607,7.936507936517956e-05,0.0,83.7591330061075,0.0,-0.03119368752561158
2023-03-16 00:00:00+00:00,1055532.600790517,7.936507936498691e-05,0.0,83.76578055634609,0.0,-0.029693987571421943
2023-03-17 00:00:00+00:00,1055616.373219151,7.93650793650252e-05,0.0,83.77242863416801,0.0,-0.03123281211252671
2023-03-20 00:00:00+00:00,1055700.1522963906,7.936507936503413e-05,0.0,83.77907723961516,0.0,-0.03450942227671394
2023-03-21 00:00:00+00:00,1055783.9380227632,7.936507936497405e-05,0.0,83.78572637272941,0.0,-0.03309270909845363
2023-03-22 00:00:00+00:00,1055867.7303987967,7.936507936502582e-05,0.0,83.79237603355264,0.0,-0.03381243334230799
2023-03-23 00:00:00+00:00,1055951.529425019,7.936507936514977e-05,0.0,83.79902622212673,0.0,-0.029899727259959263
2023-03-24 00:00:00+00:00,1056035.3351019574,7.93650793650857e-05,0.0,83.80567693849356,0.0,-0.029289962572844885
2023-03-27 00:00:00+00:00,1056119.14743014,7.936507936501448e-05,0.0,83.81232818269504,0.0,-0.02866001547715058
2023-03-28 00:00:00+00:00,1056202.9664100949,7.936507936511692e-05,0.0,83.81897995477303,0.0,-0.02850817549327811
2023-03-29 00:00:00+00:00,1056286.7920423497,7.936507936513283e-05,0.0,83.82563225476943,0.0,-0.030610343421900055
2023-03-30 00:00:00+00:00,1056370.6243274324,7.93650793650226e-05,0.0,83.83228508272617,0.0,-0.02943762926310267
2023-03-31 00:00:00+00:00,1056454.4632658712,7.93650793651874e-05,0.0,83.8389384386851,0.0,-0.030021507467109743
2023-04-03 00:00:00+00:00,1056538.308858194,7.936507936514671e-05,0.0,83.84559232268819,0.0,-0.02851721888076142
2023-04-04 00:00:00+00:00,1056622.1611049287,7.936507936508129e-05,0.0,83.8522467347773,0.0,-0.028835461514100658
2023-04-05 00:00:00+00:00,1056706.0200066038,7.936507936517185e-05,0.0,83.85890167499434,0.0,-0.02900939955747095
2023-04-06 00:00:00+00:00,1056789.8855637473,7.936507936515832e-05,0.0,83.86555714338125,0.0,-0.029178084700395956
2023-04-10 00:00:00+00:00,1056873.7577768872,7.936507936500109e-05,0.0,83.87221313997995,0.0,-0.028297952976062746
2023-04-11 00:00:00+00:00,1056957.636646552,7.936507936510112e-05,0.0,83.87886966483231,0.0,-0.028736979959024467
2023-04-12 00:00:00+00:00,1057041.52217327,7.93650793649781e-05,0.0,83.88552671798031,0.0,-0.028960446998877565
2023-04-13 00:00:00+00:00,1057125.4143575693,7.936507936503299e-05,0.0,83.89218429946587,0.0,-0.028976176111457086
2023-04-14 00:00:00+00:00,1057209.3131999786,7.936507936500579e-05,0.0,83.8988424093309,0.0,-0.029097083955633707
2023-04-17 00:00:00+00:00,1057293.2187010262,7.936507936507712e-05,0.0,83.90550104761735,0.0,-0.029988863415149503
2023-04-18 00:00:00+00:00,1057377.1308612404,7.936507936498703e-05,0.0,83.91216021436716,0.0,-0.02899923879353139
2023-04-19 00:00:00+00:00,1057461.0496811501,7.936507936513634e-05,0.0,83.91881990962226,0.0,-0.03071747181170892
2023-04-20 00:00:00+00:00,1057544.9751612835,7.936507936504493e-05,0.0,83.92548013342461,0.0,-0.029706286209208344
2023-04-21 00:00:00+00:00,1057628.9073021694,7.936507936511353e-05,0.0,83.93214088581615,0.0,-0.028856408390057986
2023-04-24 00:00:00+00:00,1057712.8461043362,7.936507936508228e-05,0.0,83.93880216683884,0.0,-0.028734913221549974
2023-04-25 00:00:00+00:00,1057796.7915683128,7.936507936513169e-05,0.0,83.94546397653463,0.0,-0.02883685071799391
2023-04-26 00:00:00+00:00,1057880.7436946277,7.936507936500194e-05,0.0,83.95212631494546,0.0,-0.028223439501018355
2023-04-27 00:00:00+00:00,1057964.7024838098,7.936507936509362e-05,0.0,83.9587891821133,0.0,-0.02858961765988166
2023-04-28 00:00:00+00:00,1058048.667936388,7.936507936514691e-05,0.0,83.96545257808015,0.0,-0.027890743456648437
2023-05-01 00:00:00+00:00,1058132.6400528909,7.936507936512215e-05,0.0,83.97211650288793,0.0,-0.02882904763449634
2023-05-02 00:00:00+00:00,1058216.6188338473,7.936507936497971e-05,0.0,83.97878095657865,0.0,-0.028030399500857506
2023-05-03 00:00:00+00:00,1058300.6042797866,7.936507936512002e-05,0.0,83.98544593919424,0.0,-0.027854704141676123
2023-05-04 00:00:00+00:00,1058384.5963912373,7.936507936506328e-05,0.0,83.99211145077672,0.0,-0.02526574341184684
2023-05-05 00:00:00+00:00,1058468.5951687286,7.93650793649899e-05,0.0,83.99877749136805,0.0,-0.02921977846793844
2023-05-08 00:00:00+00:00,1058552.6006127896,7.936507936508019e-05,0.0,84.00544406101021,0.0,-0.029461444678204884
2023-05-09 00:00:00+00:00,1058636.6127239494,7.936507936507446e-05,0.0,84.0121111597452,0.0,-0.02846833936373727
2023-05-10 00:00:00+00:00,1058720.631502737,7.936507936515302e-05,0.0,84.01877878761503,0.0,-0.028371178201941127
2023-05-11 00:00:00+00:00,1058804.6569496817,7.936507936505627e-05,0.0,84.02544694466167,0.0,-0.028516603228382564
2023-05-12 00:00:00+00:00,1058888.6890653127,7.93650793651844e-05,0.0,84.03211563092712,0.0,-0.029174010459418476
2023-05-15 00:00:00+00:00,1058972.7278501592,7.936507936505788e-05,0.0,84.0387848464534,0.0,-0.029146496595007676
2023-05-16 00:00:00+00:00,1059056.7733047504,7.936507936507688e-05,0.0,84.04545459128248,0.0,-0.028760497535112783
2023-05-17 00:00:00+00:00,1059140.8254296158,7.936507936498184e-05,0.0,84.05212486545638,0.0,-0.0285640868264867
2023-05-18 00:00:00+00:00,1059224.884225285,7.93650793651728e-05,0.0,84.05879566901713,0.0,-0.029324330293533762
2023-05-19 00:00:00+00:00,1059308.949692287,7.936507936517034e-05,0.0,84.06546700200674,0.0,-0.02746354960321362
2023-05-22 00:00:00+00:00,1059393.0218311516,7.936507936515469e-05,0.0,84.07213886446722,0.0,-0.026130966747717643
2023-05-23 00:00:00+00:00,1059477.100642408,7.936507936508617e-05,0.0,84.0788112564406,0.0,-0.027888909711361265
2023-05-24 00:00:00+00:00,1059561.186126586,7.936507936514489e-05,0.0,84.0854841779689,0.0,-0.028613318795970955
2023-05-25 00:00:00+00:00,1059645.2782842151,7.936507936507141e-05,0.0,84.09215762909413,0.0,-0.02945793121396001
2023-05-26 00:00:00+00:00,1059729.377115825,7.936507936504584e-05,0.0,84.09883160985835,0.0,-0.02775380854594811
2023-05-30 00:00:00+00:00,1059813.4826219452,7.936507936502846e-05,0.0,84.10550612030357,0.0,-0.028990639832454868
2023-05-31 00:00:00+00:00,1059897.5948031056,7.936507936497965e-05,0.0,84.11218116047185,0.0,-0.027128152509525272
2023-06-01 00:00:00+00:00,1059981.713659836,7.93650793650794e-05,0.0,84.1188567304052,0.0,-0.029083282292080348
2023-06-02 00:00:00+00:00,1060065.839192666,7.936507936506835e-05,0.0,84.12553283014572,0.0,-0.0283744697189654
2023-06-05 00:00:00+00:00,1060149.971402126,7.93650793651265e-05,0.0,84.1322094597354,0.0,-0.02945174051406685
2023-06-06 00:00:00+00:00,1060234.110288745,7.936507936499455e-05,0.0,84.13888661921634,0.0,-0.02844467068541423
2023-06-07 00:00:00+00:00,1060318.2558530536,7.93650793650721e-05,0.0,84.14556430863055,0.0,-0.025885858625790625
2023-06-08 00:00:00+00:00,1060402.4080955817,7.936507936509983e-05,0.0,84.15224252802012,0.0,-0.026179948735297387
2023-06-09 00:00:00+00:00,1060486.567016859,7.936507936503808e-05,0.0,84.15892127742711,0.0,-0.02599933973990165
2023-06-12 00:00:00+00:00,1060570.732617416,7.936507936506679e-05,0.0,84.16560055689358,0.0,-0.026184185099791257
2023-06-13 00:00:00+00:00,1060654.9048977825,7.936507936514623e-05,0.0,84.17228036646158,0.0,-0.026131750414762678
2023-06-14 00:00:00+00:00,1060739.0838584886,7.936507936501724e-05,0.0,84.17896070617321,0.0,-0.026272082248183004
2023-06-15 00:00:00+00:00,1060823.2695000647,7.936507936507919e-05,0.0,84.18564157607052,0.0,-0.026364873722890536
2023-06-16 00:00:00+00:00,1060907.4618230409,7.936507936507289e-05,0.0,84.19232297619561,0.0,-0.030971306588678083
2023-06-20 00:00:00+00:00,1060991.6608279475,7.936507936517814e-05,0.0,84.19900490659055,0.0,-0.028721851110462993
2023-06-21 00:00:00+00:00,1061075.866515315,7.936507936513581e-05,0.0,84.20568736729743,0.0,-0.029825158622260872
2023-06-22 00:00:00+00:00,1061160.0788856733,7.93650793651257e-05,0.0,84.21237035835833,0.0,-0.029957734954298765
2023-06-23 00:00:00+00:00,1061244.2979395532,7.936507936510815e-05,0.0,84.21905387981535,0.0,-0.030154451040598218
2023-06-26 00:00:00+00:00,1061328.5236774848,7.936507936504348e-05,0.0,84.22573793171057,0.0,-0.029416987451866383
2023-06-27 00:00:00+00:00,1061412.756099999,7.936507936511142e-05,0.0,84.2324225140861,0.0,-0.02998444935671074
2023-06-28 00:00:00+00:00,1061496.995207626,7.93650793650529e-05,0.0,84.23910762698404,0.0,-0.030002622048345806
2023-06-29 00:00:00+00:00,1061581.2410008963,7.936507936504765e-05,0.0,84.2457932704465,0.0,-0.029816113941716793
2023-06-30 00:00:00+00:00,1061665.4934803408,7.936507936505597e-05,0.0,84.25247944451559,0.0,-0.030773563131883286
2023-07-03 00:00:00+00:00,1061749.75264649,7.93650793650382e-05,0.0,84.2591661492334,0.0,-0.02959609290832077
2023-07-05 00:00:00+00:00,1061834.0184998747,7.936507936517398e-05,0.0,84.26585338464206,0.0,-0.030049859940886492
2023-07-06 00:00:00+00:00,1061918.2910410254,7.936507936498503e-05,0.0,84.27254115078371,0.0,-0.03006237832661185
2023-07-07 00:00:00+00:00,1062002.5702704731,7.936507936508956e-05,0.0,84.27922944770043,0.0,-0.03006559276852183
2023-07-10 00:00:00+00:00,1062086.8561887485,7.936507936500935e-05,0.0,84.28591827543437,0.0,-0.029584720365257056
2023-07-11 00:00:00+00:00,1062171.1487963826,7.936507936514321e-05,0.0,84.29260763402766,0.0,-0.029893400185814656
2023-07-12 00:00:00+00:00,1062255.448093906,7.936507936501303e-05,0.0,84.29929752352243,0.0,-0.02896279811453084
2023-07-13 00:00:00+00:00,1062339.75408185,7.936507936501758e-05,0.0,84.3059879439608,0.0,-0.02951536613576522
2023-07-14 00:00:00+00:00,1062424.0667607454,7.936507936511715e-05,0.0,84.31267889538492,0.0,-0.02933795247121207
2023-07-17 00:00:00+00:00,1062508.3861311232,7.93650793650529e-05,0.0,84.31937037783693,0.0,-0.030067716906985176
2023-07-18 00:00:00+00:00,1062592.7121935145,7.936507936500434e-05,0.0,84.32606239135899,0.0,-0.02968083930576082
2023-07-19 00:00:00+00:00,1062677.0449484505,7.936507936515092e-05,0.0,84.33275493599321,0.0,-0.02963696523219639
2023-07-20 00:00:00+00:00,1062761.3843964622,7.936507936501473e-05,0.0,84.33944801178178,0.0,-0.029795930720218244
2023-07-21 00:00:00+00:00,1062845.730538081,7.936507936499434e-05,0.0,84.34614161876685,0.0,-0.030437417497374497
2023-07-24 00:00:00+00:00,1062930.0833738379,7.936507936505005e-05,0.0,84.35283575699054,0.0,-0.029614213334185457
2023-07-25 00:00:00+00:00,1063014.4429042644,7.936507936514218e-05,0.0,84.35953042649507,0.0,-0.02967760389620544
2023-07-26 00:00:00+00:00,1063098.8091298917,7.936507936501201e-05,0.0,84.36622562732258,0.0,-0.0290628407801945
2023-07-27 00:00:00+00:00,1063183.1820512512,7.936507936505797e-05,0.0,84.37292135951522,0.0,-0.03003715286100661
2023-07-28 00:00:00+00:00,1063267.5616688742,7.936507936502135e-05,0.0,84.37961762311517,0.0,-0.029607638939538106
2023-07-31 00:00:00+00:00,1063351.9479832924,7.936507936508148e-05,0.0,84.38631441816462,0.0,-0.029758672356482663
2023-08-01 00:00:00+00:00,1063436.340995037,7.936507936497973e-05,0.0,84.39301174470575,0.0,-0.029722371503734024
2023-08-02 00:00:00+00:00,1063520.7407046398,7.936507936511433e-05,0.0,84.39970960278072,0.0,-0.02975567029803372
2023-08-03 00:00:00+00:00,1063605.1471126322,7.936507936500771e-05,0.0,84.40640799243174,0.0,-0.028870041240239175
2023-08-04 00:00:00+00:00,1063689.5602195458,7.93650793650581e-05,0.0,84.41310691370097,0.0,-0.02735063200206511
2023-08-07 00:00:00+00:00,1063773.9800259124,7.936507936500689e-05,0.0,84.41980636663062,0.0,-0.030199109532091484
2023-08-08 00:00:00+00:00,1063858.4065322636,7.936507936503331e-05,0.0,84.42650635126289,0.0,-0.029828714879728935
2023-08-09 00:00:00+00:00,1063942.8397391313,7.936507936509769e-05,0.0,84.43320686763997,0.0,-0.0293201893800088
2023-08-10 00:00:00+00:00,1064027.2796470472,7.936507936516034e-05,0.0,84.43990791580407,0.0,-0.029746019686221814
2023-08-11 00:00:00+00:00,1064111.726256543,7.936507936518159e-05,0.0,84.44660949579739,0.0,-0.02932211316821398
2023-08-14 00:00:00+00:00,1064196.1795681508,7.936507936512178e-05,0.0,84.45331160766214,0.0,-0.028960402371231098
2023-08-15 00:00:00+00:00,1064280.6395824023,7.936507936516008e-05,0.0,84.46001425144054,0.0,-0.02889904632175977
2023-08-16 00:00:00+00:00,1064365.1062998294,7.936507936503803e-05,0.0,84.46671742717479,0.0,-0.029971331848072325
2023-08-17 00:00:00+00:00,1064449.5797209644,7.936507936515348e-05,0.0,84.4734211349071,0.0,-0.028769903621846282
2023-08-18 00:00:00+00:00,1064534.059846339,7.936507936502925e-05,0.0,84.48012537467972,0.0,-0.02927388119101515
2023-08-21 00:00:00+00:00,1064618.5466764856,7.936507936506317e-05,0.0,84.48683014653484,0.0,-0.02995179236107237
2023-08-22 00:00:00+00:00,1064703.040211936,7.936507936499683e-05,0.0,84.49353545051473,0.0,-0.029930659864772835
2023-08-23 00:00:00+00:00,1064787.5404532226,7.936507936500928e-05,0.0,84.50024128666159,0.0,-0.030288337994009318
2023-08-24 00:00:00+00:00,1064872.0474008776,7.936507936506083e-05,0.0,84.50694765501767,0.0,-0.02993422843244442
2023-08-25 00:00:00+00:00,1064956.5610554332,7.93650793651118e-05,0.0,84.51365455562521,0.0,-0.02965295413417568
2023-08-28 00:00:00+00:00,1065041.0814174218,7.936507936512252e-05,0.0,84.52036198852645,0.0,-0.029982222150060522
2023-08-29 00:00:00+00:00,1065125.6084873755,7.936507936505334e-05,0.0,84.52706995376363,0.0,-0.030470454782783207
2023-08-30 00:00:00+00:00,1065210.142265827,7.936507936508321e-05,0.0,84.533778451379,0.0,-0.029932136290561573
2023-08-31 00:00:00+00:00,1065294.6827533084,7.936507936517246e-05,0.0,84.54048748141483,0.0,-0.03002214201109421
2023-09-01 00:00:00+00:00,1065379.2299503523,7.93650793650628e-05,0.0,84.54719704391337,0.0,-0.030198351344404628
2023-09-05 00:00:00+00:00,1065463.7838574913,7.936507936515175e-05,0.0,84.55390713891686,0.0,-0.02967149873669328
2023-09-06 00:00:00+00:00,1065548.344475258,7.936507936518104e-05,0.0,84.56061776646757,0.0,-0.030015621774706958
2023-09-07 00:00:00+00:00,1065632.9118041846,7.936507936511101e-05,0.0,84.56732892660777,0.0,-0.029637886459029872
2023-09-08 00:00:00+00:00,1065717.485844804,7.936507936512055e-05,0.0,84.57404061937973,0.0,-0.03145366896804358
2023-09-11 00:00:00+00:00,1065802.066597649,7.936507936516995e-05,0.0,84.58075284482571,0.0,-0.030142529405425833
2023-09-12 00:00:00+00:00,1065886.6540632518,7.936507936500107e-05,0.0,84.587465602988,0.0,-0.030060709078847836
2023-09-13 00:00:00+00:00,1065971.2482421456,7.93650793650112e-05,0.0,84.59417889390888,0.0,-0.029275095299891696
2023-09-14 00:00:00+00:00,1066055.8491348634,7.936507936516061e-05,0.0,84.6008927176306,0.0,-0.030287900280981717
2023-09-15 00:00:00+00:00,1066140.4567419374,7.93650793649728e-05,0.0,84.6076070741955,0.0,-0.03384717412717553
2023-09-18 00:00:00+00:00,1066225.071063901,7.936507936506335e-05,0.0,84.61432196364582,0.0,-0.033324503711921416
2023-09-19 00:00:00+00:00,1066309.6921012872,7.936507936517415e-05,0.0,84.6210373860239,0.0,-0.0334256153333099
2023-09-20 00:00:00+00:00,1066394.3198546285,7.936507936504716e-05,0.0,84.627753341372,0.0,-0.033755279395875526
2023-09-21 00:00:00+00:00,1066478.9543244583,7.936507936507949e-05,0.0,84.63446982973242,0.0,-0.033839720092673
2023-09-22 00:00:00+00:00,1066563.5955113093,7.936507936501308e-05,0.0,84.64118685114748,0.0,-0.03430734631805166
2023-09-25 00:00:00+00:00,1066648.243415715,7.936507936502659e-05,0.0,84.64790440565947,0.0,-0.033458568698814695
2023-09-26 00:00:00+00:00,1066732.8980382083,7.936507936508035e-05,0.0,84.65462249331071,0.0,-0.028264622839363263
2023-09-27 00:00:00+00:00,1066817.5593793225,7.936507936513467e-05,0.0,84.66134111414351,0.0,-0.028662984919866297
2023-09-28 00:00:00+00:00,1066902.2274395907,7.936507936514989e-05,0.0,84.6680602682002,0.0,-0.028591191379698344
2023-09-29 00:00:00+00:00,1066986.9022195463,7.936507936508636e-05,0.0,84.67477995552308,0.0,-0.02957386705831233
2023-10-02 00:00:00+00:00,1067071.5837197225,7.936507936512264e-05,0.0,84.68150017615447,0.0,-0.025622158760972624
2023-10-03 00:00:00+00:00,1067156.2719406525,7.936507936500086e-05,0.0,84.68822093013671,0.0,-0.025090342752665862
2023-10-04 00:00:00+00:00,1067240.96688287,7.936507936511772e-05,0.0,84.69494221751211,0.0,-0.025653044499147626
2023-10-05 00:00:00+00:00,1067325.6685469083,7.93650793649972e-05,0.0,84.70166403832302,0.0,-0.025983430406673946
2023-10-06 00:00:00+00:00,1067410.3769333009,7.936507936503596e-05,0.0,84.70838639261177,0.0,-0.02459366645941863
2023-10-09 00:00:00+00:00,1067495.0920425812,7.936507936497619e-05,0.0,84.7151092804207,0.0,-0.025727255928408965
2023-10-10 00:00:00+00:00,1067579.8138752829,7.936507936499634e-05,0.0,84.72183270179215,0.0,-0.025790768886744253
2023-10-11 00:00:00+00:00,1067664.5424319396,7.936507936505675e-05,0.0,84.72855665676849,0.0,-0.025167325968185494
2023-10-12 00:00:00+00:00,1067749.277713085,7.93650793651177e-05,0.0,84.73528114539204,0.0,-0.025239791948644452
2023-10-13 00:00:00+00:00,1067834.0197192528,7.936507936513955e-05,0.0,84.74200616770516,0.0,-0.026867766186596143
2023-10-16 00:00:00+00:00,1067918.7684509766,7.936507936508266e-05,0.0,84.74873172375023,0.0,-0.024641213486229496
2023-10-17 00:00:00+00:00,1068003.5239087902,7.936507936512538e-05,0.0,84.75545781356956,0.0,-0.02684540922403933
2023-10-18 00:00:00+00:00,1068088.2860932273,7.936507936501002e-05,0.0,84.76218443720558,0.0,-0.025244127026985197
2023-10-19 00:00:00+00:00,1068173.055004822,7.936507936513295e-05,0.0,84.76891159470058,0.0,-0.02508592049670888
2023-10-20 00:00:00+00:00,1068257.8306441081,7.936507936501847e-05,0.0,84.77563928609699,0.0,-0.026610254404351608
2023-10-23 00:00:00+00:00,1068342.6130116195,7.936507936506291e-05,0.0,84.78236751143716,0.0,-0.025232272564437608
2023-10-24 00:00:00+00:00,1068427.4021078902,7.936507936500862e-05,0.0,84.78909627076345,0.0,-0.024474349880470037
2023-10-25 00:00:00+00:00,1068512.1979334543,7.936507936503388e-05,0.0,84.79582556411827,0.0,-0.02509723380884843
2023-10-26 00:00:00+00:00,1068597.0004888459,7.936507936509899e-05,0.0,84.80255539154399,0.0,-0.020679810630546136
2023-10-27 00:00:00+00:00,1068681.809774599,7.936507936516429e-05,0.0,84.809285753083,0.0,-0.02619961353669975
2023-10-30 00:00:00+00:00,1068766.6257912477,7.936507936497223e-05,0.0,84.8160166487777,0.0,-0.025627461921452266
2023-10-31 00:00:00+00:00,1068851.4485393264,7.936507936513679e-05,0.0,84.82274807867046,0.0,-0.02523891027515557
2023-11-01 00:00:00+00:00,1068936.2780193693,7.936507936518251e-05,0.0,84.82948004280368,0.0,-0.025725074533299974
2023-11-02 00:00:00+00:00,1069021.1142319106,7.936507936506977e-05,0.0,84.8362125412198,0.0,-0.026104619877846957
2023-11-03 00:00:00+00:00,1069105.9571774844,7.936507936497676e-05,0.0,84.84294557396116,0.0,-0.02512342091636821
2023-11-06 00:00:00+00:00,1069190.8068566255,7.936507936508157e-05,0.0,84.8496791410702,0.0,-0.025560405571664724
2023-11-07 00:00:00+00:00,1069275.6632698681,7.936507936512673e-05,0.0,84.85641324258933,0.0,-0.025785636543457002
2023-11-08 00:00:00+00:00,1069360.5264177467,7.936507936507259e-05,0.0,84.86314787856097,0.0,-0.02628922620040175
2023-11-09 00:00:00+00:00,1069445.3963007957,7.936507936509723e-05,0.0,84.86988304902751,0.0,-0.025470625422528315
2023-11-10 00:00:00+00:00,1069530.2729195498,7.936507936516098e-05,0.0,84.87661875403141,0.0,-0.02589173603423678
2023-11-13 00:00:00+00:00,1069615.1562745434,7.936507936500644e-05,0.0,84.88335499361507,0.0,-0.025867992411003904
2023-11-14 00:00:00+00:00,1069700.0463663111,7.936507936502938e-05,0.0,84.8900917678209,0.0,-0.026135970407702658
2023-11-15 00:00:00+00:00,1069784.9431953877,7.936507936497244e-05,0.0,84.89682907669136,0.0,-0.025335511614720474
2023-11-16 00:00:00+00:00,1069869.846762308,7.93650793650136e-05,0.0,84.90356692026887,0.0,-0.026908876238140422
2023-11-17 00:00:00+00:00,1069954.7570676066,7.936507936511315e-05,0.0,84.91030529859587,0.0,-0.02628867051566086
2023-11-20 00:00:00+00:00,1070039.6741118182,7.936507936501382e-05,0.0,84.91704421171481,0.0,-0.025858104846352425
2023-11-21 00:00:00+00:00,1070124.597895478,7.936507936511119e-05,0.0,84.92378365966812,0.0,-0.026126484004022288
2023-11-22 00:00:00+00:00,1070209.5284191205,7.936507936514795e-05,0.0,84.93052364249824,0.0,-0.027109022370168212
2023-11-24 00:00:00+00:00,1070294.4656832807,7.936507936508446e-05,0.0,84.93726416024765,0.0,-0.02603151934380943
2023-11-27 00:00:00+00:00,1070379.4096884937,7.936507936509861e-05,0.0,84.94400521295879,0.0,-0.02598904209502173
2023-11-28 00:00:00+00:00,1070464.3604352945,7.936507936515073e-05,0.0,84.9507468006741,0.0,-0.025966583642321517
2023-11-29 00:00:00+00:00,1070549.3179242178,7.936507936498363e-05,0.0,84.95748892343607,0.0,-0.025944953097160273
2023-11-30 00:00:00+00:00,1070634.282155799,7.936507936499268e-05,0.0,84.96423158128712,0.0,-0.025898370688855366
2023-12-01 00:00:00+00:00,1070719.2531305733,7.936507936513817e-05,0.0,84.97097477426976,0.0,-0.02517321385744431
2023-12-04 00:00:00+00:00,1070804.2308490758,7.936507936516293e-05,0.0,84.97771850242646,0.0,-0.02649008212750026
2023-12-05 00:00:00+00:00,1070889.2153118416,7.936507936502734e-05,0.0,84.98446276579966,0.0,-0.025262450528425795
2023-12-06 00:00:00+00:00,1070974.206519406,7.936507936512661e-05,0.0,84.99120756443187,0.0,-0.025967788092918553
2023-12-07 00:00:00+00:00,1071059.2044723043,7.93650793649862e-05,0.0,84.99795289836555,0.0,-0.026003877203219616
2023-12-08 00:00:00+00:00,1071144.2091710719,7.936507936500132e-05,0.0,85.0046987676432,0.0,-0.025650482511872852
2023-12-11 00:00:00+00:00,1071229.2206162442,7.93650793651322e-05,0.0,85.01144517230729,0.0,-0.026102073349071553
2023-12-12 00:00:00+00:00,1071314.2388083567,7.936507936512184e-05,0.0,85.01819211240034,0.0,-0.02598800261686307
2023-12-13 00:00:00+00:00,1071399.2637479447,7.936507936514791e-05,0.0,85.02493958796482,0.0,-0.024255629723633376
2023-12-14 00:00:00+00:00,1071484.2954355439,7.936507936517076e-05,0.0,85.03168759904324,0.0,-0.024828919968294727
2023-12-15 00:00:00+00:00,1071569.3338716896,7.93650793651507e-05,0.0,85.03843614567809,0.0,-0.030473508605497912
2023-12-18 00:00:00+00:00,1071654.3790569175,7.936507936504811e-05,0.0,85.04518522791187,0.0,-0.03030475354436568
2023-12-19 00:00:00+00:00,1071739.4309917632,7.93650793650406e-05,0.0,85.0519348457871,0.0,-0.03023177660712406
2023-12-20 00:00:00+00:00,1071824.4896767626,7.936507936508847e-05,0.0,85.05868499934628,0.0,-0.025915191658929082
2023-12-21 00:00:00+00:00,1071909.5551124513,7.936507936515203e-05,0.0,85.06543568863195,0.0,-0.026689995335457795
2023-12-22 00:00:00+00:00,1071994.627299365,7.936507936497441e-05,0.0,85.07218691368661,0.0,-0.026624597107679726
2023-12-26 00:00:00+00:00,1072079.7062380395,7.93650793651676e-05,0.0,85.07893867455277,0.0,-0.026238111714863344
2023-12-27 00:00:00+00:00,1072164.7919290108,7.936507936504029e-05,0.0,85.08569097127298,0.0,-0.02625723296929383
2023-12-28 00:00:00+00:00,1072249.8843728146,7.936507936498722e-05,0.0,85.09244380388974,0.0,-0.026109516715745684
2023-12-29 00:00:00+00:00,1072334.9835699871,7.936507936518587e-05,0.0,85.0991971724456,0.0,-0.02537746615238934
2024-01-02 00:00:00+00:00,1072420.0895210642,7.936507936516221e-05,0.0,85.1059510769831,0.0,-0.025062582005337397
2024-01-03 00:00:00+00:00,1072505.2022265818,7.936507936509378e-05,0.0,85.11270551754478,0.0,-0.025135940759325237
2024-01-04 00:00:00+00:00,1072590.321687076,7.936507936515802e-05,0.0,85.11946049417315,0.0,-0.025203528452506063
2024-01-05 00:00:00+00:00,1072675.447903083,7.936507936509812e-05,0.0,85.1262160069108,0.0,-0.02496742904090432
2024-01-08 00:00:00+00:00,1072760.5808751388,7.936507936509155e-05,0.0,85.13297205580024,0.0,-0.02560596341959087
2024-01-09 00:00:00+00:00,1072845.7206037797,7.936507936509858e-05,0.0,85.13972864088403,0.0,-0.02480663099171121
2024-01-10 00:00:00+00:00,1072930.8670895419,7.93650793650796e-05,0.0,85.14648576220473,0.0,-0.02475859556741611
2024-01-11 00:00:00+00:00,1073016.0203329616,7.936507936499489e-05,0.0,85.15324341980491,0.0,-0.024613106942577012
2024-01-12 00:00:00+00:00,1073101.1803345752,7.936507936502183e-05,0.0,85.1600016137271,0.0,-0.025705362516625918
2024-01-16 00:00:00+00:00,1073186.3470949193,7.936507936512071e-05,0.0,85.16676034401391,0.0,-0.024972171914486196
2024-01-17 00:00:00+00:00,1073271.52061453,7.936507936503489e-05,0.0,85.17351961070788,0.0,-0.02523293171435892
2024-01-18 00:00:00+00:00,1073356.700893944,7.936507936515863e-05,0.0,85.18027941385158,0.0,-0.02417165376530317
2024-01-19 00:00:00+00:00,1073441.8879336973,7.936507936501837e-05,0.0,85.18703975348761,0.0,-0.025741830846429004
2024-01-22 00:00:00+00:00,1073527.081734327,7.936507936500832e-05,0.0,85.19380062965851,0.0,-0.024932053101866636
2024-01-23 00:00:00+00:00,1073612.2822963693,7.936507936508878e-05,0.0,85.2005620424069,0.0,-0.02461893113546143
2024-01-24 00:00:00+00:00,1073697.489620361,7.936507936500319e-05,0.0,85.20732399177534,0.0,-0.025545744663794778
2024-01-25 00:00:00+00:00,1073782.703706839,7.936507936514562e-05,0.0,85.21408647780643,0.0,-0.025027352221059118
2024-01-26 00:00:00+00:00,1073867.9245563394,7.936507936504269e-05,0.0,85.22084950054277,0.0,-0.024966127572414898
2024-01-29 00:00:00+00:00,1073953.1521693994,7.936507936508843e-05,0.0,85.22761306002694,0.0,-0.025201533843702606
2024-01-30 00:00:00+00:00,1074038.3865465557,7.936507936502633e-05,0.0,85.23437715630155,0.0,-0.024880239748942934
2024-01-31 00:00:00+00:00,1074123.627688345,7.936507936503354e-05,0.0,85.24114178940918,0.0,-0.02515905739388291
2024-02-01 00:00:00+00:00,1074208.8755953044,7.936507936507038e-05,0.0,85.24790695939247,0.0,-0.02540326582206376
2024-02-02 00:00:00+00:00,1074294.1302679707,7.936507936509717e-05,0.0,85.254672666294,0.0,-0.025031895806871596
2024-02-05 00:00:00+00:00,1074379.3917068809,7.936507936507424e-05,0.0,85.2614389101564,0.0,-0.025847967016193962
2024-02-06 00:00:00+00:00,1074464.659912572,7.936507936517865e-05,0.0,85.26820569102229,0.0,-0.025437444973287704
2024-02-07 00:00:00+00:00,1074549.934885581,7.936507936515403e-05,0.0,85.27497300893428,0.0,-0.025405403033579077
2024-02-08 00:00:00+00:00,1074635.216626445,7.936507936517739e-05,0.0,85.281740863935,0.0,-0.025644892108656947
2024-02-09 00:00:00+00:00,1074720.505135701,7.936507936499241e-05,0.0,85.28850925606707,0.0,-0.02557614150138754
2024-02-12 00:00:00+00:00,1074805.8004138863,7.936507936499278e-05,0.0,85.29527818537309,0.0,-0.025118658898713342
2024-02-13 00:00:00+00:00,1074891.1024615383,7.936507936513877e-05,0.0,85.30204765189573,0.0,-0.025476457260903196
2024-02-14 00:00:00+00:00,1074976.411279194,7.936507936517406e-05,0.0,85.30881765567764,0.0,-0.025242325113705277
2024-02-15 00:00:00+00:00,1075061.7268673908,7.936507936505901e-05,0.0,85.31558819676144,0.0,-0.025393482740657447
2024-02-16 00:00:00+00:00,1075147.049226666,7.936507936518718e-05,0.0,85.32235927518974,0.0,-0.025683247400933418
2024-02-20 00:00:00+00:00,1075232.378357557,7.936507936508567e-05,0.0,85.32913089100525,0.0,-0.02571161166518543
2024-02-21 00:00:00+00:00,1075317.7142606014,7.936507936514801e-05,0.0,85.33590304425057,0.0,-0.025100594270288212
2024-02-22 00:00:00+00:00,1075403.0569363364,7.936507936511792e-05,0.0,85.34267573496837,0.0,-0.025063999004934168
2024-02-23 00:00:00+00:00,1075488.4063852997,7.936507936517231e-05,0.0,85.34944896320131,0.0,-0.026325034003622072
2024-02-26 00:00:00+00:00,1075573.7626080287,7.936507936505497e-05,0.0,85.35622272899204,0.0,-0.025186134428028417
2024-02-27 00:00:00+00:00,1075659.1256050612,7.936507936515923e-05,0.0,85.36299703238323,0.0,-0.025716289415695037
2024-02-28 00:00:00+00:00,1075744.4953769345,7.936507936501247e-05,0.0,85.36977187341755,0.0,-0.026038140006396482
2024-02-29 00:00:00+00:00,1075829.8719241866,7.936507936500796e-05,0.0,85.37654725213766,0.0,-0.02630130872179759
2024-03-01 00:00:00+00:00,1075915.2552473552,7.936507936510598e-05,0.0,85.38332316858624,0.0,-0.026615330896792244
2024-03-04 00:00:00+00:00,1076000.645346978,7.936507936505046e-05,0.0,85.39009962280596,0.0,-0.02562284496220446
2024-03-05 00:00:00+00:00,1076086.0422235928,7.936507936501815e-05,0.0,85.39687661483953,0.0,-0.02547820400458889
2024-03-06 00:00:00+00:00,1076171.4458777376,7.936507936518573e-05,0.0,85.40365414472959,0.0,-0.025863646845377453
2024-03-07 00:00:00+00:00,1076256.8563099501,7.936507936508079e-05,0.0,85.41043221251886,0.0,-0.025904509740672488
2024-03-08 00:00:00+00:00,1076342.2735207684,7.936507936509641e-05,0.0,85.41721081825001,0.0,-0.026811862688187027
2024-03-11 00:00:00+00:00,1076427.6975107302,7.936507936497658e-05,0.0,85.42398996196575,0.0,-0.024840203389016935
2024-03-12 00:00:00+00:00,1076513.128280374,7.936507936511426e-05,0.0,85.43076964370874,0.0,-0.025568126974876648
2024-03-13 00:00:00+00:00,1076598.5658302375,7.936507936503716e-05,0.0,85.43754986352174,0.0,-0.02493133448850582
2024-03-14 00:00:00+00:00,1076684.010160859,7.936507936513818e-05,0.0,85.44433062144742,0.0,-0.02637192920992426
2024-03-15 00:00:00+00:00,1076769.4612727766,7.936507936516138e-05,0.0,85.4511119175285,0.0,-0.028503106053969773
2024-03-18 00:00:00+00:00,1076854.9191665284,7.936507936506711e-05,0.0,85.45789375180766,0.0,-0.028305645770535293
2024-03-19 00:00:00+00:00,1076940.3838426527,7.936507936503196e-05,0.0,85.46467612432765,0.0,-0.028802554056465368
2024-03-20 00:00:00+00:00,1077025.8553016877,7.936507936501622e-05,0.0,85.47145903513116,0.0,-0.02903145752236469
2024-03-21 00:00:00+00:00,1077111.3335441719,7.936507936498026e-05,0.0,85.47824248426093,0.0,-0.025399509769323814
2024-03-22 00:00:00+00:00,1077196.8185706437,7.936507936510053e-05,0.0,85.48502647175967,0.0,-0.026075546039708186
2024-03-25 00:00:00+00:00,1077282.3103816414,7.936507936512122e-05,0.0,85.49181099767013,0.0,-0.025462800990365686
2024-03-26 00:00:00+00:00,1077367.8089777033,7.936507936500267e-05,0.0,85.49859606203503,0.0,-0.025234081512030215
2024-03-27 00:00:00+00:00,1077453.3143593683,7.936507936513749e-05,0.0,85.50538166489709,0.0,-0.025782823035093827
2024-03-28 00:00:00+00:00,1077538.8265271746,7.936507936505374e-05,0.0,85.51216780629908,0.0,-0.02797389258722749
2024-04-01 00:00:00+00:00,1077624.345481661,7.936507936514398e-05,0.0,85.51895448628369,0.0,-0.022977439378386144
2024-04-02 00:00:00+00:00,1077709.871223366,7.936507936515243e-05,0.0,85.52574170489372,0.0,-0.022510655469720753
2024-04-03 00:00:00+00:00,1077795.403752828,7.936507936503945e-05,0.0,85.5325294621719,0.0,-0.02098775544094078
2024-04-04 00:00:00+00:00,1077880.943070586,7.936507936498143e-05,0.0,85.53931775816095,0.0,-0.022707141858059998
2024-04-05 00:00:00+00:00,1077966.489177179,7.936507936515472e-05,0.0,85.54610659290366,0.0,-0.022587889711214615
2024-04-08 00:00:00+00:00,1078052.0420731455,7.936507936508756e-05,0.0,85.55289596644278,0.0,-0.02274126137448107
2024-04-09 00:00:00+00:00,1078137.6017590244,7.936507936517234e-05,0.0,85.55968587882107,0.0,-0.023083637342155683
2024-04-10 00:00:00+00:00,1078223.1682353546,7.936507936515338e-05,0.0,85.5664763300813,0.0,-0.02214414967957179
2024-04-11 00:00:00+00:00,1078308.7415026748,7.936507936499103e-05,0.0,85.57326732026624,0.0,-0.022474118408582378
2024-04-12 00:00:00+00:00,1078394.3215615242,7.936507936507755e-05,0.0,85.58005884941863,0.0,-0.02379755929138927
2024-04-15 00:00:00+00:00,1078479.9084124418,7.936507936515726e-05,0.0,85.58685091758129,0.0,-0.020351953526506428
2024-04-16 00:00:00+00:00,1078565.5020559665,7.936507936497463e-05,0.0,85.59364352479697,0.0,-0.02177698339515821
2024-04-17 00:00:00+00:00,1078651.1024926377,7.936507936513767e-05,0.0,85.60043667110845,0.0,-0.022206190681774096
2024-04-18 00:00:00+00:00,1078736.7097229944,7.936507936517491e-05,0.0,85.60723035655855,0.0,-0.023555156937358213
2024-04-19 00:00:00+00:00,1078822.3237475755,7.936507936504672e-05,0.0,85.61402458119002,0.0,-0.023600779613032863
2024-04-22 00:00:00+00:00,1078907.9445669206,7.936507936514512e-05,0.0,85.62081934504567,0.0,-0.022492316533440082
2024-04-23 00:00:00+00:00,1078993.5721815687,7.936507936499878e-05,0.0,85.6276146481683,0.0,-0.022245628575848997
2024-04-24 00:00:00+00:00,1079079.2065920592,7.936507936499968e-05,0.0,85.63441049060069,0.0,-0.021684430591545123
2024-04-25 00:00:00+00:00,1079164.8477989316,7.93650793651081e-05,0.0,85.64120687238565,0.0,-0.022381251230039645
2024-04-26 00:00:00+00:00,1079250.4958027252,7.936507936506859e-05,0.0,85.648003793566,0.0,-0.020489871078190447
2024-04-29 00:00:00+00:00,1079336.1506039794,7.936507936505727e-05,0.0,85.65480125418453,0.0,-0.02248816823514943
2024-04-30 00:00:00+00:00,1079421.8122032336,7.936507936503448e-05,0.0,85.66159925428407,0.0,-0.022583732630867104
2024-05-01 00:00:00+00:00,1079507.4806010276,7.936507936517622e-05,0.0,85.66839779390743,0.0,-0.021247362015682114
2024-05-02 00:00:00+00:00,1079593.1557979006,7.936507936501144e-05,0.0,85.67519687309743,0.0,-0.02372275530336143
2024-05-03 00:00:00+00:00,1079678.8377943926,7.936507936514756e-05,0.0,85.68199649189688,0.0,-0.021288980078312036
2024-05-06 00:00:00+00:00,1079764.526591043,7.93650793651135e-05,0.0,85.68879665034862,0.0,-0.02257776511546794
2024-05-07 00:00:00+00:00,1079850.2221883915,7.936507936508531e-05,0.0,85.69559734849547,0.0,-0.021840953107552075
2024-05-08 00:00:00+00:00,1079935.9245869778,7.936507936502333e-05,0.0,85.70239858638028,0.0,-0.022498296714876354
2024-05-09 00:00:00+00:00,1080021.6337873419,7.936507936510346e-05,0.0,85.70920036404586,0.0,-0.022867740520696955
2024-05-10 00:00:00+00:00,1080107.3497900234,7.936507936507043e-05,0.0,85.71600268153507,0.0,-0.023810246706977622
2024-05-13 00:00:00+00:00,1080193.0725955623,7.936507936510018e-05,0.0,85.72280553889075,0.0,-0.022445132334214968
2024-05-14 00:00:00+00:00,1080278.8022044986,7.936507936515302e-05,0.0,85.72960893615574,0.0,-0.022758626977527285
2024-05-15 00:00:00+00:00,1080364.5386173718,7.936507936497375e-05,0.0,85.7364128733729,0.0,-0.022806024461202945
2024-05-16 00:00:00+00:00,1080450.2818347225,7.936507936516931e-05,0.0,85.74321735058507,0.0,-0.022415933321763504
2024-05-17 00:00:00+00:00,1080536.0318570903,7.936507936505344e-05,0.0,85.75002236783511,0.0,-0.0235241072092629
2024-05-20 00:00:00+00:00,1080621.7886850154,7.936507936501751e-05,0.0,85.7568279251659,0.0,-0.02233619421651145
2024-05-21 00:00:00+00:00,1080707.552319038,7.936507936502183e-05,0.0,85.76363402262027,0.0,-0.022237234919791682
2024-05-22 00:00:00+00:00,1080793.3227596981,7.936507936502675e-05,0.0,85.7704406602411,0.0,-0.02154284658123995
2024-05-23 00:00:00+00:00,1080879.1000075361,7.936507936499257e-05,0.0,85.77724783807128,0.0,-0.022425424977002173
2024-05-24 00:00:00+00:00,1080964.8840630923,7.936507936509507e-05,0.0,85.78405555615366,0.0,-0.02192323730617396
2024-05-28 00:00:00+00:00,1081050.6749269068,7.936507936507915e-05,0.0,85.79086381453114,0.0,-0.023111470785918797
2024-05-29 00:00:00+00:00,1081136.47259952,7.936507936512052e-05,0.0,85.79767261324658,0.0,-0.022185090772373073
2024-05-30 00:00:00+00:00,1081222.2770814726,7.936507936517955e-05,0.0,85.80448195234287,0.0,-0.023110426443064824
2024-05-31 00:00:00+00:00,1081308.0883733043,7.936507936500118e-05,0.0,85.8112918318629,0.0,-0.023191944864787928
2024-06-03 00:00:00+00:00,1081393.906475556,7.936507936497649e-05,0.0,85.81810225184955,0.0,-0.023157835535933202
2024-06-04 00:00:00+00:00,1081479.7313887684,7.936507936506576e-05,0.0,85.82491321234572,0.0,-0.022735461370310794
2024-06-05 00:00:00+00:00,1081565.5631134817,7.936507936501401e-05,0.0,85.83172471339432,0.0,-0.021852658415204118
2024-06-06 00:00:00+00:00,1081651.4016502367,7.936507936499688e-05,0.0,85.83853675503823,0.0,-0.022712978888890234
2024-06-07 00:00:00+00:00,1081737.246999574,7.93650793649747e-05,0.0,85.84534933732037,0.0,-0.023372452152140788
2024-06-10 00:00:00+00:00,1081823.0991620342,7.936507936512303e-05,0.0,85.85216246028364,0.0,-0.02379123905610747
2024-06-11 00:00:00+00:00,1081908.9581381583,7.936507936518694e-05,0.0,85.85897612397098,0.0,-0.01987455774013469
2024-06-12 00:00:00+00:00,1081994.8239284868,7.93650793651268e-05,0.0,85.86579032842526,0.0,-0.01995494218745364
2024-06-13 00:00:00+00:00,1082080.6965335605,7.936507936511815e-05,0.0,85.87260507368943,0.0,-0.01967853938122932
2024-06-14 00:00:00+00:00,1082166.5759539204,7.936507936512132e-05,0.0,85.87942035980639,0.0,-0.01947615767858757
2024-06-17 00:00:00+00:00,1082252.4621901072,7.936507936509664e-05,0.0,85.88623618681908,0.0,-0.018973701130459375
2024-06-18 00:00:00+00:00,1082338.355242662,7.936507936500446e-05,0.0,85.8930525547704,0.0,-0.020163180015545734
2024-06-20 00:00:00+00:00,1082424.2551121255,7.936507936502024e-05,0.0,85.89986946370333,0.0,-0.01981439484181191
2024-06-21 00:00:00+00:00,1082510.1617990392,7.936507936510429e-05,0.0,85.90668691366076,0.0,-0.02322396075499622
2024-06-24 00:00:00+00:00,1082596.0753039438,7.936507936500183e-05,0.0,85.91350490468565,0.0,-0.022954860459223347
2024-06-25 00:00:00+00:00,1082681.9956273807,7.93650793651034e-05,0.0,85.92032343682094,0.0,-0.023259090841234453
2024-06-26 00:00:00+00:00,1082767.9227698909,7.93650793651542e-05,0.0,85.92714251010958,0.0,-0.022969125557981585
2024-06-27 00:00:00+00:00,1082853.8567320155,7.93650793651146e-05,0.0,85.93396212459452,0.0,-0.022755169708975842
2024-06-28 00:00:00+00:00,1082939.797514296,7.936507936515998e-05,0.0,85.94078228031869,0.0,-0.02356825264608542
2024-07-01 00:00:00+00:00,1083025.7451172732,7.936507936503563e-05,0.0,85.94760297732508,0.0,-0.022547141891188005
2024-07-02 00:00:00+00:00,1083111.699541489,7.936507936513192e-05,0.0,85.9544242156566,0.0,-0.022215480173287006
2024-07-03 00:00:00+00:00,1083197.6607874841,7.936507936497917e-05,0.0,85.96124599535626,0.0,-0.02113040726822568
2024-07-05 00:00:00+00:00,1083283.6288558007,7.936507936518265e-05,0.0,85.968068316467,0.0,-0.02153255552627442
2024-07-08 00:00:00+00:00,1083369.6037469797,7.936507936505778e-05,0.0,85.9748911790318,0.0,-0.02137837983780866
2024-07-09 00:00:00+00:00,1083455.5854615627,7.936507936499481e-05,0.0,85.98171458309363,0.0,-0.021828424473508967
2024-07-10 00:00:00+00:00,1083541.5740000915,7.936507936516899e-05,0.0,85.98853852869546,0.0,-0.02171362258024878
2024-07-11 00:00:00+00:00,1083627.5693631074,7.93650793651108e-05,0.0,85.99536301588029,0.0,-0.021467470083098128
2024-07-12 00:00:00+00:00,1083713.571551152,7.93650793649955e-05,0.0,86.00218804469107,0.0,-0.02175563521290158
2024-07-15 00:00:00+00:00,1083799.5805647671,7.936507936499831e-05,0.0,86.0090136151708,0.0,-0.02200941282615787
2024-07-16 00:00:00+00:00,1083885.5964044945,7.93650793650795e-05,0.0,86.01583972736248,0.0,-0.02171496166407305
2024-07-17 00:00:00+00:00,1083971.6190708757,7.936507936498459e-05,0.0,86.02266638130908,0.0,-0.02138887572796655
2024-07-18 00:00:00+00:00,1084057.6485644528,7.936507936510356e-05,0.0,86.02949357705363,0.0,-0.022057302748206276
2024-07-19 00:00:00+00:00,1084143.6848857675,7.936507936518188e-05,0.0,86.03632131463911,0.0,-0.02121207674414638
2024-07-22 00:00:00+00:00,1084229.7280353617,7.936507936517991e-05,0.0,86.04314959410853,0.0,-0.02261082353877608
2024-07-23 00:00:00+00:00,1084315.7780137772,7.9365079365058e-05,0.0,86.0499784155049,0.0,-0.022449885161128336
2024-07-24 00:00:00+00:00,1084401.834821556,7.936507936499127e-05,0.0,86.0568077788712,0.0,-0.021993523241758517
2024-07-25 00:00:00+00:00,1084487.8984592403,7.936507936515473e-05,0.0,86.06363768425048,0.0,-0.020921048712932766
2024-07-26 00:00:00+00:00,1084573.968927372,7.936507936507926e-05,0.0,86.07046813168574,0.0,-0.021910084929455564
2024-07-29 00:00:00+00:00,1084660.0462264933,7.936507936515462e-05,0.0,86.07729912122,0.0,-0.02191490006779695
2024-07-30 00:00:00+00:00,1084746.1303571463,7.936507936512643e-05,0.0,86.08413065289629,0.0,-0.021110158440593274
2024-07-31 00:00:00+00:00,1084832.2213198731,7.936507936516972e-05,0.0,86.09096272675764,0.0,-0.020868644587634932
2024-08-01 00:00:00+00:00,1084918.319115216,7.936507936503016e-05,0.0,86.09779534284708,0.0,-0.022112044786879892
2024-08-02 00:00:00+00:00,1085004.4237437171,7.936507936509735e-05,0.0,86.10462850120761,0.0,-0.022642160358223862
2024-08-05 00:00:00+00:00,1085090.535205919,7.936507936511699e-05,0.0,86.11146220188232,0.0,-0.019077522436392158
2024-08-06 00:00:00+00:00,1085176.653502364,7.936507936504941e-05,0.0,86.11829644491421,0.0,-0.02126876606088235
2024-08-07 00:00:00+00:00,1085262.7786335943,7.936507936506954e-05,0.0,86.12513123034634,0.0,-0.019953456512327605
2024-08-08 00:00:00+00:00,1085348.9106001526,7.936507936513768e-05,0.0,86.13196655822176,0.0,-0.020895170561115783
2024-08-09 00:00:00+00:00,1085435.049402581,7.936507936499964e-05,0.0,86.13880242858353,0.0,-0.02073999581570707
2024-08-12 00:00:00+00:00,1085521.1950414225,7.93650793650448e-05,0.0,86.14563884147469,0.0,-0.02141278027157867
2024-08-13 00:00:00+00:00,1085607.3475172194,7.936507936501899e-05,0.0,86.15247579693829,0.0,-0.021775843059050892
2024-08-14 00:00:00+00:00,1085693.5068305144,7.9365079365097e-05,0.0,86.15931329501741,0.0,-0.023397262244968076
2024-08-15 00:00:00+00:00,1085779.67298185,7.93650793650247e-05,0.0,86.16615133575512,0.0,-0.022489889355130188
2024-08-16 00:00:00+00:00,1085865.8459717692,7.93650793649769e-05,0.0,86.17298991919445,0.0,-0.022775226683413585
2024-08-19 00:00:00+00:00,1085952.0258008146,7.936507936512834e-05,0.0,86.17982904537851,0.0,-0.02236412954491307
2024-08-20 00:00:00+00:00,1086038.212469529,7.93650793650105e-05,0.0,86.18666871435036,0.0,-0.02197600132421229
2024-08-21 00:00:00+00:00,1086124.405978455,7.936507936501256e-05,0.0,86.19350892615309,0.0,-0.021909012906559333
2024-08-22 00:00:00+00:00,1086210.6063281358,7.936507936509483e-05,0.0,86.20034968082976,0.0,-0.02117843148672982
2024-08-23 00:00:00+00:00,1086296.8135191142,7.936507936500325e-05,0.0,86.20719097842348,0.0,-0.022097790705529974
2024-08-26 00:00:00+00:00,1086383.0275519332,7.93650793651269e-05,0.0,86.21403281897732,0.0,-0.02200248895272683
2024-08-27 00:00:00+00:00,1086469.2484271356,7.936507936499739e-05,0.0,86.22087520253439,0.0,-0.022834841102669756
2024-08-28 00:00:00+00:00,1086555.4761452647,7.936507936500373e-05,0.0,86.22771812913776,0.0,-0.021908911591409286
2024-08-29 00:00:00+00:00,1086641.7107068636,7.936507936510624e-05,0.0,86.23456159883052,0.0,-0.021760221980974492
2024-08-30 00:00:00+00:00,1086727.9521124752,7.936507936505093e-05,0.0,86.24140561165584,0.0,-0.020160881964409683
2024-09-03 00:00:00+00:00,1086814.2003626428,7.936507936501246e-05,0.0,86.24825016765676,0.0,-0.02183545783721641
2024-09-04 00:00:00+00:00,1086900.4554579097,7.936507936516537e-05,0.0,86.25509526687641,0.0,-0.023363504213641306
2024-09-05 00:00:00+00:00,1086986.717398819,7.93650793650415e-05,0.0,86.26194090935792,0.0,-0.021338799817844034
2024-09-06 00:00:00+00:00,1087072.9861859141,7.93650793650297e-05,0.0,86.26878709514438,0.0,-0.02301402815838749
2024-09-09 00:00:00+00:00,1087159.2618197384,7.936507936509022e-05,0.0,86.2756338242789,0.0,-0.021401784704459637
2024-09-10 00:00:00+00:00,1087245.5443008353,7.936507936518342e-05,0.0,86.28248109680463,0.0,-0.0221422834645697
2024-09-11 00:00:00+00:00,1087331.833629748,7.936507936505546e-05,0.0,86.28932891276472,0.0,-0.021657407031328013
2024-09-12 00:00:00+00:00,1087418.1298070203,7.936507936509498e-05,0.0,86.29617727220223,0.0,-0.02054500543707416
2024-09-13 00:00:00+00:00,1087504.4328331954,7.936507936504818e-05,0.0,86.30302617516034,0.0,-0.0221367590350523
2024-09-16 00:00:00+00:00,1087590.7427088171,7.936507936508952e-05,0.0,86.30987562168218,0.0,-0.022344581892956406
2024-09-17 00:00:00+00:00,1087677.059434429,7.936507936517927e-05,0.0,86.31672561181088,0.0,-0.020904994033032587
2024-09-18 00:00:00+00:00,1087763.3830105746,7.936507936506371e-05,0.0,86.32357614558961,0.0,-0.02104069163506672
2024-09-19 00:00:00+00:00,1087849.7134377977,7.936507936513135e-05,0.0,86.33042722306148,0.0,-0.022560976622117757
2024-09-20 00:00:00+00:00,1087936.050716642,7.93650793651284e-05,0.0,86.33727884426966,0.0,-0.024186298625850533
2024-09-23 00:00:00+00:00,1088022.3948476512,7.936507936501525e-05,0.0,86.34413100925731,0.0,-0.025136024543927604
2024-09-24 00:00:00+00:00,1088108.7458313694,7.936507936518024e-05,0.0,86.35098371806755,0.0,-0.025168175066248466
2024-09-25 00:00:00+00:00,1088195.1036683402,7.936507936515565e-05,0.0,86.3578369707436,0.0,-0.020372577418977578
2024-09-26 00:00:00+00:00,1088281.4683591076,7.936507936511586e-05,0.0,86.3646907673286,0.0,-0.02192037847053463
2024-09-27 00:00:00+00:00,1088367.8399042154,7.93650793650212e-05,0.0,86.37154510786569,0.0,-0.022365965125966447
2024-09-30 00:00:00+00:00,1088454.2183042078,7.936507936504593e-05,0.0,86.37839999239804,0.0,-0.020262596081232154
2024-10-01 00:00:00+00:00,1088540.6035596288,7.936507936515038e-05,0.0,86.38525542096887,0.0,-0.016322689387190614
2024-10-02 00:00:00+00:00,1088626.9956710225,7.936507936508094e-05,0.0,86.39211139362133,0.0,-0.01787663648568305
2024-10-03 00:00:00+00:00,1088713.3946389328,7.936507936501189e-05,0.0,86.39896791039861,0.0,-0.017886599456987007
2024-10-04 00:00:00+00:00,1088799.8004639042,7.936507936511742e-05,0.0,86.40582497134388,0.0,-0.01873399272723386
2024-10-07 00:00:00+00:00,1088886.2131464807,7.936507936514396e-05,0.0,86.41268257650033,0.0,-0.016709711777060043
2024-10-08 00:00:00+00:00,1088972.6326872066,7.936507936505187e-05,0.0,86.41954072591118,0.0,-0.017774164919946323
2024-10-09 00:00:00+00:00,1089059.0590866262,7.936507936501534e-05,0.0,86.42639941961957,0.0,-0.0166982356111518
2024-10-10 00:00:00+00:00,1089145.4923452837,7.936507936499468e-05,0.0,86.43325865766874,0.0,-0.01707962791842821
2024-10-11 00:00:00+00:00,1089231.932463724,7.936507936516399e-05,0.0,86.44011844010188,0.0,-0.018624219025533684
2024-10-14 00:00:00+00:00,1089318.3794424909,7.936507936505604e-05,0.0,86.44697876696222,0.0,-0.017852574538387067
2024-10-15 00:00:00+00:00,1089404.8332821291,7.936507936505872e-05,0.0,86.45383963829292,0.0,-0.016345333054677447
2024-10-16 00:00:00+00:00,1089491.2939831833,7.936507936513234e-05,0.0,86.46070105413723,0.0,-0.0195128732413119
2024-10-17 00:00:00+00:00,1089577.7615461978,7.93650793650235e-05,0.0,86.46756301453836,0.0,-0.01715994579967184
2024-10-18 00:00:00+00:00,1089664.2359717174,7.936507936511997e-05,0.0,86.47442551953951,0.0,-0.016914408864104225
2024-10-21 00:00:00+00:00,1089750.7172602867,7.936507936516835e-05,0.0,86.48128856918392,0.0,-0.017823888106727637
2024-10-22 00:00:00+00:00,1089837.2054124502,7.936507936512898e-05,0.0,86.48815216351481,0.0,-0.016885460831509214
2024-10-23 00:00:00+00:00,1089923.700428753,7.936507936517587e-05,0.0,86.49501630257542,0.0,-0.01721090856213703
2024-10-24 00:00:00+00:00,1090010.2023097393,7.936507936505572e-05,0.0,86.50188098640896,0.0,-0.017862615258033898
2024-10-25 00:00:00+00:00,1090096.7110559545,7.93650793651561e-05,0.0,86.50874621505868,0.0,-0.01868000554410365
2024-10-28 00:00:00+00:00,1090183.226667943,7.93650793650101e-05,0.0,86.51561198856781,0.0,-0.017838033314479418
2024-10-29 00:00:00+00:00,1090269.7491462498,7.936507936500529e-05,0.0,86.5224783069796,0.0,-0.017518611496265102
2024-10-30 00:00:00+00:00,1090356.2784914202,7.936507936510196e-05,0.0,86.5293451703373,0.0,-0.019696866839428395
2024-10-31 00:00:00+00:00,1090442.8147039989,7.936507936504687e-05,0.0,86.53621257868414,0.0,-0.01773845227918347
2024-11-01 00:00:00+00:00,1090529.3577845308,7.93650793650139e-05,0.0,86.5430805320634,0.0,-0.020296427014061535
2024-11-04 00:00:00+00:00,1090615.9077335615,7.936507936517692e-05,0.0,86.54994903051832,0.0,-0.01780637709559052
2024-11-05 00:00:00+00:00,1090702.4645516356,7.93650793650692e-05,0.0,86.55681807409218,0.0,-0.0179777627540485
2024-11-06 00:00:00+00:00,1090789.0282392984,7.93650793650781e-05,0.0,86.56368766282822,0.0,-0.017991387379490575
2024-11-07 00:00:00+00:00,1090875.5987970952,7.936507936516395e-05,0.0,86.57055779676972,0.0,-0.01756398849111651
2024-11-08 00:00:00+00:00,1090962.1762255712,7.936507936507359e-05,0.0,86.57742847595993,0.0,-0.01862248274957068
2024-11-11 00:00:00+00:00,1091048.7605252715,7.936507936498084e-05,0.0,86.58429970044216,0.0,-0.01828781727887918
2024-11-12 00:00:00+00:00,1091135.3516967418,7.936507936505943e-05,0.0,86.59117147025964,0.0,-0.017930279834819984
2024-11-13 00:00:00+00:00,1091221.9497405272,7.936507936505627e-05,0.0,86.5980437854557,0.0,-0.018024225692365725
2024-11-14 00:00:00+00:00,1091308.5546571733,7.936507936514507e-05,0.0,86.60491664607359,0.0,-0.018858170551824927
2024-11-15 00:00:00+00:00,1091395.1664472255,7.936507936507279e-05,0.0,86.61179005215662,0.0,-0.016688547429775547
2024-11-18 00:00:00+00:00,1091481.7851112292,7.936507936501316e-05,0.0,86.61866400374805,0.0,-0.017599705157698153
2024-11-19 00:00:00+00:00,1091568.4106497301,7.936507936513982e-05,0.0,86.62553850089121,0.0,-0.017755131344292074
2024-11-20 00:00:00+00:00,1091655.0430632737,7.936507936498645e-05,0.0,86.63241354362937,0.0,-0.01751993294993781
2024-11-21 00:00:00+00:00,1091741.6823524057,7.936507936515331e-05,0.0,86.63928913200584,0.0,-0.017728215490003585
2024-11-22 00:00:00+00:00,1091828.328517672,7.93650793651741e-05,0.0,86.64616526606395,0.0,-0.01744528221924746
2024-11-25 00:00:00+00:00,1091914.9815596177,7.936507936500922e-05,0.0,86.65304194584698,0.0,-0.021869267348104238
2024-11-26 00:00:00+00:00,1092001.641478789,7.93650793650455e-05,0.0,86.65991917139823,0.0,-0.01790756249847547
2024-11-27 00:00:00+00:00,1092088.3082757317,7.936507936503002e-05,0.0,86.66679694276104,0.0,-0.01733406027135409
2024-11-29 00:00:00+00:00,1092174.9819509918,7.936507936513631e-05,0.0,86.67367525997871,0.0,-0.016839101258360856
2024-12-02 00:00:00+00:00,1092261.662505115,7.936507936511151e-05,0.0,86.68055412309458,0.0,-0.01807594505432064
2024-12-03 00:00:00+00:00,1092348.3499386471,7.936507936512914e-05,0.0,86.68743353215197,0.0,-0.01744590062811824
2024-12-04 00:00:00+00:00,1092435.0442521344,7.936507936514951e-05,0.0,86.69431348719422,0.0,-0.017927656722458885
2024-12-05 00:00:00+00:00,1092521.7454461227,7.936507936513299e-05,0.0,86.70119398826463,0.0,-0.017916152651048733
2024-12-06 00:00:00+00:00,1092608.453521158,7.936507936503989e-05,0.0,86.70807503540657,0.0,-0.01909281679294139
2024-12-09 00:00:00+00:00,1092695.1684777867,7.936507936504368e-05,0.0,86.71495662866334,0.0,-0.01804073649807325
2024-12-10 00:00:00+00:00,1092781.8903165548,7.936507936510467e-05,0.0,86.72183876807831,0.0,-0.018062542896759126
2024-12-11 00:00:00+00:00,1092868.6190380086,7.936507936518315e-05,0.0,86.72872145369483,0.0,-0.01804426985868446
2024-12-12 00:00:00+00:00,1092955.3546426941,7.936507936502644e-05,0.0,86.73560468555624,0.0,-0.017724195105416563
2024-12-13 00:00:00+00:00,1093042.0971311578,7.936507936502098e-05,0.0,86.74248846370588,0.0,-0.018223414439138885
2024-12-16 00:00:00+00:00,1093128.846503946,7.936507936512707e-05,0.0,86.74937278818712,0.0,-0.01770243027712226
2024-12-17 00:00:00+00:00,1093215.602761605,7.936507936509201e-05,0.0,86.75625765904333,0.0,-0.014602902910287874
2024-12-18 00:00:00+00:00,1093302.3659046814,7.936507936508915e-05,0.0,86.76314307631786,0.0,-0.014659610687598246
2024-12-19 00:00:00+00:00,1093389.1359337214,7.936507936507882e-05,0.0,86.77002904005408,0.0,-0.014215480199857744
2024-12-20 00:00:00+00:00,1093475.9128492717,7.936507936502136e-05,0.0,86.77691555029536,0.0,-0.01570928784643222
2024-12-23 00:00:00+00:00,1093562.6966518788,7.936507936509004e-05,0.0,86.78380260708505,0.0,-0.018626053437591494
2024-12-24 00:00:00+00:00,1093649.4873420892,7.936507936503226e-05,0.0,86.79069021046656,0.0,-0.01905073374133437
2024-12-26 00:00:00+00:00,1093736.2849204496,7.936507936502127e-05,0.0,86.79757836048327,0.0,-0.017525614821360946
2024-12-27 00:00:00+00:00,1093823.0893875067,7.936507936501738e-05,0.0,86.80446705717854,0.0,-0.018205511377170858
2024-12-30 00:00:00+00:00,1093909.9007438072,7.936507936498095e-05,0.0,86.81135630059578,0.0,-0.017684948534691713
2024-12-31 00:00:00+00:00,1093996.718989898,7.936507936508514e-05,0.0,86.81824609077835,0.0,-0.018880404488132996
2025-01-02 00:00:00+00:00,1094083.5441263258,7.936507936507744e-05,0.0,86.82513642776968,0.0,-0.016031967431540117
2025-01-03 00:00:00+00:00,1094170.3761536374,7.936507936513101e-05,0.0,86.83202731161316,0.0,-0.01584008542914983
2025-01-06 00:00:00+00:00,1094257.2150723797,7.936507936499339e-05,0.0,86.83891874235218,0.0,-0.016088551044858512
2025-01-07 00:00:00+00:00,1094344.0608830997,7.936507936505051e-05,0.0,86.84581072003013,0.0,-0.015633387513669383
2025-01-08 00:00:00+00:00,1094430.9135863443,7.936507936504989e-05,0.0,86.85270324469045,0.0,-0.016127664829233446
2025-01-10 00:00:00+00:00,1094517.7731826608,7.936507936516461e-05,0.0,86.85959631637654,0.0,-0.01622718986968863
2025-01-13 00:00:00+00:00,1094604.639672596,7.936507936514228e-05,0.0,86.86648993513181,0.0,-0.016189880607851315
2025-01-14 00:00:00+00:00,1094691.513056697,7.936507936515594e-05,0.0,86.87338410099969,0.0,-0.016793620876356385
2025-01-15 00:00:00+00:00,1094778.3933355112,7.936507936516594e-05,0.0,86.88027881402358,0.0,-0.016186170285103607
2025-01-16 00:00:00+00:00,1094865.2805095855,7.936507936513261e-05,0.0,86.88717407424691,0.0,-0.015622792967352694
2025-01-17 00:00:00+00:00,1094952.1745794672,7.93650793650163e-05,0.0,86.89406988171314,0.0,-0.01521098440573887
2025-01-21 00:00:00+00:00,1095039.0755457035,7.936507936499003e-05,0.0,86.90096623646565,0.0,-0.015979899649074092
2025-01-22 00:00:00+00:00,1095125.983408842,7.936507936501406e-05,0.0,86.9078631385479,0.0,-0.016117481351037632
2025-01-23 00:00:00+00:00,1095212.89816943,7.936507936504874e-05,0.0,86.91476058800333,0.0,-0.016051847976206624
2025-01-24 00:00:00+00:00,1095299.8198280148,7.936507936505439e-05,0.0,86.92165858487539,0.0,-0.015222724954341516
2025-01-27 00:00:00+00:00,1095386.748385144,7.936507936499137e-05,0.0,86.92855712920752,0.0,-0.015534437562426895
2025-01-28 00:00:00+00:00,1095473.683841365,7.936507936503257e-05,0.0,86.93545622104317,0.0,-0.015996813913242924
2025-01-29 00:00:00+00:00,1095560.6261972254,7.93650793651383e-05,0.0,86.94235586042579,0.0,-0.01577452177052674
2025-01-30 00:00:00+00:00,1095647.5754532728,7.936507936505635e-05,0.0,86.94925604739885,0.0,-0.016232842521204383
2025-01-31 00:00:00+00:00,1095734.531610055,7.936507936517215e-05,0.0,86.95615678200578,0.0,-0.017687408161144447
2025-02-03 00:00:00+00:00,1095821.4946681191,7.936507936502095e-05,0.0,86.96305806429007,0.0,-0.01649331312947311
2025-02-04 00:00:00+00:00,1095908.4646280133,7.936507936498814e-05,0.0,86.96995989429517,0.0,-0.016033870510232973
2025-02-05 00:00:00+00:00,1095995.4414902853,7.9365079365034e-05,0.0,86.97686227206455,0.0,-0.015778900045840594
2025-02-06 00:00:00+00:00,1096082.425255483,7.936507936511887e-05,0.0,86.98376519764169,0.0,-0.016053834140556056
2025-02-07 00:00:00+00:00,1096169.415924154,7.936507936499062e-05,0.0,86.99066867107008,0.0,-0.016494261908317043
2025-02-10 00:00:00+00:00,1096256.4134968463,7.936507936503448e-05,0.0,86.99757269239318,0.0,-0.01791126123187947
2025-02-11 00:00:00+00:00,1096343.417974108,7.936507936499832e-05,0.0,87.00447726165447,0.0,-0.015972618788119064
2025-02-12 00:00:00+00:00,1096430.4293564868,7.936507936505489e-05,0.0,87.01138237889745,0.0,-0.015580754917445816
2025-02-13 00:00:00+00:00,1096517.447644531,7.936507936516449e-05,0.0,87.01828804416562,0.0,-0.016262296281013278
2025-02-14 00:00:00+00:00,1096604.4728387885,7.93650793650751e-05,0.0,87.02519425750246,0.0,-0.016065659635912333
2025-02-18 00:00:00+00:00,1096691.5049398076,7.936507936517175e-05,0.0,87.03210101895147,0.0,-0.0160891690794438
2025-02-19 00:00:00+00:00,1096778.543948136,7.936507936499014e-05,0.0,87.03900832855615,0.0,-0.016281645222664842
2025-02-20 00:00:00+00:00,1096865.5898643225,7.93650793651275e-05,0.0,87.04591618636,0.0,-0.016241365713327127
2025-02-21 00:00:00+00:00,1096952.642688915,7.936507936511956e-05,0.0,87.05282459240654,0.0,-0.01697835844660034
2025-02-24 00:00:00+00:00,1097039.7024224617,7.936507936513894e-05,0.0,87.05973354673928,0.0,-0.015196158248325098
2025-02-25 00:00:00+00:00,1097126.7690655112,7.936507936514599e-05,0.0,87.06664304940172,0.0,-0.015921766589283237
2025-02-26 00:00:00+00:00,1097213.8426186116,7.936507936510101e-05,0.0,87.0735531004374,0.0,-0.01498592692921541
2025-02-27 00:00:00+00:00,1097300.9230823116,7.936507936517658e-05,0.0,87.08046369988982,0.0,-0.015835064322701875
2025-02-28 00:00:00+00:00,1097388.0104571595,7.93650793651208e-05,0.0,87.08737484780251,0.0,-0.015511167278306814
2025-03-03 00:00:00+00:00,1097475.1047437037,7.936507936510621e-05,0.0,87.094286544219,0.0,-0.01677977507445405
2025-03-04 00:00:00+00:00,1097562.205942493,7.936507936509313e-05,0.0,87.10119878918283,0.0,-0.01611830429386618
2025-03-05 00:00:00+00:00,1097649.3140540756,7.936507936504192e-05,0.0,87.10811158273754,0.0,-0.016092670853097957
2025-03-06 00:00:00+00:00,1097736.4290790006,7.936507936512502e-05,0.0,87.11502492492664,0.0,-0.016451178797908916
2025-03-07 00:00:00+00:00,1097823.5510178164,7.936507936509063e-05,0.0,87.1219388157937,0.0,-0.017781454099251803
2025-03-10 00:00:00+00:00,1097910.6798710718,7.93650793651112e-05,0.0,87.12885325538225,0.0,-0.014392843376931808
2025-03-11 00:00:00+00:00,1097997.8156393156,7.936507936514705e-05,0.0,87.13576824373585,0.0,-0.015163865083622774
2025-03-12 00:00:00+00:00,1098084.9583230966,7.93650793651585e-05,0.0,87.14268378089807,0.0,-0.011658246106833303
2025-03-13 00:00:00+00:00,1098172.1079229636,7.93650793651059e-05,0.0,87.14959986691242,0.0,-0.0156658879185283
2025-03-14 00:00:00+00:00,1098259.2644394655,7.936507936516163e-05,0.0,87.15651650182251,0.0,-0.0168129367811769
2025-03-17 00:00:00+00:00,1098346.4278731511,7.936507936507398e-05,0.0,87.16343368567186,0.0,-0.015987245544015316
2025-03-18 00:00:00+00:00,1098433.5982245696,7.936507936501532e-05,0.0,87.17035141850405,0.0,-0.012337172568548382
2025-03-19 00:00:00+00:00,1098520.77549427,7.936507936515793e-05,0.0,87.17726970036267,0.0,-0.012536923300588754
2025-03-20 00:00:00+00:00,1098607.9596828013,7.936507936503819e-05,0.0,87.18418853129127,0.0,-0.011650887156214651
2025-03-21 00:00:00+00:00,1098695.1507907126,7.936507936504037e-05,0.0,87.19110791133343,0.0,-0.015045448067653844
2025-03-24 00:00:00+00:00,1098782.3488185531,7.936507936512479e-05,0.0,87.19802784053275,0.0,-0.01595048914455699
2025-03-25 00:00:00+00:00,1098869.553766872,7.936507936503985e-05,0.0,87.2049483189328,0.0,-0.015454071514593437
2025-03-26 00:00:00+00:00,1098956.7656362187,7.936507936516968e-05,0.0,87.21186934657715,0.0,-0.013716552294633644
2025-03-27 00:00:00+00:00,1099043.9844271422,7.936507936505085e-05,0.0,87.21879092350942,0.0,-0.01641236602821916
2025-03-28 00:00:00+00:00,1099131.210140192,7.936507936506744e-05,0.0,87.22571304977319,0.0,-0.01789452347389897
2025-03-31 00:00:00+00:00,1099218.4427759175,7.936507936517976e-05,0.0,87.23263572541205,0.0,-0.01563297329118285
2025-04-01 00:00:00+00:00,1099305.682334868,7.93650793651363e-05,0.0,87.23955895046964,0.0,-0.016433443989062546
2025-04-02 00:00:00+00:00,1099392.928817593,7.936507936510923e-05,0.0,87.24648272498952,0.0,-0.014121993905398256
2025-04-03 00:00:00+00:00,1099480.182224642,7.936507936505889e-05,0.0,87.25340704901532,0.0,-0.015645385286890523
2025-04-04 00:00:00+00:00,1099567.4425565647,7.936507936515739e-05,0.0,87.26033192259064,0.0,-0.013982586014908982
2025-04-07 00:00:00+00:00,1099654.7098139105,7.936507936515324e-05,0.0,87.2672573457591,0.0,-0.014122406163544099
2025-04-08 00:00:00+00:00,1099741.983997229,7.936507936500685e-05,0.0,87.27418331856433,0.0,-0.012605958107390514
2025-04-09 00:00:00+00:00,1099829.26510707,7.936507936510198e-05,0.0,87.28110984104993,0.0,-0.014538671976654705
2025-04-10 00:00:00+00:00,1099916.5531439832,7.936507936497554e-05,0.0,87.28803691325953,0.0,-0.014793520373854285
2025-04-11 00:00:00+00:00,1100003.8481085184,7.936507936501126e-05,0.0,87.29496453523676,0.0,-0.01397966263700745
2025-04-14 00:00:00+00:00,1100091.1500012255,7.936507936516944e-05,0.0,87.30189270702527,0.0,-0.015604136049710782
2025-04-15 00:00:00+00:00,1100178.458822654,7.936507936498709e-05,0.0,87.3088214286687,0.0,-0.01454285725437554
2025-04-16 00:00:00+00:00,1100265.7745733543,7.936507936505951e-05,0.0,87.31575070021064,0.0,-0.014809856531055487
2025-04-17 00:00:00+00:00,1100353.097253876,7.936507936513538e-05,0.0,87.32268052169478,0.0,-0.014954566296154326
2025-04-21 00:00:00+00:00,1100440.4268647693,7.9365079365175e-05,0.0,87.32961089316477,0.0,-0.014325266850208074
2025-04-22 00:00:00+00:00,1100527.763406584,7.936507936513874e-05,0.0,87.33654181466423,0.0,-0.014044643583418726
2025-04-23 00:00:00+00:00,1100615.1068798702,7.936507936498695e-05,0.0,87.34347328623683,0.0,-0.014210817645770923
2025-04-24 00:00:00+00:00,1100702.4572851781,7.936507936510308e-05,0.0,87.35040530792621,0.0,-0.015325836562414707
2025-04-25 00:00:00+00:00,1100789.8146230578,7.936507936502436e-05,0.0,87.35733787977604,0.0,-0.014639717409102637
2025-04-28 00:00:00+00:00,1100877.1788940597,7.936507936513416e-05,0.0,87.36427100182999,0.0,-0.01431482773094217
2025-04-29 00:00:00+00:00,1100964.550098734,7.936507936518128e-05,0.0,87.37120467413172,0.0,-0.014576594011762367
2025-04-30 00:00:00+00:00,1101051.9282376308,7.93650793651261e-05,0.0,87.37813889672492,0.0,-0.015064442761408614
2025-05-01 00:00:00+00:00,1101139.3133113005,7.93650793651404e-05,0.0,87.38507366965324,0.0,-0.01602352955075581
2025-05-02 00:00:00+00:00,1101226.7053202935,7.936507936518453e-05,0.0,87.39200899296036,0.0,-0.015778235074873415
2025-05-05 00:00:00+00:00,1101314.1042651602,7.936507936500737e-05,0.0,87.39894486668996,0.0,-0.016159379213324776
2025-05-06 00:00:00+00:00,1101401.510146451,7.936507936499217e-05,0.0,87.40588129088573,0.0,-0.014882384488094758
2025-05-07 00:00:00+00:00,1101488.9229647166,7.936507936509918e-05,0.0,87.41281826559134,0.0,-0.014823069822932133
2025-05-08 00:00:00+00:00,1101576.3427205074,7.936507936507733e-05,0.0,87.41975579085052,0.0,-0.014700465006688646
2025-05-09 00:00:00+00:00,1101663.7694143741,7.936507936509837e-05,0.0,87.42669386670694,0.0,-0.013425684573519447
2025-05-12 00:00:00+00:00,1101751.2030468674,7.936507936512261e-05,0.0,87.4336324932043,0.0,-0.015097118495114081
2025-05-13 00:00:00+00:00,1101838.6436185378,7.936507936511037e-05,0.0,87.4405716703863,0.0,-0.015069971126444592
2025-05-14 00:00:00+00:00,1101926.091129936,7.936507936502202e-05,0.0,87.44751139829665,0.0,-0.015059547368405646
2025-05-15 00:00:00+00:00,1102013.545581613,7.936507936502921e-05,0.0,87.45445167697905,0.0,-0.015208036944594383
2025-05-16 00:00:00+00:00,1102101.0069741195,7.936507936509223e-05,0.0,87.46139250647722,0.0,-0.01667409723790403
2025-05-19 00:00:00+00:00,1102188.4753080064,7.93650793651714e-05,0.0,87.46833388683488,0.0,-0.016451841326531103
2025-05-20 00:00:00+00:00,1102275.9505838244,7.93650793650158e-05,0.0,87.47527581809574,0.0,-0.014471957994718565
2025-05-21 00:00:00+00:00,1102363.4328021246,7.936507936500832e-05,0.0,87.48221830030353,0.0,-0.014938371336223
2025-05-22 00:00:00+00:00,1102450.9219634582,7.936507936510922e-05,0.0,87.48916133350195,0.0,-0.014664276254016784
2025-05-23 00:00:00+00:00,1102538.418068376,7.936507936506761e-05,0.0,87.49610491773478,0.0,-0.014855652496446936
2025-05-27 00:00:00+00:00,1102625.921117429,7.936507936505507e-05,0.0,87.5030490530457,0.0,-0.014880944260466933
2025-05-28 00:00:00+00:00,1102713.4311111683,7.936507936503189e-05,0.0,87.50999373947849,0.0,-0.014019845620175886
2025-05-29 00:00:00+00:00,1102800.9480501455,7.936507936516957e-05,0.0,87.51693897707685,0.0,-0.017012119397408654
2025-05-30 00:00:00+00:00,1102888.4719349113,7.936507936500614e-05,0.0,87.52388476588456,0.0,-0.015454240969795308
2025-06-02 00:00:00+00:00,1102976.0027660173,7.936507936513536e-05,0.0,87.53083110594534,0.0,-0.015250940134877489
2025-06-03 00:00:00+00:00,1103063.5405440147,7.936507936509528e-05,0.0,87.53777799730297,0.0,-0.015158049829856246
2025-06-04 00:00:00+00:00,1103151.0852694546,7.936507936505737e-05,0.0,87.54472544000116,0.0,-0.01630074984475538
2025-06-05 00:00:00+00:00,1103238.6369428886,7.936507936498196e-05,0.0,87.5516734340837,0.0,-0.015932966101434687
2025-06-06 00:00:00+00:00,1103326.1955648682,7.936507936504044e-05,0.0,87.55862197959434,0.0,-0.014824805758728132
2025-06-09 00:00:00+00:00,1103413.7611359446,7.936507936498207e-05,0.0,87.56557107657684,0.0,-0.015255942025329539
2025-06-10 00:00:00+00:00,1103501.3336566696,7.936507936497825e-05,0.0,87.57252072507497,0.0,-0.016283532391653033
2025-06-11 00:00:00+00:00,1103588.9131275946,7.936507936498927e-05,0.0,87.57947092513251,0.0,-0.015485403301109812
2025-06-12 00:00:00+00:00,1103676.4995492713,7.936507936497548e-05,0.0,87.58642167679322,0.0,-0.01732830902293081
2025-06-13 00:00:00+00:00,1103764.0929222514,7.936507936510818e-05,0.0,87.5933729801009,0.0,-0.014417848508487374
2025-06-16 00:00:00+00:00,1103851.6932470866,7.93650793651367e-05,0.0,87.60032483509931,0.0,-0.01217750105516302
2025-06-17 00:00:00+00:00,1103939.3005243284,7.936507936502143e-05,0.0,87.60727724183226,0.0,-0.01241291540264644
2025-06-18 00:00:00+00:00,1104026.9147545288,7.936507936514455e-05,0.0,87.61423020034353,0.0,-0.01182620710662352
2025-06-20 00:00:00+00:00,1104114.5359382394,7.936507936504454e-05,0.0,87.62118371067689,0.0,-0.014358808591375727
2025-06-23 00:00:00+00:00,1104202.1640760123,7.936507936510354e-05,0.0,87.62813777287614,0.0,-0.01540249297629348
2025-06-24 00:00:00+00:00,1104289.7991683993,7.936507936507102e-05,0.0,87.63509238698511,0.0,-0.014660751038704234
2025-06-25 00:00:00+00:00,1104377.4412159524,7.936507936511814e-05,0.0,87.64204755304756,0.0,-0.014660029330330282
2025-06-26 00:00:00+00:00,1104465.0902192234,7.93650793649944e-05,0.0,87.64900327110733,0.0,-0.015746704228528863
2025-06-27 00:00:00+00:00,1104552.7461787646,7.93650793650818e-05,0.0,87.6559595412082,0.0,-0.016029873608042422
2025-06-30 00:00:00+00:00,1104640.409095128,7.936507936512983e-05,0.0,87.66291636339402,0.0,-0.01440620560457262
2025-07-01 00:00:00+00:00,1104728.0789688658,7.936507936509884e-05,0.0,87.66987373770857,0.0,-0.015019500899435378
2025-07-02 00:00:00+00:00,1104815.75580053,7.936507936515992e-05,0.0,87.6768316641957,0.0,-0.015422012774306992
2025-07-03 00:00:00+00:00,1104903.439590673,7.936507936506265e-05,0.0,87.68379014289921,0.0,-0.014821012873192707
2025-07-07 00:00:00+00:00,1104991.1303398467,7.936507936497815e-05,0.0,87.69074917386294,0.0,-0.01455757080319664
2025-07-08 00:00:00+00:00,1105078.8280486038,7.936507936507744e-05,0.0,87.6977087571307,0.0,-0.014716611337567187
2025-07-09 00:00:00+00:00,1105166.5327174966,7.936507936511012e-05,0.0,87.70466889274634,0.0,-0.014715827796826453
2025-07-10 00:00:00+00:00,1105254.2443470773,7.936507936503653e-05,0.0,87.7116295807537,0.0,-0.015038513426306466
2025-07-11 00:00:00+00:00,1105341.9629378985,7.93650793650277e-05,0.0,87.71859082119661,0.0,-0.01497530579144346
2025-07-14 00:00:00+00:00,1105429.6884905125,7.936507936504395e-05,0.0,87.72555261411893,0.0,-0.014378345783446989
2025-07-15 00:00:00+00:00,1105517.421005472,7.936507936504562e-05,0.0,87.73251495956448,0.0,-0.01508249992106947
2025-07-16 00:00:00+00:00,1105605.1604833296,7.936507936499302e-05,0.0,87.73947785757714,0.0,-0.014846281457344013
2025-07-17 00:00:00+00:00,1105692.9069246377,7.93650793650571e-05,0.0,87.74644130820076,0.0,-0.014247244029927941
2025-07-18 00:00:00+00:00,1105780.660329949,7.93650793649876e-05,0.0,87.75340531147918,0.0,-0.014632624099838232
2025-07-21 00:00:00+00:00,1105868.4206998167,7.936507936516599e-05,0.0,87.76036986745628,0.0,-0.014768792770956551
2025-07-22 00:00:00+00:00,1105956.188034793,7.936507936513146e-05,0.0,87.76733497617593,0.0,-0.014824395484080988
2025-07-23 00:00:00+00:00,1106043.9623354306,7.936507936505494e-05,0.0,87.77430063768197,0.0,-0.0147099590840849
2025-07-24 00:00:00+00:00,1106131.7436022826,7.936507936510727e-05,0.0,87.78126685201829,0.0,-0.0146116148988229
2025-07-25 00:00:00+00:00,1106219.5318359018,7.936507936503825e-05,0.0,87.78823361922878,0.0,-0.014445646499305909
2025-07-28 00:00:00+00:00,1106307.327036841,7.936507936501874e-05,0.0,87.79520093935729,0.0,-0.014837328789520043
2025-07-29 00:00:00+00:00,1106395.1292056534,7.936507936500907e-05,0.0,87.8021688124477,0.0,-0.01517707747944641
2025-07-30 00:00:00+00:00,1106482.938342892,7.936507936517998e-05,0.0,87.80913723854393,0.0,-0.014985432326857229
2025-07-31 00:00:00+00:00,1106570.7544491098,7.936507936507091e-05,0.0,87.81610621768985,0.0,-0.014695781812630315
2025-08-01 00:00:00+00:00,1106658.5775248597,7.936507936506312e-05,0.0,87.82307574992934,0.0,-0.015177051543108888
2025-08-04 00:00:00+00:00,1106746.407570695,7.936507936511688e-05,0.0,87.83004583530632,0.0,-0.015070685678935547
2025-08-05 00:00:00+00:00,1106834.2445871688,7.936507936498215e-05,0.0,87.83701647386468,0.0,-0.015016838755002482
2025-08-06 00:00:00+00:00,1106922.0885748344,7.936507936504005e-05,0.0,87.84398766564831,0.0,-0.015154899295181323
2025-08-07 00:00:00+00:00,1107009.939534245,7.936507936504048e-05,0.0,87.85095941070114,0.0,-0.014873580455604163
2025-08-08 00:00:00+00:00,1107097.7974659542,7.936507936515415e-05,0.0,87.85793170906707,0.0,-0.014643845326970606
2025-08-11 00:00:00+00:00,1107185.662370515,7.936507936513103e-05,0.0,87.86490456079002,0.0,-0.014767419795603587
2025-08-12 00:00:00+00:00,1107273.534248481,7.936507936514179e-05,0.0,87.8718779659139,0.0,-0.014809071896994652
2025-08-13 00:00:00+00:00,1107361.4131004056,7.936507936514675e-05,0.0,87.87885192448262,0.0,-0.014970563770118517
2025-08-14 00:00:00+00:00,1107449.2989268422,7.936507936510627e-05,0.0,87.88582643654013,0.0,-0.014860621423594012
2025-08-15 00:00:00+00:00,1107537.1917283442,7.936507936498068e-05,0.0,87.89280150213033,0.0,-0.014605054134372963
2025-08-18 00:00:00+00:00,1107625.0915054656,7.936507936515077e-05,0.0,87.89977712129716,0.0,-0.014822014047637389
2025-08-19 00:00:00+00:00,1107712.9982587597,7.936507936515641e-05,0.0,87.90675329408457,0.0,-0.015825381921158233
2025-08-20 00:00:00+00:00,1107800.9119887804,7.936507936516815e-05,0.0,87.91373002053649,0.0,-0.015148422602220712
2025-08-21 00:00:00+00:00,1107888.8326960811,7.936507936514631e-05,0.0,87.92070730069686,0.0,-0.014136238643595256
2025-08-22 00:00:00+00:00,1107976.7603812157,7.936507936505128e-05,0.0,87.92768513460962,0.0,-0.01546100714984977
2025-08-25 00:00:00+00:00,1108064.695044738,7.936507936505352e-05,0.0,87.9346635223187,0.0,-0.01507283033752227
2025-08-26 00:00:00+00:00,1108152.636687202,7.936507936511334e-05,0.0,87.94164246386809,0.0,-0.014981234158106815
2025-08-27 00:00:00+00:00,1108240.585309161,7.936507936498095e-05,0.0,87.94862195930173,0.0,-0.015573998449397664
2025-08-28 00:00:00+00:00,1108328.5409111697,7.936507936503693e-05,0.0,87.95560200866358,0.0,-0.01485884844398555
2025-08-29 00:00:00+00:00,1108416.5034937817,7.936507936503148e-05,0.0,87.9625826119976,0.0,-0.014846306334368009
2025-09-02 00:00:00+00:00,1108504.473057551,7.936507936513501e-05,0.0,87.96956376934776,0.0,-0.015082424020510743
2025-09-03 00:00:00+00:00,1108592.4496030319,7.936507936509778e-05,0.0,87.97654548075802,0.0,-0.015039991346431414
2025-09-04 00:00:00+00:00,1108680.4331307781,7.93650793650902e-05,0.0,87.98352774627237,0.0,-0.015099892793832836
2025-09-05 00:00:00+00:00,1108768.423641344,7.936507936507258e-05,0.0,87.99051056593477,0.0,-0.01564335317102472
2025-09-08 00:00:00+00:00,1108856.4211352838,7.936507936500527e-05,0.0,87.99749393978921,0.0,-0.01482509726933845
2025-09-09 00:00:00+00:00,1108944.4256131516,7.936507936505859e-05,0.0,88.00447786787966,0.0,-0.01519860692755337
2025-09-10 00:00:00+00:00,1109032.4370755018,7.936507936498287e-05,0.0,88.01146235025013,0.0,-0.015220512592296842
2025-09-11 00:00:00+00:00,1109120.4555228888,7.936507936515838e-05,0.0,88.01844738694459,0.0,-0.015087753207128074
2025-09-12 00:00:00+00:00,1109208.4809558669,7.936507936512551e-05,0.0,88.02543297800705,0.0,-0.015590442115678727
2025-09-15 00:00:00+00:00,1109296.5133749903,7.936507936505459e-05,0.0,88.0324191234815,0.0,-0.014438958856659134
2025-09-16 00:00:00+00:00,1109384.5527808138,7.936507936511585e-05,0.0,88.03940582341193,0.0,-0.012172323545192931
2025-09-17 00:00:00+00:00,1109472.5991738916,7.93650793650597e-05,0.0,88.04639307784237,0.0,-0.012080812786997797
2025-09-18 00:00:00+00:00,1109560.6525547784,7.936507936505637e-05,0.0,88.0533808868168,0.0,-0.012501502395621422
2025-09-19 00:00:00+00:00,1109648.7129240287,7.936507936506618e-05,0.0,88.06036925037924,0.0,-0.014728082096584494
2025-09-22 00:00:00+00:00,1109736.7802821973,7.936507936504945e-05,0.0,88.0673581685737,0.0,-0.014892373104825829
2025-09-23 00:00:00+00:00,1109824.8546298388,7.936507936517636e-05,0.0,88.07434764144423,0.0,-0.015223188671106058
2025-09-24 00:00:00+00:00,1109912.9359675078,7.936507936498759e-05,0.0,88.08133766903482,0.0,-0.014766219156551408
2025-09-25 00:00:00+00:00,1110001.0242957592,7.93650793650729e-05,0.0,88.08832825138951,0.0,-0.015177921854717447
2025-09-26 00:00:00+00:00,1110089.1196151478,7.93650793651828e-05,0.0,88.09531938855231,0.0,-0.014688939550167035
2025-09-29 00:00:00+00:00,1110177.2219262284,7.936507936506785e-05,0.0,88.10231108056729,0.0,-0.014473035703955972
2025-09-30 00:00:00+00:00,1110265.331229556,7.93650793651079e-05,0.0,88.10930332747844,0.0,-0.01479748685700688
2025-10-01 00:00:00+00:00,1110353.4475256852,7.936507936505356e-05,0.0,88.11629612932983,0.0,-0.014140194867448663
2025-10-02 00:00:00+00:00,1110441.5708151713,7.936507936507487e-05,0.0,88.12328948616549,0.0,-0.013479414693860825
2025-10-03 00:00:00+00:00,1110529.7010985694,7.936507936513214e-05,0.0,88.13028339802948,0.0,-0.012972268584915625
2025-10-06 00:00:00+00:00,1110617.8383764343,7.936507936497601e-05,0.0,88.13727786496582,0.0,-0.014246734819686857
2025-10-07 00:00:00+00:00,1110705.9826493212,7.93650793649862e-05,0.0,88.14427288701859,0.0,-0.014033113347404758
2025-10-08 00:00:00+00:00,1110794.1339177855,7.936507936512299e-05,0.0,88.15126846423185,0.0,-0.013889375751015898
2025-10-09 00:00:00+00:00,1110882.2921823822,7.936507936513704e-05,0.0,88.15826459664964,0.0,-0.01346828424332891
2025-10-10 00:00:00+00:00,1110970.4574436664,7.936507936498874e-05,0.0,88.16526128431605,0.0,-0.014978662071953863
2025-10-13 00:00:00+00:00,1111058.6297021937,7.936507936505763e-05,0.0,88.17225852727512,0.0,-0.013494191585659898
2025-10-14 00:00:00+00:00,1111146.8089585193,7.93650793650944e-05,0.0,88.17925632557093,0.0,-0.01444062674177804
2025-10-15 00:00:00+00:00,1111234.9952131985,7.93650793650594e-05,0.0,88.18625467924755,0.0,-0.014382338371402348
2025-10-16 00:00:00+00:00,1111323.1884667869,7.936507936512253e-05,0.0,88.19325358834908,0.0,-0.013133524392007878
2025-10-17 00:00:00+00:00,1111411.3887198397,7.936507936503457e-05,0.0,88.20025305291959,0.0,-0.01370780752270484
2025-10-20 00:00:00+00:00,1111499.5959729129,7.936507936517488e-05,0.0,88.20725307300316,0.0,-0.01395909085634095
2025-10-21 00:00:00+00:00,1111587.8102265615,7.936507936508479e-05,0.0,88.21425364864388,0.0,-0.014719931352232152
2025-10-22 00:00:00+00:00,1111676.0314813415,7.93650793651436e-05,0.0,88.22125477988584,0.0,-0.014313215862452822
2025-10-23 00:00:00+00:00,1111764.2597378083,7.936507936510217e-05,0.0,88.22825646677313,0.0,-0.01391156914656655
2025-10-24 00:00:00+00:00,1111852.4949965177,7.93650793651303e-05,0.0,88.23525870934986,0.0,-0.014210446590737114
2025-10-27 00:00:00+00:00,1111940.7372580252,7.936507936497886e-05,0.0,88.24226150766013,0.0,-0.014108485793215664
2025-10-28 00:00:00+00:00,1112028.986522887,7.936507936502707e-05,0.0,88.24926486174803,0.0,-0.014447437706051502
2025-10-29 00:00:00+00:00,1112117.2427916585,7.936507936502579e-05,0.0,88.25626877165769,0.0,-0.01436356041849951
2025-10-30 00:00:00+00:00,1112205.506064896,7.936507936514474e-05,0.0,88.26327323743321,0.0,-0.01268638162387159
2025-10-31 00:00:00+00:00,1112293.7763431552,7.936507936513489e-05,0.0,88.27027825911873,0.0,-0.014303342565667343
2025-11-03 00:00:00+00:00,1112382.053626992,7.936507936516593e-05,0.0,88.27728383675834,0.0,-0.014007260928287302
2025-11-04 00:00:00+00:00,1112470.3379169623,7.936507936498885e-05,0.0,88.28428997039619,0.0,-0.014019396321829802
2025-11-05 00:00:00+00:00,1112558.6292136223,7.936507936498265e-05,0.0,88.29129666007637,0.0,-0.013292849275173602
2025-11-06 00:00:00+00:00,1112646.9275175282,7.936507936510764e-05,0.0,88.29830390584304,0.0,-0.012786073113352892
2025-11-07 00:00:00+00:00,1112735.232829236,7.93650793651148e-05,0.0,88.30531170774033,0.0,-0.013868532876879058
2025-11-10 00:00:00+00:00,1112823.5451493019,7.936507936517379e-05,0.0,88.31232006581237,0.0,-0.013661192081499962
2025-11-11 00:00:00+00:00,1112911.864478282,7.936507936503567e-05,0.0,88.31932898010332,0.0,-0.013172761385107812
2025-11-12 00:00:00+00:00,1113000.1908167326,7.936507936507928e-05,0.0,88.32633845065729,0.0,-0.013456528068327422
2025-11-13 00:00:00+00:00,1113088.52416521,7.936507936505569e-05,0.0,88.33334847751846,0.0,-0.013984097365935533
2025-11-14 00:00:00+00:00,1113176.8645242709,7.936507936513443e-05,0.0,88.34035906073096,0.0,-0.013686380436145562
2025-11-17 00:00:00+00:00,1113265.2118944712,7.936507936506665e-05,0.0,88.34737020033896,0.0,-0.014225562907122402
2025-11-18 00:00:00+00:00,1113353.5662763675,7.936507936502186e-05,0.0,88.3543818963866,0.0,-0.013910380197303951
2025-11-19 00:00:00+00:00,1113441.9276705165,7.936507936516954e-05,0.0,88.36139414891805,0.0,-0.012644778799263179
2025-11-20 00:00:00+00:00,1113530.2960774745,7.936507936505172e-05,0.0,88.3684069579775,0.0,-0.014773645713046513
2025-11-21 00:00:00+00:00,1113618.671497798,7.9365079365047e-05,0.0,88.37542032360909,0.0,-0.01456729704229165
2025-11-24 00:00:00+00:00,1113707.053932044,7.93650793651157e-05,0.0,88.38243424585698,0.0,-0.014343921394893044
2025-11-25 00:00:00+00:00,1113795.4433807686,7.936507936500907e-05,0.0,88.38944872476539,0.0,-0.013571828317941126
2025-11-26 00:00:00+00:00,1113883.839844529,7.936507936510556e-05,0.0,88.39646376037847,0.0,-0.014180746157010482
2025-11-28 00:00:00+00:00,1113972.2433238819,7.936507936515644e-05,0.0,88.4034793527404,0.0,-0.013841595335838619
2025-12-01 00:00:00+00:00,1114060.6538193838,7.936507936512204e-05,0.0,88.41049550189538,0.0,-0.01460658382093527
2025-12-02 00:00:00+00:00,1114149.0713315918,7.936507936517174e-05,0.0,88.41751220788761,0.0,-0.014082273318087424
2025-12-03 00:00:00+00:00,1114237.4958610625,7.936507936505684e-05,0.0,88.42452947076126,0.0,-0.014044075267418243
2025-12-04 00:00:00+00:00,1114325.9274083532,7.936507936515567e-05,0.0,88.43154729056052,0.0,-0.014932061331185409
2025-12-05 00:00:00+00:00,1114414.3659740204,7.93650793650106e-05,0.0,88.43856566732961,0.0,-0.014121673541295898
2025-12-08 00:00:00+00:00,1114502.8115586215,7.936507936499989e-05,0.0,88.44558460111273,0.0,-0.013530058482048801
2025-12-09 00:00:00+00:00,1114591.2641627134,7.936507936508384e-05,0.0,88.45260409195409,0.0,-0.014166218827051935
2025-12-10 00:00:00+00:00,1114679.7237868533,7.936507936501387e-05,0.0,88.4596241398979,0.0,-0.014799407086364624
2025-12-11 00:00:00+00:00,1114768.1904315983,7.93650793651681e-05,0.0,88.46664474498836,0.0,-0.013960355197687235
2025-12-12 00:00:00+00:00,1114856.6640975056,7.936507936508907e-05,0.0,88.4736659072697,0.0,-0.013907944519457871
2025-12-15 00:00:00+00:00,1114945.1447851325,7.936507936515488e-05,0.0,88.48068762678616,0.0,-0.014150230320382207
2025-12-16 00:00:00+00:00,1115033.632495036,7.9365079365117e-05,0.0,88.48770990358194,0.0,-0.011086423674563584
2025-12-17 00:00:00+00:00,1115122.127227774,7.936507936514461e-05,0.0,88.49473273770128,0.0,-0.010793911518813815
2025-12-18 00:00:00+00:00,1115210.628983903,7.936507936498921e-05,0.0,88.50175612918841,0.0,-0.01055565613224374
2025-12-19 00:00:00+00:00,1115299.137763981,7.936507936502877e-05,0.0,88.50878007808754,0.0,-0.01360442799101147
2025-12-22 00:00:00+00:00,1115387.6535685654,7.93650793650148e-05,0.0,88.51580458444293,0.0,-0.01360231992225458
2025-12-23 00:00:00+00:00,1115476.1763982137,7.936507936511638e-05,0.0,88.52282964829884,0.0,-0.013779569537033964
2025-12-24 00:00:00+00:00,1115564.7062534834,7.936507936508508e-05,0.0,88.5298552696995,0.0,-0.014232317897358016
2025-12-26 00:00:00+00:00,1115653.2431349321,7.936507936509e-05,0.0,88.53688144868916,0.0,-0.013348421255355625
2025-12-29 00:00:00+00:00,1115741.7870431175,7.936507936509145e-05,0.0,88.54390818531208,0.0,-0.013547555443222947
2025-12-30 00:00:00+00:00,1115830.337978597,7.936507936504978e-05,0.0,88.55093547961249,0.0,-0.013478341447092923
2025-12-31 00:00:00+00:00,1115918.8959419287,7.9365079365134e-05,0.0,88.55796333163468,0.0,-0.013845437668934757
2026-01-02 00:00:00+00:00,1116007.4609336702,7.936507936509574e-05,0.0,88.56499174142292,0.0,-0.013213597606107186
2026-01-05 00:00:00+00:00,1116096.0329543792,7.936507936510402e-05,0.0,88.57202070902144,0.0,-0.012855792928506915
2026-01-06 00:00:00+00:00,1116184.6120046137,7.936507936511916e-05,0.0,88.57905023447454,0.0,-0.012806615588812242
2026-01-07 00:00:00+00:00,1116273.1980849316,7.936507936510147e-05,0.0,88.58608031782649,0.0,-0.0131628945415736
2026-01-08 00:00:00+00:00,1116361.7911958906,7.936507936501132e-05,0.0,88.59311095912156,0.0,-0.012729420554317805
2026-01-09 00:00:00+00:00,1116450.391338049,7.93650793650176e-05,0.0,88.60014215840401,0.0,-0.01211967600656827
2026-01-12 00:00:00+00:00,1116538.9985119647,7.936507936508065e-05,0.0,88.60717391571818,0.0,-0.013154686071648491
2026-01-13 00:00:00+00:00,1116627.612718196,7.936507936516078e-05,0.0,88.61420623110831,0.0,-0.0127708309271517
2026-01-14 00:00:00+00:00,1116716.2339573004,7.936507936500977e-05,0.0,88.62123910461872,0.0,-0.012758462100108225
2026-01-15 00:00:00+00:00,1116804.8622298366,7.936507936500507e-05,0.0,88.62827253629368,0.0,-0.01255772225839813
2026-01-16 00:00:00+00:00,1116893.4975363628,7.936507936510693e-05,0.0,88.63530652617752,0.0,-0.01241725898861823
2026-01-20 00:00:00+00:00,1116982.1398774371,7.936507936506721e-05,0.0,88.64234107431452,0.0,-0.012711398952450992
2026-01-21 00:00:00+00:00,1117070.7892536179,7.936507936505471e-05,0.0,88.64937618074897,0.0,-0.0124093482210208
2026-01-22 00:00:00+00:00,1117159.4456654633,7.936507936502979e-05,0.0,88.65641184552523,0.0,-0.013358646352188863
2026-01-23 00:00:00+00:00,1117248.1091135321,7.936507936516118e-05,0.0,88.66344806868757,0.0,-0.012489879946270932
2026-01-26 00:00:00+00:00,1117336.7795983823,7.936507936499237e-05,0.0,88.67048485028033,0.0,-0.012327444879988825
2026-01-27 00:00:00+00:00,1117425.4571205727,7.936507936510894e-05,0.0,88.6775221903478,0.0,-0.012931592952408977
2026-01-28 00:00:00+00:00,1117514.1416806616,7.93650793650544e-05,0.0,88.68456008893433,0.0,-0.013469227606346834
2026-01-29 00:00:00+00:00,1117602.8332792076,7.936507936499748e-05,0.0,88.69159854608425,0.0,-0.012956772489855162
2026-01-30 00:00:00+00:00,1117691.5319167695,7.936507936510686e-05,0.0,88.69863756184188,0.0,-0.01454558153666774
2026-02-02 00:00:00+00:00,1117780.2375939058,7.93650793651345e-05,0.0,88.70567713625154,0.0,-0.013156750452097299
2026-02-03 00:00:00+00:00,1117868.950311175,7.936507936504077e-05,0.0,88.7127172693576,0.0,-0.012874274120548534
2026-02-04 00:00:00+00:00,1117957.6700691362,7.93650793649943e-05,0.0,88.71975796120437,0.0,-0.012930903036349584
2026-02-05 00:00:00+00:00,1118046.3968683481,7.936507936516369e-05,0.0,88.72679921183621,0.0,-0.012242941444677413
2026-02-06 00:00:00+00:00,1118135.1307093694,7.936507936509271e-05,0.0,88.73384102129747,0.0,-0.012972909658794052
2026-02-09 00:00:00+00:00,1118223.8715927592,7.936507936515824e-05,0.0,88.7408833896325,0.0,-0.013789314623622317
2026-02-10 00:00:00+00:00,1118312.619519076,7.936507936511235e-05,0.0,88.74792631688565,0.0,-0.012742164448006577
2026-02-11 00:00:00+00:00,1118401.3744888792,7.93650793651236e-05,0.0,88.75496980310128,0.0,-0.012331005058847211
2026-02-12 00:00:00+00:00,1118490.1365027276,7.93650793651523e-05,0.0,88.76201384832375,0.0,-0.01283537840117166
2026-02-13 00:00:00+00:00,1118578.9055611803,7.936507936515881e-05,0.0,88.76905845259743,0.0,-0.013619427182424815
2026-02-17 00:00:00+00:00,1118667.6816647963,7.936507936510345e-05,0.0,88.77610361596669,0.0,-0.013394962643539898
