ts_event,equity,returns,exposure,cash_credit,financing,spread
2020-07-01 00:00:00+00:00,1000000.0,0.0,0.0,0.0,0.0,2.716408902231381
2020-07-02 00:00:00+00:00,1000079.3650793651,7.936507936508861e-05,0.0,79.36507936507937,0.0,2.7202693661374533
2020-07-06 00:00:00+00:00,1000158.736457546,7.936507936509753e-05,0.0,79.37137818090198,0.0,2.716648835312143
2020-07-07 00:00:00+00:00,1000238.1141350426,7.936507936508781e-05,0.0,79.37767749663064,0.0,2.7070714277668624
2020-07-08 00:00:00+00:00,1000317.498112355,7.93650793651362e-05,0.0,79.38397731230498,0.0,2.6893778757077653
2020-07-09 00:00:00+00:00,1000396.888389983,7.936507936508663e-05,0.0,79.39027762796468,0.0,2.6950762811715814
2020-07-10 00:00:00+00:00,1000476.2849684267,7.93650793651322e-05,0.0,79.39657844364945,0.0,2.696875056889269
2020-07-13 00:00:00+00:00,1000555.6878481861,7.936507936511688e-05,0.0,79.40287975939894,0.0,2.7193560384142295
2020-07-14 00:00:00+00:00,1000635.0970297614,7.936507936511734e-05,0.0,79.40918157525287,0.0,2.699922830126835
2020-07-15 00:00:00+00:00,1000714.5125136527,7.936507936509392e-05,0.0,79.4154838912509,0.0,2.6994380289424598
2020-07-16 00:00:00+00:00,1000793.9343003602,7.936507936512329e-05,0.0,79.42178670743276,0.0,2.700862198610735
2020-07-17 00:00:00+00:00,1000873.362390384,7.936507936504947e-05,0.0,79.42809002383811,0.0,2.6859175860420215
2020-07-20 00:00:00+00:00,1000952.7967842245,7.936507936506542e-05,0.0,79.43439384050666,0.0,2.6737942838322297
2020-07-21 00:00:00+00:00,1001032.237482382,7.936507936513146e-05,0.0,79.44069815747812,0.0,2.6727640891801343
2020-07-22 00:00:00+00:00,1001111.6844853568,7.936507936509162e-05,0.0,79.44700297479223,0.0,2.6778353216142583
2020-07-23 00:00:00+00:00,1001191.1377936492,7.936507936502255e-05,0.0,79.45330829248863,0.0,2.701751539064372
2020-07-24 00:00:00+00:00,1001270.5974077599,7.936507936511715e-05,0.0,79.45961411060708,0.0,2.6960513649422757
2020-07-27 00:00:00+00:00,1001350.0633281891,7.936507936510315e-05,0.0,79.46592042918729,0.0,2.68366070367343
2020-07-28 00:00:00+00:00,1001429.5355554373,7.93650793650572e-05,0.0,79.47222724826898,0.0,2.696009802172468
2020-07-29 00:00:00+00:00,1001509.0140900052,7.936507936505588e-05,0.0,79.47853456789186,0.0,2.70820820675533
2020-07-30 00:00:00+00:00,1001588.4989323933,7.936507936505952e-05,0.0,79.48484238809564,0.0,2.7237424556544414
2020-07-31 00:00:00+00:00,1001667.9900831021,7.936507936502845e-05,0.0,79.4911507089201,0.0,2.7120348790392454
2020-08-03 00:00:00+00:00,1001747.4875426325,7.936507936503922e-05,0.0,79.49745953040492,0.0,2.7232786558214905
2020-08-04 00:00:00+00:00,1001826.9913114851,7.936507936505218e-05,0.0,79.50376885258989,0.0,2.715370001245874
2020-08-05 00:00:00+00:00,1001906.5013901605,7.936507936502764e-05,0.0,79.51007867551469,0.0,2.7201768783709617
2020-08-06 00:00:00+00:00,1001986.0177791597,7.936507936504215e-05,0.0,79.51638899921909,0.0,2.7398506151866866
2020-08-07 00:00:00+00:00,1002065.5404789834,7.936507936505603e-05,0.0,79.52269982374284,0.0,2.7467502710802227
2020-08-10 00:00:00+00:00,1002145.0694901325,7.936507936502961e-05,0.0,79.52901114912567,0.0,2.7465831767438647
2020-08-11 00:00:00+00:00,1002224.6048131079,7.936507936503941e-05,0.0,79.53532297540734,0.0,2.743329758027716
2020-08-12 00:00:00+00:00,1002304.1464484105,7.936507936504577e-05,0.0,79.54163530262761,0.0,2.7438080876116984
2020-08-13 00:00:00+00:00,1002383.6943965413,7.936507936512513e-05,0.0,79.54794813082623,0.0,2.739697726787731
2020-08-14 00:00:00+00:00,1002463.2486580014,7.93650793651217e-05,0.0,79.55426146004297,0.0,2.734088406771652
2020-08-17 00:00:00+00:00,1002542.8092332918,7.936507936511196e-05,0.0,79.56057529031757,0.0,2.719557035320401
2020-08-18 00:00:00+00:00,1002622.3761229134,7.936507936505623e-05,0.0,79.56688962168982,0.0,2.736124431578955
2020-08-19 00:00:00+00:00,1002701.9493273676,7.9365079365031e-05,0.0,79.57320445419948,0.0,2.722670376373325
2020-08-20 00:00:00+00:00,1002781.5288471555,7.936507936511266e-05,0.0,79.57951978788631,0.0,2.720457697932255
2020-08-21 00:00:00+00:00,1002861.1146827783,7.936507936502936e-05,0.0,79.58583562279011,0.0,2.7297493731850917
2020-08-24 00:00:00+00:00,1002940.7068347372,7.936507936508972e-05,0.0,79.59215195895065,0.0,2.726985337542778
2020-08-25 00:00:00+00:00,1003020.3053035336,7.936507936502188e-05,0.0,79.59846879640772,0.0,2.7281857802545653
2020-08-26 00:00:00+00:00,1003099.9100896688,7.936507936513442e-05,0.0,79.60478613520108,0.0,2.7224280713436606
2020-08-27 00:00:00+00:00,1003179.5211936441,7.936507936503943e-05,0.0,79.61110397537054,0.0,2.7274115904349845
2020-08-28 00:00:00+00:00,1003259.1386159611,7.936507936504546e-05,0.0,79.61742231695588,0.0,2.724977510632832
2020-08-31 00:00:00+00:00,1003338.7623571211,7.936507936511283e-05,0.0,79.62374115999691,0.0,2.7218809795632124
2020-09-01 00:00:00+00:00,1003418.3924176256,7.936507936508579e-05,0.0,79.63006050453342,0.0,2.733422594161191
2020-09-02 00:00:00+00:00,1003498.0287979762,7.936507936504075e-05,0.0,79.63638035060521,0.0,2.7185920114105517
2020-09-03 00:00:00+00:00,1003577.6714986744,7.936507936505406e-05,0.0,79.64270069825209,0.0,2.7210885164600787
2020-09-04 00:00:00+00:00,1003657.320520222,7.936507936508603e-05,0.0,79.64902154751384,0.0,2.729469460537676
2020-09-08 00:00:00+00:00,1003736.9758631204,7.936507936509698e-05,0.0,79.65534289843032,0.0,2.7309250838821733
2020-09-09 00:00:00+00:00,1003816.6375278714,7.936507936504727e-05,0.0,79.6616647510413,0.0,2.7104408727495293
2020-09-10 00:00:00+00:00,1003896.3055149768,7.936507936512918e-05,0.0,79.66798710538662,0.0,2.7188365714923783
2020-09-11 00:00:00+00:00,1003975.9798249383,7.936507936507108e-05,0.0,79.6743099615061,0.0,2.7266178686712617
2020-09-14 00:00:00+00:00,1004055.6604582578,7.936507936506527e-05,0.0,79.68063331943955,0.0,2.707888434872677
2020-09-15 00:00:00+00:00,1004135.347415437,7.936507936507205e-05,0.0,79.68695717922681,0.0,2.7052476241874563
2020-09-16 00:00:00+00:00,1004215.0406969779,7.936507936505176e-05,0.0,79.69328154090769,0.0,2.706180251810441
2020-09-17 00:00:00+00:00,1004294.7403033824,7.936507936508067e-05,0.0,79.69960640452206,0.0,2.7182435520963786
2020-09-18 00:00:00+00:00,1004374.4462351525,7.93650793651191e-05,0.0,79.70593177010971,0.0,2.7267880228556534
2020-09-21 00:00:00+00:00,1004454.1584927903,7.936507936512738e-05,0.0,79.71225763771052,0.0,2.732470372864037
2020-09-22 00:00:00+00:00,1004533.8770767977,7.936507936506584e-05,0.0,79.71858400736431,0.0,2.727956098460809
2020-09-23 00:00:00+00:00,1004613.6019876768,7.936507936512664e-05,0.0,79.72491087911092,0.0,2.7459089962268264
2020-09-24 00:00:00+00:00,1004693.3332259298,7.93650793650383e-05,0.0,79.73123825299022,0.0,2.7268696845783764
2020-09-25 00:00:00+00:00,1004773.0707920588,7.936507936510881e-05,0.0,79.73756612904205,0.0,2.7294616876512765
2020-09-28 00:00:00+00:00,1004852.8146865661,7.936507936506676e-05,0.0,79.74389450730625,0.0,2.731612115501179
2020-09-29 00:00:00+00:00,1004932.564909954,7.93650793651042e-05,0.0,79.75022338782271,0.0,2.7311033984099775
2020-09-30 00:00:00+00:00,1005012.3214627246,7.936507936506558e-05,0.0,79.75655277063127,0.0,2.7314768953919244
2020-10-01 00:00:00+00:00,1005092.0843453803,7.936507936502713e-05,0.0,79.76288265577179,0.0,2.7996982846294007
2020-10-02 00:00:00+00:00,1005171.8535584236,7.936507936506499e-05,0.0,79.76921304328415,0.0,2.8116932525098783
2020-10-05 00:00:00+00:00,1005251.6291023567,7.936507936502365e-05,0.0,79.77554393320823,0.0,2.803944504012594
2020-10-06 00:00:00+00:00,1005331.4109776823,7.93650793650951e-05,0.0,79.78187532558387,0.0,2.811544148396592
2020-10-07 00:00:00+00:00,1005411.1991849028,7.936507936512383e-05,0.0,79.78820722045099,0.0,2.811380329758926
2020-10-08 00:00:00+00:00,1005490.9937245207,7.936507936507019e-05,0.0,79.79453961784944,0.0,2.806331064616116
2020-10-09 00:00:00+00:00,1005570.7945970385,7.93650793651261e-05,0.0,79.8008725178191,0.0,2.792633991304339
2020-10-12 00:00:00+00:00,1005650.601802959,7.936507936513607e-05,0.0,79.80720592039988,0.0,2.793611890181404
2020-10-13 00:00:00+00:00,1005730.4153427846,7.936507936506049e-05,0.0,79.81353982563166,0.0,2.784312917277538
2020-10-14 00:00:00+00:00,1005810.2352170182,7.936507936509118e-05,0.0,79.81987423355433,0.0,2.776608720694681
2020-10-15 00:00:00+00:00,1005890.0614261624,7.936507936507274e-05,0.0,79.8262091442078,0.0,2.7886161699087295
2020-10-16 00:00:00+00:00,1005969.89397072,7.936507936508124e-05,0.0,79.83254455763193,0.0,2.7936106909478213
2020-10-19 00:00:00+00:00,1006049.7328511939,7.936507936507698e-05,0.0,79.83888047386667,0.0,2.8027981684457166
2020-10-20 00:00:00+00:00,1006129.5780680869,7.936507936513604e-05,0.0,79.8452168929519,0.0,2.803638103505199
2020-10-21 00:00:00+00:00,1006209.4296219018,7.936507936510301e-05,0.0,79.85155381492753,0.0,2.80548059081957
2020-10-22 00:00:00+00:00,1006289.2875131416,7.936507936505398e-05,0.0,79.85789123983348,0.0,2.8081604385701873
2020-10-23 00:00:00+00:00,1006369.1517423093,7.936507936506496e-05,0.0,79.86422916770965,0.0,2.8110736641598186
2020-10-26 00:00:00+00:00,1006449.022309908,7.936507936509625e-05,0.0,79.87056759859598,0.0,2.8210557709893185
2020-10-27 00:00:00+00:00,1007912.6262289097,0.001454225585755585,0.24999999999999997,59.907679899399284,0.0,2.8133690434647347
2020-10-28 00:00:00+00:00,1004302.1655005419,-0.0035821167772014887,0.24963697152885217,60.0238389405899,0.35174224068296933,2.837833862143003
2020-10-29 00:00:00+00:00,1006148.2424876528,0.0018381688803695974,0.25053441506030605,59.73729443833849,0.46316500859554477,2.825812229184053
2020-10-30 00:00:00+00:00,1006738.6942392074,0.0005868436942202019,0.2500747354638098,59.88380848493459,0.5411297519187745,2.822167454936713
2020-11-02 00:00:00+00:00,1008452.6502315311,0.0017024834767267315,0.2499280667538267,59.93066973505797,0.7088137122726366,2.8113366811833402
2020-11-03 00:00:00+00:00,1009694.5494635679,0.0012314898788273849,0.2495032915226205,60.066697988417,0.8482577412221144,2.803996725389615
2020-11-04 00:00:00+00:00,1007568.5955864941,-0.0021055415998861332,0.24919640866750634,60.16526141953102,0.6528317343502348,2.81789820638555
2020-11-05 00:00:00+00:00,1011071.5638356287,0.0034766548545467173,0.2497222091673236,59.996534921350566,1.0374038529984138,2.7969612162343758
2020-11-06 00:00:00+00:00,1011145.6290096199,7.325413614668546e-05,0.248857019203422,60.274548274456485,1.0562174763448446,2.797056749794373
2020-11-09 00:00:00+00:00,1012015.971452489,0.0008607488554557278,0.0,80.24965309600158,0.818470076421814,2.7970343142249074
2020-11-10 00:00:00+00:00,1012096.2901803821,7.9365079365081e-05,0.0,80.31872789305469,0.0,2.8161617413593047
2020-11-11 00:00:00+00:00,1012176.6152827773,7.936507936507267e-05,0.0,80.32510239526842,0.0,2.820389749365622
2020-11-12 00:00:00+00:00,1012256.9467601808,7.93650793650921e-05,0.0,80.33147740339503,0.0,2.8192692067243326
2020-11-13 00:00:00+00:00,1012337.2846130983,7.936507936509964e-05,0.0,80.33785291747466,0.0,2.8183978792549262
2020-11-16 00:00:00+00:00,1012417.6288420358,7.936507936505562e-05,0.0,80.34422893754748,0.0,2.8216494768676763
2020-11-17 00:00:00+00:00,1012497.9794474994,7.936507936503537e-05,0.0,80.35060546365364,0.0,2.831960477815849
2020-11-18 00:00:00+00:00,1010456.1583747397,-0.0020166174295714358,0.25,60.267736871874966,0.0,2.8463587558018086
2020-11-19 00:00:00+00:00,1010241.9538596455,-0.00021198793566531963,0.25050517309826775,60.10568758038611,0.3535697168520364,2.8483351956371608
2020-11-20 00:00:00+00:00,1010707.6413450494,0.0004609662899315164,0.2505582884325964,60.088687222045294,0.405378501691974,2.845484107574639
2020-11-23 00:00:00+00:00,1009352.9445749468,-0.0013403448382954448,0.2504428427245458,60.12564654628369,0.2089695580356945,2.855835056550047
2020-11-24 00:00:00+00:00,1009133.8153862997,-0.00021709867675603458,0.250778973026595,60.01813092960888,0.11620345430951406,2.8586660489248086
2020-11-25 00:00:00+00:00,1010973.8840330356,0.0018234139206121803,0.2508334286320372,60.00073972416071,0.252257319650256,2.8460100522327108
2020-11-27 00:00:00+00:00,1013261.2577687175,0.002262544831085993,0.2503768879291876,60.146776918346085,0.3788444723343356,2.8306638576384966
2020-11-30 00:00:00+00:00,1015350.1635614414,0.002061566823667781,0.24981167780881633,60.32831451641608,0.5147800611089579,2.8165785735704634
2020-12-01 00:00:00+00:00,1016231.5104873012,0.0008680226364157893,0.24929773387145138,60.49410069044178,0.6632902007309474,2.811041804807261
2020-12-02 00:00:00+00:00,1015236.3723417688,-0.0009792435436834232,0.0,80.65329448311914,0.5846018520811604,2.8220518270020345
2020-12-03 00:00:00+00:00,1015316.946657034,7.936507936503066e-05,0.0,80.57431526521975,0.0,2.8362328465547297
2020-12-04 00:00:00+00:00,1015397.5273670861,7.936507936509689e-05,0.0,80.58071005214555,0.0,2.839511016938333
2020-12-07 00:00:00+00:00,1015478.1144724328,7.936507936509575e-05,0.0,80.58710534659414,0.0,2.830072513105312
2020-12-08 00:00:00+00:00,1015558.7079735814,7.936507936510224e-05,0.0,80.59350114860577,0.0,2.8368633716725475
2020-12-09 00:00:00+00:00,1015639.3078710396,7.93650793650767e-05,0.0,80.59989745822074,0.0,2.836387233067208
2020-12-10 00:00:00+00:00,1015719.9141653151,7.93650793650941e-05,0.0,80.60629427547933,0.0,2.8394347951975263
2020-12-11 00:00:00+00:00,1015800.5268569156,7.936507936511474e-05,0.0,80.61269160042184,0.0,2.844412719937803
2020-12-14 00:00:00+00:00,1015881.1459463487,7.936507936509898e-05,0.0,80.61908943308853,0.0,2.8506273460340714
2020-12-15 00:00:00+00:00,1015961.7714341222,7.936507936512174e-05,0.0,80.62548777351974,0.0,2.8451045273704976
2020-12-16 00:00:00+00:00,1016042.4033207439,7.936507936502876e-05,0.0,80.63188662175573,0.0,2.83860699811048
2020-12-17 00:00:00+00:00,1016123.0416067218,7.936507936512416e-05,0.0,80.63828597783682,0.0,2.82739466749721
2020-12-18 00:00:00+00:00,1016203.6862925636,7.936507936502449e-05,0.0,80.64468584180332,0.0,2.8393899998097076
2020-12-21 00:00:00+00:00,1016284.3373787772,7.936507936503383e-05,0.0,80.65108621369552,0.0,2.8406199763712707
2020-12-22 00:00:00+00:00,1016364.9948658708,7.936507936511249e-05,0.0,80.65748709355374,0.0,2.850876555546265
2020-12-23 00:00:00+00:00,1016445.6587543522,7.936507936510621e-05,0.0,80.66388848141831,0.0,2.84423922275242
2020-12-24 00:00:00+00:00,1016526.3290447296,7.936507936508992e-05,0.0,80.67029037732955,0.0,2.845785212562173
2020-12-28 00:00:00+00:00,1016607.0057375109,7.936507936502395e-05,0.0,80.67669278132774,0.0,2.8516387472233733
2020-12-29 00:00:00+00:00,1016687.6888332043,7.936507936509766e-05,0.0,80.68309569345324,0.0,2.8544023805271332
2020-12-30 00:00:00+00:00,1016768.378332318,7.936507936504234e-05,0.0,80.68949911374638,0.0,2.846064095385937
2020-12-31 00:00:00+00:00,1016849.0742353603,7.936507936504737e-05,0.0,80.69590304224747,0.0,2.858693918848687
2021-01-04 00:00:00+00:00,1016929.7765428392,7.936507936507304e-05,0.0,80.70230747899684,0.0,2.754879730563508
2021-01-05 00:00:00+00:00,1017010.4852552633,7.936507936507968e-05,0.0,80.70871242403486,0.0,2.761577783955066
2021-01-06 00:00:00+00:00,1017091.2003731406,7.936507936502765e-05,0.0,80.71511787740185,0.0,2.7469601775235177
2021-01-07 00:00:00+00:00,1017171.9218969798,7.936507936510621e-05,0.0,80.72152383913814,0.0,2.745937154366086
2021-01-08 00:00:00+00:00,1017252.649827289,7.936507936504677e-05,0.0,80.7279303092841,0.0,2.7448258570372337
2021-01-11 00:00:00+00:00,1017333.3841645769,7.936507936503856e-05,0.0,80.73433728788008,0.0,2.754538118787376
2021-01-12 00:00:00+00:00,1017414.1249093518,7.93650793650419e-05,0.0,80.74074477496642,0.0,2.757822980502508
2021-01-13 00:00:00+00:00,1017494.8720621224,7.936507936513158e-05,0.0,80.74715277058348,0.0,2.7576402694058
2021-01-14 00:00:00+00:00,1017575.6256233972,7.936507936503905e-05,0.0,80.75356127477163,0.0,2.7583644704937256
2021-01-15 00:00:00+00:00,1017656.3855936847,7.936507936506791e-05,0.0,80.7599702875712,0.0,2.768557657307792
2021-01-19 00:00:00+00:00,1017737.1519734937,7.936507936506409e-05,0.0,80.7663798090226,0.0,2.7680982338372115
2021-01-20 00:00:00+00:00,1017817.9247633329,7.936507936510228e-05,0.0,80.77278983916617,0.0,2.7604539628689877
2021-01-21 00:00:00+00:00,1017898.7039637109,7.936507936502846e-05,0.0,80.77920037804229,0.0,2.7692994571306593
2021-01-22 00:00:00+00:00,1017979.4895751366,7.936507936503173e-05,0.0,80.78561142569134,0.0,2.7693153123326435
2021-01-25 00:00:00+00:00,1018060.2815981187,7.936507936507239e-05,0.0,80.7920229821537,0.0,2.7715863599002764
2021-01-26 00:00:00+00:00,1018141.0800331662,7.936507936511075e-05,0.0,80.79843504746974,0.0,2.7691482663885396
2021-01-27 00:00:00+00:00,1018221.8848807879,7.936507936510717e-05,0.0,80.80484762167985,0.0,2.7884112174397284
2021-01-28 00:00:00+00:00,1018302.6961414928,7.936507936513633e-05,0.0,80.81126070482443,0.0,2.77797140571561
2021-01-29 00:00:00+00:00,1018383.5138157897,7.936507936504421e-05,0.0,80.81767429694388,0.0,2.7793843712964423
2021-02-01 00:00:00+00:00,1018464.3379041879,7.936507936513414e-05,0.0,80.82408839807854,0.0,2.7603535950879103
2021-02-02 00:00:00+00:00,1018545.1684071961,7.936507936502349e-05,0.0,80.83050300826888,0.0,2.770811858615704
2021-02-03 00:00:00+00:00,1018626.0053253237,7.936507936512981e-05,0.0,80.83691812755524,0.0,2.7700749459371714
2021-02-04 00:00:00+00:00,1018706.8486590796,7.936507936507053e-05,0.0,80.84333375597807,0.0,2.764852090695947
2021-02-05 00:00:00+00:00,1018787.6984089732,7.936507936503459e-05,0.0,80.84974989357775,0.0,2.758686227730417
2021-02-08 00:00:00+00:00,1018868.5545755136,7.936507936509658e-05,0.0,80.8561665403947,0.0,2.7564711129011843
2021-02-09 00:00:00+00:00,1018949.4171592101,7.936507936510254e-05,0.0,80.86258369646933,0.0,2.761189454601849
2021-02-10 00:00:00+00:00,1019030.286160572,7.936507936512708e-05,0.0,80.86900136184207,0.0,2.7621013148084077
2021-02-11 00:00:00+00:00,1019111.1615801086,7.936507936513054e-05,0.0,80.87541953655332,0.0,2.7624416710340287
2021-02-12 00:00:00+00:00,1019192.0434183292,7.936507936507324e-05,0.0,80.88183822064354,0.0,2.762278065289811
2021-02-16 00:00:00+00:00,1019272.9316757433,7.936507936502976e-05,0.0,80.88825741415312,0.0,2.754855973315611
2021-02-17 00:00:00+00:00,1019353.8263528604,7.936507936507465e-05,0.0,80.89467711712248,0.0,2.7670330931023357
2021-02-18 00:00:00+00:00,1019434.72745019,7.936507936505401e-05,0.0,80.90109732959209,0.0,2.7690927021472675
2021-02-19 00:00:00+00:00,1019515.6349682416,7.93650793650424e-05,0.0,80.90751805160238,0.0,2.779864085828041
2021-02-22 00:00:00+00:00,1019596.5489075248,7.936507936511432e-05,0.0,80.91393928319377,0.0,2.7669146147828543
2021-02-23 00:00:00+00:00,1019677.4692685492,7.936507936511592e-05,0.0,80.92036102440673,0.0,2.779489139036926
2021-02-24 00:00:00+00:00,1019758.3960518246,7.93650793651217e-05,0.0,80.92678327528168,0.0,2.771579362285893
2021-02-25 00:00:00+00:00,1019839.3292578604,7.936507936509201e-05,0.0,80.93320603585909,0.0,2.780519410255063
2021-02-26 00:00:00+00:00,1019920.2688871666,7.936507936510135e-05,0.0,80.9396293061794,0.0,2.783856109040412
2021-03-01 00:00:00+00:00,1020001.214940253,7.936507936511003e-05,0.0,80.94605308628307,0.0,2.7850362326654055
2021-03-02 00:00:00+00:00,1020082.1674176292,7.93650793650784e-05,0.0,80.95247737621055,0.0,2.764907235656741
2021-03-03 00:00:00+00:00,1020163.1263198052,7.936507936508092e-05,0.0,80.95890217600231,0.0,2.7730562826038136
2021-03-04 00:00:00+00:00,1020244.0916472909,7.936507936507791e-05,0.0,80.96532748569882,0.0,2.756032553786638
2021-03-05 00:00:00+00:00,1020325.0634005961,7.936507936502972e-05,0.0,80.97175330534054,0.0,2.753542410194681
2021-03-08 00:00:00+00:00,1020406.0415802312,7.936507936512487e-05,0.0,80.97817963496794,0.0,2.750425857407061
2021-03-09 00:00:00+00:00,1020487.0261867058,7.93650793650955e-05,0.0,80.98460647462151,0.0,2.7486762594789877
2021-03-10 00:00:00+00:00,1020568.0172205302,7.936507936513012e-05,0.0,80.99103382434173,0.0,2.753239317256502
2021-03-11 00:00:00+00:00,1020649.0146822144,7.936507936507499e-05,0.0,80.99746168416907,0.0,2.7396716322300563
2021-03-12 00:00:00+00:00,1020730.0185722685,7.936507936511857e-05,0.0,81.003890054144,0.0,2.7385805440681956
2021-03-15 00:00:00+00:00,1020811.0288912029,7.936507936510713e-05,0.0,81.01031893430702,0.0,2.731387528852576
2021-03-16 00:00:00+00:00,1020892.0456395276,7.936507936511508e-05,0.0,81.01674832469864,0.0,2.7343229946379433
2021-03-17 00:00:00+00:00,1020973.068817753,7.93650793651027e-05,0.0,81.02317822535933,0.0,2.7278643676193193
2021-03-18 00:00:00+00:00,1021054.0984263893,7.936507936503039e-05,0.0,81.0296086363296,0.0,2.7336335462083285
2021-03-19 00:00:00+00:00,1021135.1344659469,7.936507936508648e-05,0.0,81.03603955764994,0.0,2.734340707311997
2021-03-22 00:00:00+00:00,1021216.1769369363,7.936507936511728e-05,0.0,81.04247098936087,0.0,2.74061684144746
2021-03-23 00:00:00+00:00,1021297.2258398678,7.936507936508315e-05,0.0,81.04890293150288,0.0,2.7508652411661476
2021-03-24 00:00:00+00:00,1021378.2811752519,7.93650793650584e-05,0.0,81.05533538411649,0.0,2.7589596923751114
2021-03-25 00:00:00+00:00,1021459.3429435992,7.936507936511737e-05,0.0,81.06176834724222,0.0,2.758291783351481
2021-03-26 00:00:00+00:00,1021540.4111454202,7.936507936510638e-05,0.0,81.06820182092058,0.0,2.750191962915687
2021-03-29 00:00:00+00:00,1021621.4857812254,7.936507936509975e-05,0.0,81.07463580519207,0.0,2.7355462007378057
2021-03-30 00:00:00+00:00,1021702.5668515255,7.93650793650578e-05,0.0,81.08107030009725,0.0,2.74111412258836
2021-03-31 00:00:00+00:00,1021783.6543568311,7.936507936505485e-05,0.0,81.08750530567663,0.0,2.7414525535359338
2021-04-01 00:00:00+00:00,1021864.748297653,7.93650793650512e-05,0.0,81.09394082197072,0.0,2.735534902561867
2021-04-05 00:00:00+00:00,1021945.8486745021,7.936507936512111e-05,0.0,81.10037684902008,0.0,2.7328334181396428
2021-04-06 00:00:00+00:00,1022026.955487889,7.936507936511098e-05,0.0,81.10681338686524,0.0,2.727583528156874
2021-04-07 00:00:00+00:00,1022346.1577905632,0.00031232278264304875,0.25,60.83493782666005,0.0,2.7317890476100746
2021-04-08 00:00:00+00:00,1021822.6904102907,-0.0005120255759592676,0.24992194368310533,60.860271342745314,10.190794806165865,2.728070707486362
2021-04-09 00:00:00+00:00,1020338.7411912152,-0.0014522570627979005,0.25004997566591425,60.81872631256496,10.110048931482773,2.7181622280141187
2021-04-12 00:00:00+00:00,1021976.3309777608,0.001604947181201577,0.2504136406441607,60.70095256501928,10.07000367561415,2.7283679809730725
2021-04-13 00:00:00+00:00,1021508.3607782996,-0.00045790708187291174,0.2500123839732374,60.83092000839592,10.13236285909945,2.7250247499652804
2021-04-14 00:00:00+00:00,1021583.6902526391,7.374337522024787e-05,0.2501269188607507,60.793779516375196,10.082555003191814,2.7251450004552082
2021-04-15 00:00:00+00:00,1020759.9041174714,-0.0008063814477734808,0.2501084750176318,60.79975804608467,10.207712450626115,2.71975201568538
2021-04-16 00:00:00+00:00,1019989.7440586634,-0.0007544967780390163,0.25031032061636305,60.73437819408723,10.256815165348456,2.7148081345489627
2021-04-19 00:00:00+00:00,1020337.356632075,0.00034080006729133585,0.2504993215473715,60.67325437989613,10.237563375440153,2.7165749747343098
2021-04-20 00:00:00+00:00,1019637.19793607,-0.0006862031380641449,0.2504139804459848,60.70084267937323,10.251171596456077,2.7120171591020723
2021-04-21 00:00:00+00:00,1019392.348738666,-0.00024013364547665825,0.2505859332997698,60.64527452889666,10.333054343340038,2.7105798348057806
2021-04-22 00:00:00+00:00,1020434.1322358302,0.0010219651917666261,0.2506461218667383,60.6258420529122,10.295723549016213,2.716425995275397
2021-04-23 00:00:00+00:00,1019698.062195857,-0.0007213302816129411,0.25039023176551556,60.70852328284586,10.240439431189543,2.7114256096598575
2021-04-26 00:00:00+00:00,1020993.8458965161,0.0012707523419909867,0.25057097619834073,60.65010502570514,10.296445828507785,2.7192428490022555
2021-04-27 00:00:00+00:00,1022829.563083845,0.0017979708640818851,0.25025296665487384,60.75294500194793,10.307837432809553,2.730401365157733
2021-04-28 00:00:00+00:00,1022438.7746556973,-0.0003820660276668581,0.24980382665281592,60.89863684221211,10.328140403387357,2.7276519053284143
2021-04-29 00:00:00+00:00,1024181.9596574683,0.001704928495457322,0.24989930468747457,60.86762188759723,10.312545713086958,2.7383904331161966
2021-04-30 00:00:00+00:00,1024824.2387093535,0.0006271142015624334,0.24947396940815575,61.00596990361079,10.304164831574749,2.7422320198409516
2021-05-03 00:00:00+00:00,1022905.3205158158,-0.001872436385730294,0.24931761878871364,61.0569444315382,10.3852379707564,2.7297030432978793
2021-05-04 00:00:00+00:00,1022992.9815018382,8.56980448378519e-05,0.24978532592159072,60.90464933681297,10.314999826678923,2.729842730587256
2021-05-05 00:00:00+00:00,1022474.9698029207,-0.00050636877112979,0.24976392164183497,60.911606557925865,10.339484668859694,2.726318476306504
2021-05-06 00:00:00+00:00,1021670.0522508424,-0.0007872247007018713,0.2498904583661549,60.870494518329245,10.475079656995144,2.721453353651174
2021-05-07 00:00:00+00:00,1021498.1429220765,-0.0001682630594752197,0.25008733329225524,60.8066121729262,10.55561659864422,2.720429185832519
2021-05-10 00:00:00+00:00,1022180.7341678598,0.0006682256355656738,0.2501294208338695,60.7929685754051,10.593312207437892,2.724304904023703
2021-05-11 00:00:00+00:00,1021172.1081310267,-0.0009867394318032671,0.2499623895572401,60.8471424838006,10.57174341038781,2.71799390960288
2021-05-12 00:00:00+00:00,1020963.3364846369,-0.00020444315383031067,0.0,81.04540540722435,10.491183617663705,2.7216461951271382
2021-05-13 00:00:00+00:00,1021044.3653208658,7.93650793650258e-05,0.0,81.02883622893944,0.0,2.7256144104459503
2021-05-14 00:00:00+00:00,1021125.4005879547,7.936507936503421e-05,0.0,81.0352670889576,0.0,2.7206542132947944
2021-05-17 00:00:00+00:00,1021206.4422864141,7.936507936513611e-05,0.0,81.04169845936148,0.0,2.7022798564682757
2021-05-18 00:00:00+00:00,1021287.4904167543,7.93650793650638e-05,0.0,81.04813034019159,0.0,2.7034198738656916
2021-05-19 00:00:00+00:00,1021368.5449794858,7.936507936511966e-05,0.0,81.05456273148843,0.0,2.7104476863722033
2021-05-20 00:00:00+00:00,1021449.605975119,7.936507936503601e-05,0.0,81.06099563329252,0.0,2.706942853050971
2021-05-21 00:00:00+00:00,1021530.6734041647,7.936507936511514e-05,0.0,81.06742904564437,0.0,2.714262998477919
2021-05-24 00:00:00+00:00,1021611.7472671333,7.936507936508941e-05,0.0,81.0738629685845,0.0,2.7117076605394383
2021-05-25 00:00:00+00:00,1021692.8275645354,7.936507936503315e-05,0.0,81.08029740215343,0.0,2.7177576720439403
2021-05-26 00:00:00+00:00,1021773.9142968819,7.936507936513458e-05,0.0,81.0867323463917,0.0,2.718833696832809
2021-05-27 00:00:00+00:00,1021855.0074646833,7.936507936512612e-05,0.0,81.09316780133983,0.0,2.724047631546394
2021-05-28 00:00:00+00:00,1021936.1070684503,7.936507936508206e-05,0.0,81.09960376703836,0.0,2.723831443663306
2021-06-01 00:00:00+00:00,1022017.2131086938,7.936507936507668e-05,0.0,81.1060402435278,0.0,2.7193372503784348
2021-06-02 00:00:00+00:00,1022098.3255859247,7.936507936507028e-05,0.0,81.11247723084871,0.0,2.723371803701431
2021-06-03 00:00:00+00:00,1022179.4445006537,7.93650793650232e-05,0.0,81.11891472904163,0.0,2.7286901167892164
2021-06-04 00:00:00+00:00,1022260.5698533918,7.936507936512357e-05,0.0,81.12535273814711,0.0,2.7305248238751045
2021-06-07 00:00:00+00:00,1022341.7016446501,7.936507936510392e-05,0.0,81.13179125820571,0.0,2.7332131699279754
2021-06-08 00:00:00+00:00,1022422.8398749393,7.936507936503849e-05,0.0,81.13823028925795,0.0,2.7409626322545084
2021-06-09 00:00:00+00:00,1022503.9845447707,7.936507936511535e-05,0.0,81.14466983134439,0.0,2.740237954929181
2021-06-10 00:00:00+00:00,1022585.1356546552,7.936507936506709e-05,0.0,81.15110988450562,0.0,2.728271711543301
2021-06-11 00:00:00+00:00,1022666.293205104,7.936507936508176e-05,0.0,81.15755044878216,0.0,2.7280447350193717
2021-06-14 00:00:00+00:00,1022747.4571966282,7.936507936511968e-05,0.0,81.1639915242146,0.0,2.7272395528991233
2021-06-15 00:00:00+00:00,1022828.627629739,7.936507936502736e-05,0.0,81.1704331108435,0.0,2.7299090458150648
2021-06-16 00:00:00+00:00,1022909.8045049477,7.936507936510663e-05,0.0,81.17687520870945,0.0,2.7281441896054712
2021-06-17 00:00:00+00:00,1022990.9878227656,7.936507936509013e-05,0.0,81.183317817853,0.0,2.7331824269278306
2021-06-18 00:00:00+00:00,1023072.1775837039,7.936507936505204e-05,0.0,81.18976093831473,0.0,2.74752746041702
2021-06-21 00:00:00+00:00,1023153.373788274,7.936507936506649e-05,0.0,81.19620457013522,0.0,2.740615582216351
2021-06-22 00:00:00+00:00,1023234.5764369874,7.93650793650938e-05,0.0,81.20264871335507,0.0,2.7426224252185705
2021-06-23 00:00:00+00:00,1023315.7855303554,7.93650793650943e-05,0.0,81.20909336801488,0.0,2.7447523331987402
2021-06-24 00:00:00+00:00,1023397.0010688895,7.936507936502833e-05,0.0,81.21553853415519,0.0,2.7424160992731594
2021-06-25 00:00:00+00:00,1023478.2230531013,7.936507936508374e-05,0.0,81.22198421181663,0.0,2.747334529499159
2021-06-28 00:00:00+00:00,1023559.4514835024,7.936507936510711e-05,0.0,81.22843040103979,0.0,2.7531688438797435
2021-06-29 00:00:00+00:00,1024213.5087794664,0.0006390027418690931,0.25000000000000006,60.92615782639895,0.0,2.7506841396539397
2021-06-30 00:00:00+00:00,1025000.2580197641,0.0007681496421925348,0.24984035133047033,60.978067135602444,0.9427370937941637,2.7459874860913955
2021-07-01 00:00:00+00:00,1024061.4353520573,-0.0009159243232977366,0.2496485838601043,61.04050755149908,0.8845617163550994,2.769943992871969
2021-07-02 00:00:00+00:00,1024429.9345325156,0.00035984089209605734,0.24987745269687306,60.9659978159668,0.9407067303302896,2.76806815202017
2021-07-06 00:00:00+00:00,1023608.6246593962,-0.0008017238128580646,0.2497875689152401,60.99524378266984,0.8939143286346278,2.7737445828795053
2021-07-07 00:00:00+00:00,1023662.5956471388,5.2726194799787517e-05,0.24998799023994397,60.9300604594064,0.9148364424004469,2.773838907001341
2021-07-08 00:00:00+00:00,1020819.3418038932,-0.0027775302676250613,0.24997481001941585,60.93434387113199,0.6849860315070277,2.792458735793764
2021-07-09 00:00:00+00:00,1022634.380263011,0.0017780212274489202,0.25067105646596766,60.708688804207746,0.8389439132473557,2.7811531217287158
2021-07-12 00:00:00+00:00,1021560.0194441734,-0.001050581556392835,0.2502261490612739,60.85273947556631,0.7386450775150879,2.7884277629526038
2021-07-13 00:00:00+00:00,1022681.6240398748,0.0010979331359420145,0.2504893085088669,60.76747274391252,0.8258357979829956,2.7816115582172585
2021-07-14 00:00:00+00:00,1022838.014761589,0.00015292219791380817,0.2502145896198272,60.8564889816666,0.8853802203429475,2.7810652806768386
2021-07-15 00:00:00+00:00,1023467.3092422335,0.0006152435396050435,0.2501763321052556,60.86890094370741,0.9414155724137523,2.7775321860258466
2021-07-16 00:00:00+00:00,1021673.5871517818,-0.0017525934382601842,0.2500225073728386,60.91884495010777,0.7403363032646082,2.7892254279056203
2021-07-19 00:00:00+00:00,1019351.9032448541,-0.0022724321506637822,0.2504614644920444,60.77648605404017,0.5536414892820474,2.8047296073975834
2021-07-20 00:00:00+00:00,1019664.1072963397,0.0003062770084519489,0.25103191749219644,60.592225426506225,0.5733630112785961,2.8030721742091593
2021-07-21 00:00:00+00:00,1021300.032209145,0.0016043762853857905,0.25095505572847204,60.617003525830484,0.6773325655671047,2.792854491217882
2021-07-22 00:00:00+00:00,1020355.687150664,-0.000924649984038765,0.25055307431780605,60.746838836370586,0.6102183459902542,2.7993668482498606
2021-07-23 00:00:00+00:00,1020086.5372037779,-0.0002637805132813187,0.25078496262949856,60.67189081585622,0.5656168403200028,2.801631996459544
2021-07-26 00:00:00+00:00,1021812.5245942009,0.00169200095038424,0.25085113226992595,60.6505297089605,0.6864070627906289,2.790737983352417
2021-07-27 00:00:00+00:00,1022278.0387344569,0.0004555768588184557,0.25042740885613907,60.78751283518454,0.7221036400945338,2.7880905424017426
2021-07-28 00:00:00+00:00,1022977.7572532153,0.0006844698724279079,0.25031337187645936,60.824458401871524,0.7969131599728196,2.783941937762045
2021-07-29 00:00:00+00:00,1023799.9356184485,0.0008037108914673362,0.2501421571060961,60.879991617646006,0.921905453635895,2.7792072495755313
2021-07-30 00:00:00+00:00,1024606.2070854718,0.0007875283431584224,0.2499412765798816,60.945243868854995,0.9400883618543772,2.7744195217731313
2021-08-02 00:00:00+00:00,1025498.3621984485,0.00087072975627821,0.0,81.31795294329142,0.9480210585558608,2.773092114728521
2021-08-03 00:00:00+00:00,1025579.7509573532,7.93650793650902e-05,0.0,81.38875890463878,0.0,2.768336359745769
2021-08-04 00:00:00+00:00,1025661.1461756831,7.936507936509996e-05,0.0,81.39521832994866,0.0,2.7756612921882082
2021-08-05 00:00:00+00:00,1025742.547853951,7.936507936503551e-05,0.0,81.40167826791136,0.0,2.77894241332981
2021-08-06 00:00:00+00:00,1025823.9559926696,7.936507936508415e-05,0.0,81.40813871856754,0.0,2.777479580199957
2021-08-09 00:00:00+00:00,1025905.3705923515,7.936507936509271e-05,0.0,81.4145996819579,0.0,2.7737480570530817
2021-08-10 00:00:00+00:00,1025986.7916535097,7.936507936513503e-05,0.0,81.42106115812314,0.0,2.781983610421228
2021-08-11 00:00:00+00:00,1026068.2191766568,7.936507936505794e-05,0.0,81.42752314710394,0.0,2.7840761070183384
2021-08-12 00:00:00+00:00,1026149.6531623057,7.936507936504874e-05,0.0,81.43398564894102,0.0,2.7940077554307208
2021-08-13 00:00:00+00:00,1026231.0936109694,7.936507936506774e-05,0.0,81.44044866367506,0.0,2.7962258757768206
2021-08-16 00:00:00+00:00,1026312.5405231607,7.936507936507526e-05,0.0,81.44691219134677,0.0,2.8033818628261513
2021-08-17 00:00:00+00:00,1025825.2456619405,-0.0004748016242418465,0.1464829922505594,69.52184195262339,0.0,2.810187136416892
2021-08-18 00:00:00+00:00,1024493.4405433132,-0.0012982768012966951,0.14655257565151555,69.48316775728846,0.30453629740256516,2.826062480905884
2021-08-19 00:00:00+00:00,1023751.4108097269,-0.0007242893943691094,0.14674308879945452,69.37746893834976,0.22801067286030396,2.835650780988391
2021-08-20 00:00:00+00:00,1023776.6176309856,2.4622013696380058e-05,0.14684945029887492,69.31857768965246,0.23000239333818362,2.836065914036471
2021-08-23 00:00:00+00:00,1025026.8228109945,0.0012211698904609335,0.1468458346587227,69.32057823102218,0.3579667996036864,2.8220833887047965
2021-08-24 00:00:00+00:00,1025092.2621452,6.384158223891767e-05,0.14666672966452401,69.41980086435622,0.3525466200327465,2.8221661627876204
2021-08-25 00:00:00+00:00,1024923.4967777476,-0.00016463431993841307,0.14665736682617883,69.42499446230904,0.3167313374129521,2.8250299892468433
2021-08-26 00:00:00+00:00,1024506.7519800902,-0.000406610638713698,0.1466815156377534,69.41160038552711,0.28193352154144513,2.8305521663652113
2021-08-27 00:00:00+00:00,1025437.6116672617,0.0009085930232987055,0.14674118216355853,69.37852540158603,0.39002539214373844,2.820434740600455
2021-08-30 00:00:00+00:00,1024994.7922647271,-0.0004318345626260479,0.1466079751801499,69.45240315453616,0.3370782532890968,2.8262508865706186
2021-08-31 00:00:00+00:00,1025641.192392355,0.0006306374749472289,0.14667131292241553,69.4172587575096,0.38906012154768743,2.819743567484891
2021-09-01 00:00:00+00:00,1025523.2205154808,-0.00011502256125158705,0.14657887479093676,69.46856035494038,0.3719894445986138,2.821841778025914
2021-09-02 00:00:00+00:00,1026006.6717236578,0.0004714190751662344,0.14659573660803,69.45919750756943,0.39871889844793973,2.8172609027845694
2021-09-03 00:00:00+00:00,1026487.5578424151,0.00046869687304219247,0.14652666114494584,69.49756665107553,0.46322549380050426,2.812644435102026
2021-09-07 00:00:00+00:00,1026654.1292804378,0.00016227321680634008,0.1464580167304723,69.53573221605627,0.4165579567114812,2.811681718336859
2021-09-08 00:00:00+00:00,1026548.7536134874,-0.00010263989005171183,0.14643425437296456,69.5489521714549,0.394836937602838,2.8136699076703415
2021-09-09 00:00:00+00:00,1025929.2751022907,-0.0006034574675738406,0.14644928591156867,69.54058902328423,0.34804995413607065,2.8213863048525036
2021-09-10 00:00:00+00:00,1025570.7719768013,-0.0003494423389503097,0.14653771519008135,69.49142406207814,0.3014465085266318,2.8263960464373965
2021-09-13 00:00:00+00:00,1026450.8198697872,0.0008581054735886841,0.14658893957198962,69.46297143307105,0.3750464596863008,2.8170819188521494
2021-09-14 00:00:00+00:00,1026363.5820779616,-8.498974343127155e-05,0.1464632586480641,69.53281650394294,0.38042633843235873,2.818724600159001
2021-09-15 00:00:00+00:00,1026894.9400975129,0.0005177093466970857,0.1464757075808703,69.52589286967108,0.40068828436802106,2.813636936730379
2021-09-16 00:00:00+00:00,1026638.0207703762,-0.0002501904694479402,0.0,81.49959842043754,0.30013965551964406,2.8194166547665214
2021-09-17 00:00:00+00:00,1026719.4999783739,7.936507936510574e-05,0.0,81.4792079976489,0.0,2.8274990023531386
2021-09-20 00:00:00+00:00,1026800.9856529754,7.936507936513356e-05,0.0,81.48567460145824,0.0,2.8360055273740086
2021-09-21 00:00:00+00:00,1025841.801576975,-0.0009341479891455096,0.14703153726587612,69.51022684653186,0.0,2.841939683541016
2021-09-22 00:00:00+00:00,1026330.3064521321,0.000476199034203982,0.14716901490521436,69.43410112621439,0.43088363440500976,2.8373374079438207
2021-09-23 00:00:00+00:00,1026374.8739738438,4.3424150521052195e-05,0.14709896651942542,69.47287135440145,0.39466484567475346,2.8377398201996984
2021-09-24 00:00:00+00:00,1025913.7050860327,-0.0004493181775051587,0.1470925791491279,69.47640845929921,0.35939838960507475,2.8436904248690116
2021-09-27 00:00:00+00:00,1025961.3223515968,4.641449405342247e-05,0.14715870022811842,69.43980775391738,0.3552465291036393,2.8439531401859135
2021-09-28 00:00:00+00:00,1026251.8254874684,0.00028315213209572867,0.14715187024851184,69.44358690197801,0.34763800018586055,2.8416340586259285
2021-09-29 00:00:00+00:00,1025723.3768459719,-0.0005149307688154076,0.14711021567728974,69.46664270641227,0.2916391780965082,2.848628161642142
2021-09-30 00:00:00+00:00,1025660.4440411207,-6.135455842366065e-05,0.14718600628066272,69.42470233803954,0.3210292616957784,2.849681415827619
2021-10-01 00:00:00+00:00,1024982.732763044,-0.0006607559860713303,0.14719503736718254,69.41970767098785,0.27294615983549786,2.7773804758286063
2021-10-04 00:00:00+00:00,1026192.3562531195,0.0011801403588671208,0.0,81.34783593357491,0.3127454094708426,2.772934116483203
2021-10-05 00:00:00+00:00,1026273.8000909174,7.936507936506443e-05,0.0,81.44383779786664,0.0,2.7676296570329573
2021-10-06 00:00:00+00:00,1026355.250392512,7.936507936512741e-05,0.0,81.45030159451726,0.0,2.7558940152766627
2021-10-07 00:00:00+00:00,1026436.7071584162,7.936507936511844e-05,0.0,81.45676590416761,0.0,2.750366635672967
2021-10-08 00:00:00+00:00,1026518.170389143,7.93650793651113e-05,0.0,81.46323072685843,0.0,2.742746070059578
2021-10-11 00:00:00+00:00,1026599.6400852057,7.936507936506631e-05,0.0,81.4696960626304,0.0,2.7446109851569958
2021-10-12 00:00:00+00:00,1026681.1162471172,7.936507936505725e-05,0.0,81.47616191152426,0.0,2.737001217464704
2021-10-13 00:00:00+00:00,1026762.5988753907,7.93650793650444e-05,0.0,81.48262827358073,0.0,2.7317729417413115
2021-10-14 00:00:00+00:00,1026844.0879705396,7.936507936510151e-05,0.0,81.48909514884053,0.0,2.7198044263632655
2021-10-15 00:00:00+00:00,1026925.5835330769,7.93650793650755e-05,0.0,81.49556253734441,0.0,2.711334653661503
2021-10-18 00:00:00+00:00,1027007.085563516,7.936507936504012e-05,0.0,81.5020304391331,0.0,2.7151144093571484
2021-10-19 00:00:00+00:00,1027088.5940623702,7.936507936506902e-05,0.0,81.5084988542473,0.0,2.7124845627116123
2021-10-20 00:00:00+00:00,1027170.109030153,7.936507936512254e-05,0.0,81.5149677827278,0.0,2.711673391154165
2021-10-21 00:00:00+00:00,1027251.6304673776,7.936507936504768e-05,0.0,81.52143722461533,0.0,2.7150900264563904
2021-10-22 00:00:00+00:00,1027333.1583745575,7.936507936503144e-05,0.0,81.5279071799506,0.0,2.7153251559621814
2021-10-25 00:00:00+00:00,1027414.6927522062,7.936507936503417e-05,0.0,81.53437764877441,0.0,2.712575811228575
2021-10-26 00:00:00+00:00,1027496.2336008374,7.936507936512947e-05,0.0,81.54084863112747,0.0,2.707908522516671
2021-10-27 00:00:00+00:00,1027577.7809209644,7.936507936505108e-05,0.0,81.54732012705058,0.0,2.7147611760314305
2021-10-28 00:00:00+00:00,1027659.334713101,7.936507936509923e-05,0.0,81.55379213658448,0.0,2.726462450085727
2021-10-29 00:00:00+00:00,1027740.8949777609,7.936507936512097e-05,0.0,81.56026465976993,0.0,2.73613961131059
2021-11-01 00:00:00+00:00,1027822.4617154575,7.93650793650766e-05,0.0,81.56673769664769,0.0,2.7389312441766163
2021-11-02 00:00:00+00:00,1027904.0349267047,7.936507936503978e-05,0.0,81.57321124725853,0.0,2.74461123448004
2021-11-03 00:00:00+00:00,1027985.6146120164,7.936507936508407e-05,0.0,81.57968531164323,0.0,2.727170675675974
2021-11-04 00:00:00+00:00,1028067.2007719062,7.936507936505654e-05,0.0,81.58615988984256,0.0,2.7408593471379383
2021-11-05 00:00:00+00:00,1028148.793406888,7.936507936503078e-05,0.0,81.59263498189732,0.0,2.7326538212561906
2021-11-08 00:00:00+00:00,1028230.3925174759,7.936507936508037e-05,0.0,81.59911058784826,0.0,2.7339394188316186
2021-11-09 00:00:00+00:00,1028311.9981041836,7.936507936505237e-05,0.0,81.60558670773618,0.0,2.7292310368161163
2021-11-10 00:00:00+00:00,1028393.6101675252,7.936507936513359e-05,0.0,81.61206334160187,0.0,2.7261722260529835
2021-11-11 00:00:00+00:00,1028475.2287080147,7.936507936505791e-05,0.0,81.61854048948614,0.0,2.7171353520825865
2021-11-12 00:00:00+00:00,1028556.8537261662,7.93650793651253e-05,0.0,81.62501815142974,0.0,2.7167255460115154
2021-11-15 00:00:00+00:00,1028638.4852224936,7.936507936506967e-05,0.0,81.63149632747351,0.0,2.713627255138582
2021-11-16 00:00:00+00:00,1028720.1231975113,7.936507936507775e-05,0.0,81.63797501765822,0.0,2.721809667186965
2021-11-17 00:00:00+00:00,1028801.7676517334,7.936507936510987e-05,0.0,81.6444542220247,0.0,2.7210174187421754
2021-11-18 00:00:00+00:00,1028883.418585674,7.936507936512632e-05,0.0,81.65093394061375,0.0,2.727001487329012
2021-11-19 00:00:00+00:00,1028965.0759998475,7.936507936508747e-05,0.0,81.6574141734662,0.0,2.731301402496973
2021-11-22 00:00:00+00:00,1029046.7398947681,7.93650793650668e-05,0.0,81.66389492062282,0.0,2.72352339638181
2021-11-23 00:00:00+00:00,1029128.4102709502,7.936507936502464e-05,0.0,81.67037618212446,0.0,2.723777037445217
2021-11-24 00:00:00+00:00,1029210.0871289081,7.936507936503445e-05,0.0,81.67685795801192,0.0,2.7244845359214183
2021-11-26 00:00:00+00:00,1029291.7704691564,7.936507936505654e-05,0.0,81.68334024832605,0.0,2.7316281858308584
2021-11-29 00:00:00+00:00,1029373.4602922095,7.936507936505126e-05,0.0,81.68982305310766,0.0,2.7280433597059925
2021-11-30 00:00:00+00:00,1029455.1565985819,7.936507936509202e-05,0.0,81.69630637239759,0.0,2.728126817344013
2021-12-01 00:00:00+00:00,1029536.8593887881,7.936507936502609e-05,0.0,81.70279020623666,0.0,2.7528582789772127
2021-12-02 00:00:00+00:00,1029618.5686633427,7.936507936503995e-05,0.0,81.70927455466573,0.0,2.754773070138186
2021-12-03 00:00:00+00:00,1029700.2844227605,7.936507936509395e-05,0.0,81.71575941772561,0.0,2.758351287699002
2021-12-06 00:00:00+00:00,1029782.0066675559,7.936507936503532e-05,0.0,81.72224479545719,0.0,2.74655446745857
2021-12-07 00:00:00+00:00,1029863.7353982438,7.936507936505054e-05,0.0,81.72873068790126,0.0,2.744727723123499
2021-12-08 00:00:00+00:00,1029945.4706153389,7.936507936509992e-05,0.0,81.7352170950987,0.0,2.7429518188527853
2021-12-09 00:00:00+00:00,1030027.2123193559,7.936507936503075e-05,0.0,81.74170401709038,0.0,2.7554851057606573
2021-12-10 00:00:00+00:00,1030108.9605108098,7.936507936502945e-05,0.0,81.74819145391713,0.0,2.76500830907821
2021-12-13 00:00:00+00:00,1030190.7151902154,7.936507936505634e-05,0.0,81.75467940561983,0.0,2.7630689255599448
2021-12-14 00:00:00+00:00,1030272.4763580876,7.936507936507173e-05,0.0,81.76116787223931,0.0,2.764515978907123
2021-12-15 00:00:00+00:00,1030354.2440149414,7.936507936503597e-05,0.0,81.76765685381648,0.0,2.778975753972243
2021-12-16 00:00:00+00:00,1030436.0181612918,7.936507936513538e-05,0.0,81.77414635039217,0.0,2.757012901757711
2021-12-17 00:00:00+00:00,1030517.7987976539,7.936507936510429e-05,0.0,81.78063636200729,0.0,2.7552767873087043
2021-12-20 00:00:00+00:00,1030599.5859245426,7.936507936512901e-05,0.0,81.78712688870269,0.0,2.7658227587178983
2021-12-21 00:00:00+00:00,1030681.3795424731,7.936507936505691e-05,0.0,81.79361793051926,0.0,2.7576572944242224
2021-12-22 00:00:00+00:00,1030763.1796519606,7.936507936507424e-05,0.0,81.80010948749786,0.0,2.758914155969545
2021-12-23 00:00:00+00:00,1030844.9862535202,7.93650793650284e-05,0.0,81.80660155967941,0.0,2.7583611618370125
2021-12-27 00:00:00+00:00,1030926.7993476674,7.936507936510555e-05,0.0,81.81309414710478,0.0,2.7602283500073774
2021-12-28 00:00:00+00:00,1031008.6189349171,7.93650793650402e-05,0.0,81.81958724981487,0.0,2.7622410967731184
2021-12-29 00:00:00+00:00,1031090.445015785,7.936507936513142e-05,0.0,81.82608086785056,0.0,2.758759990229793
2021-12-30 00:00:00+00:00,1031172.2775907863,7.936507936511372e-05,0.0,81.83257500125278,0.0,2.7522168527804522
2021-12-31 00:00:00+00:00,1031254.1166604364,7.936507936506035e-05,0.0,81.83906965006241,0.0,2.754985012968081
2022-01-03 00:00:00+00:00,1031335.9622252507,7.936507936504455e-05,0.0,81.84556481432035,0.0,2.6961653655536835
2022-01-04 00:00:00+00:00,1031417.8142857447,7.936507936502663e-05,0.0,81.85206049406752,0.0,2.6979949725469976
2022-01-05 00:00:00+00:00,1031499.672842434,7.936507936507981e-05,0.0,81.85855668934481,0.0,2.7116057771277577
2022-01-06 00:00:00+00:00,1031581.5378958342,7.936507936505154e-05,0.0,81.86505340019318,0.0,2.7210541714996688
2022-01-07 00:00:00+00:00,1031663.4094464609,7.936507936512787e-05,0.0,81.8715506266535,0.0,2.7194892264287462
2022-01-10 00:00:00+00:00,1031745.2874948296,7.936507936504341e-05,0.0,81.87804836876674,0.0,2.710321749064115
2022-01-11 00:00:00+00:00,1031827.1720414562,7.936507936509708e-05,0.0,81.88454662657378,0.0,2.7068085449559325
2022-01-12 00:00:00+00:00,1031909.0630868563,7.936507936502349e-05,0.0,81.89104540011557,0.0,2.6962229532692428
2022-01-13 00:00:00+00:00,1031990.9606315457,7.936507936512147e-05,0.0,81.89754468943303,0.0,2.7038648488427337
2022-01-14 00:00:00+00:00,1032072.8646760404,7.93650793651257e-05,0.0,81.90404449456712,0.0,2.7083964136080048
2022-01-18 00:00:00+00:00,1032154.775220856,7.936507936510932e-05,0.0,81.91054481555877,0.0,2.7147505373436625
2022-01-19 00:00:00+00:00,1032236.6922665084,7.936507936503268e-05,0.0,81.91704565244889,0.0,2.6819629300780945
2022-01-20 00:00:00+00:00,1032318.6158135136,7.93650793650817e-05,0.0,81.92354700527844,0.0,2.6889428668515096
2022-01-21 00:00:00+00:00,1032400.5458623877,7.93650793651039e-05,0.0,81.93004887408838,0.0,2.7003249035270107
2022-01-24 00:00:00+00:00,1032482.4824136466,7.936507936505962e-05,0.0,81.93655125891966,0.0,2.7125563993475277
2022-01-25 00:00:00+00:00,1032564.4254678065,7.936507936513471e-05,0.0,81.94305415981323,0.0,2.7088304681172803
2022-01-26 00:00:00+00:00,1032646.3750253833,7.9365079365064e-05,0.0,81.94955757681004,0.0,2.7164624225216465
2022-01-27 00:00:00+00:00,1032728.3310868932,7.936507936503333e-05,0.0,81.95606150995106,0.0,2.7261185457446775
2022-01-28 00:00:00+00:00,1032810.2936528525,7.936507936511575e-05,0.0,81.96256595927724,0.0,2.7318555916739085
2022-01-31 00:00:00+00:00,1032892.2627237773,7.936507936504612e-05,0.0,81.96907092482957,0.0,2.7156198036040067
2022-02-01 00:00:00+00:00,1032974.238300184,7.936507936512295e-05,0.0,81.975576406649,0.0,2.7090331763253452
2022-02-02 00:00:00+00:00,1033056.2203825888,7.936507936508114e-05,0.0,81.9820824047765,0.0,2.71165753086702
2022-02-03 00:00:00+00:00,1033138.2089715081,7.936507936510642e-05,0.0,81.98858891925308,0.0,2.7168118403207817
2022-02-04 00:00:00+00:00,1033220.2040674582,7.936507936504643e-05,0.0,81.99509595011969,0.0,2.715953456648476
2022-02-07 00:00:00+00:00,1033302.2056709556,7.93650793650869e-05,0.0,82.00160349741732,0.0,2.7050543725892076
2022-02-08 00:00:00+00:00,1033384.2137825168,7.936507936507543e-05,0.0,82.00811156118695,0.0,2.6990302279588976
2022-02-09 00:00:00+00:00,1033466.2284026582,7.936507936508506e-05,0.0,82.01462014146958,0.0,2.7038946921484652
2022-02-10 00:00:00+00:00,1033548.2495318966,7.936507936507609e-05,0.0,82.02112923830622,0.0,2.7202592527604996
2022-02-11 00:00:00+00:00,1033630.2771707483,7.93650793651215e-05,0.0,82.02763885173782,0.0,2.699665490596538
2022-02-14 00:00:00+00:00,1033712.3113197301,7.936507936506901e-05,0.0,82.03414898180543,0.0,2.690786891014153
2022-02-15 00:00:00+00:00,1033794.3519793587,7.936507936510418e-05,0.0,82.04065962855002,0.0,2.693582088654531
2022-02-16 00:00:00+00:00,1033876.3991501507,7.936507936507474e-05,0.0,82.0471707920126,0.0,2.681739504277738
2022-02-17 00:00:00+00:00,1033958.4528326229,7.936507936505364e-05,0.0,82.05368247223419,0.0,2.669753894176433
2022-02-18 00:00:00+00:00,1034040.5130272922,7.936507936511379e-05,0.0,82.0601946692558,0.0,2.6707008924831257
2022-02-22 00:00:00+00:00,1034122.5797346754,7.936507936510292e-05,0.0,82.06670738311843,0.0,2.6844953887313054
2022-02-23 00:00:00+00:00,1034204.6529552892,7.936507936509396e-05,0.0,82.07322061386313,0.0,2.6764245307425725
2022-02-24 00:00:00+00:00,1034286.7326896507,7.936507936504726e-05,0.0,82.0797343615309,0.0,2.687903905016304
2022-02-25 00:00:00+00:00,1034368.8189382768,7.93650793650357e-05,0.0,82.08624862616276,0.0,2.6738002995624464
2022-02-28 00:00:00+00:00,1034450.9117016847,7.936507936513217e-05,0.0,82.09276340779975,0.0,2.6820008214920446
2022-03-01 00:00:00+00:00,1034533.0109803912,7.936507936507187e-05,0.0,82.0992787064829,0.0,2.6729653288725954
2022-03-02 00:00:00+00:00,1034615.1167749134,7.936507936504027e-05,0.0,82.10579452225326,0.0,2.6657810020565167
2022-03-03 00:00:00+00:00,1034697.2290857686,7.93650793651102e-05,0.0,82.11231085515186,0.0,2.6648518399230694
2022-03-04 00:00:00+00:00,1034779.3479134738,7.936507936512944e-05,0.0,82.11882770521973,0.0,2.652013538277056
2022-03-07 00:00:00+00:00,1034861.4732585463,7.936507936505836e-05,0.0,82.12534507249792,0.0,2.6527797778430506
2022-03-08 00:00:00+00:00,1034943.6051215034,7.93650793650823e-05,0.0,82.13186295702748,0.0,2.670367082839569
2022-03-09 00:00:00+00:00,1035025.7435028622,7.93650793650491e-05,0.0,82.13838135884947,0.0,2.6510868958815355
2022-03-10 00:00:00+00:00,1035107.8884031401,7.936507936503157e-05,0.0,82.14490027800494,0.0,2.6410562324765374
2022-03-11 00:00:00+00:00,1035190.0398228547,7.936507936510249e-05,0.0,82.15141971453492,0.0,2.645550663264573
2022-03-14 00:00:00+00:00,1035272.1977625232,7.936507936510974e-05,0.0,82.15793966848054,0.0,2.659439599017018
2022-03-15 00:00:00+00:00,1035354.3622226631,7.936507936512611e-05,0.0,82.16446013988279,0.0,2.6375468098220813
2022-03-16 00:00:00+00:00,1035436.533203792,7.936507936511192e-05,0.0,82.17098112878278,0.0,2.6394030675390963
2022-03-17 00:00:00+00:00,1035518.7107064271,7.936507936502753e-05,0.0,82.17750263522159,0.0,2.632258871093921
2022-03-18 00:00:00+00:00,1035600.8947310863,7.936507936505814e-05,0.0,82.18402465924025,0.0,2.6311151126605212
2022-03-21 00:00:00+00:00,1035683.0852782872,7.936507936505162e-05,0.0,82.19054720087986,0.0,2.6212979698735563
2022-03-22 00:00:00+00:00,1035765.2823485474,7.936507936508075e-05,0.0,82.19707026018152,0.0,2.6235760181686043
2022-03-23 00:00:00+00:00,1035847.4859423846,7.936507936510582e-05,0.0,82.2035938371863,0.0,2.619215933414664
2022-03-24 00:00:00+00:00,1035929.6960603165,7.936507936508718e-05,0.0,82.21011793193529,0.0,2.6286567230844238
2022-03-25 00:00:00+00:00,1036011.912702861,7.936507936509757e-05,0.0,82.21664254446956,0.0,2.623810536336082
2022-03-28 00:00:00+00:00,1036094.1358705359,7.93650793650973e-05,0.0,82.22316767483024,0.0,2.6247463585368136
2022-03-29 00:00:00+00:00,1036176.3655638589,7.936507936504669e-05,0.0,82.2296933230584,0.0,2.6140598223580045
2022-03-30 00:00:00+00:00,1036258.6017833481,7.936507936513082e-05,0.0,82.23621948919515,0.0,2.615811381038072
2022-03-31 00:00:00+00:00,1036340.8445295214,7.936507936508529e-05,0.0,82.2427461732816,0.0,2.6201548057426485
2022-04-01 00:00:00+00:00,1036423.0938028968,7.936507936509514e-05,0.0,82.24927337535884,0.0,2.5732225603165433
2022-04-04 00:00:00+00:00,1036505.3496039923,7.936507936512069e-05,0.0,82.255801095468,0.0,2.583709132674155
2022-04-05 00:00:00+00:00,1036587.611933326,7.936507936512227e-05,0.0,82.26232933365019,0.0,2.593907888401282
2022-04-06 00:00:00+00:00,1036669.8807914159,7.936507936506022e-05,0.0,82.2688580899465,0.0,2.597109920716451
2022-04-07 00:00:00+00:00,1036752.1561787804,7.936507936511947e-05,0.0,82.27538736439809,0.0,2.5896507834100664
2022-04-08 00:00:00+00:00,1036834.4380959374,7.936507936503577e-05,0.0,82.28191715704607,0.0,2.5786879760447645
2022-04-11 00:00:00+00:00,1036916.7265434053,7.936507936510632e-05,0.0,82.28844746793153,0.0,2.5896146678526284
2022-04-12 00:00:00+00:00,1036999.0215217024,7.936507936506687e-05,0.0,82.29497829709567,0.0,2.5879718756385506
2022-04-13 00:00:00+00:00,1037081.323031347,7.936507936510232e-05,0.0,82.30150964457955,0.0,2.5763365489595444
2022-04-14 00:00:00+00:00,1037163.6310728574,7.93650793650607e-05,0.0,82.30804151042436,0.0,2.5724695210971724
2022-04-18 00:00:00+00:00,1037245.9456467521,7.93650793651269e-05,0.0,82.31457389467123,0.0,2.572315874692572
2022-04-19 00:00:00+00:00,1037328.2667535495,7.936507936503672e-05,0.0,82.32110679736128,0.0,2.5815379229538293
2022-04-20 00:00:00+00:00,1037410.594393768,7.936507936508723e-05,0.0,82.32764021853568,0.0,2.5779988479032445
2022-04-21 00:00:00+00:00,1037492.9285679263,7.936507936512649e-05,0.0,82.33417415823556,0.0,2.612084323921771
2022-04-22 00:00:00+00:00,1037575.2692765428,7.936507936511486e-05,0.0,82.34070861650208,0.0,2.6248816827182546
2022-04-25 00:00:00+00:00,1037657.6165201362,7.936507936512487e-05,0.0,82.34724359337642,0.0,2.6309629718453396
2022-04-26 00:00:00+00:00,1037739.9702992252,7.936507936511686e-05,0.0,82.3537790888997,0.0,2.6499426184413672
2022-04-27 00:00:00+00:00,1037822.3306143283,7.936507936505116e-05,0.0,82.36031510311311,0.0,2.6437771618081842
2022-04-28 00:00:00+00:00,1037904.6974659644,7.936507936511249e-05,0.0,82.3668516360578,0.0,2.6365876206875063
2022-04-29 00:00:00+00:00,1037987.0708546521,7.93650793650368e-05,0.0,82.37338868777495,0.0,2.642753686516109
2022-05-02 00:00:00+00:00,1038069.4507809104,7.936507936512093e-05,0.0,82.37992625830572,0.0,2.6363126288441876
2022-05-03 00:00:00+00:00,1038151.8372452582,7.936507936510087e-05,0.0,82.3864643476913,0.0,2.623803598955773
2022-05-04 00:00:00+00:00,1038234.2302482141,7.936507936504913e-05,0.0,82.39300295597288,0.0,2.625640332831343
2022-05-05 00:00:00+00:00,1038316.6297902972,7.936507936503819e-05,0.0,82.39954208319159,0.0,2.643706399798082
2022-05-06 00:00:00+00:00,1038399.0358720266,7.936507936502835e-05,0.0,82.40608172938867,0.0,2.6539804249639
2022-05-09 00:00:00+00:00,1038481.4484939212,7.936507936509209e-05,0.0,82.41262189460528,0.0,2.681524477071862
2022-05-10 00:00:00+00:00,1038563.8676565001,7.936507936507759e-05,0.0,82.41916257888263,0.0,2.6839765067345644
2022-05-11 00:00:00+00:00,1038646.2933602823,7.93650793650573e-05,0.0,82.4257037822619,0.0,2.6931973725704115
2022-05-12 00:00:00+00:00,1038728.7256057871,7.936507936510366e-05,0.0,82.4322455047843,0.0,2.7081340471243176
2022-05-13 00:00:00+00:00,1038811.1643935336,7.936507936506489e-05,0.0,82.43878774649104,0.0,2.6875102081916187
2022-05-16 00:00:00+00:00,1038893.6097240411,7.93650793651255e-05,0.0,82.44533050742331,0.0,2.688405856932047
2022-05-17 00:00:00+00:00,1038976.0615978288,7.936507936513372e-05,0.0,82.4518737876223,0.0,2.682056395153018
2022-05-18 00:00:00+00:00,1039058.5200154159,7.936507936504992e-05,0.0,82.45841758712926,0.0,2.6998471707266525
2022-05-19 00:00:00+00:00,1039140.9849773218,7.936507936505851e-05,0.0,82.46496190598539,0.0,2.6749015883849157
2022-05-20 00:00:00+00:00,1039223.4564840661,7.936507936511983e-05,0.0,82.47150674423189,0.0,2.6748668475168995
2022-05-23 00:00:00+00:00,1039305.934536168,7.936507936508216e-05,0.0,82.47805210191001,0.0,2.6777504935542384
2022-05-24 00:00:00+00:00,1039388.4191341471,7.936507936512989e-05,0.0,82.48459797906095,0.0,2.675978793056929
2022-05-25 00:00:00+00:00,1039470.9102785229,7.936507936511132e-05,0.0,82.49114437572597,0.0,2.6715262392322865
2022-05-26 00:00:00+00:00,1039553.4079698148,7.936507936509881e-05,0.0,82.49769129194625,0.0,2.6756434031537357
2022-05-27 00:00:00+00:00,1039635.9122085426,7.93650793650527e-05,0.0,82.50423872776308,0.0,2.672838430194665
2022-05-31 00:00:00+00:00,1039718.4229952258,7.936507936504528e-05,0.0,82.51078668321766,0.0,2.681782169656954
2022-06-01 00:00:00+00:00,1039800.9403303841,7.93650793650369e-05,0.0,82.51733515835124,0.0,2.682715591625074
2022-06-02 00:00:00+00:00,1039883.4642145373,7.936507936509986e-05,0.0,82.52388415320509,0.0,2.6639237833959784
2022-06-03 00:00:00+00:00,1039965.9946482051,7.93650793650825e-05,0.0,82.53043366782042,0.0,2.672131277197534
2022-06-06 00:00:00+00:00,1040048.5316319073,7.936507936505713e-05,0.0,82.5369837022385,0.0,2.6724571685901792
2022-06-07 00:00:00+00:00,1040131.0751661638,7.936507936509601e-05,0.0,82.54353425650058,0.0,2.672259726474811
2022-06-08 00:00:00+00:00,1040213.6252514945,7.936507936504754e-05,0.0,82.55008533064793,0.0,2.676326637842055
2022-06-09 00:00:00+00:00,1040296.1818884192,7.936507936509591e-05,0.0,82.55663692472179,0.0,2.700461054645474
2022-06-10 00:00:00+00:00,1040378.745077458,7.936507936508953e-05,0.0,82.56318903876343,0.0,2.680005736636236
2022-06-13 00:00:00+00:00,1040461.3148191308,7.936507936510063e-05,0.0,82.56974167281413,0.0,2.7034319529569864
2022-06-14 00:00:00+00:00,1040543.8911139577,7.936507936508954e-05,0.0,82.57629482691515,0.0,2.716281877213576
2022-06-15 00:00:00+00:00,1040626.4739624589,7.936507936512849e-05,0.0,82.58284850110776,0.0,2.712587868915534
2022-06-16 00:00:00+00:00,1040709.0633651543,7.936507936506593e-05,0.0,82.58940269543325,0.0,2.7097870092780596
2022-06-17 00:00:00+00:00,1040791.6593225643,7.936507936508594e-05,0.0,82.59595740993288,0.0,2.7105908088655823
2022-06-21 00:00:00+00:00,1040874.2618352089,7.936507936503699e-05,0.0,82.60251264464796,0.0,2.7075521421068203
2022-06-22 00:00:00+00:00,1040956.8709036085,7.93650793651031e-05,0.0,82.60906839961974,0.0,2.7188725366604585
2022-06-23 00:00:00+00:00,1041039.4865282835,7.936507936513275e-05,0.0,82.61562467488956,0.0,2.739401911189134
2022-06-24 00:00:00+00:00,1041122.108709754,7.936507936508629e-05,0.0,82.62218147049869,0.0,2.723432208405819
2022-06-27 00:00:00+00:00,1041204.7374485404,7.936507936503587e-05,0.0,82.62873878648841,0.0,2.7253700242194556
2022-06-28 00:00:00+00:00,1041287.3727451633,7.936507936505367e-05,0.0,82.63529662290003,0.0,2.7377055758895823
2022-06-29 00:00:00+00:00,1041370.0146001431,7.936507936509999e-05,0.0,82.64185497977486,0.0,2.749993389474675
2022-06-30 00:00:00+00:00,1041452.6630140003,7.936507936513513e-05,0.0,82.64841385715421,0.0,2.769543038688179
2022-07-01 00:00:00+00:00,1041535.3179872554,7.936507936511947e-05,0.0,82.65497325507938,0.0,2.5984223415099827
2022-07-05 00:00:00+00:00,1041617.979520429,7.936507936512509e-05,0.0,82.66153317359169,0.0,2.609913313656891
2022-07-06 00:00:00+00:00,1041700.6476140418,7.936507936511235e-05,0.0,82.66809361273246,0.0,2.6014060585966927
2022-07-07 00:00:00+00:00,1041783.3222686143,7.936507936504158e-05,0.0,82.674654572543,0.0,2.5895958874297644
2022-07-08 00:00:00+00:00,1041866.0034846674,7.936507936509662e-05,0.0,82.68121605306463,0.0,2.5921638305991253
2022-07-11 00:00:00+00:00,1041948.6912627218,7.936507936512604e-05,0.0,82.68777805433868,0.0,2.6002658608314353
2022-07-12 00:00:00+00:00,1042031.3856032982,7.936507936509017e-05,0.0,82.69434057640649,0.0,2.606475638022973
2022-07-13 00:00:00+00:00,1042114.0865069175,7.936507936506108e-05,0.0,82.70090361930939,0.0,2.59341457439392
2022-07-14 00:00:00+00:00,1042196.7939741006,7.936507936511083e-05,0.0,82.7074671830887,0.0,2.6136019808322635
2022-07-15 00:00:00+00:00,1042279.5080053684,7.936507936508801e-05,0.0,82.71403126778576,0.0,2.616590110069461
2022-07-18 00:00:00+00:00,1042362.2286012418,7.936507936506469e-05,0.0,82.72059587344194,0.0,2.6117200406243564
2022-07-19 00:00:00+00:00,1042444.955762242,7.936507936511288e-05,0.0,82.72716100009856,0.0,2.606082586858929
2022-07-20 00:00:00+00:00,1042527.6894888898,7.936507936508121e-05,0.0,82.73372664779698,0.0,2.6160981347299606
2022-07-21 00:00:00+00:00,1042610.4297817063,7.93650793650417e-05,0.0,82.74029281657856,0.0,2.615868140879404
2022-07-22 00:00:00+00:00,1042693.1766412128,7.936507936506637e-05,0.0,82.74685950648463,0.0,2.632175905044705
2022-07-25 00:00:00+00:00,1042775.9300679304,7.936507936511552e-05,0.0,82.75342671755656,0.0,2.650952796142249
2022-07-26 00:00:00+00:00,1042858.6900623802,7.936507936503783e-05,0.0,82.75999444983574,0.0,2.633912324390869
2022-07-27 00:00:00+00:00,1042941.4566250836,7.936507936512857e-05,0.0,82.7665627033635,0.0,2.632260848091278
2022-07-28 00:00:00+00:00,1043024.2297565618,7.936507936512478e-05,0.0,82.77313147818124,0.0,2.627762325116112
2022-07-29 00:00:00+00:00,1043107.0094573362,7.936507936509845e-05,0.0,82.77970077433031,0.0,2.6297493221704507
2022-08-01 00:00:00+00:00,1043189.795727928,7.93650793651215e-05,0.0,82.78627059185207,0.0,2.63382838285125
2022-08-02 00:00:00+00:00,1043272.5885688588,7.936507936504266e-05,0.0,82.79284093078795,0.0,2.6342843936587763
2022-08-03 00:00:00+00:00,1043355.38798065,7.93650793650455e-05,0.0,82.79941179117927,0.0,2.6483765109659463
2022-08-04 00:00:00+00:00,1043438.193963823,7.936507936509029e-05,0.0,82.80598317306746,0.0,2.6382883426610637
2022-08-05 00:00:00+00:00,1043521.0065188995,7.93650793650258e-05,0.0,82.8125550764939,0.0,2.6283283866913147
2022-08-08 00:00:00+00:00,1043603.8256464009,7.936507936503552e-05,0.0,82.81912750149996,0.0,2.6218577157820424
2022-08-09 00:00:00+00:00,1043686.651346849,7.936507936507976e-05,0.0,82.82570044812705,0.0,2.6268406158976174
2022-08-10 00:00:00+00:00,1043769.4836207655,7.936507936511883e-05,0.0,82.8322739164166,0.0,2.619819454701004
2022-08-11 00:00:00+00:00,1043852.322468672,7.936507936511308e-05,0.0,82.83884790640997,0.0,2.6274254610262076
2022-08-12 00:00:00+00:00,1043935.1678910902,7.936507936513439e-05,0.0,82.84542241814857,0.0,2.6230259618272926
2022-08-15 00:00:00+00:00,1044018.0198885418,7.936507936503155e-05,0.0,82.85199745167382,0.0,2.6255984867727142
2022-08-16 00:00:00+00:00,1044100.8784615488,7.936507936509946e-05,0.0,82.85857300702712,0.0,2.620789831194018
2022-08-17 00:00:00+00:00,1044183.7436106331,7.936507936507542e-05,0.0,82.86514908424991,0.0,2.641697485915348
2022-08-18 00:00:00+00:00,1044266.6153363164,7.936507936503127e-05,0.0,82.87172568338357,0.0,2.6392900011534524
2022-08-19 00:00:00+00:00,1044349.4936391208,7.936507936503883e-05,0.0,82.87830280446956,0.0,2.648261809696029
2022-08-22 00:00:00+00:00,1044432.3785195684,7.936507936505841e-05,0.0,82.88488044754928,0.0,2.6411675360355056
2022-08-23 00:00:00+00:00,1044515.269978181,7.936507936505036e-05,0.0,82.89145861266415,0.0,2.6356786969447823
2022-08-24 00:00:00+00:00,1044598.1680154809,7.936507936508648e-05,0.0,82.89803729985563,0.0,2.6306873353416287
2022-08-25 00:00:00+00:00,1044681.0726319901,7.936507936512707e-05,0.0,82.90461650916515,0.0,2.630036390535993
2022-08-26 00:00:00+00:00,1044763.9838282308,7.936507936513246e-05,0.0,82.91119624063413,0.0,2.6533163413288423
2022-08-29 00:00:00+00:00,1044846.901604725,7.936507936506302e-05,0.0,82.91777649430402,0.0,2.6631118354128342
2022-08-30 00:00:00+00:00,1044929.8259619953,7.936507936510193e-05,0.0,82.92435727021628,0.0,2.669921079968734
2022-08-31 00:00:00+00:00,1045012.7569005637,7.936507936509808e-05,0.0,82.93093856841233,0.0,2.67138987020813
2022-09-01 00:00:00+00:00,1045095.6944209527,7.936507936512322e-05,0.0,82.93752038893363,0.0,2.68653853326921
2022-09-02 00:00:00+00:00,1045178.6385236845,7.93650793650263e-05,0.0,82.94410273182164,0.0,2.6744300094579287
2022-09-06 00:00:00+00:00,1045261.5892092816,7.936507936510181e-05,0.0,82.95068559711781,0.0,2.6781915799281544
2022-09-07 00:00:00+00:00,1045344.5464782665,7.936507936508731e-05,0.0,82.95726898486362,0.0,2.6576088522627628
2022-09-08 00:00:00+00:00,1045427.5103311616,7.93650793650545e-05,0.0,82.96385289510052,0.0,2.6537234052489382
2022-09-09 00:00:00+00:00,1045510.4807684894,7.936507936507511e-05,0.0,82.97043732786996,0.0,2.6360828081816003
2022-09-12 00:00:00+00:00,1045593.4577907727,7.936507936510942e-05,0.0,82.97702228321344,0.0,2.629902621242904
2022-09-13 00:00:00+00:00,1045676.4413985339,7.93650793651178e-05,0.0,82.98360776117244,0.0,2.6470778592021436
2022-09-14 00:00:00+00:00,1045759.4315922956,7.936507936506057e-05,0.0,82.9901937617884,0.0,2.64331899670094
2022-09-15 00:00:00+00:00,1045842.4283725808,7.936507936512073e-05,0.0,82.99678028510283,0.0,2.6467016703945316
2022-09-16 00:00:00+00:00,1045925.4317399119,7.936507936503596e-05,0.0,83.00336733115721,0.0,2.6445522432828534
2022-09-19 00:00:00+00:00,1046008.4416948119,7.936507936510053e-05,0.0,83.009954899993,0.0,2.631382064969672
2022-09-20 00:00:00+00:00,1046091.4582378035,7.936507936505217e-05,0.0,83.01654299165173,0.0,2.64505247002068
2022-09-21 00:00:00+00:00,1046174.4813694097,7.936507936507378e-05,0.0,83.02313160617489,0.0,2.652277707910801
2022-09-22 00:00:00+00:00,1046257.5110901534,7.936507936512571e-05,0.0,83.02972074360395,0.0,2.645807613041233
2022-09-23 00:00:00+00:00,1046340.5474005573,7.9365079365057e-05,0.0,83.03631040398042,0.0,2.6742178943835198
2022-09-26 00:00:00+00:00,1046423.5903011446,7.936507936505055e-05,0.0,83.04290058734581,0.0,2.686129629930114
2022-09-27 00:00:00+00:00,1046506.6397924384,7.936507936506667e-05,0.0,83.04949129374164,0.0,2.677984016451166
2022-09-28 00:00:00+00:00,1046589.6958749616,7.936507936506568e-05,0.0,83.0560825232094,0.0,2.6489695306011742
2022-09-29 00:00:00+00:00,1046672.7585492374,7.936507936511916e-05,0.0,83.0626742757906,0.0,2.6440023502268124
2022-09-30 00:00:00+00:00,1046755.8278157889,7.936507936507621e-05,0.0,83.06926655152678,0.0,2.6280877213132796
2022-10-03 00:00:00+00:00,1046838.9036751394,7.93650793651196e-05,0.0,83.07585935045944,0.0,2.612959153008231
2022-10-04 00:00:00+00:00,1046921.9861278121,7.936507936509846e-05,0.0,83.08245267263011,0.0,2.60719433413447
2022-10-05 00:00:00+00:00,1047005.0751743302,7.936507936508434e-05,0.0,83.08904651808032,0.0,2.612335529700607
2022-10-06 00:00:00+00:00,1047088.170815217,7.936507936503754e-05,0.0,83.0956408868516,0.0,2.6015821015426
2022-10-07 00:00:00+00:00,1047171.2730509959,7.936507936502963e-05,0.0,83.10223577898547,0.0,2.63041956118157
2022-10-10 00:00:00+00:00,1047254.3818821905,7.936507936513207e-05,0.0,83.10883119452349,0.0,2.6257172544275407
2022-10-11 00:00:00+00:00,1047337.497309324,7.936507936508283e-05,0.0,83.11542713350718,0.0,2.6317586249682465
2022-10-12 00:00:00+00:00,1047420.61933292,7.936507936506465e-05,0.0,83.12202359597809,0.0,2.63103175755664
2022-10-13 00:00:00+00:00,1047503.7479535019,7.936507936503779e-05,0.0,83.12862058197777,0.0,2.634705640541279
2022-10-14 00:00:00+00:00,1047586.8831715934,7.936507936507377e-05,0.0,83.13521809154777,0.0,2.6547031281145475
2022-10-17 00:00:00+00:00,1047670.0249877182,7.936507936513287e-05,0.0,83.14181612472963,0.0,2.6287965461895557
2022-10-18 00:00:00+00:00,1047753.1734023998,7.936507936506434e-05,0.0,83.14841468156494,0.0,2.624552114276616
2022-10-19 00:00:00+00:00,1047836.3284161618,7.936507936505073e-05,0.0,83.15501376209522,0.0,2.6389737669069073
2022-10-20 00:00:00+00:00,1047919.4900295282,7.936507936505237e-05,0.0,83.16161336636205,0.0,2.6275960161305103
2022-10-21 00:00:00+00:00,1048002.6582430225,7.936507936502961e-05,0.0,83.168213494407,0.0,2.6088348374532715
2022-10-24 00:00:00+00:00,1048085.8330571688,7.936507936505386e-05,0.0,83.17481414627163,0.0,2.6169066366271165
2022-10-25 00:00:00+00:00,1048169.0144724908,7.936507936508544e-05,0.0,83.18141532199752,0.0,2.608808384896009
2022-10-26 00:00:00+00:00,1048252.2024895124,7.936507936508468e-05,0.0,83.18801702162625,0.0,2.5818815999962452
2022-10-27 00:00:00+00:00,1048335.3971087576,7.936507936512299e-05,0.0,83.19461924519939,0.0,2.5968309274120798
2022-10-28 00:00:00+00:00,1048418.5983307504,7.936507936504963e-05,0.0,83.20122199275855,0.0,2.59264327872744
2022-10-31 00:00:00+00:00,1048501.8061560147,7.936507936504706e-05,0.0,83.20782526434526,0.0,2.5984229291166487
2022-11-01 00:00:00+00:00,1048585.0205850748,7.936507936518662e-05,0.0,83.21442906000117,0.0,2.589060218407049
2022-11-02 00:00:00+00:00,1048668.2416184545,7.93650793649845e-05,0.0,83.22103337976785,0.0,2.628266623010532
2022-11-03 00:00:00+00:00,1048751.4692566781,7.936507936506724e-05,0.0,83.22763822368687,0.0,2.646728083271919
2022-11-04 00:00:00+00:00,1048834.70350027,7.936507936506206e-05,0.0,83.23424359179985,0.0,2.5983792797618306
2022-11-07 00:00:00+00:00,1048917.9443497541,7.936507936515132e-05,0.0,83.2408494841484,0.0,2.5932966316247312
2022-11-08 00:00:00+00:00,1049001.191805655,7.936507936507333e-05,0.0,83.24745590077414,0.0,2.5717178139675445
2022-11-09 00:00:00+00:00,1049084.4458684966,7.936507936501048e-05,0.0,83.25406284171865,0.0,2.5768013161355485
2022-11-10 00:00:00+00:00,1049167.7065388036,7.936507936514497e-05,0.0,83.26067030702353,0.0,2.5558635600956072
2022-11-11 00:00:00+00:00,1049250.9738171003,7.936507936499329e-05,0.0,83.26727829673045,0.0,2.5561657358793823
2022-11-14 00:00:00+00:00,1049334.2477039113,7.936507936518155e-05,0.0,83.27388681088098,0.0,2.559670597932971
2022-11-15 00:00:00+00:00,1049417.5281997607,7.936507936500431e-05,0.0,83.28049584951677,0.0,2.577254315666229
2022-11-16 00:00:00+00:00,1049500.8153051734,7.936507936508765e-05,0.0,83.28710541267942,0.0,2.581282776226708
2022-11-17 00:00:00+00:00,1049584.109020674,7.936507936516994e-05,0.0,83.29371550041058,0.0,2.587484221838679
2022-11-18 00:00:00+00:00,1049667.4093467866,7.93650793649897e-05,0.0,83.3003261127519,0.0,2.5752539050948657
2022-11-21 00:00:00+00:00,1049750.7162840364,7.93650793651728e-05,0.0,83.30693724974496,0.0,2.572462328607648
2022-11-22 00:00:00+00:00,1049834.0298329478,7.936507936501404e-05,0.0,83.31354891143145,0.0,2.5430511882822096
2022-11-23 00:00:00+00:00,1049917.3499940457,7.936507936513923e-05,0.0,83.320161097853,0.0,2.5372935985803835
2022-11-25 00:00:00+00:00,1050000.6767678547,7.936507936506507e-05,0.0,83.32677380905125,0.0,2.546231060483577
2022-11-28 00:00:00+00:00,1050084.0101548997,7.936507936497372e-05,0.0,83.33338704506784,0.0,2.5687367085203596
2022-11-29 00:00:00+00:00,1050167.3501557056,7.936507936504723e-05,0.0,83.34000080594441,0.0,2.550805196538033
2022-11-30 00:00:00+00:00,1050250.6967707973,7.936507936502418e-05,0.0,83.34661509172267,0.0,2.5398094028818887
2022-12-01 00:00:00+00:00,1050334.0500006997,7.936507936508663e-05,0.0,83.35322990244423,0.0,2.535200493627291
2022-12-02 00:00:00+00:00,1050417.4098459377,7.936507936497321e-05,0.0,83.35984523815077,0.0,2.530003323536836
2022-12-05 00:00:00+00:00,1050500.7763070366,7.936507936508762e-05,0.0,83.36646109888395,0.0,2.544051177776446
2022-12-06 00:00:00+00:00,1050584.1493845214,7.936507936516847e-05,0.0,83.37307748468545,0.0,2.544677090594399
2022-12-07 00:00:00+00:00,1050667.529078917,7.936507936517614e-05,0.0,83.37969439559694,0.0,2.5388928765879752
2022-12-08 00:00:00+00:00,1050750.9153907488,7.936507936507096e-05,0.0,83.3863118316601,0.0,2.5370146434544982
2022-12-09 00:00:00+00:00,1050834.3083205416,7.936507936503489e-05,0.0,83.39292979291656,0.0,2.553294647271567
2022-12-12 00:00:00+00:00,1050917.707868821,7.936507936502824e-05,0.0,83.39954827940807,0.0,2.5461968703292923
2022-12-13 00:00:00+00:00,1051001.114036112,7.936507936501136e-05,0.0,83.40616729117627,0.0,2.5435906154392964
2022-12-14 00:00:00+00:00,1051084.5268229404,7.936507936516607e-05,0.0,83.41278682826287,0.0,2.5447862886743096
2022-12-15 00:00:00+00:00,1051167.946229831,7.936507936500968e-05,0.0,83.41940689070955,0.0,2.563292139975313
2022-12-16 00:00:00+00:00,1051251.3722573097,7.936507936516706e-05,0.0,83.42602747855803,0.0,2.562404498105265
2022-12-19 00:00:00+00:00,1051334.8049059017,7.936507936515553e-05,0.0,83.43264859184998,0.0,2.588930378808844
2022-12-20 00:00:00+00:00,1051418.2441761324,7.936507936515691e-05,0.0,83.43927023062712,0.0,2.568289926606795
2022-12-21 00:00:00+00:00,1051501.6900685274,7.936507936513154e-05,0.0,83.44589239493114,0.0,2.5647434221583856
2022-12-22 00:00:00+00:00,1051585.1425836121,7.936507936503978e-05,0.0,83.45251508480376,0.0,2.5582959231193807
2022-12-23 00:00:00+00:00,1051668.6017219124,7.936507936506336e-05,0.0,83.45913830028668,0.0,2.5600141384024755
2022-12-27 00:00:00+00:00,1051752.067483954,7.936507936516259e-05,0.0,83.46576204142161,0.0,2.550266195335212
2022-12-28 00:00:00+00:00,1051835.5398702621,7.936507936507644e-05,0.0,83.47238630825031,0.0,2.5683283547680427
2022-12-29 00:00:00+00:00,1051919.0188813629,7.936507936498661e-05,0.0,83.47901110081446,0.0,2.570710266001946
2022-12-30 00:00:00+00:00,1052002.504517782,7.93650793650748e-05,0.0,83.48563641915578,0.0,2.5788178507020425
2023-01-03 00:00:00+00:00,1052085.9967800453,7.936507936507996e-05,0.0,83.49226226331604,0.0,2.3576957330501185
2023-01-04 00:00:00+00:00,1052169.4956686788,7.936507936518376e-05,0.0,83.49888863333693,0.0,2.3318350099326133
2023-01-05 00:00:00+00:00,1052253.001184208,7.936507936512523e-05,0.0,83.50551552926022,0.0,2.328688017197781
2023-01-06 00:00:00+00:00,1052336.5133271592,7.936507936508599e-05,0.0,83.51214295112763,0.0,2.3235689948320486
2023-01-09 00:00:00+00:00,1052420.0320980581,7.936507936502639e-05,0.0,83.51877089898089,0.0,2.333109013455385
2023-01-10 00:00:00+00:00,1052503.557497431,7.9365079365128e-05,0.0,83.52539937286176,0.0,2.3207629460030748
2023-01-11 00:00:00+00:00,1052587.089525804,7.936507936512989e-05,0.0,83.532028372812,0.0,2.327867783543142
2023-01-12 00:00:00+00:00,1052670.6281837027,7.936507936499243e-05,0.0,83.53865789887332,0.0,2.323064216993936
2023-01-13 00:00:00+00:00,1052754.1734716538,7.936507936511836e-05,0.0,83.54528795108752,0.0,2.323347148736458
2023-01-17 00:00:00+00:00,1052837.7253901833,7.936507936502559e-05,0.0,83.55191852949633,0.0,2.3462927237446403
2023-01-18 00:00:00+00:00,1052921.2839398175,7.936507936511682e-05,0.0,83.55854963414153,0.0,2.3526238253806593
2023-01-19 00:00:00+00:00,1053004.8491210826,7.93650793651312e-05,0.0,83.56518126506488,0.0,2.346069754073229
2023-01-20 00:00:00+00:00,1053088.4209345048,7.936507936502911e-05,0.0,83.57181342230814,0.0,2.3321700595632984
2023-01-23 00:00:00+00:00,1053171.9993806107,7.936507936499198e-05,0.0,83.57844610591309,0.0,2.335659713961772
2023-01-24 00:00:00+00:00,1053255.5844599265,7.936507936498015e-05,0.0,83.58507931592148,0.0,2.3306214281534783
2023-01-25 00:00:00+00:00,1053339.176172979,7.936507936517498e-05,0.0,83.59171305237511,0.0,2.3219369419098315
2023-01-26 00:00:00+00:00,1053422.7745202943,7.936507936509468e-05,0.0,83.59834731531579,0.0,2.324192982594582
2023-01-27 00:00:00+00:00,1053506.3795023991,7.93650793651417e-05,0.0,83.60498210478526,0.0,2.3358209544679545
2023-01-30 00:00:00+00:00,1053589.99111982,7.936507936505535e-05,0.0,83.61161742082533,0.0,2.3447883168288755
2023-01-31 00:00:00+00:00,1053673.6093730833,7.936507936501698e-05,0.0,83.61825326347777,0.0,2.3429293141954224
2023-02-01 00:00:00+00:00,1053757.234262716,7.936507936498691e-05,0.0,83.62488963278439,0.0,2.3362345190982934
2023-02-02 00:00:00+00:00,1053840.8657892449,7.936507936514642e-05,0.0,83.63152652878699,0.0,2.345317970291251
2023-02-03 00:00:00+00:00,1053924.5039531963,7.936507936501392e-05,0.0,83.63816395152737,0.0,2.3539436033714227
2023-02-06 00:00:00+00:00,1054008.1487550973,7.936507936499168e-05,0.0,83.64480190104733,0.0,2.3590599486940524
2023-02-07 00:00:00+00:00,1054091.8001954746,7.936507936504e-05,0.0,83.65144037738868,0.0,2.3505403133314378
2023-02-08 00:00:00+00:00,1054175.4582748553,7.936507936511916e-05,0.0,83.65807938059322,0.0,2.359628649626148
2023-02-09 00:00:00+00:00,1054259.122993766,7.936507936518952e-05,0.0,83.6647189107028,0.0,2.366647011799882
2023-02-10 00:00:00+00:00,1054342.7943527338,7.936507936499056e-05,0.0,83.67135896775922,0.0,2.373825569891569
2023-02-13 00:00:00+00:00,1054426.4723522856,7.936507936514518e-05,0.0,83.67799955180426,0.0,2.368505159103379
2023-02-14 00:00:00+00:00,1054510.1569929486,7.936507936517198e-05,0.0,83.68464066287981,0.0,2.368298203806727
2023-02-15 00:00:00+00:00,1054593.8482752496,7.936507936503135e-05,0.0,83.69128230102767,0.0,2.383061291110857
2023-02-16 00:00:00+00:00,1054677.546199716,7.936507936512523e-05,0.0,83.69792446628965,0.0,2.3844785291794057
2023-02-17 00:00:00+00:00,1054761.2507668745,7.936507936497233e-05,0.0,83.70456715870762,0.0,2.395535072964362
2023-02-21 00:00:00+00:00,1054844.9619772527,7.936507936497458e-05,0.0,83.71121037832337,0.0,2.400446708670279
2023-02-22 00:00:00+00:00,1054928.679831378,7.936507936509225e-05,0.0,83.71785412517879,0.0,2.414433267132075
2023-02-23 00:00:00+00:00,1055012.4043297772,7.936507936506495e-05,0.0,83.7244983993157,0.0,2.4169751141577973
2023-02-24 00:00:00+00:00,1055096.135472978,7.936507936507373e-05,0.0,83.73114320077597,0.0,2.418678834601018
2023-02-27 00:00:00+00:00,1055179.8732615076,7.93650793650789e-05,0.0,83.73778852960143,0.0,2.415949908579159
2023-02-28 00:00:00+00:00,1055263.6176958934,7.936507936504084e-05,0.0,83.74443438583394,0.0,2.4132965542904934
2023-03-01 00:00:00+00:00,1055347.368776663,7.93650793651405e-05,0.0,83.75108076951535,0.0,2.3999828494978686
2023-03-02 00:00:00+00:00,1055431.1265043437,7.936507936511756e-05,0.0,83.75772768068754,0.0,2.3977679086372143
2023-03-03 00:00:00+00:00,1055514.8908794632,7.936507936515298e-05,0.0,83.76437511939235,0.0,2.396743758018655
2023-03-06 00:00:00+00:00,1055598.6619025487,7.936507936498653e-05,0.0,83.77102308567169,0.0,2.40693238360427
2023-03-07 00:00:00+00:00,1055682.4395741282,7.936507936501971e-05,0.0,83.77767157956735,0.0,2.4251105714464654
2023-03-08 00:00:00+00:00,1055766.2238947293,7.936507936499225e-05,0.0,83.7843206011213,0.0,2.42649285779876
2023-03-09 00:00:00+00:00,1055850.0148648797,7.936507936508503e-05,0.0,83.79097015037534,0.0,2.4374629270536623
2023-03-10 00:00:00+00:00,1055933.812485107,7.936507936503785e-05,0.0,83.7976202273714,0.0,2.4418228683847363
2023-03-13 00:00:00+00:00,1056017.616755939,7.936507936503158e-05,0.0,83.80427083215135,0.0,2.40889999963087
2023-03-14 00:00:00+00:00,1056101.4276779038,7.936507936502652e-05,0.0,83.81092196475707,0.0,2.4035531340546137
2023-03-15 00:00:00+00:00,1056185.245251529,7.936507936498302e-05,0.0,83.81757362523047,0.0,2.4096375216737176
2023-03-16 00:00:00+00:00,1056269.0694773425,7.936507936508189e-05,0.0,83.82422581361341,0.0,2.4192477808256982
2023-03-17 00:00:00+00:00,1056352.9003558725,7.936507936506295e-05,0.0,83.83087852994782,0.0,2.3975451145506974
2023-03-20 00:00:00+00:00,1056436.7378876468,7.936507936510703e-05,0.0,83.83753177427559,0.0,2.3918996882045316
2023-03-21 00:00:00+00:00,1056520.5820731935,7.93650793651744e-05,0.0,83.84418554663863,0.0,2.4021544312138454
2023-03-22 00:00:00+00:00,1056604.4329130405,7.936507936500503e-05,0.0,83.85083984707884,0.0,2.4028878129891735
2023-03-23 00:00:00+00:00,1056688.290407716,7.936507936500006e-05,0.0,83.85749467563814,0.0,2.393033596725512
2023-03-24 00:00:00+00:00,1056772.1545577485,7.936507936511974e-05,0.0,83.86415003235842,0.0,2.377313983373202
2023-03-27 00:00:00+00:00,1056856.0253636658,7.936507936510407e-05,0.0,83.87080591728163,0.0,2.3722737679708836
2023-03-28 00:00:00+00:00,1056939.9028259963,7.936507936513372e-05,0.0,83.87746233044966,0.0,2.3575008723658013
2023-03-29 00:00:00+00:00,1057023.7869452683,7.936507936516901e-05,0.0,83.88411927190447,0.0,2.360492726586672
2023-03-30 00:00:00+00:00,1057107.67772201,7.936507936517029e-05,0.0,83.89077674168796,0.0,2.35552698201172
2023-03-31 00:00:00+00:00,1057191.57515675,7.936507936509788e-05,0.0,83.89743473984207,0.0,2.3532611891518793
2023-04-03 00:00:00+00:00,1057275.4792500164,7.936507936513238e-05,0.0,83.90409326640872,0.0,2.150491566742572
2023-04-04 00:00:00+00:00,1057359.3900023378,7.936507936501388e-05,0.0,83.91075232142987,0.0,2.1372660688616203
2023-04-05 00:00:00+00:00,1057443.3074142428,7.936507936514316e-05,0.0,83.91741190494744,0.0,2.134403103900544
2023-04-06 00:00:00+00:00,1057527.2314862597,7.93650793650401e-05,0.0,83.9240720170034,0.0,2.12663508937805
2023-04-10 00:00:00+00:00,1057611.1622189174,7.936507936510545e-05,0.0,83.93073265763967,0.0,2.1311117929877725
2023-04-11 00:00:00+00:00,1057695.0996127443,7.936507936507935e-05,0.0,83.9373938268982,0.0,2.1214835426236696
2023-04-12 00:00:00+00:00,1057779.0436682692,7.936507936514228e-05,0.0,83.94405552482098,0.0,2.118716147418039
2023-04-13 00:00:00+00:00,1057862.9943860206,7.936507936503444e-05,0.0,83.95071775144993,0.0,2.104863299973608
2023-04-14 00:00:00+00:00,1057946.9517665275,7.93650793651564e-05,0.0,83.95738050682704,0.0,2.110613933891266
2023-04-17 00:00:00+00:00,1058030.9158103184,7.936507936502827e-05,0.0,83.96404379099424,0.0,2.1243473557959693
2023-04-18 00:00:00+00:00,1058114.8865179224,7.93650793650506e-05,0.0,83.97070760399353,0.0,2.123327843308699
2023-04-19 00:00:00+00:00,1058198.8638898684,7.936507936518365e-05,0.0,83.97737194586685,0.0,2.1300504829788753
2023-04-20 00:00:00+00:00,1058282.8479266851,7.936507936516773e-05,0.0,83.98403681665621,0.0,2.134336936500732
2023-04-21 00:00:00+00:00,1058366.8386289016,7.936507936518319e-05,0.0,83.99070221640358,0.0,2.138114195814836
2023-04-24 00:00:00+00:00,1058450.8359970467,7.936507936497039e-05,0.0,83.99736814515093,0.0,2.137573086141488
2023-04-25 00:00:00+00:00,1058534.8400316497,7.936507936514963e-05,0.0,84.00403460294021,0.0,2.1372425479675785
2023-04-26 00:00:00+00:00,1058618.8507332394,7.936507936502129e-05,0.0,84.01070158981346,0.0,2.147022387204074
2023-04-27 00:00:00+00:00,1058702.8681023451,7.936507936498565e-05,0.0,84.01736910581265,0.0,2.1328388168754815
2023-04-28 00:00:00+00:00,1058786.892139496,7.936507936500302e-05,0.0,84.02403715097978,0.0,2.1393434079954887
2023-05-01 00:00:00+00:00,1058870.9228452214,7.936507936503372e-05,0.0,84.03070572535682,0.0,2.138950783298823
2023-05-02 00:00:00+00:00,1058954.9602200503,7.93650793650381e-05,0.0,84.03737482898582,0.0,2.121527497126056
2023-05-03 00:00:00+00:00,1059039.004264512,7.936507936497646e-05,0.0,84.04404446190875,0.0,2.126544180322315
2023-05-04 00:00:00+00:00,1059123.0549791362,7.936507936502904e-05,0.0,84.05071462416763,0.0,2.1144961373115265
2023-05-05 00:00:00+00:00,1059207.112364452,7.936507936515613e-05,0.0,84.05738531580447,0.0,2.106907229961392
2023-05-08 00:00:00+00:00,1059291.176420989,7.936507936509823e-05,0.0,84.06405653686127,0.0,2.1108670568681545
2023-05-09 00:00:00+00:00,1059375.2471492763,7.936507936503551e-05,0.0,84.07072828738008,0.0,2.120033769953865
2023-05-10 00:00:00+00:00,1059459.3245498438,7.93650793651481e-05,0.0,84.07740056740288,0.0,2.1243277912353626
2023-05-11 00:00:00+00:00,1059543.4086232209,7.936507936517654e-05,0.0,84.08407337697173,0.0,2.152495171173683
2023-05-12 00:00:00+00:00,1059627.499369937,7.936507936508114e-05,0.0,84.09074671612863,0.0,2.149519882287378
2023-05-15 00:00:00+00:00,1059711.5967905219,7.936507936504204e-05,0.0,84.09742058491564,0.0,2.1408534174153337
2023-05-16 00:00:00+00:00,1059795.7008855052,7.936507936501956e-05,0.0,84.10409498337475,0.0,2.15359927527283
2023-05-17 00:00:00+00:00,1059879.8116554166,7.9365079364974e-05,0.0,84.11076991154803,0.0,2.1586164604385774
2023-05-18 00:00:00+00:00,1059963.929100786,7.93650793650854e-05,0.0,84.11744536947751,0.0,2.168858465507452
2023-05-19 00:00:00+00:00,1060048.0532221433,7.936507936509438e-05,0.0,84.12412135720524,0.0,2.171198421012588
2023-05-22 00:00:00+00:00,1060132.1840200182,7.936507936518094e-05,0.0,84.13079787477328,0.0,2.1743920794858487
2023-05-23 00:00:00+00:00,1060216.3214949404,7.936507936508578e-05,0.0,84.13747492222366,0.0,2.183520319436734
2023-05-24 00:00:00+00:00,1060300.46564744,7.936507936498889e-05,0.0,84.14415249959845,0.0,2.1978864161295104
2023-05-25 00:00:00+00:00,1060384.6164780469,7.93650793650702e-05,0.0,84.15083060693968,0.0,2.204278657781503
2023-05-26 00:00:00+00:00,1060468.7739872911,7.936507936507041e-05,0.0,84.15750924428943,0.0,2.2037248342551887
2023-05-30 00:00:00+00:00,1060552.938175703,7.936507936516944e-05,0.0,84.16418841168978,0.0,2.2134339066096387
2023-05-31 00:00:00+00:00,1060637.1090438121,7.936507936510804e-05,0.0,84.17086810918278,0.0,2.197300633591767
2023-06-01 00:00:00+00:00,1060721.286592149,7.936507936506614e-05,0.0,84.17754833681049,0.0,2.1736044060024886
2023-06-02 00:00:00+00:00,1060805.4708212435,7.936507936500405e-05,0.0,84.18422909461499,0.0,2.176263031907174
2023-06-05 00:00:00+00:00,1060889.6617316261,7.93650793651016e-05,0.0,84.19091038263836,0.0,2.1791851225792365
2023-06-06 00:00:00+00:00,1060973.859323827,7.936507936509963e-05,0.0,84.19759220092271,0.0,2.1786781923833884
2023-06-07 00:00:00+00:00,1061058.0635983767,7.93650793651779e-05,0.0,84.20427454951009,0.0,2.184936274648934
2023-06-08 00:00:00+00:00,1061142.2745558051,7.936507936507735e-05,0.0,84.2109574284426,0.0,2.180614664033272
2023-06-09 00:00:00+00:00,1061226.4921966428,7.936507936497773e-05,0.0,84.21764083776232,0.0,2.1912477320977426
2023-06-12 00:00:00+00:00,1061310.7165214203,7.936507936505882e-05,0.0,84.22432477751133,0.0,2.1865091671373826
2023-06-13 00:00:00+00:00,1061394.947530668,7.936507936506149e-05,0.0,84.23100924773176,0.0,2.1883951579538543
2023-06-14 00:00:00+00:00,1061479.1852249166,7.936507936516545e-05,0.0,84.23769424846571,0.0,2.1897040422881915
2023-06-15 00:00:00+00:00,1061563.4296046963,7.936507936511169e-05,0.0,84.24437977975528,0.0,2.192517519955881
2023-06-16 00:00:00+00:00,1061647.680670538,7.936507936507991e-05,0.0,84.25106584164257,0.0,2.181253604739347
2023-06-20 00:00:00+00:00,1061731.938422972,7.936507936503043e-05,0.0,84.25775243416967,0.0,2.206730620352611
2023-06-21 00:00:00+00:00,1061816.2028625295,7.936507936514287e-05,0.0,84.26443955737874,0.0,2.2088091117226623
2023-06-22 00:00:00+00:00,1061900.473989741,7.936507936515827e-05,0.0,84.27112721131186,0.0,2.2046535887555883
2023-06-23 00:00:00+00:00,1061984.751805137,7.936507936503697e-05,0.0,84.27781539601119,0.0,2.2102509049259202
2023-06-26 00:00:00+00:00,1062069.0363092485,7.936507936517785e-05,0.0,84.2845041115188,0.0,2.199276323167045
2023-06-27 00:00:00+00:00,1062153.3275026064,7.93650793651027e-05,0.0,84.29119335787686,0.0,2.2094148540913428
2023-06-28 00:00:00+00:00,1062237.6253857415,7.936507936499112e-05,0.0,84.29788313512749,0.0,2.2189008337005762
2023-06-29 00:00:00+00:00,1062321.9299591847,7.936507936502267e-05,0.0,84.30457344331282,0.0,2.206583773317259
2023-06-30 00:00:00+00:00,1062406.2412234673,7.936507936515762e-05,0.0,84.31126428247498,0.0,2.198211151377476
2023-07-03 00:00:00+00:00,1062490.55917912,7.936507936513713e-05,0.0,84.31795565265614,0.0,2.040260720442642
2023-07-05 00:00:00+00:00,1062574.883826674,7.93650793651407e-05,0.0,84.32464755389842,0.0,2.062824296980158
2023-07-06 00:00:00+00:00,1062659.2151666603,7.936507936512868e-05,0.0,84.33133998624396,0.0,2.0849036129579255
2023-07-07 00:00:00+00:00,1062743.55319961,7.936507936506141e-05,0.0,84.33803294973494,0.0,2.077322055567707
2023-07-10 00:00:00+00:00,1062827.8979260544,7.93650793651183e-05,0.0,84.3447264444135,0.0,2.0605136564150333
2023-07-11 00:00:00+00:00,1062912.2493465247,7.936507936504059e-05,0.0,84.35142047032178,0.0,2.05922040218279
2023-07-12 00:00:00+00:00,1062996.6074615521,7.936507936500773e-05,0.0,84.35811502750197,0.0,2.0261761487387826
2023-07-13 00:00:00+00:00,1063080.972271668,7.936507936498e-05,0.0,84.3648101159962,0.0,2.0162681237060354
2023-07-14 00:00:00+00:00,1063165.343777404,7.936507936513677e-05,0.0,84.37150573584667,0.0,2.020656074345696
2023-07-17 00:00:00+00:00,1063249.721979291,7.936507936500034e-05,0.0,84.37820188709556,0.0,2.0196287005445055
2023-07-18 00:00:00+00:00,1063334.1068778608,7.936507936518804e-05,0.0,84.384898569785,0.0,2.0117592501283106
2023-07-19 00:00:00+00:00,1063418.4984736447,7.936507936500323e-05,0.0,84.39159578395721,0.0,2.0223916432573366
2023-07-20 00:00:00+00:00,1063502.8967671744,7.936507936506321e-05,0.0,84.39829352965434,0.0,2.044067273096437
2023-07-21 00:00:00+00:00,1063587.3017589813,7.936507936510929e-05,0.0,84.4049918069186,0.0,2.037860621904636
2023-07-24 00:00:00+00:00,1063671.7134495971,7.936507936510181e-05,0.0,84.41169061579217,0.0,2.0397931911999128
2023-07-25 00:00:00+00:00,1063756.1318395534,7.936507936500114e-05,0.0,84.41838995631723,0.0,2.030377460208669
2023-07-26 00:00:00+00:00,1063840.5569293818,7.93650793649865e-05,0.0,84.42508982853597,0.0,2.035073631572865
2023-07-27 00:00:00+00:00,1063924.9887196142,7.93650793650182e-05,0.0,84.43179023249061,0.0,2.062329191622983
2023-07-28 00:00:00+00:00,1064009.4272107824,7.936507936505658e-05,0.0,84.43849116822335,0.0,2.059095257124962
2023-07-31 00:00:00+00:00,1064093.8724034182,7.936507936506195e-05,0.0,84.44519263577638,0.0,2.0393048540434933
2023-08-01 00:00:00+00:00,1064178.3242980533,7.936507936499466e-05,0.0,84.45189463519192,0.0,2.058904410493564
2023-08-02 00:00:00+00:00,1064262.7828952197,7.936507936503386e-05,0.0,84.45859716651216,0.0,2.0902067729813862
2023-08-03 00:00:00+00:00,1064347.2481954496,7.936507936513984e-05,0.0,84.46530022977934,0.0,2.090115796819922
2023-08-04 00:00:00+00:00,1064431.7201992746,7.936507936505417e-05,0.0,84.47200382503569,0.0,2.084689815436862
2023-08-07 00:00:00+00:00,1064516.198907227,7.936507936517472e-05,0.0,84.47870795232338,0.0,2.0885286805810406
2023-08-08 00:00:00+00:00,1064600.6843198386,7.936507936502431e-05,0.0,84.48541261168468,0.0,2.08988134442642
2023-08-09 00:00:00+00:00,1064685.1764376417,7.936507936500079e-05,0.0,84.4921178031618,0.0,2.0844272573222473
2023-08-10 00:00:00+00:00,1064769.6752611685,7.936507936506442e-05,0.0,84.49882352679697,0.0,2.08477870362378
2023-08-11 00:00:00+00:00,1064854.1807909512,7.936507936517552e-05,0.0,84.50552978263242,0.0,2.073887314571067
2023-08-14 00:00:00+00:00,1064938.693027522,7.936507936507577e-05,0.0,84.51223657071041,0.0,2.0846927296830158
2023-08-15 00:00:00+00:00,1065023.211971413,7.936507936516282e-05,0.0,84.51894389107316,0.0,2.106861907290471
2023-08-16 00:00:00+00:00,1065107.737623157,7.936507936517835e-05,0.0,84.52565174376295,0.0,2.114276463772536
2023-08-17 00:00:00+00:00,1065192.2699832858,7.93650793650827e-05,0.0,84.53236012882198,0.0,2.1188778688709715
2023-08-18 00:00:00+00:00,1065276.809052332,7.936507936505482e-05,0.0,84.53906904629252,0.0,2.125918579515685
2023-08-21 00:00:00+00:00,1065361.3548308283,7.936507936505502e-05,0.0,84.54577849621683,0.0,2.117783825948073
2023-08-22 00:00:00+00:00,1065445.9073193069,7.936507936504365e-05,0.0,84.55248847863716,0.0,2.1105559718083744
2023-08-23 00:00:00+00:00,1065530.4665183004,7.936507936498103e-05,0.0,84.55919899359579,0.0,2.095804649761973
2023-08-24 00:00:00+00:00,1065615.0324283415,7.936507936504601e-05,0.0,84.56591004113496,0.0,2.0990216960071444
2023-08-25 00:00:00+00:00,1065699.6050499626,7.936507936498042e-05,0.0,84.57262162129695,0.0,2.1076824257816975
2023-08-28 00:00:00+00:00,1065784.1843836969,7.936507936518156e-05,0.0,84.57933373412402,0.0,2.0888822536076446
2023-08-29 00:00:00+00:00,1065868.7704300766,7.936507936517278e-05,0.0,84.58604637965848,0.0,2.0848235781347464
2023-08-30 00:00:00+00:00,1065953.3631896346,7.936507936513292e-05,0.0,84.59275955794259,0.0,2.0867650510658904
2023-08-31 00:00:00+00:00,1066037.9626629036,7.936507936502231e-05,0.0,84.59947326901862,0.0,2.09272469797495
2023-09-01 00:00:00+00:00,1066122.5688504165,7.936507936501973e-05,0.0,84.60618751292886,0.0,2.0985023091389845
2023-09-05 00:00:00+00:00,1066207.1817527062,7.936507936508548e-05,0.0,84.61290228971559,0.0,2.107880583978112
2023-09-06 00:00:00+00:00,1066291.8013703057,7.936507936517987e-05,0.0,84.61961759942112,0.0,2.1055211931192157
2023-09-07 00:00:00+00:00,1066376.4277037478,7.936507936504486e-05,0.0,84.62633344208776,0.0,2.1132408836347496
2023-09-08 00:00:00+00:00,1066461.0607535655,7.936507936507755e-05,0.0,84.63304981775777,0.0,2.110565369172486
2023-09-11 00:00:00+00:00,1066545.700520292,7.936507936501988e-05,0.0,84.63976672647345,0.0,2.099495416016714
2023-09-12 00:00:00+00:00,1066630.3470044602,7.936507936505054e-05,0.0,84.64648416827714,0.0,2.0936664540339955
2023-09-13 00:00:00+00:00,1066715.0002066034,7.936507936512981e-05,0.0,84.65320214321112,0.0,2.09364621532166
2023-09-14 00:00:00+00:00,1066799.6601272547,7.936507936499977e-05,0.0,84.65992065131773,0.0,2.0788530664869023
2023-09-15 00:00:00+00:00,1066884.3267669473,7.93650793650573e-05,0.0,84.66663969263927,0.0,2.0678171499083353
2023-09-18 00:00:00+00:00,1066969.0001262145,7.936507936504445e-05,0.0,84.67335926721803,0.0,2.0733214109368006
2023-09-19 00:00:00+00:00,1067053.6802055896,7.93650793651398e-05,0.0,84.68007937509638,0.0,2.084255791218967
2023-09-20 00:00:00+00:00,1067138.367005606,7.936507936508542e-05,0.0,84.68680001631664,0.0,2.074939610328031
2023-09-21 00:00:00+00:00,1067223.0605267968,7.936507936505992e-05,0.0,84.6935211909211,0.0,2.0935015467095437
2023-09-22 00:00:00+00:00,1067307.7607696957,7.93650793650236e-05,0.0,84.70024289895213,0.0,2.096921320742778
2023-09-25 00:00:00+00:00,1067392.4677348363,7.936507936515493e-05,0.0,84.70696514045204,0.0,2.1026886946212224
2023-09-26 00:00:00+00:00,1067477.1814227516,7.936507936497797e-05,0.0,84.7136879154632,0.0,2.1189234484966146
2023-09-27 00:00:00+00:00,1067561.9018339757,7.936507936510746e-05,0.0,84.72041122402791,0.0,2.135601437665218
2023-09-28 00:00:00+00:00,1067646.6289690419,7.936507936506745e-05,0.0,84.72713506618855,0.0,2.1214804838861183
2023-09-29 00:00:00+00:00,1067731.3628284838,7.936507936503643e-05,0.0,84.73385944198745,0.0,2.1253871913642617
2023-10-02 00:00:00+00:00,1067816.1034128352,7.93650793649747e-05,0.0,84.74058435146696,0.0,1.9204149129466046
2023-10-03 00:00:00+00:00,1067900.8507226298,7.936507936506066e-05,0.0,84.74730979466946,0.0,1.9127961470870107
2023-10-04 00:00:00+00:00,1067985.6047584014,7.936507936503658e-05,0.0,84.75403577163729,0.0,1.9210683377887552
2023-10-05 00:00:00+00:00,1068070.3655206838,7.936507936508082e-05,0.0,84.76076228241281,0.0,1.903462928686566
2023-10-06 00:00:00+00:00,1068155.133010011,7.93650793651537e-05,0.0,84.7674893270384,0.0,1.8858132678931665
2023-10-09 00:00:00+00:00,1068239.9072269164,7.936507936499759e-05,0.0,84.77421690555643,0.0,1.8801074363810741
2023-10-10 00:00:00+00:00,1068324.6881719343,7.936507936500878e-05,0.0,84.78094501800923,0.0,1.8718501765421403
2023-10-11 00:00:00+00:00,1068409.4758455988,7.936507936514759e-05,0.0,84.78767366443924,0.0,1.8579259002722712
2023-10-12 00:00:00+00:00,1068494.2702484438,7.936507936515634e-05,0.0,84.7944028448888,0.0,1.8799389747235455
2023-10-13 00:00:00+00:00,1068579.0713810031,7.936507936499545e-05,0.0,84.8011325594003,0.0,1.8660318450402347
2023-10-16 00:00:00+00:00,1068663.8792438111,7.936507936506107e-05,0.0,84.80786280801613,0.0,1.8604478213588185
2023-10-17 00:00:00+00:00,1068748.693837402,7.936507936509559e-05,0.0,84.81459359077866,0.0,1.845622140127872
2023-10-18 00:00:00+00:00,1068833.5151623096,7.936507936505935e-05,0.0,84.82132490773031,0.0,1.8626039148770137
2023-10-19 00:00:00+00:00,1068918.3432190686,7.936507936513054e-05,0.0,84.82805675891346,0.0,1.8724753373597758
2023-10-20 00:00:00+00:00,1069003.178008213,7.936507936505165e-05,0.0,84.83478914437052,0.0,1.8771043566024748
2023-10-23 00:00:00+00:00,1069088.019530277,7.936507936500087e-05,0.0,84.84152206414389,0.0,1.8830672699642768
2023-10-24 00:00:00+00:00,1069172.8677857954,7.93650793651563e-05,0.0,84.84825551827595,0.0,1.8792993209569353
2023-10-25 00:00:00+00:00,1069257.7227753021,7.936507936504268e-05,0.0,84.85498950680916,0.0,1.9056829918113265
2023-10-26 00:00:00+00:00,1069342.584499332,7.936507936505592e-05,0.0,84.86172402978589,0.0,1.909782335703004
2023-10-27 00:00:00+00:00,1069427.4529584192,7.936507936515632e-05,0.0,84.86845908724857,0.0,1.8945898905067837
2023-10-30 00:00:00+00:00,1069512.3281530985,7.936507936508647e-05,0.0,84.87519467923963,0.0,1.906027227543091
2023-10-31 00:00:00+00:00,1069597.2100839042,7.936507936502445e-05,0.0,84.88193080580146,0.0,1.928362244888441
2023-11-01 00:00:00+00:00,1069682.0987513713,7.936507936514829e-05,0.0,84.88866746697653,0.0,1.9204601603405758
2023-11-02 00:00:00+00:00,1069766.994156034,7.936507936498294e-05,0.0,84.89540466280724,0.0,1.9222383378614771
2023-11-03 00:00:00+00:00,1069851.8962984274,7.936507936514173e-05,0.0,84.90214239333604,0.0,1.8768707770431523
2023-11-06 00:00:00+00:00,1069936.805179086,7.936507936514968e-05,0.0,84.90888065860534,0.0,1.88620018559556
2023-11-07 00:00:00+00:00,1070021.7207985448,7.936507936518475e-05,0.0,84.91561945865762,0.0,1.9028200429407547
2023-11-08 00:00:00+00:00,1070106.6431573383,7.936507936498969e-05,0.0,84.92235879353531,0.0,1.9240740956458087
2023-11-09 00:00:00+00:00,1070191.5722560016,7.936507936517762e-05,0.0,84.92909866328081,0.0,1.9290067865132206
2023-11-10 00:00:00+00:00,1070276.5080950696,7.93650793650561e-05,0.0,84.93583906793664,0.0,1.9309554196792216
2023-11-13 00:00:00+00:00,1070361.450675077,7.936507936502061e-05,0.0,84.9425800075452,0.0,1.9425462731542562
2023-11-14 00:00:00+00:00,1070446.3999965591,7.93650793650315e-05,0.0,84.94932148214897,0.0,1.9063404996252902
2023-11-15 00:00:00+00:00,1070531.356060051,7.936507936504905e-05,0.0,84.9560634917904,0.0,1.908786691459572
2023-11-16 00:00:00+00:00,1070616.3188660874,7.936507936503363e-05,0.0,84.96280603651198,0.0,1.9061001148912609
2023-11-17 00:00:00+00:00,1070701.2884152038,7.936507936516302e-05,0.0,84.96954911635613,0.0,1.912072672431635
2023-11-20 00:00:00+00:00,1070786.2647079353,7.936507936518009e-05,0.0,84.97629273136538,0.0,1.9091915434885656
2023-11-21 00:00:00+00:00,1070871.2477448168,7.936507936504519e-05,0.0,84.98303688158217,0.0,1.8933286740806414
2023-11-22 00:00:00+00:00,1070956.237526384,7.936507936515352e-05,0.0,84.98978156704895,0.0,1.8893004024524247
2023-11-24 00:00:00+00:00,1071041.2340531717,7.936507936503059e-05,0.0,84.99652678780825,0.0,1.8915643569183458
2023-11-27 00:00:00+00:00,1071126.2373257156,7.936507936507153e-05,0.0,85.00327254390251,0.0,1.881860546992685
2023-11-28 00:00:00+00:00,1071211.247344551,7.936507936501927e-05,0.0,85.01001883537425,0.0,1.851812177291022
2023-11-29 00:00:00+00:00,1071296.2641102131,7.936507936505154e-05,0.0,85.01676566226594,0.0,1.8507072673596174
2023-11-30 00:00:00+00:00,1071381.2876232378,7.936507936512863e-05,0.0,85.02351302462009,0.0,1.84274855678642
2023-12-01 00:00:00+00:00,1071466.3178841602,7.936507936499354e-05,0.0,85.03026092247919,0.0,1.846028973020522
2023-12-04 00:00:00+00:00,1071551.354893516,7.936507936504128e-05,0.0,85.03700935588573,0.0,1.851540705497655
2023-12-05 00:00:00+00:00,1071636.3986518409,7.936507936501485e-05,0.0,85.04375832488222,0.0,1.8643126480294656
2023-12-06 00:00:00+00:00,1071721.4491596704,7.936507936509186e-05,0.0,85.05050782951118,0.0,1.8688488875123066
2023-12-07 00:00:00+00:00,1071806.5064175401,7.936507936501538e-05,0.0,85.0572578698151,0.0,1.8694447235809868
2023-12-08 00:00:00+00:00,1071891.570425986,7.936507936518024e-05,0.0,85.06400844583652,0.0,1.8823768638282696
2023-12-11 00:00:00+00:00,1071976.6411855437,7.936507936511227e-05,0.0,85.07075955761795,0.0,1.8750885792650531
2023-12-12 00:00:00+00:00,1072061.7186967488,7.936507936498909e-05,0.0,85.07751120520189,0.0,1.898599910605625
2023-12-13 00:00:00+00:00,1072146.8029601374,7.936507936498822e-05,0.0,85.08426338863086,0.0,1.8590969908607646
2023-12-14 00:00:00+00:00,1072231.8939762453,7.936507936506996e-05,0.0,85.09101610794741,0.0,1.843689776453708
2023-12-15 00:00:00+00:00,1072316.9917456084,7.936507936497746e-05,0.0,85.09776936319408,0.0,1.8446696566004164
2023-12-18 00:00:00+00:00,1072402.0962687628,7.936507936510539e-05,0.0,85.10452315441337,0.0,1.8582043655662623
2023-12-19 00:00:00+00:00,1072487.2075462444,7.936507936497977e-05,0.0,85.11127748164785,0.0,1.8380216232923652
2023-12-20 00:00:00+00:00,1072572.3255785892,7.936507936499522e-05,0.0,85.11803234494003,0.0,1.860114404258407
2023-12-21 00:00:00+00:00,1072657.4503663336,7.936507936511201e-05,0.0,85.12478774433248,0.0,1.849775129501798
2023-12-22 00:00:00+00:00,1072742.5819100135,7.93650793650734e-05,0.0,85.13154367986775,0.0,1.8441320976157898
2023-12-26 00:00:00+00:00,1072827.720210165,7.936507936505681e-05,0.0,85.13830015158837,0.0,1.8460017136557578
2023-12-27 00:00:00+00:00,1072912.8652673245,7.936507936502258e-05,0.0,85.1450571595369,0.0,1.8429117339180903
2023-12-28 00:00:00+00:00,1072998.0170820283,7.936507936514804e-05,0.0,85.15181470375592,0.0,1.8643140706810581
2023-12-29 00:00:00+00:00,1073083.1756548127,7.936507936517648e-05,0.0,85.15857278428797,0.0,1.8652281459556912
2024-01-02 00:00:00+00:00,1073168.3409862139,7.936507936506828e-05,0.0,85.1653314011756,0.0,1.4400586196350176
2024-01-03 00:00:00+00:00,1073253.5130767683,7.936507936500076e-05,0.0,85.17209055446142,0.0,1.459857703708746
2024-01-04 00:00:00+00:00,1073338.6919270125,7.93650793651512e-05,0.0,85.17885024418796,0.0,1.4583069189241096
2024-01-05 00:00:00+00:00,1073423.877537483,7.9365079365046e-05,0.0,85.18561047039782,0.0,1.4636920945568317
2024-01-08 00:00:00+00:00,1073509.069908716,7.93650793650794e-05,0.0,85.19237123313356,0.0,1.4551074411257217
2024-01-09 00:00:00+00:00,1073594.2690412484,7.93650793649948e-05,0.0,85.19913253243777,0.0,1.4780042840855772
2024-01-10 00:00:00+00:00,1073679.4749356168,7.936507936518631e-05,0.0,85.20589436835304,0.0,1.4779676163019237
2024-01-11 00:00:00+00:00,1073764.6875923579,7.936507936518045e-05,0.0,85.21265674092197,0.0,1.4865358880197341
2024-01-12 00:00:00+00:00,1073849.9070120081,7.93650793651545e-05,0.0,85.21941965018713,0.0,1.4656485872630802
2024-01-16 00:00:00+00:00,1073935.1331951043,7.936507936506877e-05,0.0,85.22618309619112,0.0,1.50672115540817
2024-01-17 00:00:00+00:00,1074020.3661421833,7.936507936510041e-05,0.0,85.23294707897654,0.0,1.5318628440669273
2024-01-18 00:00:00+00:00,1074105.6058537818,7.936507936499294e-05,0.0,85.23971159858597,0.0,1.5362012023790559
2024-01-19 00:00:00+00:00,1074190.852330437,7.936507936514028e-05,0.0,85.24647665506205,0.0,1.5357147276942635
2024-01-22 00:00:00+00:00,1074276.1055726854,7.936507936506919e-05,0.0,85.25324224844738,0.0,1.5367502994208122
2024-01-23 00:00:00+00:00,1074361.3655810643,7.93650793651735e-05,0.0,85.26000837878455,0.0,1.5121553987366294
2024-01-24 00:00:00+00:00,1074446.6323561103,7.93650793649801e-05,0.0,85.26677504611621,0.0,1.5273046508631651
2024-01-25 00:00:00+00:00,1074531.9058983608,7.93650793650995e-05,0.0,85.27354225048494,0.0,1.505166404044337
2024-01-26 00:00:00+00:00,1074617.1862083527,7.936507936505858e-05,0.0,85.2803099919334,0.0,1.5148195507260795
2024-01-29 00:00:00+00:00,1074702.4732866231,7.936507936503437e-05,0.0,85.28707827050418,0.0,1.510451140567592
2024-01-30 00:00:00+00:00,1074787.7671337093,7.936507936498721e-05,0.0,85.29384708623994,0.0,1.51990518460997
2024-01-31 00:00:00+00:00,1074873.0677501485,7.936507936509407e-05,0.0,85.30061643918327,0.0,1.5286654224409943
2024-02-01 00:00:00+00:00,1074958.3751364779,7.936507936509862e-05,0.0,85.30738632937687,0.0,1.4934038514131034
2024-02-02 00:00:00+00:00,1075043.6892932348,7.936507936517782e-05,0.0,85.31415675686333,0.0,1.5259336819047027
2024-02-05 00:00:00+00:00,1075129.0102209565,7.936507936507543e-05,0.0,85.32092772168531,0.0,1.5463952904237472
2024-02-06 00:00:00+00:00,1075214.3379201805,7.936507936518493e-05,0.0,85.32769922388543,0.0,1.5367914778629155
2024-02-07 00:00:00+00:00,1075299.672391444,7.936507936503352e-05,0.0,85.33447126350639,0.0,1.5472408641222821
2024-02-08 00:00:00+00:00,1075385.0136352845,7.936507936501465e-05,0.0,85.34124384059079,0.0,1.5518926560397177
2024-02-09 00:00:00+00:00,1075470.3616522397,7.936507936508862e-05,0.0,85.34801695518131,0.0,1.5630009228297674
2024-02-12 00:00:00+00:00,1075555.716442847,7.936507936499927e-05,0.0,85.35479060732061,0.0,1.5484838666229357
2024-02-13 00:00:00+00:00,1075641.078007644,7.936507936513989e-05,0.0,85.36156479705134,0.0,1.5882427306760971
2024-02-14 00:00:00+00:00,1075726.4463471684,7.936507936503785e-05,0.0,85.3683395244162,0.0,1.586784284955558
2024-02-15 00:00:00+00:00,1075811.8214619579,7.936507936508645e-05,0.0,85.37511478945781,0.0,1.558958442160042
2024-02-16 00:00:00+00:00,1075897.20335255,7.936507936502956e-05,0.0,85.38189059221888,0.0,1.5582110389663155
2024-02-20 00:00:00+00:00,1075982.5920194827,7.936507936504391e-05,0.0,85.38866693274207,0.0,1.5651921834806721
2024-02-21 00:00:00+00:00,1076067.9874632938,7.936507936508985e-05,0.0,85.39544381107007,0.0,1.5696749354381931
2024-02-22 00:00:00+00:00,1076153.3896845211,7.936507936512771e-05,0.0,85.40222122724555,0.0,1.5964515366434653
2024-02-23 00:00:00+00:00,1076238.7986837025,7.93650793651178e-05,0.0,85.4089991813112,0.0,1.5814459142801072
2024-02-26 00:00:00+00:00,1076324.2144613757,7.936507936502048e-05,0.0,85.41577767330972,0.0,1.6040197598091082
2024-02-27 00:00:00+00:00,1076409.637018079,7.936507936501243e-05,0.0,85.42255670328379,0.0,1.6068121390653483
2024-02-28 00:00:00+00:00,1076495.0663543502,7.936507936505395e-05,0.0,85.4293362712761,0.0,1.6170146825755367
2024-02-29 00:00:00+00:00,1076580.5024707275,7.936507936510539e-05,0.0,85.43611637732938,0.0,1.5973553897547572
2024-03-01 00:00:00+00:00,1076665.945367749,7.936507936512704e-05,0.0,85.44289702148632,0.0,1.5748905419170014
2024-03-04 00:00:00+00:00,1076751.3950459529,7.936507936507928e-05,0.0,85.4496782037896,0.0,1.5445206933458402
2024-03-05 00:00:00+00:00,1076836.8515058772,7.936507936513867e-05,0.0,85.45645992428197,0.0,1.5462821546429262
2024-03-06 00:00:00+00:00,1076922.3147480602,7.936507936504932e-05,0.0,85.46324218300613,0.0,1.5315368785566528
2024-03-07 00:00:00+00:00,1077007.78477304,7.936507936498779e-05,0.0,85.47002498000478,0.0,1.5235732564111388
2024-03-08 00:00:00+00:00,1077093.2615813555,7.93650793651306e-05,0.0,85.47680831532064,0.0,1.5248451704918224
2024-03-11 00:00:00+00:00,1077178.7451735444,7.936507936500568e-05,0.0,85.48359218899647,0.0,1.5139609254554913
2024-03-12 00:00:00+00:00,1077264.2355501454,7.936507936500576e-05,0.0,85.49037660107496,0.0,1.5249803787915992
2024-03-13 00:00:00+00:00,1077349.732711697,7.936507936509112e-05,0.0,85.49716155159884,0.0,1.5028063486461938
2024-03-14 00:00:00+00:00,1077435.2366587375,7.936507936500595e-05,0.0,85.50394704061087,0.0,1.5118894002032177
2024-03-15 00:00:00+00:00,1077520.7473918058,7.936507936514286e-05,0.0,85.51073306815377,0.0,1.5106726236803465
2024-03-18 00:00:00+00:00,1077606.26491144,7.936507936502993e-05,0.0,85.5175196342703,0.0,1.5207650817390732
2024-03-19 00:00:00+00:00,1077691.789218179,7.93650793650597e-05,0.0,85.52430673900317,0.0,1.5406265573580047
2024-03-20 00:00:00+00:00,1077777.3203125612,7.936507936497642e-05,0.0,85.53109438239515,0.0,1.5008619410516069
2024-03-21 00:00:00+00:00,1077862.8581951258,7.936507936517251e-05,0.0,85.53788256448898,0.0,1.5134875444145934
2024-03-22 00:00:00+00:00,1077948.4028664113,7.936507936517621e-05,0.0,85.54467128532745,0.0,1.525769085220373
2024-03-25 00:00:00+00:00,1078033.9543269563,7.936507936516389e-05,0.0,85.55146054495327,0.0,1.5189106230695901
2024-03-26 00:00:00+00:00,1078119.5125772997,7.936507936509591e-05,0.0,85.55825034340923,0.0,1.5205725299798667
2024-03-27 00:00:00+00:00,1078205.0776179805,7.936507936514856e-05,0.0,85.56504068073808,0.0,1.493801427158357
2024-03-28 00:00:00+00:00,1078290.6494495375,7.93650793650662e-05,0.0,85.57183155698259,0.0,1.475788827694132
2024-04-01 00:00:00+00:00,1078376.2280725096,7.936507936502514e-05,0.0,85.57862297218551,0.0,0.6013192259767246
2024-04-02 00:00:00+00:00,1078461.813487436,7.93650793649857e-05,0.0,85.58541492638966,0.0,0.5953727195914462
2024-04-03 00:00:00+00:00,1078547.4056948556,7.93650793651241e-05,0.0,85.59220741963777,0.0,0.5746860310222557
2024-04-04 00:00:00+00:00,1078633.0046953077,7.936507936518475e-05,0.0,85.59900045197267,0.0,0.5886490905730515
2024-04-05 00:00:00+00:00,1078718.6104893312,7.9365079365128e-05,0.0,85.60579402343711,0.0,0.5540319778337928
2024-04-08 00:00:00+00:00,1078804.2230774653,7.936507936513007e-05,0.0,85.6125881340739,0.0,0.5778826777623625
2024-04-09 00:00:00+00:00,1078889.8424602493,7.936507936515127e-05,0.0,85.61938278392581,0.0,0.5613517636074841
2024-04-10 00:00:00+00:00,1078975.4686382224,7.936507936515194e-05,0.0,85.62617797303567,0.0,0.572023729643858
2024-04-11 00:00:00+00:00,1079061.101611924,7.93650793650924e-05,0.0,85.63297370144622,0.0,0.5550296556820564
2024-04-12 00:00:00+00:00,1079146.7413818932,7.93650793651488e-05,0.0,85.63976996920032,0.0,0.5670942599213094
2024-04-15 00:00:00+00:00,1079232.3879486695,7.936507936506565e-05,0.0,85.64656677634073,0.0,0.5961496943791129
2024-04-16 00:00:00+00:00,1079318.0413127923,7.93650793650191e-05,0.0,85.65336412291028,0.0,0.6215799129087936
2024-04-17 00:00:00+00:00,1079403.7014748014,7.936507936518517e-05,0.0,85.66016200895177,0.0,0.5936273535844636
2024-04-18 00:00:00+00:00,1079489.368435236,7.936507936509274e-05,0.0,85.66696043450804,0.0,0.588426676337563
2024-04-19 00:00:00+00:00,1079575.0421946356,7.936507936513358e-05,0.0,85.6737593996219,0.0,0.5784598103704264
2024-04-22 00:00:00+00:00,1079660.72275354,7.936507936505231e-05,0.0,85.68055890433615,0.0,0.6141626647557006
2024-04-23 00:00:00+00:00,1079746.4101124885,7.936507936502499e-05,0.0,85.68735894869364,0.0,0.588790432376677
2024-04-24 00:00:00+00:00,1079832.1042720212,7.93650793650119e-05,0.0,85.69415953273719,0.0,0.5917358296405686
2024-04-25 00:00:00+00:00,1079917.8052326776,7.936507936497338e-05,0.0,85.70096065650962,0.0,0.5388740905156428
2024-04-26 00:00:00+00:00,1080003.5129949977,7.936507936508538e-05,0.0,85.70776232005377,0.0,0.5377512033849143
2024-04-29 00:00:00+00:00,1080089.227559521,7.93650793650926e-05,0.0,85.71456452341252,0.0,0.527997886398496
2024-04-30 00:00:00+00:00,1080174.9489267878,7.936507936517098e-05,0.0,85.72136726662866,0.0,0.5769494597298683
2024-05-01 00:00:00+00:00,1080260.6770973376,7.936507936506527e-05,0.0,85.72817054974506,0.0,0.5730839158887697
2024-05-02 00:00:00+00:00,1080346.4120717105,7.936507936516693e-05,0.0,85.73497437280457,0.0,0.5610635581640473
2024-05-03 00:00:00+00:00,1080432.1538504462,7.93650793650052e-05,0.0,85.74177873585003,0.0,0.5660858875648573
2024-05-06 00:00:00+00:00,1080517.9024340853,7.9365079365187e-05,0.0,85.7485836389243,0.0,0.5433486562662591
2024-05-07 00:00:00+00:00,1080603.6578231673,7.936507936502609e-05,0.0,85.75538908207025,0.0,0.5418301524363276
2024-05-08 00:00:00+00:00,1080689.4200182327,7.936507936512933e-05,0.0,85.76219506533073,0.0,0.5369806878804306
2024-05-09 00:00:00+00:00,1080775.1890198214,7.936507936502606e-05,0.0,85.76900158874862,0.0,0.5059620662433035
2024-05-10 00:00:00+00:00,1080860.9648284737,7.936507936510755e-05,0.0,85.77580865236678,0.0,0.5236845749648964
2024-05-13 00:00:00+00:00,1080946.74744473,7.936507936511867e-05,0.0,85.78261625622808,0.0,0.5220306250909799
2024-05-14 00:00:00+00:00,1081032.5368691303,7.936507936501976e-05,0.0,85.7894244003754,0.0,0.5133895885328972
2024-05-15 00:00:00+00:00,1081118.333102215,7.936507936498657e-05,0.0,85.79623308485161,0.0,0.5046003540499546
2024-05-16 00:00:00+00:00,1081204.1361445247,7.936507936497942e-05,0.0,85.8030423096996,0.0,0.5140161440241444
2024-05-17 00:00:00+00:00,1081289.9459965997,7.936507936517396e-05,0.0,85.80985207496228,0.0,0.4798753084077685
2024-05-20 00:00:00+00:00,1081375.7626589804,7.936507936509984e-05,0.0,85.81666238068252,0.0,0.47105312857459225
2024-05-21 00:00:00+00:00,1081461.5861322074,7.936507936514808e-05,0.0,85.8234732269032,0.0,0.4820400505806193
2024-05-22 00:00:00+00:00,1081547.416416821,7.936507936506368e-05,0.0,85.83028461366726,0.0,0.5185798054642348
2024-05-23 00:00:00+00:00,1081633.253513362,7.93650793650223e-05,0.0,85.83709654101754,0.0,0.5230729981377342
2024-05-24 00:00:00+00:00,1081719.097422371,7.936507936498425e-05,0.0,85.84390900899699,0.0,0.5073370194264974
2024-05-28 00:00:00+00:00,1081804.9481443886,7.936507936512513e-05,0.0,85.85072201764848,0.0,0.48861746166195097
2024-05-29 00:00:00+00:00,1081890.8056799555,7.936507936497474e-05,0.0,85.85753556701496,0.0,0.510500006113805
2024-05-30 00:00:00+00:00,1081976.6700296127,7.936507936513915e-05,0.0,85.86434965713933,0.0,0.5002992010962108
2024-05-31 00:00:00+00:00,1082062.5411939009,7.93650793651482e-05,0.0,85.8711642880645,0.0,0.499611286852808
2024-06-03 00:00:00+00:00,1082148.4191733608,7.936507936517744e-05,0.0,85.8779794598334,0.0,0.5037234922420621
2024-06-04 00:00:00+00:00,1082234.3039685332,7.936507936497206e-05,0.0,85.88479517248895,0.0,0.5494353719217795
2024-06-05 00:00:00+00:00,1082320.1955799593,7.936507936513788e-05,0.0,85.89161142607406,0.0,0.5353228884214252
2024-06-06 00:00:00+00:00,1082406.0940081798,7.936507936498974e-05,0.0,85.89842822063169,0.0,0.49315950639846484
2024-06-07 00:00:00+00:00,1082491.999253736,7.936507936513341e-05,0.0,85.90524555620475,0.0,0.554109552811406
2024-06-10 00:00:00+00:00,1082577.911317169,7.936507936509895e-05,0.0,85.9120634328362,0.0,0.5472954892526927
2024-06-11 00:00:00+00:00,1082663.8301990195,7.93650793650618e-05,0.0,85.91888185056897,0.0,0.560123070412696
2024-06-12 00:00:00+00:00,1082749.7558998289,7.936507936498232e-05,0.0,85.925700809446,0.0,0.5547475487748068
2024-06-13 00:00:00+00:00,1082835.6884201383,7.936507936503587e-05,0.0,85.93252030951022,0.0,0.5788851979077396
2024-06-14 00:00:00+00:00,1082921.6277604892,7.936507936518278e-05,0.0,85.93934035080463,0.0,0.5787327395970951
2024-06-17 00:00:00+00:00,1083007.5739214227,7.936507936516832e-05,0.0,85.94616093337216,0.0,0.5850010072955794
2024-06-18 00:00:00+00:00,1083093.52690348,7.936507936516786e-05,0.0,85.95298205725577,0.0,0.5672379323123407
2024-06-20 00:00:00+00:00,1083179.4867072026,7.936507936514176e-05,0.0,85.95980372249842,0.0,0.5466338209734936
2024-06-21 00:00:00+00:00,1083265.4533331317,7.936507936505034e-05,0.0,85.96662592914306,0.0,0.5503970581103257
2024-06-24 00:00:00+00:00,1083351.426781809,7.936507936506888e-05,0.0,85.97344867723268,0.0,0.5475648884627713
2024-06-25 00:00:00+00:00,1083437.4070537759,7.936507936515769e-05,0.0,85.98027196681024,0.0,0.5587835644214483
2024-06-26 00:00:00+00:00,1083523.3941495738,7.93650793650622e-05,0.0,85.98709579791871,0.0,0.5496605155683634
2024-06-27 00:00:00+00:00,1083609.3880697445,7.936507936517254e-05,0.0,85.99392017060109,0.0,0.543666537377856
2024-06-28 00:00:00+00:00,1083695.3888148293,7.936507936501926e-05,0.0,86.00074508490036,0.0,0.5573546266015592
2024-07-01 00:00:00+00:00,1083781.39638537,7.936507936499247e-05,0.0,86.00757054085946,0.0,0.5340742327162733
2024-07-02 00:00:00+00:00,1083867.4107819085,7.936507936505248e-05,0.0,86.01439653852144,0.0,0.5292459249442754
2024-07-03 00:00:00+00:00,1083953.4320049866,7.936507936515958e-05,0.0,86.02122307792925,0.0,0.4978044958673822
2024-07-05 00:00:00+00:00,1084039.4600551457,7.93650793650593e-05,0.0,86.02805015912591,0.0,0.47088437753784795
2024-07-08 00:00:00+00:00,1084125.494932928,7.93650793651416e-05,0.0,86.03487778215442,0.0,0.460840899651914
2024-07-09 00:00:00+00:00,1084211.536638875,7.936507936515199e-05,0.0,86.04170594705776,0.0,0.4651259145961646
2024-07-10 00:00:00+00:00,1084297.5851735289,7.936507936505084e-05,0.0,86.04853465387897,0.0,0.4291348212471693
2024-07-11 00:00:00+00:00,1084383.6405374315,7.936507936501323e-05,0.0,86.05536390266103,0.0,0.41289329289593013
2024-07-12 00:00:00+00:00,1084469.7027311248,7.936507936499947e-05,0.0,86.06219369344694,0.0,0.40353642053056493
2024-07-15 00:00:00+00:00,1084555.7717551512,7.936507936518461e-05,0.0,86.06902402627975,0.0,0.4195908170534697
2024-07-16 00:00:00+00:00,1084641.8476100524,7.936507936509956e-05,0.0,86.07585490120248,0.0,0.39119642121383524
2024-07-17 00:00:00+00:00,1084727.9302963708,7.936507936513404e-05,0.0,86.08268631825813,0.0,0.41568507616789496
2024-07-18 00:00:00+00:00,1084814.0198146482,7.93650793650337e-05,0.0,86.08951827748974,0.0,0.42875330843004456
2024-07-19 00:00:00+00:00,1084900.116165427,7.936507936497359e-05,0.0,86.09635077894033,0.0,0.4253755610567609
2024-07-22 00:00:00+00:00,1084986.2193492497,7.936507936512859e-05,0.0,86.10318382265294,0.0,0.43427519427865136
2024-07-23 00:00:00+00:00,1085072.3293666583,7.93650793650298e-05,0.0,86.11001740867061,0.0,0.42545409400871304
2024-07-24 00:00:00+00:00,1085158.4462181954,7.93650793650668e-05,0.0,86.11685153703638,0.0,0.4348754246012936
2024-07-25 00:00:00+00:00,1085244.569904403,7.93650793649853e-05,0.0,86.12368620779328,0.0,0.457874822049277
2024-07-26 00:00:00+00:00,1085330.7004258242,7.936507936517477e-05,0.0,86.13052142098437,0.0,0.4566861790854677
2024-07-29 00:00:00+00:00,1085416.837783001,7.93650793651664e-05,0.0,86.13735717665271,0.0,0.4492304832425118
2024-07-30 00:00:00+00:00,1085502.9819764758,7.93650793651351e-05,0.0,86.14419347484134,0.0,0.4476309929969702
2024-07-31 00:00:00+00:00,1085589.1330067914,7.936507936504121e-05,0.0,86.15103031559332,0.0,0.4271498609706974
2024-08-01 00:00:00+00:00,1085675.2908744903,7.936507936505956e-05,0.0,86.15786769895169,0.0,0.45221343226169
2024-08-02 00:00:00+00:00,1085761.4555801153,7.936507936515046e-05,0.0,86.16470562495955,0.0,0.48044979927822595
2024-08-05 00:00:00+00:00,1085847.627124209,7.936507936505975e-05,0.0,86.17154409365995,0.0,0.5041678537763792
2024-08-06 00:00:00+00:00,1085933.8055073142,7.936507936517671e-05,0.0,86.17838310509595,0.0,0.4902541871706587
2024-08-07 00:00:00+00:00,1086019.9907299734,7.936507936503276e-05,0.0,86.18522265931065,0.0,0.5287631243306921
2024-08-08 00:00:00+00:00,1086106.1827927297,7.93650793650171e-05,0.0,86.1920627563471,0.0,0.506726948149737
2024-08-09 00:00:00+00:00,1086192.381696126,7.936507936509004e-05,0.0,86.19890339624838,0.0,0.4969736083350069
2024-08-12 00:00:00+00:00,1086278.587440705,7.936507936499753e-05,0.0,86.20574457905762,0.0,0.4741149774546072
2024-08-13 00:00:00+00:00,1086364.8000270098,7.936507936512863e-05,0.0,86.21258630481785,0.0,0.4587785826787467
2024-08-14 00:00:00+00:00,1086451.0194555833,7.936507936501495e-05,0.0,86.2194285735722,0.0,0.45795080585109904
2024-08-15 00:00:00+00:00,1086537.2457269686,7.936507936504552e-05,0.0,86.22627138536376,0.0,0.4543016986224666
2024-08-16 00:00:00+00:00,1086623.478841709,7.936507936518063e-05,0.0,86.2331147402356,0.0,0.43687838966148096
2024-08-19 00:00:00+00:00,1086709.7188003473,7.936507936516629e-05,0.0,86.23995863823087,0.0,0.40586483433610354
2024-08-20 00:00:00+00:00,1086795.9656034268,7.936507936517717e-05,0.0,86.24680307939265,0.0,0.39919438766965154
2024-08-21 00:00:00+00:00,1086882.2192514907,7.936507936517358e-05,0.0,86.25364806376403,0.0,0.3890780400779992
2024-08-22 00:00:00+00:00,1086968.479745082,7.936507936511585e-05,0.0,86.26049359138815,0.0,0.4125144354268846
2024-08-23 00:00:00+00:00,1087054.7470847445,7.936507936517854e-05,0.0,86.2673396623081,0.0,0.4039467505049128
2024-08-26 00:00:00+00:00,1087141.021271021,7.936507936510777e-05,0.0,86.27418627656702,0.0,0.41220356571554095
2024-08-27 00:00:00+00:00,1087227.3023044553,7.936507936507808e-05,0.0,86.28103343420803,0.0,0.4121309172484029
2024-08-28 00:00:00+00:00,1087313.5901855906,7.936507936504978e-05,0.0,86.28788113527423,0.0,0.44235522727317367
2024-08-29 00:00:00+00:00,1087399.8849149703,7.936507936498321e-05,0.0,86.29472937980877,0.0,0.41978994515903434
2024-08-30 00:00:00+00:00,1087486.186493138,7.936507936505284e-05,0.0,86.30157816785479,0.0,0.42579769581347726
2024-09-03 00:00:00+00:00,1087572.4949206375,7.936507936500485e-05,0.0,86.3084274994554,0.0,0.47281771900331915
2024-09-04 00:00:00+00:00,1087658.810198012,7.936507936501372e-05,0.0,86.31527737465376,0.0,0.48533955817476215
2024-09-05 00:00:00+00:00,1087745.1323258055,7.936507936503972e-05,0.0,86.32212779349302,0.0,0.4771718614810547
2024-09-06 00:00:00+00:00,1087831.4613045615,7.936507936504323e-05,0.0,86.32897875601631,0.0,0.5094169578731309
2024-09-09 00:00:00+00:00,1087917.7971348236,7.936507936498457e-05,0.0,86.33583026226678,0.0,0.4915452552551578
2024-09-10 00:00:00+00:00,1088004.1398171359,7.936507936503808e-05,0.0,86.3426823122876,0.0,0.48225770896008857
2024-09-11 00:00:00+00:00,1088090.489352042,7.936507936516411e-05,0.0,86.34953490612189,0.0,0.47510503332539145
2024-09-12 00:00:00+00:00,1088176.845740086,7.936507936510896e-05,0.0,86.35638804381287,0.0,0.42898044303712357
2024-09-13 00:00:00+00:00,1088263.2089818113,7.9365079365047e-05,0.0,86.36324172540364,0.0,0.4071410478043225
2024-09-16 00:00:00+00:00,1088349.5790777623,7.93650793651525e-05,0.0,86.37009595093741,0.0,0.41380591722614213
2024-09-17 00:00:00+00:00,1088435.9560284829,7.936507936517181e-05,0.0,86.37695072045733,0.0,0.4219392666302646
2024-09-18 00:00:00+00:00,1088522.3398345169,7.936507936506531e-05,0.0,86.38380603400658,0.0,0.42517419685653035
2024-09-19 00:00:00+00:00,1088608.7304964084,7.936507936500725e-05,0.0,86.39066189162833,0.0,0.42630088319404447
2024-09-20 00:00:00+00:00,1088695.128014702,7.936507936517185e-05,0.0,86.39751829336575,0.0,0.41021357029691075
2024-09-23 00:00:00+00:00,1088781.5323899412,7.936507936509162e-05,0.0,86.40437523926205,0.0,0.4166339512960935
2024-09-24 00:00:00+00:00,1088867.9436226706,7.936507936515469e-05,0.0,86.4112327293604,0.0,0.39282218418198855
2024-09-25 00:00:00+00:00,1088954.3617134343,7.93650793651075e-05,0.0,86.41809076370401,0.0,0.3933360970405584
2024-09-26 00:00:00+00:00,1089040.7866627767,7.936507936512425e-05,0.0,86.42494934233606,0.0,0.38896444357126825
2024-09-27 00:00:00+00:00,1089127.218471242,7.936507936516523e-05,0.0,86.43180846529974,0.0,0.4250283171460829
2024-09-30 00:00:00+00:00,1089213.6571393746,7.936507936497703e-05,0.0,86.43866813263827,0.0,0.4328403531532281
2024-10-01 00:00:00+00:00,1089300.1026677191,7.936507936516129e-05,0.0,86.44552834439482,0.0,0.732603626870211
2024-10-02 00:00:00+00:00,1089386.5550568197,7.936507936503703e-05,0.0,86.45238910061263,0.0,0.7338718670563091
2024-10-03 00:00:00+00:00,1089473.014307221,7.936507936499211e-05,0.0,86.4592504013349,0.0,0.759153360595147
2024-10-04 00:00:00+00:00,1089559.4804194674,7.936507936498686e-05,0.0,86.46611224660484,0.0,0.7609047788222814
2024-10-07 00:00:00+00:00,1089645.9533941038,7.93650793649816e-05,0.0,86.47297463646566,0.0,0.7729468043549419
2024-10-08 00:00:00+00:00,1089732.4332316748,7.936507936515031e-05,0.0,86.47983757096061,0.0,0.7659210113898913
2024-10-09 00:00:00+00:00,1089818.919932725,7.9365079365026e-05,0.0,86.48670105013292,0.0,0.7706671265173632
2024-10-10 00:00:00+00:00,1089905.4134977988,7.936507936499636e-05,0.0,86.49356507402578,0.0,0.7399343622818897
2024-10-11 00:00:00+00:00,1089991.9139274415,7.936507936502167e-05,0.0,86.50042964268245,0.0,0.7429741142298409
2024-10-14 00:00:00+00:00,1090078.4212221976,7.936507936506228e-05,0.0,86.50729475614615,0.0,0.7408528765901874
2024-10-15 00:00:00+00:00,1090164.935382612,7.93650793650785e-05,0.0,86.51416041446012,0.0,0.7256552938270255
2024-10-16 00:00:00+00:00,1090251.4564092297,7.936507936503068e-05,0.0,86.52102661766763,0.0,0.7173772203408326
2024-10-17 00:00:00+00:00,1090337.9843025955,7.936507936509274e-05,0.0,86.52789336581188,0.0,0.7118435637973208
2024-10-18 00:00:00+00:00,1090424.5190632544,7.936507936501143e-05,0.0,86.53476065893615,0.0,0.672504972044309
2024-10-21 00:00:00+00:00,1090511.0606917515,7.936507936517416e-05,0.0,86.54162849708368,0.0,0.6732235090910379
2024-10-22 00:00:00+00:00,1090597.6091886319,7.936507936511421e-05,0.0,86.54849688029775,0.0,0.6542148138784274
2024-10-23 00:00:00+00:00,1090684.1645544404,7.936507936500544e-05,0.0,86.55536580862157,0.0,0.6719268676110248
2024-10-24 00:00:00+00:00,1090770.7267897225,7.93650793650217e-05,0.0,86.56223528209844,0.0,0.7141602098632367
2024-10-25 00:00:00+00:00,1090857.2958950233,7.936507936512326e-05,0.0,86.56910530077162,0.0,0.7329818427031061
2024-10-28 00:00:00+00:00,1090943.871870888,7.9365079365057e-05,0.0,86.57597586468438,0.0,0.7340590844965966
2024-10-29 00:00:00+00:00,1091030.4547178617,7.936507936499674e-05,0.0,86.58284697388,0.0,0.7250157193035855
2024-10-30 00:00:00+00:00,1091117.0444364902,7.93650793651162e-05,0.0,86.58971862840173,0.0,0.7475143846773875
2024-10-31 00:00:00+00:00,1091203.6410273185,7.936507936516228e-05,0.0,86.59659082829288,0.0,0.7668664334925017
2024-11-01 00:00:00+00:00,1091290.2444908922,7.936507936509533e-05,0.0,86.60346357359671,0.0,0.777147218897392
2024-11-04 00:00:00+00:00,1091376.8548277565,7.936507936508908e-05,0.0,86.61033686435653,0.0,0.7733713582233657
2024-11-05 00:00:00+00:00,1091463.4720384572,7.936507936510385e-05,0.0,86.6172107006156,0.0,0.7726864718909718
2024-11-06 00:00:00+00:00,1091550.0961235396,7.936507936509995e-05,0.0,86.62408508241724,0.0,0.7940879854313101
2024-11-07 00:00:00+00:00,1091636.7270835494,7.936507936503773e-05,0.0,86.63096000980472,0.0,0.7759479253813071
2024-11-08 00:00:00+00:00,1091723.3649190322,7.936507936509084e-05,0.0,86.63783548282137,0.0,0.785304015530035
2024-11-11 00:00:00+00:00,1091810.0096305336,7.936507936500629e-05,0.0,86.64471150151049,0.0,0.8435365298664532
2024-11-12 00:00:00+00:00,1091896.6612185996,7.936507936517098e-05,0.0,86.65158806591536,0.0,0.8549640520983299
2024-11-13 00:00:00+00:00,1091983.3196837758,7.936507936511868e-05,0.0,86.65846517607933,0.0,0.8622312858334524
2024-11-14 00:00:00+00:00,1092069.9850266078,7.936507936502301e-05,0.0,86.6653428320457,0.0,0.8562093766234318
2024-11-15 00:00:00+00:00,1092156.6572476416,7.936507936505753e-05,0.0,86.67222103385775,0.0,0.8640339412137177
2024-11-18 00:00:00+00:00,1092243.3363474233,7.936507936518254e-05,0.0,86.67909978155886,0.0,0.8272800622439878
2024-11-19 00:00:00+00:00,1092330.0223264985,7.936507936514516e-05,0.0,86.68597907519232,0.0,0.8114742150174363
2024-11-20 00:00:00+00:00,1092416.7151854134,7.936507936511894e-05,0.0,86.69285891480148,0.0,0.8202706971605709
2024-11-21 00:00:00+00:00,1092503.4149247138,7.936507936506419e-05,0.0,86.69973930042963,0.0,0.8136758051757331
2024-11-22 00:00:00+00:00,1092590.121544946,7.936507936515439e-05,0.0,86.70662023212014,0.0,0.8205126481102445
2024-11-25 00:00:00+00:00,1092676.835046656,7.936507936513673e-05,0.0,86.71350170991634,0.0,0.8337259307974234
2024-11-26 00:00:00+00:00,1092763.55543039,7.936507936518465e-05,0.0,86.72038373386158,0.0,0.8286227794129193
2024-11-27 00:00:00+00:00,1092850.282696694,7.936507936504542e-05,0.0,86.7272663039992,0.0,0.8232388259925374
2024-11-29 00:00:00+00:00,1092937.0168461143,7.93650793651055e-05,0.0,86.73414942037253,0.0,0.8218029190201808
2024-12-02 00:00:00+00:00,1093023.7578791974,7.936507936511214e-05,0.0,86.74103308302494,0.0,0.8458707310161708
2024-12-03 00:00:00+00:00,1093110.5057964893,7.936507936502568e-05,0.0,86.7479172919998,0.0,0.816833986470904
2024-12-04 00:00:00+00:00,1093197.2605985366,7.936507936501952e-05,0.0,86.75480204734042,0.0,0.8217117045478854
2024-12-05 00:00:00+00:00,1093284.0222858856,7.936507936505394e-05,0.0,86.76168734909021,0.0,0.8195860984470436
2024-12-06 00:00:00+00:00,1093370.790859083,7.936507936508927e-05,0.0,86.76857319729251,0.0,0.8411660242152665
2024-12-09 00:00:00+00:00,1093457.566318675,7.936507936508584e-05,0.0,86.77545959199071,0.0,0.8125386060758135
2024-12-10 00:00:00+00:00,1093544.348665208,7.9365079365004e-05,0.0,86.78234653322816,0.0,0.8249215235065464
2024-12-11 00:00:00+00:00,1093631.137899229,7.936507936501701e-05,0.0,86.78923402104826,0.0,0.7979820715325463
2024-12-12 00:00:00+00:00,1093717.9340212846,7.936507936508519e-05,0.0,86.79612205549437,0.0,0.8303488058680699
2024-12-13 00:00:00+00:00,1093804.7370319213,7.936507936516887e-05,0.0,86.80301063660988,0.0,0.853734092616607
2024-12-16 00:00:00+00:00,1093891.5469316856,7.936507936501548e-05,0.0,86.8098997644382,0.0,0.8642261674412408
2024-12-17 00:00:00+00:00,1093978.3637211246,7.936507936501114e-05,0.0,86.81678943902267,0.0,0.8684882929196691
2024-12-18 00:00:00+00:00,1094065.187400785,7.936507936511613e-05,0.0,86.82367966040671,0.0,0.9110028659471832
2024-12-19 00:00:00+00:00,1094152.0179712137,7.936507936507797e-05,0.0,86.83057042863373,0.0,0.9171314415575367
2024-12-20 00:00:00+00:00,1094238.8554329574,7.936507936506978e-05,0.0,86.83746174374711,0.0,0.911119597800301
2024-12-23 00:00:00+00:00,1094325.6997865632,7.936507936505193e-05,0.0,86.84435360579027,0.0,0.9214125838393308
2024-12-24 00:00:00+00:00,1094412.5510325779,7.936507936498475e-05,0.0,86.8512460148066,0.0,0.9238661926688367
2024-12-26 00:00:00+00:00,1094499.4091715487,7.936507936504132e-05,0.0,86.85813897083952,0.0,0.9265213936951158
2024-12-27 00:00:00+00:00,1094586.2742040227,7.936507936518194e-05,0.0,86.86503247393243,0.0,0.9296881244633273
2024-12-30 00:00:00+00:00,1094673.146130547,7.936507936515422e-05,0.0,86.87192652412878,0.0,0.9473736797566046
2024-12-31 00:00:00+00:00,1094760.0249516685,7.936507936513122e-05,0.0,86.87882112147197,0.0,0.9503311931487364
2025-01-02 00:00:00+00:00,1094846.9106679345,7.93650793650733e-05,0.0,86.88571626600543,0.0,-0.2759424246906068
2025-01-03 00:00:00+00:00,1094933.8032798923,7.936507936515343e-05,0.0,86.89261195777257,0.0,-0.268231373105829
2025-01-06 00:00:00+00:00,1095020.7027880892,7.936507936511928e-05,0.0,86.89950819681685,0.0,-0.2540855197453915
2025-01-07 00:00:00+00:00,1095107.6091930724,7.936507936514385e-05,0.0,86.90640498318167,0.0,-0.26331915131228456
2025-01-08 00:00:00+00:00,1095194.5224953892,7.936507936497483e-05,0.0,86.9133023169105,0.0,-0.29774739969684916
2025-01-10 00:00:00+00:00,1095281.4426955872,7.936507936499782e-05,0.0,86.92020019804676,0.0,-0.29155701520051736
2025-01-13 00:00:00+00:00,1095368.369794214,7.936507936517308e-05,0.0,86.9270986266339,0.0,-0.27767434649639533
2025-01-14 00:00:00+00:00,1095455.3037918166,7.93650793650358e-05,0.0,86.9339976027154,0.0,-0.31759216013693603
2025-01-15 00:00:00+00:00,1095542.244688943,7.9365079365184e-05,0.0,86.94089712633465,0.0,-0.32540105545981124
2025-01-16 00:00:00+00:00,1095629.1924861406,7.93650793651529e-05,0.0,86.94779719753517,0.0,-0.3125998094258007
2025-01-17 00:00:00+00:00,1095716.147183957,7.93650793651154e-05,0.0,86.95469781636037,0.0,-0.3279971703601312
2025-01-21 00:00:00+00:00,1095803.1087829398,7.936507936503184e-05,0.0,86.96159898285373,0.0,-0.3425460079048097
2025-01-22 00:00:00+00:00,1095890.077283637,7.936507936507503e-05,0.0,86.96850069705872,0.0,-0.3346740290819401
2025-01-23 00:00:00+00:00,1095977.0526865958,7.936507936499282e-05,0.0,86.97540295901881,0.0,-0.33746647236100014
2025-01-24 00:00:00+00:00,1096064.0349923647,7.936507936517045e-05,0.0,86.98230576877745,0.0,-0.34799609294845
2025-01-27 00:00:00+00:00,1096151.0242014911,7.936507936514333e-05,0.0,86.98920912637816,0.0,-0.33901243068053777
2025-01-28 00:00:00+00:00,1096238.020314523,7.936507936508427e-05,0.0,86.99611303186438,0.0,-0.3409090278934741
2025-01-29 00:00:00+00:00,1096325.0233320084,7.9365079365166e-05,0.0,87.0030174852796,0.0,-0.35658874409779884
2025-01-30 00:00:00+00:00,1096412.0332544951,7.936507936513645e-05,0.0,87.00992248666734,0.0,-0.3972103758840051
2025-01-31 00:00:00+00:00,1096499.0500825313,7.936507936516834e-05,0.0,87.01682803607105,0.0,-0.385522784932685
2025-02-03 00:00:00+00:00,1096586.0738166647,7.936507936500962e-05,0.0,87.02373413353423,0.0,-0.40185157162603424
2025-02-04 00:00:00+00:00,1096673.1044574438,7.936507936504538e-05,0.0,87.03064077910038,0.0,-0.40715767563746486
2025-02-05 00:00:00+00:00,1096760.1420054166,7.936507936502354e-05,0.0,87.037547972813,0.0,-0.44183320530389825
2025-02-06 00:00:00+00:00,1096847.1864611313,7.936507936511677e-05,0.0,87.0444557147156,0.0,-0.4526873533516049
2025-02-07 00:00:00+00:00,1096934.2378251362,7.936507936507308e-05,0.0,87.05136400485169,0.0,-0.440728300851295
2025-02-10 00:00:00+00:00,1097021.2960979794,7.936507936506511e-05,0.0,87.05827284326477,0.0,-0.4647528370052223
2025-02-11 00:00:00+00:00,1097108.3612802094,7.93650793650532e-05,0.0,87.06518222999837,0.0,-0.4473400516465489
2025-02-12 00:00:00+00:00,1097195.4333723744,7.936507936499764e-05,0.0,87.07209216509598,0.0,-0.47654581209157065
2025-02-13 00:00:00+00:00,1097282.512375023,7.936507936507103e-05,0.0,87.07900264860115,0.0,-0.47989972022238625
2025-02-14 00:00:00+00:00,1097369.5982887035,7.936507936502146e-05,0.0,87.08591368055738,0.0,-0.4381380428173349
2025-02-18 00:00:00+00:00,1097456.6911139644,7.936507936502146e-05,0.0,87.09282526100822,0.0,-0.44077109029218864
2025-02-19 00:00:00+00:00,1097543.7908513544,7.936507936503136e-05,0.0,87.09973738999717,0.0,-0.43556248368128525
2025-02-20 00:00:00+00:00,1097630.8975014219,7.93650793650115e-05,0.0,87.10665006756781,0.0,-0.4674113151131971
2025-02-21 00:00:00+00:00,1097718.0110647157,7.936507936513433e-05,0.0,87.11356329376363,0.0,-0.41110843699136534
2025-02-24 00:00:00+00:00,1097805.1315417844,7.936507936514805e-05,0.0,87.12047706862823,0.0,-0.4129732738961138
2025-02-25 00:00:00+00:00,1097892.2589331765,7.936507936501301e-05,0.0,87.12739139220511,0.0,-0.4052246747878323
2025-02-26 00:00:00+00:00,1097979.393239441,7.936507936511375e-05,0.0,87.13430626453781,0.0,-0.4204620609222971
2025-02-27 00:00:00+00:00,1098066.5344611267,7.936507936498641e-05,0.0,87.14122168566993,0.0,-0.38107664603868674
2025-02-28 00:00:00+00:00,1098153.6825987822,7.936507936501548e-05,0.0,87.14813765564497,0.0,-0.39413535686734225
2025-03-03 00:00:00+00:00,1098240.8376529568,7.936507936516125e-05,0.0,87.15505417450653,0.0,-0.38340108285309515
2025-03-04 00:00:00+00:00,1098327.9996241992,7.9365079365172e-05,0.0,87.16197124229816,0.0,-0.39989422319341017
2025-03-05 00:00:00+00:00,1098415.1685130582,7.936507936500809e-05,0.0,87.16888885906343,0.0,-0.4520356211395038
2025-03-06 00:00:00+00:00,1098502.344320083,7.93650793650539e-05,0.0,87.1758070248459,0.0,-0.44095977414639176
2025-03-07 00:00:00+00:00,1098589.5270458227,7.93650793650577e-05,0.0,87.18272573968913,0.0,-0.45262106333427354
2025-03-10 00:00:00+00:00,1098676.7166908262,7.936507936497986e-05,0.0,87.18964500363673,0.0,-0.4166540482093506
2025-03-11 00:00:00+00:00,1098763.9132556429,7.936507936499264e-05,0.0,87.19656481673223,0.0,-0.45188698303585184
2025-03-12 00:00:00+00:00,1098851.1167408219,7.936507936505638e-05,0.0,87.20348517901928,0.0,-0.45563160088673005
2025-03-13 00:00:00+00:00,1098938.3271469125,7.936507936513137e-05,0.0,87.21040609054141,0.0,-0.49226444106631106
2025-03-14 00:00:00+00:00,1099025.544474464,7.936507936517793e-05,0.0,87.21732755134227,0.0,-0.5088794279492728
2025-03-17 00:00:00+00:00,1099112.7687240255,7.936507936515644e-05,0.0,87.22424956146538,0.0,-0.5314619990616016
2025-03-18 00:00:00+00:00,1099199.9998961464,7.936507936502723e-05,0.0,87.2311721209544,0.0,-0.5317731606734348
2025-03-19 00:00:00+00:00,1099287.2379913763,7.936507936517431e-05,0.0,87.23809522985289,0.0,-0.539054239038208
2025-03-20 00:00:00+00:00,1099374.4830102646,7.936507936513433e-05,0.0,87.24501888820447,0.0,-0.5418380079502443
2025-03-21 00:00:00+00:00,1099461.7349533606,7.936507936507946e-05,0.0,87.25194309605274,0.0,-0.5241722900346488
2025-03-24 00:00:00+00:00,1099548.9938212142,7.936507936518182e-05,0.0,87.25886785344132,0.0,-0.5165176536972682
2025-03-25 00:00:00+00:00,1099636.2596143745,7.936507936497818e-05,0.0,87.26579316041382,0.0,-0.5422728049904011
2025-03-26 00:00:00+00:00,1099723.5323333915,7.936507936506417e-05,0.0,87.27271901701384,0.0,-0.5288656604056534
2025-03-27 00:00:00+00:00,1099810.8119788147,7.936507936497661e-05,0.0,87.27964542328503,0.0,-0.5579045709270538
2025-03-28 00:00:00+00:00,1099898.098551194,7.936507936509929e-05,0.0,87.286572379271,0.0,-0.5419818804864702
2025-03-31 00:00:00+00:00,1099985.392051079,7.936507936518079e-05,0.0,87.2934998850154,0.0,-0.5403717834435664
2025-04-01 00:00:00+00:00,1100072.6924790198,7.936507936518146e-05,0.0,87.30042794056183,0.0,0.5209278906434571
2025-04-02 00:00:00+00:00,1100159.9998355657,7.936507936506164e-05,0.0,87.30735654595395,0.0,0.5291990364025843
2025-04-03 00:00:00+00:00,1100247.3141212668,7.936507936499337e-05,0.0,87.31428570123538,0.0,0.5158013154024106
2025-04-04 00:00:00+00:00,1100334.6353366734,7.936507936514856e-05,0.0,87.32121540644975,0.0,0.6233993387815113
2025-04-07 00:00:00+00:00,1100421.963482335,7.936507936506428e-05,0.0,87.32814566164075,0.0,0.602490895219141
2025-04-08 00:00:00+00:00,1100509.2985588019,7.936507936512412e-05,0.0,87.33507646685199,0.0,0.611535368137103
2025-04-09 00:00:00+00:00,1100596.640566624,7.936507936507678e-05,0.0,87.34200782212713,0.0,0.5435601317078378
2025-04-10 00:00:00+00:00,1100683.9895063515,7.936507936509419e-05,0.0,87.34893972750984,0.0,0.4914117742710076
2025-04-11 00:00:00+00:00,1100771.3453785346,7.936507936513667e-05,0.0,87.35587218304377,0.0,0.4385520408282666
2025-04-14 00:00:00+00:00,1100858.7081837235,7.936507936516453e-05,0.0,87.36280518877258,0.0,0.42904324929223936
2025-04-15 00:00:00+00:00,1100946.0779224683,7.936507936513812e-05,0.0,87.36973874473996,0.0,0.40932615329407795
2025-04-16 00:00:00+00:00,1101033.4545953192,7.936507936501778e-05,0.0,87.37667285098955,0.0,0.41436043171881565
2025-04-17 00:00:00+00:00,1101120.8382028267,7.936507936497536e-05,0.0,87.38360750756502,0.0,0.43602526810556075
2025-04-21 00:00:00+00:00,1101208.2287455413,7.936507936518261e-05,0.0,87.39054271451005,0.0,0.4419237729407941
2025-04-22 00:00:00+00:00,1101295.6262240133,7.93650793651769e-05,0.0,87.39747847186835,0.0,0.48952140701085156
2025-04-23 00:00:00+00:00,1101383.030638793,7.936507936513009e-05,0.0,87.40441477968359,0.0,0.48182452008765164
2025-04-24 00:00:00+00:00,1101470.441990431,7.93650793650025e-05,0.0,87.41135163799945,0.0,0.4728091937175467
2025-04-25 00:00:00+00:00,1101557.860279478,7.936507936517724e-05,0.0,87.4182890468596,0.0,0.4912824911317655
2025-04-28 00:00:00+00:00,1101645.285506484,7.936507936498047e-05,0.0,87.42522700630776,0.0,0.4894991242445714
2025-04-29 00:00:00+00:00,1101732.7176720004,7.93650793650067e-05,0.0,87.43216551638763,0.0,0.4994763391955024
2025-04-30 00:00:00+00:00,1101820.1567765775,7.936507936500484e-05,0.0,87.43910457714288,0.0,0.488210775931889
2025-05-01 00:00:00+00:00,1101907.6028207662,7.936507936514657e-05,0.0,87.44604418861726,0.0,0.510231155357113
2025-05-02 00:00:00+00:00,1101995.0558051171,7.936507936518086e-05,0.0,87.45298435085445,0.0,0.5176279217743689
2025-05-05 00:00:00+00:00,1102082.515730181,7.936507936506808e-05,0.0,87.45992506389818,0.0,0.49645941877970223
2025-05-06 00:00:00+00:00,1102169.9825965087,7.936507936497989e-05,0.0,87.46686632779215,0.0,0.48889278387874224
2025-05-07 00:00:00+00:00,1102257.4564046513,7.936507936508785e-05,0.0,87.47380814258005,0.0,0.4827455627290922
2025-05-08 00:00:00+00:00,1102344.9371551597,7.9365079365141e-05,0.0,87.48075050830566,0.0,0.48374062982826516
2025-05-09 00:00:00+00:00,1102432.4248485847,7.936507936509972e-05,0.0,87.48769342501267,0.0,0.45391297258675944
2025-05-12 00:00:00+00:00,1102519.9194854775,7.936507936513554e-05,0.0,87.49463689274482,0.0,0.5268638155518852
2025-05-13 00:00:00+00:00,1102607.421066389,7.936507936499759e-05,0.0,87.50158091154583,0.0,0.5370855545325419
2025-05-14 00:00:00+00:00,1102694.9295918704,7.93650793650686e-05,0.0,87.50852548145944,0.0,0.544695774289135
2025-05-15 00:00:00+00:00,1102782.445062473,7.93650793650977e-05,0.0,87.51547060252939,0.0,0.5296725941995577
2025-05-16 00:00:00+00:00,1102869.9674787477,7.936507936504521e-05,0.0,87.52241627479944,0.0,0.5158712870089026
2025-05-19 00:00:00+00:00,1102957.496841246,7.936507936508263e-05,0.0,87.5293624983133,0.0,0.5097659453354506
2025-05-20 00:00:00+00:00,1103045.0331505192,7.936507936517025e-05,0.0,87.53630927311477,0.0,0.48709230731103137
2025-05-21 00:00:00+00:00,1103132.5764071185,7.936507936505732e-05,0.0,87.54325659924756,0.0,0.474309830412861
2025-05-22 00:00:00+00:00,1103220.1266115953,7.936507936512635e-05,0.0,87.55020447675544,0.0,0.47265207296217326
2025-05-23 00:00:00+00:00,1103307.683764501,7.936507936512658e-05,0.0,87.55715290568216,0.0,0.4553415013768589
2025-05-27 00:00:00+00:00,1103395.247866387,7.936507936501837e-05,0.0,87.56410188607151,0.0,0.45983386310202423
2025-05-28 00:00:00+00:00,1103482.818917805,7.93650793651841e-05,0.0,87.57105141796723,0.0,0.458051640682676
2025-05-29 00:00:00+00:00,1103570.3969193066,7.936507936516204e-05,0.0,87.5780015014131,0.0,0.45260827962326555
2025-05-30 00:00:00+00:00,1103657.981871443,7.936507936512356e-05,0.0,87.5849521364529,0.0,0.4375383170224829
2025-06-02 00:00:00+00:00,1103745.5737747662,7.936507936502899e-05,0.0,87.59190332313041,0.0,0.3810493108684181
2025-06-03 00:00:00+00:00,1103833.1726298276,7.936507936504963e-05,0.0,87.59885506148937,0.0,0.38973981494347143
2025-06-04 00:00:00+00:00,1103920.7784371793,7.936507936514579e-05,0.0,87.60580735157362,0.0,0.3921459220473569
2025-06-05 00:00:00+00:00,1104008.3911973727,7.936507936506686e-05,0.0,87.61276019342692,0.0,0.3883257168307912
2025-06-06 00:00:00+00:00,1104096.0109109597,7.936507936498413e-05,0.0,87.61971358709307,0.0,0.4154310766967573
2025-06-09 00:00:00+00:00,1104183.6375784923,7.936507936506881e-05,0.0,87.62666753261584,0.0,0.40730495441655457
2025-06-10 00:00:00+00:00,1104271.2712005223,7.936507936507031e-05,0.0,87.63362203003906,0.0,0.42269135992341234
2025-06-11 00:00:00+00:00,1104358.9117776018,7.936507936515985e-05,0.0,87.64057707940653,0.0,0.41275706190259687
2025-06-12 00:00:00+00:00,1104446.5593102826,7.936507936508691e-05,0.0,87.64753268076205,0.0,0.3869376715840751
2025-06-13 00:00:00+00:00,1104534.2137991167,7.936507936502267e-05,0.0,87.6544888341494,0.0,0.37821029507508186
2025-06-16 00:00:00+00:00,1104621.8752446563,7.936507936513829e-05,0.0,87.66144553961243,0.0,0.38356645835814795
2025-06-17 00:00:00+00:00,1104709.5436474537,7.936507936518323e-05,0.0,87.66840279719494,0.0,0.39002650371173164
2025-06-18 00:00:00+00:00,1104797.2190080606,7.936507936511787e-05,0.0,87.67536060694077,0.0,0.3920630753919907
2025-06-20 00:00:00+00:00,1104884.9013270296,7.936507936511331e-05,0.0,87.6823189688937,0.0,0.40933084952723764
2025-06-23 00:00:00+00:00,1104972.5906049127,7.936507936512989e-05,0.0,87.68927788309759,0.0,0.40593905165531474
2025-06-24 00:00:00+00:00,1105060.2868422624,7.936507936512791e-05,0.0,87.69623734959625,0.0,0.412241086256528
2025-06-25 00:00:00+00:00,1105147.9900396308,7.936507936506772e-05,0.0,87.70319736843352,0.0,0.41204548621507975
2025-06-26 00:00:00+00:00,1105235.7001975705,7.936507936512036e-05,0.0,87.71015793965324,0.0,0.39655244846176707
2025-06-27 00:00:00+00:00,1105323.4173166337,7.936507936503545e-05,0.0,87.71711906329925,0.0,0.42909410961125527
2025-06-30 00:00:00+00:00,1105411.141397373,7.936507936498404e-05,0.0,87.72408073941537,0.0,0.4040112158841307
2025-07-01 00:00:00+00:00,1105498.8724403412,7.936507936513706e-05,0.0,87.73104296804549,0.0,0.8033208803582221
2025-07-02 00:00:00+00:00,1105586.6104460903,7.936507936503354e-05,0.0,87.73800574923342,0.0,0.7924618305227318
2025-07-03 00:00:00+00:00,1105674.3554151733,7.936507936505513e-05,0.0,87.74496908302304,0.0,0.7878620804518892
2025-07-07 00:00:00+00:00,1105762.107348143,7.936507936516209e-05,0.0,87.7519329694582,0.0,0.7755757110068631
2025-07-08 00:00:00+00:00,1105849.8662455515,7.936507936510418e-05,0.0,87.75889740858277,0.0,0.8239655045133967
2025-07-09 00:00:00+00:00,1105937.632107952,7.936507936505233e-05,0.0,87.7658624004406,0.0,0.8123438371967238
2025-07-10 00:00:00+00:00,1106025.404935897,7.936507936517739e-05,0.0,87.77282794507555,0.0,0.801033054108089
2025-07-11 00:00:00+00:00,1106113.1847299396,7.936507936501864e-05,0.0,87.77979404253152,0.0,0.8010826906671085
2025-07-14 00:00:00+00:00,1106200.9714906325,7.936507936516796e-05,0.0,87.78676069285234,0.0,0.7956041130608718
2025-07-15 00:00:00+00:00,1106288.7652185287,7.936507936516464e-05,0.0,87.79372789608195,0.0,0.8111833612906665
2025-07-16 00:00:00+00:00,1106376.565914181,7.936507936517953e-05,0.0,87.80069565226418,0.0,0.8140688545422705
2025-07-17 00:00:00+00:00,1106464.3735781426,7.936507936517296e-05,0.0,87.80766396144294,0.0,0.8243736477068602
2025-07-18 00:00:00+00:00,1106552.1882109663,7.936507936510526e-05,0.0,87.81463282366211,0.0,0.8287392860685951
2025-07-21 00:00:00+00:00,1106640.0098132053,7.936507936514721e-05,0.0,87.82160223896558,0.0,0.7956200371958344
2025-07-22 00:00:00+00:00,1106727.8383854127,7.936507936504871e-05,0.0,87.82857220739724,0.0,0.7701047345188643
2025-07-23 00:00:00+00:00,1106815.6739281416,7.93650793649805e-05,0.0,87.835542729001,0.0,0.7765197689710623
2025-07-24 00:00:00+00:00,1106903.5164419455,7.936507936511329e-05,0.0,87.84251380382076,0.0,0.7712005656346301
2025-07-25 00:00:00+00:00,1106991.3659273773,7.936507936498665e-05,0.0,87.84948543190043,0.0,0.758412134878168
2025-07-28 00:00:00+00:00,1107079.2223849904,7.936507936498165e-05,0.0,87.85645761328391,0.0,0.7829569983609312
2025-07-29 00:00:00+00:00,1107167.0858153384,7.936507936505859e-05,0.0,87.86343034801511,0.0,0.7719339101875446
2025-07-30 00:00:00+00:00,1107254.9562189747,7.936507936517777e-05,0.0,87.87040363613797,0.0,0.7890359998314569
2025-07-31 00:00:00+00:00,1107342.8335964524,7.936507936508924e-05,0.0,87.8773774776964,0.0,0.7977089243547368
2025-08-01 00:00:00+00:00,1107430.7179483252,7.936507936517393e-05,0.0,87.88435187273431,0.0,0.7979493354839864
2025-08-04 00:00:00+00:00,1107518.6092751466,7.936507936518186e-05,0.0,87.89132682129565,0.0,0.7502121441867677
2025-08-05 00:00:00+00:00,1107606.50757747,7.93650793650734e-05,0.0,87.89830232342433,0.0,0.7159812662047464
2025-08-06 00:00:00+00:00,1107694.4128558491,7.936507936501914e-05,0.0,87.90527837916429,0.0,0.6903021914629264
2025-08-07 00:00:00+00:00,1107782.3251108376,7.936507936497937e-05,0.0,87.91225498855945,0.0,0.6796932994544518
2025-08-08 00:00:00+00:00,1107870.2443429893,7.936507936512462e-05,0.0,87.91923215165377,0.0,0.6830403990976137
2025-08-11 00:00:00+00:00,1107958.1705528577,7.936507936499484e-05,0.0,87.92620986849121,0.0,0.6773461454649237
2025-08-12 00:00:00+00:00,1108046.103740997,7.936507936518087e-05,0.0,87.93318813911569,0.0,0.6669090157732844
2025-08-13 00:00:00+00:00,1108134.0439079604,7.936507936501258e-05,0.0,87.94016696357119,0.0,0.6724233960555273
2025-08-14 00:00:00+00:00,1108221.9910543023,7.936507936508073e-05,0.0,87.94714634190161,0.0,0.6691670442372706
2025-08-15 00:00:00+00:00,1108309.9451805765,7.936507936513551e-05,0.0,87.95412627415098,0.0,0.6595074928527014
2025-08-18 00:00:00+00:00,1108397.906287337,7.936507936513723e-05,0.0,87.96110676036322,0.0,0.6637131585517322
2025-08-19 00:00:00+00:00,1108485.8743751375,7.936507936504627e-05,0.0,87.9680878005823,0.0,0.6908707675429797
2025-08-20 00:00:00+00:00,1108573.8494445323,7.936507936503302e-05,0.0,87.97506939485218,0.0,0.6629423676247983
2025-08-21 00:00:00+00:00,1108661.8314960755,7.936507936505779e-05,0.0,87.98205154321685,0.0,0.6396958472399064
2025-08-22 00:00:00+00:00,1108749.8205303212,7.936507936508091e-05,0.0,87.98903424572028,0.0,0.6314093533874745
2025-08-25 00:00:00+00:00,1108837.8165478236,7.936507936506271e-05,0.0,87.99601750240645,0.0,0.6306210877134699
2025-08-26 00:00:00+00:00,1108925.819549137,7.936507936517353e-05,0.0,88.00300131331933,0.0,0.607032574944796
2025-08-27 00:00:00+00:00,1109013.8295348156,7.936507936516366e-05,0.0,88.00998567850294,0.0,0.6139298125072781
2025-08-28 00:00:00+00:00,1109101.8465054135,7.936507936499352e-05,0.0,88.01697059800124,0.0,0.6204857053222614
2025-08-29 00:00:00+00:00,1109189.8704614853,7.936507936504333e-05,0.0,88.02395607185822,0.0,0.5951728973147823
2025-09-02 00:00:00+00:00,1109277.9014035854,7.936507936506344e-05,0.0,88.03094210011788,0.0,0.5858470330764929
2025-09-03 00:00:00+00:00,1109365.9393322682,7.93650793650142e-05,0.0,88.03792868282424,0.0,0.5904193399911035
2025-09-04 00:00:00+00:00,1109453.9842480882,7.936507936506584e-05,0.0,88.04491582002129,0.0,0.5979429314878466
2025-09-05 00:00:00+00:00,1109542.0361516,7.936507936517866e-05,0.0,88.05190351175304,0.0,0.5749831201762152
2025-09-08 00:00:00+00:00,1109630.0950433582,7.936507936510315e-05,0.0,88.0588917580635,0.0,0.568053681132084
2025-09-09 00:00:00+00:00,1109718.160923917,7.93650793650095e-05,0.0,88.06588055899668,0.0,0.5769640272215124
2025-09-10 00:00:00+00:00,1109806.2337938317,7.936507936506789e-05,0.0,88.0728699145966,0.0,0.5473472557168693
2025-09-11 00:00:00+00:00,1109894.3136536565,7.93650793650288e-05,0.0,88.07985982490727,0.0,0.5230224608979324
2025-09-12 00:00:00+00:00,1109982.4005039465,7.936507936506237e-05,0.0,88.08685028997274,0.0,0.5273502120317541
2025-09-15 00:00:00+00:00,1110070.4943452564,7.936507936512891e-05,0.0,88.09384130983702,0.0,0.5218118375754628
2025-09-16 00:00:00+00:00,1110158.5951781408,7.936507936497901e-05,0.0,88.10083288454416,0.0,0.551487314422034
2025-09-17 00:00:00+00:00,1110246.7030031548,7.936507936499251e-05,0.0,88.10782501413816,0.0,0.5512590107915534
2025-09-18 00:00:00+00:00,1110334.8178208536,7.936507936512971e-05,0.0,88.11481769866309,0.0,0.5446179134941742
2025-09-19 00:00:00+00:00,1110422.9396317918,7.93650793651412e-05,0.0,88.12181093816298,0.0,0.49191805110864006
2025-09-22 00:00:00+00:00,1110511.0684365244,7.936507936498737e-05,0.0,88.12880473268189,0.0,0.4749969946402368
2025-09-23 00:00:00+00:00,1110599.2042356066,7.936507936504791e-05,0.0,88.13579908226384,0.0,0.48132212993485357
2025-09-24 00:00:00+00:00,1110687.3470295935,7.936507936507346e-05,0.0,88.14279398695291,0.0,0.5008883805798483
2025-09-25 00:00:00+00:00,1110775.4968190403,7.936507936502434e-05,0.0,88.14978944679314,0.0,0.4937416822091363
2025-09-26 00:00:00+00:00,1110863.653604502,7.936507936507054e-05,0.0,88.15678546182859,0.0,0.47263175213640096
2025-09-29 00:00:00+00:00,1110951.8173865343,7.936507936517236e-05,0.0,88.16378203210334,0.0,0.47218139473509346
2025-09-30 00:00:00+00:00,1111039.988165692,7.936507936508054e-05,0.0,88.17077915766146,0.0,0.4704058731002698
2025-10-01 00:00:00+00:00,1111128.1659425306,7.93650793651746e-05,0.0,88.17777683854698,0.0,1.509531983634436
2025-10-02 00:00:00+00:00,1111216.3507176053,7.936507936499572e-05,0.0,88.18477507480402,0.0,1.509915498895431
2025-10-03 00:00:00+00:00,1111304.5424914719,7.93650793651329e-05,0.0,88.19177386647661,0.0,1.5163558527199408
2025-10-06 00:00:00+00:00,1111392.7412646855,7.936507936512735e-05,0.0,88.19877321360887,0.0,1.514686969557105
2025-10-07 00:00:00+00:00,1111480.9470378018,7.936507936514896e-05,0.0,88.20577311624488,0.0,1.5397152908307046
2025-10-08 00:00:00+00:00,1111569.1598113764,7.936507936515805e-05,0.0,88.21277357442872,0.0,1.528850313231259
2025-10-09 00:00:00+00:00,1111657.3795859646,7.936507936511495e-05,0.0,88.21977458820447,0.0,1.5572225449561357
2025-10-10 00:00:00+00:00,1111745.606362122,7.936507936498002e-05,0.0,88.22677615761624,0.0,1.5675822668528117
2025-10-13 00:00:00+00:00,1111833.8401404049,7.936507936513249e-05,0.0,88.2337782827081,0.0,1.5468737941191648
2025-10-14 00:00:00+00:00,1111922.0809213684,7.936507936511375e-05,0.0,88.2407809635242,0.0,1.5622746980169993
2025-10-15 00:00:00+00:00,1112010.3287055686,7.936507936509361e-05,0.0,88.24778420010861,0.0,1.5378673022574487
2025-10-16 00:00:00+00:00,1112098.583493561,7.936507936503239e-05,0.0,88.25478799250544,0.0,1.5232176943991682
2025-10-17 00:00:00+00:00,1112186.8452859018,7.93650793650998e-05,0.0,88.26179234075882,0.0,1.5755901916870974
2025-10-20 00:00:00+00:00,1112275.1140831467,7.93650793650468e-05,0.0,88.26879724491285,0.0,1.5922680951594206
2025-10-21 00:00:00+00:00,1112363.3898858516,7.936507936504308e-05,0.0,88.27580270501164,0.0,1.6312492098314824
2025-10-22 00:00:00+00:00,1112451.6726945727,7.936507936504897e-05,0.0,88.28280872109934,0.0,1.6267874309402295
2025-10-23 00:00:00+00:00,1112539.9625098659,7.936507936502479e-05,0.0,88.28981529322006,0.0,1.6222225611100942
2025-10-24 00:00:00+00:00,1112628.2593322874,7.936507936514016e-05,0.0,88.29682242141793,0.0,1.6302518522643776
2025-10-27 00:00:00+00:00,1112716.5631623932,7.936507936514611e-05,0.0,88.30383010573709,0.0,1.6442217917244726
2025-10-28 00:00:00+00:00,1112804.8740007393,7.936507936500302e-05,0.0,88.31083834622169,0.0,1.6234568372625402
2025-10-29 00:00:00+00:00,1112893.1918478822,7.936507936508973e-05,0.0,88.31784714291582,0.0,1.6198446006742353
2025-10-30 00:00:00+00:00,1112981.5167043782,7.936507936515726e-05,0.0,88.32485649586367,0.0,1.6100486675844632
2025-10-31 00:00:00+00:00,1113069.8485707834,7.936507936516599e-05,0.0,88.33186640510938,0.0,1.6122332856014463
2025-11-03 00:00:00+00:00,1113158.187447654,7.936507936507626e-05,0.0,88.33887687069709,0.0,1.6254982620112335
2025-11-04 00:00:00+00:00,1113246.5333355467,7.936507936505759e-05,0.0,88.34588789267096,0.0,1.6513013412287334
2025-11-05 00:00:00+00:00,1113334.8862350178,7.936507936507028e-05,0.0,88.35289947107513,0.0,1.6254951747423307
2025-11-06 00:00:00+00:00,1113423.2461466237,7.936507936507469e-05,0.0,88.3599116059538,0.0,1.6256663086018648
2025-11-07 00:00:00+00:00,1113511.613070921,7.936507936503112e-05,0.0,88.36692429735109,0.0,1.603734215329287
2025-11-10 00:00:00+00:00,1113599.9870084664,7.936507936510903e-05,0.0,88.3739375453112,0.0,1.586047162771897
2025-11-11 00:00:00+00:00,1113688.3679598162,7.936507936505965e-05,0.0,88.38095134987829,0.0,1.5794127432992822
2025-11-12 00:00:00+00:00,1113776.7559255273,7.936507936505241e-05,0.0,88.38796571109653,0.0,1.5629119939609915
2025-11-13 00:00:00+00:00,1113865.1509061563,7.936507936504761e-05,0.0,88.3949806290101,0.0,1.5848089117480209
2025-11-14 00:00:00+00:00,1113953.5529022599,7.936507936500561e-05,0.0,88.4019961036632,0.0,1.5814523879776088
2025-11-17 00:00:00+00:00,1114041.961914395,7.936507936509575e-05,0.0,88.40901213509999,0.0,1.583749019343446
2025-11-18 00:00:00+00:00,1114130.3779431183,7.936507936506935e-05,0.0,88.41602872336468,0.0,1.583990201190245
2025-11-19 00:00:00+00:00,1114218.8009889869,7.936507936509574e-05,0.0,88.42304586850146,0.0,1.5758309301825175
2025-11-20 00:00:00+00:00,1114307.2310525575,7.936507936513524e-05,0.0,88.43006357055451,0.0,1.6135302942165168
2025-11-21 00:00:00+00:00,1114395.6681343871,7.936507936514818e-05,0.0,88.43708182956806,0.0,1.6045772122302369
2025-11-24 00:00:00+00:00,1114484.1122350327,7.936507936509492e-05,0.0,88.44410064558627,0.0,1.5661670121801432
2025-11-25 00:00:00+00:00,1114572.5633550514,7.936507936514472e-05,0.0,88.45112001865338,0.0,1.567881190770919
2025-11-26 00:00:00+00:00,1114661.0214950002,7.936507936504895e-05,0.0,88.45813994881361,0.0,1.5293189660002513
2025-11-28 00:00:00+00:00,1114749.4866554362,7.936507936497694e-05,0.0,88.46516043611113,0.0,1.5204933992175906
2025-12-01 00:00:00+00:00,1114837.9588369168,7.936507936509781e-05,0.0,88.47218148059018,0.0,1.5284617794446032
2025-12-02 00:00:00+00:00,1114926.4380399992,7.936507936516304e-05,0.0,88.47920308229499,0.0,1.5370487816636471
2025-12-03 00:00:00+00:00,1115014.9242652406,7.936507936513295e-05,0.0,88.48622524126978,0.0,1.542504078178161
2025-12-04 00:00:00+00:00,1115103.4175131982,7.936507936517673e-05,0.0,88.49324795755878,0.0,1.5400036663263164
2025-12-05 00:00:00+00:00,1115191.9177844294,7.936507936504589e-05,0.0,88.50027123120621,0.0,1.5385352918815913
2025-12-08 00:00:00+00:00,1115280.4250794917,7.936507936511838e-05,0.0,88.5072950622563,0.0,1.5637081871027254
2025-12-09 00:00:00+00:00,1115368.9393989425,7.936507936514572e-05,0.0,88.5143194507533,0.0,1.5374834870515937
2025-12-10 00:00:00+00:00,1115457.4607433393,7.936507936508824e-05,0.0,88.52134439674147,0.0,1.520509733585559
2025-12-11 00:00:00+00:00,1115545.9891132396,7.936507936511505e-05,0.0,88.52836990026502,0.0,1.494981457029203
2025-12-12 00:00:00+00:00,1115634.5245092008,7.936507936497772e-05,0.0,88.53539596136822,0.0,1.5103539109549207
2025-12-15 00:00:00+00:00,1115723.066931781,7.936507936505406e-05,0.0,88.5424225800953,0.0,1.523269240407715
2025-12-16 00:00:00+00:00,1115811.6163815374,7.936507936509563e-05,0.0,88.54944975649055,0.0,1.5213897408279289
2025-12-17 00:00:00+00:00,1115900.172859028,7.936507936506279e-05,0.0,88.55647749059821,0.0,1.52033473379326
2025-12-18 00:00:00+00:00,1115988.7363648105,7.936507936512454e-05,0.0,88.56350578246254,0.0,1.5170470090783779
2025-12-19 00:00:00+00:00,1116077.3068994426,7.936507936503255e-05,0.0,88.57053463212782,0.0,1.4937988108570206
2025-12-22 00:00:00+00:00,1116165.8844634823,7.936507936516445e-05,0.0,88.5775640396383,0.0,1.4921600565615014
2025-12-23 00:00:00+00:00,1116254.4690574873,7.936507936506329e-05,0.0,88.58459400503828,0.0,1.5050766647356904
2025-12-24 00:00:00+00:00,1116343.0606820157,7.936507936510665e-05,0.0,88.59162452837201,0.0,1.5038126125623092
2025-12-26 00:00:00+00:00,1116431.6593376254,7.936507936504624e-05,0.0,88.59865560968379,0.0,1.4980734272777028
2025-12-29 00:00:00+00:00,1116520.2650248744,7.9365079365051e-05,0.0,88.60568724901789,0.0,1.517956741919563
2025-12-30 00:00:00+00:00,1116608.8777443208,7.936507936508122e-05,0.0,88.6127194464186,0.0,1.5069544499840077
2025-12-31 00:00:00+00:00,1116697.4974965227,7.936507936509724e-05,0.0,88.61975220193023,0.0,1.511131576311299
2026-01-02 00:00:00+00:00,1116786.1242820383,7.936507936505939e-05,0.0,88.62678551559704,0.0,1.7020562863104773
2026-01-05 00:00:00+00:00,1116874.7581014258,7.936507936513652e-05,0.0,88.63381938746336,0.0,1.6928287787596537
2026-01-06 00:00:00+00:00,1116963.3989552434,7.936507936508044e-05,0.0,88.64085381757347,0.0,1.6699875591158975
2026-01-07 00:00:00+00:00,1117052.0468440494,7.936507936506e-05,0.0,88.6478888059717,0.0,1.6753953259704666
2026-01-08 00:00:00+00:00,1117140.701768402,7.93650793650355e-05,0.0,88.65492435270232,0.0,1.6732049715389916
2026-01-09 00:00:00+00:00,1117229.36372886,7.93650793651757e-05,0.0,88.66196045780968,0.0,1.6649995028565003
2026-01-12 00:00:00+00:00,1117318.0327259812,7.936507936502408e-05,0.0,88.6689971213381,0.0,1.6541692866900908
2026-01-13 00:00:00+00:00,1117406.7087603246,7.936507936516624e-05,0.0,88.67603434333184,0.0,1.6434710442515073
2026-01-14 00:00:00+00:00,1117495.3918324485,7.936507936514566e-05,0.0,88.68307212383529,0.0,1.650543066749873
2026-01-15 00:00:00+00:00,1117584.0819429115,7.93650793651311e-05,0.0,88.69011046289275,0.0,1.6416267032295249
2026-01-16 00:00:00+00:00,1117672.779092272,7.936507936508285e-05,0.0,88.69714936054854,0.0,1.6370949175029903
2026-01-20 00:00:00+00:00,1117761.483281089,7.936507936516962e-05,0.0,88.704188816847,0.0,1.6183024955627046
2026-01-21 00:00:00+00:00,1117850.194509921,7.936507936514337e-05,0.0,88.71122883183246,0.0,1.6453193810255522
2026-01-22 00:00:00+00:00,1117938.9127793266,7.936507936517278e-05,0.0,88.71826940554928,0.0,1.6313867350237148
2026-01-23 00:00:00+00:00,1118027.6380898645,7.936507936500988e-05,0.0,88.7253105380418,0.0,1.6278954954533136
2026-01-26 00:00:00+00:00,1118116.3704420938,7.936507936503157e-05,0.0,88.73235222935433,0.0,1.6285436775172561
2026-01-27 00:00:00+00:00,1118205.1098365732,7.936507936498989e-05,0.0,88.73939447953126,0.0,1.6460565138814012
2026-01-28 00:00:00+00:00,1118293.8562738618,7.936507936505343e-05,0.0,88.74643728861692,0.0,1.6800086939945809
2026-01-29 00:00:00+00:00,1118382.6097545186,7.936507936518246e-05,0.0,88.7534806566557,0.0,1.692955311043633
2026-01-30 00:00:00+00:00,1118471.3702791024,7.936507936512913e-05,0.0,88.76052458369195,0.0,1.7167139870832981
2026-02-02 00:00:00+00:00,1118560.137848172,7.9365079365062e-05,0.0,88.76756906977003,0.0,1.6858052047250789
2026-02-03 00:00:00+00:00,1118648.9124622871,7.936507936514955e-05,0.0,88.7746141149343,0.0,1.7033734789806356
2026-02-04 00:00:00+00:00,1118737.6941220064,7.936507936514396e-05,0.0,88.78165971922914,0.0,1.6984647187671023
2026-02-05 00:00:00+00:00,1118826.482827889,7.936507936500554e-05,0.0,88.78870588269892,0.0,1.7465479079024169
2026-02-06 00:00:00+00:00,1118915.2785804945,7.936507936511093e-05,0.0,88.79575260538802,0.0,1.7135380966076266
2026-02-09 00:00:00+00:00,1119004.0813803817,7.936507936500418e-05,0.0,88.80279988734083,0.0,1.686244504169478
2026-02-10 00:00:00+00:00,1119092.8912281103,7.936507936506183e-05,0.0,88.80984772860172,0.0,1.6727468837688102
2026-02-11 00:00:00+00:00,1119181.7081242395,7.936507936503612e-05,0.0,88.81689612921511,0.0,1.6604781100329138
2026-02-12 00:00:00+00:00,1119270.5320693287,7.936507936509545e-05,0.0,88.82394508922535,0.0,1.689404823203577
2026-02-13 00:00:00+00:00,1119359.3630639373,7.93650793649921e-05,0.0,88.83099460867687,0.0,1.6663817287585232
2026-02-17 00:00:00+00:00,1119448.201108625,7.936507936510246e-05,0.0,88.83804468761407,0.0,1.6675810466586185
2026-02-18 00:00:00+00:00,1119537.0462039511,7.936507936517881e-05,0.0,88.84509532608135,0.0,1.6677296146186391
2026-02-19 00:00:00+00:00,1119625.8983504754,7.936507936518152e-05,0.0,88.8521465241231,0.0,1.6561048431265588
