ts_event,signal,position,position_size,z_score,lambda,spread,regime,signal_exit_reason,jump
2020-07-01 00:00:00+00:00,0.0,0.0,0.0,-0.4217984183061383,0.010443602500184359,2.230728804856471,normal,,0
2020-07-02 00:00:00+00:00,0.0,0.0,0.0,-0.45544611421780073,0.010443602495469138,2.2310422727952837,normal,,0
2020-07-06 00:00:00+00:00,0.0,0.0,0.0,-0.5397500067144215,0.010443602491796914,2.230787556164571,normal,,0
2020-07-07 00:00:00+00:00,0.0,0.0,0.0,-0.8357115925621647,0.01044360248893698,2.2254106248079357,normal,,0
2020-07-08 00:00:00+00:00,0.0,0.0,0.0,-1.0251372146571234,0.010443602486709657,2.2223687719187963,normal,,0
2020-07-09 00:00:00+00:00,0.0,0.0,0.0,-1.8856409176408835,0.010443602484975013,2.2059751114543844,normal,,0
2020-07-10 00:00:00+00:00,0.0,0.0,0.0,-1.4200870084816506,0.01044360248362407,2.2148016610103753,normal,,0
2020-07-13 00:00:00+00:00,0.0,0.0,0.0,-1.2700084150656985,0.010443602482571953,2.2176473514021797,normal,,0
2020-07-14 00:00:00+00:00,0.0,0.0,0.0,-0.7549664726358358,0.010443602481752563,2.2276034160149405,normal,,0
2020-07-15 00:00:00+00:00,0.0,0.0,0.0,-0.43932846114190943,0.010443602481114419,2.233823918361507,normal,,0
2020-07-16 00:00:00+00:00,0.0,0.0,0.0,-0.6673049279970117,0.010443602480617431,2.2297692503385824,normal,,0
2020-07-17 00:00:00+00:00,0.0,0.0,0.0,-0.8751966711748248,0.010443602480230378,2.227142225155718,normal,,0
2020-07-20 00:00:00+00:00,0.0,0.0,0.0,-1.4466490310069213,0.010443602479928938,2.2170891337016414,normal,,0
2020-07-21 00:00:00+00:00,0.0,0.0,0.0,0.6270277299463528,0.010443602479694178,2.2552436628347063,normal,,0
2020-07-22 00:00:00+00:00,0.0,0.0,0.0,1.2989268114900248,0.010443602479511345,2.267960463843518,normal,,0
2020-07-23 00:00:00+00:00,0.0,0.0,0.0,1.2223813873303775,0.010443602479368954,2.2671313033284473,normal,,0
2020-07-24 00:00:00+00:00,0.0,0.0,0.0,0.8366413918597673,0.010443602479258062,2.2606495317977036,normal,,0
2020-07-27 00:00:00+00:00,0.0,0.0,0.0,0.8808356922892674,0.010443602479171697,2.2617029912844027,normal,,0
2020-07-28 00:00:00+00:00,0.0,0.0,0.0,0.04331707216585653,0.010443602479104436,2.2463189364806886,normal,,0
2020-07-29 00:00:00+00:00,0.0,0.0,0.0,0.3343114999470417,0.010443602479052053,2.2517288315686725,normal,,0
2020-07-30 00:00:00+00:00,0.0,0.0,0.0,-0.18841818252642625,0.010443602479011257,2.2418073571102255,normal,,0
2020-07-31 00:00:00+00:00,0.0,0.0,0.0,-2.0847360057334474,0.010443602478979486,2.206304194859594,normal,,0
2020-08-03 00:00:00+00:00,0.0,0.0,0.0,-1.4744441968898188,0.010443602478954742,2.2158747035053685,normal,,0
2020-08-04 00:00:00+00:00,0.0,0.0,0.0,-0.8190933749568651,0.010443602478935471,2.2274861632502523,normal,,0
2020-08-05 00:00:00+00:00,0.0,0.0,0.0,-1.1800575162868743,0.010443602478920464,2.2204579234482718,normal,,0
2020-08-06 00:00:00+00:00,0.0,0.0,0.0,-0.7331526785477849,0.010443602478908775,2.2279349564860778,normal,,0
2020-08-07 00:00:00+00:00,0.0,0.0,0.0,-1.0447654574821637,0.010443602478899671,2.2218028613541114,normal,,0
2020-08-10 00:00:00+00:00,0.0,0.0,0.0,0.07902293583336491,0.010443602478892583,2.2414845509640893,normal,,0
2020-08-11 00:00:00+00:00,0.0,0.0,0.0,-0.2365593077587539,0.010443602478887062,2.235394185013234,normal,,0
2020-08-12 00:00:00+00:00,0.0,0.0,0.0,1.1577295750219032,0.010443602478882761,2.258682672952388,normal,,0
2020-08-13 00:00:00+00:00,0.0,0.0,0.0,1.5699202121736087,0.010443602478879413,2.2655152527571336,normal,,0
2020-08-14 00:00:00+00:00,0.0,0.0,0.0,1.5634947556124987,0.010443602478876804,2.2659400202124362,normal,,0
2020-08-17 00:00:00+00:00,0.0,0.0,0.0,2.3822417623176753,0.010443602478874773,2.2799486674897054,normal,,0
2020-08-18 00:00:00+00:00,0.0,0.0,0.0,0.3508822423194901,0.010443602478873193,2.245440064896691,normal,,0
2020-08-19 00:00:00+00:00,0.0,0.0,0.0,-0.10717353509616762,0.01044360247887196,2.237374861231994,normal,,0
2020-08-20 00:00:00+00:00,0.0,0.0,0.0,-0.5694076190431964,0.010443602478871,2.228975579653802,normal,,0
2020-08-21 00:00:00+00:00,0.0,0.0,0.0,-0.12356250411107217,0.010443602478870254,2.2361789553753684,normal,,0
2020-08-24 00:00:00+00:00,0.0,0.0,0.0,1.1261458643108788,0.010443602478869671,2.2573296501648206,normal,,0
2020-08-25 00:00:00+00:00,0.0,0.0,0.0,0.7413785321020079,0.010443602478869218,2.250995868758438,normal,,0
2020-08-26 00:00:00+00:00,0.0,0.0,0.0,0.6002588714136725,0.010443602478868864,2.248572050833843,normal,,0
2020-08-27 00:00:00+00:00,0.0,0.0,0.0,0.8586696121010275,0.01044360247886859,2.2527108318846176,normal,,0
2020-08-28 00:00:00+00:00,0.0,0.0,0.0,0.5294608498979486,0.010443602478868377,2.2469219695933074,normal,,0
2020-08-31 00:00:00+00:00,0.0,0.0,0.0,0.05694260937819966,0.010443602478868209,2.238800895093095,normal,,0
2020-09-01 00:00:00+00:00,0.0,0.0,0.0,-0.01802169169083223,0.01044360247886808,2.237309609176566,normal,,0
2020-09-02 00:00:00+00:00,0.0,0.0,0.0,0.2690499839983512,0.010443602478867978,2.2415913872756135,normal,,0
2020-09-03 00:00:00+00:00,0.0,0.0,0.0,-0.5385583966281339,0.0104436024788679,2.228219926893564,normal,,0
2020-09-04 00:00:00+00:00,0.0,0.0,0.0,-0.7776262222086952,0.010443602478867837,2.224075618220428,normal,,0
2020-09-08 00:00:00+00:00,0.0,0.0,0.0,-2.117490434133948,0.01044360247886779,2.202501348712793,normal,,0
2020-09-09 00:00:00+00:00,0.0,0.0,0.0,-0.9337334705722432,0.010443602478867754,2.2205526339205996,normal,,0
2020-09-10 00:00:00+00:00,0.0,0.0,0.0,-1.3055314195281353,0.010443602478867725,2.214046158149825,normal,,0
2020-09-11 00:00:00+00:00,0.0,0.0,0.0,-1.5631862466216628,0.010443602478867702,2.208936070705786,normal,,0
2020-09-14 00:00:00+00:00,0.0,0.0,0.0,-1.694926085158834,0.010443602478867685,2.205742167561106,normal,,0
2020-09-15 00:00:00+00:00,0.0,0.0,0.0,-1.6647340576376246,0.010443602478867671,2.205043137591359,normal,,0
2020-09-16 00:00:00+00:00,0.0,0.0,0.0,-1.3095452505845075,0.01044360247886766,2.210440034877275,normal,,0
2020-09-17 00:00:00+00:00,0.0,0.0,0.0,-1.5921167997954644,0.010443602478867652,2.204401240610248,normal,,0
2020-09-18 00:00:00+00:00,0.0,0.0,0.0,-1.1826159451970726,0.010443602478867645,2.2109844712609767,normal,,0
2020-09-21 00:00:00+00:00,0.0,0.0,0.0,-1.93151356849565,0.01044360247886764,2.1965219467842783,normal,,0
2020-09-22 00:00:00+00:00,0.0,0.0,0.0,-1.5416553413265563,0.010443602478867636,2.2024638259261073,normal,,0
2020-09-23 00:00:00+00:00,1.0,1.0,0.25,-3.1256892121154034,0.010443602478867633,2.1704622076348423,normal,,0
2020-09-24 00:00:00+00:00,0.0,1.0,0.25,-2.6403305422697065,0.010443602478867631,2.175153353235759,normal,,0
2020-09-25 00:00:00+00:00,0.0,1.0,0.25,-2.7900036951312517,0.01044360247886763,2.1676606851105418,normal,,0
2020-09-28 00:00:00+00:00,0.0,1.0,0.25,-1.6687615786711676,0.010443602478867628,2.189531945462355,normal,,0
2020-09-29 00:00:00+00:00,0.0,1.0,0.25,-1.9136606132474594,0.010443602478867626,2.1819194261772252,normal,,0
2020-09-30 00:00:00+00:00,0.0,1.0,0.25,-2.200227374783852,0.010443602478867626,2.1724608282417037,normal,,0
2020-10-01 00:00:00+00:00,0.0,0.0,0.0,-2.0134452849939124,0.009212140796022302,2.201283288170994,normal,,0
2020-10-02 00:00:00+00:00,0.0,0.0,0.0,-1.5678737221286916,0.0092121407960223,2.2109799324957535,normal,,0
2020-10-05 00:00:00+00:00,0.0,0.0,0.0,-1.096149490485403,0.0092121407960223,2.223133617057787,normal,,0
2020-10-06 00:00:00+00:00,0.0,0.0,0.0,-1.0304044575499864,0.0092121407960223,2.2243896547180952,normal,,0
2020-10-07 00:00:00+00:00,0.0,0.0,0.0,-0.4584537790945021,0.0092121407960223,2.2401109034997386,normal,,0
2020-10-08 00:00:00+00:00,0.0,0.0,0.0,-0.762255779301698,0.009212140796022299,2.2311357350237118,normal,,0
2020-10-09 00:00:00+00:00,0.0,0.0,0.0,-1.003201375138075,0.009212140796022299,2.2236171200499557,normal,,0
2020-10-12 00:00:00+00:00,0.0,0.0,0.0,-0.950759936966917,0.009212140796022299,2.224326660097059,normal,,0
2020-10-13 00:00:00+00:00,0.0,0.0,0.0,-0.9140767783362556,0.009212140796022299,2.2246725891715275,normal,,0
2020-10-14 00:00:00+00:00,0.0,0.0,0.0,-1.1629141605511046,0.009212140796022299,2.2168530428021054,normal,,0
2020-10-15 00:00:00+00:00,0.0,0.0,0.0,-0.8947550391500358,0.009212140796022299,2.2235987009188993,normal,,0
2020-10-16 00:00:00+00:00,0.0,0.0,0.0,-1.0553617643709456,0.009212140796022299,2.2181579996453733,normal,,0
2020-10-19 00:00:00+00:00,0.0,0.0,0.0,-1.3334165912587073,0.009212140796022299,2.209385083873635,normal,,0
2020-10-20 00:00:00+00:00,0.0,0.0,0.0,-1.2554503290069159,0.009212140796022299,2.210429198874218,normal,,0
2020-10-21 00:00:00+00:00,0.0,0.0,0.0,-1.4183687582253923,0.009212140796022299,2.2048231148761177,normal,,0
2020-10-22 00:00:00+00:00,0.0,0.0,0.0,-1.158489133035554,0.009212140796022299,2.2107498263712304,normal,,0
2020-10-23 00:00:00+00:00,0.0,0.0,0.0,-1.0417536396470473,0.009212140796022299,2.213004388679813,normal,,0
2020-10-26 00:00:00+00:00,0.0,0.0,0.0,-1.3041968792381502,0.009212140796022299,2.2046462053007336,normal,,0
2020-10-27 00:00:00+00:00,0.0,0.0,0.0,-1.7150644733858356,0.009212140796022299,2.1919104297474963,normal,,0
2020-10-28 00:00:00+00:00,0.0,0.0,0.0,-1.8186790998242544,0.009212140796022299,2.186830978515754,normal,,0
2020-10-29 00:00:00+00:00,1.0,1.0,0.179377998656319,-2.1525359838758282,0.009212140796022299,2.1743753573459292,normal,,0
2020-10-30 00:00:00+00:00,0.0,1.0,0.179377998656319,-1.2204728702576453,0.009212140796022299,2.1997166552662475,normal,,0
2020-11-02 00:00:00+00:00,0.0,1.0,0.179377998656319,-0.8153897080811524,0.009212140796022299,2.2111274802924803,normal,,0
2020-11-03 00:00:00+00:00,0.0,1.0,0.179377998656319,-0.6483651506482353,0.009212140796022299,2.2156331431618446,normal,,0
2020-11-04 00:00:00+00:00,0.0,1.0,0.179377998656319,-0.5491304558624676,0.009212140796022299,2.2179653865831166,normal,,0
2020-11-05 00:00:00+00:00,2.0,0.0,0.0,-0.24022507104510304,0.009212140796022299,2.2268872332819885,normal,mean_reversion,0
2020-11-06 00:00:00+00:00,0.0,0.0,0.0,-0.5770267371762243,0.009212140796022299,2.2158558187422313,normal,,0
2020-11-09 00:00:00+00:00,0.0,0.0,0.0,1.1522398404942766,0.02216011408129436,2.2658482256480155,normal,,1
2020-11-10 00:00:00+00:00,-1.0,-1.0,0.2133592470826052,2.5603109649912623,0.019296039264913127,2.304611960090881,normal,,0
2020-11-11 00:00:00+00:00,0.0,-1.0,0.2133592470826052,2.581018777895651,0.017065494065337618,2.3047188866486525,normal,,0
2020-11-12 00:00:00+00:00,0.0,-1.0,0.2133592470826052,2.3432936740046526,0.015328342556971759,2.300940730451211,normal,,0
2020-11-13 00:00:00+00:00,0.0,-1.0,0.2133592470826052,2.7416423724105186,0.013975446698330524,2.3160429199494654,normal,,0
2020-11-16 00:00:00+00:00,0.0,-1.0,0.2133592470826052,3.7102083955839342,0.01292180964047229,2.352833842182894,normal,,0
2020-11-17 00:00:00+00:00,0.0,-1.0,0.2133592470826052,2.48182884277752,0.012101235726669992,2.3230204597504107,normal,,0
2020-11-18 00:00:00+00:00,0.0,-1.0,0.2133592470826052,2.064279859382469,0.011462171693195746,2.311364876011,normal,,0
2020-11-19 00:00:00+00:00,0.0,-1.0,0.2133592470826052,2.2939807988867678,0.010964467791071983,2.3223304805905602,normal,,0
2020-11-20 00:00:00+00:00,0.0,-1.0,0.2133592470826052,2.4864197810324518,0.0105768553434702,2.333498394306578,normal,,0
2020-11-23 00:00:00+00:00,2.0,0.0,0.0,3.023778494505289,0.010274982264125758,2.3600031741479417,normal,max_hold,0
2020-11-24 00:00:00+00:00,-1.0,-1.0,0.25,3.0126038572699803,0.010039883116519136,2.36917895511256,normal,,0
2020-11-25 00:00:00+00:00,0.0,-1.0,0.25,2.342898834314688,0.009856787593972408,2.349112336323966,normal,,0
2020-11-27 00:00:00+00:00,0.0,-1.0,0.25,2.1852957999172182,0.009714192562395548,2.3475609907795367,normal,,0
2020-11-30 00:00:00+00:00,0.0,-1.0,0.25,1.7846810145756473,0.009603139365967895,2.332748949698959,normal,,0
2020-12-01 00:00:00+00:00,0.0,-1.0,0.25,1.6371832697721096,0.009516650991861032,2.32878194101537,normal,,0
2020-12-02 00:00:00+00:00,0.0,-1.0,0.25,1.7840209098975695,0.009449293733391472,2.3395882759111184,normal,,0
2020-12-03 00:00:00+00:00,0.0,-1.0,0.25,1.570893494520749,0.009396835812712683,2.332340668284863,normal,,0
2020-12-04 00:00:00+00:00,0.0,-1.0,0.25,1.8370884055226946,0.009355981515722764,2.350022915749183,normal,,0
2020-12-07 00:00:00+00:00,0.0,-1.0,0.25,1.3896598781183296,0.009324164135984048,2.3294462884209026,normal,,0
2020-12-08 00:00:00+00:00,2.0,0.0,0.0,1.2226036281471238,0.009299384719177843,2.322658583683429,normal,max_hold,0
2020-12-09 00:00:00+00:00,0.0,0.0,0.0,0.8233371419938157,0.009280086477075636,2.301896696850176,normal,,0
2020-12-10 00:00:00+00:00,0.0,0.0,0.0,1.0252310560968503,0.00926505698097619,2.3149622987193985,normal,,0
2020-12-11 00:00:00+00:00,0.0,0.0,0.0,0.8747810605877966,0.009253351989826896,2.3079253710921135,normal,,0
2020-12-14 00:00:00+00:00,0.0,0.0,0.0,0.668728726308707,0.009244236127465407,2.2973416349342055,normal,,0
2020-12-15 00:00:00+00:00,0.0,0.0,0.0,0.4373319681816767,0.009237136681978123,2.284816571620623,normal,,0
2020-12-16 00:00:00+00:00,0.0,0.0,0.0,0.12944123919342657,0.009231607624580342,2.2677078433288047,normal,,0
2020-12-17 00:00:00+00:00,0.0,0.0,0.0,0.15215506153449815,0.009227301587473258,2.269660367573967,normal,,0
2020-12-18 00:00:00+00:00,0.0,0.0,0.0,0.05893171235763909,0.009223948040162461,2.265369638360155,normal,,0
2020-12-21 00:00:00+00:00,0.0,0.0,0.0,0.018793928596991097,0.009221336293146334,2.2640886192880627,normal,,0
2020-12-22 00:00:00+00:00,0.0,0.0,0.0,-0.20661900074665893,0.00921930226116644,2.2524386417253868,normal,,0
2020-12-23 00:00:00+00:00,0.0,0.0,0.0,-0.09626955307297676,0.009217718154409665,2.2593358898392184,normal,,0
2020-12-24 00:00:00+00:00,0.0,0.0,0.0,-0.11919469732368308,0.00921648445000302,2.258944053964621,normal,,0
2020-12-28 00:00:00+00:00,0.0,0.0,0.0,-0.2520259071542299,0.00921552363940331,2.2526755828563076,normal,,0
2020-12-29 00:00:00+00:00,0.0,0.0,0.0,-0.21219827094308688,0.009214775358856087,2.2558692247205614,normal,,0
2020-12-30 00:00:00+00:00,0.0,0.0,0.0,-0.18720636878037333,0.009214192596990722,2.258073620722583,normal,,0
2020-12-31 00:00:00+00:00,0.0,0.0,0.0,-0.27946341782805445,0.009213738741290497,2.253742654713206,normal,,0
2021-01-04 00:00:00+00:00,0.0,0.0,0.0,-0.2683741077561419,0.01006960681170433,2.2779853127912673,normal,,0
2021-01-05 00:00:00+00:00,0.0,0.0,0.0,-0.24976217921502436,0.01006946847871013,2.279274570010647,normal,,0
2021-01-06 00:00:00+00:00,0.0,0.0,0.0,0.03585541134107135,0.010069360740517199,2.295090594386849,normal,,0
2021-01-07 00:00:00+00:00,0.0,0.0,0.0,-0.010993209118733471,0.010069276830541252,2.2933910245793085,normal,,0
2021-01-08 00:00:00+00:00,0.0,0.0,0.0,0.05583497650494319,0.01006921147874843,2.2977102078267366,normal,,0
2021-01-11 00:00:00+00:00,0.0,0.0,0.0,-0.1895193831503342,0.010069160580666564,2.2856155885446263,normal,,0
2021-01-12 00:00:00+00:00,0.0,0.0,0.0,-0.13606471361082909,0.010069120939600485,2.2892666414561695,normal,,0
2021-01-13 00:00:00+00:00,0.0,0.0,0.0,-0.2720002675290087,0.010069090065861,2.283007251779363,normal,,0
2021-01-14 00:00:00+00:00,0.0,0.0,0.0,-0.2693378168365704,0.010069066020397947,2.2839828624112735,normal,,0
2021-01-15 00:00:00+00:00,0.0,0.0,0.0,-0.39067754054341686,0.010069047293016583,2.2789083270025774,normal,,0
2021-01-19 00:00:00+00:00,0.0,0.0,0.0,-0.14649080855957447,0.010069032707528586,2.2921131822196927,normal,,0
2021-01-20 00:00:00+00:00,0.0,0.0,0.0,-0.14029576690580656,0.010069021347880595,2.293629574462614,normal,,0
2021-01-21 00:00:00+00:00,0.0,0.0,0.0,-0.5386194707049804,0.010069012500620735,2.27554972702059,normal,,0
2021-01-22 00:00:00+00:00,0.0,0.0,0.0,-0.46588239539387294,0.010069005610089698,2.280025521081363,normal,,0
2021-01-25 00:00:00+00:00,0.0,0.0,0.0,-0.5338649950149527,0.010069000243522117,2.2781767157951425,normal,,0
2021-01-26 00:00:00+00:00,0.0,0.0,0.0,-0.7558641711034682,0.010068996063866376,2.269923423417385,normal,,0
2021-01-27 00:00:00+00:00,0.0,0.0,0.0,-0.9684884706845432,0.010068992808615817,2.2627867423208397,normal,,0
2021-01-28 00:00:00+00:00,0.0,0.0,0.0,-0.994562079984565,0.010068990273321799,2.2647271325248752,normal,,0
2021-01-29 00:00:00+00:00,0.0,0.0,0.0,-1.581572174567158,0.01006898829875313,2.242699496983844,normal,,0
2021-02-01 00:00:00+00:00,0.0,0.0,0.0,-1.4216029879676613,0.010068986760895432,2.249718502208642,normal,,0
2021-02-02 00:00:00+00:00,0.0,0.0,0.0,-1.397059504003129,0.010068985563162308,2.251333716640315,normal,,0
2021-02-03 00:00:00+00:00,0.0,0.0,0.0,-1.4031376728660947,0.010068984630329158,2.2516747151416032,normal,,0
2021-02-04 00:00:00+00:00,0.0,0.0,0.0,-1.8521007637341342,0.010068983903808646,2.2339691406654767,normal,,0
2021-02-05 00:00:00+00:00,1.0,1.0,0.1754139605775112,-2.1049675269301344,0.010068983337971064,2.2235872804613805,normal,,0
2021-02-08 00:00:00+00:00,0.0,1.0,0.1754139605775112,-2.0243537881856257,0.010068982897278523,2.2229088771471703,normal,,0
2021-02-09 00:00:00+00:00,0.0,1.0,0.1754139605775112,-1.688398739949335,0.010068982554052974,2.2328488363554664,normal,,0
2021-02-10 00:00:00+00:00,0.0,1.0,0.1754139605775112,-1.3178127882269732,0.010068982286737858,2.2458567108453713,normal,,0
2021-02-11 00:00:00+00:00,0.0,1.0,0.1754139605775112,-1.059955465619363,0.010068982078544233,2.255181769444483,normal,,0
2021-02-12 00:00:00+00:00,0.0,1.0,0.1754139605775112,-1.1077375923939805,0.010068981916396328,2.251545525187859,normal,,0
2021-02-16 00:00:00+00:00,0.0,1.0,0.1754139605775112,-0.8257754541780723,0.010068981790110317,2.262467574252009,normal,,0
2021-02-17 00:00:00+00:00,0.0,1.0,0.1754139605775112,-0.8027028729481182,0.010068981691754702,2.2622503407354437,normal,,0
2021-02-18 00:00:00+00:00,0.0,1.0,0.1754139605775112,-0.8153146851924322,0.01006898161515218,2.260551560195459,normal,,0
2021-02-19 00:00:00+00:00,2.0,0.0,0.0,-0.6838943166361091,0.010068981555491668,2.2649793406324075,normal,max_hold,0
2021-02-22 00:00:00+00:00,0.0,0.0,0.0,-0.4990424837982195,0.010068981509026138,2.2716768306997035,normal,,0
2021-02-23 00:00:00+00:00,0.0,0.0,0.0,-0.39381279220590254,0.010068981472837288,2.2748952123653408,normal,,0
2021-02-24 00:00:00+00:00,0.0,0.0,0.0,0.19380828133582323,0.010068981444652245,2.2962924876704185,normal,,0
2021-02-25 00:00:00+00:00,0.0,0.0,0.0,0.309548784298792,0.010068981422700825,2.298948414898773,normal,,0
2021-02-26 00:00:00+00:00,0.0,0.0,0.0,-0.08160162559339106,0.010068981405604352,2.2835401713591748,normal,,0
2021-03-01 00:00:00+00:00,0.0,0.0,0.0,-0.004804985722571048,0.010068981392289067,2.285026202976409,normal,,0
2021-03-02 00:00:00+00:00,0.0,0.0,0.0,0.24122198852947882,0.010068981381918696,2.2919431154332908,normal,,0
2021-03-03 00:00:00+00:00,0.0,0.0,0.0,0.5100570141325378,0.010068981373841915,2.2986763417696605,normal,,0
2021-03-04 00:00:00+00:00,0.0,0.0,0.0,0.15196480957472672,0.01006898136755146,2.2864145730110486,normal,,0
2021-03-05 00:00:00+00:00,0.0,0.0,0.0,0.9959881637027168,0.01006898136265225,2.307315894390116,normal,,0
2021-03-08 00:00:00+00:00,0.0,0.0,0.0,1.4402171878591539,0.010068981358836587,2.3163824084234035,normal,,0
2021-03-09 00:00:00+00:00,0.0,0.0,0.0,1.683097915680818,0.010068981355864825,2.3202652776298063,normal,,0
2021-03-10 00:00:00+00:00,0.0,0.0,0.0,1.766139905496025,0.010068981353550322,2.321891050580662,normal,,0
2021-03-11 00:00:00+00:00,0.0,0.0,0.0,1.8902645853141684,0.010068981351747712,2.323411252730715,normal,,0
2021-03-12 00:00:00+00:00,0.0,0.0,0.0,1.7520765723532776,0.010068981350343781,2.3194673296375945,normal,,0
2021-03-15 00:00:00+00:00,0.0,0.0,0.0,1.8815675347309508,0.010068981349250355,2.322348407976079,normal,,0
2021-03-16 00:00:00+00:00,0.0,0.0,0.0,1.4141084503302461,0.010068981348398759,2.31222235276835,normal,,0
2021-03-17 00:00:00+00:00,0.0,0.0,0.0,1.411369473572471,0.01006898134773551,2.312968269673062,normal,,0
2021-03-18 00:00:00+00:00,0.0,0.0,0.0,0.9851739296109124,0.01006898134721895,2.3034127635614143,normal,,0
2021-03-19 00:00:00+00:00,0.0,0.0,0.0,0.7222390533297407,0.010068981346816634,2.2973898751300736,normal,,0
2021-03-22 00:00:00+00:00,0.0,0.0,0.0,0.6114640160484158,0.0100689813465033,2.294894387564584,normal,,0
2021-03-23 00:00:00+00:00,0.0,0.0,0.0,0.7072154077707958,0.010068981346259264,2.297600760067062,normal,,0
2021-03-24 00:00:00+00:00,0.0,0.0,0.0,1.2669670370920518,0.010068981346069202,2.311715525351035,normal,,0
2021-03-25 00:00:00+00:00,0.0,0.0,0.0,1.4682280008630908,0.010068981345921175,2.317640977423376,normal,,0
2021-03-26 00:00:00+00:00,0.0,0.0,0.0,1.736011667486987,0.010068981345805887,2.325775389625403,normal,,0
2021-03-29 00:00:00+00:00,0.0,0.0,0.0,1.5961138071707153,0.010068981345716096,2.3239900493180654,normal,,0
2021-03-30 00:00:00+00:00,0.0,0.0,0.0,1.4868710065266861,0.010068981345646164,2.322658337215971,normal,,0
2021-03-31 00:00:00+00:00,0.0,0.0,0.0,1.234834176635939,0.0100689813455917,2.3172907375247283,normal,,0
2021-04-01 00:00:00+00:00,0.0,0.0,0.0,0.9930748326081345,0.00913398754877625,2.310868919064837,normal,,0
2021-04-05 00:00:00+00:00,0.0,0.0,0.0,0.8377642207235642,0.009133987548733307,2.3073345407156163,normal,,0
2021-04-06 00:00:00+00:00,0.0,0.0,0.0,0.5511506766686999,0.009133987548699863,2.299713132463202,normal,,0
2021-04-07 00:00:00+00:00,0.0,0.0,0.0,0.6948679696971932,0.009133987548673816,2.3038534381084146,normal,,0
2021-04-08 00:00:00+00:00,0.0,0.0,0.0,0.47506665377776347,0.009133987548653532,2.2978936285727367,normal,,0
2021-04-09 00:00:00+00:00,0.0,0.0,0.0,0.4374044226745552,0.009133987548637734,2.297085812005794,normal,,0
2021-04-12 00:00:00+00:00,0.0,0.0,0.0,0.21433115136520636,0.00913398754862543,2.291013634657007,normal,,0
2021-04-13 00:00:00+00:00,0.0,0.0,0.0,0.37674555414230654,0.009133987548615849,2.295702860393341,normal,,0
2021-04-14 00:00:00+00:00,0.0,0.0,0.0,0.41237370020159825,0.009133987548608386,2.296921136760535,normal,,0
2021-04-15 00:00:00+00:00,0.0,0.0,0.0,0.14255377225866703,0.009133987548602574,2.289687017230538,normal,,0
2021-04-16 00:00:00+00:00,0.0,0.0,0.0,0.18455070901067838,0.009133987548598049,2.290835842120402,normal,,0
2021-04-19 00:00:00+00:00,0.0,0.0,0.0,0.4210521590253053,0.009133987548594522,2.2974230934168562,normal,,0
2021-04-20 00:00:00+00:00,0.0,0.0,0.0,0.05679531289111597,0.009133987548591778,2.2876035764898055,normal,,0
2021-04-21 00:00:00+00:00,0.0,0.0,0.0,0.32733402606859396,0.009133987548589639,2.295314289995091,normal,,0
2021-04-22 00:00:00+00:00,0.0,0.0,0.0,0.008456621095724308,0.009133987548587975,2.2866892995817008,normal,,0
2021-04-23 00:00:00+00:00,0.0,0.0,0.0,0.09859957589269784,0.009133987548586677,2.289496018320531,normal,,0
2021-04-26 00:00:00+00:00,0.0,0.0,0.0,-0.024270937479793808,0.009133987548585668,2.286531929571587,normal,,0
2021-04-27 00:00:00+00:00,0.0,0.0,0.0,0.12391085353203116,0.00913398754858488,2.2909934774437053,normal,,0
2021-04-28 00:00:00+00:00,0.0,0.0,0.0,0.33561125362733396,0.009133987548584268,2.297420158984324,normal,,0
2021-04-29 00:00:00+00:00,0.0,0.0,0.0,0.64141001214378,0.009133987548583791,2.306138091136305,normal,,0
2021-04-30 00:00:00+00:00,0.0,0.0,0.0,-0.1183480045512533,0.00913398754858342,2.2870599578659165,normal,,0
2021-05-03 00:00:00+00:00,0.0,0.0,0.0,0.16442840874205442,0.00913398754858313,2.2949274737766183,normal,,0
2021-05-04 00:00:00+00:00,0.0,0.0,0.0,0.38916057357194256,0.009133987548582904,2.301236565209025,normal,,0
2021-05-05 00:00:00+00:00,0.0,0.0,0.0,0.6795147363864672,0.00913398754858273,2.3084366345242877,normal,,0
2021-05-06 00:00:00+00:00,0.0,0.0,0.0,0.36183015516618594,0.009133987548582592,2.301996362035143,normal,,0
2021-05-07 00:00:00+00:00,0.0,0.0,0.0,0.2392547373045047,0.009133987548582486,2.300226731585534,normal,,0
2021-05-10 00:00:00+00:00,0.0,0.0,0.0,-0.0380294196172206,0.009133987548582403,2.2959260046683525,normal,,0
2021-05-11 00:00:00+00:00,0.0,0.0,0.0,-0.5970535175001629,0.009133987548582339,2.287199290106008,normal,,0
2021-05-12 00:00:00+00:00,0.0,0.0,0.0,0.09217351334721681,0.009133987548582289,2.299362846480219,normal,,0
2021-05-13 00:00:00+00:00,0.0,0.0,0.0,0.07432347106235983,0.009133987548582249,2.2996547904224642,normal,,0
2021-05-14 00:00:00+00:00,0.0,0.0,0.0,0.7474928125359106,0.00913398754858222,2.3098492662531527,normal,,0
2021-05-17 00:00:00+00:00,0.0,0.0,0.0,0.6216253877320456,0.009133987548582195,2.308321136414291,normal,,0
2021-05-18 00:00:00+00:00,0.0,0.0,0.0,-1.3335596623558323,0.009133987548582178,2.2839939247286374,normal,,0
2021-05-19 00:00:00+00:00,1.0,1.0,0.1888258324182672,-2.2659099890192063,0.009133987548582162,2.2734640969813404,normal,,0
2021-05-20 00:00:00+00:00,0.0,1.0,0.1888258324182672,-2.06143776374898,0.009133987548582152,2.27589076162527,normal,,0
2021-05-21 00:00:00+00:00,0.0,1.0,0.1888258324182672,-1.2204708393027663,0.009133987548582143,2.285294307999302,normal,,0
2021-05-24 00:00:00+00:00,0.0,1.0,0.1888258324182672,-1.071876793686868,0.009133987548582136,2.2867853754972036,normal,,0
2021-05-25 00:00:00+00:00,0.0,1.0,0.1888258324182672,-1.2116574831271354,0.00913398754858213,2.285180842696179,normal,,0
2021-05-26 00:00:00+00:00,0.0,1.0,0.1888258324182672,-1.5945962992544491,0.009133987548582126,2.280396426806178,normal,,0
2021-05-27 00:00:00+00:00,0.0,1.0,0.1888258324182672,-2.0763096197694897,0.009133987548582124,2.2737115101219127,normal,,0
2021-05-28 00:00:00+00:00,0.0,1.0,0.1888258324182672,-1.3422961538029383,0.00913398754858212,2.2821128531929915,normal,,0
2021-06-01 00:00:00+00:00,0.0,1.0,0.1888258324182672,-0.7360403797784709,0.009133987548582119,2.29004613710077,normal,,0
2021-06-02 00:00:00+00:00,2.0,0.0,0.0,-0.05565955988626036,0.009133987548582117,2.298844464494611,normal,max_hold,0
2021-06-03 00:00:00+00:00,0.0,0.0,0.0,-0.5422576302488586,0.009133987548582115,2.2921517586972544,normal,,0
2021-06-04 00:00:00+00:00,0.0,0.0,0.0,-0.2728987505056211,0.009133987548582115,2.295318288665963,normal,,0
2021-06-07 00:00:00+00:00,0.0,0.0,0.0,-0.5104935203936767,0.009133987548582113,2.2919746949209214,normal,,0
2021-06-08 00:00:00+00:00,0.0,0.0,0.0,-0.5763205368673161,0.009133987548582113,2.2908508201991205,normal,,0
2021-06-09 00:00:00+00:00,0.0,0.0,0.0,-1.5928984684796312,0.009133987548582113,2.2783546101135905,normal,,0
2021-06-10 00:00:00+00:00,0.0,0.0,0.0,-1.2108695457055942,0.009133987548582113,2.282426660433108,normal,,0
2021-06-11 00:00:00+00:00,0.0,0.0,0.0,-1.0445105850170489,0.009133987548582113,2.2839278221330157,normal,,0
2021-06-14 00:00:00+00:00,0.0,0.0,0.0,-0.8684291059066986,0.009133987548582112,2.2856068090339496,normal,,0
2021-06-15 00:00:00+00:00,0.0,0.0,0.0,-0.8527636766755888,0.009133987548582112,2.2854753664749556,normal,,0
2021-06-16 00:00:00+00:00,0.0,0.0,0.0,-1.1730242293833213,0.009133987548582112,2.28144253300884,normal,,0
2021-06-17 00:00:00+00:00,0.0,0.0,0.0,-1.4546264929840498,0.009133987548582112,2.2777060317202285,normal,,0
2021-06-18 00:00:00+00:00,1.0,1.0,0.25,-3.2692474817015507,0.009133987548582112,2.2550018860960557,normal,,0
2021-06-21 00:00:00+00:00,0.0,1.0,0.25,-2.646146413351561,0.009133987548582112,2.259388644189672,normal,,0
2021-06-22 00:00:00+00:00,0.0,1.0,0.25,-2.7212835132782263,0.009133987548582112,2.2563924009188296,normal,,0
2021-06-23 00:00:00+00:00,0.0,1.0,0.25,-2.9971124763365355,0.009133987548582112,2.2511151880048597,normal,,0
2021-06-24 00:00:00+00:00,0.0,1.0,0.25,-2.524700364088437,0.009133987548582112,2.255415520213204,normal,,0
2021-06-25 00:00:00+00:00,0.0,1.0,0.25,-2.4352096160425303,0.009133987548582112,2.255279827298174,normal,,0
2021-06-28 00:00:00+00:00,0.0,1.0,0.25,-3.3405251052387945,0.009133987548582112,2.240798373526136,normal,,0
2021-06-29 00:00:00+00:00,0.0,1.0,0.25,-2.998971702095049,0.009133987548582112,2.241597959612503,normal,,0
2021-06-30 00:00:00+00:00,0.0,1.0,0.25,-2.443530486028961,0.009133987548582112,2.2468312541211897,normal,,0
2021-07-01 00:00:00+00:00,0.0,0.0,0.0,-1.6775491841889751,0.008334627960859696,2.2596316571569703,normal,,0
2021-07-02 00:00:00+00:00,0.0,0.0,0.0,-1.702056535556395,0.008334627960859696,2.258091157274948,normal,,0
2021-07-06 00:00:00+00:00,0.0,0.0,0.0,-1.8376745903659324,0.008334627960859696,2.254515148071507,normal,,0
2021-07-07 00:00:00+00:00,0.0,0.0,0.0,-1.5760972123455732,0.008334627960859696,2.2576751116406464,normal,,0
2021-07-08 00:00:00+00:00,0.0,0.0,0.0,-1.6340751854850704,0.008334627960859696,2.2555172167989324,normal,,0
2021-07-09 00:00:00+00:00,0.0,0.0,0.0,-1.4280499206906474,0.008334627960859696,2.2580752489741283,normal,,0
2021-07-12 00:00:00+00:00,0.0,0.0,0.0,-1.1898659162385634,0.008334627960859696,2.2615148827903413,normal,,0
2021-07-13 00:00:00+00:00,0.0,0.0,0.0,-1.3238963295607156,0.008334627960859696,2.2582857324990306,normal,,0
2021-07-14 00:00:00+00:00,0.0,0.0,0.0,-1.5204682362747015,0.008334627960859696,2.2536958381083863,normal,,0
2021-07-15 00:00:00+00:00,0.0,0.0,0.0,-1.434232205604222,0.008334627960859696,2.2542452195187996,normal,,0
2021-07-16 00:00:00+00:00,0.0,0.0,0.0,-1.925170493952861,0.008334627960859696,2.2437008683792596,normal,,0
2021-07-19 00:00:00+00:00,1.0,1.0,0.17471688322995152,-2.0966025987594183,0.008334627960859696,2.2385038498595704,normal,,0
2021-07-20 00:00:00+00:00,0.0,1.0,0.17471688322995152,-2.1334088296008242,0.008334627960859696,2.23548529187197,normal,,0
2021-07-21 00:00:00+00:00,0.0,1.0,0.17471688322995152,-1.2865155985613983,0.008334627960859696,2.251057726373009,normal,,0
2021-07-22 00:00:00+00:00,0.0,1.0,0.17471688322995152,-1.41063081161467,0.008334627960859696,2.247446968294289,normal,,0
2021-07-23 00:00:00+00:00,0.0,1.0,0.17471688322995152,-1.3634869629783861,0.008334627960859696,2.247352531138329,normal,,0
2021-07-26 00:00:00+00:00,0.0,1.0,0.17471688322995152,-0.9917408877966553,0.008334627960859696,2.2544393398656934,normal,,0
2021-07-27 00:00:00+00:00,0.0,1.0,0.17471688322995152,-0.8035973217833993,0.008334627960859696,2.2578479513771965,normal,,0
2021-07-28 00:00:00+00:00,0.0,1.0,0.17471688322995152,-0.5424703160395744,0.008334627960859696,2.2629466646039553,normal,,0
2021-07-29 00:00:00+00:00,2.0,0.0,0.0,-0.24513497158273806,0.008334627960859696,2.2688463451085443,normal,mean_reversion,0
2021-07-30 00:00:00+00:00,0.0,0.0,0.0,-0.06684905664731085,0.008334627960859696,2.272119397033436,normal,,0
2021-08-02 00:00:00+00:00,0.0,0.0,0.0,-0.043674223555683754,0.008334627960859696,2.2719879875291764,normal,,0
2021-08-03 00:00:00+00:00,0.0,0.0,0.0,0.07025992902484313,0.008334627960859696,2.273759812007672,normal,,0
2021-08-04 00:00:00+00:00,0.0,0.0,0.0,-0.289767891631683,0.008334627960859696,2.266140351171326,normal,,0
2021-08-05 00:00:00+00:00,0.0,0.0,0.0,-0.030199622485085172,0.008334627960859696,2.2707366203864203,normal,,0
2021-08-06 00:00:00+00:00,0.0,0.0,0.0,0.03786124941166466,0.008334627960859696,2.271738872866699,normal,,0
2021-08-09 00:00:00+00:00,0.0,0.0,0.0,-0.5042697829390544,0.008334627960859696,2.260991763545876,normal,,0
2021-08-10 00:00:00+00:00,0.0,0.0,0.0,-0.09578249428430247,0.008334627960859696,2.2680547307205323,normal,,0
2021-08-11 00:00:00+00:00,0.0,0.0,0.0,0.3233380740047326,0.008334627960859696,2.2747673321395623,normal,,0
2021-08-12 00:00:00+00:00,0.0,0.0,0.0,0.8707265628451818,0.008334627960859696,2.283044502127408,normal,,0
2021-08-13 00:00:00+00:00,0.0,0.0,0.0,0.8163976553887611,0.008334627960859696,2.2820326581680836,normal,,0
2021-08-16 00:00:00+00:00,0.0,0.0,0.0,0.7392607901432745,0.008334627960859696,2.2808969693706045,normal,,0
2021-08-17 00:00:00+00:00,0.0,0.0,0.0,0.8545901916520082,0.008334627960859696,2.2828935804118387,normal,,0
2021-08-18 00:00:00+00:00,0.0,0.0,0.0,-0.5564121950103449,0.008334627960859696,2.259208953941341,normal,,0
2021-08-19 00:00:00+00:00,0.0,0.0,0.0,-1.2652577239719358,0.008334627960859696,2.2471186166289283,normal,,0
2021-08-20 00:00:00+00:00,0.0,0.0,0.0,-1.049421494796535,0.008334627960859696,2.249991462888904,normal,,0
2021-08-23 00:00:00+00:00,0.0,0.0,0.0,-0.9167863994399102,0.008334627960859696,2.251613944629284,normal,,0
2021-08-24 00:00:00+00:00,0.0,0.0,0.0,-0.7200959735903296,0.008334627960859696,2.2544070251988257,normal,,0
2021-08-25 00:00:00+00:00,0.0,0.0,0.0,-0.3118230599548635,0.008334627960859696,2.260711726366035,normal,,0
2021-08-26 00:00:00+00:00,0.0,0.0,0.0,-0.5512257612592484,0.008334627960859696,2.256434993913387,normal,,0
2021-08-27 00:00:00+00:00,0.0,0.0,0.0,-0.3299155846965758,0.008334627960859696,2.2594768432938914,normal,,0
2021-08-30 00:00:00+00:00,0.0,0.0,0.0,-0.01104456372459137,0.008334627960859696,2.263824072305457,normal,,0
2021-08-31 00:00:00+00:00,0.0,0.0,0.0,-0.7329334973425377,0.008334627960859696,2.252957584798257,normal,,0
2021-09-01 00:00:00+00:00,0.0,0.0,0.0,-0.9044852300074903,0.008334627960859696,2.2502990046649267,normal,,0
2021-09-02 00:00:00+00:00,0.0,0.0,0.0,-0.39276197619509984,0.008334627960859696,2.256816024852669,normal,,0
2021-09-03 00:00:00+00:00,0.0,0.0,0.0,-0.3390312675103973,0.008334627960859696,2.257200396272113,normal,,0
2021-09-07 00:00:00+00:00,0.0,0.0,0.0,-0.4184890480937782,0.008334627960859696,2.255852348740938,normal,,0
2021-09-08 00:00:00+00:00,0.0,0.0,0.0,-0.7627539293191272,0.008334627960859696,2.2513087998822328,normal,,0
2021-09-09 00:00:00+00:00,0.0,0.0,0.0,-0.9350265649830468,0.008334627960859696,2.249043134787189,normal,,0
2021-09-10 00:00:00+00:00,0.0,0.0,0.0,-0.5158797967375345,0.008334627960859696,2.253579597408317,normal,,0
2021-09-13 00:00:00+00:00,0.0,0.0,0.0,-0.24750273879197018,0.008334627960859696,2.2562022380863147,normal,,0
2021-09-14 00:00:00+00:00,0.0,0.0,0.0,-1.1371026074980706,0.008334627960859696,2.2466163010066924,normal,,0
2021-09-15 00:00:00+00:00,0.0,0.0,0.0,-0.7928316664270076,0.008334627960859696,2.24993703575133,normal,,0
2021-09-16 00:00:00+00:00,0.0,0.0,0.0,-1.1601819911250255,0.008334627960859696,2.245815658939963,normal,,0
2021-09-17 00:00:00+00:00,0.0,0.0,0.0,-1.2152120174548617,0.008334627960859696,2.2448727549675636,normal,,0
2021-09-20 00:00:00+00:00,0.0,0.0,0.0,-1.8683924134489425,0.008334627960859696,2.2375175417208664,normal,,0
2021-09-21 00:00:00+00:00,0.0,0.0,0.0,-1.2344984604981988,0.008334627960859696,2.2436518814224864,normal,,0
2021-09-22 00:00:00+00:00,0.0,0.0,0.0,-0.3160317848750572,0.008334627960859696,2.253592533438763,normal,,0
2021-09-23 00:00:00+00:00,0.0,0.0,0.0,0.367564223042015,0.008334627960859696,2.261416620540156,normal,,0
2021-09-24 00:00:00+00:00,0.0,0.0,0.0,0.2302130442516225,0.008334627960859696,2.2601476838899903,normal,,0
2021-09-27 00:00:00+00:00,0.0,0.0,0.0,0.960425117183332,0.008334627960859696,2.268317143311844,normal,,0
2021-09-28 00:00:00+00:00,0.0,0.0,0.0,0.544058488910391,0.008334627960859696,2.2639444576995706,normal,,0
2021-09-29 00:00:00+00:00,0.0,0.0,0.0,0.6650061261233322,0.008334627960859696,2.265395153211668,normal,,0
2021-09-30 00:00:00+00:00,0.0,0.0,0.0,-0.10014619544882553,0.008334627960859696,2.2571066704529974,normal,,0
2021-10-01 00:00:00+00:00,0.0,0.0,0.0,0.5039214789055867,0.007654147546102912,2.258257168794338,normal,,0
2021-10-04 00:00:00+00:00,0.0,0.0,0.0,0.27322210983789175,0.007654147546102912,2.255845709012926,normal,,0
2021-10-05 00:00:00+00:00,0.0,0.0,0.0,1.1648766057117785,0.007654147546102912,2.265802313955326,normal,,0
2021-10-06 00:00:00+00:00,0.0,0.0,0.0,1.5970205165064928,0.007654147546102912,2.2709546451424036,normal,,0
2021-10-07 00:00:00+00:00,0.0,0.0,0.0,1.867064402668755,0.007654147546102912,2.274729415329944,normal,,0
2021-10-08 00:00:00+00:00,-1.0,-1.0,0.20033461776975656,2.4040154132370786,0.007654147546102912,2.2820579413126936,normal,,0
2021-10-11 00:00:00+00:00,0.0,-1.0,0.20033461776975656,1.9795429266021012,0.007654147546102912,2.2786750285863135,normal,,0
2021-10-12 00:00:00+00:00,0.0,-1.0,0.20033461776975656,2.2656464904703473,0.007654147546102912,2.2833359090714507,normal,,0
2021-10-13 00:00:00+00:00,0.0,-1.0,0.20033461776975656,2.6112195653453343,0.007654147546102912,2.2889770600501484,normal,,0
2021-10-14 00:00:00+00:00,0.0,-1.0,0.20033461776975656,2.6280458221625267,0.007654147546102912,2.290815258607978,normal,,0
2021-10-15 00:00:00+00:00,0.0,-1.0,0.20033461776975656,2.516912043650083,0.007654147546102912,2.2917303762274415,normal,,0
2021-10-18 00:00:00+00:00,0.0,-1.0,0.20033461776975656,2.401954975052234,0.007654147546102912,2.292293156504528,normal,,0
2021-10-19 00:00:00+00:00,0.0,-1.0,0.20033461776975656,3.0308799200708103,0.007654147546102912,2.3034856032412345,normal,,0
2021-10-20 00:00:00+00:00,0.0,-1.0,0.20033461776975656,3.3945286612552716,0.007654147546102912,2.3131266632651113,normal,,0
2021-10-21 00:00:00+00:00,2.0,0.0,0.0,2.9984958113093265,0.007654147546102912,2.312141907458127,normal,max_hold,0
2021-10-22 00:00:00+00:00,-1.0,-1.0,0.2463301280817722,2.9559615369812664,0.007654147546102912,2.3159346259817677,normal,,0
2021-10-25 00:00:00+00:00,0.0,-1.0,0.2463301280817722,2.6361553507333912,0.007654147546102912,2.3143662757339962,normal,,0
2021-10-26 00:00:00+00:00,0.0,-1.0,0.2463301280817722,1.8469572140656298,0.007654147546102912,2.301802500576424,normal,,0
2021-10-27 00:00:00+00:00,0.0,-1.0,0.2463301280817722,1.700569792624951,0.007654147546102912,2.3003572775560355,normal,,0
2021-10-28 00:00:00+00:00,0.0,-1.0,0.2463301280817722,2.0102127640214538,0.007654147546102912,2.3084512822330647,normal,,0
2021-10-29 00:00:00+00:00,0.0,-1.0,0.2463301280817722,2.3912546162113233,0.007654147546102912,2.319196354266567,normal,,0
2021-11-01 00:00:00+00:00,0.0,-1.0,0.2463301280817722,1.7428954804136418,0.007654147546102912,2.307407132984192,normal,,0
2021-11-02 00:00:00+00:00,0.0,-1.0,0.2463301280817722,1.7181249062660333,0.007654147546102912,2.308519628523297,normal,,0
2021-11-03 00:00:00+00:00,0.0,-1.0,0.2463301280817722,1.6827441576854325,0.007654147546102912,2.3094443026039677,normal,,0
2021-11-04 00:00:00+00:00,2.0,0.0,0.0,1.6981607949743345,0.007654147546102912,2.311553148423705,normal,max_hold,0
2021-11-05 00:00:00+00:00,0.0,0.0,0.0,1.7632008676583628,0.007654147546102912,2.3149411345059225,normal,,0
2021-11-08 00:00:00+00:00,0.0,0.0,0.0,1.5958650069096467,0.007654147546102912,2.3122905084690335,normal,,0
2021-11-09 00:00:00+00:00,0.0,0.0,0.0,1.65684366034995,0.007654147546102912,2.3153919439809223,normal,,0
2021-11-10 00:00:00+00:00,0.0,0.0,0.0,1.6542054463767435,0.007654147546102912,2.316985999653944,normal,,0
2021-11-11 00:00:00+00:00,0.0,0.0,0.0,1.6745324475686083,0.007654147546102912,2.319228333683776,normal,,0
2021-11-12 00:00:00+00:00,0.0,0.0,0.0,1.7999691675859868,0.007654147546102912,2.324809346975982,normal,,0
2021-11-15 00:00:00+00:00,-1.0,-1.0,0.20604005246827084,2.47248062961925,0.007654147546102912,2.346556505882805,normal,,0
2021-11-16 00:00:00+00:00,0.0,-1.0,0.20604005246827084,2.0709242136444317,0.007654147546102912,2.3390014806941393,normal,,0
2021-11-17 00:00:00+00:00,0.0,-1.0,0.20604005246827084,1.634899630156979,0.007654147546102912,2.32866035209292,normal,,0
2021-11-18 00:00:00+00:00,0.0,-1.0,0.20604005246827084,1.4854461282852427,0.007654147546102912,2.326006995151422,normal,,0
2021-11-19 00:00:00+00:00,0.0,-1.0,0.20604005246827084,1.5754057726685613,0.007654147546102912,2.3306595602181908,normal,,0
2021-11-22 00:00:00+00:00,0.0,-1.0,0.20604005246827084,1.8625057408869252,0.007654147546102912,2.3418996617408885,normal,,0
2021-11-23 00:00:00+00:00,0.0,-1.0,0.20604005246827084,1.9976470923145024,0.007654147546102912,2.3491352767318534,normal,,0
2021-11-24 00:00:00+00:00,0.0,-1.0,0.20604005246827084,1.9573181914324138,0.007654147546102912,2.3510962842000067,normal,,0
2021-11-26 00:00:00+00:00,0.0,-1.0,0.20604005246827084,1.8931352762996205,0.007654147546102912,2.351974981859995,normal,,0
2021-11-29 00:00:00+00:00,2.0,0.0,0.0,1.6859272128110245,0.007654147546102912,2.3475603176235436,normal,max_hold,0
2021-11-30 00:00:00+00:00,0.0,0.0,0.0,1.7102936896681644,0.007654147546102912,2.3508385687469504,normal,,0
2021-12-01 00:00:00+00:00,0.0,0.0,0.0,1.4132667593299935,0.007654147546102912,2.342601940942575,normal,,0
2021-12-02 00:00:00+00:00,0.0,0.0,0.0,1.6957096115128036,0.007654147546102912,2.3546546525511998,normal,,0
2021-12-03 00:00:00+00:00,0.0,0.0,0.0,1.5842467315144637,0.007654147546102912,2.3529223953354164,normal,,0
2021-12-06 00:00:00+00:00,0.0,0.0,0.0,1.7125402048277407,0.007654147546102912,2.3596589154154066,normal,,0
2021-12-07 00:00:00+00:00,0.0,0.0,0.0,1.926695939454838,0.007654147546102912,2.370009490163036,normal,,0
2021-12-08 00:00:00+00:00,0.0,0.0,0.0,1.8989512538742621,0.007654147546102912,2.37207911219144,normal,,0
2021-12-09 00:00:00+00:00,0.0,0.0,0.0,1.6843874003685397,0.007654147546102912,2.366670042757285,normal,,0
2021-12-10 00:00:00+00:00,0.0,0.0,0.0,1.5691651076266886,0.007654147546102912,2.364487131905525,normal,,0
2021-12-13 00:00:00+00:00,0.0,0.0,0.0,1.3712529687874213,0.007654147546102912,2.358765416786731,normal,,0
2021-12-14 00:00:00+00:00,0.0,0.0,0.0,1.4283386696346574,0.007654147546102912,2.3622448218178755,normal,,0
2021-12-15 00:00:00+00:00,0.0,0.0,0.0,1.2878796795248149,0.007654147546102912,2.3581821330282047,normal,,0
2021-12-16 00:00:00+00:00,0.0,0.0,0.0,1.492189170215334,0.007654147546102912,2.366512885207906,normal,,0
2021-12-17 00:00:00+00:00,0.0,0.0,0.0,1.1452167816546903,0.007654147546102912,2.3556113699910104,normal,,0
2021-12-20 00:00:00+00:00,0.0,0.0,0.0,1.3033304468681353,0.007654147546102912,2.362257046031753,normal,,0
2021-12-21 00:00:00+00:00,0.0,0.0,0.0,1.3508814258503739,0.007654147546102912,2.3650710222193894,normal,,0
2021-12-22 00:00:00+00:00,0.0,0.0,0.0,1.3238682020627508,0.007654147546102912,2.3654848304165093,normal,,0
2021-12-23 00:00:00+00:00,0.0,0.0,0.0,1.3477960657358246,0.007654147546102912,2.3674349705468156,normal,,0
2021-12-27 00:00:00+00:00,0.0,0.0,0.0,1.6345934853814357,0.007654147546102912,2.3780970510893598,normal,,0
2021-12-28 00:00:00+00:00,0.0,0.0,0.0,1.635902498733604,0.007654147546102912,2.379189960087127,normal,,0
2021-12-29 00:00:00+00:00,0.0,0.0,0.0,1.5472029869101656,0.007654147546102912,2.3775178790916764,normal,,0
2021-12-30 00:00:00+00:00,0.0,0.0,0.0,1.538737555912742,0.007654147546102912,2.378056810174252,normal,,0
2021-12-31 00:00:00+00:00,0.0,0.0,0.0,1.3727182479996363,0.007654147546102912,2.3739818816607303,normal,,0
2022-01-03 00:00:00+00:00,0.0,0.0,0.0,1.1727367261447956,0.007076395506760208,2.362734307442436,normal,,0
2022-01-04 00:00:00+00:00,0.0,0.0,0.0,1.0166082788580832,0.007076395506760208,2.358912179418636,normal,,0
2022-01-05 00:00:00+00:00,0.0,0.0,0.0,0.9931059472238878,0.007076395506760208,2.3590210818755732,normal,,0
2022-01-06 00:00:00+00:00,0.0,0.0,0.0,0.8576999741042991,0.007076395506760208,2.3558716056341136,normal,,0
2022-01-07 00:00:00+00:00,0.0,0.0,0.0,1.0812981061431353,0.007076395506760208,2.3626672136831774,normal,,0
2022-01-10 00:00:00+00:00,0.0,0.0,0.0,1.1548862868828496,0.007076395506760208,2.365389100593899,normal,,0
2022-01-11 00:00:00+00:00,0.0,0.0,0.0,1.1134384545699434,0.007076395506760208,2.3650494178913766,normal,,0
2022-01-12 00:00:00+00:00,0.0,0.0,0.0,1.0008386131536118,0.007076395506760208,2.36283399748027,normal,,0
2022-01-13 00:00:00+00:00,0.0,0.0,0.0,0.9072694396293606,0.007076395506760208,2.3610882556242982,normal,,0
2022-01-14 00:00:00+00:00,0.0,0.0,0.0,1.0795132469975623,0.007076395506760208,2.36603130587268,normal,,0
2022-01-18 00:00:00+00:00,0.0,0.0,0.0,0.8698335030583668,0.007076395506760208,2.3617140751179755,normal,,0
2022-01-19 00:00:00+00:00,0.0,0.0,0.0,0.7177263804098193,0.007076395506760208,2.3587106658311296,normal,,0
2022-01-20 00:00:00+00:00,0.0,0.0,0.0,0.41305503935437143,0.007076395506760208,2.352012125834397,normal,,0
2022-01-21 00:00:00+00:00,0.0,0.0,0.0,0.34457723666798995,0.007076395506760208,2.3509625530660863,normal,,0
2022-01-24 00:00:00+00:00,0.0,0.0,0.0,0.10298903685373767,0.007076395506760208,2.346081916142634,normal,,0
2022-01-25 00:00:00+00:00,0.0,0.0,0.0,1.0982545725094186,0.01990996070035092,2.3686751176863834,normal,,1
2022-01-26 00:00:00+00:00,0.0,0.0,0.0,1.7143066491885832,0.01707120841004378,2.3824297523820452,normal,,0
2022-01-27 00:00:00+00:00,-1.0,-1.0,0.16730968936306265,2.0077162723567517,0.014860380974924082,2.390031987755147,normal,,0
2022-01-28 00:00:00+00:00,0.0,-1.0,0.16730968936306265,0.2595056629367919,0.025972148192493043,2.353880856182432,normal,,1
2022-01-31 00:00:00+00:00,0.0,-1.0,0.16730968936306265,0.06978922224270648,0.021792455300880177,2.3506265919631146,normal,,0
2022-02-01 00:00:00+00:00,0.0,-1.0,0.16730968936306265,-0.31046985727696463,0.018537299947345362,2.3439011740789906,normal,,0
2022-02-02 00:00:00+00:00,0.0,-1.0,0.16730968936306265,0.017527319860969594,0.01600217675757494,2.3509556515275736,normal,,0
2022-02-03 00:00:00+00:00,0.0,-1.0,0.16730968936306265,-0.2524191691502803,0.014027816430860342,2.346814330908097,normal,,0
2022-02-04 00:00:00+00:00,0.0,-1.0,0.16730968936306265,-0.2787097921649215,0.012490179634576066,2.347302181540209,normal,,0
2022-02-07 00:00:00+00:00,2.0,0.0,0.0,0.47415162756910056,0.01129266422399157,2.3602057821555804,normal,mean_reversion,0
2022-02-08 00:00:00+00:00,0.0,0.0,0.0,0.3256448439488257,0.010360036205429092,2.358352017726794,normal,,0
2022-02-09 00:00:00+00:00,0.0,0.0,0.0,1.7765075258617147,0.009633703155081766,2.3791535901046803,normal,,0
2022-02-10 00:00:00+00:00,0.0,0.0,0.0,1.2983906163034218,0.009068033145681857,2.372890418024243,normal,,0
2022-02-11 00:00:00+00:00,0.0,0.0,0.0,1.76731585435923,0.008627487917316608,2.37988972061698,normal,,0
2022-02-14 00:00:00+00:00,0.0,0.0,0.0,1.6716191664868343,0.008284390183637427,2.379385943980693,normal,,0
2022-02-15 00:00:00+00:00,0.0,0.0,0.0,0.37608806088532604,0.008017184804310984,2.3624796323009316,normal,,0
2022-02-16 00:00:00+00:00,0.0,0.0,0.0,0.19508941660830983,0.007809084581743643,2.3606133584552222,normal,,0
2022-02-17 00:00:00+00:00,0.0,0.0,0.0,-0.4560817465362016,0.007647015604158911,2.3536000043875163,normal,,0
2022-02-18 00:00:00+00:00,0.0,0.0,0.0,0.09621346157105036,0.007520795876129257,2.360182466607046,normal,,0
2022-02-22 00:00:00+00:00,0.0,0.0,0.0,-0.042284308331509105,0.0074224956339650795,2.358945513632353,normal,,0
2022-02-23 00:00:00+00:00,-1.0,-1.0,0.16809909223687672,2.0171891068425207,0.007345939157728134,2.3812065807602583,normal,,0
2022-02-24 00:00:00+00:00,0.0,-1.0,0.16809909223687672,1.9942926412741253,0.007286316781172546,2.3819497203920963,normal,,0
2022-02-25 00:00:00+00:00,0.0,-1.0,0.16809909223687672,4.047381441639325,0.007239882724109445,2.4052740535847197,normal,,0
2022-02-28 00:00:00+00:00,2.0,0.0,0.0,5.4459567153919535,0.00720371976349131,2.428186219471216,normal,emergency_stop,0
2022-03-01 00:00:00+00:00,-1.0,-1.0,0.25,7.075398562275118,0.007175555958659619,2.4657847296358706,normal,,0
2022-03-02 00:00:00+00:00,0.0,-1.0,0.25,5.95547930047779,0.007153621916506007,2.4813525877112035,normal,,0
2022-03-03 00:00:00+00:00,0.0,-1.0,0.25,5.007094652707073,0.0071365396292201976,2.4898807950346216,normal,,0
2022-03-04 00:00:00+00:00,0.0,-1.0,0.25,3.979024061049537,0.0071232359008480475,2.485280969831245,normal,,0
2022-03-07 00:00:00+00:00,0.0,-1.0,0.25,3.4076153369588305,0.00711287492367686,2.4829567454768138,normal,,0
2022-03-08 00:00:00+00:00,0.0,-1.0,0.25,4.357157347972399,0.0071048057685544055,2.5289133261667716,normal,,0
2022-03-09 00:00:00+00:00,0.0,-1.0,0.25,3.957459244942531,0.007098521490217098,2.5380406712685937,normal,,0
2022-03-10 00:00:00+00:00,0.0,-1.0,0.25,3.7086907309392405,0.007093627278416552,2.5491815177034853,normal,,0
2022-03-11 00:00:00+00:00,0.0,-1.0,0.25,3.3543691951334105,0.007089815653936713,2.552425867842301,normal,,0
2022-03-14 00:00:00+00:00,0.0,-1.0,0.25,2.9790638523429456,0.007086847151189512,2.549837069858348,normal,,0
2022-03-15 00:00:00+00:00,0.0,-1.0,0.25,2.3745143979792527,0.007084535273771693,2.5287738102665194,normal,,0
2022-03-16 00:00:00+00:00,2.0,0.0,0.0,2.2535871212410865,0.0070827347778145795,2.530247593751878,normal,max_hold,0
2022-03-17 00:00:00+00:00,-1.0,-1.0,0.181376224026402,2.176514688316824,0.007081332547027342,2.5334682300184816,normal,,0
2022-03-18 00:00:00+00:00,0.0,-1.0,0.181376224026402,2.1062346591411063,0.00708024048615772,2.536667474851068,normal,,0
2022-03-21 00:00:00+00:00,0.0,-1.0,0.181376224026402,1.9871568593809072,0.007079389986401321,2.5361118051648126,normal,,0
2022-03-22 00:00:00+00:00,0.0,-1.0,0.181376224026402,1.8421308162181942,0.007078727615048446,2.532823728299067,normal,,0
2022-03-23 00:00:00+00:00,0.0,-1.0,0.181376224026402,1.7889614734497714,0.007078211758570171,2.5350188025776954,normal,,0
2022-03-24 00:00:00+00:00,0.0,-1.0,0.181376224026402,1.7189056529203044,0.007077810008245336,2.5356833934133958,normal,,0
2022-03-25 00:00:00+00:00,0.0,-1.0,0.181376224026402,1.7240108801416845,0.00707749712408026,2.54154207076705,normal,,0
2022-03-28 00:00:00+00:00,0.0,-1.0,0.181376224026402,1.657792749307379,0.007077253449104276,2.5421101213714343,normal,,0
2022-03-29 00:00:00+00:00,0.0,-1.0,0.181376224026402,1.4687254537182726,0.00707706367441911,2.53269663947063,normal,,0
2022-03-30 00:00:00+00:00,0.0,-1.0,0.181376224026402,1.3537180881563646,0.007076915877416218,2.5279561637851,normal,,0
2022-03-31 00:00:00+00:00,0.0,-1.0,0.181376224026402,1.2042362907645567,0.007076800772738034,2.5198680951049184,normal,,0
2022-04-01 00:00:00+00:00,0.0,0.0,0.0,1.2221253443021698,0.007602408123109871,2.365165090013668,normal,,0
2022-04-04 00:00:00+00:00,0.0,0.0,0.0,1.1896203572848238,0.007602405632251538,2.36588159884448,normal,,0
2022-04-05 00:00:00+00:00,0.0,0.0,0.0,1.1156155792666975,0.007602403847476803,2.3631715666523516,normal,,0
2022-04-06 00:00:00+00:00,0.0,0.0,0.0,1.1075921383778233,0.007602402568632153,2.365485854532927,normal,,0
2022-04-07 00:00:00+00:00,0.0,0.0,0.0,1.1171577886968191,0.0076024016523015886,2.3691994776453567,normal,,0
2022-04-08 00:00:00+00:00,0.0,0.0,0.0,1.121163974275892,0.007602400995723244,2.3725137780209056,normal,,0
2022-04-11 00:00:00+00:00,0.0,0.0,0.0,1.0614162654568327,0.00760240052526516,2.370682241272579,normal,,0
2022-04-12 00:00:00+00:00,0.0,0.0,0.0,1.1305191227726132,0.007602400188167826,2.3791233911083203,normal,,0
2022-04-13 00:00:00+00:00,0.0,0.0,0.0,1.1320345642072251,0.007602399946627472,2.382299535086523,normal,,0
2022-04-14 00:00:00+00:00,0.0,0.0,0.0,0.990416549782226,0.00760239977355656,2.373802174796776,normal,,0
2022-04-18 00:00:00+00:00,0.0,0.0,0.0,1.095191075035779,0.0076023996495460594,2.384953304643495,normal,,0
2022-04-19 00:00:00+00:00,0.0,0.0,0.0,0.9700098228200367,0.007602399560688814,2.3776607421122047,normal,,0
2022-04-20 00:00:00+00:00,0.0,0.0,0.0,0.9555552920776098,0.007602399497019931,2.3790184583714957,normal,,0
2022-04-21 00:00:00+00:00,0.0,0.0,0.0,0.3865308430338979,0.02265050945019264,2.3360450334767036,normal,,1
2022-04-22 00:00:00+00:00,0.0,0.0,0.0,0.2849542764991238,0.01838482175727891,2.32975919064252,normal,,0
2022-04-25 00:00:00+00:00,0.0,0.0,0.0,0.23462815005584992,0.015328328531676719,2.327348836928051,normal,,0
2022-04-26 00:00:00+00:00,0.0,0.0,0.0,0.1892225397713645,0.013138259424256712,2.325242169423442,normal,,0
2022-04-27 00:00:00+00:00,0.0,0.0,0.0,-0.10896141938580772,0.011569009194909163,2.304359186826125,normal,,0
2022-04-28 00:00:00+00:00,0.0,0.0,0.0,0.16405253890560162,0.010444594319614057,2.326760599980965,normal,,0
2022-04-29 00:00:00+00:00,0.0,0.0,0.0,-0.16764719278667203,0.009638917322956502,2.304677134510041,normal,,0
2022-05-02 00:00:00+00:00,0.0,0.0,0.0,-0.07071607126484657,0.009061625580197609,2.3137286543470634,normal,,0
2022-05-03 00:00:00+00:00,0.0,0.0,0.0,-0.03685381993246818,0.008647978724646075,2.318294998695758,normal,,0
2022-05-04 00:00:00+00:00,0.0,0.0,0.0,0.0071890777924486435,0.008351588341007531,2.3234712702995246,normal,,0
2022-05-05 00:00:00+00:00,0.0,0.0,0.0,0.030054190725203024,0.008139215737820999,2.3269826135707885,normal,,0
2022-05-06 00:00:00+00:00,0.0,0.0,0.0,0.2659596998163445,0.007987044395314735,2.3437799927626224,normal,,0
2022-05-09 00:00:00+00:00,0.0,0.0,0.0,-0.07102902693794291,0.007878009062448278,2.324878650115133,normal,,0
2022-05-10 00:00:00+00:00,0.0,0.0,0.0,-0.051980972135412334,0.007799881974801606,2.3279627028658565,normal,,0
2022-05-11 00:00:00+00:00,0.0,0.0,0.0,-0.033400963528913516,0.007743901572268909,2.330898359622486,normal,,0
2022-05-12 00:00:00+00:00,0.0,0.0,0.0,0.22239919057697186,0.007703789934140334,2.3469580921056212,normal,,0
2022-05-13 00:00:00+00:00,0.0,0.0,0.0,0.1707947237442793,0.007675048741855802,2.346010411548813,normal,,0
2022-05-16 00:00:00+00:00,0.0,0.0,0.0,0.5043316415150148,0.007654454815193206,2.3644650465540398,normal,,0
2022-05-17 00:00:00+00:00,0.0,0.0,0.0,0.4378245127331943,0.007639698648810623,2.362385271191773,normal,,0
2022-05-18 00:00:00+00:00,0.0,0.0,0.0,-0.24373033982223388,0.0076291254128329515,2.3345209218763987,normal,,0
2022-05-19 00:00:00+00:00,0.0,0.0,0.0,-0.5759559944704472,0.007621549372000865,2.3251431073931714,normal,,0
2022-05-20 00:00:00+00:00,0.0,0.0,0.0,-0.6821130058550517,0.007616120911422603,2.325136078691304,normal,,0
2022-05-23 00:00:00+00:00,0.0,0.0,0.0,-0.5235849075867016,0.007612231256535193,2.3342897853170776,normal,,0
2022-05-24 00:00:00+00:00,0.0,0.0,0.0,-0.60912544829987,0.007609444202097746,2.3349245917824417,normal,,0
2022-05-25 00:00:00+00:00,0.0,0.0,0.0,-0.5115098686338135,0.007607447193966655,2.3397475130330556,normal,,0
2022-05-26 00:00:00+00:00,0.0,0.0,0.0,-0.16926424003049675,0.007606016277719718,2.3492053076753545,normal,,0
2022-05-27 00:00:00+00:00,0.0,0.0,0.0,-0.24564905199393794,0.007604990983293585,2.347808405863384,normal,,0
2022-05-31 00:00:00+00:00,0.0,0.0,0.0,-0.5884455876125174,0.0076042563290729,2.339691265918025,normal,,0
2022-06-01 00:00:00+00:00,0.0,0.0,0.0,-0.8387618367176283,0.007603729927280192,2.333956521179997,normal,,0
2022-06-02 00:00:00+00:00,0.0,0.0,0.0,-0.8445608299836727,0.007603352744600824,2.334225333443822,normal,,0
2022-06-03 00:00:00+00:00,0.0,0.0,0.0,-0.754058597536638,0.007603082481893544,2.335801388061779,normal,,0
2022-06-06 00:00:00+00:00,0.0,0.0,0.0,-0.8349094727481275,0.007602888830554439,2.333214845232785,normal,,0
2022-06-07 00:00:00+00:00,0.0,0.0,0.0,-1.2307825198853966,0.007602750073559386,2.3231117934889887,normal,,0
2022-06-08 00:00:00+00:00,0.0,0.0,0.0,-1.2503112528738551,0.007602650650008973,2.3218432997410186,normal,,0
2022-06-09 00:00:00+00:00,1.0,1.0,0.12729155874553094,-1.5274987049463713,0.007602579410051859,2.314581707829632,normal,,0
2022-06-10 00:00:00+00:00,0.0,1.0,0.12729155874553094,-1.4449682058523172,0.007602528364485004,2.3151608757319333,normal,,0
2022-06-13 00:00:00+00:00,0.0,1.0,0.12729155874553094,-2.1324611744555515,0.00760249178880471,2.297586486010414,normal,,0
2022-06-14 00:00:00+00:00,0.0,1.0,0.12729155874553094,-2.0818965735014934,0.007602465581232312,2.2962259702455547,normal,,0
2022-06-15 00:00:00+00:00,0.0,1.0,0.12729155874553094,-2.392858002600316,0.0076024468027203205,2.286081294057523,normal,,0
2022-06-16 00:00:00+00:00,0.0,1.0,0.12729155874553094,-3.56777294017192,0.02265054334614639,2.25244101355556,normal,,1
2022-06-17 00:00:00+00:00,0.0,1.0,0.12729155874553094,-3.577052957879586,0.018384846044746835,2.24195624087609,normal,,0
2022-06-21 00:00:00+00:00,0.0,1.0,0.12729155874553094,-3.197482882809882,0.015328345934376243,2.2423624184217177,normal,,0
2022-06-22 00:00:00+00:00,0.0,1.0,0.12729155874553094,-3.5547615969241027,0.013138271893813096,2.2216880190190373,normal,,0
2022-06-23 00:00:00+00:00,0.0,1.0,0.12729155874553094,-3.5713137901080323,0.011569018129720467,2.2085722523214346,normal,,0
2022-06-24 00:00:00+00:00,0.0,1.0,0.12729155874553094,-3.055094782674736,0.010444600721674448,2.2146710645972383,normal,,0
2022-06-27 00:00:00+00:00,0.0,1.0,0.12729155874553094,-2.70911085930629,0.00963892191022487,2.218567631455581,normal,,0
2022-06-28 00:00:00+00:00,0.0,1.0,0.12729155874553094,-2.591562361164792,0.009061628867113036,2.215426391131032,normal,,0
2022-06-29 00:00:00+00:00,0.0,1.0,0.12729155874553094,-2.3134009643562194,0.008647981079819603,2.220099735248705,normal,,0
2022-06-30 00:00:00+00:00,0.0,1.0,0.12729155874553094,-2.23922451107393,0.008351590028560034,2.217355089042306,normal,,0
2022-07-01 00:00:00+00:00,0.0,0.0,0.0,-2.048980675207474,0.007633621745086987,1.9696868281122968,normal,,0
2022-07-05 00:00:00+00:00,1.0,1.0,0.17052831376478073,-2.0463397651773687,0.0076336162073640515,1.9648310495037076,normal,,0
2022-07-06 00:00:00+00:00,0.0,1.0,0.17052831376478073,-1.94633704103713,0.007633612361491612,1.9648768513413382,normal,,0
2022-07-07 00:00:00+00:00,0.0,1.0,0.17052831376478073,-1.9343333578736424,0.007633609690586081,1.960949633617016,normal,,0
2022-07-08 00:00:00+00:00,0.0,1.0,0.17052831376478073,-1.9277064298162525,0.007633607835678912,1.9568037000869944,normal,,0
2022-07-11 00:00:00+00:00,0.0,1.0,0.17052831376478073,-1.995503173786113,0.007633606547471387,1.9486646173305076,normal,,0
2022-07-12 00:00:00+00:00,0.0,1.0,0.17052831376478073,-2.038379485823241,0.007633605652828973,1.94165643837909,normal,,0
2022-07-13 00:00:00+00:00,0.0,1.0,0.17052831376478073,-2.116378996235162,0.0076336050315121175,1.9325307060860468,normal,,0
2022-07-14 00:00:00+00:00,0.0,1.0,0.17052831376478073,-2.0596650134328454,0.007633604600016103,1.930141286762455,normal,,0
2022-07-15 00:00:00+00:00,0.0,1.0,0.17052831376478073,-1.9862182751538706,0.007633604300348055,1.9294193765313694,normal,,0
2022-07-18 00:00:00+00:00,0.0,1.0,0.17052831376478073,-1.827353568449889,0.007633604092232715,1.9338592160160561,normal,,0
2022-07-19 00:00:00+00:00,0.0,1.0,0.17052831376478073,-1.4436677011861088,0.007633603947699473,1.9522767797511,normal,,0
2022-07-20 00:00:00+00:00,0.0,1.0,0.17052831376478073,-1.2998953591501685,0.007633603847323123,1.957609072080119,normal,,0
2022-07-21 00:00:00+00:00,0.0,1.0,0.17052831376478073,-1.1877823933543246,0.007633603777613129,1.9615671934429169,normal,,0
2022-07-22 00:00:00+00:00,0.0,1.0,0.17052831376478073,-1.2125306682490453,0.007633603729200496,1.9577121241860769,normal,,0
2022-07-25 00:00:00+00:00,0.0,1.0,0.17052831376478073,-1.060003931691106,0.007633603695578589,1.964389654064853,normal,,0
2022-07-26 00:00:00+00:00,0.0,1.0,0.17052831376478073,-1.1627576235542099,0.007633603672228636,1.9561909263841897,normal,,0
2022-07-27 00:00:00+00:00,0.0,1.0,0.17052831376478073,-1.095506957751739,0.007633603656012415,1.9579109752296184,normal,,0
2022-07-28 00:00:00+00:00,0.0,1.0,0.17052831376478073,-1.071644461244631,0.007633603644750472,1.9572316786061825,normal,,0
2022-07-29 00:00:00+00:00,0.0,1.0,0.17052831376478073,-0.09092240978135677,0.007634298123179948,2.015304480949164,normal,,1
2022-08-01 00:00:00+00:00,0.0,1.0,0.17052831376478073,-0.1294155863410413,0.007634085942649915,2.012091778061945,normal,,0
2022-08-02 00:00:00+00:00,0.0,1.0,0.17052831376478073,-0.235054352332914,0.007633938586189133,2.004728882579248,normal,,0
2022-08-03 00:00:00+00:00,0.0,1.0,0.17052831376478073,-0.2346220341334674,0.0076338362491531605,2.003668402899197,normal,,0
2022-08-04 00:00:00+00:00,2.0,0.0,0.0,-0.19745137608781427,0.007633765177488737,2.0045850582451124,normal,mean_reversion,0
2022-08-05 00:00:00+00:00,0.0,0.0,0.0,-0.05726581272752835,0.007633715819194978,2.011733345314441,normal,,0
2022-08-08 00:00:00+00:00,0.0,0.0,0.0,-0.11906281755411541,0.0076336815405386015,2.0070182186107037,normal,,0
2022-08-09 00:00:00+00:00,0.0,0.0,0.0,-0.11743108681702658,0.007633657734483054,2.00594087703331,normal,,0
2022-08-10 00:00:00+00:00,0.0,0.0,0.0,-0.17948495665948924,0.007633641201504792,2.001017693311503,normal,,0
2022-08-11 00:00:00+00:00,0.0,0.0,0.0,0.14088084995326508,0.007633629719578706,2.0173841438151516,normal,,0
2022-08-12 00:00:00+00:00,0.0,0.0,0.0,0.02598406764030549,0.007633621745538907,2.00937877161642,normal,,0
2022-08-15 00:00:00+00:00,0.0,0.0,0.0,-0.03131590538254525,0.007633616207677903,2.004669651254682,normal,,0
2022-08-16 00:00:00+00:00,0.0,0.0,0.0,0.05653867744206016,0.007633612361709578,2.0078648012925573,normal,,0
2022-08-17 00:00:00+00:00,0.0,0.0,0.0,0.16098509810963624,0.007633609690737455,2.011963243620455,normal,,0
2022-08-18 00:00:00+00:00,0.0,0.0,0.0,0.006085025356128222,0.00763360783578404,2.00315647055354,normal,,0
2022-08-19 00:00:00+00:00,0.0,0.0,0.0,-0.15058566042565377,0.007633606547544397,1.9942731158369518,normal,,0
2022-08-22 00:00:00+00:00,0.0,0.0,0.0,-0.22172113173404295,0.007633605652879677,1.9896364082053513,normal,,0
2022-08-23 00:00:00+00:00,0.0,0.0,0.0,-0.026417038013803077,0.007633605031547331,1.9972856437461979,normal,,0
2022-08-24 00:00:00+00:00,0.0,0.0,0.0,0.027934061247838454,0.0076336046000405585,1.9981033483346966,normal,,0
2022-08-25 00:00:00+00:00,0.0,0.0,0.0,0.1837825070473975,0.007633604300365038,2.003056130448106,normal,,0
2022-08-26 00:00:00+00:00,0.0,0.0,0.0,0.22352386136533817,0.00763360409224451,2.002987494524324,normal,,0
2022-08-29 00:00:00+00:00,0.0,0.0,0.0,0.08657558755357174,0.007633603947707664,1.9960339140784265,normal,,0
2022-08-30 00:00:00+00:00,0.0,0.0,0.0,0.1694181468272846,0.007633603847328812,1.9975968738231624,normal,,0
2022-08-31 00:00:00+00:00,0.0,0.0,0.0,-0.09743859487541504,0.00763360377761708,1.9864450586185902,normal,,0
2022-09-01 00:00:00+00:00,0.0,0.0,0.0,-0.20008388837054683,0.00763360372920324,1.9816722387723718,normal,,0
2022-09-02 00:00:00+00:00,0.0,0.0,0.0,-0.08164098913458792,0.007633603695580494,1.9843863609330237,normal,,0
2022-09-06 00:00:00+00:00,0.0,0.0,0.0,-0.04232667637403312,0.007633603672229959,1.9844025665239307,normal,,0
2022-09-07 00:00:00+00:00,0.0,0.0,0.0,-0.17874437112318586,0.007633603656013334,1.9793044733888157,normal,,0
2022-09-08 00:00:00+00:00,0.0,0.0,0.0,-0.22962148836836901,0.00763360364475111,1.9768941643854911,normal,,0
2022-09-09 00:00:00+00:00,0.0,0.0,0.0,0.3795105102733219,0.0076336036369296515,1.9919700225718233,normal,,0
2022-09-12 00:00:00+00:00,0.0,0.0,0.0,0.7547260565367091,0.007633603631497755,2.000053431884364,normal,,0
2022-09-13 00:00:00+00:00,0.0,0.0,0.0,0.6951371102165682,0.007633603627725378,1.9974871278700492,normal,,0
2022-09-14 00:00:00+00:00,0.0,0.0,0.0,1.0479698499449017,0.007633603625105514,2.00591349270083,normal,,0
2022-09-15 00:00:00+00:00,0.0,0.0,0.0,1.083423152849507,0.007633603623286055,2.0071396609941132,normal,,0
2022-09-16 00:00:00+00:00,0.0,0.0,0.0,0.3912829900623262,0.007633603622022465,1.9906820574630557,normal,,0
2022-09-19 00:00:00+00:00,0.0,0.0,0.0,0.6260866375765437,0.0076336036211449194,1.996734487055312,normal,,0
2022-09-20 00:00:00+00:00,0.0,0.0,0.0,0.6533268343671312,0.007633603620535476,1.9979514068196225,normal,,0
2022-09-21 00:00:00+00:00,0.0,0.0,0.0,0.7986827312816378,0.007633603620112226,2.0020307207309793,normal,,0
2022-09-22 00:00:00+00:00,0.0,0.0,0.0,0.8186905650993055,0.0076336036198182845,2.0031274077754486,normal,,0
2022-09-23 00:00:00+00:00,0.0,0.0,0.0,-0.39281940703943447,0.0076342981058648875,1.9741193370762202,normal,,1
2022-09-26 00:00:00+00:00,0.0,0.0,0.0,-0.953055441352098,0.007634085930624843,1.9604787414948674,normal,,0
2022-09-27 00:00:00+00:00,0.0,0.0,0.0,-1.3946767123603776,0.007633938577837885,1.9493677420148328,normal,,0
2022-09-28 00:00:00+00:00,0.0,0.0,0.0,-1.108510826661238,0.007633836243353335,1.955692358024225,normal,,0
2022-09-29 00:00:00+00:00,0.0,0.0,0.0,-1.3515646995278676,0.0076337651734608375,1.9492933270032275,normal,,0
2022-09-30 00:00:00+00:00,0.0,0.0,0.0,-1.124594084122738,0.007633715816397656,1.9544136764070523,normal,,0
2022-10-03 00:00:00+00:00,0.0,0.0,0.0,-0.4692735429929157,0.008094293974693082,1.8829852635412938,normal,,0
2022-10-04 00:00:00+00:00,0.0,0.0,0.0,0.12203354060486701,0.008094259438497028,1.8978486623320463,normal,,0
2022-10-05 00:00:00+00:00,0.0,0.0,0.0,-0.7488563335308607,0.008094233310244555,1.8772802089335348,normal,,0
2022-10-06 00:00:00+00:00,0.0,0.0,0.0,-0.8756442638004986,0.008094213542995832,1.8749754443110995,normal,,0
2022-10-07 00:00:00+00:00,0.0,0.0,0.0,-0.9870709301037969,0.008094198588144853,1.8735494470297662,normal,,0
2022-10-10 00:00:00+00:00,0.0,0.0,0.0,-1.3936095694671222,0.008094187274098526,1.8658515321125972,normal,,0
2022-10-11 00:00:00+00:00,0.0,0.0,0.0,-1.089247517250192,0.008094178714491716,1.8738237537548934,normal,,0
2022-10-12 00:00:00+00:00,0.0,0.0,0.0,-1.0945793970482807,0.008094172238747616,1.8750368635358292,normal,,0
2022-10-13 00:00:00+00:00,0.0,0.0,0.0,0.026301750517200285,0.008094167339543415,1.8983309572979632,normal,,0
2022-10-14 00:00:00+00:00,0.0,0.0,0.0,-0.599260310926058,0.008094163633065607,1.8862390369231976,normal,,0
2022-10-17 00:00:00+00:00,0.0,0.0,0.0,-0.6801265644855409,0.008094160828941266,1.8849408000315937,normal,,0
2022-10-18 00:00:00+00:00,0.0,0.0,0.0,-0.4221516501358941,0.008094158707489654,1.8904198748652936,normal,,0
2022-10-19 00:00:00+00:00,0.0,0.0,0.0,0.08145712209360109,0.00809415710251199,1.9005209869775403,normal,,0
2022-10-20 00:00:00+00:00,0.0,0.0,0.0,0.4056139234131101,0.008094155888271094,1.9071910318851186,normal,,0
2022-10-21 00:00:00+00:00,0.0,0.0,0.0,0.9332029666644046,0.008094154969640893,1.917497890389503,normal,,0
2022-10-24 00:00:00+00:00,0.0,0.0,0.0,0.5775266215483871,0.008094154274654052,1.9114876644620504,normal,,0
2022-10-25 00:00:00+00:00,0.0,0.0,0.0,1.7599976507007158,0.008094153748863903,1.9324658993534496,normal,,0
2022-10-26 00:00:00+00:00,0.0,0.0,0.0,1.7444097282626636,0.00809415335107899,1.9327393989572785,normal,,0
2022-10-27 00:00:00+00:00,-1.0,-1.0,0.16775582331344938,2.0130698797613924,0.008094153050136043,1.9386520158669733,normal,,0
2022-10-28 00:00:00+00:00,0.0,-1.0,0.16775582331344938,1.2542943607909567,0.008094152822458584,1.925548746568945,normal,,0
2022-10-31 00:00:00+00:00,0.0,-1.0,0.16775582331344938,1.493502916642562,0.008094152650209907,1.9304856416120861,normal,,0
2022-11-01 00:00:00+00:00,0.0,-1.0,0.16775582331344938,1.5327704203620105,0.008094152519895701,1.9315619539533957,normal,,0
2022-11-02 00:00:00+00:00,0.0,-1.0,0.16775582331344938,1.0806498943409422,0.008094152421306892,1.923231162565879,normal,,0
2022-11-03 00:00:00+00:00,0.0,-1.0,0.16775582331344938,1.1448238898357492,0.008094152346719834,1.9246803334779115,normal,,0
2022-11-04 00:00:00+00:00,0.0,-1.0,0.16775582331344938,1.6028048967752486,0.008094152290291224,1.9342127823222217,normal,,0
2022-11-07 00:00:00+00:00,0.0,-1.0,0.16775582331344938,1.7994806566307349,0.008094152247600333,1.9384663216101918,normal,,0
2022-11-08 00:00:00+00:00,0.0,-1.0,0.16775582331344938,1.5655981341213823,0.008094152215302672,1.9346907621736729,normal,,0
2022-11-09 00:00:00+00:00,0.0,-1.0,0.16775582331344938,1.0133241303046157,0.008094152190867976,1.9240178647538158,normal,,0
2022-11-10 00:00:00+00:00,0.0,-1.0,0.16775582331344938,1.6050831110694994,0.008094152172381982,1.9365313665753918,normal,,0
2022-11-11 00:00:00+00:00,0.0,-1.0,0.16775582331344938,1.7554820398897968,0.008094152158396461,1.9403780200805874,normal,,0
2022-11-14 00:00:00+00:00,0.0,-1.0,0.16775582331344938,1.9294544876567308,0.008094152147815758,1.9454475198354735,normal,,0
2022-11-15 00:00:00+00:00,0.0,-1.0,0.16775582331344938,2.0096064793723953,0.00809415213981096,1.9491798876067241,normal,,0
2022-11-16 00:00:00+00:00,0.0,-1.0,0.16775582331344938,1.5145901499001464,0.008094152133754955,1.9400347109381841,normal,,0
2022-11-17 00:00:00+00:00,0.0,-1.0,0.16775582331344938,0.9752522670737228,0.008094152129173303,1.9285510454922692,normal,,0
2022-11-18 00:00:00+00:00,0.0,-1.0,0.16775582331344938,1.1650062508935044,0.008094152125707068,1.9335608698712496,normal,,0
2022-11-21 00:00:00+00:00,0.0,-1.0,0.16775582331344938,1.107941135108242,0.008094152123084699,1.9328210867969453,normal,,0
2022-11-22 00:00:00+00:00,0.0,-1.0,0.16775582331344938,1.2113879407396881,0.008094152121100753,1.9358939491887082,normal,,0
2022-11-23 00:00:00+00:00,0.0,-1.0,0.16775582331344938,0.9768895398370925,0.008094152119599806,1.931008810119943,normal,,0
2022-11-25 00:00:00+00:00,0.0,-1.0,0.16775582331344938,0.9074053054912875,0.008094152118464268,1.929860280908934,normal,,0
2022-11-28 00:00:00+00:00,0.0,-1.0,0.16775582331344938,0.613802814515624,0.008094152117605181,1.9232399522113668,normal,,0
2022-11-29 00:00:00+00:00,0.0,-1.0,0.16775582331344938,0.8952494800626312,0.008094152116955241,1.9307185352591207,normal,,0
2022-11-30 00:00:00+00:00,0.0,-1.0,0.16775582331344938,1.2851763184962677,0.008094152116463532,1.9411042471257196,normal,,0
2022-12-01 00:00:00+00:00,0.0,-1.0,0.16775582331344938,1.1924732473704747,0.008094152116091529,1.9398812495506794,normal,,0
2022-12-02 00:00:00+00:00,0.0,-1.0,0.16775582331344938,0.964189797173961,0.008094152115810093,1.9351165770350809,normal,,0
2022-12-05 00:00:00+00:00,0.0,-1.0,0.16775582331344938,0.71881375635551,0.008094152115597173,1.9296980743574599,normal,,0
2022-12-06 00:00:00+00:00,0.0,-1.0,0.16775582331344938,0.43749985367126093,0.008094152115436088,1.92305348007668,normal,,0
2022-12-07 00:00:00+00:00,0.0,-1.0,0.16775582331344938,0.6424071330584419,0.008094152115314222,1.9284950085717147,normal,,0
2022-12-08 00:00:00+00:00,0.0,-1.0,0.16775582331344938,0.7449906709898892,0.008094152115222023,1.9315011377893363,normal,,0
2022-12-09 00:00:00+00:00,2.0,0.0,0.0,-0.3657972596411311,0.00809415211515227,1.9033363180248801,normal,profit_target,0
2022-12-12 00:00:00+00:00,0.0,0.0,0.0,-0.6497251737463173,0.0080941521150995,1.8957891733730863,normal,,0
2022-12-13 00:00:00+00:00,0.0,0.0,0.0,-0.09841891261727649,0.008094152115059575,1.909832093756994,normal,,0
2022-12-14 00:00:00+00:00,0.0,0.0,0.0,-0.1168541139264286,0.008094152115029372,1.9093845506946874,normal,,0
2022-12-15 00:00:00+00:00,0.0,0.0,0.0,-0.14069461726798865,0.00809415211500652,1.9087667344972221,normal,,0
2022-12-16 00:00:00+00:00,0.0,0.0,0.0,-0.33688298489584684,0.008094152114989232,1.9036296561998443,normal,,0
2022-12-19 00:00:00+00:00,0.0,0.0,0.0,-0.29595226940526653,0.008094152114976154,1.9044838755205684,normal,,0
2022-12-20 00:00:00+00:00,0.0,0.0,0.0,-0.15836024638808296,0.008094152114966259,1.9083440195405363,normal,,0
2022-12-21 00:00:00+00:00,0.0,0.0,0.0,0.04509275609677825,0.008094152114958772,1.9140955460439044,normal,,0
2022-12-22 00:00:00+00:00,0.0,0.0,0.0,-0.0697406811009594,0.008094152114953108,1.912139480118174,normal,,0
2022-12-23 00:00:00+00:00,0.0,0.0,0.0,0.4314357436121016,0.008094152114948825,1.9246657738922335,normal,,0
2022-12-27 00:00:00+00:00,0.0,0.0,0.0,0.37478190694037566,0.008094152114945583,1.9240057287605512,normal,,0
2022-12-28 00:00:00+00:00,0.0,0.0,0.0,0.3058918531387417,0.00809415211494313,1.9231342060446557,normal,,0
2022-12-29 00:00:00+00:00,0.0,0.0,0.0,0.33253505525012217,0.008094152114941276,1.924229428843403,normal,,0
2022-12-30 00:00:00+00:00,0.0,0.0,0.0,0.4439908308424697,0.008094152114939872,1.92695662520683,normal,,0
2023-01-03 00:00:00+00:00,0.0,0.0,0.0,0.06993713835513972,0.006808511549002808,1.7982022063669985,normal,,0
2023-01-04 00:00:00+00:00,0.0,0.0,0.0,-0.7588303308738771,0.006808511549002808,1.7835107290636762,normal,,0
2023-01-05 00:00:00+00:00,0.0,0.0,0.0,-0.4107113941777107,0.006808511549002808,1.7907985168321625,normal,,0
2023-01-06 00:00:00+00:00,0.0,0.0,0.0,-0.8239231452142186,0.006808511549002808,1.7853019502987406,normal,,0
2023-01-09 00:00:00+00:00,0.0,0.0,0.0,-0.5453498751793844,0.006808511549002808,1.7909005742901982,normal,,0
2023-01-10 00:00:00+00:00,0.0,0.0,0.0,-1.1217204149520934,0.006808511549002808,1.7837622951077425,normal,,0
2023-01-11 00:00:00+00:00,1.0,1.0,0.16496956564644788,-1.9796347877573746,0.006808511549002808,1.7717560745133554,normal,,0
2023-01-12 00:00:00+00:00,0.0,1.0,0.16496956564644788,-2.109434232535127,0.006808511549002808,1.7703725092484097,normal,,0
2023-01-13 00:00:00+00:00,0.0,1.0,0.16496956564644788,-1.8689120310604401,0.006808511549002808,1.774253124317978,normal,,0
2023-01-17 00:00:00+00:00,0.0,1.0,0.16496956564644788,-0.9663619647406287,0.006808511549002808,1.7869631449364483,normal,,0
2023-01-18 00:00:00+00:00,0.0,1.0,0.16496956564644788,-0.8774805490146421,0.006808511549002808,1.7884392049515112,normal,,0
2023-01-19 00:00:00+00:00,0.0,1.0,0.16496956564644788,-0.47137990443601524,0.006808511549002808,1.79400388315926,normal,,0
2023-01-20 00:00:00+00:00,0.0,1.0,0.16496956564644788,-0.6472813037455906,0.006808511549002808,1.7915728808611333,normal,,0
2023-01-23 00:00:00+00:00,0.0,1.0,0.16496956564644788,-0.47369226473658166,0.006808511549002808,1.7939620070334503,normal,,0
2023-01-24 00:00:00+00:00,0.0,1.0,0.16496956564644788,-0.841253240601152,0.006808511549002808,1.7887345158450736,normal,,0
2023-01-25 00:00:00+00:00,0.0,1.0,0.16496956564644788,0.21716960681794295,0.006808511549002808,1.8026473028497985,normal,,0
2023-01-26 00:00:00+00:00,0.0,1.0,0.16496956564644788,0.2620349397916249,0.006808511549002808,1.8029700863969382,normal,,0
2023-01-27 00:00:00+00:00,0.0,1.0,0.16496956564644788,-2.0339786991732343,0.006808511549002808,1.772393615232025,normal,,0
2023-01-30 00:00:00+00:00,0.0,1.0,0.16496956564644788,-3.386658748636712,0.006808511549002808,1.7524319001665378,normal,,0
2023-01-31 00:00:00+00:00,0.0,1.0,0.16496956564644788,-3.984406174468802,0.006808511549002808,1.7385647477155266,normal,,0
2023-02-01 00:00:00+00:00,0.0,1.0,0.16496956564644788,-3.9753395807166525,0.006808511549002808,1.730312736680753,normal,,0
2023-02-02 00:00:00+00:00,0.0,1.0,0.16496956564644788,-3.03553125956257,0.006808511549002808,1.7386063729126264,normal,,0
2023-02-03 00:00:00+00:00,0.0,1.0,0.16496956564644788,-2.901377855629024,0.006808511549002808,1.736220834642479,normal,,0
2023-02-06 00:00:00+00:00,0.0,1.0,0.16496956564644788,-2.583163173646278,0.006808511549002808,1.7382688148037673,normal,,0
2023-02-07 00:00:00+00:00,0.0,1.0,0.16496956564644788,-2.188363978486362,0.006808511549002808,1.74323318039835,normal,,0
2023-02-08 00:00:00+00:00,0.0,1.0,0.16496956564644788,-2.8310572203954556,0.006808511549002808,1.7256058515351,normal,,0
2023-02-09 00:00:00+00:00,0.0,1.0,0.16496956564644788,-3.0799147038798766,0.006808511549002808,1.7144280242649192,normal,,0
2023-02-10 00:00:00+00:00,0.0,1.0,0.16496956564644788,-3.217372136468221,0.006808511549002808,1.7042855729653414,normal,,0
2023-02-13 00:00:00+00:00,0.0,1.0,0.16496956564644788,-2.8052884690825692,0.006808511549002808,1.7081032219318755,normal,,0
2023-02-14 00:00:00+00:00,0.0,1.0,0.16496956564644788,-2.0957113685629416,0.006808511549002808,1.7231654568372528,normal,,0
2023-02-15 00:00:00+00:00,0.0,1.0,0.16496956564644788,-2.5267375121988573,0.006808511549002808,1.707350617485981,normal,,0
2023-02-16 00:00:00+00:00,0.0,1.0,0.16496956564644788,-2.748811199958669,0.006808511549002808,1.6953612393546278,normal,,0
2023-02-17 00:00:00+00:00,0.0,1.0,0.16496956564644788,-2.45627084147375,0.006808511549002808,1.6985020245061726,normal,,0
2023-02-21 00:00:00+00:00,0.0,1.0,0.16496956564644788,-2.592092748902996,0.006808511549002808,1.6887629913562918,normal,,0
2023-02-22 00:00:00+00:00,0.0,1.0,0.16496956564644788,-2.2572314597111958,0.006808511549002808,1.694653641559075,normal,,0
2023-02-23 00:00:00+00:00,0.0,1.0,0.16496956564644788,-2.0849907088319255,0.006808511549002808,1.696381075792471,normal,,0
2023-02-24 00:00:00+00:00,0.0,1.0,0.16496956564644788,-1.850783470775318,0.006808511549002808,1.7012387117270018,normal,,0
2023-02-27 00:00:00+00:00,0.0,1.0,0.16496956564644788,-1.7307575539635311,0.006808511549002808,1.702638814122655,normal,,0
2023-02-28 00:00:00+00:00,0.0,1.0,0.16496956564644788,-1.8475534280111592,0.006808511549002808,1.6952664994354625,normal,,0
2023-03-01 00:00:00+00:00,0.0,1.0,0.16496956564644788,-1.7208331476127905,0.006808511549002808,1.6972922975730445,normal,,0
2023-03-02 00:00:00+00:00,0.0,1.0,0.16496956564644788,-1.7153251231299715,0.006808511549002808,1.694878548157222,normal,,0
2023-03-03 00:00:00+00:00,0.0,1.0,0.16496956564644788,-1.44848546311646,0.006808511549002808,1.702971434067421,normal,,0
2023-03-06 00:00:00+00:00,0.0,1.0,0.16496956564644788,-1.3640378706942375,0.006808511549002808,1.7043277661717946,normal,,0
2023-03-07 00:00:00+00:00,0.0,1.0,0.16496956564644788,-1.3156264995958082,0.006808511549002808,1.7043593535277788,normal,,0
2023-03-08 00:00:00+00:00,0.0,1.0,0.16496956564644788,-1.1590309193820707,0.006808511549002808,1.70898162620214,normal,,0
2023-03-09 00:00:00+00:00,2.0,0.0,0.0,-1.3347873263481906,0.006808511549002808,1.7003216881084797,normal,max_hold,0
2023-03-10 00:00:00+00:00,0.0,0.0,0.0,-1.2576057264911316,0.006808511549002808,1.701558996999855,normal,,0
2023-03-13 00:00:00+00:00,0.0,0.0,0.0,-1.149746788454433,0.006808511549002808,1.704283695785171,normal,,0
2023-03-14 00:00:00+00:00,0.0,0.0,0.0,-0.9090934934015005,0.006808511549002808,1.71275009046622,normal,,0
2023-03-15 00:00:00+00:00,0.0,0.0,0.0,-0.983510745629076,0.006808511549002808,1.7083881333250233,normal,,0
2023-03-16 00:00:00+00:00,0.0,0.0,0.0,-0.7971313117801948,0.006808511549002808,1.7148433025027932,normal,,0
2023-03-17 00:00:00+00:00,0.0,0.0,0.0,-0.8625463633926708,0.006808511549002808,1.711000388727792,normal,,0
2023-03-20 00:00:00+00:00,0.0,0.0,0.0,-0.9034531426303236,0.006808511549002808,1.7081010043524953,normal,,0
2023-03-21 00:00:00+00:00,0.0,0.0,0.0,-0.9214488946090373,0.006808511549002808,1.7061022426796044,normal,,0
2023-03-22 00:00:00+00:00,0.0,0.0,0.0,-0.9986473424437434,0.006808511549002808,1.701630672986068,normal,,0
2023-03-23 00:00:00+00:00,0.0,0.0,0.0,-0.9817007513820112,0.006808511549002808,1.7009860611274288,normal,,0
2023-03-24 00:00:00+00:00,0.0,0.0,0.0,-0.7593184543377925,0.006808511549002808,1.708851907736375,normal,,0
2023-03-27 00:00:00+00:00,0.0,0.0,0.0,-0.8348469170606458,0.006808511549002808,1.7047326129554508,normal,,0
2023-03-28 00:00:00+00:00,0.0,0.0,0.0,-0.7131624832614336,0.006808511549002808,1.7084799957596584,normal,,0
2023-03-29 00:00:00+00:00,0.0,0.0,0.0,-0.83256353667961,0.006808511549002808,1.702829595581032,normal,,0
2023-03-30 00:00:00+00:00,0.0,0.0,0.0,-0.573452473421861,0.006808511549002808,1.7117125854494142,normal,,0
2023-03-31 00:00:00+00:00,0.0,0.0,0.0,-0.5475257401675311,0.006808511549002808,1.711730098032254,normal,,0
2023-04-03 00:00:00+00:00,0.0,0.0,0.0,-0.4748234979379144,0.006467260461622053,1.7073198235442888,normal,,0
2023-04-04 00:00:00+00:00,0.0,0.0,0.0,-0.482634603815552,0.006467260461622053,1.7061275408049137,normal,,0
2023-04-05 00:00:00+00:00,0.0,0.0,0.0,-0.6330513346792751,0.006467260461622053,1.699957632605924,normal,,0
2023-04-06 00:00:00+00:00,0.0,0.0,0.0,-0.6628172025496647,0.006467260461622053,1.6980704862161966,normal,,0
2023-04-10 00:00:00+00:00,0.0,0.0,0.0,-0.40945587806207906,0.006467260461622053,1.7057189527551033,normal,,0
2023-04-11 00:00:00+00:00,0.0,0.0,0.0,-0.3658640400026701,0.006467260461622053,1.7063709291545797,normal,,0
2023-04-12 00:00:00+00:00,0.0,0.0,0.0,-0.28159853738156854,0.006467260461622053,1.7083397723460543,normal,,0
2023-04-13 00:00:00+00:00,0.0,0.0,0.0,0.08901739032301545,0.006467260461622053,1.719351280873957,normal,,0
2023-04-14 00:00:00+00:00,0.0,0.0,0.0,0.21160124213490075,0.006467260461622053,1.7219976410622468,normal,,0
2023-04-17 00:00:00+00:00,0.0,0.0,0.0,0.1795729178851534,0.006467260461622053,1.7197819165450587,normal,,0
2023-04-18 00:00:00+00:00,0.0,0.0,0.0,-0.3279278505385456,0.006467260461622053,1.704202153563814,normal,,0
2023-04-19 00:00:00+00:00,0.0,0.0,0.0,-0.20833171859030938,0.006467260461622053,1.7065256642517337,normal,,0
2023-04-20 00:00:00+00:00,0.0,0.0,0.0,-0.1331827874447385,0.006467260461622053,1.7074053748205649,normal,,0
2023-04-21 00:00:00+00:00,0.0,0.0,0.0,-0.38530605082202374,0.006467260461622053,1.7007564442599725,normal,,0
2023-04-24 00:00:00+00:00,0.0,0.0,0.0,-0.2394857292547782,0.006467260461622053,1.7031747682608471,normal,,0
2023-04-25 00:00:00+00:00,0.0,0.0,0.0,-0.5621436777521355,0.006467260461622053,1.6975941232825424,normal,,0
2023-04-26 00:00:00+00:00,0.0,0.0,0.0,-1.3960503104231607,0.006467260461622053,1.6865988219510828,normal,,0
2023-04-27 00:00:00+00:00,1.0,1.0,0.15278866191318988,-1.8334639429582784,0.006467260461622053,1.681521535448383,normal,,0
2023-04-28 00:00:00+00:00,0.0,1.0,0.15278866191318988,-1.6451953441655154,0.006467260461622053,1.6833703801447442,normal,,0
2023-05-01 00:00:00+00:00,0.0,1.0,0.15278866191318988,-0.4348354157136413,0.006467260461622053,1.6973411176245436,normal,,0
2023-05-02 00:00:00+00:00,0.0,1.0,0.15278866191318988,-1.6774970677440326,0.006467260461622053,1.6828669117173192,normal,,0
2023-05-03 00:00:00+00:00,0.0,1.0,0.15278866191318988,-2.4981704680409753,0.006467260461622053,1.673587030763032,normal,,0
2023-05-04 00:00:00+00:00,0.0,1.0,0.15278866191318988,-1.1582424392184034,0.006467260461622053,1.6876474286301266,normal,,0
2023-05-05 00:00:00+00:00,0.0,1.0,0.15278866191318988,-0.560893323021641,0.006467260461622053,1.6938810959264803,normal,,0
2023-05-08 00:00:00+00:00,0.0,1.0,0.15278866191318988,-1.0637923879286084,0.006467260461622053,1.6888535016131883,normal,,0
2023-05-09 00:00:00+00:00,0.0,1.0,0.15278866191318988,-1.4892452471913813,0.006467260461622053,1.684464779835439,normal,,0
2023-05-10 00:00:00+00:00,0.0,1.0,0.15278866191318988,-1.8499024612424304,0.006467260461622053,1.6804784383716815,normal,,0
2023-05-11 00:00:00+00:00,0.0,1.0,0.15278866191318988,-0.9904827451469864,0.006467260461622053,1.6882056985136482,normal,,0
2023-05-12 00:00:00+00:00,0.0,1.0,0.15278866191318988,-0.7501041078257678,0.006467260461622053,1.6902982539785203,normal,,0
2023-05-15 00:00:00+00:00,0.0,1.0,0.15278866191318988,0.21914461595281476,0.006467260461622053,1.6995604762141827,normal,,0
2023-05-16 00:00:00+00:00,0.0,1.0,0.15278866191318988,-0.4068550120252847,0.006467260461622053,1.693642753983406,normal,,0
2023-05-17 00:00:00+00:00,0.0,1.0,0.15278866191318988,-0.6472257701689292,0.006467260461622053,1.6913375107431894,normal,,0
2023-05-18 00:00:00+00:00,0.0,1.0,0.15278866191318988,-2.3312608213672337,0.006467260461622053,1.675534140872406,normal,,0
2023-05-19 00:00:00+00:00,0.0,1.0,0.15278866191318988,-2.0661218108437387,0.006467260461622053,1.6771156024395752,normal,,0
2023-05-22 00:00:00+00:00,0.0,1.0,0.15278866191318988,-2.31311187134241,0.006467260461622053,1.6737510513976668,normal,,0
2023-05-23 00:00:00+00:00,0.0,1.0,0.15278866191318988,-0.799876411502646,0.006467260461622053,1.6884661153999603,normal,,0
2023-05-24 00:00:00+00:00,0.0,1.0,0.15278866191318988,-1.2856829125269131,0.006467260461622053,1.6830938452242252,normal,,0
2023-05-25 00:00:00+00:00,0.0,1.0,0.15278866191318988,-1.9977679536632564,0.006467260461622053,1.6751783903548865,normal,,0
2023-05-26 00:00:00+00:00,0.0,1.0,0.15278866191318988,-1.610363745824635,0.006467260461622053,1.6785595923937593,normal,,0
2023-05-30 00:00:00+00:00,0.0,1.0,0.15278866191318988,-1.3736301583922987,0.006467260461622053,1.6807557978873287,normal,,0
2023-05-31 00:00:00+00:00,0.0,1.0,0.15278866191318988,-1.7020621912558314,0.006467260461622053,1.6764711973200077,normal,,0
2023-06-01 00:00:00+00:00,0.0,1.0,0.15278866191318988,-1.5091676584682165,0.006467260461622053,1.6779202669198408,normal,,0
2023-06-02 00:00:00+00:00,2.0,0.0,0.0,-0.6146805514210276,0.006467260461622053,1.687974543466019,normal,mean_reversion,0
2023-06-05 00:00:00+00:00,0.0,0.0,0.0,-0.5945862865275492,0.006467260461622053,1.6879702084090162,normal,,0
2023-06-06 00:00:00+00:00,0.0,0.0,0.0,-1.000069745108687,0.006467260461622053,1.6829754343976902,normal,,0
2023-06-07 00:00:00+00:00,0.0,0.0,0.0,-0.22829415660324062,0.006467260461622053,1.692016460779413,normal,,0
2023-06-08 00:00:00+00:00,0.0,0.0,0.0,-0.2705516289097245,0.006467260461622053,1.6914031722736107,normal,,0
2023-06-09 00:00:00+00:00,0.0,0.0,0.0,0.15029442768271425,0.006467260461622053,1.6962312290729695,normal,,0
2023-06-12 00:00:00+00:00,0.0,0.0,0.0,-0.3244649469323858,0.006467260461622053,1.6904397731911778,normal,,0
2023-06-13 00:00:00+00:00,0.0,0.0,0.0,0.4548524335809352,0.006467260461622053,1.6993988377010076,normal,,0
2023-06-14 00:00:00+00:00,0.0,0.0,0.0,0.37243550731577324,0.006467260461622053,1.6983068685280913,normal,,0
2023-06-15 00:00:00+00:00,0.0,0.0,0.0,0.8088480410100233,0.006467260461622053,1.7033514320051233,normal,,0
2023-06-16 00:00:00+00:00,0.0,0.0,0.0,0.45104094584680904,0.006467260461622053,1.6992277978282746,normal,,0
2023-06-20 00:00:00+00:00,0.0,0.0,0.0,-0.02279447435159373,0.006467260461622053,1.693713022436059,normal,,0
2023-06-21 00:00:00+00:00,0.0,0.0,0.0,-0.07250261910987657,0.006467260461622053,1.6931074065545584,normal,,0
2023-06-22 00:00:00+00:00,0.0,0.0,0.0,-0.9749939617702951,0.006467260461622053,1.6823651244603002,normal,,0
2023-06-23 00:00:00+00:00,0.0,0.0,0.0,-1.0876462749909765,0.006467260461622053,1.6806921328802504,normal,,0
2023-06-26 00:00:00+00:00,0.0,0.0,0.0,-1.1035915706688082,0.006467260461622053,1.680080367611383,normal,,0
2023-06-27 00:00:00+00:00,0.0,0.0,0.0,-0.8846210322268078,0.006467260461622053,1.6823036982430808,normal,,0
2023-06-28 00:00:00+00:00,0.0,0.0,0.0,-0.7435657248105866,0.006467260461622053,1.6836348212840178,normal,,0
2023-06-29 00:00:00+00:00,0.0,0.0,0.0,-0.8277166113940178,0.006467260461622053,1.6823243262795056,normal,,0
2023-06-30 00:00:00+00:00,0.0,0.0,0.0,-0.5389685569513916,0.006467260461622053,1.6853877576738947,normal,,0
2023-07-03 00:00:00+00:00,0.0,0.0,0.0,-0.62622848684042,0.006158582466750446,1.715052478437185,normal,,0
2023-07-05 00:00:00+00:00,0.0,0.0,0.0,-0.5795671757839213,0.006158582466750446,1.7153425323533216,normal,,0
2023-07-06 00:00:00+00:00,0.0,0.0,0.0,-0.4185855066629226,0.006158582466750446,1.7170069134144121,normal,,0
2023-07-07 00:00:00+00:00,0.0,0.0,0.0,0.20326965419058626,0.006158582466750446,1.7239649672331683,normal,,0
2023-07-10 00:00:00+00:00,0.0,0.0,0.0,-0.06348762233700188,0.006158582466750446,1.7206451429546727,normal,,0
2023-07-11 00:00:00+00:00,0.0,0.0,0.0,0.7928087202025309,0.006158582466750446,1.729910714763788,normal,,0
2023-07-12 00:00:00+00:00,0.0,0.0,0.0,1.4943114108057236,0.006158582466750446,1.7364491470148011,normal,,0
2023-07-13 00:00:00+00:00,-1.0,-1.0,0.14003392106410437,1.6804070527692523,0.006158582466750446,1.7369628702134912,normal,,0
2023-07-14 00:00:00+00:00,0.0,-1.0,0.14003392106410437,1.716780179921459,0.006158582466750446,1.7360509776189876,normal,,0
2023-07-17 00:00:00+00:00,0.0,-1.0,0.14003392106410437,1.2873738092361566,0.006158582466750446,1.7320966305748628,normal,,0
2023-07-18 00:00:00+00:00,0.0,-1.0,0.14003392106410437,1.9673740518533183,0.006158582466750446,1.7379653879343562,normal,,0
2023-07-19 00:00:00+00:00,0.0,-1.0,0.14003392106410437,1.8191834566380556,0.006158582466750446,1.7365474060795139,normal,,0
2023-07-20 00:00:00+00:00,0.0,-1.0,0.14003392106410437,1.8743229333695208,0.006158582466750446,1.7373320932661915,normal,,0
2023-07-21 00:00:00+00:00,0.0,-1.0,0.14003392106410437,3.1868408418038454,0.006158582466750446,1.7496483722600913,normal,,0
2023-07-24 00:00:00+00:00,0.0,-1.0,0.14003392106410437,3.707165734771264,0.006158582466750446,1.7573598168614444,normal,,0
2023-07-25 00:00:00+00:00,0.0,-1.0,0.14003392106410437,3.556332004085727,0.006158582466750446,1.7603290903237707,normal,,0
2023-07-26 00:00:00+00:00,0.0,-1.0,0.14003392106410437,2.8173772250328777,0.006158582466750446,1.7559418613682372,normal,,0
2023-07-27 00:00:00+00:00,0.0,-1.0,0.14003392106410437,1.3104763853670576,0.006158582466750446,1.7394175816673796,normal,,0
2023-07-28 00:00:00+00:00,0.0,-1.0,0.14003392106410437,1.9476312902813508,0.006158582466750446,1.7480562938354147,normal,,0
2023-07-31 00:00:00+00:00,0.0,-1.0,0.14003392106410437,2.5378479268320615,0.006158582466750446,1.7571516166427479,normal,,0
2023-08-01 00:00:00+00:00,0.0,-1.0,0.14003392106410437,2.0206242454422534,0.006158582466750446,1.7520832218281148,normal,,0
2023-08-02 00:00:00+00:00,0.0,-1.0,0.14003392106410437,1.4740298146217188,0.006158582466750446,1.7457646412056582,normal,,0
2023-08-03 00:00:00+00:00,0.0,-1.0,0.14003392106410437,0.47528961481644977,0.006158582466750446,1.732051027204471,normal,,0
2023-08-04 00:00:00+00:00,0.0,-1.0,0.14003392106410437,0.2646285130654624,0.006158582466750446,1.729210460115696,normal,,0
2023-08-07 00:00:00+00:00,0.0,-1.0,0.14003392106410437,0.5679746291502558,0.006158582466750446,1.7337975198209632,normal,,0
2023-08-08 00:00:00+00:00,0.0,-1.0,0.14003392106410437,0.12908776878684852,0.006158582466750446,1.727832144345748,normal,,0
2023-08-09 00:00:00+00:00,0.0,-1.0,0.14003392106410437,-0.587195185343818,0.006158582466750446,1.717727768907678,normal,,0
2023-08-10 00:00:00+00:00,0.0,-1.0,0.14003392106410437,-0.4557374750750887,0.006158582466750446,1.719538333910931,normal,,0
2023-08-11 00:00:00+00:00,0.0,-1.0,0.14003392106410437,0.22490546311156853,0.006158582466750446,1.729115690835302,normal,,0
2023-08-14 00:00:00+00:00,0.0,-1.0,0.14003392106410437,0.1515741800567435,0.006158582466750446,1.7281441878918042,normal,,0
2023-08-15 00:00:00+00:00,2.0,0.0,0.0,-0.16019676367588587,0.006158582466750446,1.7237709630451459,normal,mean_reversion,0
2023-08-16 00:00:00+00:00,0.0,0.0,0.0,0.40978786105305487,0.006158582466750446,1.732141668095947,normal,,0
2023-08-17 00:00:00+00:00,0.0,0.0,0.0,-0.07685641042651029,0.006158582466750446,1.725689672970932,normal,,0
2023-08-18 00:00:00+00:00,0.0,0.0,0.0,-0.48534615089244953,0.006158582466750446,1.720501181651048,normal,,0
2023-08-21 00:00:00+00:00,0.0,0.0,0.0,-0.060587476239644444,0.006158582466750446,1.7263048041952507,normal,,0
2023-08-22 00:00:00+00:00,0.0,0.0,0.0,-0.4303080685493872,0.006158582466750446,1.721522840483932,normal,,0
2023-08-23 00:00:00+00:00,0.0,0.0,0.0,0.19064200580667937,0.006158582466750446,1.7301136642152564,normal,,0
2023-08-24 00:00:00+00:00,0.0,0.0,0.0,-0.12188975148587547,0.006158582466750446,1.7263489850605214,normal,,0
2023-08-25 00:00:00+00:00,0.0,0.0,0.0,-0.6193046087383731,0.006158582466750446,1.7202296634370944,normal,,0
2023-08-28 00:00:00+00:00,0.0,0.0,0.0,-0.488394904238604,0.006158582466750446,1.722254064298622,normal,,0
2023-08-29 00:00:00+00:00,0.0,0.0,0.0,-0.9636853582490511,0.006158582466750446,1.716730355415819,normal,,0
2023-08-30 00:00:00+00:00,0.0,0.0,0.0,-1.4568894358277122,0.006158582466750446,1.7105596767998614,normal,,0
2023-08-31 00:00:00+00:00,0.0,0.0,0.0,-1.1342367953228838,0.006158582466750446,1.7142393267830611,normal,,0
2023-09-01 00:00:00+00:00,0.0,0.0,0.0,-0.722454854054554,0.006158582466750446,1.7194112187079993,normal,,0
2023-09-05 00:00:00+00:00,0.0,0.0,0.0,0.35590611997853283,0.006158582466750446,1.7328706235961717,normal,,0
2023-09-06 00:00:00+00:00,0.0,0.0,0.0,0.0117028712743299,0.006158582466750446,1.7287205978134974,normal,,0
2023-09-07 00:00:00+00:00,0.0,0.0,0.0,0.16405210267684858,0.006158582466750446,1.7306575572860754,normal,,0
2023-09-08 00:00:00+00:00,0.0,0.0,0.0,-0.4255866515913972,0.006158582466750446,1.723427388862329,normal,,0
2023-09-11 00:00:00+00:00,0.0,0.0,0.0,-1.2180264873213769,0.006158582466750446,1.7133740370784598,normal,,0
2023-09-12 00:00:00+00:00,1.0,1.0,0.12750020570241805,-1.5300024684290165,0.006158582466750446,1.7089662511283135,normal,,0
2023-09-13 00:00:00+00:00,0.0,1.0,0.12750020570241805,-1.1828319536753409,0.006158582466750446,1.7126893092061017,normal,,0
2023-09-14 00:00:00+00:00,0.0,1.0,0.12750020570241805,-1.534288071492071,0.006158582466750446,1.7076400004541465,normal,,0
2023-09-15 00:00:00+00:00,0.0,1.0,0.12750020570241805,-1.0985854126283785,0.006158582466750446,1.7127747557544053,normal,,0
2023-09-18 00:00:00+00:00,0.0,1.0,0.12750020570241805,-1.1053426202362142,0.006158582466750446,1.712360425985251,normal,,0
2023-09-19 00:00:00+00:00,0.0,1.0,0.12750020570241805,-1.0146422616505886,0.006158582466750446,1.7135523668075034,normal,,0
2023-09-20 00:00:00+00:00,0.0,1.0,0.12750020570241805,-0.9081733126760407,0.006158582466750446,1.7150566442998363,normal,,0
2023-09-21 00:00:00+00:00,0.0,1.0,0.12750020570241805,-0.652023452420084,0.006158582466750446,1.7186063750299772,normal,,0
2023-09-22 00:00:00+00:00,0.0,1.0,0.12750020570241805,-0.33780453766854435,0.006158582466750446,1.7229119132144777,normal,,0
2023-09-25 00:00:00+00:00,0.0,1.0,0.12750020570241805,0.0723436801703995,0.006158582466750446,1.7284768532456027,normal,,0
2023-09-26 00:00:00+00:00,0.0,1.0,0.12750020570241805,-0.3038395956944438,0.006158582466750446,1.723824816351942,normal,,0
2023-09-27 00:00:00+00:00,0.0,1.0,0.12750020570241805,-0.647413375600313,0.006158582466750446,1.7195269003571685,normal,,0
2023-09-28 00:00:00+00:00,0.0,1.0,0.12750020570241805,-0.529424676293322,0.006158582466750446,1.7211612555580325,normal,,0
2023-09-29 00:00:00+00:00,0.0,1.0,0.12750020570241805,-0.6298609332191728,0.006158582466750446,1.720012274427574,normal,,0
2023-10-02 00:00:00+00:00,0.0,0.0,0.0,-0.5838623304492218,0.005874360148982813,1.7416863247018592,normal,,0
2023-10-03 00:00:00+00:00,0.0,0.0,0.0,-0.5633573338797556,0.005874360148982813,1.7418831364228677,normal,,0
2023-10-04 00:00:00+00:00,0.0,0.0,0.0,-0.2339577337725365,0.005874360148982813,1.7460597812385412,normal,,0
2023-10-05 00:00:00+00:00,-1.0,-1.0,0.12545402206654835,1.5054482647985803,0.005874966680148594,1.7679833026621172,normal,,1
2023-10-06 00:00:00+00:00,0.0,-1.0,0.12545402206654835,1.659378644156978,0.005874728029037876,1.7704311079559627,normal,,0
2023-10-09 00:00:00+00:00,0.0,-1.0,0.12545402206654835,1.6841156293632713,0.005874583279701478,1.7713779315637255,normal,,0
2023-10-10 00:00:00+00:00,0.0,-1.0,0.12545402206654835,2.072219469666371,0.0058744954847177264,1.777274346253646,normal,,0
2023-10-11 00:00:00+00:00,0.0,-1.0,0.12545402206654835,1.3757573763298372,0.005874442234323882,1.7690168711068521,normal,,0
2023-10-12 00:00:00+00:00,0.0,-1.0,0.12545402206654835,1.2288034691375944,0.005874409936300425,1.7673742331715636,normal,,0
2023-10-13 00:00:00+00:00,0.0,-1.0,0.12545402206654835,0.9105197068625633,0.0058743903465426055,1.7632218687806334,normal,,0
2023-10-16 00:00:00+00:00,0.0,-1.0,0.12545402206654835,1.2954630782300451,0.005874378464743958,1.7688399821188674,normal,,0
2023-10-17 00:00:00+00:00,0.0,-1.0,0.12545402206654835,1.6834202051299267,0.005874371258062772,1.7742739865381871,normal,,0
2023-10-18 00:00:00+00:00,0.0,-1.0,0.12545402206654835,1.472416954110352,0.005874366886986032,1.7710414642030123,normal,,0
2023-10-19 00:00:00+00:00,0.0,-1.0,0.12545402206654835,1.524880486370297,0.00587436423579176,1.771129780690527,normal,,0
2023-10-20 00:00:00+00:00,0.0,-1.0,0.12545402206654835,1.5377305648224195,0.005874362627759809,1.770961831448898,normal,,0
2023-10-23 00:00:00+00:00,0.0,-1.0,0.12545402206654835,-0.11531931335820537,0.005874361652438314,1.7486619803648025,normal,,0
2023-10-24 00:00:00+00:00,0.0,-1.0,0.12545402206654835,-1.781787808131503,0.00587436106087543,1.725728489673592,normal,,0
2023-10-25 00:00:00+00:00,0.0,-1.0,0.12545402206654835,-2.3786622964657154,0.005874360702074106,1.7171249531016626,normal,,0
2023-10-26 00:00:00+00:00,0.0,-1.0,0.12545402206654835,-2.005569895567071,0.00587436048444992,1.7207027301759803,normal,,0
2023-10-27 00:00:00+00:00,0.0,-1.0,0.12545402206654835,-5.990992399952164,0.005874966883619849,1.6640692240944555,normal,,1
2023-10-30 00:00:00+00:00,0.0,-1.0,0.12545402206654835,-4.249786439321664,0.005874728152449534,1.6712811451584866,normal,,0
2023-10-31 00:00:00+00:00,0.0,-1.0,0.12545402206654835,-3.898548206329388,0.005874583354554494,1.6665575260026162,normal,,0
2023-11-01 00:00:00+00:00,0.0,-1.0,0.12545402206654835,-3.670984483351642,0.005874495530118414,1.66104423136102,normal,,0
2023-11-02 00:00:00+00:00,0.0,-1.0,0.12545402206654835,-2.873624998131246,0.005874442261860814,1.6706036009313494,normal,,0
2023-11-03 00:00:00+00:00,0.0,-1.0,0.12545402206654835,-2.5725632726179395,0.005874409953002433,1.6726777379342312,normal,,0
2023-11-06 00:00:00+00:00,0.0,-1.0,0.12545402206654835,-2.1543089900654424,0.005874390356672894,1.679523627641554,normal,,0
2023-11-07 00:00:00+00:00,2.0,0.0,0.0,-2.2738165974122473,0.005874378470888293,1.6727228229684847,normal,profit_target,0
2023-11-08 00:00:00+00:00,1.0,1.0,0.19475842256595163,-2.3371010707914195,0.005874371261789503,1.666884082724776,normal,,0
2023-11-09 00:00:00+00:00,0.0,1.0,0.19475842256595163,-2.27593500622875,0.00587436688924641,1.6644329044073194,normal,,0
2023-11-10 00:00:00+00:00,0.0,1.0,0.19475842256595163,-2.109290194526235,0.00587436423716275,1.6655712048813949,normal,,0
2023-11-13 00:00:00+00:00,0.0,1.0,0.19475842256595163,-1.9968424608156672,0.005874362628591356,1.6656062966556577,normal,,0
2023-11-14 00:00:00+00:00,0.0,1.0,0.19475842256595163,-1.5697650438074597,0.005874361652942674,1.6770222969779884,normal,,0
2023-11-15 00:00:00+00:00,0.0,1.0,0.19475842256595163,-1.3071190490042073,0.005874361061181341,1.6841373902280838,normal,,0
2023-11-16 00:00:00+00:00,0.0,1.0,0.19475842256595163,-1.7272373664515872,0.005874360702259649,1.6675134240547766,normal,,0
2023-11-17 00:00:00+00:00,0.0,1.0,0.19475842256595163,-1.6362743703072826,0.005874360484562458,1.6681375051999305,normal,,0
2023-11-20 00:00:00+00:00,0.0,1.0,0.19475842256595163,-1.5104466584602454,0.005874360352522327,1.6703455065890296,normal,,0
2023-11-21 00:00:00+00:00,0.0,1.0,0.19475842256595163,-1.5306943688284902,0.005874360272435871,1.6674170945583717,normal,,0
2023-11-22 00:00:00+00:00,0.0,1.0,0.19475842256595163,-1.3350730553541719,0.0058743602238609405,1.6727013633516878,normal,,0
2023-11-24 00:00:00+00:00,0.0,1.0,0.19475842256595163,-1.2597244655662834,0.005874360194398731,1.6738666439287666,normal,,0
2023-11-27 00:00:00+00:00,0.0,1.0,0.19475842256595163,-1.184607759310996,0.005874360176528983,1.6752573323649278,normal,,0
2023-11-28 00:00:00+00:00,0.0,1.0,0.19475842256595163,-0.9853852005671531,0.0058743601656904235,1.6817384903005794,normal,,0
2023-11-29 00:00:00+00:00,0.0,1.0,0.19475842256595163,-0.98718051779261,0.0058743601591165,1.680452440738327,normal,,0
2023-11-30 00:00:00+00:00,0.0,1.0,0.19475842256595163,-1.0996132184644916,0.00587436015512921,1.6746164837525597,normal,,0
2023-12-01 00:00:00+00:00,0.0,1.0,0.19475842256595163,-0.8135001407222404,0.005874360152710795,1.6847523794126262,normal,,0
2023-12-04 00:00:00+00:00,0.0,1.0,0.19475842256595163,-0.723302060556384,0.00587436015124395,1.687315098510548,normal,,0
2023-12-05 00:00:00+00:00,0.0,1.0,0.19475842256595163,-0.6798612475647138,0.005874360150354263,1.6881176168450023,normal,,0
2023-12-06 00:00:00+00:00,0.0,1.0,0.19475842256595163,-0.5199825427217444,0.00587436014981464,1.6937840776746604,normal,,0
2023-12-07 00:00:00+00:00,0.0,1.0,0.19475842256595163,-0.3860644730786727,0.005874360149487342,1.6985993705182216,normal,,0
2023-12-08 00:00:00+00:00,0.0,1.0,0.19475842256595163,-0.2089202300250771,0.0058743601492888264,1.7052179008756516,normal,,0
2023-12-11 00:00:00+00:00,0.0,1.0,0.19475842256595163,-0.25536849831618563,0.005874360149168419,1.7029456425569358,normal,,0
2023-12-12 00:00:00+00:00,2.0,0.0,0.0,-0.23987741024173198,0.005874360149095389,1.703073789929395,normal,mean_reversion,0
2023-12-13 00:00:00+00:00,0.0,0.0,0.0,-0.024952377772187805,0.005874360149051094,1.7112722141471957,normal,,0
2023-12-14 00:00:00+00:00,0.0,0.0,0.0,0.393795833027268,0.005874360149024228,1.7277680790534404,normal,,0
2023-12-15 00:00:00+00:00,0.0,0.0,0.0,0.4901769855032849,0.005874360149007932,1.7314778226416734,normal,,0
2023-12-18 00:00:00+00:00,0.0,0.0,0.0,0.33440537042926133,0.005874360148998049,1.72504240232422,normal,,0
2023-12-19 00:00:00+00:00,0.0,0.0,0.0,0.453816618671454,0.005874360148992054,1.7294377401999528,normal,,0
2023-12-20 00:00:00+00:00,0.0,0.0,0.0,0.5358423494075525,0.005874360148988418,1.7322487882993216,normal,,0
2023-12-21 00:00:00+00:00,0.0,0.0,0.0,0.5241890768377027,0.005874360148986213,1.731493411927174,normal,,0
2023-12-22 00:00:00+00:00,0.0,0.0,0.0,0.5653908089142321,0.005874360148984875,1.732910027960549,normal,,0
2023-12-26 00:00:00+00:00,0.0,0.0,0.0,0.7836774689557001,0.005874360148984064,1.7412816335414623,normal,,0
2023-12-27 00:00:00+00:00,0.0,0.0,0.0,0.7200494253769658,0.005874360148983572,1.7387774174448163,normal,,0
2023-12-28 00:00:00+00:00,0.0,0.0,0.0,0.6695451046488374,0.005874360148983273,1.7367154987843532,normal,,0
2023-12-29 00:00:00+00:00,0.0,0.0,0.0,0.555368632858302,0.005874360148983093,1.7321025269051935,normal,,0
2024-01-02 00:00:00+00:00,0.0,0.0,0.0,0.22330226099826697,0.009569687282581152,1.7583110201185441,normal,,0
2024-01-03 00:00:00+00:00,0.0,0.0,0.0,0.6147175312904422,0.009569484218491802,1.772388157482513,normal,,0
2024-01-04 00:00:00+00:00,0.0,0.0,0.0,0.5091578068785677,0.009569281186552911,1.7673300505413612,normal,,0
2024-01-05 00:00:00+00:00,0.0,0.0,0.0,0.44967241605307445,0.00956907818675939,1.7639751589544335,normal,,0
2024-01-08 00:00:00+00:00,0.0,0.0,0.0,0.6190433892259622,0.009568875219106147,1.7686756449399752,normal,,0
2024-01-09 00:00:00+00:00,0.0,0.0,0.0,0.1881784279439717,0.009568672283588094,1.7524063072114004,normal,,0
2024-01-10 00:00:00+00:00,0.0,0.0,0.0,0.16900514359570531,0.009568469380200145,1.7506688263935692,normal,,0
2024-01-11 00:00:00+00:00,0.0,0.0,0.0,0.316551243187473,0.009568266508937212,1.7545590304227305,normal,,0
2024-01-12 00:00:00+00:00,0.0,0.0,0.0,0.518487583199446,0.009568063669794208,1.7598202769463933,normal,,0
2024-01-16 00:00:00+00:00,0.0,0.0,0.0,0.3125315491106251,0.009567860862766047,1.751872631599547,normal,,0
2024-01-17 00:00:00+00:00,0.0,0.0,0.0,0.3996606024202768,0.009567658087847646,1.7530474172580224,normal,,0
2024-01-18 00:00:00+00:00,0.0,0.0,0.0,0.20339846819875396,0.009567455345033919,1.7459836499736263,normal,,0
2024-01-19 00:00:00+00:00,0.0,0.0,0.0,0.27246749220584715,0.009567252634319784,1.7464210541295424,normal,,0
2024-01-22 00:00:00+00:00,0.0,0.0,0.0,0.4498579574952305,0.00956704995570016,1.7500871766861885,normal,,0
2024-01-23 00:00:00+00:00,0.0,0.0,0.0,0.04364411424070849,0.009566847309169967,1.7393314258297425,normal,,0
2024-01-24 00:00:00+00:00,0.0,0.0,0.0,0.34776357085283727,0.00956664469472412,1.7467906530685928,normal,,0
2024-01-25 00:00:00+00:00,0.0,0.0,0.0,0.6242351581161472,0.009566442112357541,1.7535265010703371,normal,,0
2024-01-26 00:00:00+00:00,0.0,0.0,0.0,0.5163134795634678,0.009566239562065152,1.7514555299083345,normal,,0
2024-01-29 00:00:00+00:00,0.0,0.0,0.0,0.4552974083703345,0.009566037043841874,1.7505070274927497,normal,,0
2024-01-30 00:00:00+00:00,0.0,0.0,0.0,0.23357731044312316,0.00956583455768263,1.7456597772452969,normal,,0
2024-01-31 00:00:00+00:00,0.0,0.0,0.0,-0.023473388377742425,0.009565632103582342,1.7401275170759707,normal,,0
2024-02-01 00:00:00+00:00,0.0,0.0,0.0,0.189854829719735,0.009565429681535936,1.7456689439863413,normal,,0
2024-02-02 00:00:00+00:00,-1.0,-1.0,0.1365812388470268,1.6389748661643218,0.009723541416366669,1.779961000028318,normal,,1
2024-02-05 00:00:00+00:00,0.0,-1.0,0.1365812388470268,1.702308163407151,0.009723313993066321,1.7829971710203094,normal,,0
2024-02-06 00:00:00+00:00,0.0,-1.0,0.1365812388470268,1.4428015346664498,0.009723086605773144,1.778352093554397,normal,,0
2024-02-07 00:00:00+00:00,0.0,-1.0,0.1365812388470268,1.3699678330827485,0.009722859254481436,1.777659285905965,normal,,0
2024-02-08 00:00:00+00:00,0.0,-1.0,0.1365812388470268,1.3641394661900568,0.009722631939185501,1.7783888811097825,normal,,0
2024-02-09 00:00:00+00:00,0.0,-1.0,0.1365812388470268,1.1186184486559956,0.009722404659879636,1.7735333105358224,normal,,0
2024-02-12 00:00:00+00:00,0.0,-1.0,0.1365812388470268,0.9626577129554296,0.009722177416558144,1.7706271019048598,normal,,0
2024-02-13 00:00:00+00:00,0.0,-1.0,0.1365812388470268,1.0223062528274174,0.009721950209215327,1.7726533051528683,normal,,0
2024-02-14 00:00:00+00:00,0.0,-1.0,0.1365812388470268,1.3534991819613522,0.009721723037845492,1.7808328872838821,normal,,0
2024-02-15 00:00:00+00:00,0.0,-1.0,0.1365812388470268,1.429834402726625,0.009721495902442938,1.783196526729418,normal,,0
2024-02-16 00:00:00+00:00,0.0,-1.0,0.1365812388470268,1.4167966452952825,0.009721268803001976,1.7835966634531601,normal,,0
2024-02-20 00:00:00+00:00,0.0,-1.0,0.1365812388470268,1.564094130235454,0.00972104173951691,1.787389100250866,normal,,0
2024-02-21 00:00:00+00:00,0.0,-1.0,0.1365812388470268,1.2257604317051871,0.009720814711982044,1.7809317656946937,normal,,0
2024-02-22 00:00:00+00:00,0.0,-1.0,0.1365812388470268,1.2077896186524497,0.009720587720391692,1.7810485580688775,normal,,0
2024-02-23 00:00:00+00:00,0.0,-1.0,0.1365812388470268,1.3053890713911116,0.00972036076474016,1.7833935756971822,normal,,0
2024-02-26 00:00:00+00:00,0.0,-1.0,0.1365812388470268,0.6581414637548441,0.009720133845021756,1.7714731115652245,normal,,0
2024-02-27 00:00:00+00:00,0.0,-1.0,0.1365812388470268,0.28304686428303827,0.009719906961230795,1.764996562367275,normal,,0
2024-02-28 00:00:00+00:00,0.0,-1.0,0.1365812388470268,0.18650233083574025,0.009719680113361585,1.7638276219374758,normal,,0
2024-02-29 00:00:00+00:00,0.0,-1.0,0.1365812388470268,-0.07911460497719922,0.009719453301408441,1.7600409189257284,normal,,0
2024-03-01 00:00:00+00:00,0.0,-1.0,0.1365812388470268,-0.28189408577872727,0.009719226525365676,1.7574756829745812,normal,,0
2024-03-04 00:00:00+00:00,0.0,-1.0,0.1365812388470268,-1.4042444429209788,0.009718999785227604,1.741107826324328,normal,,0
2024-03-05 00:00:00+00:00,0.0,-1.0,0.1365812388470268,-1.651789564949196,0.00971877308098854,1.7383073348194071,normal,,0
2024-03-06 00:00:00+00:00,0.0,-1.0,0.1365812388470268,-2.8325301322150747,0.009718546412642803,1.721449315807182,normal,,0
2024-03-07 00:00:00+00:00,2.0,0.0,0.0,-2.5212097229816544,0.009718319780184706,1.724190634749312,normal,profit_target,0
2024-03-08 00:00:00+00:00,1.0,1.0,0.21299385055816455,-2.5559262066979747,0.00971809318360857,1.721749594978423,normal,,0
2024-03-11 00:00:00+00:00,0.0,1.0,0.21299385055816455,-1.8183124314083832,0.009717866622908711,1.7319157302387853,normal,,0
2024-03-12 00:00:00+00:00,0.0,1.0,0.21299385055816455,-1.7197769614017673,0.009717640098079452,1.7329297926912468,normal,,0
2024-03-13 00:00:00+00:00,0.0,1.0,0.21299385055816455,-1.1576112510212586,0.009717413609115112,1.7416371348938675,normal,,0
2024-03-14 00:00:00+00:00,0.0,1.0,0.21299385055816455,-1.1716900190546768,0.009717187156010014,1.7407725090596555,normal,,0
2024-03-15 00:00:00+00:00,0.0,1.0,0.21299385055816455,-1.0823087454536047,0.009716960738758478,1.7416565461283686,normal,,0
2024-03-18 00:00:00+00:00,0.0,1.0,0.21299385055816455,-1.5809761164342933,0.009716734357354831,1.7323567988698847,normal,,0
2024-03-19 00:00:00+00:00,0.0,1.0,0.21299385055816455,-1.3575716483204088,0.009716508011793395,1.7352325156353952,normal,,0
2024-03-20 00:00:00+00:00,0.0,1.0,0.21299385055816455,-1.858335755195732,0.009716281702068494,1.7253117172041788,normal,,0
2024-03-21 00:00:00+00:00,0.0,1.0,0.21299385055816455,-2.0218726041578567,0.009716055428174457,1.720708412897006,normal,,0
2024-03-22 00:00:00+00:00,0.0,1.0,0.21299385055816455,-1.8889684098648525,0.009715829190105609,1.7213220779272085,normal,,0
2024-03-25 00:00:00+00:00,0.0,1.0,0.21299385055816455,-1.6197741537230403,0.00971560298785628,1.724963101987699,normal,,0
2024-03-26 00:00:00+00:00,0.0,1.0,0.21299385055816455,-1.7262796560919735,0.009715376821420795,1.7216729037612053,normal,,0
2024-03-27 00:00:00+00:00,0.0,1.0,0.21299385055816455,-1.6318305540833478,0.009715150690793487,1.7221442699901766,normal,,0
2024-03-28 00:00:00+00:00,0.0,1.0,0.21299385055816455,-1.5000356135628632,0.009714924595968687,1.723476586701814,normal,,0
2024-04-01 00:00:00+00:00,0.0,0.0,0.0,-1.2035373151818685,0.011162027830955283,1.7602744561424943,normal,,0
2024-04-02 00:00:00+00:00,1.0,1.0,0.12703439985015869,-1.5244127982019042,0.011159888190488399,1.7529054775852342,normal,,0
2024-04-03 00:00:00+00:00,0.0,1.0,0.12703439985015869,-1.261633681278724,0.011157749580661125,1.7571282951112388,normal,,0
2024-04-04 00:00:00+00:00,0.0,1.0,0.12703439985015869,-1.2115673358019738,0.011155612000977012,1.757274621711475,normal,,0
2024-04-05 00:00:00+00:00,0.0,1.0,0.12703439985015869,-1.5079079813980392,0.011153475450939853,1.7501848942446032,normal,,0
2024-04-08 00:00:00+00:00,0.0,1.0,0.12703439985015869,-1.2283820062248685,0.011151339930053678,1.7550182239396,normal,,0
2024-04-09 00:00:00+00:00,0.0,1.0,0.12703439985015869,-1.25286587951216,0.011149205437822758,1.7537114119561479,normal,,0
2024-04-10 00:00:00+00:00,0.0,1.0,0.12703439985015869,-1.260706014940825,0.011147071973751602,1.7526655203630583,normal,,0
2024-04-11 00:00:00+00:00,0.0,1.0,0.12703439985015869,-1.3638085629350138,0.011144939537344956,1.749435097021792,normal,,0
2024-04-12 00:00:00+00:00,0.0,1.0,0.12703439985015869,-1.8208362844776158,0.01114280812810781,1.7381253116017792,normal,,0
2024-04-15 00:00:00+00:00,0.0,1.0,0.12703439985015869,-1.8403834453284813,0.011140677745545386,1.7358102146739127,normal,,0
2024-04-16 00:00:00+00:00,0.0,1.0,0.12703439985015869,-2.08849965066812,0.011138548389163146,1.728041573776832,normal,,0
2024-04-17 00:00:00+00:00,0.0,1.0,0.12703439985015869,-1.767991652297744,0.011136420058466791,1.7333330705526389,normal,,0
2024-04-18 00:00:00+00:00,0.0,1.0,0.12703439985015869,-1.3961900146334023,0.011134292752962262,1.7408149413373675,normal,,0
2024-04-19 00:00:00+00:00,0.0,1.0,0.12703439985015869,-1.1252396851297326,0.011132166472155735,1.7467096750380948,normal,,0
2024-04-22 00:00:00+00:00,0.0,1.0,0.12703439985015869,-0.7081669977052433,0.011130041215553627,1.7566906278964196,normal,,0
2024-04-23 00:00:00+00:00,0.0,1.0,0.12703439985015869,-0.6172856530553611,0.011127916982662587,1.7585279503455404,normal,,0
2024-04-24 00:00:00+00:00,0.0,1.0,0.12703439985015869,-0.4048713939154139,0.011125793772989508,1.7636148321577299,normal,,0
2024-04-25 00:00:00+00:00,0.0,1.0,0.12703439985015869,-0.0744356967946066,0.011123671586041519,1.7719091136371223,normal,,0
2024-04-26 00:00:00+00:00,0.0,1.0,0.12703439985015869,0.9376807712369004,0.011121550421325982,1.7981800118813984,normal,,0
2024-04-29 00:00:00+00:00,0.0,1.0,0.12703439985015869,0.5415618405058121,0.011119430278350502,1.7884075470322567,normal,,0
2024-04-30 00:00:00+00:00,0.0,1.0,0.12703439985015869,-0.30469412475559626,0.01111731115662292,1.7663761325175393,normal,,0
2024-05-01 00:00:00+00:00,0.0,1.0,0.12703439985015869,-0.10112103141943647,0.011115193055651312,1.7710223995482686,normal,,0
2024-05-02 00:00:00+00:00,0.0,1.0,0.12703439985015869,0.011471746210799431,0.01111307597494399,1.7732042186578378,normal,,0
2024-05-03 00:00:00+00:00,2.0,0.0,0.0,-0.0015159957505822433,0.011110959914009505,1.7722660125498946,normal,mean_reversion,0
2024-05-06 00:00:00+00:00,0.0,0.0,0.0,0.3881235382566091,0.011108844872356647,1.7811426508567503,normal,,0
2024-05-07 00:00:00+00:00,0.0,0.0,0.0,0.678022421964042,0.011106730849494439,1.7873917074451269,normal,,0
2024-05-08 00:00:00+00:00,0.0,0.0,0.0,0.6584895760194629,0.011104617844932139,1.7864244671283442,normal,,0
2024-05-09 00:00:00+00:00,0.0,0.0,0.0,0.8232130160737556,0.011102505858179245,1.7898214490227669,normal,,0
2024-05-10 00:00:00+00:00,0.0,0.0,0.0,1.1163686256677616,0.011100394888745493,1.7961023080009295,normal,,0
2024-05-13 00:00:00+00:00,0.0,0.0,0.0,0.7501164044302518,0.01109828493614085,1.7871024957111201,normal,,0
2024-05-14 00:00:00+00:00,0.0,0.0,0.0,0.5899634367385626,0.011096175999875522,1.782636386829902,normal,,0
2024-05-15 00:00:00+00:00,0.0,0.0,0.0,0.28332086912774296,0.011094068079459951,1.7751499256210335,normal,,0
2024-05-16 00:00:00+00:00,0.0,0.0,0.0,-0.1087450282044911,0.011091961174404813,1.7662203025048084,normal,,0
2024-05-17 00:00:00+00:00,0.0,0.0,0.0,-0.01970159744839669,0.011089855284221021,1.7672617746330852,normal,,0
2024-05-20 00:00:00+00:00,0.0,0.0,0.0,-0.15799896034720765,0.011087750408419724,1.7639771281877628,normal,,0
2024-05-21 00:00:00+00:00,0.0,0.0,0.0,-0.34525766087100285,0.011085646546512305,1.7600646655472238,normal,,0
2024-05-22 00:00:00+00:00,0.0,0.0,0.0,-0.3545265731164436,0.011083543698010383,1.7594298170810525,normal,,0
2024-05-23 00:00:00+00:00,0.0,0.0,0.0,0.2007431640091208,0.011081441862425816,1.7679345281830505,normal,,0
2024-05-24 00:00:00+00:00,0.0,0.0,0.0,0.5324859217585823,0.011079341039270689,1.7725518791554724,normal,,0
2024-05-28 00:00:00+00:00,0.0,0.0,0.0,0.6302696448299195,0.011077241228057328,1.7735205905526832,normal,,0
2024-05-29 00:00:00+00:00,0.0,0.0,0.0,0.14499219504657881,0.011075142428298294,1.7658251918853436,normal,,0
2024-05-30 00:00:00+00:00,0.0,0.0,0.0,0.5732527724418797,0.011073044639506379,1.7720736634714505,normal,,0
2024-05-31 00:00:00+00:00,0.0,0.0,0.0,0.971987160186102,0.011070947861194617,1.7780562317373225,normal,,0
2024-06-03 00:00:00+00:00,0.0,0.0,0.0,0.1634521314693045,0.011068852092876266,1.7664385243294385,normal,,0
2024-06-04 00:00:00+00:00,0.0,0.0,0.0,0.19696260582081718,0.011066757334064826,1.7671065323374942,normal,,0
2024-06-05 00:00:00+00:00,0.0,0.0,0.0,-0.5155530785154397,0.01106466358427403,1.7567389893318692,normal,,0
2024-06-06 00:00:00+00:00,0.0,0.0,0.0,-0.4630555791098163,0.011062570843017844,1.7573852715839147,normal,,0
2024-06-07 00:00:00+00:00,0.0,0.0,0.0,0.2373510576475872,0.011060479109810471,1.7676911651194938,normal,,0
2024-06-10 00:00:00+00:00,0.0,0.0,0.0,0.2901092273894113,0.011058388384166342,1.7683668697903308,normal,,0
2024-06-11 00:00:00+00:00,0.0,0.0,0.0,0.5748512501263864,0.011056298665600128,1.7725053312078232,normal,,0
2024-06-12 00:00:00+00:00,0.0,0.0,0.0,0.16230075960825657,0.011054209953626732,1.7663649620203112,normal,,0
2024-06-13 00:00:00+00:00,0.0,0.0,0.0,-0.1274108696726792,0.011052122247761288,1.7621032076423373,normal,,0
2024-06-14 00:00:00+00:00,0.0,0.0,0.0,0.16286552622160835,0.011050035547519165,1.766316591842859,normal,,0
2024-06-17 00:00:00+00:00,0.0,0.0,0.0,0.7819101449403036,0.011047949852415969,1.7756198765335305,normal,,0
2024-06-18 00:00:00+00:00,0.0,0.0,0.0,0.3196890152260017,0.011045865161967535,1.7691598190279945,normal,,0
2024-06-20 00:00:00+00:00,0.0,0.0,0.0,0.7538332181846157,0.011043781475689934,1.7758007823456992,normal,,0
2024-06-21 00:00:00+00:00,0.0,0.0,0.0,0.5632285356318812,0.011041698793099467,1.7733213988597205,normal,,0
2024-06-24 00:00:00+00:00,0.0,0.0,0.0,0.87278931543445,0.011039617113712671,1.7781882990897433,normal,,0
2024-06-25 00:00:00+00:00,0.0,0.0,0.0,0.4320970697689593,0.011037536437046313,1.7720984485536273,normal,,0
2024-06-26 00:00:00+00:00,0.0,0.0,0.0,-0.7760026567271566,0.011035456762617395,1.7545658802881365,normal,,0
2024-06-27 00:00:00+00:00,0.0,0.0,0.0,-0.7266851992406916,0.011033378089943154,1.7551562815186292,normal,,0
2024-06-28 00:00:00+00:00,0.0,0.0,0.0,-0.7510470354563059,0.01103130041854105,1.7548567814207532,normal,,0
2024-07-01 00:00:00+00:00,0.0,0.0,0.0,-0.7187753466640008,0.009076569215411265,1.8045320397556242,normal,,0
2024-07-02 00:00:00+00:00,0.0,0.0,0.0,-0.28472804451859374,0.009065709038749354,1.8108653289022625,normal,,0
2024-07-03 00:00:00+00:00,0.0,0.0,0.0,-0.7177297122569725,0.00905496217529231,1.8047654395910797,normal,,0
2024-07-05 00:00:00+00:00,0.0,0.0,0.0,-1.0465402302265516,0.009044327442749748,1.7999720445746,normal,,0
2024-07-08 00:00:00+00:00,0.0,0.0,0.0,-0.4653945259048538,0.009033803671167105,1.8083715182475921,normal,,0
2024-07-09 00:00:00+00:00,0.0,0.0,0.0,-0.5479779960142428,0.009023389702796916,1.8072996862756892,normal,,0
2024-07-10 00:00:00+00:00,0.0,0.0,0.0,-0.06520312614476549,0.009013084391971453,1.8144807869561115,normal,,0
2024-07-11 00:00:00+00:00,0.0,0.0,0.0,-0.6544450574192285,0.009002886604976692,1.8067103715633608,normal,,0
2024-07-12 00:00:00+00:00,0.0,0.0,0.0,-0.35386745832096694,0.008992795219927576,1.811460977076516,normal,,0
2024-07-15 00:00:00+00:00,0.0,0.0,0.0,-0.3750497773412215,0.008982809126644613,1.8121114462389518,normal,,0
2024-07-16 00:00:00+00:00,0.0,0.0,0.0,-1.0798651146377962,0.008972927226531723,1.8046756159092885,normal,,0
2024-07-17 00:00:00+00:00,0.0,0.0,0.0,0.1499945533156169,0.008963148432455393,1.8192123429205385,normal,,0
2024-07-18 00:00:00+00:00,0.0,0.0,0.0,-0.12587821330487733,0.00895347166862507,1.816536217327568,normal,,0
2024-07-19 00:00:00+00:00,0.0,0.0,0.0,-0.3804499080832474,0.008943895870474818,1.8139734244657082,normal,,0
2024-07-22 00:00:00+00:00,0.0,0.0,0.0,-1.1904163195097826,0.00893441998454619,1.8054070864758733,normal,,0
2024-07-23 00:00:00+00:00,1.0,1.0,0.14294657689346119,-1.7153589227215342,0.008925042968372349,1.7994607458297063,normal,,0
2024-07-24 00:00:00+00:00,0.0,1.0,0.14294657689346119,-2.0930355134867424,0.008915763790363376,1.7944747790097724,normal,,0
2024-07-25 00:00:00+00:00,0.0,1.0,0.14294657689346119,-1.8289942542960593,0.008906581429692778,1.7970842050769344,normal,,0
2024-07-26 00:00:00+00:00,0.0,1.0,0.14294657689346119,-1.502838766004576,0.008897494876185194,1.800019097655889,normal,,0
2024-07-29 00:00:00+00:00,0.0,1.0,0.14294657689346119,-1.5227267930305286,0.008888503130205259,1.799240131108661,normal,,0
2024-07-30 00:00:00+00:00,0.0,1.0,0.14294657689346119,-0.8487558847832534,0.008879605202547623,1.80608053782499,normal,,0
2024-07-31 00:00:00+00:00,0.0,1.0,0.14294657689346119,-0.058796862607661426,0.008870800114328142,1.814577035377261,normal,,0
2024-08-01 00:00:00+00:00,0.0,1.0,0.14294657689346119,-4.081492400740002,0.010090821382435267,1.7698108499726946,normal,,1
2024-08-02 00:00:00+00:00,2.0,0.0,0.0,-5.7536043368072205,0.010069378674092288,1.7429375859901954,normal,emergency_stop,0
2024-08-05 00:00:00+00:00,1.0,1.0,0.25,-5.426945454548715,0.010048159695259332,1.7306325071641737,normal,,0
2024-08-06 00:00:00+00:00,0.0,1.0,0.25,-4.891760337203702,0.01002716211158139,1.7220110068879984,normal,,0
2024-08-07 00:00:00+00:00,0.0,1.0,0.25,-4.8184802261142945,0.010006383613059703,1.7071442663544656,normal,,0
2024-08-08 00:00:00+00:00,0.0,1.0,0.25,-4.00951815708027,0.00998582191379765,1.7089270544777357,normal,,0
2024-08-09 00:00:00+00:00,0.0,1.0,0.25,-3.490822671328186,0.009965474751749252,1.7098114751841638,normal,,0
2024-08-12 00:00:00+00:00,0.0,1.0,0.25,-3.2771600682232975,0.00994533988847033,1.7057694809577622,normal,,0
2024-08-13 00:00:00+00:00,0.0,1.0,0.25,-2.956153865190804,0.009925415108872241,1.7062227674153996,normal,,0
2024-08-14 00:00:00+00:00,0.0,1.0,0.25,-2.8247065236381506,0.009905698220978199,1.7024552149991519,normal,,0
2024-08-15 00:00:00+00:00,0.0,1.0,0.25,-2.14155985517036,0.009886187055682122,1.7193000215327663,normal,,0
2024-08-16 00:00:00+00:00,0.0,1.0,0.25,-1.8621584031498748,0.009866879466510003,1.7254401932418522,normal,,0
2024-08-19 00:00:00+00:00,0.0,1.0,0.25,-1.9032539739727592,0.009847773329383778,1.7205760521557836,normal,,0
2024-08-20 00:00:00+00:00,0.0,1.0,0.25,-1.5909935323791957,0.009828866542387644,1.7293781582256216,normal,,0
2024-08-21 00:00:00+00:00,0.0,1.0,0.25,-1.3508683097747585,0.009810157025536824,1.736482994901138,normal,,0
2024-08-22 00:00:00+00:00,0.0,1.0,0.25,-1.3519891313397259,0.009791642720548742,1.7344866249702542,normal,,0
2024-08-23 00:00:00+00:00,0.0,1.0,0.25,-1.2322662744058337,0.009773321590616588,1.7374222567555666,normal,,0
2024-08-26 00:00:00+00:00,0.0,1.0,0.25,-1.389558713710794,0.00975519162018524,1.7291967861591626,normal,,0
2024-08-27 00:00:00+00:00,0.0,1.0,0.25,-1.4622696785146767,0.009737250814729531,1.7240743808584513,normal,,0
2024-08-28 00:00:00+00:00,0.0,1.0,0.25,-1.3401650018645757,0.009719497200534824,1.72697057159754,normal,,0
2024-08-29 00:00:00+00:00,0.0,1.0,0.25,-1.2895715697366508,0.009701928824479879,1.7271026716555955,normal,,0
2024-08-30 00:00:00+00:00,0.0,1.0,0.25,-1.1690826170392248,0.009684543753821984,1.7303429352860227,normal,,0
2024-09-03 00:00:00+00:00,0.0,1.0,0.25,-1.2865171993183913,0.009667340075984333,1.7236101837784403,normal,,0
2024-09-04 00:00:00+00:00,0.0,1.0,0.25,-1.4836722748348712,0.009650315898345614,1.7130749799272529,normal,,0
2024-09-05 00:00:00+00:00,0.0,1.0,0.25,-1.4848921576286847,0.009633469348031798,1.7105793281426998,normal,,0
2024-09-06 00:00:00+00:00,0.0,1.0,0.25,-1.7419535750077566,0.009616798571710102,1.6966715025455397,normal,,0
2024-09-09 00:00:00+00:00,0.0,1.0,0.25,-1.7469666882553678,0.009600301735385092,1.6932011540692722,normal,,0
2024-09-10 00:00:00+00:00,0.0,1.0,0.25,-1.4583032435691758,0.00958397702419693,1.7030953486424756,normal,,0
2024-09-11 00:00:00+00:00,0.0,1.0,0.25,-1.2216200344406338,0.009567822642221708,1.7115894419558897,normal,,0
2024-09-12 00:00:00+00:00,0.0,1.0,0.25,-1.2175678210894647,0.009551836812273881,1.709860940522673,normal,,0
2024-09-13 00:00:00+00:00,0.0,1.0,0.25,-0.9531782667884635,0.009536017775710748,1.7203365522670309,normal,,0
2024-09-16 00:00:00+00:00,0.0,1.0,0.25,-0.8904246020718252,0.009520363792238983,1.7217978382709123,normal,,0
2024-09-17 00:00:00+00:00,0.0,1.0,0.25,-0.829475488928815,0.009504873139723178,1.7232546986664783,normal,,0
2024-09-18 00:00:00+00:00,0.0,1.0,0.25,-0.8040335821486924,0.009489544113996388,1.723133325245687,normal,,0
2024-09-19 00:00:00+00:00,0.0,1.0,0.25,-0.830998096320162,0.009474375028672655,1.720698691203053,normal,,0
2024-09-20 00:00:00+00:00,0.0,1.0,0.25,-0.5761698264437515,0.009459364214961475,1.7307698415048414,normal,,0
2024-09-23 00:00:00+00:00,0.0,1.0,0.25,-0.6213226231969174,0.00944451002148422,1.7277506651703942,normal,,0
2024-09-24 00:00:00+00:00,0.0,1.0,0.25,-0.5095533345783604,0.009429810814092457,1.7315738961869482,normal,,0
2024-09-25 00:00:00+00:00,0.0,1.0,0.25,-0.7163590629816663,0.009415264975688177,1.7216184737893063,normal,,0
2024-09-26 00:00:00+00:00,0.0,1.0,0.25,-0.7347490117788219,0.009400870906045895,1.7197062296996943,normal,,0
2024-09-27 00:00:00+00:00,2.0,0.0,0.0,-0.5587123136050907,0.009386627021636597,1.7260468900909736,normal,max_hold,0
2024-09-30 00:00:00+00:00,0.0,0.0,0.0,-0.4571469160073596,0.009372531755453536,1.7292790309179589,normal,,0
2024-10-01 00:00:00+00:00,0.0,0.0,0.0,-0.3374649390316108,0.00972023340892496,1.8163856857029557,normal,,0
2024-10-02 00:00:00+00:00,0.0,0.0,0.0,-0.4144477086127348,0.009720233313675273,1.8122598232895686,normal,,0
2024-10-03 00:00:00+00:00,0.0,0.0,0.0,-0.41694151196449564,0.009720233251928917,1.8111731851601296,normal,,0
2024-10-04 00:00:00+00:00,0.0,0.0,0.0,-0.8059581529567615,0.009720233211901358,1.7950046250513543,normal,,0
2024-10-07 00:00:00+00:00,0.0,0.0,0.0,-0.8098431673576866,0.009720233185953178,1.7938372652178378,normal,,0
2024-10-08 00:00:00+00:00,0.0,0.0,0.0,-0.6901789281121333,0.00972023316913207,1.7973650311926237,normal,,0
2024-10-09 00:00:00+00:00,0.0,0.0,0.0,-0.5356159930087343,0.009720233158227653,1.8020867266225444,normal,,0
2024-10-10 00:00:00+00:00,0.0,0.0,0.0,-0.468282869951528,0.00972023315115878,1.8035599001313258,normal,,0
2024-10-11 00:00:00+00:00,0.0,0.0,0.0,-0.29608561685042284,0.009720233146576327,1.8084752549541863,normal,,0
2024-10-14 00:00:00+00:00,0.0,0.0,0.0,-0.396380931661611,0.009720233143605716,1.80426040474021,normal,,0
2024-10-15 00:00:00+00:00,0.0,0.0,0.0,-0.505138709874698,0.009720233141679994,1.8001267073732508,normal,,0
2024-10-16 00:00:00+00:00,0.0,0.0,0.0,-0.32853993892394934,0.00972023314043163,1.8044774683091367,normal,,0
2024-10-17 00:00:00+00:00,0.0,0.0,0.0,0.34454136110876116,0.00972023313962237,1.8219781711987824,normal,,0
2024-10-18 00:00:00+00:00,0.0,0.0,0.0,0.36357363985969954,0.009720233139097758,1.8210862249880124,normal,,0
2024-10-21 00:00:00+00:00,0.0,0.0,0.0,0.4892767091600304,0.009720233138757675,1.8225748370881232,normal,,0
2024-10-22 00:00:00+00:00,0.0,0.0,0.0,0.3884265012191264,0.009720233138537215,1.8183767638474273,normal,,0
2024-10-23 00:00:00+00:00,0.0,0.0,0.0,0.529583537201831,0.009720233138394298,1.8193657020681373,normal,,0
2024-10-24 00:00:00+00:00,0.0,0.0,0.0,0.8711635299141701,0.009720233138301653,1.8225838696671355,normal,,0
2024-10-25 00:00:00+00:00,0.0,0.0,0.0,1.5522431589386478,0.009720233138241594,1.8261494541647751,normal,,0
2024-10-28 00:00:00+00:00,0.0,0.0,0.0,1.7077906614078875,0.00972023313820266,1.8255515370473097,normal,,0
2024-10-29 00:00:00+00:00,0.0,0.0,0.0,1.4636022436109881,0.009720233138177421,1.8226718378497102,normal,,0
2024-10-30 00:00:00+00:00,0.0,0.0,0.0,1.5448593552006062,0.009720233138161059,1.8240129703716912,normal,,0
2024-10-31 00:00:00+00:00,0.0,0.0,0.0,1.6688512307330001,0.009720233138150453,1.8261735648123052,normal,,0
2024-11-01 00:00:00+00:00,-1.0,-1.0,0.25,4.76395486603397,0.03155922936982521,1.864275731397068,normal,,1
2024-11-04 00:00:00+00:00,0.0,-1.0,0.25,2.9877575262667513,0.023877533494336536,1.849882376870736,normal,,0
2024-11-05 00:00:00+00:00,0.0,-1.0,0.25,2.410164789472535,0.018897813977901513,1.8448290839244166,normal,,0
2024-11-06 00:00:00+00:00,0.0,-1.0,0.25,3.3453610113190275,0.015669671798843116,1.8612918742558988,normal,,0
2024-11-07 00:00:00+00:00,0.0,-1.0,0.25,2.551655057449101,0.013577003347573356,1.8532008726465055,normal,,0
2024-11-08 00:00:00+00:00,0.0,-1.0,0.25,2.5758555044920843,0.012220414633684323,1.8561253328355636,normal,,0
2024-11-11 00:00:00+00:00,0.0,-1.0,0.25,2.3861176678310247,0.01134099537473078,1.8558532692476697,normal,,0
2024-11-12 00:00:00+00:00,0.0,-1.0,0.25,1.964132563759106,0.010770904952261252,1.850677081600589,normal,,0
2024-11-13 00:00:00+00:00,0.0,-1.0,0.25,2.6110291694627024,0.010401339370790793,1.865019901572814,normal,,0
2024-11-14 00:00:00+00:00,0.0,-1.0,0.25,3.616251059687126,0.010161765588063547,1.8891583288094362,normal,,0
2024-11-15 00:00:00+00:00,0.0,-1.0,0.25,3.447268009146004,0.010006460007003018,1.8941488872510375,normal,,0
2024-11-18 00:00:00+00:00,0.0,-1.0,0.25,2.7230596927520496,0.009905781947684614,1.8849338355538756,normal,,0
2024-11-19 00:00:00+00:00,0.0,-1.0,0.25,2.538514184192662,0.009840516607193277,1.8852101858290164,normal,,0
2024-11-20 00:00:00+00:00,0.0,-1.0,0.25,2.481972544215121,0.009798207839043716,1.8882901411152813,normal,,0
2024-11-21 00:00:00+00:00,0.0,-1.0,0.25,2.0298592643598097,0.009770780848716885,1.8799061294941186,normal,,0
2024-11-22 00:00:00+00:00,0.0,-1.0,0.25,2.117719657033317,0.009753001087421803,1.8855581427717887,normal,,0
2024-11-25 00:00:00+00:00,0.0,-1.0,0.25,1.8130627180343597,0.009741475217906298,1.8796526680550296,normal,,0
2024-11-26 00:00:00+00:00,0.0,-1.0,0.25,2.6416506813820755,0.0097340034827191,1.9083127115477314,normal,,0
2024-11-27 00:00:00+00:00,0.0,-1.0,0.25,2.434057055310767,0.00972915987186332,1.9075580107434797,normal,,0
2024-11-29 00:00:00+00:00,0.0,-1.0,0.25,2.1710689467387763,0.00972601996318957,1.9036067254500386,normal,,0
2024-12-02 00:00:00+00:00,0.0,-1.0,0.25,2.1498322104304455,0.009723984492799187,1.9068832655646202,normal,,0
2024-12-03 00:00:00+00:00,0.0,-1.0,0.25,1.9979177332542755,0.009722664983176258,1.905003008420755,normal,,0
2024-12-04 00:00:00+00:00,0.0,-1.0,0.25,1.8515339823254837,0.009721809600728434,1.9026160299867008,normal,,0
2024-12-05 00:00:00+00:00,0.0,-1.0,0.25,1.8824549743217223,0.00972125509235704,1.906549748628691,normal,,0
2024-12-06 00:00:00+00:00,0.0,-1.0,0.25,1.3198956558731627,0.009720895627962224,1.8883900013558685,normal,,0
2024-12-09 00:00:00+00:00,0.0,-1.0,0.25,1.6730896620584474,0.00972066260235286,1.9034030069688317,normal,,0
2024-12-10 00:00:00+00:00,0.0,-1.0,0.25,1.6208962153045448,0.009720511541676469,1.9039856396661845,normal,,0
2024-12-11 00:00:00+00:00,0.0,-1.0,0.25,1.558421790364568,0.00972041361540985,1.9040363639091953,normal,,0
2024-12-12 00:00:00+00:00,0.0,-1.0,0.25,1.212696336769327,0.00972035013394053,1.89278946037442,normal,,0
2024-12-13 00:00:00+00:00,0.0,-1.0,0.25,1.226745481296461,0.009720308981580838,1.894952190068092,normal,,0
2024-12-16 00:00:00+00:00,0.0,-1.0,0.25,0.8423925604337812,0.009720282304241351,1.8813756295906994,normal,,0
2024-12-17 00:00:00+00:00,0.0,-1.0,0.25,0.6494743698035259,0.009720265010447085,1.8748551301136658,normal,,0
2024-12-18 00:00:00+00:00,2.0,0.0,0.0,0.21580772708337062,0.009720253799609502,1.8587458300823472,normal,mean_reversion,0
2024-12-19 00:00:00+00:00,0.0,0.0,0.0,-0.22354355395365805,0.009720246532096232,1.8422592417499177,normal,,0
2024-12-20 00:00:00+00:00,0.0,0.0,0.0,-0.018057451197065238,0.009720241820873833,1.8509211203493598,normal,,0
2024-12-23 00:00:00+00:00,0.0,0.0,0.0,-0.06612449866968624,0.009720238766787015,1.8499104419780963,normal,,0
2024-12-24 00:00:00+00:00,0.0,0.0,0.0,0.05334785783280773,0.009720236786951313,1.8551129823328543,normal,,0
2024-12-26 00:00:00+00:00,0.0,0.0,0.0,0.041650642012225444,0.009720235503507313,1.8553653472118832,normal,,0
2024-12-27 00:00:00+00:00,0.0,0.0,0.0,0.09114641536550908,0.009720234671504688,1.85782935956599,normal,,0
2024-12-30 00:00:00+00:00,0.0,0.0,0.0,-0.04994138729441095,0.00972023413215247,1.8533992164093815,normal,,0
2024-12-31 00:00:00+00:00,0.0,0.0,0.0,-0.0036681406790617242,0.00972023378251317,1.855794290174587,normal,,0
2025-01-02 00:00:00+00:00,0.0,0.0,0.0,0.3034606942895619,0.010801067302651816,1.925270737991065,normal,,0
2025-01-03 00:00:00+00:00,0.0,0.0,0.0,0.428458426549957,0.010801066051010123,1.9304518138401447,normal,,0
2025-01-06 00:00:00+00:00,0.0,0.0,0.0,0.2838626142485503,0.010801065196409634,1.9265265260575868,normal,,0
2025-01-07 00:00:00+00:00,0.0,0.0,0.0,0.5741202634881023,0.010801064612902388,1.9367739902025027,normal,,0
2025-01-08 00:00:00+00:00,0.0,0.0,0.0,1.0168142711695722,0.010801064214493178,1.9515409302135893,normal,,0
2025-01-10 00:00:00+00:00,-1.0,-1.0,0.13934249473259058,1.672109936791087,0.010801063942465881,1.9727824681822113,normal,,0
2025-01-13 00:00:00+00:00,0.0,-1.0,0.13934249473259058,1.6285935135274925,0.01080106375673009,1.972862119224664,normal,,0
2025-01-14 00:00:00+00:00,0.0,-1.0,0.13934249473259058,1.7291712627746958,0.010801063629912728,1.9769772106262358,normal,,0
2025-01-15 00:00:00+00:00,0.0,-1.0,0.13934249473259058,1.6538092516260765,0.010801063543323906,1.9759863863212472,normal,,0
2025-01-16 00:00:00+00:00,0.0,-1.0,0.13934249473259058,1.859058001554447,0.010801063484202473,1.9837943450704572,normal,,0
2025-01-17 00:00:00+00:00,0.0,-1.0,0.13934249473259058,2.0394251557043503,0.010801063443835326,1.9912374854203736,normal,,0
2025-01-21 00:00:00+00:00,0.0,-1.0,0.13934249473259058,1.4437036565028696,0.010801063416273297,1.975616725787857,normal,,0
2025-01-22 00:00:00+00:00,0.0,-1.0,0.13934249473259058,1.3994968996260755,0.010801063397454394,1.975420954325569,normal,,0
2025-01-23 00:00:00+00:00,0.0,-1.0,0.13934249473259058,1.1744684685287554,0.010801063384605155,1.969785767169308,normal,,0
2025-01-24 00:00:00+00:00,0.0,-1.0,0.13934249473259058,1.3679371189762783,0.010801063375831905,1.9762596695111836,normal,,0
2025-01-27 00:00:00+00:00,0.0,-1.0,0.13934249473259058,1.3341480669365577,0.010801063369841673,1.9763071676859862,normal,,0
2025-01-28 00:00:00+00:00,0.0,-1.0,0.13934249473259058,1.5802103148548285,0.01080106336575164,1.9841400917448655,normal,,0
2025-01-29 00:00:00+00:00,0.0,-1.0,0.13934249473259058,1.3067803426059508,0.010801063362959032,1.9774878025690121,normal,,0
2025-01-30 00:00:00+00:00,0.0,-1.0,0.13934249473259058,1.1917626589388914,0.010801063361052287,1.9750160780350554,normal,,0
2025-01-31 00:00:00+00:00,0.0,-1.0,0.13934249473259058,0.0480024845418413,0.01080106335975039,1.9456611027768482,normal,,0
2025-02-03 00:00:00+00:00,0.0,-1.0,0.13934249473259058,0.03581054094050156,0.010801063358861478,1.945733611816033,normal,,0
2025-02-04 00:00:00+00:00,0.0,-1.0,0.13934249473259058,0.2755351260752171,0.010801063358254542,1.9524636762140988,normal,,0
2025-02-05 00:00:00+00:00,0.0,-1.0,0.13934249473259058,0.25610791526132315,0.010801063357840137,1.95263999780666,normal,,0
2025-02-06 00:00:00+00:00,0.0,-1.0,0.13934249473259058,0.26652590398741505,0.010801063357557188,1.953388977222143,normal,,0
2025-02-07 00:00:00+00:00,0.0,-1.0,0.13934249473259058,0.29629411878209133,0.010801063357363996,1.9546952427095254,normal,,0
2025-02-10 00:00:00+00:00,0.0,-1.0,0.13934249473259058,0.6697695499660068,0.010801063357232086,1.964163310079993,normal,,0
2025-02-11 00:00:00+00:00,0.0,-1.0,0.13934249473259058,0.8759097119263936,0.01080106335714202,1.9696162765662901,normal,,0
2025-02-12 00:00:00+00:00,0.0,-1.0,0.13934249473259058,1.318929283343033,0.010801063357080525,1.980441769630699,normal,,0
2025-02-13 00:00:00+00:00,0.0,-1.0,0.13934249473259058,1.3345944042501796,0.010801063357038537,1.981830941718329,normal,,0
2025-02-14 00:00:00+00:00,0.0,-1.0,0.13934249473259058,1.0765111209947684,0.01080106335700987,1.9768025343323044,normal,,0
2025-02-18 00:00:00+00:00,0.0,-1.0,0.13934249473259058,0.8512127095785347,0.010801063356990295,1.9721233834618146,normal,,0
2025-02-19 00:00:00+00:00,0.0,-1.0,0.13934249473259058,1.0241756515720886,0.010801063356976929,1.9768159085092947,normal,,0
2025-02-20 00:00:00+00:00,0.0,-1.0,0.13934249473259058,0.9220614111588054,0.010801063356967804,1.9751084856303511,normal,,0
2025-02-21 00:00:00+00:00,0.0,-1.0,0.13934249473259058,0.8113789509040844,0.010801063356961573,1.973059139321244,normal,,0
2025-02-24 00:00:00+00:00,0.0,-1.0,0.13934249473259058,0.9058143992742875,0.01080106335695732,1.9759572297953891,normal,,0
2025-02-25 00:00:00+00:00,0.0,-1.0,0.13934249473259058,0.8234308190666741,0.010801063356954414,1.9746058906443786,normal,,0
2025-02-26 00:00:00+00:00,0.0,-1.0,0.13934249473259058,0.25075602368849587,0.01080106335695243,1.9613280371218842,normal,,0
2025-02-27 00:00:00+00:00,0.0,-1.0,0.13934249473259058,0.774798466033602,0.010801063356951076,1.9739612748919528,normal,,0
2025-02-28 00:00:00+00:00,0.0,-1.0,0.13934249473259058,1.0433619560690428,0.010801063356950151,1.9807134535769455,normal,,0
2025-03-03 00:00:00+00:00,0.0,-1.0,0.13934249473259058,0.3969812687461925,0.01080106335694952,1.9653697188999253,normal,,0
2025-03-04 00:00:00+00:00,2.0,0.0,0.0,0.21337895112535304,0.01080106335694909,1.960869879544933,normal,mean_reversion,0
2025-03-05 00:00:00+00:00,0.0,0.0,0.0,0.3544496910411886,0.010801063356948795,1.9643011708126146,normal,,0
2025-03-06 00:00:00+00:00,0.0,0.0,0.0,0.39459115640597137,0.010801063356948594,1.9653646056630043,normal,,0
2025-03-07 00:00:00+00:00,0.0,0.0,0.0,0.9135543216627209,0.010801063356948457,1.9781520645573352,normal,,0
2025-03-10 00:00:00+00:00,0.0,0.0,0.0,0.6749951960923769,0.010801063356948363,1.972914817531163,normal,,0
2025-03-11 00:00:00+00:00,0.0,0.0,0.0,0.34843686796948675,0.010801063356948299,1.9650733165829455,normal,,0
2025-03-12 00:00:00+00:00,0.0,0.0,0.0,-0.0872020841420614,0.010801063356948255,1.9543245599406989,normal,,0
2025-03-13 00:00:00+00:00,0.0,0.0,0.0,0.34564859224777517,0.010801063356948226,1.9649549777797204,normal,,0
2025-03-14 00:00:00+00:00,0.0,0.0,0.0,0.2549266906950349,0.010801063356948205,1.962953957277664,normal,,0
2025-03-17 00:00:00+00:00,0.0,0.0,0.0,0.4194603603767178,0.010801063356948191,1.967224171394617,normal,,0
2025-03-18 00:00:00+00:00,0.0,0.0,0.0,0.8748696328039357,0.010801063356948182,1.9789455114233419,normal,,0
2025-03-19 00:00:00+00:00,0.0,0.0,0.0,1.2938719987635925,0.010801063356948176,1.9900063783162456,normal,,0
2025-03-20 00:00:00+00:00,0.0,0.0,0.0,1.3626294099778897,0.01080106335694817,1.992524994665958,normal,,0
2025-03-21 00:00:00+00:00,0.0,0.0,0.0,1.4259746871141135,0.010801063356948169,1.9942604108634705,normal,,0
2025-03-24 00:00:00+00:00,0.0,0.0,0.0,1.4080010669550045,0.010801063356948167,1.994322215695545,normal,,0
2025-03-25 00:00:00+00:00,0.0,0.0,0.0,1.268801337343191,0.010801063356948165,1.9915525425467564,normal,,0
2025-03-26 00:00:00+00:00,-1.0,-1.0,0.13294569214040214,1.5953483056848257,0.010801063356948163,1.9987384915623574,normal,,0
2025-03-27 00:00:00+00:00,0.0,-1.0,0.13294569214040214,1.284736567284405,0.010801063356948163,1.9926829104700965,normal,,0
2025-03-28 00:00:00+00:00,0.0,-1.0,0.13294569214040214,0.9586675898061326,0.010801063356948163,1.9864854168280681,normal,,0
2025-03-31 00:00:00+00:00,0.0,-1.0,0.13294569214040214,1.2636809562862181,0.010801063356948162,1.9919049385755776,normal,,0
2025-04-01 00:00:00+00:00,0.0,0.0,0.0,1.521724842711926,0.010402413845090205,2.0054462819138705,normal,,0
2025-04-02 00:00:00+00:00,0.0,0.0,0.0,0.6351818959949539,0.010402413845090205,1.9913456775703517,normal,,0
2025-04-03 00:00:00+00:00,0.0,0.0,0.0,-0.984005010398705,0.010402413845090205,1.9673345796385626,normal,,0
2025-04-04 00:00:00+00:00,1.0,1.0,0.25,-3.8981839088420918,0.010402413845090205,1.9285159773402096,normal,,0
2025-04-07 00:00:00+00:00,0.0,1.0,0.25,-4.215378815173484,0.010402413845090205,1.9198209690084918,normal,,0
2025-04-08 00:00:00+00:00,0.0,1.0,0.25,-5.045671875210277,0.010402413845090205,1.8975198612240116,normal,,0
2025-04-09 00:00:00+00:00,0.0,1.0,0.25,-1.7630230635687976,0.010402413845090205,1.9451475613597689,normal,,0
2025-04-10 00:00:00+00:00,0.0,1.0,0.25,-4.0737261827030755,0.010402413845090205,1.8964952621874986,normal,,0
2025-04-11 00:00:00+00:00,0.0,1.0,0.25,-4.14211894600318,0.010402413845090205,1.8827298541954072,normal,,0
2025-04-14 00:00:00+00:00,0.0,1.0,0.25,-3.7986871739499577,0.010402413845090205,1.8773027611442248,normal,,0
2025-04-15 00:00:00+00:00,0.0,1.0,0.25,-3.4572744134880593,0.010402413845090205,1.8743670110279544,normal,,0
2025-04-16 00:00:00+00:00,0.0,1.0,0.25,-3.1127585104683893,0.010402413845090205,1.8743296278390447,normal,,0
2025-04-17 00:00:00+00:00,0.0,1.0,0.25,-2.787307732173827,0.010402413845090205,1.8760544406658721,normal,,0
2025-04-21 00:00:00+00:00,0.0,1.0,0.25,-3.1948347984209353,0.010402413845090205,1.8538312553031013,normal,,0
2025-04-22 00:00:00+00:00,0.0,1.0,0.25,-2.599521390674115,0.010402413845090205,1.865591775091997,normal,,0
2025-04-23 00:00:00+00:00,0.0,1.0,0.25,-2.459914336808931,0.010402413845090205,1.863998106492006,normal,,0
2025-04-24 00:00:00+00:00,0.0,1.0,0.25,-2.074782564519186,0.010402413845090205,1.8737578083551987,normal,,0
2025-04-25 00:00:00+00:00,0.0,1.0,0.25,-2.02475180444852,0.010402413845090205,1.8712639332676169,normal,,0
2025-04-28 00:00:00+00:00,0.0,1.0,0.25,-1.7099627409571079,0.010402413845090205,1.88093463794142,normal,,0
2025-04-29 00:00:00+00:00,0.0,1.0,0.25,-1.7269362734501401,0.010402413845090205,1.8767840444406123,normal,,0
2025-04-30 00:00:00+00:00,0.0,1.0,0.25,-1.7681133435056122,0.010402413845090205,1.871552968052911,normal,,0
2025-05-01 00:00:00+00:00,0.0,1.0,0.25,-1.7912600347374885,0.010402413845090205,1.8668676191193807,normal,,0
2025-05-02 00:00:00+00:00,0.0,1.0,0.25,-1.3230820721388397,0.010402413845090205,1.8864222375381772,normal,,0
2025-05-05 00:00:00+00:00,0.0,1.0,0.25,-1.3837238632177769,0.010402413845090205,1.881149605919092,normal,,0
2025-05-06 00:00:00+00:00,0.0,1.0,0.25,-1.4804073374654902,0.010402413845090205,1.8737329109625298,normal,,0
2025-05-07 00:00:00+00:00,0.0,1.0,0.25,-1.3994477777186527,0.010402413845090205,1.8751444106602198,normal,,0
2025-05-08 00:00:00+00:00,0.0,1.0,0.25,-1.3473825874464593,0.010402413845090205,1.8752387450179198,normal,,0
2025-05-09 00:00:00+00:00,0.0,1.0,0.25,-1.2580931337201233,0.010402413845090205,1.8774725958278435,normal,,0
2025-05-12 00:00:00+00:00,0.0,1.0,0.25,-1.0011719516265243,0.010402413845090205,1.8890375422026655,normal,,0
2025-05-13 00:00:00+00:00,0.0,1.0,0.25,-0.8916002784318845,0.010402413845090205,1.8932000122834767,normal,,0
2025-05-14 00:00:00+00:00,0.0,1.0,0.25,-0.8624690712467968,0.010402413845090205,1.8932018672640152,normal,,0
2025-05-15 00:00:00+00:00,0.0,1.0,0.25,-0.7717642996775804,0.010402413845090205,1.8966065766180846,normal,,0
2025-05-16 00:00:00+00:00,0.0,1.0,0.25,-0.717877488674119,0.010402413845090205,1.8981099963140973,normal,,0
2025-05-19 00:00:00+00:00,0.0,1.0,0.25,-0.9884005505166913,0.010402413845090205,1.8821535820177937,normal,,0
2025-05-20 00:00:00+00:00,0.0,1.0,0.25,-0.8861592560066132,0.010402413845090205,1.8859371265235358,normal,,0
2025-05-21 00:00:00+00:00,0.0,1.0,0.25,-0.9719044651013243,0.010402413845090205,1.8797209609622034,normal,,0
2025-05-22 00:00:00+00:00,0.0,1.0,0.25,-0.9176371390715852,0.010402413845090205,1.8809291285120349,normal,,0
2025-05-23 00:00:00+00:00,0.0,1.0,0.25,-0.7420946727695878,0.010402413845090205,1.8888267621990922,normal,,0
2025-05-27 00:00:00+00:00,0.0,1.0,0.25,-0.5907847626793,0.010402413845090205,1.8955736372370193,normal,,0
2025-05-28 00:00:00+00:00,0.0,1.0,0.25,-0.6051643130908267,0.010402413845090205,1.8935164240706928,normal,,0
2025-05-29 00:00:00+00:00,0.0,1.0,0.25,-0.4605519901490743,0.010402413845090205,1.899985477802697,normal,,0
2025-05-30 00:00:00+00:00,0.0,1.0,0.25,-0.48640045916642166,0.010402413845090205,1.8975624729722496,normal,,0
2025-06-02 00:00:00+00:00,0.0,1.0,0.25,-0.41596581135098193,0.010402413845090205,1.9001490060152717,normal,,0
2025-06-03 00:00:00+00:00,0.0,1.0,0.25,-0.2898829810989779,0.010402413845090205,1.9056426526943668,normal,,0
2025-06-04 00:00:00+00:00,2.0,0.0,0.0,-0.36398002389875567,0.010402413845090205,1.9006694110362927,normal,max_hold,0
2025-06-05 00:00:00+00:00,0.0,0.0,0.0,-0.34697971708264064,0.010402413845090205,1.9003951904185414,normal,,0
2025-06-06 00:00:00+00:00,0.0,0.0,0.0,-0.15419698154953637,0.010402413845090205,1.909033934167113,normal,,0
2025-06-09 00:00:00+00:00,0.0,0.0,0.0,-0.15476714618081336,0.010402413845090205,1.9081486515898582,normal,,0
2025-06-10 00:00:00+00:00,0.0,0.0,0.0,-0.054604699767717056,0.010402413845090205,1.912078426871862,normal,,0
2025-06-11 00:00:00+00:00,0.0,0.0,0.0,-0.05515028385433558,0.010402413845090205,1.9110755998696578,normal,,0
2025-06-12 00:00:00+00:00,0.0,0.0,0.0,-0.016066996435921372,0.010402413845090205,1.911896815441421,normal,,0
2025-06-13 00:00:00+00:00,0.0,0.0,0.0,-0.20857553034062112,0.010402413845090205,1.9015820166942734,normal,,0
2025-06-16 00:00:00+00:00,0.0,0.0,0.0,-0.18405583866499353,0.010402413845090205,1.9013647756947036,normal,,0
2025-06-17 00:00:00+00:00,0.0,0.0,0.0,0.07524242915680616,0.010402413845090205,1.9113820001025799,normal,,0
2025-06-18 00:00:00+00:00,0.0,0.0,0.0,0.09593983492110002,0.010402413845090205,1.9105728783573173,normal,,0
2025-06-20 00:00:00+00:00,0.0,0.0,0.0,0.14378416672247737,0.010402413845090205,1.910745244328845,normal,,0
2025-06-23 00:00:00+00:00,0.0,0.0,0.0,0.08639282707350149,0.010402413845090205,1.9067580082509874,normal,,0
2025-06-24 00:00:00+00:00,0.0,0.0,0.0,0.1841602817013542,0.010402413845090205,1.9083136793214437,normal,,0
2025-06-25 00:00:00+00:00,0.0,0.0,0.0,0.1630546322134012,0.010402413845090205,1.9055828649130286,normal,,0
2025-06-26 00:00:00+00:00,0.0,0.0,0.0,0.1678888076788107,0.010402413845090205,1.9038140635777756,normal,,0
2025-06-27 00:00:00+00:00,0.0,0.0,0.0,0.19806967761261066,0.010402413845090205,1.9024815477438675,normal,,0
2025-06-30 00:00:00+00:00,0.0,0.0,0.0,0.4790058857506509,0.010402413845090205,1.9065496441477578,normal,,0
2025-07-01 00:00:00+00:00,0.0,0.0,0.0,1.1160062700290758,0.01002001597553573,1.958070749965794,normal,,0
2025-07-02 00:00:00+00:00,-1.0,-1.0,0.13228831570065827,1.5874597884078994,0.01002001597553573,1.9629575902555656,normal,,0
2025-07-03 00:00:00+00:00,0.0,-1.0,0.13228831570065827,1.4450791343981568,0.01002001597553573,1.9600051500217561,normal,,0
2025-07-07 00:00:00+00:00,0.0,-1.0,0.13228831570065827,1.5214061081727885,0.01002001597553573,1.9612448263357716,normal,,0
2025-07-08 00:00:00+00:00,0.0,-1.0,0.13228831570065827,2.584408189263232,0.03555248239992684,1.9808551345723258,normal,,1
2025-07-09 00:00:00+00:00,0.0,-1.0,0.13228831570065827,2.5713978476996395,0.027528957402877655,1.979759008345039,normal,,0
2025-07-10 00:00:00+00:00,0.0,-1.0,0.13228831570065827,2.554953294185118,0.0220268086139951,1.9825445393803953,normal,,0
2025-07-11 00:00:00+00:00,0.0,-1.0,0.13228831570065827,2.706327679108604,0.01825369875191634,1.9887180520825902,normal,,0
2025-07-14 00:00:00+00:00,0.0,-1.0,0.13228831570065827,1.679259246198387,0.01566628089435468,1.971850966607318,normal,,0
2025-07-15 00:00:00+00:00,0.0,-1.0,0.13228831570065827,1.6262239122172406,0.013891953770484345,1.9721275628652526,normal,,0
2025-07-16 00:00:00+00:00,0.0,-1.0,0.13228831570065827,1.4261045741412344,0.012675205291570775,1.9692876980801417,normal,,0
2025-07-17 00:00:00+00:00,0.0,-1.0,0.13228831570065827,2.0717782676378778,0.011840817516610128,1.9837566988482283,normal,,0
2025-07-18 00:00:00+00:00,0.0,-1.0,0.13228831570065827,2.721249595739642,0.011268634381747767,1.9983789292482972,normal,,0
2025-07-21 00:00:00+00:00,0.0,-1.0,0.13228831570065827,2.2193992322908898,0.010876258618768304,1.9911714286361635,normal,,0
2025-07-22 00:00:00+00:00,0.0,-1.0,0.13228831570065827,2.373523144533028,0.01060718613131942,1.9965567961472344,normal,,0
2025-07-23 00:00:00+00:00,0.0,-1.0,0.13228831570065827,2.5645961005732536,0.01042266911897348,2.003707571088868,normal,,0
2025-07-24 00:00:00+00:00,0.0,-1.0,0.13228831570065827,3.008808985759798,0.01029613619779721,2.0174306608599126,normal,,0
2025-07-25 00:00:00+00:00,0.0,-1.0,0.13228831570065827,2.59268073303269,0.010209365986542204,2.01314103777306,normal,,0
2025-07-28 00:00:00+00:00,0.0,-1.0,0.13228831570065827,2.5477251136585726,0.01014986313549564,2.0161620542208785,normal,,0
2025-07-29 00:00:00+00:00,0.0,-1.0,0.13228831570065827,2.21930490373578,0.010109058932861344,2.0113976888988025,normal,,0
2025-07-30 00:00:00+00:00,0.0,-1.0,0.13228831570065827,1.576915832688784,0.010081077366880287,1.9968152957401561,normal,,0
2025-07-31 00:00:00+00:00,0.0,-1.0,0.13228831570065827,1.1124132908791116,0.01006188895038874,1.985857997218107,normal,,0
2025-08-01 00:00:00+00:00,0.0,-1.0,0.13228831570065827,1.4099645430673093,0.010048730454266604,1.9948814684572893,normal,,0
2025-08-04 00:00:00+00:00,0.0,-1.0,0.13228831570065827,1.7563610022302787,0.010039706988454687,2.0053927950598105,normal,,0
2025-08-05 00:00:00+00:00,0.0,-1.0,0.13228831570065827,2.2187601500626095,0.010033519128192918,2.0196290414940137,normal,,0
2025-08-06 00:00:00+00:00,0.0,-1.0,0.13228831570065827,2.1704556174613305,0.01002927579027628,2.0211362671619932,normal,,0
2025-08-07 00:00:00+00:00,0.0,-1.0,0.13228831570065827,2.3042676954162356,0.010026365912562002,2.0277020177071106,normal,,0
2025-08-08 00:00:00+00:00,0.0,-1.0,0.13228831570065827,2.4545724639290647,0.010024370457927378,2.0357489524182117,normal,,0
2025-08-11 00:00:00+00:00,0.0,-1.0,0.13228831570065827,2.2395967356225324,0.010023002070802613,2.0337856187348398,normal,,0
2025-08-12 00:00:00+00:00,0.0,-1.0,0.13228831570065827,2.2286153282609913,0.010022063696514006,2.0372230253906563,normal,,0
2025-08-13 00:00:00+00:00,0.0,-1.0,0.13228831570065827,2.033783852211055,0.010021420204413278,2.034871990852746,normal,,0
2025-08-14 00:00:00+00:00,0.0,-1.0,0.13228831570065827,1.9305355088500853,0.010020978928380117,2.034771886116715,normal,,0
2025-08-15 00:00:00+00:00,0.0,-1.0,0.13228831570065827,2.177553522480409,0.010020676322431695,2.0456890325140415,normal,,0
2025-08-18 00:00:00+00:00,0.0,-1.0,0.13228831570065827,1.8631724699061492,0.010020468809779434,2.038562252208707,normal,,0
2025-08-19 00:00:00+00:00,0.0,-1.0,0.13228831570065827,1.0865996625382632,0.010020326507550832,2.0142254937074835,normal,,0
2025-08-20 00:00:00+00:00,0.0,-1.0,0.13228831570065827,1.0138111504309988,0.01002022892350454,2.0128249607051574,normal,,0
2025-08-21 00:00:00+00:00,0.0,-1.0,0.13228831570065827,1.3080820994765217,0.010020162005043846,2.02381066205316,normal,,0
2025-08-22 00:00:00+00:00,0.0,-1.0,0.13228831570065827,1.4120698675547338,0.010020116115571626,2.028766001791638,normal,,0
2025-08-25 00:00:00+00:00,0.0,-1.0,0.13228831570065827,1.3003641752373882,0.010020084646771557,2.026561857962925,normal,,0
2025-08-26 00:00:00+00:00,0.0,-1.0,0.13228831570065827,1.1988013749932296,0.010020063066977107,2.0245872541379195,normal,,0
2025-08-27 00:00:00+00:00,0.0,-1.0,0.13228831570065827,1.2702435442282078,0.010020048268588625,2.0282603479152614,normal,,0
2025-08-28 00:00:00+00:00,0.0,-1.0,0.13228831570065827,1.1087213744446194,0.010020038120563252,2.0242107633531963,normal,,0
2025-08-29 00:00:00+00:00,0.0,-1.0,0.13228831570065827,1.1671432292997728,0.010020031161533955,2.027369451523492,normal,,0
2025-09-02 00:00:00+00:00,0.0,-1.0,0.13228831570065827,1.3068162375579848,0.010020026389365284,2.03323235991269,normal,,0
2025-09-03 00:00:00+00:00,2.0,0.0,0.0,1.010647468432954,0.010020023116840792,2.0247512715944165,normal,max_hold,0
2025-09-04 00:00:00+00:00,0.0,0.0,0.0,0.8480328402274527,0.010020020872700382,2.020456961773002,normal,,0
2025-09-05 00:00:00+00:00,0.0,0.0,0.0,0.5728103866630374,0.010020019333776473,2.012376987017693,normal,,0
2025-09-08 00:00:00+00:00,0.0,0.0,0.0,0.5092130837551229,0.010020018278456236,2.011097486037889,normal,,0
2025-09-09 00:00:00+00:00,0.0,0.0,0.0,0.5152787111054907,0.01002001755476821,2.012055773541323,normal,,0
2025-09-10 00:00:00+00:00,0.0,0.0,0.0,0.7080209862365267,0.010020017058497655,2.0189126908736164,normal,,0
2025-09-11 00:00:00+00:00,0.0,0.0,0.0,0.8552161667981003,0.010020016718179101,2.024274074878124,normal,,0
2025-09-12 00:00:00+00:00,0.0,0.0,0.0,0.6195702257813388,0.010020016484804951,2.0179142327655084,normal,,0
2025-09-15 00:00:00+00:00,0.0,0.0,0.0,0.6216404741604081,0.010020016324768146,2.0187364739813742,normal,,0
2025-09-16 00:00:00+00:00,0.0,0.0,0.0,0.608077101712459,0.01002001621502258,2.0190870280187294,normal,,0
2025-09-17 00:00:00+00:00,0.0,0.0,0.0,0.518257499144543,0.01002001613976433,2.0172392379185635,normal,,0
2025-09-18 00:00:00+00:00,0.0,0.0,0.0,0.5410368173606372,0.010020016088155831,2.018593043461376,normal,,0
2025-09-19 00:00:00+00:00,0.0,0.0,0.0,0.12003759884448154,0.010020016052765196,2.0078801368287107,normal,,0
2025-09-22 00:00:00+00:00,0.0,0.0,0.0,0.21478418106605307,0.010020016028495995,2.011224073291838,normal,,0
2025-09-23 00:00:00+00:00,0.0,0.0,0.0,0.09169928529385891,0.010020016011853341,2.0089949267963156,normal,,0
2025-09-24 00:00:00+00:00,0.0,0.0,0.0,0.35757616979151396,0.010020016000440607,2.016182349950527,normal,,0
2025-09-25 00:00:00+00:00,0.0,0.0,0.0,0.5305312826422502,0.0100200159926143,2.020678107717692,normal,,0
2025-09-26 00:00:00+00:00,0.0,0.0,0.0,-0.07227930734215009,0.010020015987247395,2.0084252549216393,normal,,0
2025-09-29 00:00:00+00:00,0.0,0.0,0.0,-0.5258481665210125,0.010020015983567028,2.0000521187325377,normal,,0
2025-09-30 00:00:00+00:00,0.0,0.0,0.0,-0.5683508961416299,0.01002001598104321,2.000463822176557,normal,,0
2025-10-01 00:00:00+00:00,0.0,0.0,0.0,-0.5553407011623978,0.010257640496961132,2.0143088427619498,normal,,0
2025-10-02 00:00:00+00:00,0.0,0.0,0.0,-0.7807285179195865,0.010257640496105409,2.010907245392244,normal,,0
2025-10-03 00:00:00+00:00,0.0,0.0,0.0,-1.3134690721561944,0.010257640495521043,2.002364016393791,normal,,0
2025-10-06 00:00:00+00:00,0.0,0.0,0.0,-1.4726530206458317,0.010257640495121984,2.000027342341906,normal,,0
2025-10-07 00:00:00+00:00,0.0,0.0,0.0,-1.28255082518043,0.01025764049484947,2.003216337419217,normal,,0
2025-10-08 00:00:00+00:00,1.0,1.0,0.14561319861157948,-1.7473583833389537,0.010257640494663371,1.996651062326396,normal,,0
2025-10-09 00:00:00+00:00,0.0,1.0,0.14561319861157948,-2.197516925829972,0.010257640494536287,1.9904124473507516,normal,,0
2025-10-10 00:00:00+00:00,0.0,1.0,0.14561319861157948,-2.6255512231546763,0.010257640494449502,1.9846755472508226,normal,,0
2025-10-13 00:00:00+00:00,0.0,1.0,0.14561319861157948,-1.8197733882228067,0.010257640494390237,1.9963196351114019,normal,,0
2025-10-14 00:00:00+00:00,0.0,1.0,0.14561319861157948,-1.5401381072482145,0.010257640494349766,2.0000750726121295,normal,,0
2025-10-15 00:00:00+00:00,0.0,1.0,0.14561319861157948,-1.5796718405086287,0.010257640494322129,1.9992422161318135,normal,,0
2025-10-16 00:00:00+00:00,0.0,1.0,0.14561319861157948,-1.4894302397045833,0.010257640494303255,2.000262826039726,normal,,0
2025-10-17 00:00:00+00:00,0.0,1.0,0.14561319861157948,-1.2619807313462479,0.010257640494290366,2.0034628145204403,normal,,0
2025-10-20 00:00:00+00:00,0.0,1.0,0.14561319861157948,-0.8588609442732332,0.010257640494281564,2.0096863067857225,normal,,0
2025-10-21 00:00:00+00:00,0.0,1.0,0.14561319861157948,-1.1202629161849968,0.010257640494275553,2.0048149776798874,normal,,0
2025-10-22 00:00:00+00:00,0.0,1.0,0.14561319861157948,-0.9493926448856908,0.010257640494271449,2.007213566323408,normal,,0
2025-10-23 00:00:00+00:00,0.0,1.0,0.14561319861157948,-1.027481291232042,0.010257640494268647,2.005440490142441,normal,,0
2025-10-24 00:00:00+00:00,0.0,1.0,0.14561319861157948,-1.224271330814181,0.010257640494266732,2.0018475552612696,normal,,0
2025-10-27 00:00:00+00:00,0.0,1.0,0.14561319861157948,-1.4989869313050475,0.010257640494265426,1.9971852653420759,normal,,0
2025-10-28 00:00:00+00:00,0.0,1.0,0.14561319861157948,-1.6976827482691246,0.010257640494264532,1.993183843401305,normal,,0
2025-10-29 00:00:00+00:00,0.0,1.0,0.14561319861157948,-1.6477635646222044,0.010257640494263923,1.9929897153207508,normal,,0
2025-10-30 00:00:00+00:00,0.0,1.0,0.14561319861157948,-1.7982583462204527,0.010257640494263507,1.9889491771163397,normal,,0
2025-10-31 00:00:00+00:00,0.0,1.0,0.14561319861157948,0.04001213293542872,0.03369995752028903,2.0223086978911615,normal,,1
2025-11-03 00:00:00+00:00,0.0,1.0,0.14561319861157948,-1.0820404276352678,0.026266213658297233,2.000892991758969,normal,,0
2025-11-04 00:00:00+00:00,0.0,1.0,0.14561319861157948,-1.2958341660132586,0.02118976868209171,1.9962815478081999,normal,,0
2025-11-05 00:00:00+00:00,0.0,1.0,0.14561319861157948,-1.4460031023250368,0.017723104498489156,1.992719969932618,normal,,0
2025-11-06 00:00:00+00:00,0.0,1.0,0.14561319861157948,-1.5009250616992285,0.015355746905094019,1.9908999165419807,normal,,0
2025-11-07 00:00:00+00:00,0.0,1.0,0.14561319861157948,-1.5153227582679034,0.013739097100502458,1.9897567283898212,normal,,0
2025-11-10 00:00:00+00:00,0.0,1.0,0.14561319861157948,-1.7193009427388808,0.01263509971625528,1.9851316841406041,normal,,0
2025-11-11 00:00:00+00:00,0.0,1.0,0.14561319861157948,-1.965885717238755,0.011881188621246958,1.9800818790603962,normal,,0
2025-11-12 00:00:00+00:00,0.0,1.0,0.14561319861157948,-2.331989386011154,0.011366348688393105,1.9723556060416425,normal,,0
2025-11-13 00:00:00+00:00,0.0,1.0,0.14561319861157948,-1.4785592168640722,0.011014768564137162,1.985774068257602,normal,,0
2025-11-14 00:00:00+00:00,0.0,1.0,0.14561319861157948,-1.0143135754213701,0.010774677273846917,1.9935517984344986,normal,,0
2025-11-17 00:00:00+00:00,0.0,1.0,0.14561319861157948,-1.4441296806871469,0.010610720827801432,1.984787788832087,normal,,0
2025-11-18 00:00:00+00:00,0.0,1.0,0.14561319861157948,-2.276267359645354,0.0104987562656244,1.968226065015834,normal,,0
2025-11-19 00:00:00+00:00,0.0,1.0,0.14561319861157948,-2.326775174196938,0.010422296550341131,1.96506411579945,normal,,0
2025-11-20 00:00:00+00:00,0.0,1.0,0.14561319861157948,-2.5955892390812334,0.010370082814606111,1.9573080370659635,normal,,0
2025-11-21 00:00:00+00:00,0.0,1.0,0.14561319861157948,-2.521597261151407,0.01033442646682472,1.9557676430183277,normal,,0
2025-11-24 00:00:00+00:00,0.0,1.0,0.14561319861157948,-2.1970105532700575,0.01031007702851677,1.9595427212463927,normal,,0
2025-11-25 00:00:00+00:00,0.0,1.0,0.14561319861157948,-2.0694440280695336,0.010293448989393196,1.960147999294275,normal,,0
2025-11-26 00:00:00+00:00,0.0,1.0,0.14561319861157948,-1.6992023419326698,0.01028209383279376,1.9665727817319354,normal,,0
2025-11-28 00:00:00+00:00,0.0,1.0,0.14561319861157948,-1.5535697315880874,0.010274339486028065,1.96846964398426,normal,,0
2025-12-01 00:00:00+00:00,0.0,1.0,0.14561319861157948,-1.2287833353233302,0.010269044103860847,1.974380564477877,normal,,0
2025-12-02 00:00:00+00:00,0.0,1.0,0.14561319861157948,-1.5472517844984652,0.010265427929198533,1.9665492104853781,normal,,0
2025-12-03 00:00:00+00:00,0.0,1.0,0.14561319861157948,-1.6119109903989512,0.010262958472079968,1.9638518397566411,normal,,0
2025-12-04 00:00:00+00:00,0.0,1.0,0.14561319861157948,-1.2197464675078555,0.010261272099315958,1.9712038217070162,normal,,0
2025-12-05 00:00:00+00:00,2.0,0.0,0.0,-1.6599325581383026,0.010260120488673353,1.9606864265164963,normal,max_hold,0
2025-12-08 00:00:00+00:00,1.0,1.0,0.1639546970745472,-1.9674563648945667,0.010259334062860231,1.95286643572874,normal,,0
2025-12-09 00:00:00+00:00,0.0,1.0,0.1639546970745472,-2.5015043057210495,0.01025879701888316,1.9392899518067526,normal,,0
2025-12-10 00:00:00+00:00,0.0,1.0,0.1639546970745472,-1.844636268490361,0.010258430275792462,1.9511987959179957,normal,,0
2025-12-11 00:00:00+00:00,0.0,1.0,0.1639546970745472,-1.9208443631354257,0.010258179829832136,1.9479871531702684,normal,,0
2025-12-12 00:00:00+00:00,0.0,1.0,0.1639546970745472,-1.8533518963848044,0.010258008802263697,1.947902397288423,normal,,0
2025-12-15 00:00:00+00:00,0.0,1.0,0.1639546970745472,-1.5722901969595597,0.010257892008887883,1.9529431474290813,normal,,0
2025-12-16 00:00:00+00:00,0.0,1.0,0.1639546970745472,-1.7547762477477113,0.0102578122516139,1.9474499519387969,normal,,0
2025-12-17 00:00:00+00:00,0.0,1.0,0.1639546970745472,-1.5482142964145,0.010257757786001373,1.9507946033014094,normal,,0
2025-12-18 00:00:00+00:00,0.0,1.0,0.1639546970745472,-1.8518722083136872,0.010257720591864713,1.9425619392945142,normal,,0
2025-12-19 00:00:00+00:00,0.0,1.0,0.1639546970745472,-1.7613498807451515,0.010257695192282524,1.9433105057419473,normal,,0
2025-12-22 00:00:00+00:00,0.0,1.0,0.1639546970745472,-1.5152749607060787,0.010257677847108439,1.9480001154806348,normal,,0
2025-12-23 00:00:00+00:00,0.0,1.0,0.1639546970745472,-1.4910014765627375,0.010257666002226036,1.947535392899539,normal,,0
2025-12-24 00:00:00+00:00,0.0,1.0,0.1639546970745472,-1.3376687332555333,0.010257657913449387,1.949880568969626,normal,,0
2025-12-26 00:00:00+00:00,0.0,1.0,0.1639546970745472,-1.5203953944062578,0.010257652389687694,1.9447808954187038,normal,,0
2025-12-29 00:00:00+00:00,0.0,1.0,0.1639546970745472,-1.562106872530276,0.010257648617554457,1.9427433172319706,normal,,0
2025-12-30 00:00:00+00:00,0.0,1.0,0.1639546970745472,-1.2677116058576259,0.01025764604159446,1.948228530330078,normal,,0
2025-12-31 00:00:00+00:00,0.0,1.0,0.1639546970745472,-1.0384328843570514,0.01025764428249172,1.9524763728708652,normal,,0
2026-01-02 00:00:00+00:00,0.0,0.0,0.0,-0.4875793847557815,0.010479095595700573,1.9981209287301263,normal,,0
2026-01-05 00:00:00+00:00,0.0,0.0,0.0,1.2734068936001437,0.03200140229366002,2.036978578460117,normal,,1
2026-01-06 00:00:00+00:00,0.0,0.0,0.0,0.2117935129115821,0.025120874612498453,2.0133745717963363,normal,,0
2026-01-07 00:00:00+00:00,0.0,0.0,0.0,0.505269624890284,0.02044000226477928,2.0197545854893177,normal,,0
2026-01-08 00:00:00+00:00,0.0,0.0,0.0,0.5357327017224404,0.017255571222428896,2.020469969964242,normal,,0
2026-01-09 00:00:00+00:00,0.0,0.0,0.0,0.9853594840877737,0.01508917993674773,2.0302740744780934,normal,,0
2026-01-12 00:00:00+00:00,0.0,0.0,0.0,1.1268555400581626,0.0136153684017329,2.0333026484609182,normal,,0
2026-01-13 00:00:00+00:00,0.0,0.0,0.0,0.9471162115744917,0.012612723840198946,2.0293226853494346,normal,,0
2026-01-14 00:00:00+00:00,0.0,0.0,0.0,1.0486151353951474,0.011930617551240162,2.031423852809039,normal,,0
2026-01-15 00:00:00+00:00,0.0,0.0,0.0,0.9710667243599743,0.011466575748903645,2.029501198836981,normal,,0
2026-01-16 00:00:00+00:00,0.0,0.0,0.0,0.8614792603709875,0.01115088478137947,2.026591935295431,normal,,0
2026-01-20 00:00:00+00:00,0.0,0.0,0.0,0.5149484256152689,0.010936117951161709,2.018738794110076,normal,,0
2026-01-21 00:00:00+00:00,0.0,0.0,0.0,0.1960452834922788,0.010790010535661289,2.0114279910695685,normal,,0
2026-01-22 00:00:00+00:00,0.0,0.0,0.0,0.18060365627371167,0.0106906126126088,2.010563174902434,normal,,0
2026-01-23 00:00:00+00:00,0.0,0.0,0.0,-0.1210412782537045,0.010622991492398644,2.0039391663685993,normal,,0
2026-01-26 00:00:00+00:00,0.0,0.0,0.0,0.16194526204679208,0.010576988359153482,2.0092108424006403,normal,,0
2026-01-27 00:00:00+00:00,0.0,0.0,0.0,0.2413573708024356,0.010545692097544754,2.0104675315856513,normal,,0
2026-01-28 00:00:00+00:00,0.0,0.0,0.0,0.45871442364972015,0.01052440102622876,2.0144413870503213,normal,,0
2026-01-29 00:00:00+00:00,0.0,0.0,0.0,0.046821032618348316,0.010509916557653884,2.0061671708068616,normal,,0
2026-01-30 00:00:00+00:00,-1.0,-1.0,0.13586616384701747,1.6303939661642097,0.01050006266975962,2.0345530692378584,normal,,0
2026-02-02 00:00:00+00:00,0.0,-1.0,0.13586616384701747,1.4649008605040124,0.010493358999125743,2.0314915023558453,normal,,0
2026-02-03 00:00:00+00:00,0.0,-1.0,0.13586616384701747,1.457581272507206,0.0104887984438962,2.03143331870056,normal,,0
2026-02-04 00:00:00+00:00,0.0,-1.0,0.13586616384701747,1.4693787114164467,0.010485695865452593,2.031899216566722,normal,,0
2026-02-05 00:00:00+00:00,0.0,-1.0,0.13586616384701747,1.2673805337960766,0.010483585159077111,2.0284530668312515,normal,,0
2026-02-06 00:00:00+00:00,0.0,-1.0,0.13586616384701747,0.9464233117920529,0.010482149230386031,2.0225901648997024,normal,,0
2026-02-09 00:00:00+00:00,0.0,-1.0,0.13586616384701747,1.0207295566373333,0.010481172357795027,2.02410244174378,normal,,0
2026-02-10 00:00:00+00:00,0.0,-1.0,0.13586616384701747,0.7517635037961428,0.010480507784362528,2.019272164583689,normal,,0
2026-02-11 00:00:00+00:00,0.0,-1.0,0.13586616384701747,0.9198964367075873,0.010480055670288235,2.0227738105187916,normal,,0
2026-02-12 00:00:00+00:00,0.0,-1.0,0.13586616384701747,1.394603278004504,0.010479748093839678,2.0319704242155954,normal,,0
