ts_event,equity,returns,exposure,cash_credit,financing,spread
2020-07-01 00:00:00+00:00,1000000.0,0.0,0.0,0.0,0.0,2.3285206496177078
2020-07-02 00:00:00+00:00,1000079.3650793651,7.936507936508861e-05,0.0,79.36507936507937,0.0,2.3290873236113065
2020-07-06 00:00:00+00:00,1000158.736457546,7.936507936509753e-05,0.0,79.37137818090198,0.0,2.328996163619879
2020-07-07 00:00:00+00:00,1000238.1141350426,7.936507936508781e-05,0.0,79.37767749663064,0.0,2.3229706555659226
2020-07-08 00:00:00+00:00,1000317.498112355,7.93650793651362e-05,0.0,79.38397731230498,0.0,2.319815111062068
2020-07-09 00:00:00+00:00,1000396.888389983,7.936507936508663e-05,0.0,79.39027762796468,0.0,2.3023563679896206
2020-07-10 00:00:00+00:00,1002696.5733715101,0.00229877262536094,0.24999999999999997,59.54743383273708,0.0,2.3119585348584404
2020-07-13 00:00:00+00:00,1003204.8674346115,0.0005069270969903651,0.24942662490263762,59.72994851381067,8.462552875504631,2.3147313502550193
2020-07-14 00:00:00+00:00,1005150.6183255117,0.0019395349385373385,0.24930024785171517,59.7702893124695,8.76263811299811,2.3260438973797184
2020-07-15 00:00:00+00:00,1006251.1703540839,0.0010949125519174481,0.24881765731203348,59.92471398635047,8.830238390798913,2.3321255248013553
2020-07-16 00:00:00+00:00,1005557.8691751194,-0.0006889941591029159,0.2485455217006006,60.01205938544351,8.739765249650233,2.3277908513210295
2020-07-17 00:00:00+00:00,1005091.1406010131,-0.0004641488952686738,0.24871688618245058,59.95703548235109,8.65419663359995,2.3247618936175987
2020-07-20 00:00:00+00:00,1003373.142469966,-0.001709295865467295,0.2488323814574111,59.91999353202518,8.458194541009776,2.3141974470250704
2020-07-21 00:00:00+00:00,1010204.2290490608,0.006808121814262483,0.24925843787470317,59.78364447400558,9.133611962247102,2.353597434731324
2020-07-22 00:00:00+00:00,1010551.5491768544,0.0003438117935029156,0.0,80.17493881341753,9.220979810166686,2.3656455754554067
2020-07-23 00:00:00+00:00,1010631.7516807574,7.936507936510815e-05,0.0,80.20250390292496,0.0,2.364929064823517
2020-07-24 00:00:00+00:00,1010711.9605499384,7.936507936505841e-05,0.0,80.20886918101249,0.0,2.3582393985843995
2020-07-27 00:00:00+00:00,1010792.1757849026,7.936507936506972e-05,0.0,80.21523496428082,0.0,2.3596893776327934
2020-07-28 00:00:00+00:00,1010872.3973861554,7.93650793651024e-05,0.0,80.22160125277006,0.0,2.3440811772674763
2020-07-29 00:00:00+00:00,1010952.625354202,7.936507936511677e-05,0.0,80.22796804652027,0.0,2.3496975926170705
2020-07-30 00:00:00+00:00,1011032.8596895476,7.936507936507319e-05,0.0,80.2343353455716,0.0,2.338708265701561
2020-07-31 00:00:00+00:00,1011113.1003926975,7.936507936504714e-05,0.0,80.24070314996409,0.0,2.3031253603432957
2020-08-03 00:00:00+00:00,1013803.8927033753,0.0026612179286696655,0.24999999999999997,60.18530359480342,0.0,2.312738838111775
2020-08-04 00:00:00+00:00,1015956.2429278122,0.002123043953498204,0.24933646133881407,60.39885854009532,8.687387630700444,2.325105831712133
2020-08-05 00:00:00+00:00,1014891.9915667397,-0.0010475366124090366,0.248808230529408,60.569679986479194,8.630874843388385,2.318373736468579
2020-08-06 00:00:00+00:00,1016158.0008953436,0.0012474325732430489,0.24906913957213103,60.48521559274329,8.705432128610832,2.325649760371544
2020-08-07 00:00:00+00:00,1015156.0114454607,-0.0009860567441283936,0.24875882970507512,60.58569252358486,8.609596050526093,2.319404652928873
2020-08-10 00:00:00+00:00,1018707.5597135014,0.0034985245893226426,0.2490043621356764,60.50616955137193,8.958577571031324,2.3397396996808273
2020-08-11 00:00:00+00:00,1018867.79815595,0.00015729582147572493,0.0,80.84980632646837,8.91704598695195,2.33397280013904
2020-08-12 00:00:00+00:00,1018948.6606796132,7.936507936511501e-05,0.0,80.86252366317063,0.0,2.3567335829086824
2020-08-13 00:00:00+00:00,1019029.5296209371,7.936507936513123e-05,0.0,80.86894132377883,0.0,2.3628835141578226
2020-08-14 00:00:00+00:00,1019110.4049804308,7.936507936512673e-05,0.0,80.87535949372517,0.0,2.363386359355708
2020-08-17 00:00:00+00:00,1019191.2867586039,7.936507936506186e-05,0.0,80.88177817305007,0.0,2.377111605002326
2020-08-18 00:00:00+00:00,1021740.3439765516,0.002501058683551539,0.24999999999999997,60.666148021345464,0.0,2.3424570809401364
2020-08-19 00:00:00+00:00,1023110.8167069523,0.001341312143031313,0.24937629525128982,60.86845414975402,-0.6043389419380363,2.3340666896725444
2020-08-20 00:00:00+00:00,1024510.9095213525,0.0013684664373959366,0.24904225185474918,60.977221826769956,-0.573157963079518,2.3253255730471296
2020-08-21 00:00:00+00:00,1023485.0963331442,-0.001001271122322673,0.24870191163575944,61.088340304103305,-0.6475925648882925,2.332327965457119
2020-08-24 00:00:00+00:00,1020221.7308500106,-0.003188483637744504,0.24895117926242308,61.00692655900741,-0.7997262133897203,2.3536044575879544
2020-08-25 00:00:00+00:00,1021309.0143056259,0.0010657324998453004,0.24974749506400232,60.74792929844125,-0.7642112343945966,2.3471196458359587
2020-08-26 00:00:00+00:00,1021871.4683749956,0.000550718794695169,0.24948161439942299,60.834221636188495,-0.8027560721832447,2.344063341187635
2020-08-27 00:00:00+00:00,1022035.7603045702,0.0001607755325978793,0.0,81.10091018849171,-0.8412429979268818,2.3481243961978993
2020-08-28 00:00:00+00:00,1022116.8742538007,7.936507936508073e-05,0.0,81.11394923052144,0.0,2.342817535769562
2020-08-31 00:00:00+00:00,1022197.9946406463,7.936507936508807e-05,0.0,81.12038684553974,0.0,2.3342792473051337
2020-09-01 00:00:00+00:00,1022279.1214656178,7.936507936511987e-05,0.0,81.12682497147986,0.0,2.3324099139680685
2020-09-02 00:00:00+00:00,1022360.2547292261,7.936507936502261e-05,0.0,81.13326360838236,0.0,2.3365732353292814
2020-09-03 00:00:00+00:00,1022441.3944319824,7.936507936509824e-05,0.0,81.13970275628779,0.0,2.32297653329813
2020-09-04 00:00:00+00:00,1022522.5405743977,7.936507936507935e-05,0.0,81.1461424152367,0.0,2.318991421961561
2020-09-08 00:00:00+00:00,1022603.6931569829,7.936507936504013e-05,0.0,81.15258258526966,0.0,2.296611189503903
2020-09-09 00:00:00+00:00,1025590.7133198199,0.00292099489061639,0.25,60.86926744982041,0.0,2.3147169934302108
2020-09-10 00:00:00+00:00,1024442.0264651398,-0.0011200246255758193,0.249271878117644,61.106332542109065,8.394766398568127,2.3076531379079634
2020-09-11 00:00:00+00:00,1023610.278963544,-0.0008119029482475686,0.24955138181061837,61.015166918721754,8.298735090403515,2.302291420322857
2020-09-14 00:00:00+00:00,1023137.7433723856,-0.00046163623096565564,0.24975415794779326,60.94915521224589,8.250590900496158,2.2990342255372513
2020-09-15 00:00:00+00:00,1022994.0882843685,-0.00014040640074874773,0.2498695067651296,60.91165238755079,8.199123171896339,2.2979807288929575
2020-09-16 00:00:00+00:00,1024190.9555543154,0.001169964991639466,0.24990459496983988,60.900251190089115,8.414819957165287,2.304590775469425
2020-09-17 00:00:00+00:00,1023247.6650665464,-0.0009210103669177719,0.24961255701665677,60.99524065595791,8.328599141140788,2.2984837789177726
2020-09-18 00:00:00+00:00,1024249.766573556,0.0009793342718689888,0.2498426647009447,60.92037633153179,8.348698835926623,2.3045357442404653
2020-09-21 00:00:00+00:00,1021914.1138727133,-0.002280354633280723,0.249598224605391,60.999908197167485,8.120379149096008,2.289694029962196
2020-09-22 00:00:00+00:00,1022722.0682298564,0.0007906284355749477,0.2501686979548742,60.81453893519584,8.105682634297782,2.294889584535878
2020-09-23 00:00:00+00:00,1017740.3479521405,-0.0048710401706089914,0.24997106372382322,60.87866229687386,7.630727688671862,2.262111979798553
2020-09-24 00:00:00+00:00,1018497.3014143243,0.0007437589201478928,0.25119464292012894,60.48328767165832,7.690201732525611,2.2668406094784888
2020-09-25 00:00:00+00:00,1017443.495169163,-0.001034667685125902,0.2510079535156736,60.54336334326021,7.605235517292499,2.2593778895799725
2020-09-28 00:00:00+00:00,1020860.622443495,0.003358542553524159,0.2512679323255593,60.45972792697756,7.909583765214731,2.2816353559799136
2020-09-29 00:00:00+00:00,1019632.871046873,-0.0012026630958526204,0.25042686304946205,60.730928504305496,7.753396456594131,2.273456419286514
2020-09-30 00:00:00+00:00,1018280.3304590214,-0.0013264976309198297,0.250728404849056,60.633487917272014,7.642563996553671,2.2640053552622774
2020-10-01 00:00:00+00:00,1018481.1792993646,0.00019724317001453324,0.2510614372507845,60.52614342617267,7.56889989183713,2.1881238570200314
2020-10-02 00:00:00+00:00,1019879.8670523473,0.0013733074124599,0.2510119268626187,60.542083810326886,7.649155587078949,2.1978626568875366
2020-10-05 00:00:00+00:00,1021900.0664654134,0.001980820955810139,0.2506676830753871,60.65309077484933,7.867018257961807,2.2099190763025165
2020-10-06 00:00:00+00:00,1022055.1007402295,0.0001517117768201012,0.2501721368641268,60.813424061600614,7.8456947198437055,2.2112211706985265
2020-10-07 00:00:00+00:00,1024559.3060805439,0.0024501666676295026,0.25013418856193664,60.8257283691257,8.066089660403671,2.2269019492926394
2020-10-08 00:00:00+00:00,1023631.4974774821,-0.0009055684698342789,0.2495228160751762,61.02447482470621,8.130352779202683,2.2177116648995376
2020-10-09 00:00:00+00:00,1022386.9815649269,-0.0012157850902614837,0.24974898087763223,60.950839221288604,7.967810897641866,2.210281730609713
2020-10-12 00:00:00+00:00,1022539.8101670168,0.00014948214799837066,0.2500529915765663,60.85206811711755,7.972155033569956,2.2109966802881846
2020-10-13 00:00:00+00:00,1022557.8227850872,1.7615566544455412e-05,0.2500156187048492,60.86419737125167,7.9342184773250315,2.2113960399573966
2020-10-14 00:00:00+00:00,1021438.7495192552,-0.0010943862937588765,0.2500112146156612,60.8656269441144,7.844783435021176,2.203571006552013
2020-10-15 00:00:00+00:00,1022535.4195577366,0.0010736522762598462,0.2502851232240494,60.77681160555631,7.937674396524932,2.2103013434525707
2020-10-16 00:00:00+00:00,1021717.2458546339,-0.0008001421637370937,0.2500166922333301,60.86384891019769,7.848437924982239,2.2048913473301197
2020-10-19 00:00:00+00:00,1020358.2185467362,-0.0013301403234716928,0.2502169013261608,60.79891448931652,7.691868853568877,2.196187327738775
2020-10-20 00:00:00+00:00,1020595.6948741609,0.00023273819243890888,0.25055016820794684,60.69105517916591,7.719429962849317,2.197211310171944
2020-10-21 00:00:00+00:00,1019737.7813955897,-0.0008406007225780072,0.2504918691830925,60.709902506739304,7.609808981440864,2.1916636837251553
2020-10-22 00:00:00+00:00,1020931.4839095358,0.001170597516071661,0.2507026099781924,60.64181413542413,7.82594603039151,2.1973971782542128
2020-10-23 00:00:00+00:00,1021218.95919012,0.0002815813647781073,0.250409481261427,60.736552430181746,7.792170418043076,2.199731135536874
2020-10-26 00:00:00+00:00,1019892.4810634701,-0.0012989164710590839,0.2503389904668341,60.75936792864082,7.618805136471298,2.19147207429248
2020-10-27 00:00:00+00:00,1018011.1336795675,-0.0018446526656818844,0.250664582822173,60.65409188684321,7.422207502817607,2.1788046291718985
2020-10-28 00:00:00+00:00,1017216.9482040603,-0.000780134371061947,0.2511278264366362,60.50477860240649,7.296105883789778,2.1738206187342874
2020-10-29 00:00:00+00:00,1015655.9300336407,-0.001534597091776399,0.2513238928437127,60.441748009112274,7.2411946006903225,2.1612466416367537
2020-10-30 00:00:00+00:00,1019273.9595835286,0.003562259071108887,0.2517101665332452,60.317857678126586,7.503336036058051,2.1866212122633875
2020-11-02 00:00:00+00:00,1018346.6075159904,-0.0009098163048500722,0.0,80.89475869710544,7.747996290635823,2.1978829148481065
2020-11-03 00:00:00+00:00,1018427.4286753171,7.936507936511699e-05,0.0,80.8211593266659,0.0,2.2024085675000435
2020-11-04 00:00:00+00:00,1018508.2562490215,7.936507936510551e-05,0.0,80.82757370439025,0.0,2.20479577248678
2020-11-05 00:00:00+00:00,1018589.0902376127,7.936507936510051e-05,0.0,80.83398859119218,0.0,2.2137312025869322
2020-11-06 00:00:00+00:00,1018669.9306415998,7.936507936506232e-05,0.0,80.84040398711213,0.0,2.2027282454772847
2020-11-09 00:00:00+00:00,1018750.777461492,7.936507936506558e-05,0.0,80.84681989219047,0.0,2.252293408805305
2020-11-10 00:00:00+00:00,1018831.6306977984,7.936507936507062e-05,0.0,80.85323630646762,0.0,2.2910418768618572
2020-11-11 00:00:00+00:00,1018912.4903510284,7.936507936503776e-05,0.0,80.859653229984,0.0,2.2912174786451893
2020-11-12 00:00:00+00:00,1018930.3756305588,1.7553302859468118e-05,0.1404477872670259,69.50860997321361,0.0,2.2875580690636137
2020-11-13 00:00:00+00:00,1017631.1879663173,-0.0012750504797126455,0.14044532198775384,69.51002943984302,-0.31537183266893265,2.3025591384632014
2020-11-16 00:00:00+00:00,1014172.1951732639,-0.0033990632696370136,0.14062462548393656,69.40691930776036,-0.40247376759547115,2.3391467628828946
2020-11-17 00:00:00+00:00,1017122.8495338137,0.0029094214716127763,0.14110424774965216,69.13239607021644,-0.23986544884310068,2.3092893343252086
2020-11-18 00:00:00+00:00,1018270.3187218707,0.0011281520109227038,0.14069490696637763,69.36657498772038,-0.24458800462502794,2.297765452469363
2020-11-19 00:00:00+00:00,1017320.3761163185,-0.0009328982570605728,0.14053636058857186,69.45764397089951,-0.30785631521388723,2.3087603973615365
2020-11-20 00:00:00+00:00,1016342.5947395788,-0.0009611341713929588,0.14066758913730296,69.3822517006176,-0.3589417566213331,2.3199262802370493
2020-11-23 00:00:00+00:00,1013768.7587566061,-0.0025324491921271323,0.14080291963479585,69.30465000405096,-0.3793807932662956,2.3461826238729184
2020-11-24 00:00:00+00:00,1012865.5564784462,-0.0008909352062374574,0.14116040117872125,69.10037730698963,-0.311687582924272,2.355114676968853
2020-11-25 00:00:00+00:00,1015001.7211831403,0.0021090308491890364,0.14128627809803704,69.02869458650075,-0.26735207159452723,2.335168406334735
2020-11-27 00:00:00+00:00,1015221.8829569522,0.00021690778371811727,0.14098892809928157,69.19823146782568,-0.2887532406349549,2.33367824434134
2020-11-30 00:00:00+00:00,1016743.9973455613,0.0014992923361499422,0.14095835313530644,69.21570462447741,-0.29807496847827153,2.319044189952148
2020-12-01 00:00:00+00:00,1017195.2318188462,0.00044380342983382743,0.14074733173949586,69.3365073537321,-0.27302013485936105,2.3150634870879507
2020-12-02 00:00:00+00:00,1016224.4043815573,-0.0009544160323608741,0.1406848953004357,69.37231961351662,-0.2594424502532273,2.3257270872365
2020-12-03 00:00:00+00:00,1017016.6297973412,0.0007795772394051669,0.1408192954937207,69.29526981690638,-0.21353087106372715,2.318457921846666
2020-12-04 00:00:00+00:00,1015338.1853776653,-0.001650360840225706,0.1407096014910325,69.3581448499051,-0.2407391273578905,2.33601516449824
2020-12-07 00:00:00+00:00,1017466.6291892843,0.0020962905190325914,0.1409422069901841,69.22493497532766,-0.1679162817382558,2.3154996008894693
2020-12-08 00:00:00+00:00,1018289.6909306728,0.000808932418790318,0.14064736924351204,69.39385908736091,-0.07278533873828485,2.308592524885691
2020-12-09 00:00:00+00:00,1020490.130698966,0.002160917259490339,0.14053368698817517,69.45918144778858,0.058733581271863566,2.2877784847644187
2020-12-10 00:00:00+00:00,1019406.0664498435,-0.0010622976318056163,0.14023066013438107,69.63381952463725,0.07019775467521283,2.3007087314753387
2020-12-11 00:00:00+00:00,1019099.9207161868,-0.0003003177474927984,0.0,80.90524336903519,0.07782967572398669,2.293720383729649
2020-12-14 00:00:00+00:00,1019180.8016622753,7.936507936507546e-05,0.0,80.88094608858626,0.0,2.283274686125744
2020-12-15 00:00:00+00:00,1019261.6890274866,7.936507936505516e-05,0.0,80.8873652112917,0.0,2.2706608003561555
2020-12-16 00:00:00+00:00,1019342.5828123301,7.936507936512874e-05,0.0,80.89378484345131,0.0,2.25350285596634
2020-12-17 00:00:00+00:00,1019423.4830173152,7.936507936502807e-05,0.0,80.90020498510556,0.0,2.2554837951294764
2020-12-18 00:00:00+00:00,1019504.3896429514,7.936507936505616e-05,0.0,80.90662563629485,0.0,2.2512479165190524
2020-12-21 00:00:00+00:00,1019585.3026897485,7.93650793650591e-05,0.0,80.91304679705964,0.0,2.25005474206887
2020-12-22 00:00:00+00:00,1019666.2221582159,7.936507936511143e-05,0.0,80.91946846744035,0.0,2.2384617540268836
2020-12-23 00:00:00+00:00,1019747.1480488634,7.936507936505928e-05,0.0,80.92589064747746,0.0,2.2452984232498743
2020-12-24 00:00:00+00:00,1019828.0803622006,7.936507936509135e-05,0.0,80.93231333721138,0.0,2.2449363027136777
2020-12-28 00:00:00+00:00,1019909.0190987373,7.936507936505379e-05,0.0,80.93873653668258,0.0,2.238647995295927
2020-12-29 00:00:00+00:00,1019989.9642589833,7.936507936513524e-05,0.0,80.94516024593153,0.0,2.2418832331652254
2020-12-30 00:00:00+00:00,1020070.9158434483,7.936507936506774e-05,0.0,80.95158446499867,0.0,2.24405503668894
2020-12-31 00:00:00+00:00,1020151.8738526421,7.93650793650399e-05,0.0,80.95800919392447,0.0,2.2397657670147026
2021-01-04 00:00:00+00:00,1020232.8382870749,7.936507936512618e-05,0.0,80.96443443274937,0.0,2.355292567477135
2021-01-05 00:00:00+00:00,1020313.8091472564,7.936507936505866e-05,0.0,80.97086018151388,0.0,2.3576457417341126
2021-01-06 00:00:00+00:00,1020394.7864336966,7.93650793650259e-05,0.0,80.97728644025845,0.0,2.3739925071273453
2021-01-07 00:00:00+00:00,1020475.7701469057,7.936507936510234e-05,0.0,80.98371320902355,0.0,2.3723854763899372
2021-01-08 00:00:00+00:00,1020556.7602873936,7.936507936513417e-05,0.0,80.99014048784966,0.0,2.3769524737392307
2021-01-11 00:00:00+00:00,1020637.7568556704,7.936507936508178e-05,0.0,80.99656827677727,0.0,2.365447017346022
2021-01-12 00:00:00+00:00,1020718.7598522463,7.93650793651336e-05,0.0,81.00299657584685,0.0,2.369571522618914
2021-01-13 00:00:00+00:00,1020799.7692776314,7.936507936513593e-05,0.0,81.00942538509891,0.0,2.363570569304787
2021-01-14 00:00:00+00:00,1020880.785132336,7.936507936504909e-05,0.0,81.01585470457393,0.0,2.3654015467208085
2021-01-15 00:00:00+00:00,1020961.8074168703,7.936507936506152e-05,0.0,81.02228453431238,0.0,2.359213208165322
2021-01-19 00:00:00+00:00,1021042.8361317447,7.936507936513352e-05,0.0,81.02871487435478,0.0,2.3728724778094468
2021-01-20 00:00:00+00:00,1021123.8712774694,7.936507936511139e-05,0.0,81.03514572474164,0.0,2.374620788432152
2021-01-21 00:00:00+00:00,1021204.912854555,7.93650793650695e-05,0.0,81.04157708551345,0.0,2.355928159097993
2021-01-22 00:00:00+00:00,1021285.9608635117,7.93650793650822e-05,0.0,81.0480089567107,0.0,2.360138816013304
2021-01-25 00:00:00+00:00,1021367.0153048501,7.936507936510979e-05,0.0,81.05444133837395,0.0,2.3580391607947204
2021-01-26 00:00:00+00:00,1021448.0761790806,7.936507936511261e-05,0.0,81.06087423054366,0.0,2.3493744813892063
2021-01-27 00:00:00+00:00,1021529.1434867139,7.9365079365051e-05,0.0,81.06730763326037,0.0,2.3418825128458693
2021-01-28 00:00:00+00:00,1021610.2172282605,7.936507936511323e-05,0.0,81.07374154656459,0.0,2.3441872209423686
2021-01-29 00:00:00+00:00,1021691.2974042309,7.936507936503171e-05,0.0,81.08017597049687,0.0,2.3215967719231703
2021-02-01 00:00:00+00:00,1021772.384015136,7.936507936510864e-05,0.0,81.08661090509769,0.0,2.328768280073484
2021-02-02 00:00:00+00:00,1021853.4770614865,7.936507936507642e-05,0.0,81.09304635040762,0.0,2.3306715612898454
2021-02-03 00:00:00+00:00,1021934.576543793,7.93650793651233e-05,0.0,81.09948230646718,0.0,2.3317705051355055
2021-02-04 00:00:00+00:00,1022015.6824625663,7.936507936509564e-05,0.0,81.1059187733169,0.0,2.314549573408568
2021-02-05 00:00:00+00:00,1019833.7775790239,-0.002134903525438187,0.25000000000000006,60.834266813247986,0.0,2.304807850124231
2021-02-08 00:00:00+00:00,1019775.824351893,-5.682614991277044e-05,0.25053486777245265,60.661099758998596,8.478061225362755,2.305022336262294
2021-02-09 00:00:00+00:00,1021487.3065986541,0.001678292626567027,0.25054910551348303,60.6565002965279,8.520460879006539,2.3143208528867825
2021-02-10 00:00:00+00:00,1023744.5304336663,0.0022097424220847888,0.25012931532788,60.79233222087401,8.715128536179941,2.327471636718
2021-02-11 00:00:00+00:00,1025281.7607316918,0.0015015760791164867,0.24957781264766135,60.971476969684495,8.753801001157061,2.3362148733960493
2021-02-12 00:00:00+00:00,1024790.5640441828,-0.0004790845856445653,0.2492036144613568,61.09347937428971,8.764016058711675,2.3329724233791986
2021-02-16 00:00:00+00:00,1026823.3625033816,0.001983623318287257,0.24932306129686985,61.054495510201676,9.007143413936982,2.3445133902240025
2021-02-17 00:00:00+00:00,1026886.0727218543,6.107206045630754e-05,0.24882947734333438,61.2158287212492,9.057963352541847,2.3446478693844734
2021-02-18 00:00:00+00:00,1026585.2625348009,-0.0002929343332664708,0.2488142817424774,61.22080572271529,8.972659592303106,2.342545499907122
2021-02-19 00:00:00+00:00,1027440.9808864746,0.0008335579935764717,0.24888718934534684,61.19693189834599,9.062269701573694,2.347156263138229
2021-02-22 00:00:00+00:00,1028800.252265739,0.0013229678439452973,0.2486799002266711,61.264846053240724,9.286205614401736,2.3546844337129436
2021-02-23 00:00:00+00:00,1029455.7927103768,0.0006371892339587404,0.24835133939065654,61.372724734134714,9.357691680310683,2.358062014866114
2021-02-24 00:00:00+00:00,1033596.4697927021,0.004022199993089217,0.24819319335990575,61.42475175355041,9.793416032339021,2.3801937811809815
2021-02-25 00:00:00+00:00,1034484.1724024643,0.0008588483375337356,0.0,82.03146585656366,9.734700800332885,2.3822582103878247
2021-02-26 00:00:00+00:00,1034566.2743209089,7.936507936505954e-05,0.0,82.10191844464002,0.0,2.366559186346889
2021-03-01 00:00:00+00:00,1034648.3827553788,7.9365079365071e-05,0.0,82.1084344699134,0.0,2.3688654441864965
2021-03-02 00:00:00+00:00,1034730.4977063912,7.936507936505539e-05,0.0,82.11495101233166,0.0,2.375517470650155
2021-03-03 00:00:00+00:00,1034812.6191744631,7.936507936508556e-05,0.0,82.12146807193581,0.0,2.3824129730579635
2021-03-04 00:00:00+00:00,1034894.7471601119,7.936507936512184e-05,0.0,82.12798564876691,0.0,2.3710498935409
2021-03-05 00:00:00+00:00,1034976.8816638548,7.936507936512455e-05,0.0,82.13450374286603,0.0,2.3925920582487916
2021-03-08 00:00:00+00:00,1035059.0226862091,7.936507936505404e-05,0.0,82.14102235427418,0.0,2.40170967566214
2021-03-09 00:00:00+00:00,1035141.1702276921,7.936507936509561e-05,0.0,82.14754148303247,0.0,2.40523215048189
2021-03-10 00:00:00+00:00,1034945.0043901199,-0.000189506362237568,0.25000000000000006,61.61554584688644,0.0,2.407495480589634
2021-03-11 00:00:00+00:00,1034774.7764707058,-0.0001644801595177388,0.2500473855704265,61.59997712961879,-0.8209957712621787,2.4088200245730658
2021-03-12 00:00:00+00:00,1035471.9836873208,0.000673776779709539,0.2500885201701176,61.586466977284346,-0.7521125572824714,2.4051488403871466
2021-03-15 00:00:00+00:00,1035115.3633814859,-0.0003444036260305117,0.2499201297898832,61.64180088336491,-0.8453769167182468,2.4074979762515443
2021-03-16 00:00:00+00:00,1036928.809234906,0.0017519263239374144,0.25000623284300455,61.61349768448911,-0.8277654453405381,2.39685063601078
2021-03-17 00:00:00+00:00,1036842.9539190154,-8.279769558527058e-05,0.2495690063311741,61.75742195857008,-0.8111231828188461,2.3977787514031665
2021-03-18 00:00:00+00:00,1038588.545546552,0.001683564151098078,0.24958967178083943,61.750608044610495,-0.8462792086381528,2.387306766422429
2021-03-19 00:00:00+00:00,1039623.1576762252,0.000996171327047199,0.2491701778019693,61.889147062668975,-0.8156113094129063,2.3811448668610153
2021-03-22 00:00:00+00:00,1040106.8702893672,0.000465276874192739,0.2489222086350618,61.97125913645255,-0.8191984175509763,2.3784539273068366
2021-03-23 00:00:00+00:00,1039806.68103624,-0.00028861385469330377,0.24880644475016941,62.009649026384444,-0.8759846769818982,2.3808467067508867
2021-03-24 00:00:00+00:00,1037562.6798031317,-0.0021580946478165744,0.24887827446831312,61.98582448248547,-0.9345585545667607,2.3954117064060467
2021-03-25 00:00:00+00:00,1036684.5947109966,-0.000846295948406444,0.2494165389661329,61.807729146524494,-0.9826138413559122,2.4013261129016925
2021-03-26 00:00:00+00:00,1035309.7131543263,-0.0013262293697472978,0.2496277979601562,61.738039853497895,-0.991142748226244,2.409955443563151
2021-03-29 00:00:00+00:00,1035682.9036433732,0.00036046265605858255,0.24995930132681732,61.62892226963518,-0.9858929830581953,2.4080908387020834
2021-03-30 00:00:00+00:00,1036035.714503868,0.00034065529058529,0.2498692327994951,61.65854056241667,-1.0084310131003076,2.4064683130295292
2021-03-31 00:00:00+00:00,1037038.9460863506,0.0009683368714398047,0.24978414250984482,61.686541424360705,-1.0005536130929438,2.400790909392257
2021-04-01 00:00:00+00:00,1037854.8980924351,0.0007868094145970037,0.24954250130484001,61.766162978526,-0.8897891874544006,2.39914344419213
2021-04-05 00:00:00+00:00,1038551.133430875,0.0006708407309341647,0.24934631327805779,61.830921074246994,-0.9022199468731031,2.395245710464814
2021-04-06 00:00:00+00:00,1039823.0129312696,0.001224667192064863,0.24917915375242095,61.88617784713905,-0.8468587047093279,2.3875856994462183
2021-04-07 00:00:00+00:00,1039213.9563280424,-0.0005857310288894496,0.2488743654820691,61.98712066463068,-0.8668004428568401,2.3918377652477147
2021-04-08 00:00:00+00:00,1040255.3531943657,0.0010021005395298775,0.24902022435429444,61.93878283897772,-0.8468790386328631,2.385638319054394
2021-04-09 00:00:00+00:00,1040461.0028096024,0.00019769147508366628,0.24877093087025,62.02143338392402,-0.8513375064010333,2.384733124294254
2021-04-12 00:00:00+00:00,1041483.7771298564,0.0009830011095967495,0.2487217606984921,62.037754781958675,-0.817109610935757,2.3785474403720794
2021-04-13 00:00:00+00:00,1040809.9706159239,-0.0006469678440785935,0.24847750703336846,62.118927347058204,-0.8458081601591658,2.3833032761303916
2021-04-14 00:00:00+00:00,1040583.7098036712,-0.00021738916674553794,0.24863836806230896,62.065450639603235,-0.7821340435004325,2.385172891503509
2021-04-15 00:00:00+00:00,1041801.0110756247,0.0011698254167203655,0.2486924311026823,62.0474934322816,-0.7414851082396605,2.3778016477298816
2021-04-16 00:00:00+00:00,1041700.0077793776,-9.69506606091876e-05,0.24840184431164633,62.1441046443414,-0.7657726355164811,2.378816324987696
2021-04-19 00:00:00+00:00,1040741.3690933725,-0.0009202636832543571,0.24842592936961116,62.13608850971861,-0.8242948362330886,2.3853381196842154
2021-04-20 00:00:00+00:00,1042408.5893467038,0.0016019544363684993,0.24865475731243422,62.06000607432138,-0.8074949961787898,2.3749877488520568
2021-04-21 00:00:00+00:00,1041228.2520915671,-0.0011323172767373592,0.24825706081250581,62.19232514204609,-0.8299313566032231,2.383031758417229
2021-04-22 00:00:00+00:00,1042662.8145101558,0.001377759790619389,0.24853848523326957,62.09864758211461,-0.7918977736966657,2.3741523544040666
2021-04-23 00:00:00+00:00,1042279.885348575,-0.00036726078292219724,0.24819653003401745,62.212501742320065,-0.8024773662629812,2.3770572763546625
2021-04-26 00:00:00+00:00,1042789.1247789992,0.0004885822297664165,0.24828771637512334,62.18211053901999,-0.771569280347064,2.3741675271805365
2021-04-27 00:00:00+00:00,1042130.5034250391,-0.0006315959174389295,0.2481664666494945,62.22252636683144,-0.7796665331215618,2.378862180386316
2021-04-28 00:00:00+00:00,1041101.6313770073,-0.0009872775479177582,0.24832330663617083,62.170254830802854,-0.7548850765143795,2.3859398501121993
2021-04-29 00:00:00+00:00,1039716.3188584449,-0.0013306217921588953,0.2485687129455768,62.088598319054306,-0.777786980907208,2.3950517676023386
2021-04-30 00:00:00+00:00,1042895.3333301892,0.003057578701115991,0.2488999045826808,61.97865288107317,-0.7109163317042506,2.3752622949993047
2021-05-03 00:00:00+00:00,1041663.4237829556,-0.0011812398692971925,0.248141193355009,62.23095561692588,-0.7040543129105632,2.3837081411472347
2021-05-04 00:00:00+00:00,1040681.7318801609,-0.0009424271606173889,0.248434654273552,62.13318501793909,-0.714320434530499,2.3903482453617326
2021-05-05 00:00:00+00:00,1039528.634768055,-0.001108020902819686,0.2486690066994693,62.05527296216172,-0.7192363948286313,2.3979819858216573
2021-05-06 00:00:00+00:00,1040645.2537814344,0.0010741589755519083,0.24894484278892862,61.963757318343816,-0.6364863951418915,2.3917766042044812
2021-05-07 00:00:00+00:00,1040997.9870261297,0.00033895628064761795,0.2486777233803398,62.05237787496122,-0.5796268514552578,2.3903302295268785
2021-05-10 00:00:00+00:00,1041777.27634916,0.0007485982996533035,0.24859346106538377,62.08037257692117,-0.5385382106602181,2.386071315073714
2021-05-11 00:00:00+00:00,1043258.9142868577,0.0014222214011904743,0.2484075036305448,62.142220935891814,-0.5554015994129655,2.3766765492732413
2021-05-12 00:00:00+00:00,1041355.5223607658,-0.001824467445258273,0.24805471490633882,62.259811248407516,-0.687098579442494,2.3885728578613454
2021-05-13 00:00:00+00:00,1041384.8673560674,2.8179612698495725e-05,0.24850810986266592,62.108748397130384,-0.7127636781648756,2.3886750258089555
2021-05-14 00:00:00+00:00,1039729.8337885448,-0.0015892621636845506,0.24850110719770993,62.11107736501146,-0.7250385441698066,2.3994410846107845
2021-05-17 00:00:00+00:00,1040020.8665905617,0.00027991194689151223,0.24889666925682694,61.979725494573145,-0.6527745188701328,2.398379246800087
2021-05-18 00:00:00+00:00,1044088.0989003308,0.003910721833017164,0.2488270196013311,62.00282333600306,-0.5496862902765265,2.373316290442678
2021-05-19 00:00:00+00:00,1045816.9959894087,0.0016558919605527461,0.24785771701591516,62.32561955106411,-0.5284415384030834,2.362300283505074
2021-05-20 00:00:00+00:00,1045498.5843903276,-0.0003044620620072144,0.247447969911883,62.46283360575282,-0.5505928132431046,2.3647010568125655
2021-05-21 00:00:00+00:00,1044086.0377091473,-0.001351074695145532,0.24752333137574856,62.437562843920986,-0.6505632980587919,2.3738888832414577
2021-05-24 00:00:00+00:00,1043893.3535322947,-0.00018454817887934798,0.24785820632630018,62.325455964462236,-0.6009228695420472,2.3758787973699897
2021-05-25 00:00:00+00:00,1044228.8413930285,0.00032138135528743996,0.24790395655001846,62.310163569473936,-0.6474158954549849,2.3737940988274433
2021-05-26 00:00:00+00:00,1045040.1468085257,0.0007769421637644665,0.24782431043725697,62.3367895901671,-0.5830576555246441,2.3692289164504707
2021-05-27 00:00:00+00:00,1046155.0173296997,0.001066820757631921,0.24763191476158497,62.40117890885735,-0.5428810422067776,2.3624476601005173
2021-05-28 00:00:00+00:00,1044901.8306109103,-0.0011978977283769489,0.24736801742582085,62.48966069625212,-0.6247922986720591,2.370714902712638
2021-06-01 00:00:00+00:00,1043678.406707103,-0.0011708505698492407,0.24766469440064254,62.39020143285614,-0.5865824884281887,2.379458691072887
2021-06-02 00:00:00+00:00,1042302.6898276267,-0.0013181425146246294,0.24795501266852246,62.29310429763333,-0.6362474819151422,2.3884255684756552
2021-06-03 00:00:00+00:00,1042278.0262149281,-2.3662620215086335e-05,0.0,82.72243570060529,-0.5768403656194154,2.3817721229974795
2021-06-04 00:00:00+00:00,1042360.7466931992,7.936507936507144e-05,0.0,82.72047827102604,0.0,2.3850560112982775
2021-06-07 00:00:00+00:00,1042443.4737365874,7.936507936502742e-05,0.0,82.72704338834914,0.0,2.381580790924149
2021-06-08 00:00:00+00:00,1042526.2073456142,7.936507936512761e-05,0.0,82.7336090267133,0.0,2.3808634482973057
2021-06-09 00:00:00+00:00,1042608.9475208004,7.9365079365109e-05,0.0,82.74017518615986,0.0,2.368534703057559
2021-06-10 00:00:00+00:00,1042691.6942626671,7.93650793650436e-05,0.0,82.74674186673019,0.0,2.3726032776205
2021-06-11 00:00:00+00:00,1042774.4475717356,7.936507936511506e-05,0.0,82.75330906846564,0.0,2.373940450231201
2021-06-14 00:00:00+00:00,1042857.207448527,7.936507936506039e-05,0.0,82.75987679140759,0.0,2.375566839337323
2021-06-15 00:00:00+00:00,1042939.9738935626,7.936507936506322e-05,0.0,82.76644503559739,0.0,2.3762654762193507
2021-06-16 00:00:00+00:00,1043022.7469073636,7.936507936508388e-05,0.0,82.77301380107639,0.0,2.3720630073347726
2021-06-17 00:00:00+00:00,1043105.5264904515,7.93650793650827e-05,0.0,82.77958308788601,0.0,2.3676414728712096
2021-06-18 00:00:00+00:00,1043188.3126433477,7.936507936513161e-05,0.0,82.78615289606758,0.0,2.3443639806375294
2021-06-21 00:00:00+00:00,1043376.1141704835,0.0001800264869340958,0.25,62.094542419246885,0.0,2.3496346713921454
2021-06-22 00:00:00+00:00,1042939.533221419,-0.00041843103664652363,0.24995500147919208,62.10944730235291,8.76298275207605,2.346927559750102
2021-06-23 00:00:00+00:00,1042093.8021560601,-0.0008109109286005933,0.2500596341911501,62.07479802068112,8.715982885790782,2.3418308208043266
2021-06-24 00:00:00+00:00,1042890.9694136836,0.0007649668925908585,0.2502625748481142,62.00767650755739,8.786515129326965,2.346215766211357
2021-06-25 00:00:00+00:00,1042922.4845704511,3.0219033141274003e-05,0.250071278599198,62.07094375022593,8.791681160879723,2.3461306839619764
2021-06-28 00:00:00+00:00,1040490.8920857743,-0.002331517941794347,0.25006372191529797,62.07344495314399,8.510347824124022,2.331023600928293
2021-06-29 00:00:00+00:00,1040676.9172024133,0.0001787859154308135,0.25064811248663743,61.880461422614076,8.512604168197097,2.331760668227021
2021-06-30 00:00:00+00:00,1041617.3224219711,0.0009036476201334839,0.2506033081447808,61.89522532076003,8.603690040771516,2.337149924675647
2021-07-01 00:00:00+00:00,1043429.3567213691,0.0017396353347740136,0.2503770555144291,61.96986065564557,8.753388991514958,2.3469258432049425
2021-07-02 00:00:00+00:00,1043216.0474179179,-0.00020443099676768425,0.24994224714963484,62.113672901629535,8.726707947775735,2.3453454245031926
2021-07-06 00:00:00+00:00,1042605.6945683892,-0.0005850685014282076,0.2499933535400843,62.09674359183182,8.588083535198662,2.341137359000019
2021-07-07 00:00:00+00:00,1043146.2784235933,0.000518493096690632,0.2501397024009157,62.048302889488276,8.586303062884621,2.3439931852168185
2021-07-08 00:00:00+00:00,1042830.6595840979,-0.00030256431530610844,0.25001007390349367,62.091206370060036,8.54781335095103,2.3417655509083843
2021-07-09 00:00:00+00:00,1043362.7013185286,0.0005101899618514239,0.2500857409244643,62.06615725581436,8.634970818052919,2.344694028371475
2021-07-12 00:00:00+00:00,1043988.8472029059,0.000600122932884241,0.2499582147524153,62.10838279029299,8.674909510782156,2.3480924401082524
2021-07-13 00:00:00+00:00,1043476.7298923639,-0.0004905390626673026,0.24980829906332258,62.15807690810071,8.608416169891303,2.3447010546745854
2021-07-14 00:00:00+00:00,1042708.545209723,-0.0007361780676414173,0.24993089993270717,62.11743267710531,8.491263246802689,2.33971590945189
2021-07-15 00:00:00+00:00,1042804.9902488788,9.249472405205499e-05,0.2501150291315413,62.05646563880048,8.459278050044707,2.3399916439106154
2021-07-16 00:00:00+00:00,1041054.4333812147,-0.0016787001251751825,0.25009189695054523,62.06412000698745,8.244382805593466,2.328881738851968
2021-07-19 00:00:00+00:00,1040165.7646816674,-0.0008536236637127746,0.2505124322018404,61.92518692225221,8.091456487998547,2.3230505963129144
2021-07-20 00:00:00+00:00,1039778.0664974059,-0.00037272730695978577,0.2507264582397127,61.85465766038338,8.073881607172998,2.3201754511585664
2021-07-21 00:00:00+00:00,1042433.1834781173,0.0025535420165723297,0.25081994568259874,61.823887963219754,8.366759095079454,2.336443369344209
2021-07-22 00:00:00+00:00,1041865.8185288712,-0.0005442698469681631,0.2501810977377732,62.03461153311749,8.29127008844772,2.3326241639455745
2021-07-23 00:00:00+00:00,1041887.2555381347,2.0575595131645854e-05,0.25031733791697475,61.989582568891606,8.278138835035316,2.332445028295553
2021-07-26 00:00:00+00:00,1043194.2271922879,0.0012544271438257927,0.25031218759474627,61.991283918833155,8.44792935520456,2.3400889612330364
2021-07-27 00:00:00+00:00,1043741.305779647,0.0005244263945281682,0.24999858258683136,62.09501182789293,8.450785880356062,2.343211749504058
2021-07-28 00:00:00+00:00,1044670.78094984,0.0008905225509866298,0.24986754545086096,62.13843076339762,8.544197157736553,2.3484990355885125
2021-07-29 00:00:00+00:00,1045756.0203328005,0.001038833863022146,0.24964523074313794,62.21219863404786,8.656867103230436,2.3546392200231163
2021-07-30 00:00:00+00:00,1046213.3181330508,0.0004372891873047227,0.2493861599552074,62.29832874380663,8.625482087550884,2.3574138698385396
2021-08-02 00:00:00+00:00,1046555.7199727898,0.00032727727109224203,0.0,83.0328030264326,8.631414045941266,2.3573335642809075
2021-08-03 00:00:00+00:00,1046638.7799505654,7.936507936513118e-05,0.0,83.05997777561824,0.0,2.359247098822341
2021-08-04 00:00:00+00:00,1046721.8465204028,7.936507936512317e-05,0.0,83.06656983734646,0.0,2.3511996124203676
2021-08-05 00:00:00+00:00,1046804.9196828251,7.936507936510652e-05,0.0,83.07316242225419,0.0,2.355891753622801
2021-08-06 00:00:00+00:00,1046887.9994383554,7.936507936504158e-05,0.0,83.07975553038294,0.0,2.3571717686848883
2021-08-09 00:00:00+00:00,1046971.0857875173,7.936507936511108e-05,0.0,83.08634916177424,0.0,2.3461836546340877
2021-08-10 00:00:00+00:00,1047054.1787308337,7.936507936505294e-05,0.0,83.09294331646963,0.0,2.3536071017050895
2021-08-11 00:00:00+00:00,1047137.2782688282,7.93650793650499e-05,0.0,83.09953799451061,0.0,2.360362981010474
2021-08-12 00:00:00+00:00,1047220.3844020241,7.936507936506228e-05,0.0,83.10613319593874,0.0,2.368262085562713
2021-08-13 00:00:00+00:00,1047303.4971309449,7.936507936505039e-05,0.0,83.11272892079556,0.0,2.3670030328443263
2021-08-16 00:00:00+00:00,1047386.616456114,7.936507936508575e-05,0.0,83.1193251691226,0.0,2.365572078511862
2021-08-17 00:00:00+00:00,1047469.742378055,7.936507936512868e-05,0.0,83.12592194096143,0.0,2.3674062170363
2021-08-18 00:00:00+00:00,1047552.8748972913,7.936507936502835e-05,0.0,83.13251923635357,0.0,2.3433117689804637
2021-08-19 00:00:00+00:00,1047636.0140143466,7.936507936507857e-05,0.0,83.13911705534058,0.0,2.330549448350414
2021-08-20 00:00:00+00:00,1047719.1597297447,7.936507936512847e-05,0.0,83.14571539796403,0.0,2.3334103117697
2021-08-23 00:00:00+00:00,1047802.3120440089,7.936507936502727e-05,0.0,83.15231426426544,0.0,2.3359475482892575
2021-08-24 00:00:00+00:00,1047885.4709576631,7.93650793650687e-05,0.0,83.15891365428642,0.0,2.3388702942570756
2021-08-25 00:00:00+00:00,1047968.6364712312,7.936507936510192e-05,0.0,83.1655135680685,0.0,2.3452015923500533
2021-08-26 00:00:00+00:00,1048051.8085852369,7.936507936508728e-05,0.0,83.17211400565327,0.0,2.3406496728544277
2021-08-27 00:00:00+00:00,1048134.987300204,7.936507936509621e-05,0.0,83.1787149670823,0.0,2.3441293570162034
2021-08-30 00:00:00+00:00,1048218.1726166564,7.936507936508904e-05,0.0,83.18531645239715,0.0,2.3482378577119465
2021-08-31 00:00:00+00:00,1048301.364535118,7.936507936502609e-05,0.0,83.1919184616394,0.0,2.3371376109488473
2021-09-01 00:00:00+00:00,1048384.5630561128,7.936507936508984e-05,0.0,83.19852099485064,0.0,2.3341645607904637
2021-09-02 00:00:00+00:00,1048467.768180165,7.936507936512952e-05,0.0,83.20512405207245,0.0,2.341199300844865
2021-09-03 00:00:00+00:00,1048550.9799077983,7.936507936510548e-05,0.0,83.21172763334643,0.0,2.3414842100748987
2021-09-07 00:00:00+00:00,1048634.198239537,7.936507936497809e-05,0.0,83.21833173871416,0.0,2.3400246665160496
2021-09-08 00:00:00+00:00,1048717.4231759051,7.936507936504074e-05,0.0,83.22493636821721,0.0,2.335341881873965
2021-09-09 00:00:00+00:00,1048800.654717427,7.93650793650317e-05,0.0,83.23154152189723,0.0,2.3330451499863103
2021-09-10 00:00:00+00:00,1048883.8928646268,7.936507936513333e-05,0.0,83.23814719979579,0.0,2.3375076446408687
2021-09-13 00:00:00+00:00,1048967.1376180288,7.936507936508395e-05,0.0,83.24475340195451,0.0,2.340733831441022
2021-09-14 00:00:00+00:00,1049050.3889781572,7.93650793650659e-05,0.0,83.25136012841499,0.0,2.330830979947733
2021-09-15 00:00:00+00:00,1049133.6469455364,7.936507936503948e-05,0.0,83.25796737921883,0.0,2.3347957716255725
2021-09-16 00:00:00+00:00,1049216.911520691,7.9365079365187e-05,0.0,83.26457515440765,0.0,2.3304455529558803
2021-09-17 00:00:00+00:00,1049300.1827041449,7.93650793650249e-05,0.0,83.27118345402309,0.0,2.3292598470563926
2021-09-20 00:00:00+00:00,1049383.460496423,7.936507936517927e-05,0.0,83.27779227810673,0.0,2.3212929405154443
2021-09-21 00:00:00+00:00,1049066.3960574854,-0.0003021435451133435,0.24999999999999994,62.46330122002519,0.0,2.3274272802170644
2021-09-22 00:00:00+00:00,1050923.4683782032,0.0017702142854798784,0.25007555871585657,62.43813737566505,8.852874541536362,2.33804819719703
2021-09-23 00:00:00+00:00,1052448.4277977175,0.0014510661008147621,0.24963365365601814,62.58552406778551,9.062702803937942,2.346549668207089
2021-09-24 00:00:00+00:00,1052305.552654287,-0.00013575500676018818,0.24927194358879223,62.70655259314379,9.073324727863223,2.3454677241813187
2021-09-27 00:00:00+00:00,1053900.3161675758,0.0015154947241950167,0.2493057880977408,62.69521329604615,9.288188112844729,2.3542841851485212
2021-09-28 00:00:00+00:00,1053778.3519912472,-0.00011572648234145418,0.0,83.64288223552188,9.24212869237028,2.3500209469450244
2021-09-29 00:00:00+00:00,1053861.9851937862,7.93650793651463e-05,0.0,83.63320253898787,0.0,2.351552479114507
2021-09-30 00:00:00+00:00,1053945.625033881,7.936507936516794e-05,0.0,83.63984009474494,0.0,2.342885263816412
2021-10-01 00:00:00+00:00,1054029.2715120583,7.936507936506888e-05,0.0,83.64647817729215,0.0,2.3464534080015413
2021-10-04 00:00:00+00:00,1054112.924628845,7.936507936503036e-05,0.0,83.65311678667129,0.0,2.3443250167248793
2021-10-05 00:00:00+00:00,1054196.5843847678,7.936507936501271e-05,0.0,83.6597559229242,0.0,2.354232962443031
2021-10-06 00:00:00+00:00,1054280.2507803538,7.936507936497626e-05,0.0,83.66639558609268,0.0,2.3590132485311948
2021-10-07 00:00:00+00:00,1054363.92381613,7.936507936510219e-05,0.0,83.67303577621855,0.0,2.362837528096652
2021-10-08 00:00:00+00:00,1052822.9225557144,-0.0014615458909464597,0.25,62.75975737000774,0.0,2.3706653196836065
2021-10-11 00:00:00+00:00,1053502.5285784982,0.0006455083834364595,0.2503659212834849,62.63745568267316,-0.8974268259120683,2.3670813060156144
2021-10-12 00:00:00+00:00,1052811.6575637388,-0.000655784866213477,0.2502044122378126,62.69139266860839,-0.9620544849401456,2.3715356658183024
2021-10-13 00:00:00+00:00,1051894.225613833,-0.0008714112760004994,0.2503686001767836,62.63656163569098,-1.001959098901348,2.3772435407116053
2021-10-14 00:00:00+00:00,1051563.6648592367,-0.00031425284648117254,0.250586964483253,62.56374957617464,-0.9772487861420625,2.3794157337506983
2021-10-15 00:00:00+00:00,1051426.498823043,-0.00013044006823123344,0.2506657369045906,62.537514595651125,-0.961384647658025,2.3805233070976044
2021-10-18 00:00:00+00:00,1051398.859073837,-2.6287856770629006e-05,0.25069843802595215,62.526628402302414,-0.970515640514007,2.381051846650797
2021-10-19 00:00:00+00:00,1049407.1336712323,-0.001894357584103974,0.2507050285238337,62.52443477141306,-1.0249775656551887,2.3925943825811333
2021-10-20 00:00:00+00:00,1047724.2966666532,-0.0016036073613220128,0.25118085488125974,62.36636132676188,-1.102840301420302,2.402299402710074
2021-10-21 00:00:00+00:00,1048078.7591543732,0.00033831656748600704,0.25158429731242293,62.232802834334976,-1.141420006107263,2.400924571847655
2021-10-22 00:00:00+00:00,1047423.9989614447,-0.0006247242272677772,0.2514992109626446,62.26093477780481,-1.1599859088613547,2.404843568254701
2021-10-25 00:00:00+00:00,1047629.4927588478,0.00019618969739743945,0.2516564268294326,62.208969683127954,-1.0865439063270108,2.403759722452593
2021-10-26 00:00:00+00:00,1049883.5963576643,0.0021516228918685297,0.2516070641156607,62.22527871466788,-0.9197754553837865,2.3916110952845484
2021-10-27 00:00:00+00:00,1050303.959854318,0.0004003905748333363,0.25106686290604247,62.404175825685066,-0.9735276879799819,2.3896540263476256
2021-10-28 00:00:00+00:00,1048882.654006879,-0.0013532328752108344,0.2509663783335576,62.43753800795917,-1.0287358442488381,2.3978812937700895
2021-10-29 00:00:00+00:00,1047008.8171262123,-0.0017865076455487806,0.25130645448952554,62.32473595657512,-1.1326693241389556,2.4085698302424516
2021-11-01 00:00:00+00:00,1049116.2776352572,0.0020128393138363495,0.25175621889940375,62.17601874382379,-0.9699476616926217,2.3972189905975068
2021-11-02 00:00:00+00:00,1049051.7136156436,-6.154133816243505e-05,0.2512504920314222,62.34327751438291,-1.024701788059544,2.3979861426696094
2021-11-03 00:00:00+00:00,1049000.9946270562,-4.8347462693306246e-05,0.25126595527454443,62.33815338584215,-1.0603294154959895,2.398694213194742
2021-11-04 00:00:00+00:00,1048645.9519517866,-0.0003384579014586736,0.2512781039333,62.33412806928759,-1.0607998690280198,2.4009499217929076
2021-11-05 00:00:00+00:00,1049987.8967330693,0.0012796929018654927,0.0,83.22586920252274,-1.0687460079932751,2.4045167853330702
2021-11-08 00:00:00+00:00,1050747.4967351374,0.0007234369123982411,0.25,62.4992795674446,0.0,2.402092575877735
2021-11-09 00:00:00+00:00,1050256.652071795,-0.0004671385512386222,0.24981927151755576,62.55956528189445,-0.808366749472412,2.405421293526035
2021-11-10 00:00:00+00:00,1050170.5069141022,-8.202295841000993e-05,0.24993602627077022,62.52060935623236,-0.9116989469330106,2.406282748445534
2021-11-11 00:00:00+00:00,1049851.2805157031,-0.00030397577945426963,0.24995652844470717,62.51377243895515,-0.9255191595041299,2.408565148281665
2021-11-12 00:00:00+00:00,1049016.4018429518,-0.0007952351806831726,0.25003253227859545,62.48843701051078,-0.9911555649586121,2.4139820864209445
2021-11-15 00:00:00+00:00,1045321.5148194503,-0.0035222395159981578,0.25023152519074315,62.42217679838765,-1.1487701976479139,2.4359532792520078
2021-11-16 00:00:00+00:00,1046633.9123361177,0.0012554965128542836,0.2511160159452054,62.12893179652246,-1.0648705407170493,2.4285672329130197
2021-11-17 00:00:00+00:00,1048525.9611312178,0.0018077465031464154,0.2508011359935456,62.2330903295913,-1.0077037911478541,2.417967124352591
2021-11-18 00:00:00+00:00,1049101.1302834267,0.0005485502252976391,0.250348569242929,62.38325293237702,-1.0158663058648225,2.4150516231448056
2021-11-19 00:00:00+00:00,1048671.9496076435,-0.00040909371212596683,0.25021131576929173,62.428901277790416,-1.1551461558033376,2.418781797562788
2021-11-22 00:00:00+00:00,1046774.5032181441,-0.001809380321662453,0.25031371753719506,62.39483931939494,-1.2175826603010398,2.4303059391701893
2021-11-23 00:00:00+00:00,1045453.8829349312,-0.0012616091423251349,0.2507674512287618,62.24424833610133,-1.2316153065587667,2.4379794664454746
2021-11-24 00:00:00+00:00,1045094.9187984822,-0.00034335721767210644,0.25108422137794584,62.13943720251301,-1.2228870220563846,2.4401746999689373
2021-11-26 00:00:00+00:00,1045399.4717635732,0.00029141177477086215,0.251170462569135,62.11094798533451,-1.3309255222808036,2.4400901580779726
2021-11-29 00:00:00+00:00,1046059.6146616044,0.0006314742984492904,0.25109728986225605,62.13511885557983,-1.2591749299436785,2.4360187848938017
2021-11-30 00:00:00+00:00,1045799.4652464866,-0.00024869463601456603,0.2509388284416122,62.18751114907437,-1.3401756992588403,2.4387657732937877
2021-12-01 00:00:00+00:00,1047240.121873189,0.0013775648913368409,0.2510012511063953,62.166864370096775,-1.2757324266158439,2.4304970615593087
2021-12-02 00:00:00+00:00,1045083.1381559611,-0.0020596839943161833,0.25065595626124537,62.28120219761283,-1.3256665304209991,2.443043505117171
2021-12-03 00:00:00+00:00,1045522.4513111106,0.0004203619206073299,0.2511732938744382,62.11001301370585,-1.3306776567324063,2.4411186345426197
2021-12-06 00:00:00+00:00,1044344.690313931,-0.0011264808285108769,0.2510677545509326,62.14487913713043,-1.363861863730415,2.4480860840177683
2021-12-07 00:00:00+00:00,1044062.2195334506,-0.0002704765802902768,0.0,82.88449923126436,-1.428142707823805,2.4586720145448084
2021-12-08 00:00:00+00:00,1043139.0480920586,-0.0008842111361949804,0.24999999999999997,62.14656068651492,0.0,2.460758840674077
2021-12-09 00:00:00+00:00,1044091.5483264797,0.0009131095573147888,0.25022124841436055,62.07329311180127,-0.8606041270028151,2.455452707146813
2021-12-10 00:00:00+00:00,1044499.4182542806,0.0003906457517586424,0.2499929774374009,62.14888836850136,-0.8252068571526034,2.4534096814299304
2021-12-13 00:00:00+00:00,1045586.0548086138,0.0010403419430806483,0.24989535687785236,62.181258997691906,-0.8368835448477379,2.4472065015452724
2021-12-14 00:00:00+00:00,1045083.7885818676,-0.0004803681384581914,0.2496356504402112,62.267499994067556,-0.871620667570582,2.450633674383847
2021-12-15 00:00:00+00:00,1045827.0615742919,0.0007112089963933956,0.24975562508490268,62.22763759511944,-0.8463561864441613,2.4465046417496734
2021-12-16 00:00:00+00:00,1044515.344931017,-0.0012542385748752194,0.24957812287860842,62.28662751515312,-0.913664268231539,2.4548423871605443
2021-12-17 00:00:00+00:00,1046455.8706710688,0.0018578240611485863,0.24989154649575862,62.182523019655115,-0.881649380272006,2.4434564867125386
2021-12-20 00:00:00+00:00,1045498.3687068698,-0.0009149950714930605,0.24942815287182551,62.3365329990243,-0.9635101057266753,2.4498503800963514
2021-12-21 00:00:00+00:00,1045012.3013594311,-0.00046491449627018714,0.24965658741887956,62.26054077964343,-0.9407944476952455,2.453065802359218
2021-12-22 00:00:00+00:00,1044964.8020445778,-4.5453354751469194e-05,0.24977271037270452,62.22196400603718,-0.920856003124827,2.4536810696237126
2021-12-23 00:00:00+00:00,1044703.9588846611,-0.00024961908707961134,0.24978406389637206,62.21819421914406,-0.9355890355570975,2.455641760643358
2021-12-27 00:00:00+00:00,1042920.7627008854,-0.0017068913816306684,0.24984643033422219,62.19749238105543,-0.9883663555839042,2.4666075815568185
2021-12-28 00:00:00+00:00,1042814.1663475623,-0.00010220944594776926,0.25027362021962457,62.05596887440658,-1.0043652514350194,2.467641476042554
2021-12-29 00:00:00+00:00,1043203.9204380595,0.0003737522015665173,0.250299203162501,62.047508846365055,-1.0118024729516353,2.4657843597531333
2021-12-30 00:00:00+00:00,1043209.9381016229,5.768444160794488e-06,0.25020568823567846,62.07844171069023,-1.0306933253085864,2.466196690175084
2021-12-31 00:00:00+00:00,1043915.9011033267,0.0006767218906949035,0.25020424494646265,62.07891930303653,-0.9805139257014379,2.462265886813105
2022-01-03 00:00:00+00:00,1044676.3615744788,0.0007284690944436767,0.25003504076093896,62.13494811269556,-0.8415334337426956,2.4819944482957874
2022-01-04 00:00:00+00:00,1045298.827054158,0.000595845280485745,0.24985303055003016,62.19530211834255,-0.7071638525148838,2.4792321752904116
2022-01-05 00:00:00+00:00,1045326.208602692,2.6194948109907675e-05,0.24970424545385922,62.244704140539326,-0.673240050266442,2.4796872801929815
2022-01-06 00:00:00+00:00,1045927.3671209853,0.0005750917879471048,0.24969770463544314,62.24687727931185,-0.5756099150503025,2.4772137345251064
2022-01-07 00:00:00+00:00,1044790.7634479476,-0.0010866946489471192,0.24955418807123556,62.2945882728272,-0.6154820185417196,2.4841936162882696
2022-01-10 00:00:00+00:00,1044373.1975362488,-0.00039966462789230113,0.24982567229248542,62.204381632109914,-0.654033279916588,2.4867774088705716
2022-01-11 00:00:00+00:00,1044502.2965834402,0.00012361390305293027,0.2499255586979032,62.17124148038779,-0.5262828140815743,2.48758484647813
2022-01-12 00:00:00+00:00,1044967.9073502498,0.00044577285117771033,0.2498946682426096,62.18148743651409,-0.50317382959101,2.485397625846061
2022-01-13 00:00:00+00:00,1045335.1709573538,0.00035145922139871147,0.2497833216191548,62.21844067197517,-0.5161713594026911,2.4833970836459676
2022-01-14 00:00:00+00:00,1044524.817117826,-0.0007752095806607805,0.24969556381071117,62.24758857730089,-0.5001511295066716,2.488875419598857
2022-01-18 00:00:00+00:00,1045417.1998229579,0.000854343229100349,0.24988928037496227,62.18327478051297,-0.3996615867138653,2.4850836806140375
2022-01-19 00:00:00+00:00,1046015.5788770127,0.0005723830200576255,0.2496759713993282,62.25409880472978,-0.39093073849864757,2.481923237187274
2022-01-20 00:00:00+00:00,1047299.4205016629,0.0012273637702685909,0.24953314286541042,62.30158920584525,-0.3299087578538624,2.475228633526139
2022-01-21 00:00:00+00:00,1047504.713261012,0.0001960210760460151,0.2492272503677454,62.4034813982778,-0.3701239947561281,2.4737587777063164
2022-01-24 00:00:00+00:00,1048488.2513221543,0.0009389342584249012,0.24917840614844475,62.41977447441662,-0.2856386813256673,2.4692235410502485
2022-01-25 00:00:00+00:00,1044503.2937657911,-0.0038006697274272014,0.2489446634754556,62.49783305069776,-0.3851639217442744,2.4926988756923234
2022-01-26 00:00:00+00:00,1041952.6565630155,-0.002441961856893388,0.24989442966935257,62.181566577970514,-0.5478052315109778,2.5061689085713943
2022-01-27 00:00:00+00:00,1040578.9303094951,-0.0013184152320815008,0.250506156147582,61.97913505394071,-0.5731028094283852,2.514166514261522
2022-01-28 00:00:00+00:00,1047463.6431436093,0.006616233169420908,0.2508368632889096,61.870109160804176,-0.23646420584216354,2.478000129649339
2022-01-31 00:00:00+00:00,1048189.230728684,0.0006927090881141268,0.24918817621202807,62.41651494128942,-0.16610620855249603,2.4750644904227372
2022-02-01 00:00:00+00:00,1049960.182056433,0.0016895339847347276,0.2490156807868641,62.47410125756519,0.12027449123672662,2.4699954122499475
2022-02-02 00:00:00+00:00,1048631.7306326341,-0.0012652398124251146,0.24859566995401888,62.61465295024369,0.035216010443963164,2.4769214137120477
2022-02-03 00:00:00+00:00,1049442.7820404202,0.0007734377895438879,0.24891060155684328,62.509220297561235,0.05450552277127385,2.4726366647163927
2022-02-04 00:00:00+00:00,1049490.1410030653,4.512772249762508e-05,0.24871823347612426,62.57358945690933,0.08498074954706869,2.473375046916449
2022-02-07 00:00:00+00:00,1047273.7218654068,-0.0021119008660148634,0.24870700989519848,62.577348104738306,0.0624929340198499,2.486993070072246
2022-02-08 00:00:00+00:00,1047486.4512209528,0.00020312679589346824,0.24923336605681368,62.401441823971766,-0.02060589157390469,2.4844248831030336
2022-02-09 00:00:00+00:00,1043376.3817264949,-0.0039237447793880375,0.24918275036314047,62.41832510615795,-0.2994085071073651,2.5046469312025446
2022-02-10 00:00:00+00:00,1044607.1638110906,0.0011796146684470302,0.25016433135227306,62.092129114534316,-0.2784763532975636,2.498080366898642
2022-02-11 00:00:00+00:00,1043443.3380351267,-0.0011141276991801503,0.2498695815287031,62.18981023235937,-0.23938023570195943,2.505891228260508
2022-02-14 00:00:00+00:00,1043511.4438523083,6.527025924559362e-05,0.25014827865485467,62.097443107282864,-0.30734791675489515,2.5048356188251555
2022-02-15 00:00:00+00:00,1046776.060750184,0.003128491706639806,0.2501319524774709,62.10284833086871,-0.19088026429407257,2.4875812526403864
2022-02-16 00:00:00+00:00,1047210.9012746622,0.00041540931320744955,0.24935185725999776,62.36194491006519,-0.16259841659453822,2.485795956984694
2022-02-17 00:00:00+00:00,1048621.6797004335,0.0013471769860818692,0.24924831718773668,62.396456062801555,-0.0876892729210561,2.4788486884002623
2022-02-18 00:00:00+00:00,1047370.1887528485,-0.001193462782442656,0.2489129873396558,62.508422604529436,-0.1894558940169686,2.4851288553434343
2022-02-22 00:00:00+00:00,1047610.2590326851,0.0002292124431404725,0.24921041068981134,62.40909792614968,-0.2163405868573458,2.4835938818205068
2022-02-23 00:00:00+00:00,1043438.0215514764,-0.003982623733621209,0.24915330165282298,62.4281511229621,-0.4219535608042302,2.5058923710678984
2022-02-24 00:00:00+00:00,1043320.5556928848,-0.00011257578904106385,0.2501495532003535,62.09702116413602,-0.48396815496477585,2.506186993581261
2022-02-25 00:00:00+00:00,1038873.1757382988,-0.004262716698447935,0.25017771715426257,62.087698476946215,-0.6189125471403218,2.530257478396701
2022-02-28 00:00:00+00:00,1034314.9496147753,-0.0043876637013792776,0.2512487192653386,61.73473181388383,-0.813323258243229,2.553456898231157
2022-03-01 00:00:00+00:00,1034038.3339714548,-0.00026743850451307183,0.0,82.0884880646647,-1.1476324056634657,2.5915350797657783
2022-03-02 00:00:00+00:00,1034502.1176623333,0.0004485169220925057,0.25,61.54990083163421,0.0,2.6074076302679803
2022-03-03 00:00:00+00:00,1033107.1621309534,-0.0013484317794651697,0.2498879210387876,61.58670906106901,-0.9635461221714285,2.6161312829475456
2022-03-04 00:00:00+00:00,1033806.7901441744,0.0006772075916866815,0.2502253328296023,61.47599830461029,-0.8364094419506349,2.612506340705105
2022-03-07 00:00:00+00:00,1034173.0575780044,0.00035429002529475717,0.25005599301278725,61.53152433740561,-0.7046530242581035,2.611329651719462
2022-03-08 00:00:00+00:00,1025981.5174477565,-0.007920860121256913,0.2499674320449652,61.560593181360375,-1.087476760505021,2.6575416525018296
2022-03-09 00:00:00+00:00,1024857.5041225442,-0.0010955492921630782,0.25196319728637523,60.91047094880101,-1.325766791697864,2.6649008607685447
2022-03-10 00:00:00+00:00,1022608.9725599954,-0.002193994339216906,0.25223953813383326,60.82126354203813,-1.3496373566313689,2.67694945909481
2022-03-11 00:00:00+00:00,1022136.7176103657,-0.00046181381378594287,0.2527941671054497,60.64280865612156,-1.395244746343048,2.6800050732261487
2022-03-14 00:00:00+00:00,1023084.2547214086,0.000927016019205446,0.25291096488269044,60.60532810456366,-1.465269046929053,2.6762640885829505
2022-03-15 00:00:00+00:00,1027420.3766673382,0.004238284311305667,0.25267672950675724,60.68052946258293,-1.4047367182306378,2.653593917916268
2022-03-16 00:00:00+00:00,1027262.9297291411,-0.00015324490517488267,0.25161033337823785,61.0246661249583,-1.423149637767175,2.654985693247516
2022-03-17 00:00:00+00:00,1026506.0901478505,-0.0007367535217981296,0.2516488972896404,61.01217033621248,-1.3962379638842477,2.65893610720378
2022-03-18 00:00:00+00:00,1026031.9953723303,-0.0004618528619268723,0.2518344371981562,60.952103702776725,-1.4272838191728079,2.662088001934417
2022-03-21 00:00:00+00:00,1025752.2415640758,-0.00027265602780055057,0.25195080139684606,60.914477133291,-1.3224547967903315,2.6628050897535673
2022-03-22 00:00:00+00:00,1026448.8203982518,0.0006790907257621955,0.25201951603701694,60.89227445009621,-1.3070219104519665,2.659352639932129
2022-03-23 00:00:00+00:00,1025992.3681603973,-0.0004446906935675371,0.25184848806447513,60.947558484554605,-1.2918118881607208,2.661965539098605
2022-03-24 00:00:00+00:00,1025890.9431614752,-9.885551010861372e-05,0.25196053256845463,60.911332116470916,-1.2852583115421714,2.6627783834683996
2022-03-25 00:00:00+00:00,1024724.7256491432,-0.001136785074579274,0.2519854427179345,60.90328251338187,-1.2892182225647553,2.669205686582084
2022-03-28 00:00:00+00:00,1024942.4417777221,0.0002124630382476194,0.25227222201465166,60.810725567958706,-1.3630392164947844,2.6689564391142246
2022-03-29 00:00:00+00:00,1026716.347255674,0.0017307366791008225,0.252218634877183,60.82800462578241,-1.2883637355827908,2.6594387049296566
2022-03-30 00:00:00+00:00,1027493.0820610593,0.000756523267075172,0.25178286503749353,60.9687907748262,-1.2089102541196697,2.6551438536709
2022-03-31 00:00:00+00:00,1029082.6068755059,0.0015469932033587307,0.25159252943515353,61.03043639430124,-1.1703361848638592,2.6466797041152157
2022-04-01 00:00:00+00:00,1028205.0304649263,-0.0008527754766394347,0.251203918680298,61.156589157352556,-1.202972579008842,2.25707793052391
2022-04-04 00:00:00+00:00,1027581.1524718807,-0.0006067641905656764,0.0,81.60357384642272,-1.2043725543020118,2.2577386000523174
2022-04-05 00:00:00+00:00,1027662.7065316007,7.936507936510423e-05,0.0,81.55405971999053,0.0,2.2551285810689796
2022-04-06 00:00:00+00:00,1027744.2670638651,7.936507936507809e-05,0.0,81.56053226441276,0.0,2.2572432499188815
2022-04-07 00:00:00+00:00,1027825.8340691876,7.936507936509751e-05,0.0,81.56700532252897,0.0,2.260553829085407
2022-04-08 00:00:00+00:00,1027907.4075480821,7.936507936512281e-05,0.0,81.57347889437997,0.0,2.2633474355461343
2022-04-11 00:00:00+00:00,1027988.9875010621,7.936507936511432e-05,0.0,81.57995298000651,0.0,2.262334612035551
2022-04-12 00:00:00+00:00,1028070.5739286415,7.936507936503236e-05,0.0,81.58642757944938,0.0,2.2702088976914427
2022-04-13 00:00:00+00:00,1028152.1668313342,7.93650793650638e-05,0.0,81.59290269274932,0.0,2.273172637802522
2022-04-14 00:00:00+00:00,1028233.7662096542,7.93650793650557e-05,0.0,81.59937831994716,0.0,2.2643142039102084
2022-04-18 00:00:00+00:00,1028315.3720641152,7.936507936508161e-05,0.0,81.60585446108367,0.0,2.275279882180876
2022-04-19 00:00:00+00:00,1028396.9843952315,7.936507936510188e-05,0.0,81.61233111619963,0.0,2.268203353362541
2022-04-20 00:00:00+00:00,1028478.6032035168,7.936507936507682e-05,0.0,81.61880828533583,0.0,2.26951382242604
2022-04-21 00:00:00+00:00,1028560.2284894853,7.936507936507999e-05,0.0,81.62528596853308,0.0,2.2266991760285357
2022-04-22 00:00:00+00:00,1028641.8602536512,7.93650793650717e-05,0.0,81.63176416583217,0.0,2.221122171099467
2022-04-25 00:00:00+00:00,1028723.4984965285,7.936507936512546e-05,0.0,81.6382428772739,0.0,2.219554710824592
2022-04-26 00:00:00+00:00,1028805.1432186314,7.936507936508843e-05,0.0,81.64472210289908,0.0,2.217364808438631
2022-04-27 00:00:00+00:00,1028886.7944204741,7.936507936503414e-05,0.0,81.65120184274852,0.0,2.1956819245636963
2022-04-28 00:00:00+00:00,1028968.4521025709,7.936507936503605e-05,0.0,81.65768209686303,0.0,2.2172476357631488
2022-04-29 00:00:00+00:00,1029050.1162654362,7.93650793650545e-05,0.0,81.6641628652834,0.0,2.1958966940546123
2022-05-02 00:00:00+00:00,1029131.7869095842,7.936507936504981e-05,0.0,81.67064414805049,0.0,2.2047346475082588
2022-05-03 00:00:00+00:00,1029213.4640355294,7.936507936509544e-05,0.0,81.67712594520509,0.0,2.2087016737428735
2022-05-04 00:00:00+00:00,1029295.1476437862,7.936507936503859e-05,0.0,81.68360825678805,0.0,2.2130590900572553
2022-05-05 00:00:00+00:00,1029376.837734869,7.936507936506585e-05,0.0,81.69009108284017,0.0,2.216820520423692
2022-05-06 00:00:00+00:00,1029458.5343092923,7.936507936502441e-05,0.0,81.6965744234023,0.0,2.233309024348648
2022-05-09 00:00:00+00:00,1029540.2373675709,7.936507936510082e-05,0.0,81.70305827851526,0.0,2.21639458077976
2022-05-10 00:00:00+00:00,1029621.946910219,7.936507936502922e-05,0.0,81.70954264821991,0.0,2.219311303319177
2022-05-11 00:00:00+00:00,1029703.6629377516,7.936507936510918e-05,0.0,81.71602753255706,0.0,2.2216842048002206
2022-05-12 00:00:00+00:00,1029785.3854506832,7.936507936507487e-05,0.0,81.72251293156759,0.0,2.2379499136086616
2022-05-13 00:00:00+00:00,1029867.1144495285,7.936507936511277e-05,0.0,81.72899884529231,0.0,2.236276399991095
2022-05-16 00:00:00+00:00,1029948.8499348023,7.936507936507015e-05,0.0,81.7354852737721,0.0,2.2540501910537993
2022-05-17 00:00:00+00:00,1030030.5919070194,7.936507936513341e-05,0.0,81.7419722170478,0.0,2.251707003498502
2022-05-18 00:00:00+00:00,1030112.3403666945,7.936507936503684e-05,0.0,81.74845967516026,0.0,2.224431916322038
2022-05-19 00:00:00+00:00,1030194.0953143426,7.936507936507984e-05,0.0,81.75494764815036,0.0,2.214830118015636
2022-05-20 00:00:00+00:00,1030275.8567504787,7.936507936510971e-05,0.0,81.76143613605895,0.0,2.2145373336549836
2022-05-23 00:00:00+00:00,1030357.6246756177,7.936507936508678e-05,0.0,81.76792513892688,0.0,2.223335207390552
2022-05-24 00:00:00+00:00,1030439.3990902745,7.936507936508438e-05,0.0,81.77441465679506,0.0,2.223670928236688
2022-05-25 00:00:00+00:00,1030521.1799949642,7.936507936506284e-05,0.0,81.78090468970433,0.0,2.2280507008367194
2022-05-26 00:00:00+00:00,1030602.9673902019,7.936507936509549e-05,0.0,81.78739523769556,0.0,2.237427398684327
2022-05-27 00:00:00+00:00,1030684.7612765026,7.936507936502967e-05,0.0,81.79388630080967,0.0,2.235748757525746
2022-05-31 00:00:00+00:00,1030766.5616543817,7.936507936505165e-05,0.0,81.8003778790875,0.0,2.228014770013614
2022-06-01 00:00:00+00:00,1030848.3685243543,7.936507936512173e-05,0.0,81.80686997256997,0.0,2.221997121811142
2022-06-02 00:00:00+00:00,1030930.1818869356,7.93650793650873e-05,0.0,81.81336258129797,0.0,2.222150683145308
2022-06-03 00:00:00+00:00,1031012.001742641,7.936507936513458e-05,0.0,81.81985570531235,0.0,2.2234582644850214
2022-06-06 00:00:00+00:00,1031093.8280919857,7.936507936511094e-05,0.0,81.82634934465405,0.0,2.220782881611128
2022-06-07 00:00:00+00:00,1031175.660935485,7.936507936508968e-05,0.0,81.83284349936395,0.0,2.209697273275433
2022-06-08 00:00:00+00:00,1031257.5002736545,7.93650793650311e-05,0.0,81.83933816948294,0.0,2.2081839159054453
2022-06-09 00:00:00+00:00,1031339.3461070096,7.936507936512135e-05,0.0,81.84583335505194,0.0,2.2014001901718943
2022-06-10 00:00:00+00:00,1031421.1984360657,7.936507936509494e-05,0.0,81.85232905611187,0.0,2.2024813757703234
2022-06-13 00:00:00+00:00,1031503.0572613383,7.93650793650251e-05,0.0,81.85882527270363,0.0,2.1859863268863995
2022-06-14 00:00:00+00:00,1031584.9225833432,7.936507936509793e-05,0.0,81.86532200486812,0.0,2.1846003390406312
2022-06-15 00:00:00+00:00,1031666.7944025958,7.9365079365048e-05,0.0,81.87181925264629,0.0,2.174596088793238
2022-06-16 00:00:00+00:00,1031748.6727196119,7.936507936506137e-05,0.0,81.87831701607904,0.0,2.1419753836844433
2022-06-17 00:00:00+00:00,1031830.5575349071,7.936507936509834e-05,0.0,81.88481529520729,0.0,2.1330901499111623
2022-06-21 00:00:00+00:00,1031912.4488489972,7.936507936511925e-05,0.0,81.891314090072,0.0,2.131819493519936
2022-06-22 00:00:00+00:00,1031994.346662398,7.936507936508445e-05,0.0,81.89781340071407,0.0,2.112428949578774
2022-06-23 00:00:00+00:00,1032076.2509756251,7.936507936506709e-05,0.0,81.90431322717444,0.0,2.099874893507451
2022-06-24 00:00:00+00:00,1032158.1617891946,7.936507936502747e-05,0.0,81.91081356949405,0.0,2.1054597196796547
2022-06-27 00:00:00+00:00,1032240.0791036222,7.936507936503878e-05,0.0,81.91731442771385,0.0,2.108630914977268
2022-06-28 00:00:00+00:00,1032322.0029194241,7.936507936506127e-05,0.0,81.92381580187478,0.0,2.1049607612599153
2022-06-29 00:00:00+00:00,1032403.9332371161,7.936507936505532e-05,0.0,81.93031769201778,0.0,2.1106701816704723
2022-06-30 00:00:00+00:00,1032485.8700572143,7.936507936509403e-05,0.0,81.93682009818382,0.0,2.1084405956254284
2022-07-01 00:00:00+00:00,1032567.8133802346,7.936507936502494e-05,0.0,81.94332302041383,0.0,2.0936192263737006
2022-07-05 00:00:00+00:00,1032649.7632066933,7.936507936503392e-05,0.0,81.94982645874879,0.0,2.0877877547377057
2022-07-06 00:00:00+00:00,1032731.7195371066,7.93650793650813e-05,0.0,81.95633041322964,0.0,2.087267772059328
2022-07-07 00:00:00+00:00,1032813.6823719905,7.936507936512737e-05,0.0,81.96283488389734,0.0,2.0841946206831063
2022-07-08 00:00:00+00:00,1032895.6517118614,7.936507936513249e-05,0.0,81.9693398707929,0.0,2.0801098434353382
2022-07-11 00:00:00+00:00,1032977.6275572353,7.936507936505699e-05,0.0,81.97584537395726,0.0,2.071822464976392
2022-07-12 00:00:00+00:00,1033059.6099086287,7.936507936508663e-05,0.0,81.98235139343137,0.0,2.0643218273590973
2022-07-13 00:00:00+00:00,1033141.598766558,7.936507936506902e-05,0.0,81.98885792925626,0.0,2.0554222135862195
2022-07-14 00:00:00+00:00,1033223.5941315395,7.936507936507721e-05,0.0,81.99536498147286,0.0,2.052565420523204
2022-07-15 00:00:00+00:00,1033305.5960040896,7.93650793650715e-05,0.0,82.00187255012217,0.0,2.0522389886841554
2022-07-18 00:00:00+00:00,1033387.6043847249,7.936507936512492e-05,0.0,82.0083806352452,0.0,2.057171789013682
2022-07-19 00:00:00+00:00,1033469.6192739618,7.93650793650851e-05,0.0,82.01488923688292,0.0,2.0763189741193644
2022-07-20 00:00:00+00:00,1033551.6406723168,7.936507936502506e-05,0.0,82.02139835507633,0.0,2.0818943991265644
2022-07-21 00:00:00+00:00,1033633.6685803067,7.936507936513043e-05,0.0,82.0279079898664,0.0,2.085389358286066
2022-07-22 00:00:00+00:00,1033715.7029984479,7.936507936502358e-05,0.0,82.03441814129418,0.0,2.08134111221226
2022-07-25 00:00:00+00:00,1033797.7439272574,7.936507936511541e-05,0.0,82.04092880940063,0.0,2.088900609591955
2022-07-26 00:00:00+00:00,1033879.7913672515,7.936507936502837e-05,0.0,82.04743999422678,0.0,2.0807940752850493
2022-07-27 00:00:00+00:00,1033961.8453189473,7.936507936506062e-05,0.0,82.05395169581361,0.0,2.082922212617561
2022-07-28 00:00:00+00:00,1034043.9057828615,7.936507936505989e-05,0.0,82.06046391420217,0.0,2.083047346659013
2022-07-29 00:00:00+00:00,1034125.972759511,7.93650793650991e-05,0.0,82.06697664943346,0.0,2.141887580088038
2022-08-01 00:00:00+00:00,1034208.0462494125,7.9365079365026e-05,0.0,82.07348990154848,0.0,2.137963183276969
2022-08-02 00:00:00+00:00,1034290.126253083,7.936507936502609e-05,0.0,82.0800036705883,0.0,2.1303914303233378
2022-08-03 00:00:00+00:00,1034372.2127710396,7.936507936505967e-05,0.0,82.0865179565939,0.0,2.1284733026452782
2022-08-04 00:00:00+00:00,1034454.3058037992,7.936507936508708e-05,0.0,82.09303275960632,0.0,2.12815996899088
2022-08-05 00:00:00+00:00,1034536.4053518788,7.936507936506864e-05,0.0,82.0995480796666,0.0,2.135769277339606
2022-08-08 00:00:00+00:00,1034618.5114157957,7.936507936507724e-05,0.0,82.10606391681578,0.0,2.1312662793698176
2022-08-09 00:00:00+00:00,1034700.6239960667,7.93650793650732e-05,0.0,82.1125802710949,0.0,2.130700053284422
2022-08-10 00:00:00+00:00,1034782.7430932093,7.936507936512937e-05,0.0,82.11909714254497,0.0,2.1259471865629362
2022-08-11 00:00:00+00:00,1034864.8687077406,7.936507936509358e-05,0.0,82.12561453120709,0.0,2.142892719394609
2022-08-12 00:00:00+00:00,1034947.0008401776,7.936507936503867e-05,0.0,82.13213243712227,0.0,2.1351209298645215
2022-08-15 00:00:00+00:00,1035029.1394910379,7.936507936503745e-05,0.0,82.13865086033155,0.0,2.1298015489981412
2022-08-16 00:00:00+00:00,1035111.2846608388,7.936507936505027e-05,0.0,82.14516980087603,0.0,2.1329153110254326
2022-08-17 00:00:00+00:00,1035193.4363500975,7.936507936503743e-05,0.0,82.15168925879672,0.0,2.137062012171503
2022-08-18 00:00:00+00:00,1035275.5945593317,7.936507936507175e-05,0.0,82.15820923413473,0.0,2.129007354081646
2022-08-19 00:00:00+00:00,1035357.7592890586,7.936507936511354e-05,0.0,82.16472972693109,0.0,2.1200299916739196
2022-08-22 00:00:00+00:00,1035439.9305397959,7.936507936512314e-05,0.0,82.17125073722687,0.0,2.1154373899085614
2022-08-23 00:00:00+00:00,1035522.1083120609,7.936507936506089e-05,0.0,82.17777226506317,0.0,2.124274192824752
2022-08-24 00:00:00+00:00,1035604.2926063715,7.9365079365112e-05,0.0,82.18429431048102,0.0,2.125204254921507
2022-08-25 00:00:00+00:00,1035686.483423245,7.936507936512433e-05,0.0,82.19081687352154,0.0,2.1302465957748833
2022-08-26 00:00:00+00:00,1035768.6807631992,7.936507936505825e-05,0.0,82.1973399542258,0.0,2.1297924841688647
2022-08-29 00:00:00+00:00,1035850.8846267519,7.93650793650989e-05,0.0,82.20386355263486,0.0,2.12357974414564
2022-08-30 00:00:00+00:00,1035933.0950144207,7.93650793650942e-05,0.0,82.21038766878983,0.0,2.124019562679438
2022-08-31 00:00:00+00:00,1036015.3119267235,7.936507936511686e-05,0.0,82.2169123027318,0.0,2.1125673533526883
2022-09-01 00:00:00+00:00,1036097.535364178,7.936507936512723e-05,0.0,82.22343745450186,0.0,2.107434999454186
2022-09-02 00:00:00+00:00,1036179.7653273022,7.936507936508564e-05,0.0,82.22996312414111,0.0,2.110673698394736
2022-09-06 00:00:00+00:00,1036262.0018166138,7.936507936506478e-05,0.0,82.23648931169065,0.0,2.11047835601674
2022-09-07 00:00:00+00:00,1036344.244832631,7.936507936502499e-05,0.0,82.24301601719158,0.0,2.1050878211792217
2022-09-08 00:00:00+00:00,1036426.4943758716,7.936507936503894e-05,0.0,82.249543240685,0.0,2.102958315347763
2022-09-09 00:00:00+00:00,1036508.7504468538,7.936507936506695e-05,0.0,82.25607098221204,0.0,2.11844437333813
2022-09-12 00:00:00+00:00,1036591.0130460956,7.936507936506934e-05,0.0,82.26259924181379,0.0,2.1268527541949633
2022-09-13 00:00:00+00:00,1036673.2821741152,7.936507936511876e-05,0.0,82.2691280195314,0.0,2.1236529504116146
2022-09-14 00:00:00+00:00,1036755.5578314306,7.936507936506324e-05,0.0,82.27565731540597,0.0,2.1328118261951006
2022-09-15 00:00:00+00:00,1036837.8400185601,7.936507936508773e-05,0.0,82.28218712947861,0.0,2.132999341394215
2022-09-16 00:00:00+00:00,1036920.1287360218,7.936507936504024e-05,0.0,82.28871746179048,0.0,2.116217343443695
2022-09-19 00:00:00+00:00,1037002.4239843342,7.936507936510568e-05,0.0,82.29524831238268,0.0,2.1222311830658733
2022-09-20 00:00:00+00:00,1037084.7257640156,7.936507936513208e-05,0.0,82.30177968129637,0.0,2.123188452573664
2022-09-21 00:00:00+00:00,1037167.0340755841,7.93650793650798e-05,0.0,82.30831156857266,0.0,2.1267837948047523
2022-09-22 00:00:00+00:00,1037249.3489195585,7.936507936513368e-05,0.0,82.31484397425271,0.0,2.127840784867988
2022-09-23 00:00:00+00:00,1037331.6702964568,7.936507936502955e-05,0.0,82.32137689837765,0.0,2.0973191749883995
2022-09-26 00:00:00+00:00,1037413.9982067978,7.936507936506446e-05,0.0,82.32791034098864,0.0,2.0831112058633185
2022-09-27 00:00:00+00:00,1037496.3326510999,7.936507936508651e-05,0.0,82.33444430212681,0.0,2.072641714692101
2022-09-28 00:00:00+00:00,1037578.6736298817,7.936507936505601e-05,0.0,82.34097878183333,0.0,2.079862619144741
2022-09-29 00:00:00+00:00,1037661.0211436618,7.936507936504554e-05,0.0,82.34751378014934,0.0,2.0734635881237438
2022-09-30 00:00:00+00:00,1037743.375192959,7.936507936512758e-05,0.0,82.35404929711602,0.0,2.0781124903136927
2022-10-03 00:00:00+00:00,1037825.7357782917,7.936507936503811e-05,0.0,82.36058533277452,0.0,2.0215900700013805
2022-10-04 00:00:00+00:00,1037908.1029001789,7.936507936507403e-05,0.0,82.36712188716601,0.0,2.037485421447265
2022-10-05 00:00:00+00:00,1037990.4765591392,7.936507936508344e-05,0.0,82.37365896033165,0.0,2.018324180791941
2022-10-06 00:00:00+00:00,1038072.8567556915,7.936507936502671e-05,0.0,82.38019655231264,0.0,2.016713054778208
2022-10-07 00:00:00+00:00,1038155.2434903546,7.936507936508849e-05,0.0,82.38673466315012,0.0,2.015045458998085
2022-10-10 00:00:00+00:00,1038237.6367636475,7.936507936511692e-05,0.0,82.39327329288528,0.0,2.0066483536633175
2022-10-11 00:00:00+00:00,1038320.0365760891,7.936507936507236e-05,0.0,82.39981244155933,0.0,2.014412042480544
2022-10-12 00:00:00+00:00,1038402.4429281983,7.936507936502728e-05,0.0,82.40635210921342,0.0,2.0157062439776845
2022-10-13 00:00:00+00:00,1038484.8558204941,7.936507936505413e-05,0.0,82.41289229588875,0.0,2.0400535235189543
2022-10-14 00:00:00+00:00,1038567.2752534958,7.936507936511322e-05,0.0,82.41943300162652,0.0,2.027094737364398
2022-10-17 00:00:00+00:00,1038649.7012277222,7.936507936505277e-05,0.0,82.42597422646791,0.0,2.0264701449238958
2022-10-18 00:00:00+00:00,1038732.1337436927,7.936507936505734e-05,0.0,82.43251597045415,0.0,2.0319189185977065
2022-10-19 00:00:00+00:00,1038814.5728019263,7.936507936508723e-05,0.0,82.4390582336264,0.0,2.0429780506542743
2022-10-20 00:00:00+00:00,1038897.0184029423,7.936507936510277e-05,0.0,82.44560101602589,0.0,2.049494920358991
2022-10-21 00:00:00+00:00,1038979.47054726,7.93650793650643e-05,0.0,82.45214431769384,0.0,2.0605024413888526
2022-10-24 00:00:00+00:00,1039061.9292353987,7.936507936504421e-05,0.0,82.45868813867143,0.0,2.054650553056642
2022-10-25 00:00:00+00:00,1039144.3944678777,7.936507936511487e-05,0.0,82.4652324789999,0.0,2.0751746234388047
2022-10-26 00:00:00+00:00,1039226.8662452165,7.936507936512456e-05,0.0,82.47177733872046,0.0,2.0760455244987184
2022-10-27 00:00:00+00:00,1039309.3445679343,7.936507936503365e-05,0.0,82.47832271787432,0.0,2.0823669630396537
2022-10-28 00:00:00+00:00,1039391.8294365507,7.936507936502651e-05,0.0,82.48486861650272,0.0,2.0698668809726204
2022-10-31 00:00:00+00:00,1039474.3208515854,7.936507936506344e-05,0.0,82.49141503464688,0.0,2.0748010106541424
2022-11-01 00:00:00+00:00,1039556.8188135577,7.936507936510479e-05,0.0,82.49796197234805,0.0,2.0761361826040905
2022-11-02 00:00:00+00:00,1039639.3233229874,7.936507936511086e-05,0.0,82.50450942964744,0.0,2.067257563216208
2022-11-03 00:00:00+00:00,1039721.834380394,7.936507936504203e-05,0.0,82.5110574065863,0.0,2.06901229094872
2022-11-04 00:00:00+00:00,1039804.3519862972,7.936507936508255e-05,0.0,82.51760590320588,0.0,2.0789019688124166
2022-11-07 00:00:00+00:00,1039886.8761412167,7.93650793650808e-05,0.0,82.5241549195474,0.0,2.083613767596875
2022-11-08 00:00:00+00:00,1039969.4068456724,7.936507936510907e-05,0.0,82.53070445565213,0.0,2.0798812407561376
2022-11-09 00:00:00+00:00,1040051.944100184,7.936507936512767e-05,0.0,82.5372545115613,0.0,2.0678285487422254
2022-11-10 00:00:00+00:00,1040134.4879052714,7.936507936509694e-05,0.0,82.54380508731619,0.0,2.0806358347796294
2022-11-11 00:00:00+00:00,1040217.0382614543,7.936507936508918e-05,0.0,82.55035618295804,0.0,2.0855738734922515
2022-11-14 00:00:00+00:00,1040299.5951692528,7.936507936506467e-05,0.0,82.55690779852812,0.0,2.0904952209488323
2022-11-15 00:00:00+00:00,1040382.1586291869,7.93650793650957e-05,0.0,82.56345993406768,0.0,2.0943972309155776
2022-11-16 00:00:00+00:00,1040464.7286417765,7.936507936503066e-05,0.0,82.570012589618,0.0,2.084900962777891
2022-11-17 00:00:00+00:00,1040547.3052075417,7.936507936505371e-05,0.0,82.57656576522035,0.0,2.073466150513493
2022-11-18 00:00:00+00:00,1040629.8883270026,7.936507936512515e-05,0.0,82.58311946091601,0.0,2.0781460654812194
2022-11-21 00:00:00+00:00,1040712.4780006794,7.936507936509342e-05,0.0,82.58967367674624,0.0,2.0770894064808036
2022-11-22 00:00:00+00:00,1040795.0742290921,7.936507936503075e-05,0.0,82.59622841275234,0.0,2.0811193473263683
2022-11-23 00:00:00+00:00,1040877.6770127611,7.936507936512122e-05,0.0,82.60278366897556,0.0,2.0760511103609685
2022-11-25 00:00:00+00:00,1040960.2863522066,7.936507936510137e-05,0.0,82.60933944545724,0.0,2.074862044246303
2022-11-28 00:00:00+00:00,1041042.9022479488,7.936507936504346e-05,0.0,82.61589574223862,0.0,2.067241217435238
2022-11-29 00:00:00+00:00,1041125.5247005082,7.936507936513146e-05,0.0,82.62245255936102,0.0,2.074967460667832
2022-11-30 00:00:00+00:00,1041208.1537104051,7.936507936510202e-05,0.0,82.62900989686572,0.0,2.0855493192278165
2022-12-01 00:00:00+00:00,1041290.7892781598,7.936507936502735e-05,0.0,82.63556775479405,0.0,2.084238072844441
2022-12-02 00:00:00+00:00,1041373.431404293,7.936507936509136e-05,0.0,82.64212613318729,0.0,2.079115048161065
2022-12-05 00:00:00+00:00,1041456.0800893251,7.936507936503078e-05,0.0,82.64868503208675,0.0,2.072961299050962
2022-12-06 00:00:00+00:00,1041538.7353337766,7.936507936502955e-05,0.0,82.65524445153373,0.0,2.06547526350684
2022-12-07 00:00:00+00:00,1041621.3971381681,7.936507936504796e-05,0.0,82.66180439156958,0.0,2.070784128242195
2022-12-08 00:00:00+00:00,1041704.0655030203,7.936507936504636e-05,0.0,82.66836485223557,0.0,2.0739229212194963
2022-12-09 00:00:00+00:00,1041786.7404288539,7.936507936509686e-05,0.0,82.67492583357304,0.0,2.0456165729965425
2022-12-12 00:00:00+00:00,1041869.4219161895,7.936507936504799e-05,0.0,82.68148733562333,0.0,2.0388312235029793
2022-12-13 00:00:00+00:00,1041952.1099655479,7.936507936508363e-05,0.0,82.68804935842773,0.0,2.053220991067579
2022-12-14 00:00:00+00:00,1042034.8045774499,7.936507936505234e-05,0.0,82.69461190202762,0.0,2.0525790088964255
2022-12-15 00:00:00+00:00,1042117.5057524163,7.93650793650262e-05,0.0,82.70117496646428,0.0,2.051533689319785
2022-12-16 00:00:00+00:00,1042200.2134909681,7.936507936507724e-05,0.0,82.70773855177907,0.0,2.046315056981165
2022-12-19 00:00:00+00:00,1042282.9277936261,7.936507936505408e-05,0.0,82.71430265801334,0.0,2.0471809401722156
2022-12-20 00:00:00+00:00,1042365.6486609112,7.936507936502877e-05,0.0,82.72086728520841,0.0,2.0515614170517438
2022-12-21 00:00:00+00:00,1042448.3760933446,7.936507936507333e-05,0.0,82.72743243340565,0.0,2.057663491381391
2022-12-22 00:00:00+00:00,1042531.1100914472,7.93650793650364e-05,0.0,82.7339981026464,0.0,2.0550688949507387
2022-12-23 00:00:00+00:00,1042613.8506557402,7.936507936510167e-05,0.0,82.74056429297201,0.0,2.068380721064914
2022-12-27 00:00:00+00:00,1042696.5977867447,7.936507936511779e-05,0.0,82.74713100442384,0.0,2.0681658380235373
2022-12-28 00:00:00+00:00,1042779.3514849817,7.936507936504508e-05,0.0,82.75369823704322,0.0,2.066767258389997
2022-12-29 00:00:00+00:00,1042862.1117509726,7.936507936506722e-05,0.0,82.76026599087156,0.0,2.0680878693428166
2022-12-30 00:00:00+00:00,1042944.8785852385,7.936507936503287e-05,0.0,82.76683426595021,0.0,2.0711389626439938
2023-01-03 00:00:00+00:00,1043027.6519883008,7.93650793651256e-05,0.0,82.77340306232051,0.0,1.8472987743883231
2023-01-04 00:00:00+00:00,1043110.4319606809,7.936507936508252e-05,0.0,82.77997238002388,0.0,1.832651577494413
2023-01-05 00:00:00+00:00,1043193.2185029,7.93650793650872e-05,0.0,82.78654221910166,0.0,1.8401474282077808
2023-01-06 00:00:00+00:00,1043276.0116154796,7.936507936509995e-05,0.0,82.79311257959523,0.0,1.8347733708475067
2023-01-09 00:00:00+00:00,1043358.8112989411,7.936507936508111e-05,0.0,82.799683461546,0.0,1.8401789726278213
2023-01-10 00:00:00+00:00,1043441.6175538062,7.936507936510261e-05,0.0,82.80625486499532,0.0,1.8331390877959661
2023-01-11 00:00:00+00:00,1043524.4303805962,7.936507936512475e-05,0.0,82.81282678998461,0.0,1.8213090114513188
2023-01-12 00:00:00+00:00,1043607.2497798328,7.936507936510788e-05,0.0,82.81939923655526,0.0,1.8201024025899053
2023-01-13 00:00:00+00:00,1043690.0757520376,7.93650793651239e-05,0.0,82.82597220474864,0.0,1.8239700114207165
2023-01-17 00:00:00+00:00,1043772.9082977322,7.936507936513311e-05,0.0,82.83254569460615,0.0,1.8366474458813737
2023-01-18 00:00:00+00:00,1043855.7474174384,7.936507936509589e-05,0.0,82.83911970616923,0.0,1.8379201366847133
2023-01-19 00:00:00+00:00,1043938.5931116779,7.936507936508407e-05,0.0,82.84569423947924,0.0,1.8435511533691544
2023-01-20 00:00:00+00:00,1044021.4453809725,7.936507936505799e-05,0.0,82.85226929457761,0.0,1.8413074153917033
2023-01-23 00:00:00+00:00,1044104.304225844,7.93650793650895e-05,0.0,82.85884487150575,0.0,1.8436463079783758
2023-01-24 00:00:00+00:00,1044187.1696468142,7.936507936502743e-05,0.0,82.86542097030508,0.0,1.8385088802596914
2023-01-25 00:00:00+00:00,1044270.0416444052,7.93650793650551e-05,0.0,82.871997591017,0.0,1.852448444341162
2023-01-26 00:00:00+00:00,1044352.920219139,7.936507936513283e-05,0.0,82.87857473368295,0.0,1.8530927118854938
2023-01-27 00:00:00+00:00,1044435.8053715373,7.936507936510947e-05,0.0,82.88515239834436,0.0,1.8223540027631686
2023-01-30 00:00:00+00:00,1044518.6971021224,7.936507936505683e-05,0.0,82.89173058504265,0.0,1.802203490642694
2023-01-31 00:00:00+00:00,1044601.5954114161,7.936507936504672e-05,0.0,82.89830929381924,0.0,1.7885287678650097
2023-02-01 00:00:00+00:00,1044684.5002999408,7.936507936503945e-05,0.0,82.90488852471557,0.0,1.7802066075206828
2023-02-02 00:00:00+00:00,1044767.4117682186,7.936507936510682e-05,0.0,82.91146827777308,0.0,1.7881195784695811
2023-02-03 00:00:00+00:00,1044850.3298167717,7.936507936509767e-05,0.0,82.91804855303323,0.0,1.7858180556051146
2023-02-06 00:00:00+00:00,1044933.2544461222,7.936507936508382e-05,0.0,82.92462935053743,0.0,1.7878585112192158
2023-02-07 00:00:00+00:00,1045016.1856567925,7.936507936502558e-05,0.0,82.93121067032716,0.0,1.7931206507601711
2023-02-08 00:00:00+00:00,1045099.123449305,7.93650793651061e-05,0.0,82.93779251244385,0.0,1.7753959211261665
2023-02-09 00:00:00+00:00,1045182.0678241819,7.93650793650629e-05,0.0,82.94437487692896,0.0,1.7642613923657486
2023-02-10 00:00:00+00:00,1045265.0187819457,7.93650793650791e-05,0.0,82.95095776382395,0.0,1.7545679711095334
2023-02-13 00:00:00+00:00,1045347.9763231189,7.936507936511504e-05,0.0,82.9575411731703,0.0,1.758248183779422
2023-02-14 00:00:00+00:00,1045430.940448224,7.936507936513101e-05,0.0,82.96412510500943,0.0,1.773173875007822
2023-02-15 00:00:00+00:00,1045513.9111577834,7.93650793650874e-05,0.0,82.97070955938285,0.0,1.7573409366527226
2023-02-16 00:00:00+00:00,1045596.8884523197,7.936507936505588e-05,0.0,82.97729453633201,0.0,1.7452943421710128
2023-02-17 00:00:00+00:00,1045679.8723323556,7.936507936510812e-05,0.0,82.98388003589838,0.0,1.7480351145201518
2023-02-21 00:00:00+00:00,1045762.8627984137,7.936507936509311e-05,0.0,82.99046605812346,0.0,1.7383074270564838
2023-02-22 00:00:00+00:00,1045845.8598510168,7.936507936508251e-05,0.0,82.99705260304872,0.0,1.74406302880887
2023-02-23 00:00:00+00:00,1045928.8634906875,7.936507936503667e-05,0.0,83.00363967071561,0.0,1.7458667598935178
2023-02-24 00:00:00+00:00,1046011.8737179486,7.936507936502723e-05,0.0,83.01022726116567,0.0,1.7507291460489012
2023-02-27 00:00:00+00:00,1046094.890533323,7.936507936512581e-05,0.0,83.01681537444036,0.0,1.7521007148756804
2023-02-28 00:00:00+00:00,1046177.9139373336,7.936507936507014e-05,0.0,83.02340401058119,0.0,1.744678757830866
2023-03-01 00:00:00+00:00,1046260.9439305032,7.936507936504315e-05,0.0,83.02999316962965,0.0,1.7468007631877667
2023-03-02 00:00:00+00:00,1046343.9805133549,7.936507936511643e-05,0.0,83.03658285162724,0.0,1.7444267630339048
2023-03-03 00:00:00+00:00,1046427.0236864114,7.936507936502778e-05,0.0,83.04317305661547,0.0,1.7526603963652967
2023-03-06 00:00:00+00:00,1046510.0734501961,7.936507936507134e-05,0.0,83.04976378463583,0.0,1.7540965819774827
2023-03-07 00:00:00+00:00,1046593.1298052318,7.936507936509614e-05,0.0,83.05635503572985,0.0,1.7539170104073207
2023-03-08 00:00:00+00:00,1046676.1927520417,7.936507936506253e-05,0.0,83.06294680993904,0.0,1.7583957982591518
2023-03-09 00:00:00+00:00,1046759.262291149,7.936507936504208e-05,0.0,83.0695391073049,0.0,1.749678298268024
2023-03-10 00:00:00+00:00,1046842.3384230769,7.936507936510636e-05,0.0,83.07613192786897,0.0,1.7507936916200548
2023-03-13 00:00:00+00:00,1046925.4211483486,7.936507936510444e-05,0.0,83.08272527167277,0.0,1.7533970138857078
2023-03-14 00:00:00+00:00,1047008.5104674874,7.936507936510789e-05,0.0,83.08931913875783,0.0,1.7618506020839066
2023-03-15 00:00:00+00:00,1047091.6063810166,7.936507936507703e-05,0.0,83.09591352916567,0.0,1.7569621222508371
2023-03-16 00:00:00+00:00,1047174.7088894595,7.93650793650834e-05,0.0,83.10250844293782,0.0,1.7633695118117507
2023-03-17 00:00:00+00:00,1047257.8179933396,7.936507936508732e-05,0.0,83.10910388011584,0.0,1.7594198710188111
2023-03-20 00:00:00+00:00,1047340.9336931803,7.936507936504912e-05,0.0,83.11569984074124,0.0,1.7567606588255624
2023-03-21 00:00:00+00:00,1047424.0559895051,7.93650793650403e-05,0.0,83.12229632485558,0.0,1.7552303181350934
2023-03-22 00:00:00+00:00,1047507.1848828377,7.936507936513234e-05,0.0,83.12889333250041,0.0,1.7505351833855625
2023-03-23 00:00:00+00:00,1047590.3203737014,7.936507936506325e-05,0.0,83.13549086371728,0.0,1.749743935922873
2023-03-24 00:00:00+00:00,1047673.46246262,7.936507936512681e-05,0.0,83.14208891854773,0.0,1.75764536501477
2023-03-27 00:00:00+00:00,1047756.611150117,7.936507936506108e-05,0.0,83.14868749703334,0.0,1.7537490032563987
2023-03-28 00:00:00+00:00,1047839.7664367162,7.936507936504865e-05,0.0,83.15528659921563,0.0,1.7576620050011327
2023-03-29 00:00:00+00:00,1047922.9283229413,7.936507936504983e-05,0.0,83.1618862251362,0.0,1.7521495862076644
2023-03-30 00:00:00+00:00,1048006.0968093161,7.936507936502497e-05,0.0,83.1684863748366,0.0,1.7610922581961845
2023-03-31 00:00:00+00:00,1048089.2718963644,7.936507936504547e-05,0.0,83.17508704835842,0.0,1.76110593052563
2023-04-03 00:00:00+00:00,1048172.4535846101,7.936507936507167e-05,0.0,83.1816882457432,0.0,1.9014740039883637
2023-04-04 00:00:00+00:00,1048255.6418745772,7.936507936506387e-05,0.0,83.18828996703255,0.0,1.8999323771837333
2023-04-05 00:00:00+00:00,1048338.8367667894,7.936507936509351e-05,0.0,83.19489221226803,0.0,1.8943954333057151
2023-04-06 00:00:00+00:00,1048422.038261771,7.936507936512092e-05,0.0,83.20149498149122,0.0,1.8918540538512922
2023-04-10 00:00:00+00:00,1048505.2463600457,7.936507936510639e-05,0.0,83.20809827474373,0.0,1.8992785270962949
2023-04-11 00:00:00+00:00,1048588.4610621377,7.936507936501029e-05,0.0,83.21470209206713,0.0,1.9002288889708003
2023-04-12 00:00:00+00:00,1048671.6823685712,7.936507936501503e-05,0.0,83.22130643350299,0.0,1.902176491081013
2023-04-13 00:00:00+00:00,1048754.9102798703,7.93650793650809e-05,0.0,83.22791129909295,0.0,1.9133470390123484
2023-04-14 00:00:00+00:00,1048838.1447965591,7.936507936505722e-05,0.0,83.23451668887859,0.0,1.9161096356260967
2023-04-17 00:00:00+00:00,1048921.385919162,7.936507936512634e-05,0.0,83.24112260290151,0.0,1.9134198504796815
2023-04-18 00:00:00+00:00,1049004.6336482032,7.936507936502659e-05,0.0,83.24772904120334,0.0,1.8987549407800328
2023-04-19 00:00:00+00:00,1049087.8879842071,7.936507936516227e-05,0.0,83.25433600382566,0.0,1.9007746038590736
2023-04-20 00:00:00+00:00,1049171.148927698,7.936507936504975e-05,0.0,83.26094349081009,0.0,1.9012916388995795
2023-04-21 00:00:00+00:00,1049254.4164792001,7.936507936509331e-05,0.0,83.26755150219824,0.0,1.8948719559791374
2023-04-24 00:00:00+00:00,1049337.690639238,7.936507936503132e-05,0.0,83.27416003803175,0.0,1.8979773167160787
2023-04-25 00:00:00+00:00,1049420.9714083364,7.936507936504603e-05,0.0,83.28076909835222,0.0,1.8918886093541918
2023-04-26 00:00:00+00:00,1049504.2587870196,7.936507936509774e-05,0.0,83.2873786832013,0.0,1.8804992308067656
2023-04-27 00:00:00+00:00,1049587.5527758123,7.93650793651468e-05,0.0,83.29398879262061,0.0,1.8758929845917285
2023-04-28 00:00:00+00:00,1049670.853375239,7.936507936515352e-05,0.0,83.30059942665177,0.0,1.8782351309102725
2023-05-01 00:00:00+00:00,1049754.1605858244,7.936507936507825e-05,0.0,83.30721058533643,0.0,1.8909292037667855
2023-05-02 00:00:00+00:00,1049837.4744080931,7.936507936510316e-05,0.0,83.31382226871622,0.0,1.8748008968881016
2023-05-03 00:00:00+00:00,1049920.79484257,7.936507936518854e-05,0.0,83.32043447683279,0.0,1.8644154320961879
2023-05-04 00:00:00+00:00,1050004.1218897798,7.936507936507295e-05,0.0,83.32704720972778,0.0,1.8781120872041752
2023-05-05 00:00:00+00:00,1050087.4555502473,7.936507936516029e-05,0.0,83.33366046744284,0.0,1.8852660312531695
2023-05-08 00:00:00+00:00,1050170.7958244975,7.936507936518907e-05,0.0,83.34027425001963,0.0,1.8804522111070567
2023-05-09 00:00:00+00:00,1050254.142713055,7.936507936511966e-05,0.0,83.3468885574998,0.0,1.8760634893293076
2023-05-10 00:00:00+00:00,1050337.496216445,7.936507936513412e-05,0.0,83.353503389925,0.0,1.8715690149041193
2023-05-11 00:00:00+00:00,1050420.8563351922,7.936507936497108e-05,0.0,83.3601187473369,0.0,1.8785663834185842
2023-05-12 00:00:00+00:00,1050504.223069822,7.936507936503425e-05,0.0,83.36673462977716,0.0,1.8806165032135622
2023-05-15 00:00:00+00:00,1050587.5964208592,7.936507936506223e-05,0.0,83.37335103728746,0.0,1.889502598276919
2023-05-16 00:00:00+00:00,1050670.976388829,7.93650793650154e-05,0.0,83.37996796990946,0.0,1.8827426074986748
2023-05-17 00:00:00+00:00,1050754.3629742567,7.936507936507569e-05,0.0,83.38658542768485,0.0,1.8813068923121237
2023-05-18 00:00:00+00:00,1050837.7561776673,7.936507936498183e-05,0.0,83.3932034106553,0.0,1.8658793997273069
2023-05-19 00:00:00+00:00,1050921.1559995862,7.936507936513734e-05,0.0,83.39982191886249,0.0,1.8675764148549425
2023-05-22 00:00:00+00:00,1051004.5624405385,7.936507936505938e-05,0.0,83.4064409523481,0.0,1.8639029912481964
2023-05-23 00:00:00+00:00,1051087.9755010498,7.93650793651514e-05,0.0,83.41306051115386,0.0,1.8791838226975743
2023-05-24 00:00:00+00:00,1051171.3951816452,7.936507936515218e-05,0.0,83.41968059532141,0.0,1.8741048073717774
2023-05-25 00:00:00+00:00,1051254.82148285,7.936507936502209e-05,0.0,83.42630120489247,0.0,1.8654850585666067
2023-05-26 00:00:00+00:00,1051338.25440519,7.936507936516446e-05,0.0,83.43292233990873,0.0,1.868575662243876
2023-05-30 00:00:00+00:00,1051421.6939491904,7.93650793650966e-05,0.0,83.4395440004119,0.0,1.8703340201370935
2023-05-31 00:00:00+00:00,1051505.1401153768,7.936507936500038e-05,0.0,83.44616618644369,0.0,1.8653557416974418
2023-06-01 00:00:00+00:00,1051588.5929042748,7.936507936505756e-05,0.0,83.45278889804578,0.0,1.867388289649413
2023-06-02 00:00:00+00:00,1051672.05231641,7.936507936500701e-05,0.0,83.45941213525991,0.0,1.8783120871097392
2023-06-05 00:00:00+00:00,1051755.518352308,7.936507936503048e-05,0.0,83.46603589812777,0.0,1.8780756151773557
2023-06-06 00:00:00+00:00,1051838.9910124948,7.936507936508831e-05,0.0,83.47266018669112,0.0,1.8734362468130574
2023-06-07 00:00:00+00:00,1051922.4702974958,7.93650793651408e-05,0.0,83.47928500099165,0.0,1.8833901137689666
2023-06-08 00:00:00+00:00,1052005.956207837,7.936507936514829e-05,0.0,83.4859103410711,0.0,1.8826411934776415
2023-06-09 00:00:00+00:00,1052089.448744044,7.936507936507114e-05,0.0,83.4925362069712,0.0,1.887131991700329
2023-06-12 00:00:00+00:00,1052172.9479066427,7.9365079365091e-05,0.0,83.49916259873365,0.0,1.8810349860486775
2023-06-13 00:00:00+00:00,1052256.4536961592,7.93650793651682e-05,0.0,83.50578951640021,0.0,1.8900170462771917
2023-06-14 00:00:00+00:00,1052339.9661131192,7.936507936504174e-05,0.0,83.51241696001263,0.0,1.8883812237520536
2023-06-15 00:00:00+00:00,1052423.4851580488,7.936507936511457e-05,0.0,83.51904492961263,0.0,1.8937352450625538
2023-06-16 00:00:00+00:00,1052507.010831474,7.93650793651257e-05,0.0,83.52567342524196,0.0,1.8892788488863963
2023-06-20 00:00:00+00:00,1052590.543133921,7.93650793650355e-05,0.0,83.53230244694238,0.0,1.8828088990461045
2023-06-21 00:00:00+00:00,1052674.0820659157,7.936507936502551e-05,0.0,83.53893199475563,0.0,1.8826777672663293
2023-06-22 00:00:00+00:00,1052757.6276279844,7.936507936505605e-05,0.0,83.54556206872347,0.0,1.8717226494297488
2023-06-23 00:00:00+00:00,1052841.1798206533,7.936507936508746e-05,0.0,83.55219266888766,0.0,1.8697163588768007
2023-06-26 00:00:00+00:00,1052924.7386444486,7.936507936508006e-05,0.0,83.55882379528994,0.0,1.8701353036209745
2023-06-27 00:00:00+00:00,1053008.3040998965,7.936507936499417e-05,0.0,83.56545544797211,0.0,1.872085790963213
2023-06-28 00:00:00+00:00,1053091.8761875234,7.936507936501132e-05,0.0,83.57208762697591,0.0,1.8738216261755203
2023-06-29 00:00:00+00:00,1053175.4549078557,7.936507936509175e-05,0.0,83.57872033234312,0.0,1.8729961412184717
2023-06-30 00:00:00+00:00,1053259.0402614197,7.936507936497474e-05,0.0,83.58535356411554,0.0,1.876193281402355
2023-07-03 00:00:00+00:00,1053342.632248742,7.936507936506279e-05,0.0,83.5919873223349,0.0,1.9044815615592783
2023-07-05 00:00:00+00:00,1053426.230870349,7.936507936509511e-05,0.0,83.59862160704301,0.0,1.9043418595506822
2023-07-06 00:00:00+00:00,1053509.8361267673,7.93650793650321e-05,0.0,83.60525641828167,0.0,1.9047836165069754
2023-07-07 00:00:00+00:00,1053593.4480185234,7.936507936505507e-05,0.0,83.61189175609265,0.0,1.9119342955882805
2023-07-10 00:00:00+00:00,1053677.066546144,7.936507936512437e-05,0.0,83.61852762051772,0.0,1.9091907807041597
2023-07-11 00:00:00+00:00,1053760.6917101555,7.936507936497933e-05,0.0,83.62516401159873,0.0,1.9188717900604013
2023-07-12 00:00:00+00:00,1053844.3235110848,7.936507936502227e-05,0.0,83.63180092937742,0.0,1.925639194026871
2023-07-13 00:00:00+00:00,1053927.9619494586,7.936507936499252e-05,0.0,83.63843837389561,0.0,1.9253263772712046
2023-07-14 00:00:00+00:00,1054011.6070258038,7.936507936507136e-05,0.0,83.64507634519512,0.0,1.923092055033083
2023-07-17 00:00:00+00:00,1054095.258740647,7.936507936499817e-05,0.0,83.65171484331776,0.0,1.9192659101862812
2023-07-18 00:00:00+00:00,1054178.9170945154,7.936507936517513e-05,0.0,83.65835386830531,0.0,1.9249863970708279
2023-07-19 00:00:00+00:00,1054262.5820879356,7.936507936512075e-05,0.0,83.66499342019964,0.0,1.9237886216081521
2023-07-20 00:00:00+00:00,1054346.2537214346,7.936507936501628e-05,0.0,83.67163349904251,0.0,1.9253641219019726
2023-07-21 00:00:00+00:00,1054429.9319955395,7.936507936504291e-05,0.0,83.67827410487577,0.0,1.937719539369057
2023-07-24 00:00:00+00:00,1054513.6169107773,7.936507936516092e-05,0.0,83.68491523774122,0.0,1.946213594364358
2023-07-25 00:00:00+00:00,1054597.308467675,7.936507936510984e-05,0.0,83.69155689768074,0.0,1.949175192817508
2023-07-26 00:00:00+00:00,1054681.0066667597,7.936507936507081e-05,0.0,83.69819908473612,0.0,1.9446341576590314
2023-07-27 00:00:00+00:00,1054764.7115085586,7.936507936500419e-05,0.0,83.70484179894919,0.0,1.9282828689595028
2023-07-28 00:00:00+00:00,1054848.422993599,7.936507936509103e-05,0.0,83.7114850403618,0.0,1.936307012692204
2023-07-31 00:00:00+00:00,1054932.141122408,7.936507936507092e-05,0.0,83.7181288090158,0.0,1.946626071038355
2023-08-01 00:00:00+00:00,1055015.865895513,7.936507936512493e-05,0.0,83.72477310495302,0.0,1.9414630953503798
2023-08-02 00:00:00+00:00,1055099.597313441,7.936507936499267e-05,0.0,83.73141792821532,0.0,1.9344761952235117
2023-08-03 00:00:00+00:00,1055183.33537672,7.936507936507588e-05,0.0,83.73806327884454,0.0,1.9215330385431977
2023-08-04 00:00:00+00:00,1055267.0800858769,7.936507936511418e-05,0.0,83.74470915688254,0.0,1.918835786294038
2023-08-07 00:00:00+00:00,1055350.8314414392,7.936507936506791e-05,0.0,83.75135556237117,0.0,1.9232833091029073
2023-08-08 00:00:00+00:00,1055434.5894439346,7.936507936511806e-05,0.0,83.75800249535232,0.0,1.9175214213480682
2023-08-09 00:00:00+00:00,1055518.3540938904,7.936507936500432e-05,0.0,83.76464995586782,0.0,1.908117618938951
2023-08-10 00:00:00+00:00,1055602.1253918344,7.936507936512826e-05,0.0,83.77129794395955,0.0,1.9100940931902772
2023-08-11 00:00:00+00:00,1055685.903338294,7.9365079365009e-05,0.0,83.7779464596694,0.0,1.9203283775504003
2023-08-14 00:00:00+00:00,1055769.687933797,7.936507936504803e-05,0.0,83.78459550303921,0.0,1.9194292135566453
2023-08-15 00:00:00+00:00,1055853.479178871,7.936507936498513e-05,0.0,83.79124507411088,0.0,1.9135803450017006
2023-08-16 00:00:00+00:00,1055937.2770740439,7.936507936500117e-05,0.0,83.79789517292627,0.0,1.9211983055350053
2023-08-17 00:00:00+00:00,1056021.0816198434,7.936507936505646e-05,0.0,83.80454579952729,0.0,1.915457808983771
2023-08-18 00:00:00+00:00,1056104.8928167974,7.936507936511132e-05,0.0,83.81119695395583,0.0,1.9110164480123455
2023-08-21 00:00:00+00:00,1056188.7106654337,7.936507936512608e-05,0.0,83.81784863625376,0.0,1.9162862158230713
2023-08-22 00:00:00+00:00,1056272.53516628,7.93650793650611e-05,0.0,83.824500846463,0.0,1.911317228771861
2023-08-23 00:00:00+00:00,1056356.3663198648,7.936507936509716e-05,0.0,83.83115358462541,0.0,1.9195313965780447
2023-08-24 00:00:00+00:00,1056440.2041267154,7.936507936497414e-05,0.0,83.83780685078291,0.0,1.9154437843534664
2023-08-25 00:00:00+00:00,1056524.0485873604,7.936507936509323e-05,0.0,83.84446064497742,0.0,1.9100652709735644
2023-08-28 00:00:00+00:00,1056607.8997023276,7.936507936497394e-05,0.0,83.85111496725082,0.0,1.9124439225291066
2023-08-29 00:00:00+00:00,1056691.7574721451,7.936507936501736e-05,0.0,83.85776981764505,0.0,1.9072050883606209
2023-08-30 00:00:00+00:00,1056775.6218973415,7.936507936518381e-05,0.0,83.86442519620199,0.0,1.9014196761480537
2023-08-31 00:00:00+00:00,1056859.4929784443,7.936507936499293e-05,0.0,83.8710811029636,0.0,1.9051941623757402
2023-09-01 00:00:00+00:00,1056943.3707159823,7.936507936506608e-05,0.0,83.87773753797177,0.0,1.911281041434857
2023-09-05 00:00:00+00:00,1057027.2551104836,7.936507936514321e-05,0.0,83.88439450126843,0.0,1.9246655762245428
2023-09-06 00:00:00+00:00,1057111.1461624766,7.936507936518467e-05,0.0,83.89105199289553,0.0,1.9208460730246761
2023-09-07 00:00:00+00:00,1057195.0438724896,7.93650793651508e-05,0.0,83.89771001289498,0.0,1.9225166927489945
2023-09-08 00:00:00+00:00,1057278.9482410508,7.936507936500197e-05,0.0,83.9043685613087,0.0,1.9159683938695116
2023-09-11 00:00:00+00:00,1057362.859268689,7.936507936513897e-05,0.0,83.91102763817864,0.0,1.9053825383830527
2023-09-12 00:00:00+00:00,1057446.7769559326,7.936507936508164e-05,0.0,83.91768724354675,0.0,1.9021743968926161
2023-09-13 00:00:00+00:00,1057530.70130331,7.936507936501057e-05,0.0,83.92434737745496,0.0,1.9054922246881612
2023-09-14 00:00:00+00:00,1057614.63231135,7.936507936510625e-05,0.0,83.93100803994524,0.0,1.9011913141098935
2023-09-15 00:00:00+00:00,1057698.569980581,7.936507936510884e-05,0.0,83.93766923105952,0.0,1.9056784912489282
2023-09-18 00:00:00+00:00,1057782.5143115318,7.936507936497868e-05,0.0,83.94433095083977,0.0,1.9056305568024214
2023-09-19 00:00:00+00:00,1057866.4653047312,7.936507936511638e-05,0.0,83.95099319932793,0.0,1.9066397140149114
2023-09-20 00:00:00+00:00,1057950.4229607077,7.9365079365042e-05,0.0,83.95765597656596,0.0,1.9078003415789868
2023-09-21 00:00:00+00:00,1058034.3872799904,7.93650793651561e-05,0.0,83.96431928259585,0.0,1.9108378979750182
2023-09-22 00:00:00+00:00,1058118.3582631077,7.936507936497882e-05,0.0,83.97098311745955,0.0,1.9152034069289736
2023-09-25 00:00:00+00:00,1058202.335910589,7.936507936513073e-05,0.0,83.97764748119903,0.0,1.9213319483226563
2023-09-26 00:00:00+00:00,1058286.3202229629,7.9365079365132e-05,0.0,83.98431237385627,0.0,1.9166172878484184
2023-09-27 00:00:00+00:00,1058370.3112007584,7.936507936516302e-05,0.0,83.99097779547324,0.0,1.9137088790242531
2023-09-28 00:00:00+00:00,1058454.3088445046,7.936507936518413e-05,0.0,83.99764374609194,0.0,1.9150019945392458
2023-09-29 00:00:00+00:00,1058538.3131547305,7.936507936515564e-05,0.0,84.00431022575434,0.0,1.9131893920782006
2023-10-02 00:00:00+00:00,1058622.324131965,7.936507936503792e-05,0.0,84.01097723450242,0.0,1.9298742331763243
2023-10-03 00:00:00+00:00,1058706.3417767372,7.936507936501128e-05,0.0,84.01764477237818,0.0,1.9301738432463451
2023-10-04 00:00:00+00:00,1058790.3660895766,7.9365079365036e-05,0.0,84.02431283942359,0.0,1.9325512555094022
2023-10-05 00:00:00+00:00,1058874.3970710123,7.93650793650724e-05,0.0,84.03098143568069,0.0,1.9539012450018332
2023-10-06 00:00:00+00:00,1058958.4347215735,7.936507936508083e-05,0.0,84.03765056119146,0.0,1.9556489317074681
2023-10-09 00:00:00+00:00,1059042.4790417894,7.936507936502162e-05,0.0,84.0443202159979,0.0,1.9579731230404724
2023-10-10 00:00:00+00:00,1059126.5300321896,7.936507936507499e-05,0.0,84.05099040014201,0.0,1.9634602484272876
2023-10-11 00:00:00+00:00,1059210.5876933031,7.936507936498138e-05,0.0,84.05766111366584,0.0,1.9538482121237681
2023-10-12 00:00:00+00:00,1059294.6520256598,7.936507936514083e-05,0.0,84.06433235661136,0.0,1.952324893942766
2023-10-13 00:00:00+00:00,1059378.7230297888,7.936507936507397e-05,0.0,84.07100412902062,0.0,1.9494258111616016
2023-10-16 00:00:00+00:00,1059462.8007062199,7.936507936518079e-05,0.0,84.07767643093563,0.0,1.9551232039845927
2023-10-17 00:00:00+00:00,1059546.8850554822,7.936507936498204e-05,0.0,84.0843492623984,0.0,1.961210593716368
2023-10-18 00:00:00+00:00,1059630.9760781056,7.936507936509738e-05,0.0,84.09102262345097,0.0,1.958386728675492
2023-10-19 00:00:00+00:00,1059715.0737746197,7.93650793650476e-05,0.0,84.09769651413536,0.0,1.9584469968059985
2023-10-20 00:00:00+00:00,1059799.1781455541,7.936507936501277e-05,0.0,84.10437093449363,0.0,1.9576069963045701
2023-10-23 00:00:00+00:00,1059883.2891914388,7.936507936517295e-05,0.0,84.11104588456779,0.0,1.9347394684770847
2023-10-24 00:00:00+00:00,1059967.4069128032,7.936507936504903e-05,0.0,84.11772136439991,0.0,1.9113876207952472
2023-10-25 00:00:00+00:00,1060051.5313101772,7.936507936504077e-05,0.0,84.124397374032,0.0,1.9028206389442759
2023-10-26 00:00:00+00:00,1060135.6623840907,7.936507936510846e-05,0.0,84.13107391350613,0.0,1.9059686002973333
2023-10-27 00:00:00+00:00,1060219.8001350735,7.936507936499279e-05,0.0,84.13775098286435,0.0,1.8486983946998121
2023-10-30 00:00:00+00:00,1060303.9445636556,7.936507936509336e-05,0.0,84.14442858214869,0.0,1.8560265026293954
2023-10-31 00:00:00+00:00,1060388.0956703671,7.936507936515085e-05,0.0,84.15110671140124,0.0,1.8514783905023076
2023-11-01 00:00:00+00:00,1060472.2534557378,7.936507936512562e-05,0.0,84.15778537066406,0.0,1.8457146685700399
2023-11-02 00:00:00+00:00,1060556.4179202977,7.9365079364978e-05,0.0,84.1644645599792,0.0,1.8563832348768665
2023-11-03 00:00:00+00:00,1060640.5890645771,7.936507936510747e-05,0.0,84.17114427938871,0.0,1.8581535879025393
2023-11-06 00:00:00+00:00,1060724.766889106,7.936507936503521e-05,0.0,84.17782452893469,0.0,1.8642015632543631
2023-11-07 00:00:00+00:00,1060808.9513944148,7.936507936516065e-05,0.0,84.18450530865921,0.0,1.8568267969706715
2023-11-08 00:00:00+00:00,1060893.1425810333,7.936507936500507e-05,0.0,84.19118661860435,0.0,1.85057128641578
2023-11-09 00:00:00+00:00,1060977.3404494922,7.936507936518731e-05,0.0,84.19786845881217,0.0,1.8481393222356868
2023-11-10 00:00:00+00:00,1061061.5450003215,7.936507936500923e-05,0.0,84.20455082932477,0.0,1.849507468567129
2023-11-13 00:00:00+00:00,1061145.7562340517,7.936507936508958e-05,0.0,84.21123373018425,0.0,1.849968071165358
2023-11-14 00:00:00+00:00,1061229.9741512132,7.936507936516922e-05,0.0,84.21791716143267,0.0,1.8612098607056393
2023-11-15 00:00:00+00:00,1061314.1987523362,7.936507936498906e-05,0.0,84.22460112311215,0.0,1.8680354387360958
2023-11-16 00:00:00+00:00,1061398.4300379516,7.936507936516767e-05,0.0,84.23128561526478,0.0,1.8509577279507283
2023-11-17 00:00:00+00:00,1061482.6680085894,7.936507936500718e-05,0.0,84.23797063793266,0.0,1.852589869152116
2023-11-20 00:00:00+00:00,1061566.9126647806,7.936507936512607e-05,0.0,84.24465619115789,0.0,1.854597541819638
2023-11-21 00:00:00+00:00,1061651.1640070556,7.936507936504593e-05,0.0,84.25134227498259,0.0,1.8516236313841632
2023-11-22 00:00:00+00:00,1061735.422035945,7.936507936516576e-05,0.0,84.25802888944885,0.0,1.856725382331899
2023-11-24 00:00:00+00:00,1061819.6867519796,7.936507936500728e-05,0.0,84.26471603459882,0.0,1.858111099718895
2023-11-27 00:00:00+00:00,1061903.9581556902,7.936507936518871e-05,0.0,84.27140371047457,0.0,1.8592546637795024
2023-11-28 00:00:00+00:00,1061988.2362476073,7.936507936501251e-05,0.0,84.27809191711827,0.0,1.8657281933938852
2023-11-29 00:00:00+00:00,1062072.5210282619,7.936507936509685e-05,0.0,84.284780654572,0.0,1.863819321173327
2023-11-30 00:00:00+00:00,1062156.8124981849,7.936507936518277e-05,0.0,84.29146992287792,0.0,1.858165069934648
2023-12-01 00:00:00+00:00,1062241.1106579069,7.936507936501137e-05,0.0,84.29815972207817,0.0,1.8683857339004373
2023-12-04 00:00:00+00:00,1062325.415507959,7.936507936498148e-05,0.0,84.30485005221483,0.0,1.8707361912481426
2023-12-05 00:00:00+00:00,1062409.7270488723,7.936507936505336e-05,0.0,84.31154091333008,0.0,1.870757119850719
2023-12-06 00:00:00+00:00,1062494.0452811779,7.936507936518732e-05,0.0,84.31823230546605,0.0,1.8759511125359984
2023-12-07 00:00:00+00:00,1062578.3702054066,7.936507936512455e-05,0.0,84.32492422866491,0.0,1.880493872556475
2023-12-08 00:00:00+00:00,1062662.7018220895,7.936507936504455e-05,0.0,84.33161668296877,0.0,1.8875284625393962
2023-12-11 00:00:00+00:00,1062747.040131758,7.936507936512677e-05,0.0,84.3383096684198,0.0,1.8852283369162754
2023-12-12 00:00:00+00:00,1062831.385134943,7.93650793651124e-05,0.0,84.34500318506015,0.0,1.8847343470441071
2023-12-13 00:00:00+00:00,1062915.736832176,7.936507936518089e-05,0.0,84.35169723293198,0.0,1.8932952004474437
2023-12-14 00:00:00+00:00,1063000.0952239882,7.936507936507347e-05,0.0,84.35839181207747,0.0,1.9108783834158265
2023-12-15 00:00:00+00:00,1063084.4603109108,7.936507936518863e-05,0.0,84.36508692253874,0.0,1.914314173119814
2023-12-18 00:00:00+00:00,1063168.8320934752,7.936507936504856e-05,0.0,84.371782564358,0.0,1.908222846902063
2023-12-19 00:00:00+00:00,1063253.2105722127,7.936507936505172e-05,0.0,84.3784787375774,0.0,1.9131095658701143
2023-12-20 00:00:00+00:00,1063337.595747655,7.936507936515835e-05,0.0,84.3851754422391,0.0,1.915261469269859
2023-12-21 00:00:00+00:00,1063421.9876203334,7.936507936510983e-05,0.0,84.39187267838533,0.0,1.9146816422039734
2023-12-22 00:00:00+00:00,1063506.3861907795,7.936507936508546e-05,0.0,84.39857044605822,0.0,1.9161449403335098
2023-12-26 00:00:00+00:00,1063590.7914595248,7.936507936504559e-05,0.0,84.40526874529996,0.0,1.9246446388295513
2023-12-27 00:00:00+00:00,1063675.203427101,7.936507936516945e-05,0.0,84.41196757615276,0.0,1.9219539685994471
2023-12-28 00:00:00+00:00,1063759.6220940396,7.936507936497954e-05,0.0,84.41866693865882,0.0,1.919315514676978
2023-12-29 00:00:00+00:00,1063844.0474608724,7.936507936509293e-05,0.0,84.42536683286028,0.0,1.914564027199611
2024-01-02 00:00:00+00:00,1063928.4795281312,7.936507936503213e-05,0.0,84.4320672587994,0.0,1.9051709620458186
2024-01-03 00:00:00+00:00,1064012.9182963476,7.936507936497639e-05,0.0,84.43876821651835,0.0,1.9195934318335772
2024-01-04 00:00:00+00:00,1064097.3637660537,7.936507936510484e-05,0.0,84.44546970605933,0.0,1.9142488409939413
2024-01-05 00:00:00+00:00,1064181.8159377812,7.936507936515897e-05,0.0,84.45217172746457,0.0,1.910952688990669
2024-01-08 00:00:00+00:00,1064266.274812062,7.936507936509912e-05,0.0,84.45887428077629,0.0,1.9150639744477767
2024-01-09 00:00:00+00:00,1064350.740389428,7.936507936510445e-05,0.0,84.46557736603667,0.0,1.898424333595862
2024-01-10 00:00:00+00:00,1064435.2126704114,7.936507936513527e-05,0.0,84.47228098328794,0.0,1.8963604603246735
2024-01-11 00:00:00+00:00,1064519.691655544,7.93650793651519e-05,0.0,84.47898513257233,0.0,1.9004238784995513
2024-01-12 00:00:00+00:00,1064604.177345358,7.936507936511467e-05,0.0,84.48568981393207,0.0,1.9058860202979342
2024-01-16 00:00:00+00:00,1064688.6697403854,7.936507936498396e-05,0.0,84.49239502740937,0.0,1.8973091438327665
2024-01-17 00:00:00+00:00,1064773.1688411585,7.936507936515747e-05,0.0,84.49910077304646,0.0,1.8982071210586673
2024-01-18 00:00:00+00:00,1064857.6746482095,7.936507936515812e-05,0.0,84.5058070508856,0.0,1.8910023960526932
2024-01-19 00:00:00+00:00,1064942.1871620705,7.936507936516495e-05,0.0,84.51251386096901,0.0,1.89152838166894
2024-01-22 00:00:00+00:00,1065026.706383274,7.936507936513829e-05,0.0,84.51922120333893,0.0,1.8951781188977952
2024-01-23 00:00:00+00:00,1065111.232312352,7.936507936503849e-05,0.0,84.52592907803762,0.0,1.8848165369184762
2024-01-24 00:00:00+00:00,1065195.764949837,7.93650793650445e-05,0.0,84.5326374851073,0.0,1.892754513333403
2024-01-25 00:00:00+00:00,1065280.3042962616,7.936507936511661e-05,0.0,84.53934642459024,0.0,1.9002808619310119
2024-01-26 00:00:00+00:00,1065364.850352158,7.936507936499659e-05,0.0,84.5460558965287,0.0,1.8985163453700356
2024-01-29 00:00:00+00:00,1065449.403118059,7.936507936508191e-05,0.0,84.55276590096493,0.0,1.8975955562541946
2024-01-30 00:00:00+00:00,1065533.962594497,7.936507936511433e-05,0.0,84.5594764379412,0.0,1.893179350383479
2024-01-31 00:00:00+00:00,1065618.5287820045,7.936507936505418e-05,0.0,84.56618750749976,0.0,1.8871143118511582
2024-02-01 00:00:00+00:00,1065703.1016811142,7.936507936508034e-05,0.0,84.5728991096829,0.0,1.8927297594480423
2024-02-02 00:00:00+00:00,1065787.6812923588,7.936507936515309e-05,0.0,84.57961124453287,0.0,1.9266904671451939
2024-02-05 00:00:00+00:00,1065872.2676162708,7.936507936501431e-05,0.0,84.58632391209197,0.0,1.9295893723436488
2024-02-06 00:00:00+00:00,1065956.8606533832,7.936507936506129e-05,0.0,84.59303711240244,0.0,1.925181018679043
2024-02-07 00:00:00+00:00,1066041.4604042287,7.936507936503585e-05,0.0,84.5997508455066,0.0,1.9244571638788557
2024-02-08 00:00:00+00:00,1066126.0668693401,7.936507936511678e-05,0.0,84.60646511144672,0.0,1.9257501682615037
2024-02-09 00:00:00+00:00,1066210.6800492504,7.9365079365046e-05,0.0,84.61317991026509,0.0,1.9202285168344315
2024-02-12 00:00:00+00:00,1066295.2999444923,7.936507936500224e-05,0.0,84.61989524200399,0.0,1.9177310164914436
2024-02-13 00:00:00+00:00,1066379.926555599,7.936507936516419e-05,0.0,84.62661110670574,0.0,1.9192204851350887
2024-02-14 00:00:00+00:00,1066464.5598831035,7.936507936505546e-05,0.0,84.63332750441262,0.0,1.927236945829116
2024-02-15 00:00:00+00:00,1066549.1999275386,7.936507936507308e-05,0.0,84.64004443516694,0.0,1.930472254774624
2024-02-16 00:00:00+00:00,1066633.8466894377,7.936507936517736e-05,0.0,84.646761899011,0.0,1.9308601499138924
2024-02-20 00:00:00+00:00,1066718.5001693338,7.936507936511032e-05,0.0,84.65347989598712,0.0,1.9343728070803006
2024-02-21 00:00:00+00:00,1066803.1603677599,7.936507936505062e-05,0.0,84.6601984261376,0.0,1.9285665120502982
2024-02-22 00:00:00+00:00,1066887.8272852495,7.936507936517685e-05,0.0,84.66691748950475,0.0,1.9286227390566717
2024-02-23 00:00:00+00:00,1066972.5009223355,7.936507936501281e-05,0.0,84.67363708613091,0.0,1.9306662437890063
2024-02-26 00:00:00+00:00,1067057.1812795517,7.936507936517356e-05,0.0,84.68035721605838,0.0,1.9188557524942196
2024-02-27 00:00:00+00:00,1067141.8683574311,7.936507936518296e-05,0.0,84.6870778793295,0.0,1.9123639520647524
2024-02-28 00:00:00+00:00,1067226.562156507,7.936507936500137e-05,0.0,84.6937990759866,0.0,1.9112894513171157
2024-02-29 00:00:00+00:00,1067311.262677313,7.936507936502553e-05,0.0,84.70052080607199,0.0,1.907584773822557
2024-03-01 00:00:00+00:00,1067395.9699203826,7.936507936499756e-05,0.0,84.70724306962802,0.0,1.9053995446476262
2024-03-04 00:00:00+00:00,1067480.6838862493,7.936507936509593e-05,0.0,84.71396586669704,0.0,1.8885909419480873
2024-03-05 00:00:00+00:00,1067565.4045754466,7.936507936506283e-05,0.0,84.72068919732138,0.0,1.886129102494738
2024-03-06 00:00:00+00:00,1067650.1319885082,7.936507936507674e-05,0.0,84.72741306154339,0.0,1.8696477960489575
2024-03-07 00:00:00+00:00,1067734.8661259676,7.936507936509796e-05,0.0,84.7341374594054,0.0,1.8726082919855558
2024-03-08 00:00:00+00:00,1067819.6069883585,7.936507936508682e-05,0.0,84.74086239094981,0.0,1.870437648178871
2024-03-11 00:00:00+00:00,1067904.3545762147,7.936507936500369e-05,0.0,84.74758785621893,0.0,1.8807876255641736
2024-03-12 00:00:00+00:00,1067989.1088900699,7.936507936502693e-05,0.0,84.75431385525513,0.0,1.881717194563254
2024-03-13 00:00:00+00:00,1068073.869930458,7.936507936511686e-05,0.0,84.76104038810078,0.0,1.890659974580506
2024-03-14 00:00:00+00:00,1068158.6376979128,7.936507936501579e-05,0.0,84.76776745479826,0.0,1.890434646841355
2024-03-15 00:00:00+00:00,1068243.4121929682,7.936507936512005e-05,0.0,84.7744950553899,0.0,1.8911279577717677
2024-03-18 00:00:00+00:00,1068328.1934161582,7.936507936517198e-05,0.0,84.78122318991811,0.0,1.8821294307385026
2024-03-19 00:00:00+00:00,1068412.9813680167,7.936507936513191e-05,0.0,84.78795185842526,0.0,1.8852867199131338
2024-03-20 00:00:00+00:00,1068497.7760490777,7.936507936517814e-05,0.0,84.7946810609537,0.0,1.8753154225006017
2024-03-21 00:00:00+00:00,1068582.5774598753,7.936507936505306e-05,0.0,84.80141079754586,0.0,1.8708968895213705
2024-03-22 00:00:00+00:00,1068667.3856009436,7.936507936515285e-05,0.0,84.80814106824407,0.0,1.8714127037731423
2024-03-25 00:00:00+00:00,1068752.2004728166,7.936507936500201e-05,0.0,84.81487187309077,0.0,1.875426733708168
2024-03-26 00:00:00+00:00,1068837.0220760286,7.936507936499667e-05,0.0,84.8216032121283,0.0,1.8719227324968242
2024-03-27 00:00:00+00:00,1068921.850411114,7.936507936509712e-05,0.0,84.8283350853991,0.0,1.8727266742560458
2024-03-28 00:00:00+00:00,1069006.685478607,7.936507936504585e-05,0.0,84.83506749294556,0.0,1.8743498942140198
2024-04-01 00:00:00+00:00,1069091.5272790417,7.936507936502102e-05,0.0,84.84180043481008,0.0,1.9893392174462816
2024-04-02 00:00:00+00:00,1069176.3758129526,7.936507936498299e-05,0.0,84.84853391103506,0.0,1.982991338402055
2024-04-03 00:00:00+00:00,1069261.2310808743,7.936507936510983e-05,0.0,84.85526792166291,0.0,1.9870124711702761
2024-04-04 00:00:00+00:00,1069346.0930833411,7.93650793651441e-05,0.0,84.86200246673606,0.0,1.987625418115956
2024-04-05 00:00:00+00:00,1069430.9618208874,7.936507936504615e-05,0.0,84.86873754629691,0.0,1.9810691425892588
2024-04-08 00:00:00+00:00,1069515.8372940477,7.936507936499408e-05,0.0,84.87547316038788,0.0,1.985520899679396
2024-04-09 00:00:00+00:00,1069600.7195033568,7.936507936516588e-05,0.0,84.8822093090514,0.0,1.9844926162348013
2024-04-10 00:00:00+00:00,1069685.6084493492,7.93650793650865e-05,0.0,84.88894599232991,0.0,1.9838300389883448
2024-04-11 00:00:00+00:00,1069770.5041325595,7.936507936515164e-05,0.0,84.8956832102658,0.0,1.980469552266543
2024-04-12 00:00:00+00:00,1069855.4065535225,7.936507936510396e-05,0.0,84.90242096290154,0.0,1.968683822222205
2024-04-15 00:00:00+00:00,1069940.3157127728,7.936507936512146e-05,0.0,84.90915925027956,0.0,1.9660487923273369
2024-04-16 00:00:00+00:00,1070025.2316108453,7.936507936516443e-05,0.0,84.91589807244229,0.0,1.9576338300603786
2024-04-17 00:00:00+00:00,1070110.1542482746,7.936507936497565e-05,0.0,84.92263742943217,0.0,1.9629944122747025
2024-04-18 00:00:00+00:00,1070195.083625596,7.936507936516822e-05,0.0,84.92937732129164,0.0,1.9704965834371375
2024-04-19 00:00:00+00:00,1070280.019743344,7.936507936504967e-05,0.0,84.93611774806318,0.0,1.9770644744171766
2024-04-22 00:00:00+00:00,1070364.9626020538,7.936507936501553e-05,0.0,84.9428587097892,0.0,1.9872571096402805
2024-04-23 00:00:00+00:00,1070449.9122022602,7.936507936502612e-05,0.0,84.9496002065122,0.0,1.9892654925188835
2024-04-24 00:00:00+00:00,1070534.8685444985,7.936507936504176e-05,0.0,84.95634223827462,0.0,1.9942887949820243
2024-04-25 00:00:00+00:00,1070619.8316293035,7.936507936502274e-05,0.0,84.96308480511892,0.0,2.002595003992394
2024-04-26 00:00:00+00:00,1070704.8014572107,7.936507936514694e-05,0.0,84.96982790708758,0.0,2.0276745665519487
2024-04-29 00:00:00+00:00,1070789.778028755,7.936507936515714e-05,0.0,84.97657154422306,0.0,2.0185617884812768
2024-04-30 00:00:00+00:00,1070874.7613444715,7.936507936501376e-05,0.0,84.98331571656786,0.0,1.9958869845774583
2024-05-01 00:00:00+00:00,1070959.7514048957,7.936507936511197e-05,0.0,84.9900604241644,0.0,1.9996036806356416
2024-05-02 00:00:00+00:00,1071044.7482105626,7.936507936497727e-05,0.0,84.99680566705521,0.0,2.0019844388297905
2024-05-03 00:00:00+00:00,1071129.7517620078,7.936507936500481e-05,0.0,85.00355144528275,0.0,2.0009385761949603
2024-05-06 00:00:00+00:00,1071214.7620597668,7.93650793651549e-05,0.0,85.01029775888951,0.0,2.010289574182839
2024-05-07 00:00:00+00:00,1071299.7791043748,7.936507936517045e-05,0.0,85.017044607918,0.0,2.0160891362984286
2024-05-08 00:00:00+00:00,1071384.8028963672,7.936507936501186e-05,0.0,85.0237919924107,0.0,2.0151633094532198
2024-05-09 00:00:00+00:00,1071469.8334362796,7.936507936507413e-05,0.0,85.03053991241009,0.0,2.0195274402722654
2024-05-10 00:00:00+00:00,1071554.8707246475,7.936507936510026e-05,0.0,85.0372883679587,0.0,2.0254989622083874
2024-05-13 00:00:00+00:00,1071639.9147620066,7.936507936505058e-05,0.0,85.04403735909901,0.0,2.016560361054212
2024-05-14 00:00:00+00:00,1071724.9655488925,7.936507936510272e-05,0.0,85.05078688587353,0.0,2.0120616159276503
2024-05-15 00:00:00+00:00,1071810.0230858407,7.93650793649997e-05,0.0,85.0575369483248,0.0,2.004945091782206
2024-05-16 00:00:00+00:00,1071895.0873733873,7.936507936513641e-05,0.0,85.0642875464953,0.0,1.9956904007333804
2024-05-17 00:00:00+00:00,1071980.1584120677,7.936507936503867e-05,0.0,85.07103868042756,0.0,1.997339584275017
2024-05-20 00:00:00+00:00,1072065.2362024179,7.936507936510125e-05,0.0,85.07779035016411,0.0,1.9936668880403596
2024-05-21 00:00:00+00:00,1072150.3207449736,7.93650793650673e-05,0.0,85.08454255574745,0.0,1.989473568214858
2024-05-22 00:00:00+00:00,1072235.4120402709,7.936507936511432e-05,0.0,85.09129529722013,0.0,1.9878363489701782
2024-05-23 00:00:00+00:00,1072320.5100888454,7.936507936498547e-05,0.0,85.09804857462467,0.0,1.99568215051081
2024-05-24 00:00:00+00:00,1072405.6148912334,7.936507936507542e-05,0.0,85.1048023880036,0.0,2.000155610886325
2024-05-28 00:00:00+00:00,1072490.7264479708,7.93650793651273e-05,0.0,85.11155673739948,0.0,2.0016512274366245
2024-05-29 00:00:00+00:00,1072575.8447595937,7.936507936510147e-05,0.0,85.11831162285483,0.0,1.993555908231289
2024-05-30 00:00:00+00:00,1072660.9698266382,7.936507936517536e-05,0.0,85.1250670444122,0.0,1.9998550799477934
2024-05-31 00:00:00+00:00,1072746.1016496404,7.936507936509221e-05,0.0,85.13182300211415,0.0,2.0071867338823144
2024-06-03 00:00:00+00:00,1072831.2402291363,7.936507936502946e-05,0.0,85.1385794960032,0.0,1.9943380337050196
2024-06-04 00:00:00+00:00,1072916.3855656625,7.936507936516445e-05,0.0,85.14533652612192,0.0,1.9942930958839136
2024-06-05 00:00:00+00:00,1073001.537659755,7.936507936502345e-05,0.0,85.1520940925129,0.0,1.9842069002880778
2024-06-06 00:00:00+00:00,1073086.69651195,7.936507936500084e-05,0.0,85.15885219521864,0.0,1.9852046781195667
2024-06-07 00:00:00+00:00,1073171.8621227844,7.936507936505692e-05,0.0,85.16561083428175,0.0,1.995010081660444
2024-06-10 00:00:00+00:00,1073257.0344927942,7.936507936515203e-05,0.0,85.1723700097448,0.0,1.9958687719107564
2024-06-11 00:00:00+00:00,1073342.2136225158,7.936507936502952e-05,0.0,85.17912972165033,0.0,1.9996148771789288
2024-06-12 00:00:00+00:00,1073427.3995124858,7.936507936508365e-05,0.0,85.18588997004093,0.0,1.9928668989321752
2024-06-13 00:00:00+00:00,1073512.5921632408,7.936507936505779e-05,0.0,85.19265075495919,0.0,1.9881607633559306
2024-06-14 00:00:00+00:00,1073597.7915753173,7.93650793651292e-05,0.0,85.19941207644769,0.0,1.9919918451054826
2024-06-17 00:00:00+00:00,1073682.9977492518,7.93650793650413e-05,0.0,85.20617393454899,0.0,2.000927550345605
2024-06-18 00:00:00+00:00,1073768.210685581,7.936507936497132e-05,0.0,85.21293632930569,0.0,1.9950771107624505
2024-06-20 00:00:00+00:00,1073853.4303848417,7.936507936509644e-05,0.0,85.2196992607604,0.0,2.002704343192986
2024-06-21 00:00:00+00:00,1073938.6568475708,7.93650793651601e-05,0.0,85.2264627289557,0.0,1.9997799500518023
2024-06-24 00:00:00+00:00,1074023.8900743048,7.936507936512268e-05,0.0,85.23322673393419,0.0,2.0061088660081294
2024-06-25 00:00:00+00:00,1074109.1300655806,7.936507936516129e-05,0.0,85.23999127573848,0.0,2.000044272361153
2024-06-26 00:00:00+00:00,1074194.376821935,7.936507936501952e-05,0.0,85.24675635441116,0.0,1.9825537694628044
2024-06-27 00:00:00+00:00,1074279.630343905,7.936507936509122e-05,0.0,85.25352196999484,0.0,1.9833957932945983
2024-06-28 00:00:00+00:00,1074364.8906320275,7.936507936511994e-05,0.0,85.26028812253215,0.0,1.9831965748402598
2024-07-01 00:00:00+00:00,1074450.1576868396,7.936507936506603e-05,0.0,85.26705481206568,0.0,2.0105256126199733
2024-07-02 00:00:00+00:00,1074535.4315088782,7.936507936510655e-05,0.0,85.27382203863806,0.0,2.016574693687599
2024-07-03 00:00:00+00:00,1074620.7120986804,7.936507936498512e-05,0.0,85.28058980229193,0.0,2.0106834053560676
2024-07-05 00:00:00+00:00,1074705.9994567835,7.936507936509547e-05,0.0,85.28735810306988,0.0,2.0053570416815116
2024-07-08 00:00:00+00:00,1074791.2935837246,7.936507936518117e-05,0.0,85.29412694101457,0.0,2.0133060318379132
2024-07-09 00:00:00+00:00,1074876.5944800407,7.936507936498597e-05,0.0,85.30089631616862,0.0,2.0117829041865694
2024-07-10 00:00:00+00:00,1074961.9021462693,7.936507936512013e-05,0.0,85.30766622857466,0.0,2.0193145551632785
2024-07-11 00:00:00+00:00,1075047.2165829476,7.936507936511067e-05,0.0,85.31443667827534,0.0,2.0120532140242853
2024-07-12 00:00:00+00:00,1075132.537790613,7.936507936513456e-05,0.0,85.32120766531331,0.0,2.0167309104257045
2024-07-15 00:00:00+00:00,1075217.8657698028,7.936507936515211e-05,0.0,85.3279791897312,0.0,2.0182934628272347
2024-07-16 00:00:00+00:00,1075303.2005210544,7.936507936512368e-05,0.0,85.33475125157165,0.0,2.011063980271679
2024-07-17 00:00:00+00:00,1075388.5420449052,7.936507936500961e-05,0.0,85.34152385087734,0.0,2.026269251360288
2024-07-18 00:00:00+00:00,1075473.8903418928,7.936507936498676e-05,0.0,85.34829698769089,0.0,2.0239784081107532
2024-07-19 00:00:00+00:00,1075559.2454125548,7.936507936501545e-05,0.0,85.35507066205498,0.0,2.02036927393558
2024-07-22 00:00:00+00:00,1075644.6072574288,7.936507936505599e-05,0.0,85.36184487401229,0.0,2.011551479694526
2024-07-23 00:00:00+00:00,1075729.9758770524,7.93650793650687e-05,0.0,85.36861962360545,0.0,2.004795919410308
2024-07-24 00:00:00+00:00,1075815.3512719632,7.936507936501393e-05,0.0,85.37539491087718,0.0,2.000536285874859
2024-07-25 00:00:00+00:00,1075900.733442699,7.936507936506847e-05,0.0,85.38217073587009,0.0,2.0040304019416006
2024-07-26 00:00:00+00:00,1075986.1223897976,7.936507936497622e-05,0.0,85.38894709862691,0.0,2.0068394791731223
2024-07-29 00:00:00+00:00,1076071.5181137968,7.93650793651303e-05,0.0,85.39572399919028,0.0,2.0056097770547945
2024-07-30 00:00:00+00:00,1076156.9206152344,7.936507936505826e-05,0.0,85.40250143760292,0.0,2.013350691440514
2024-07-31 00:00:00+00:00,1076242.3298946484,7.93650793651532e-05,0.0,85.4092794139075,0.0,2.0217627515236294
2024-08-01 00:00:00+00:00,1076327.7459525766,7.936507936515907e-05,0.0,85.4160579281467,0.0,1.976571897875178
2024-08-02 00:00:00+00:00,1076413.168789557,7.936507936503623e-05,0.0,85.42283698036323,0.0,1.949765378511259
2024-08-05 00:00:00+00:00,1076498.5984061277,7.936507936517765e-05,0.0,85.42961657059976,0.0,1.9367430114523931
2024-08-06 00:00:00+00:00,1076584.0348028266,7.936507936511102e-05,0.0,85.43639669889902,0.0,1.9276099771893063
2024-08-07 00:00:00+00:00,1076669.4779801918,7.936507936501301e-05,0.0,85.4431773653037,0.0,1.9133262829427484
2024-08-08 00:00:00+00:00,1076754.9279387617,7.936507936506022e-05,0.0,85.44995856985649,0.0,1.9160208041295697
2024-08-09 00:00:00+00:00,1076840.3846790742,7.936507936499668e-05,0.0,85.45674031260013,0.0,1.9174031862528125
2024-08-12 00:00:00+00:00,1076925.8482016677,7.9365079364999e-05,0.0,85.46352259357731,0.0,1.9131641551511254
2024-08-13 00:00:00+00:00,1077011.3185070804,7.93650793650275e-05,0.0,85.47030541283077,0.0,1.9133827525733453
2024-08-14 00:00:00+00:00,1077096.7955958508,7.936507936504248e-05,0.0,85.47708877040321,0.0,1.9100469260678006
2024-08-15 00:00:00+00:00,1077182.279468517,7.936507936500428e-05,0.0,85.48387266633736,0.0,1.9267056657095547
2024-08-16 00:00:00+00:00,1077267.7701256177,7.936507936508943e-05,0.0,85.49065710067596,0.0,1.932658969696305
2024-08-19 00:00:00+00:00,1077353.2675676912,7.936507936504207e-05,0.0,85.49744207346173,0.0,1.927879201871061
2024-08-20 00:00:00+00:00,1077438.7717952759,7.93650793650387e-05,0.0,85.5042275847374,0.0,1.935258271010151
2024-08-21 00:00:00+00:00,1077524.2828089104,7.936507936503963e-05,0.0,85.5110136345457,0.0,1.9421048284814555
2024-08-22 00:00:00+00:00,1077609.8006091332,7.936507936500519e-05,0.0,85.5178002229294,0.0,1.9404310681992203
2024-08-23 00:00:00+00:00,1077695.3251964832,7.936507936511181e-05,0.0,85.52458734993121,0.0,1.9439414245570483
2024-08-26 00:00:00+00:00,1077780.8565714988,7.936507936510372e-05,0.0,85.53137501559391,0.0,1.9366316700817054
2024-08-27 00:00:00+00:00,1077866.3947347188,7.93650793651573e-05,0.0,85.53816321996023,0.0,1.9311902202415356
2024-08-28 00:00:00+00:00,1077951.9396866818,7.936507936501689e-05,0.0,85.54495196307292,0.0,1.933478543103992
2024-08-29 00:00:00+00:00,1078037.4914279268,7.936507936507485e-05,0.0,85.55174124497475,0.0,1.9342332312849084
2024-08-30 00:00:00+00:00,1078123.0499589925,7.936507936507549e-05,0.0,85.55853106570848,0.0,1.9374698153216356
2024-09-03 00:00:00+00:00,1078208.6152804177,7.936507936497914e-05,0.0,85.56532142531687,0.0,1.9298297911620033
2024-09-04 00:00:00+00:00,1078294.1873927417,7.936507936517808e-05,0.0,85.57211232384267,0.0,1.9188185480749014
2024-09-05 00:00:00+00:00,1078379.766296503,7.936507936498475e-05,0.0,85.5789037613287,0.0,1.915926004535883
2024-09-06 00:00:00+00:00,1078465.3519922406,7.936507936500735e-05,0.0,85.58569573781769,0.0,1.9017566972452866
2024-09-09 00:00:00+00:00,1078550.944480494,7.936507936499023e-05,0.0,85.59248825335243,0.0,1.8992890510329317
2024-09-10 00:00:00+00:00,1078636.543761802,7.936507936510964e-05,0.0,85.5992813079757,0.0,1.907566832658639
2024-09-11 00:00:00+00:00,1078722.1498367037,7.936507936511e-05,0.0,85.60607490173031,0.0,1.9155177097758314
2024-09-12 00:00:00+00:00,1078807.7627057384,7.936507936516751e-05,0.0,85.61286903465903,0.0,1.91443401309416
2024-09-13 00:00:00+00:00,1078893.3823694452,7.93650793650267e-05,0.0,85.61966370680463,0.0,1.9248979152059111
2024-09-16 00:00:00+00:00,1078979.0088283634,7.936507936507954e-05,0.0,85.62645891820993,0.0,1.92689460219376
2024-09-17 00:00:00+00:00,1079064.6420830323,7.936507936507053e-05,0.0,85.63325466891773,0.0,1.9290134596638442
2024-09-18 00:00:00+00:00,1079150.2821339914,7.936507936517579e-05,0.0,85.64005095897082,0.0,1.9291155654351981
2024-09-19 00:00:00+00:00,1079235.9289817798,7.936507936513988e-05,0.0,85.64684778841202,0.0,1.9269933826794077
2024-09-20 00:00:00+00:00,1079321.5826269372,7.93650793651389e-05,0.0,85.65364515728412,0.0,1.9368803457930608
2024-09-23 00:00:00+00:00,1079407.2430700029,7.936507936513317e-05,0.0,85.66044306562993,0.0,1.9346377002260957
2024-09-24 00:00:00+00:00,1079492.9103115164,7.936507936508305e-05,0.0,85.66724151349229,0.0,1.9384424266326281
2024-09-25 00:00:00+00:00,1079578.5843520174,7.936507936516454e-05,0.0,85.674040500914,0.0,1.927525087124935
2024-09-26 00:00:00+00:00,1079664.2651920454,7.93650793651223e-05,0.0,85.68084002793789,0.0,1.924895436593951
2024-09-27 00:00:00+00:00,1079749.95283214,7.936507936513231e-05,0.0,85.68764009460678,0.0,1.9323828225379347
2024-09-30 00:00:00+00:00,1079835.647272841,7.936507936515493e-05,0.0,85.6944407009635,0.0,1.9360734639553714
2024-10-01 00:00:00+00:00,1079921.3485146882,7.936507936515049e-05,0.0,85.70124184705088,0.0,2.1260826494323783
2024-10-02 00:00:00+00:00,1080007.056558221,7.93650793650793e-05,0.0,85.70804353291176,0.0,2.122517256315838
2024-10-03 00:00:00+00:00,1080092.7714039797,7.936507936511731e-05,0.0,85.71484575858898,0.0,2.1220231427020573
2024-10-04 00:00:00+00:00,1080178.4930525038,7.936507936500927e-05,0.0,85.72164852412537,0.0,2.1069977147951877
2024-10-07 00:00:00+00:00,1080264.2215043334,7.936507936514665e-05,0.0,85.7284518295638,0.0,2.106078225664938
2024-10-08 00:00:00+00:00,1080349.9567600084,7.936507936505863e-05,0.0,85.7352556749471,0.0,2.10777110542086
2024-10-09 00:00:00+00:00,1080435.6988200687,7.936507936513667e-05,0.0,85.74206006031812,0.0,2.1126199360577096
2024-10-10 00:00:00+00:00,1080521.4476850545,7.936507936512552e-05,0.0,85.74886498571973,0.0,2.1145571438508757
2024-10-11 00:00:00+00:00,1080607.2033555056,7.936507936498558e-05,0.0,85.7556704511948,0.0,2.119739910452509
2024-10-14 00:00:00+00:00,1080692.9658319624,7.936507936510812e-05,0.0,85.76247645678616,0.0,2.1147512635561134
2024-10-15 00:00:00+00:00,1080778.735114965,7.936507936502253e-05,0.0,85.7692830025367,0.0,2.1098343922444833
2024-10-16 00:00:00+00:00,1080864.5112050534,7.936507936512004e-05,0.0,85.77609008848928,0.0,2.1142922668912743
2024-10-17 00:00:00+00:00,1080950.2941027682,7.936507936514553e-05,0.0,85.78289771468678,0.0,2.131621502524563
2024-10-18 00:00:00+00:00,1081036.0838086493,7.936507936505935e-05,0.0,85.78970588117208,0.0,2.1304822723684977
2024-10-21 00:00:00+00:00,1081121.8803232373,7.936507936503724e-05,0.0,85.79651458798804,0.0,2.132019340619845
2024-10-22 00:00:00+00:00,1081207.6836470724,7.936507936503953e-05,0.0,85.80332383517757,0.0,2.1281701538852102
2024-10-23 00:00:00+00:00,1081293.4937806951,7.936507936502655e-05,0.0,85.81013362278352,0.0,2.12889626026328
2024-10-24 00:00:00+00:00,1081379.310724646,7.936507936517395e-05,0.0,85.81694395084882,0.0,2.1317641157195295
2024-10-25 00:00:00+00:00,1081465.1344794654,7.936507936501141e-05,0.0,85.82375481941635,0.0,2.1357659525889123
2024-10-28 00:00:00+00:00,1081550.965045694,7.936507936514522e-05,0.0,85.83056622852901,0.0,2.1344121550104815
2024-10-29 00:00:00+00:00,1081636.8024238723,7.936507936510507e-05,0.0,85.83737817822968,0.0,2.1306135724277744
2024-10-30 00:00:00+00:00,1081722.6466145408,7.936507936506664e-05,0.0,85.8441906685613,0.0,2.131772664591379
2024-10-31 00:00:00+00:00,1081808.4976182403,7.936507936499023e-05,0.0,85.85100369956673,0.0,2.1337174572419775
2024-11-01 00:00:00+00:00,1081894.3554355116,7.936507936505142e-05,0.0,85.85781727128891,0.0,2.1708985577469635
2024-11-04 00:00:00+00:00,1081980.2200668952,7.93650793649953e-05,0.0,85.86463138377076,0.0,2.158530844088745
2024-11-05 00:00:00+00:00,1082066.0915129322,7.936507936499743e-05,0.0,85.87144603705518,0.0,2.1536897018875885
2024-11-06 00:00:00+00:00,1082151.9697741633,7.936507936501811e-05,0.0,85.87826123118509,0.0,2.171154816148968
2024-11-07 00:00:00+00:00,1082237.8548511295,7.936507936501769e-05,0.0,85.88507696620344,0.0,2.1633732140967163
2024-11-08 00:00:00+00:00,1082323.7467443717,7.936507936517163e-05,0.0,85.89189324215313,0.0,2.1661378249767758
2024-11-11 00:00:00+00:00,1082409.6454544307,7.936507936501e-05,0.0,85.89871005907712,0.0,2.16549660057345
2024-11-12 00:00:00+00:00,1082495.5509818478,7.936507936513852e-05,0.0,85.9055274170183,0.0,2.1603686840920746
2024-11-13 00:00:00+00:00,1082581.4633271638,7.936507936508727e-05,0.0,85.91234531601967,0.0,2.175378235544919
2024-11-14 00:00:00+00:00,1082667.38249092,7.936507936503171e-05,0.0,85.9191637561241,0.0,2.1988392074906127
2024-11-15 00:00:00+00:00,1082753.3084736574,7.936507936514722e-05,0.0,85.9259827373746,0.0,2.2032804785364735
2024-11-18 00:00:00+00:00,1082839.2412759173,7.936507936517907e-05,0.0,85.93280225981408,0.0,2.194405243479092
2024-11-19 00:00:00+00:00,1082925.1808982408,7.936507936508759e-05,0.0,85.9396223234855,0.0,2.1938804441768553
2024-11-20 00:00:00+00:00,1083011.1273411692,7.936507936504817e-05,0.0,85.94644292843181,0.0,2.1978153242496914
2024-11-21 00:00:00+00:00,1083097.0806052438,7.936507936502113e-05,0.0,85.95326407469597,0.0,2.1903334102993064
2024-11-22 00:00:00+00:00,1083183.0406910062,7.936507936518177e-05,0.0,85.96008576232093,0.0,2.1960119220162673
2024-11-25 00:00:00+00:00,1083269.0075989976,7.936507936506045e-05,0.0,85.9669079913497,0.0,2.1890917893637476
2024-11-26 00:00:00+00:00,1083354.9813297594,7.936507936504746e-05,0.0,85.97373076182521,0.0,2.2166279503867545
2024-11-27 00:00:00+00:00,1083440.9618838332,7.936507936510312e-05,0.0,85.98055407379043,0.0,2.2157197150460926
2024-11-29 00:00:00+00:00,1083526.9492617603,7.936507936497284e-05,0.0,85.98737792728835,0.0,2.2119000531029966
2024-12-02 00:00:00+00:00,1083612.9434640827,7.936507936504676e-05,0.0,85.99420232236193,0.0,2.2151162991230913
2024-12-03 00:00:00+00:00,1083698.9444913417,7.93650793650703e-05,0.0,86.00102725905418,0.0,2.21300530934783
2024-12-04 00:00:00+00:00,1083784.952344079,7.93650793650038e-05,0.0,86.00785273740807,0.0,2.2089175944852464
2024-12-05 00:00:00+00:00,1083870.9670228364,7.936507936502246e-05,0.0,86.01467875746658,0.0,2.2130375014273413
2024-12-06 00:00:00+00:00,1083956.9885281557,7.936507936508657e-05,0.0,86.02150531927273,0.0,2.1941981190135387
2024-12-09 00:00:00+00:00,1084043.0168605787,7.936507936515649e-05,0.0,86.0283324228695,0.0,2.208891498929512
2024-12-10 00:00:00+00:00,1084129.0520206469,7.936507936497773e-05,0.0,86.03516006829989,0.0,2.209325194926514
2024-12-11 00:00:00+00:00,1084215.0940089026,7.936507936515503e-05,0.0,86.0419882556069,0.0,2.2089443609437955
2024-12-12 00:00:00+00:00,1084301.1428258873,7.936507936500434e-05,0.0,86.04881698483354,0.0,2.1977839999064592
2024-12-13 00:00:00+00:00,1084387.1984721434,7.936507936513031e-05,0.0,86.0556462560228,0.0,2.1992161451665377
2024-12-16 00:00:00+00:00,1084473.2609482126,7.936507936506374e-05,0.0,86.06247606921772,0.0,2.1842545191342366
2024-12-17 00:00:00+00:00,1084559.330254637,7.936507936497974e-05,0.0,86.06930642446132,0.0,2.1773635946210637
2024-12-18 00:00:00+00:00,1084645.4063919587,7.936507936505332e-05,0.0,86.07613732179658,0.0,2.160464569489314
2024-12-19 00:00:00+00:00,1084731.48936072,7.93650793650301e-05,0.0,86.08296876126657,0.0,2.1433379533386523
2024-12-20 00:00:00+00:00,1084817.5791614628,7.936507936508508e-05,0.0,86.08980074291428,0.0,2.15223829709957
2024-12-23 00:00:00+00:00,1084903.6757947297,7.936507936517861e-05,0.0,86.09663326678276,0.0,2.151501681893638
2024-12-24 00:00:00+00:00,1084989.7792610626,7.936507936505635e-05,0.0,86.10346633291506,0.0,2.1566190826296534
2024-12-26 00:00:00+00:00,1085075.889561004,7.936507936510792e-05,0.0,86.11029994135417,0.0,2.157035545039116
2024-12-27 00:00:00+00:00,1085162.0066950961,7.936507936507903e-05,0.0,86.11713409214317,0.0,2.159469200380743
2024-12-30 00:00:00+00:00,1085248.1306638815,7.936507936514457e-05,0.0,86.12396878532509,0.0,2.1546186677196597
2024-12-31 00:00:00+00:00,1085334.2614679025,7.936507936505032e-05,0.0,86.13080402094297,0.0,2.1579060841521107
2025-01-02 00:00:00+00:00,1085420.3991077016,7.936507936518571e-05,0.0,86.13763979903987,0.0,2.1314083161176294
2025-01-03 00:00:00+00:00,1085506.5435838213,7.936507936508198e-05,0.0,86.14447611965886,0.0,2.1368021023618375
2025-01-06 00:00:00+00:00,1085592.6948968042,7.936507936512855e-05,0.0,86.15131298284295,0.0,2.1327992124490773
2025-01-07 00:00:00+00:00,1085678.8530471928,7.936507936507119e-05,0.0,86.15815038863525,0.0,2.1434535844063753
2025-01-08 00:00:00+00:00,1085765.0180355299,7.936507936508476e-05,0.0,86.1649883370788,0.0,2.157464766329301
2025-01-10 00:00:00+00:00,1085851.1898623582,7.936507936512955e-05,0.0,86.17182682821665,0.0,2.178466670391617
2025-01-13 00:00:00+00:00,1085937.3685282203,7.93650793651659e-05,0.0,86.17866586209192,0.0,2.179735702724779
2025-01-14 00:00:00+00:00,1086023.5540336592,7.936507936515413e-05,0.0,86.18550543874764,0.0,2.184051962414666
2025-01-15 00:00:00+00:00,1086109.7463792174,7.93650793650546e-05,0.0,86.19234555822692,0.0,2.1837896811973705
2025-01-16 00:00:00+00:00,1086195.945565438,7.936507936504205e-05,0.0,86.19918622057281,0.0,2.1914790289337014
2025-01-17 00:00:00+00:00,1086282.1515928637,7.936507936507678e-05,0.0,86.20602742582841,0.0,2.199335918718677
2025-01-21 00:00:00+00:00,1086368.3644620378,7.93650793651191e-05,0.0,86.2128691740368,0.0,2.1833726145582077
2025-01-22 00:00:00+00:00,1086454.584173503,7.936507936512936e-05,0.0,86.21971146524109,0.0,2.1824113272475656
2025-01-23 00:00:00+00:00,1086540.8107278026,7.936507936506789e-05,0.0,86.22655429948438,0.0,2.1770087945481222
2025-01-24 00:00:00+00:00,1086627.0441254794,7.936507936510933e-05,0.0,86.23339767680973,0.0,2.1828744104012894
2025-01-27 00:00:00+00:00,1086713.2843670766,7.936507936499973e-05,0.0,86.24024159726027,0.0,2.1835341955978294
2025-01-28 00:00:00+00:00,1086799.5314531375,7.936507936512796e-05,0.0,86.2470860608791,0.0,2.1905352454402927
2025-01-29 00:00:00+00:00,1086885.7853842052,7.936507936502582e-05,0.0,86.25393106770933,0.0,2.1841106553443024
2025-01-30 00:00:00+00:00,1086972.046160823,7.936507936508216e-05,0.0,86.26077661779406,0.0,2.181986336917141
2025-01-31 00:00:00+00:00,1087058.313783534,7.936507936504303e-05,0.0,86.26762271117643,0.0,2.1515808182930445
2025-02-03 00:00:00+00:00,1087144.588252882,7.936507936508302e-05,0.0,86.27446934789953,0.0,2.151801426733708
2025-02-04 00:00:00+00:00,1087230.86956941,7.936507936516241e-05,0.0,86.28131652800651,0.0,2.159554481867412
2025-02-05 00:00:00+00:00,1087317.1577336616,7.936507936502739e-05,0.0,86.28816425154048,0.0,2.159762893656774
2025-02-06 00:00:00+00:00,1087403.4527461801,7.936507936506663e-05,0.0,86.29501251854457,0.0,2.1599631362750498
2025-02-07 00:00:00+00:00,1087489.7546075091,7.936507936502627e-05,0.0,86.30186132906191,0.0,2.1614598123162794
2025-02-10 00:00:00+00:00,1087576.0633181923,7.936507936508077e-05,0.0,86.30871068313564,0.0,2.1717171520695473
2025-02-11 00:00:00+00:00,1087662.378878773,7.936507936497638e-05,0.0,86.3155605808089,0.0,2.177494526978504
2025-02-12 00:00:00+00:00,1087748.701289795,7.93650793651016e-05,0.0,86.32241102212484,0.0,2.1865629428167863
2025-02-13 00:00:00+00:00,1087835.0305518021,7.93650793649886e-05,0.0,86.3292620071266,0.0,2.1882220186483785
2025-02-14 00:00:00+00:00,1087921.366665338,7.936507936502585e-05,0.0,86.33611353585731,0.0,2.1832465798202105
2025-02-18 00:00:00+00:00,1088007.7096309464,7.936507936517362e-05,0.0,86.34296560836016,0.0,2.1793183969368854
2025-02-19 00:00:00+00:00,1088094.0594491712,7.936507936517823e-05,0.0,86.34981822467829,0.0,2.1841029008805917
2025-02-20 00:00:00+00:00,1088180.416120556,7.936507936500006e-05,0.0,86.35667138485485,0.0,2.183081234866407
2025-02-21 00:00:00+00:00,1088266.7796456448,7.936507936502742e-05,0.0,86.36352508893302,0.0,2.1804618321428624
2025-02-24 00:00:00+00:00,1088353.1500249817,7.936507936500664e-05,0.0,86.37037933695593,0.0,2.183622114084158
2025-02-25 00:00:00+00:00,1088439.5272591107,7.9365079365112e-05,0.0,86.3772341289668,0.0,2.181672613306883
2025-02-26 00:00:00+00:00,1088525.9113485757,7.936507936508987e-05,0.0,86.38408946500878,0.0,2.168278172779985
2025-02-27 00:00:00+00:00,1088612.302293921,7.936507936511453e-05,0.0,86.39094534512506,0.0,2.1812003022245037
2025-02-28 00:00:00+00:00,1088698.7000956903,7.936507936514631e-05,0.0,86.39780176935881,0.0,2.1883981374401897
2025-03-03 00:00:00+00:00,1088785.1047544281,7.936507936514553e-05,0.0,86.4046587377532,0.0,2.1716669259923918
2025-03-04 00:00:00+00:00,1088871.5162706785,7.936507936507252e-05,0.0,86.41151625035144,0.0,2.1671793418737257
2025-03-05 00:00:00+00:00,1088957.9346449857,7.93650793651015e-05,0.0,86.4183743071967,0.0,2.1695900322993733
2025-03-06 00:00:00+00:00,1089044.359877894,7.936507936497893e-05,0.0,86.4252329083322,0.0,2.1715390725942108
2025-03-07 00:00:00+00:00,1089130.7919699477,7.936507936509278e-05,0.0,86.4320920538011,0.0,2.1849974110783514
2025-03-10 00:00:00+00:00,1089217.2309216913,7.936507936497578e-05,0.0,86.43895174364664,0.0,2.1807417963516538
2025-03-11 00:00:00+00:00,1089303.6767336691,7.936507936501584e-05,0.0,86.445811977912,0.0,2.171958996109508
2025-03-12 00:00:00+00:00,1089390.1294064259,7.936507936517326e-05,0.0,86.45267275664041,0.0,2.1612021758185174
2025-03-13 00:00:00+00:00,1089476.5889405056,7.936507936498087e-05,0.0,86.45953407987507,0.0,2.171630521446199
2025-03-14 00:00:00+00:00,1089563.0553364533,7.936507936504024e-05,0.0,86.46639594765918,0.0,2.170851911661272
2025-03-17 00:00:00+00:00,1089649.5285948133,7.936507936509793e-05,0.0,86.47325836003597,0.0,2.1758799165990523
2025-03-18 00:00:00+00:00,1089736.0087161304,7.93650793651143e-05,0.0,86.48012131704867,0.0,2.1875702637488037
2025-03-19 00:00:00+00:00,1089822.495700949,7.936507936504967e-05,0.0,86.48698481874051,0.0,2.199315621604398
2025-03-20 00:00:00+00:00,1089908.9895498143,7.936507936507806e-05,0.0,86.49384886515469,0.0,2.2019713911936933
2025-03-21 00:00:00+00:00,1089995.4902632707,7.936507936515976e-05,0.0,86.50071345633447,0.0,2.203569654151623
2025-03-24 00:00:00+00:00,1090081.997841863,7.936507936504149e-05,0.0,86.50757859232307,0.0,2.2037495886670286
2025-03-25 00:00:00+00:00,1090168.5122861362,7.936507936511083e-05,0.0,86.51444427316373,0.0,2.20137769589246
2025-03-26 00:00:00+00:00,1090255.033596635,7.936507936511447e-05,0.0,86.5213104988997,0.0,2.208991494084274
2025-03-27 00:00:00+00:00,1090341.5617739046,7.936507936501277e-05,0.0,86.52817726957421,0.0,2.202965782103345
2025-03-28 00:00:00+00:00,1090428.0968184897,7.936507936497965e-05,0.0,86.53504458523052,0.0,2.196663657886622
2025-03-31 00:00:00+00:00,1090514.6387309355,7.93650793649754e-05,0.0,86.54191244591188,0.0,2.2024853931901176
2025-04-01 00:00:00+00:00,1090601.1875117873,7.936507936517387e-05,0.0,86.54878085166155,0.0,2.1588285693717224
2025-04-02 00:00:00+00:00,1090687.7431615898,7.936507936510834e-05,0.0,86.5556498025228,0.0,2.1438956826357893
2025-04-03 00:00:00+00:00,1090774.3056808885,7.936507936516618e-05,0.0,86.56251929853887,0.0,2.1189846807485373
2025-04-04 00:00:00+00:00,1090860.8750702282,7.936507936509422e-05,0.0,86.56938933975306,0.0,2.0776812373890237
2025-04-07 00:00:00+00:00,1090947.4513301544,7.936507936506629e-05,0.0,86.57625992620859,0.0,2.0686527214867962
2025-04-08 00:00:00+00:00,1091034.0344612123,7.936507936504269e-05,0.0,86.58313105794876,0.0,2.04549598121521
2025-04-09 00:00:00+00:00,1091120.6244639473,7.936507936498378e-05,0.0,86.59000273501685,0.0,2.0949093616554944
2025-04-10 00:00:00+00:00,1091207.2213389047,7.936507936506326e-05,0.0,86.59687495745614,0.0,2.0442088934903997
2025-04-11 00:00:00+00:00,1091293.82508663,7.936507936502807e-05,0.0,86.6037477253099,0.0,2.0315087929071
2025-04-14 00:00:00+00:00,1091380.4357076685,7.936507936505193e-05,0.0,86.61062103862143,0.0,2.0260505922794
2025-04-15 00:00:00+00:00,1091467.053202566,7.936507936509517e-05,0.0,86.61749489743401,0.0,2.02304006070532
2025-04-16 00:00:00+00:00,1091553.6775718678,7.936507936511808e-05,0.0,86.62436930179095,0.0,2.023387185922128
2025-04-17 00:00:00+00:00,1091640.3088161196,7.936507936508105e-05,0.0,86.63124425173554,0.0,2.0260475949883543
2025-04-21 00:00:00+00:00,1091726.946935867,7.936507936515767e-05,0.0,86.63811974731108,0.0,2.0032565820271864
2025-04-22 00:00:00+00:00,1091813.5919316555,7.9365079365095e-05,0.0,86.64499578856088,0.0,2.0162339614077394
2025-04-23 00:00:00+00:00,1091900.243804031,7.936507936506667e-05,0.0,86.65187237552821,0.0,2.0140869194287743
2025-04-24 00:00:00+00:00,1091986.9025535393,7.9365079365033e-05,0.0,86.65874950825643,0.0,2.0241969181000625
2025-04-25 00:00:00+00:00,1092073.5681807261,7.936507936516752e-05,0.0,86.66562718678883,0.0,2.021655768657462
2025-04-28 00:00:00+00:00,1092160.2406861372,7.936507936500415e-05,0.0,86.67250541116874,0.0,2.031358981930805
2025-04-29 00:00:00+00:00,1092246.9200703187,7.936507936514285e-05,0.0,86.67938418143946,0.0,2.027134457558471
2025-04-30 00:00:00+00:00,1092333.6063338164,7.936507936511752e-05,0.0,86.68626349764435,0.0,2.0209172919778906
2025-05-01 00:00:00+00:00,1092420.2994771763,7.93650793651017e-05,0.0,86.6931433598267,0.0,2.01665353399598
2025-05-02 00:00:00+00:00,1092506.9995009443,7.936507936505572e-05,0.0,86.70002376802987,0.0,2.036069245433063
2025-05-05 00:00:00+00:00,1092593.7064056667,7.936507936515304e-05,0.0,86.70690472229717,0.0,2.0299627281688886
2025-05-06 00:00:00+00:00,1092680.4201918894,7.936507936514085e-05,0.0,86.71378622267196,0.0,2.023188695650615
2025-05-07 00:00:00+00:00,1092767.1408601585,7.936507936497954e-05,0.0,86.72066826919757,0.0,2.0243250272360864
2025-05-08 00:00:00+00:00,1092853.8684110204,7.93650793650556e-05,0.0,86.72755086191734,0.0,2.024940179455064
2025-05-09 00:00:00+00:00,1092940.6028450213,7.936507936511623e-05,0.0,86.73443400087463,0.0,2.0275912436925307
2025-05-12 00:00:00+00:00,1093027.3441627074,7.936507936512178e-05,0.0,86.7413176861128,0.0,2.0395974755250363
2025-05-13 00:00:00+00:00,1093114.092364625,7.936507936503262e-05,0.0,86.74820191767519,0.0,2.0438597968424377
2025-05-14 00:00:00+00:00,1093200.8474513206,7.936507936502209e-05,0.0,86.75508669560516,0.0,2.043442549130371
2025-05-15 00:00:00+00:00,1093287.6094233405,7.936507936505051e-05,0.0,86.76197201994609,0.0,2.0470161480540736
2025-05-16 00:00:00+00:00,1093374.3782812313,7.93650793650782e-05,0.0,86.76885789074132,0.0,2.04821373018239
2025-05-19 00:00:00+00:00,1093461.1540255393,7.936507936506549e-05,0.0,86.77574430803423,0.0,2.031999704178527
2025-05-20 00:00:00+00:00,1093547.9366568113,7.936507936518566e-05,0.0,86.7826312718682,0.0,2.0354233402918203
2025-05-21 00:00:00+00:00,1093634.7261755934,7.936507936497318e-05,0.0,86.7895187822866,0.0,2.028654986793904
2025-05-22 00:00:00+00:00,1093721.5225824327,7.936507936502717e-05,0.0,86.79640683933282,0.0,2.0296333583129935
2025-05-23 00:00:00+00:00,1093808.3258778758,7.9365079365095e-05,0.0,86.80329544305022,0.0,2.037605700910785
2025-05-27 00:00:00+00:00,1093895.1360624693,7.936507936513702e-05,0.0,86.8101845934822,0.0,2.044458116696915
2025-05-28 00:00:00+00:00,1093981.95313676,7.936507936511356e-05,0.0,86.81707429067217,0.0,2.04220506759716
2025-05-29 00:00:00+00:00,1094068.7771012946,7.936507936498496e-05,0.0,86.82396453466349,0.0,2.0485960761900786
2025-05-30 00:00:00+00:00,1094155.6079566202,7.936507936513723e-05,0.0,86.83085532549957,0.0,2.0459661154447133
2025-06-02 00:00:00+00:00,1094242.4457032834,7.936507936510502e-05,0.0,86.83774666322383,0.0,2.048865699387047
2025-06-03 00:00:00+00:00,1094329.2903418313,7.93650793650615e-05,0.0,86.84463854787964,0.0,2.0546385040994624
2025-06-04 00:00:00+00:00,1094416.141872811,7.936507936517976e-05,0.0,86.85153097951041,0.0,2.0491892386059565
2025-06-05 00:00:00+00:00,1094503.000296769,7.936507936499462e-05,0.0,86.85842395815959,0.0,2.0487673591634548
2025-06-06 00:00:00+00:00,1094589.8656142529,7.936507936510467e-05,0.0,86.86531748387056,0.0,2.0581161417330023
2025-06-09 00:00:00+00:00,1094676.7378258095,7.936507936504474e-05,0.0,86.87221155668674,0.0,2.057519081016267
2025-06-10 00:00:00+00:00,1094763.616931986,7.936507936498791e-05,0.0,86.87910617665155,0.0,2.0620925308978966
2025-06-11 00:00:00+00:00,1094850.50293333,7.936507936510719e-05,0.0,86.88600134380842,0.0,2.061779337856794
2025-06-12 00:00:00+00:00,1094937.3958303882,7.936507936515019e-05,0.0,86.89289705820079,0.0,2.062577119092906
2025-06-13 00:00:00+00:00,1095024.295623708,7.936507936507728e-05,0.0,86.89979331987207,0.0,2.0530524993914736
2025-06-16 00:00:00+00:00,1095111.202313837,7.936507936506145e-05,0.0,86.90669012886572,0.0,2.0531510572219847
2025-06-17 00:00:00+00:00,1095198.115901322,7.936507936506302e-05,0.0,86.91358748522515,0.0,2.063438920768614
2025-06-18 00:00:00+00:00,1095285.036386711,7.936507936504231e-05,0.0,86.92048538899381,0.0,2.062339336201107
2025-06-20 00:00:00+00:00,1095371.9637705514,7.936507936517225e-05,0.0,86.92738384021516,0.0,2.0629813311915335
2025-06-23 00:00:00+00:00,1095458.8980533902,7.936507936498802e-05,0.0,86.93428283893265,0.0,2.057555312807547
2025-06-24 00:00:00+00:00,1095545.8392357754,7.936507936508765e-05,0.0,86.9411823851897,0.0,2.05869072718042
2025-06-25 00:00:00+00:00,1095632.7873182544,7.936507936500634e-05,0.0,86.9480824790298,0.0,2.055933278030887
2025-06-26 00:00:00+00:00,1095719.742301375,7.936507936512952e-05,0.0,86.95498312049638,0.0,2.054640551822263
2025-06-27 00:00:00+00:00,1095806.7041856844,7.936507936499247e-05,0.0,86.96188430963294,0.0,2.0530973185846233
2025-06-30 00:00:00+00:00,1095893.6729717308,7.936507936498053e-05,0.0,86.96878604648289,0.0,2.0567427581926867
2025-07-01 00:00:00+00:00,1095980.6486600619,7.936507936505402e-05,0.0,86.97568833108974,0.0,2.174257414442426
2025-07-02 00:00:00+00:00,1096067.6312512255,7.936507936517324e-05,0.0,86.98259116349698,0.0,2.1799011769675447
2025-07-03 00:00:00+00:00,1096154.6207457692,7.936507936508609e-05,0.0,86.98949454374805,0.0,2.1774109541029083
2025-07-07 00:00:00+00:00,1096241.6171442412,7.936507936517778e-05,0.0,86.99639847188645,0.0,2.178005550984361
2025-07-08 00:00:00+00:00,1096328.620447189,7.93650793649838e-05,0.0,87.00330294795565,0.0,2.1989578179804714
2025-07-09 00:00:00+00:00,1096415.630655161,7.936507936510171e-05,0.0,87.01020797199914,0.0,2.1978090813537507
2025-07-10 00:00:00+00:00,1096502.6477687052,7.936507936506703e-05,0.0,87.01711354406041,0.0,2.201061948363988
2025-07-11 00:00:00+00:00,1096589.6717883693,7.936507936505246e-05,0.0,87.02401966418294,0.0,2.207371545071122
2025-07-14 00:00:00+00:00,1096676.7027147016,7.936507936501837e-05,0.0,87.03092633241026,0.0,2.1900062003916108
2025-07-15 00:00:00+00:00,1096763.7405482505,7.936507936513736e-05,0.0,87.03783354878584,0.0,2.1898280759210778
2025-07-16 00:00:00+00:00,1096850.785289564,7.936507936515745e-05,0.0,87.04474131335321,0.0,2.1867632564657344
2025-07-17 00:00:00+00:00,1096937.83693919,7.936507936503902e-05,0.0,87.05164962615586,0.0,2.2009897145178123
2025-07-18 00:00:00+00:00,1097024.8954976774,7.936507936516693e-05,0.0,87.0585584872373,0.0,2.213907364484825
2025-07-21 00:00:00+00:00,1097111.960965574,7.936507936507698e-05,0.0,87.06546789664107,0.0,2.2068621086815727
2025-07-22 00:00:00+00:00,1097199.0333434285,7.9365079365154e-05,0.0,87.07237785441063,0.0,2.2125575625925262
2025-07-23 00:00:00+00:00,1097286.1126317892,7.936507936514607e-05,0.0,87.07928836058956,0.0,2.2201758742964786
2025-07-24 00:00:00+00:00,1097373.1988312043,7.936507936501357e-05,0.0,87.08619941522136,0.0,2.234278751148535
2025-07-25 00:00:00+00:00,1097460.2919422227,7.936507936514119e-05,0.0,87.09311101834955,0.0,2.2297850165284694
2025-07-28 00:00:00+00:00,1097547.3919653927,7.93650793650649e-05,0.0,87.10002317001768,0.0,2.233279516457265
2025-07-29 00:00:00+00:00,1097634.498901263,7.936507936516935e-05,0.0,87.10693587026927,0.0,2.229061466288959
2025-07-30 00:00:00+00:00,1097721.6127503822,7.93650793649906e-05,0.0,87.11384911914787,0.0,2.213767177139659
2025-07-31 00:00:00+00:00,1097808.733513299,7.936507936512535e-05,0.0,87.120762916697,0.0,2.2030208900250146
2025-08-01 00:00:00+00:00,1097895.861190562,7.93650793651097e-05,0.0,87.12767726296023,0.0,2.21129525982859
2025-08-04 00:00:00+00:00,1097982.99578272,7.936507936511608e-05,0.0,87.1345921579811,0.0,2.220818464650593
2025-08-05 00:00:00+00:00,1098070.1372903218,7.936507936510482e-05,0.0,87.14150760180317,0.0,2.234925930759443
2025-08-06 00:00:00+00:00,1098157.2857139162,7.936507936503625e-05,0.0,87.14842359446997,0.0,2.236217719179208
2025-08-07 00:00:00+00:00,1098244.4410540522,7.936507936508277e-05,0.0,87.15534013602509,0.0,2.2425756976226094
2025-08-08 00:00:00+00:00,1098331.6033112786,7.936507936499264e-05,0.0,87.16225722651208,0.0,2.2508822013480505
2025-08-11 00:00:00+00:00,1098418.7724861447,7.936507936515024e-05,0.0,87.1691748659745,0.0,2.2485594080644886
2025-08-12 00:00:00+00:00,1098505.9485791991,7.936507936509189e-05,0.0,87.17609305445593,0.0,2.2521400685175075
2025-08-13 00:00:00+00:00,1098593.131590991,7.93650793649899e-05,0.0,87.18301179199993,0.0,2.250353353627643
2025-08-14 00:00:00+00:00,1098680.3215220696,7.93650793650166e-05,0.0,87.18993107865008,0.0,2.250154668926283
2025-08-15 00:00:00+00:00,1098767.5183729841,7.936507936513227e-05,0.0,87.19685091444997,0.0,2.260735920867917
2025-08-18 00:00:00+00:00,1098854.7221442836,7.936507936508531e-05,0.0,87.20377129944319,0.0,2.2537429305269314
2025-08-19 00:00:00+00:00,1098941.9328365172,7.9365079365048e-05,0.0,87.2106922336733,0.0,2.229651163298266
2025-08-20 00:00:00+00:00,1099029.1504502343,7.936507936498066e-05,0.0,87.21761371718391,0.0,2.228711280784865
2025-08-21 00:00:00+00:00,1099116.3749859843,7.936507936505549e-05,0.0,87.22453575001859,0.0,2.2400647402259772
2025-08-22 00:00:00+00:00,1099203.6064443165,7.936507936502094e-05,0.0,87.23145833222098,0.0,2.2457510470119937
2025-08-25 00:00:00+00:00,1099290.8448257803,7.936507936504921e-05,0.0,87.23838146383464,0.0,2.2438401904284966
2025-08-26 00:00:00+00:00,1099378.0901309252,7.93650793651006e-05,0.0,87.2453051449032,0.0,2.241717110974469
2025-08-27 00:00:00+00:00,1099465.3423603007,7.936507936513543e-05,0.0,87.25222937547025,0.0,2.2457686953392177
2025-08-28 00:00:00+00:00,1099552.6015144563,7.936507936511407e-05,0.0,87.25915415557942,0.0,2.242098580272686
2025-08-29 00:00:00+00:00,1099639.8675939415,7.936507936499684e-05,0.0,87.26607948527432,0.0,2.2456215441529688
2025-09-02 00:00:00+00:00,1099727.1405993062,7.93650793651676e-05,0.0,87.27300536459853,0.0,2.2515046058567285
2025-09-03 00:00:00+00:00,1099814.4205311,7.936507936516315e-05,0.0,87.27993179359574,0.0,2.242046071846969
2025-09-04 00:00:00+00:00,1099901.7073898723,7.936507936515556e-05,0.0,87.28685877230951,0.0,2.237936620065108
2025-09-05 00:00:00+00:00,1099989.001176173,7.936507936510518e-05,0.0,87.29378630078351,0.0,2.228588943194254
2025-09-08 00:00:00+00:00,1100076.3018905523,7.936507936518404e-05,0.0,87.30071437906136,0.0,2.2275867381700873
2025-09-09 00:00:00+00:00,1100163.6095335595,7.936507936514076e-05,0.0,87.30764300718668,0.0,2.228878919123299
2025-09-10 00:00:00+00:00,1100250.9241057448,7.936507936514736e-05,0.0,87.31457218520313,0.0,2.236461991798712
2025-09-11 00:00:00+00:00,1100338.245607658,7.936507936516415e-05,0.0,87.32150191315435,0.0,2.241679878959276
2025-09-12 00:00:00+00:00,1100425.5740398492,7.936507936515146e-05,0.0,87.32843219108398,0.0,2.2353487720018084
2025-09-15 00:00:00+00:00,1100512.9094028682,7.936507936506965e-05,0.0,87.33536301903565,0.0,2.236253015019103
2025-09-16 00:00:00+00:00,1100600.2516972653,7.936507936509061e-05,0.0,87.34229439705304,0.0,2.237516167916656
2025-09-17 00:00:00+00:00,1100687.6009235906,7.936507936517468e-05,0.0,87.34922632517979,0.0,2.2359526403883745
2025-09-18 00:00:00+00:00,1100774.957082394,7.936507936507062e-05,0.0,87.35615880345956,0.0,2.23675231710005
2025-09-19 00:00:00+00:00,1100862.320174226,7.936507936516186e-05,0.0,87.36309183193603,0.0,2.2256173562748676
2025-09-22 00:00:00+00:00,1100949.6901996366,7.936507936498566e-05,0.0,87.37002541065286,0.0,2.2285435641907587
2025-09-23 00:00:00+00:00,1101037.0671591763,7.936507936513692e-05,0.0,87.3769595396537,0.0,2.227158239935075
2025-09-24 00:00:00+00:00,1101124.4510533954,7.936507936515291e-05,0.0,87.38389421898225,0.0,2.2345994400381306
2025-09-25 00:00:00+00:00,1101211.841882844,7.936507936499401e-05,0.0,87.39082944868217,0.0,2.2395110958878144
2025-09-26 00:00:00+00:00,1101299.2396480727,7.936507936504349e-05,0.0,87.39776522879714,0.0,2.227867275881222
2025-09-29 00:00:00+00:00,1101386.644349632,7.936507936505019e-05,0.0,87.40470155937085,0.0,2.218275981899337
2025-09-30 00:00:00+00:00,1101474.0559880724,7.936507936497445e-05,0.0,87.41163844044699,0.0,2.2180744851601486
2025-10-01 00:00:00+00:00,1101561.4745639444,7.936507936498803e-05,0.0,87.41857587206924,0.0,2.1879623777139425
2025-10-02 00:00:00+00:00,1101648.9000777986,7.936507936505123e-05,0.0,87.4255138542813,0.0,2.1844059986748374
2025-10-03 00:00:00+00:00,1101736.3325301858,7.936507936512437e-05,0.0,87.43245238712687,0.0,2.1763902968985045
2025-10-06 00:00:00+00:00,1101823.7719216566,7.936507936516777e-05,0.0,87.43939147064967,0.0,2.174303270293086
2025-10-07 00:00:00+00:00,1101911.2182527615,7.936507936514179e-05,0.0,87.44633110489337,0.0,2.1776212870772493
2025-10-08 00:00:00+00:00,1101998.6715240513,7.936507936500676e-05,0.0,87.4532712899017,0.0,2.1710237989371315
2025-10-09 00:00:00+00:00,1102086.1317360771,7.936507936514565e-05,0.0,87.46021202571836,0.0,2.1643996687865967
2025-10-10 00:00:00+00:00,1102173.5988893895,7.936507936509614e-05,0.0,87.46715331238707,0.0,2.157939239985577
2025-10-13 00:00:00+00:00,1102261.0729845394,7.936507936502991e-05,0.0,87.47409514995155,0.0,2.1699830276780747
2025-10-14 00:00:00+00:00,1102348.554022078,7.936507936511849e-05,0.0,87.48103753845551,0.0,2.173895828985359
2025-10-15 00:00:00+00:00,1102436.042002556,7.936507936511098e-05,0.0,87.4879804779427,0.0,2.1728398413396928
2025-10-16 00:00:00+00:00,1102523.5369265245,7.936507936517894e-05,0.0,87.49492396845682,0.0,2.173450049322307
2025-10-17 00:00:00+00:00,1102611.0387945345,7.936507936507148e-05,0.0,87.50186801004162,0.0,2.177201694543578
2025-10-20 00:00:00+00:00,1102698.5476071374,7.936507936517132e-05,0.0,87.50881260274083,0.0,2.1836050749457394
2025-10-21 00:00:00+00:00,1102786.063364884,7.936507936501645e-05,0.0,87.5157577465982,0.0,2.178756577748228
2025-10-22 00:00:00+00:00,1102873.5860683254,7.936507936498955e-05,0.0,87.52270344165746,0.0,2.181795185509462
2025-10-23 00:00:00+00:00,1102961.1157180134,7.93650793650509e-05,0.0,87.52964968796233,0.0,2.1803697501174364
2025-10-24 00:00:00+00:00,1103048.652314499,7.93650793651608e-05,0.0,87.53659648555661,0.0,2.1766081890132876
2025-10-27 00:00:00+00:00,1103136.1958583335,7.936507936506851e-05,0.0,87.54354383448405,0.0,2.17205098351229
2025-10-28 00:00:00+00:00,1103223.7463500684,7.936507936515653e-05,0.0,87.55049173478837,0.0,2.167871058654947
2025-10-29 00:00:00+00:00,1103311.303790255,7.936507936517412e-05,0.0,87.55744018651336,0.0,2.168140511633523
2025-10-30 00:00:00+00:00,1103398.8681794447,7.936507936508161e-05,0.0,87.56438918970278,0.0,2.163321913727075
2025-10-31 00:00:00+00:00,1103486.439518189,7.936507936505039e-05,0.0,87.57133874440038,0.0,2.1968422185242744
2025-11-03 00:00:00+00:00,1103574.0178070397,7.936507936504078e-05,0.0,87.57828885064993,0.0,2.175152760147128
2025-11-04 00:00:00+00:00,1103661.603046548,7.93650793650131e-05,0.0,87.5852395084952,0.0,2.1706381673159023
2025-11-05 00:00:00+00:00,1103749.1952372661,7.936507936513867e-05,0.0,87.59219071798,0.0,2.1670152799982736
2025-11-06 00:00:00+00:00,1103836.7943797454,7.93650793651668e-05,0.0,87.5991424791481,0.0,2.16549435139951
2025-11-07 00:00:00+00:00,1103924.4004745374,7.936507936505788e-05,0.0,87.60609479204328,0.0,2.1651151874469625
2025-11-10 00:00:00+00:00,1104012.013522194,7.93650793649832e-05,0.0,87.61304765670931,0.0,2.160777671255407
2025-11-11 00:00:00+00:00,1104099.6335232672,7.936507936511396e-05,0.0,87.62000107319,0.0,2.1562717383007803
2025-11-12 00:00:00+00:00,1104187.2604783087,7.936507936498869e-05,0.0,87.62695504152914,0.0,2.147939277861864
2025-11-13 00:00:00+00:00,1104274.8943878703,7.936507936498951e-05,0.0,87.63390956177052,0.0,2.1616960860745613
2025-11-14 00:00:00+00:00,1104362.5352525043,7.936507936507674e-05,0.0,87.64086463395796,0.0,2.169535561764116
2025-11-17 00:00:00+00:00,1104450.1830727623,7.936507936499984e-05,0.0,87.64782025813525,0.0,2.160287167286109
2025-11-18 00:00:00+00:00,1104537.8378491967,7.936507936514081e-05,0.0,87.65477643434622,0.0,2.1442036584537036
2025-11-19 00:00:00+00:00,1104625.4995823593,7.936507936503836e-05,0.0,87.66173316263466,0.0,2.1404225748565913
2025-11-20 00:00:00+00:00,1104713.1682728024,7.936507936507443e-05,0.0,87.6686904430444,0.0,2.132628826310003
2025-11-21 00:00:00+00:00,1104800.843921078,7.936507936499855e-05,0.0,87.67564827561924,0.0,2.1310507238531393
2025-11-24 00:00:00+00:00,1104888.5265277382,7.936507936498185e-05,0.0,87.68260666040301,0.0,2.1344751554336616
2025-11-25 00:00:00+00:00,1104976.2160933355,7.936507936498463e-05,0.0,87.68956559743954,0.0,2.134649419267536
2025-11-26 00:00:00+00:00,1105063.9126184224,7.936507936517795e-05,0.0,87.69652508677267,0.0,2.1411095108916354
2025-11-28 00:00:00+00:00,1105151.616103551,7.936507936510067e-05,0.0,87.70348512844622,0.0,2.1433671467701356
2025-12-01 00:00:00+00:00,1105239.3265492734,7.936507936513458e-05,0.0,87.71044572250403,0.0,2.1495629002597036
2025-12-02 00:00:00+00:00,1105327.0439561424,7.93650793650293e-05,0.0,87.71740686898995,0.0,2.141313033026046
2025-12-03 00:00:00+00:00,1105414.7683247104,7.936507936516653e-05,0.0,87.7243685679478,0.0,2.139366842666082
2025-12-04 00:00:00+00:00,1105502.4996555299,7.936507936508525e-05,0.0,87.73133081942146,0.0,2.146474324481491
2025-12-05 00:00:00+00:00,1105590.2379491534,7.936507936516709e-05,0.0,87.73829362345475,0.0,2.1358782188709036
2025-12-08 00:00:00+00:00,1105677.9832061336,7.936507936516174e-05,0.0,87.74525698009154,0.0,2.127824253763338
2025-12-09 00:00:00+00:00,1105765.735427023,7.936507936502955e-05,0.0,87.75222088937568,0.0,2.115007471313729
2025-12-10 00:00:00+00:00,1105853.4946123743,7.936507936515202e-05,0.0,87.75918535135102,0.0,2.1273149623504697
2025-12-11 00:00:00+00:00,1105941.2607627404,7.936507936506833e-05,0.0,87.76615036606145,0.0,2.124029478940914
2025-12-12 00:00:00+00:00,1106029.033878674,7.936507936515993e-05,0.0,87.77311593355083,0.0,2.123728504368087
2025-12-15 00:00:00+00:00,1106116.813960728,7.936507936517659e-05,0.0,87.78008205386301,0.0,2.1283423719872965
2025-12-16 00:00:00+00:00,1106204.601009455,7.936507936507865e-05,0.0,87.7870487270419,0.0,2.122031571124851
2025-12-17 00:00:00+00:00,1106292.3950254081,7.936507936503697e-05,0.0,87.79401595313135,0.0,2.1262251552399523
2025-12-18 00:00:00+00:00,1106380.1960091402,7.936507936501187e-05,0.0,87.80098373217525,0.0,2.1177316625319444
2025-12-19 00:00:00+00:00,1106468.0039612046,7.936507936517411e-05,0.0,87.80795206421747,0.0,2.118464457218182
2025-12-22 00:00:00+00:00,1106555.8188821538,7.936507936506313e-05,0.0,87.81492094930195,0.0,2.1236523283256714
2025-12-23 00:00:00+00:00,1106643.6407725413,7.936507936506016e-05,0.0,87.82189038747252,0.0,2.1235160714125763
2025-12-24 00:00:00+00:00,1106731.46963292,7.93650793651255e-05,0.0,87.82886037877311,0.0,2.12576858254696
2025-12-26 00:00:00+00:00,1106819.3054638433,7.93650793650091e-05,0.0,87.83583092324763,0.0,2.1206905516924492
2025-12-29 00:00:00+00:00,1106907.1482658642,7.936507936509204e-05,0.0,87.84280202093994,0.0,2.1191777588922767
2025-12-30 00:00:00+00:00,1106994.9980395362,7.936507936512428e-05,0.0,87.84977367189398,0.0,2.1248210833553216
2025-12-31 00:00:00+00:00,1107082.8547854123,7.936507936506615e-05,0.0,87.85674587615367,0.0,2.1288101211600488
2026-01-02 00:00:00+00:00,1107170.718504046,7.936507936508832e-05,0.0,87.86371863376289,0.0,2.2329429129278093
2026-01-05 00:00:00+00:00,1107258.589195991,7.936507936515113e-05,0.0,87.87069194476557,0.0,2.273038969165853
2026-01-06 00:00:00+00:00,1107346.4668618,7.93650793650046e-05,0.0,87.87766580920562,0.0,2.2476962857704437
2026-01-07 00:00:00+00:00,1107434.3515020271,7.936507936502965e-05,0.0,87.884640227127,0.0,2.2529655545923744
2026-01-08 00:00:00+00:00,1107522.2431172256,7.936507936497633e-05,0.0,87.89161519857358,0.0,2.2554747710446716
2026-01-09 00:00:00+00:00,1107610.141707949,7.936507936501521e-05,0.0,87.89859072358934,0.0,2.2657957870213377
2026-01-12 00:00:00+00:00,1107698.0472747514,7.93650793651066e-05,0.0,87.90556680221819,0.0,2.268690725709906
2026-01-13 00:00:00+00:00,1107785.9598181858,7.936507936500064e-05,0.0,87.91254343450407,0.0,2.2656772212084038
2026-01-14 00:00:00+00:00,1107873.8793388063,7.936507936507806e-05,0.0,87.91952062049093,0.0,2.2692792685600036
2026-01-15 00:00:00+00:00,1107961.8058371665,7.936507936508899e-05,0.0,87.92649836022272,0.0,2.2669281646370933
2026-01-16 00:00:00+00:00,1108049.7393138201,7.936507936499377e-05,0.0,87.93347665374337,0.0,2.2642335960087303
2026-01-20 00:00:00+00:00,1108137.6797693213,7.936507936517304e-05,0.0,87.94045550109684,0.0,2.2565904678257263
2026-01-21 00:00:00+00:00,1108225.6272042238,7.93650793651668e-05,0.0,87.94743490232709,0.0,2.2504773217291523
2026-01-22 00:00:00+00:00,1108313.5816190813,7.936507936514558e-05,0.0,87.95441485747807,0.0,2.249605202002394
2026-01-23 00:00:00+00:00,1108401.543014448,7.936507936506967e-05,0.0,87.96139536659375,0.0,2.243634177241633
2026-01-26 00:00:00+00:00,1108489.5113908777,7.936507936510952e-05,0.0,87.96837642971809,0.0,2.248707255319913
2026-01-27 00:00:00+00:00,1108577.4867489245,7.936507936501537e-05,0.0,87.97535804689505,0.0,2.2506359075868922
2026-01-28 00:00:00+00:00,1108665.4690891427,7.936507936516765e-05,0.0,87.98234021816862,0.0,2.254897981324706
2026-01-29 00:00:00+00:00,1108753.4584120864,7.936507936510658e-05,0.0,87.98932294358276,0.0,2.247666244421715
2026-01-30 00:00:00+00:00,1108841.4547183095,7.936507936500259e-05,0.0,87.99630622318146,0.0,2.2763912992862285
2026-02-02 00:00:00+00:00,1108929.4580083664,7.936507936502597e-05,0.0,88.00329005700868,0.0,2.272280453242221
2026-02-03 00:00:00+00:00,1109017.4682828116,7.936507936513703e-05,0.0,88.01027444510845,0.0,2.273997271932161
2026-02-04 00:00:00+00:00,1109105.485542199,7.936507936508614e-05,0.0,88.01725938752473,0.0,2.275734287439845
2026-02-05 00:00:00+00:00,1109193.5097870834,7.936507936504361e-05,0.0,88.02424488430151,0.0,2.2718190983899755
2026-02-06 00:00:00+00:00,1109281.541018019,7.936507936517967e-05,0.0,88.03123093548281,0.0,2.2670142648959875
2026-02-09 00:00:00+00:00,1109369.57923556,7.936507936503482e-05,0.0,88.03821754111262,0.0,2.269189286535031
2026-02-10 00:00:00+00:00,1109457.6244402612,7.936507936498924e-05,0.0,88.04520470123492,0.0,2.264507217050427
2026-02-11 00:00:00+00:00,1109545.676632677,7.936507936500321e-05,0.0,88.05219241589374,0.0,2.2692539255984654
2026-02-12 00:00:00+00:00,1109633.735813362,7.936507936503708e-05,0.0,88.0591806851331,0.0,2.2767627436550755
