ts_event,equity,returns,exposure,cash_credit,financing,spread
2020-07-01 00:00:00+00:00,1000000.0,0.0,0.0,0.0,0.0,-0.011132833069173564
2020-07-02 00:00:00+00:00,1000079.3650793651,7.936507936508861e-05,0.0,79.36507936507937,0.0,-0.012387508417003978
2020-07-06 00:00:00+00:00,1000158.736457546,7.936507936509753e-05,0.0,79.37137818090198,0.0,-0.01125872850311005
2020-07-07 00:00:00+00:00,1000238.1141350426,7.936507936508781e-05,0.0,79.37767749663064,0.0,-0.010941246262880178
2020-07-08 00:00:00+00:00,1000317.498112355,7.93650793651362e-05,0.0,79.38397731230498,0.0,-0.010794314746438438
2020-07-09 00:00:00+00:00,1000396.888389983,7.936507936508663e-05,0.0,79.39027762796468,0.0,-0.011629571289453189
2020-07-10 00:00:00+00:00,1000476.2849684267,7.93650793651322e-05,0.0,79.39657844364945,0.0,-0.010628233060362646
2020-07-13 00:00:00+00:00,1000555.6878481861,7.936507936511688e-05,0.0,79.40287975939894,0.0,-0.011088885666945991
2020-07-14 00:00:00+00:00,1000635.0970297614,7.936507936511734e-05,0.0,79.40918157525287,0.0,-0.011106090906797483
2020-07-15 00:00:00+00:00,1000714.5125136527,7.936507936509392e-05,0.0,79.4154838912509,0.0,-0.011284886068350986
2020-07-16 00:00:00+00:00,1000793.9343003602,7.936507936512329e-05,0.0,79.42178670743276,0.0,-0.010706120278211273
2020-07-17 00:00:00+00:00,1000873.362390384,7.936507936504947e-05,0.0,79.42809002383811,0.0,-0.009858519661150922
2020-07-20 00:00:00+00:00,1000952.7967842245,7.936507936506542e-05,0.0,79.43439384050666,0.0,-0.011570481451444792
2020-07-21 00:00:00+00:00,1001032.237482382,7.936507936513146e-05,0.0,79.44069815747812,0.0,-0.011865073741627263
2020-07-22 00:00:00+00:00,1001111.6844853568,7.936507936509162e-05,0.0,79.44700297479223,0.0,-0.011889946448720323
2020-07-23 00:00:00+00:00,1001191.1377936492,7.936507936502255e-05,0.0,79.45330829248863,0.0,-0.01173364569080082
2020-07-24 00:00:00+00:00,1001270.5974077599,7.936507936511715e-05,0.0,79.45961411060708,0.0,-0.010862630869397982
2020-07-27 00:00:00+00:00,1001350.0633281891,7.936507936510315e-05,0.0,79.46592042918729,0.0,-0.010775557546732983
2020-07-28 00:00:00+00:00,1001429.5355554373,7.93650793650572e-05,0.0,79.47222724826898,0.0,-0.01125442137725674
2020-07-29 00:00:00+00:00,1001509.0140900052,7.936507936505588e-05,0.0,79.47853456789186,0.0,-0.012605098740559484
2020-07-30 00:00:00+00:00,1001588.4989323933,7.936507936505952e-05,0.0,79.48484238809564,0.0,-0.011578283377040144
2020-07-31 00:00:00+00:00,1001667.9900831021,7.936507936502845e-05,0.0,79.4911507089201,0.0,-0.014174040112705732
2020-08-03 00:00:00+00:00,1001290.5972261638,-0.0003767644176260328,0.23761017181205846,60.60805451276325,0.0,-0.010983132195979906
2020-08-04 00:00:00+00:00,1001293.0836162817,2.4831853258115594e-06,0.23769972861187877,60.578102698720535,3.546167398164209,-0.011427690040169303
2020-08-05 00:00:00+00:00,1001339.1827936915,4.603964430003453e-05,0.23769913836086642,60.57830003126957,3.567270379607983,-0.011500223506191176
2020-08-06 00:00:00+00:00,1001367.0825772415,2.7862470608717803e-05,0.23768819528090138,60.58195869614337,3.588878379541585,-0.011719927425164478
2020-08-07 00:00:00+00:00,1001507.701746564,0.0001404271937525909,0.23768157288506264,60.58417296467907,3.598005018021256,-0.011030043632390019
2020-08-10 00:00:00+00:00,1001528.3291117352,2.0596312075521797e-05,0.2376482006151499,60.5953332162126,3.604317857015185,-0.011321873850066666
2020-08-11 00:00:00+00:00,1000554.1726816064,-0.0009726698704497293,0.0,79.48637532632819,3.581230805235812,-0.011667220341830209
2020-08-12 00:00:00+00:00,1000633.5817429303,7.93650793651101e-05,0.0,79.40906132393701,0.0,-0.011159134128119419
2020-08-13 00:00:00+00:00,1000712.9971065607,7.936507936508438e-05,0.0,79.4153636303913,0.0,-0.011243789785239322
2020-08-14 00:00:00+00:00,1000792.4187729978,7.936507936511222e-05,0.0,79.42166643702863,0.0,-0.010718230081606883
2020-08-17 00:00:00+00:00,1000871.8467427416,7.93650793650376e-05,0.0,79.42796974388871,0.0,-0.011353598614788574
2020-08-18 00:00:00+00:00,1000951.2810162926,7.936507936505352e-05,0.0,79.43427355101124,0.0,-0.011203984727957028
2020-08-19 00:00:00+00:00,1001030.7215941511,7.936507936512031e-05,0.0,79.44057785843593,0.0,-0.011402775193001702
2020-08-20 00:00:00+00:00,1001110.1684768173,7.936507936508195e-05,0.0,79.44688266620247,0.0,-0.011056468168956002
2020-08-21 00:00:00+00:00,1001189.6216647917,7.93650793651314e-05,0.0,79.45318797435058,0.0,-0.011227784082469938
2020-08-24 00:00:00+00:00,1001269.0811585747,7.93650793651127e-05,0.0,79.45949378291998,0.0,-0.010152313504940835
2020-08-25 00:00:00+00:00,1001348.5469586666,7.936507936510247e-05,0.0,79.46580009195037,0.0,-0.011565378669343929
2020-08-26 00:00:00+00:00,1001428.0190655681,7.936507936506103e-05,0.0,79.47210690148148,0.0,-0.011308990902203497
2020-08-27 00:00:00+00:00,1001507.4974797796,7.936507936506499e-05,0.0,79.47841421155303,0.0,-0.010440025522650664
2020-08-28 00:00:00+00:00,1001586.9822018018,7.936507936507464e-05,0.0,79.48472202220474,0.0,-0.010686698774954984
2020-08-31 00:00:00+00:00,1001666.4732321353,7.936507936505035e-05,0.0,79.49103033347633,0.0,-0.009238186471344889
2020-09-01 00:00:00+00:00,1001745.9705712807,7.936507936506866e-05,0.0,79.49733914540757,0.0,-0.010699776247800052
2020-09-02 00:00:00+00:00,1001825.4742197387,7.93650793650899e-05,0.0,79.50364845803816,0.0,-0.00938963548335714
2020-09-03 00:00:00+00:00,1001904.9841780101,7.93650793650744e-05,0.0,79.50995827140784,0.0,-0.010967061294560487
2020-09-04 00:00:00+00:00,1001984.5004465957,7.936507936509872e-05,0.0,79.51626858555636,0.0,-0.010888442878596472
2020-09-08 00:00:00+00:00,1002064.0230259963,7.936507936512314e-05,0.0,79.52257940052347,0.0,-0.011197269098055074
2020-09-09 00:00:00+00:00,1002143.5519167127,7.936507936510804e-05,0.0,79.52889071634891,0.0,-0.011393309892803849
2020-09-10 00:00:00+00:00,1002223.0871192458,7.93650793651299e-05,0.0,79.53520253307244,0.0,-0.011415480042460402
2020-09-11 00:00:00+00:00,1002302.6286340965,7.936507936503291e-05,0.0,79.54151485073379,0.0,-0.010527032236703704
2020-09-14 00:00:00+00:00,1002382.1764617659,7.936507936512586e-05,0.0,79.54782766937274,0.0,-0.010381161731705113
2020-09-15 00:00:00+00:00,1002461.730602755,7.936507936513677e-05,0.0,79.55414098902904,0.0,-0.011251886735849759
2020-09-16 00:00:00+00:00,1002541.2910575647,7.9365079365026e-05,0.0,79.56045480974245,0.0,-0.012730670132019561
2020-09-17 00:00:00+00:00,1002620.8578266962,7.936507936510227e-05,0.0,79.56676913155275,0.0,-0.011434929854512887
2020-09-18 00:00:00+00:00,1002700.4309106508,7.936507936509364e-05,0.0,79.57308395449971,0.0,-0.015738870238026337
2020-09-21 00:00:00+00:00,1001738.151748272,-0.0009596875923398264,0.25000000000000006,59.68454945896731,0.0,-0.015387210848723853
2020-09-22 00:00:00+00:00,1000749.1611844237,-0.0009872745308963868,0.0,79.50302791652952,3.6935145946062162,-0.015404996944624827
2020-09-23 00:00:00+00:00,1000828.5857210257,7.936507936513047e-05,0.0,79.42453660193839,0.0,-0.010045663923450299
2020-09-24 00:00:00+00:00,1000908.0165611623,7.936507936508975e-05,0.0,79.43084013658934,0.0,-0.010181360750962654
2020-09-25 00:00:00+00:00,1000987.4537053339,7.936507936512149e-05,0.0,79.43714417152081,0.0,-0.010806564857414713
2020-09-28 00:00:00+00:00,1001066.8971540406,7.936507936506972e-05,0.0,79.44344870677253,0.0,-0.010964506861895096
2020-09-29 00:00:00+00:00,1001146.3469077831,7.936507936512735e-05,0.0,79.44975374238417,0.0,-0.010888178124130121
2020-09-30 00:00:00+00:00,1001225.8029670614,7.936507936502216e-05,0.0,79.45605927839549,0.0,-0.009949632459544056
2020-10-01 00:00:00+00:00,1001305.2653323762,7.936507936506333e-05,0.0,79.46236531484614,0.0,-0.01030255966338256
2020-10-02 00:00:00+00:00,1001384.734004228,7.93650793650949e-05,0.0,79.4686718517759,0.0,-0.0133538134934863
2020-10-05 00:00:00+00:00,1001464.2089831172,7.936507936507718e-05,0.0,79.47497888922445,0.0,-0.010910162269598622
2020-10-06 00:00:00+00:00,1001543.6902695445,7.936507936508678e-05,0.0,79.48128642723152,0.0,-0.010970120944440609
2020-10-07 00:00:00+00:00,1001623.1778640103,7.936507936508403e-05,0.0,79.48759446583686,0.0,-0.010892760139406654
2020-10-08 00:00:00+00:00,1001702.6717670154,7.936507936502926e-05,0.0,79.49390300508018,0.0,-0.010895250531572032
2020-10-09 00:00:00+00:00,1001782.1719790604,7.936507936511528e-05,0.0,79.50021204500122,0.0,-0.010738484899596834
2020-10-12 00:00:00+00:00,1001861.678500646,7.936507936506992e-05,0.0,79.50652158563972,0.0,-0.01050483691431392
2020-10-13 00:00:00+00:00,1001941.1913322731,7.936507936508599e-05,0.0,79.5128316270354,0.0,-0.010801867200955328
2020-10-14 00:00:00+00:00,1002020.7104744423,7.936507936512379e-05,0.0,79.51914216922802,0.0,-0.010731390634291849
2020-10-15 00:00:00+00:00,1002100.2359276545,7.936507936502746e-05,0.0,79.52545321225733,0.0,-0.011418874627450393
2020-10-16 00:00:00+00:00,1002179.7676924107,7.936507936510591e-05,0.0,79.53176475616306,0.0,-0.011781785025910985
2020-10-19 00:00:00+00:00,1002259.3057692117,7.936507936508708e-05,0.0,79.53807680098498,0.0,-0.01073041164456523
2020-10-20 00:00:00+00:00,1002338.8501585585,7.93650793650475e-05,0.0,79.54438934676284,0.0,-0.010437321160967628
2020-10-21 00:00:00+00:00,1002418.400860952,7.936507936506364e-05,0.0,79.55070239353638,0.0,-0.010249733578233666
2020-10-22 00:00:00+00:00,1002497.9578768933,7.936507936509583e-05,0.0,79.5570159413454,0.0,-0.011127209700887875
2020-10-23 00:00:00+00:00,1002577.5212068836,7.936507936510438e-05,0.0,79.56332999022963,0.0,-0.01025815425552512
2020-10-26 00:00:00+00:00,1002657.0908514238,7.936507936504966e-05,0.0,79.56964454022885,0.0,-0.010731426470417027
2020-10-27 00:00:00+00:00,1002736.6668110152,7.936507936512422e-05,0.0,79.57595959138284,0.0,-0.010214733645835139
2020-10-28 00:00:00+00:00,1002816.2490861589,7.936507936505616e-05,0.0,79.58227514373137,0.0,-0.010592617886652
2020-10-29 00:00:00+00:00,1002895.8376773562,7.936507936503804e-05,0.0,79.5885911973142,0.0,-0.011631050003788168
2020-10-30 00:00:00+00:00,1002975.4325851083,7.936507936503018e-05,0.0,79.59490775217112,0.0,-0.009530009168391196
2020-11-02 00:00:00+00:00,1003055.0338099167,7.936507936510898e-05,0.0,79.60122480834193,0.0,-0.010333879708735338
2020-11-03 00:00:00+00:00,1003134.6413522826,7.936507936511867e-05,0.0,79.60754236586641,0.0,-0.011238428578397297
2020-11-04 00:00:00+00:00,1003214.2552127074,7.936507936513568e-05,0.0,79.61386042478433,0.0,-0.009482934982428581
2020-11-05 00:00:00+00:00,1003293.8753916926,7.936507936512033e-05,0.0,79.62017898513551,0.0,-0.009666012115113531
2020-11-06 00:00:00+00:00,1003373.5018897395,7.936507936503297e-05,0.0,79.62649804695972,0.0,-0.010345731259285174
2020-11-09 00:00:00+00:00,1003453.1347073498,7.9365079365066e-05,0.0,79.63281761029678,0.0,-0.014233115623707882
2020-11-10 00:00:00+00:00,1003285.6863730986,-0.0001668721024026861,0.2428170201940657,60.30139957407276,0.0,-0.01095303357537425
2020-11-11 00:00:00+00:00,1003268.7825491882,-1.6848465138085643e-05,0.2428575463434084,60.28811002373536,3.628148909333511,-0.011547108691821961
2020-11-12 00:00:00+00:00,1003368.0122149907,9.890636241098973e-05,0.2428616381892528,60.28676845040914,3.594417281411005,-0.011209472060834003
2020-11-13 00:00:00+00:00,1003489.1345211683,0.00012071573411059936,0.2428376200036017,60.29464382071092,3.6483655883718087,-0.010672046112924605
2020-11-16 00:00:00+00:00,1003435.0284637942,-5.391793046167231e-05,0.24280830922030602,60.30425670215358,3.684433167080626,-0.01155739882668616
2020-11-17 00:00:00+00:00,1003521.6567674308,8.6331751612562e-05,0.24282140164775468,60.29996257061595,3.6710127527445913,-0.011320593561142012
2020-11-18 00:00:00+00:00,1002648.3016697157,-0.0008702902342221833,0.0,79.64457593392308,3.627921602089732,-0.010711545280745582
2020-11-19 00:00:00+00:00,1002727.8769317529,7.936507936502277e-05,0.0,79.57526203727902,0.0,-0.011029395989871738
2020-11-20 00:00:00+00:00,1002807.4585092872,7.936507936513481e-05,0.0,79.5815775342661,0.0,-0.011617949011832884
2020-11-23 00:00:00+00:00,1002887.0464028197,7.936507936506894e-05,0.0,79.58789353248311,0.0,-0.011473003870876575
2020-11-24 00:00:00+00:00,1002966.6406128517,7.93650793651338e-05,0.0,79.59421003196982,0.0,-0.011242325323628677
2020-11-25 00:00:00+00:00,1003046.2411398845,7.936507936505756e-05,0.0,79.60052703276601,0.0,-0.011056873532552025
2020-11-27 00:00:00+00:00,1003125.8479844193,7.936507936503269e-05,0.0,79.60684453491146,0.0,-0.011546843268290807
2020-11-30 00:00:00+00:00,1003205.4611469578,7.936507936513558e-05,0.0,79.61316253844598,0.0,-0.010887973523781902
2020-12-01 00:00:00+00:00,1003285.0806280012,7.936507936509442e-05,0.0,79.61948104340935,0.0,-0.010875752524426296
2020-12-02 00:00:00+00:00,1003364.7064280511,7.936507936510167e-05,0.0,79.62580004984137,0.0,-0.01187701075812253
2020-12-03 00:00:00+00:00,1003444.3385476089,7.936507936511766e-05,0.0,79.63211955778183,0.0,-0.011112717891222701
2020-12-04 00:00:00+00:00,1003523.9769871762,7.93650793651027e-05,0.0,79.63843956727055,0.0,-0.011206694672224238
2020-12-07 00:00:00+00:00,1003603.6217472546,7.936507936513315e-05,0.0,79.64476007834732,0.0,-0.011077239293267205
2020-12-08 00:00:00+00:00,1003683.2728283457,7.936507936505334e-05,0.0,79.65108109105195,0.0,-0.011868790349720548
2020-12-09 00:00:00+00:00,1003762.930230951,7.936507936505562e-05,0.0,79.65740260542425,0.0,-0.011300064915458208
2020-12-10 00:00:00+00:00,1003842.5939555726,7.936507936510026e-05,0.0,79.66372462150404,0.0,-0.010431897470052576
2020-12-11 00:00:00+00:00,1003922.2640027119,7.936507936503166e-05,0.0,79.67004713933116,0.0,-0.011173434150087758
2020-12-14 00:00:00+00:00,1004001.9403728708,7.936507936504208e-05,0.0,79.67637015894539,0.0,-0.005593813355304178
2020-12-15 00:00:00+00:00,1003521.6161658466,-0.00047840964017041457,0.25,59.76202026028993,0.0,-0.006549135089660929
2020-12-16 00:00:00+00:00,1003486.9297761298,-3.456466622944704e-05,0.2501196596563757,59.72389929147848,3.545964479070717,-0.005824126246550598
2020-12-17 00:00:00+00:00,1002699.582265007,-0.0007846116254832231,0.0,79.64181982350236,3.5725974900996444,-0.006646497282271291
2020-12-18 00:00:00+00:00,1002602.4405805692,-9.688014850701193e-05,0.22214412175156176,61.90125112556263,0.0,-0.01424217839969355
2020-12-21 00:00:00+00:00,1001441.4935119724,-0.0011579336151671248,0.0,79.57162226829914,3.0983868835542236,-0.011515722731817668
2020-12-22 00:00:00+00:00,1001520.9729955845,7.936507936513256e-05,0.0,79.4794836120613,0.0,-0.010918151844646395
2020-12-23 00:00:00+00:00,1001600.4587870921,7.936507936513592e-05,0.0,79.48579150758607,0.0,-0.011188632747901828
2020-12-24 00:00:00+00:00,1001679.9508869959,7.936507936509862e-05,0.0,79.49209990373747,0.0,-0.010043582672283335
2020-12-28 00:00:00+00:00,1001759.4492957965,7.93650793650972e-05,0.0,79.49840880055523,0.0,-0.01094039499450794
2020-12-29 00:00:00+00:00,1001838.9540139945,7.936507936509198e-05,0.0,79.50471819807909,0.0,-0.010276508182840871
2020-12-30 00:00:00+00:00,1001918.4650420909,7.936507936504332e-05,0.0,79.51102809634877,0.0,-0.0107834694445339
2020-12-31 00:00:00+00:00,1001997.9823805862,7.936507936502773e-05,0.0,79.51733849540403,0.0,-0.010504412185180279
2021-01-04 00:00:00+00:00,1002077.5060299815,7.936507936512174e-05,0.0,79.52364939528462,0.0,-0.010911917678428473
2021-01-05 00:00:00+00:00,1002157.0359907775,7.93650793650533e-05,0.0,79.52996079603028,0.0,-0.011355333726557504
2021-01-06 00:00:00+00:00,1002236.5722634753,7.936507936513128e-05,0.0,79.53627269768076,0.0,-0.010903587602729914
2021-01-07 00:00:00+00:00,1002316.1148485756,7.936507936508366e-05,0.0,79.54258510027582,0.0,-0.01126863043003734
2021-01-08 00:00:00+00:00,1002395.6637465794,7.936507936510311e-05,0.0,79.5488980038552,0.0,-0.011411092298218684
2021-01-11 00:00:00+00:00,1002475.2189579878,7.93650793650338e-05,0.0,79.55521140845869,0.0,-0.010796695993827043
2021-01-12 00:00:00+00:00,1002554.780483302,7.936507936506836e-05,0.0,79.56152531412602,0.0,-0.010587184888517065
2021-01-13 00:00:00+00:00,1002634.3483230228,7.936507936505096e-05,0.0,79.56783972089698,0.0,-0.011132553849914295
2021-01-14 00:00:00+00:00,1002713.9224776516,7.936507936505807e-05,0.0,79.57415462881134,0.0,-0.010982502892886714
2021-01-15 00:00:00+00:00,1002793.5029476895,7.936507936505001e-05,0.0,79.58047003790885,0.0,-0.010049664957164417
2021-01-19 00:00:00+00:00,1002873.0897336378,7.93650793651032e-05,0.0,79.58678594822932,0.0,-0.010819622424459219
2021-01-20 00:00:00+00:00,1002952.6828359975,7.936507936506191e-05,0.0,79.59310235981252,0.0,-0.01146941440823479
2021-01-21 00:00:00+00:00,1003032.2822552703,7.936507936511861e-05,0.0,79.59941927269821,0.0,-0.011368826192373227
2021-01-22 00:00:00+00:00,1003111.8879919573,7.936507936511756e-05,0.0,79.6057366869262,0.0,-0.011090888504923235
2021-01-25 00:00:00+00:00,1003191.5000465598,7.936507936513515e-05,0.0,79.61205460253629,0.0,-0.011444612414522659
2021-01-26 00:00:00+00:00,1003271.1184195795,7.936507936513173e-05,0.0,79.61837301956824,0.0,-0.011133084702847462
2021-01-27 00:00:00+00:00,1003350.7431115175,7.936507936506763e-05,0.0,79.62469193806186,0.0,-0.009688058325665772
2021-01-28 00:00:00+00:00,1003430.3741228756,7.936507936513526e-05,0.0,79.63101135805695,0.0,-0.01046878856935951
2021-01-29 00:00:00+00:00,1003510.0114541552,7.936507936506287e-05,0.0,79.6373312795933,0.0,-0.011931689504964815
2021-02-01 00:00:00+00:00,1003589.6551058579,7.936507936504287e-05,0.0,79.64365170271073,0.0,-0.010997396553645622
2021-02-02 00:00:00+00:00,1003669.3050784853,7.936507936503556e-05,0.0,79.64997262744903,0.0,-0.01195232625833409
2021-02-03 00:00:00+00:00,1003748.9613725392,7.936507936511727e-05,0.0,79.65629405384804,0.0,-0.0114280449903994
2021-02-04 00:00:00+00:00,1003828.6239885212,7.936507936513233e-05,0.0,79.66261598194755,0.0,-0.011301683677973351
2021-02-05 00:00:00+00:00,1003908.2929269329,7.936507936504108e-05,0.0,79.6689384117874,0.0,-0.011391716468147628
2021-02-08 00:00:00+00:00,1003987.9681882763,7.936507936503583e-05,0.0,79.67526134340737,0.0,-0.01053126825019568
2021-02-09 00:00:00+00:00,1004067.6497730531,7.936507936507688e-05,0.0,79.68158477684733,0.0,-0.011603935035739532
2021-02-10 00:00:00+00:00,1004147.3376817653,7.936507936512455e-05,0.0,79.68790871214708,0.0,-0.011274647014698935
2021-02-11 00:00:00+00:00,1004227.0319149146,7.936507936502323e-05,0.0,79.69423314934646,0.0,-0.00999413871534749
2021-02-12 00:00:00+00:00,1004306.7324730031,7.936507936508109e-05,0.0,79.70055808848528,0.0,-0.010214977055874819
2021-02-16 00:00:00+00:00,1004386.4393565326,7.936507936502656e-05,0.0,79.70688352960342,0.0,-0.010907514764113557
2021-02-17 00:00:00+00:00,1004466.1525660054,7.936507936505187e-05,0.0,79.71320947274069,0.0,-0.010293176161489725
2021-02-18 00:00:00+00:00,1004545.8721019233,7.936507936511727e-05,0.0,79.71953591793694,0.0,-0.010891148743589874
2021-02-19 00:00:00+00:00,1004625.5979647886,7.936507936506724e-05,0.0,79.72586286523202,0.0,-0.010689088136335734
2021-02-22 00:00:00+00:00,1004705.3301551032,7.936507936509388e-05,0.0,79.73219031466576,0.0,-0.012168053537717327
2021-02-23 00:00:00+00:00,1004785.0686733695,7.936507936504165e-05,0.0,79.73851826627804,0.0,-0.011577296993889874
2021-02-24 00:00:00+00:00,1004864.8135200896,7.936507936510261e-05,0.0,79.74484672010868,0.0,-0.010723068388320378
2021-02-25 00:00:00+00:00,1004944.5646957658,7.936507936512123e-05,0.0,79.75117567619759,0.0,-0.011722824823355182
2021-02-26 00:00:00+00:00,1005024.3222009004,7.936507936505784e-05,0.0,79.75750513458459,0.0,-0.011920220877081
2021-03-01 00:00:00+00:00,1005104.0860359957,7.936507936510448e-05,0.0,79.76383509530956,0.0,-0.011838124913582604
2021-03-02 00:00:00+00:00,1005183.8562015542,7.936507936510562e-05,0.0,79.77016555841236,0.0,-0.011369718526494488
2021-03-03 00:00:00+00:00,1005263.632698078,7.93650793650216e-05,0.0,79.77649652393288,0.0,-0.010874182116520359
2021-03-04 00:00:00+00:00,1005343.4155260699,7.936507936504441e-05,0.0,79.78282799191096,0.0,-0.012752557289656075
2021-03-05 00:00:00+00:00,1005423.2046860324,7.936507936513435e-05,0.0,79.7891599623865,0.0,-0.010823787859377099
2021-03-08 00:00:00+00:00,1005503.0001784678,7.936507936513592e-05,0.0,79.7954924353994,0.0,-0.011448910992137407
2021-03-09 00:00:00+00:00,1005582.8020038789,7.936507936512528e-05,0.0,79.80182541098951,0.0,-0.011241744302839862
2021-03-10 00:00:00+00:00,1005662.610162768,7.936507936506278e-05,0.0,79.80815888919673,0.0,-0.013066372325122977
2021-03-11 00:00:00+00:00,1005742.424655638,7.93650793650245e-05,0.0,79.81449287006096,0.0,-0.011528821550489177
2021-03-12 00:00:00+00:00,1005822.2454829917,7.936507936508653e-05,0.0,79.82082735362206,0.0,-0.010996317452145021
2021-03-15 00:00:00+00:00,1005902.0726453316,7.936507936509346e-05,0.0,79.82716233991998,0.0,-0.011388829732855044
2021-03-16 00:00:00+00:00,1005981.9061431607,7.936507936512134e-05,0.0,79.83349782899457,0.0,-0.012141884216095633
2021-03-17 00:00:00+00:00,1006061.7459769816,7.93650793651305e-05,0.0,79.83983382088577,0.0,-0.011475270477831145
2021-03-18 00:00:00+00:00,1006141.5921472972,7.936507936508129e-05,0.0,79.84617031563346,0.0,-0.011008607040485785
2021-03-19 00:00:00+00:00,1006221.4446546105,7.936507936504975e-05,0.0,79.85250731327756,0.0,-0.01450667420798979
2021-03-22 00:00:00+00:00,1006059.267354488,-0.00016117456150829514,0.25000000000000006,59.89413361039348,0.0,-0.01437035370198636
2021-03-23 00:00:00+00:00,1006099.5971918683,4.00869398940848e-05,0.2500403001357338,59.88126239609804,3.7302640486386203,-0.014501779501887135
2021-03-24 00:00:00+00:00,1004886.9901189001,-0.0012052554999055609,0.0,79.849174380307,3.7188153485987234,-0.014367120720806703
2021-03-25 00:00:00+00:00,1004405.8822916927,-0.0004787680922712486,0.25000000000000006,59.814701792791666,0.0,-0.011273860468085317
2021-03-26 00:00:00+00:00,1003415.2943626551,-0.000986242659966657,0.0,79.71475256283276,3.776875624074657,-0.011239775027429566
2021-03-29 00:00:00+00:00,1003494.9304971284,7.936507936511036e-05,0.0,79.6361344732266,0.0,-0.011009491253117787
2021-03-30 00:00:00+00:00,1003574.5729519298,7.936507936508011e-05,0.0,79.64245480135939,0.0,-0.011549267369466598
2021-03-31 00:00:00+00:00,1003654.2217275609,7.936507936507008e-05,0.0,79.64877563110554,0.0,-0.011158005601453524
2021-04-01 00:00:00+00:00,1003733.8768245233,7.936507936504058e-05,0.0,79.65509696250483,0.0,-0.011329343730018593
2021-04-05 00:00:00+00:00,1003813.5382433189,7.936507936506795e-05,0.0,79.66141879559709,0.0,-0.011760325854424991
2021-04-06 00:00:00+00:00,1003893.2059844494,7.93650793651125e-05,0.0,79.66774113042213,0.0,-0.010975426504589159
2021-04-07 00:00:00+00:00,1003972.8800484164,7.936507936513456e-05,0.0,79.67406396701979,0.0,-0.010774965142740456
2021-04-08 00:00:00+00:00,1004052.5604357219,7.936507936509446e-05,0.0,79.68038730542987,0.0,-0.01061943017307776
2021-04-09 00:00:00+00:00,1004132.2471468676,7.936507936506852e-05,0.0,79.68671114569221,0.0,-0.012168454078921975
2021-04-12 00:00:00+00:00,1004211.9401823555,7.9365079365133e-05,0.0,79.69303548784663,0.0,-0.0111430081094257
2021-04-13 00:00:00+00:00,1004291.6395426875,7.936507936513227e-05,0.0,79.69936033193298,0.0,-0.01164498504437006
2021-04-14 00:00:00+00:00,1004371.3452283654,7.936507936502669e-05,0.0,79.70568567799107,0.0,-0.011045297925427633
2021-04-15 00:00:00+00:00,1004451.0572398915,7.936507936512435e-05,0.0,79.71201152606075,0.0,-0.011167493433152487
2021-04-16 00:00:00+00:00,1004530.7755777676,7.936507936503783e-05,0.0,79.71833787618186,0.0,-0.011401245427938633
2021-04-19 00:00:00+00:00,1004610.500242496,7.936507936507518e-05,0.0,79.72466472839426,0.0,-0.011336033021798642
2021-04-20 00:00:00+00:00,1004690.2312345788,7.936507936508083e-05,0.0,79.73099208273779,0.0,-0.011359462976590962
2021-04-21 00:00:00+00:00,1004769.9685545181,7.936507936513099e-05,0.0,79.73731993925229,0.0,-0.011508935817010624
2021-04-22 00:00:00+00:00,1004849.712202816,7.936507936507011e-05,0.0,79.74364829797763,0.0,-0.011403946753980598
2021-04-23 00:00:00+00:00,1004929.462179975,7.936507936509027e-05,0.0,79.74997715895366,0.0,-0.01092539437937834
2021-04-26 00:00:00+00:00,1005009.2184864972,7.936507936503594e-05,0.0,79.75630652222024,0.0,-0.011250892880501517
2021-04-27 00:00:00+00:00,1005088.981122885,7.936507936509915e-05,0.0,79.76263638781724,0.0,-0.011515415756250924
2021-04-28 00:00:00+00:00,1005168.7500896408,7.936507936512436e-05,0.0,79.76896675578452,0.0,-0.011438726074997518
2021-04-29 00:00:00+00:00,1005248.525387267,7.936507936507192e-05,0.0,79.77529762616197,0.0,-0.011742432268023073
2021-04-30 00:00:00+00:00,1005328.307016266,7.936507936513382e-05,0.0,79.78162899898945,0.0,-0.01151814833515008
2021-05-03 00:00:00+00:00,1005408.0949771403,7.936507936503875e-05,0.0,79.78796087430683,0.0,-0.011492051800081171
2021-05-04 00:00:00+00:00,1005487.8892703925,7.936507936509445e-05,0.0,79.79429325215399,0.0,-0.010688545261976046
2021-05-05 00:00:00+00:00,1005567.689896525,7.936507936502965e-05,0.0,79.80062613257083,0.0,-0.011000226445890604
2021-05-06 00:00:00+00:00,1005647.4968560406,7.936507936503628e-05,0.0,79.80695951559723,0.0,-0.011172653449212255
2021-05-07 00:00:00+00:00,1005727.3101494418,7.936507936507465e-05,0.0,79.81329340127306,0.0,-0.011461300960248444
2021-05-10 00:00:00+00:00,1005807.1297772315,7.936507936510506e-05,0.0,79.81962778963825,0.0,-0.01179962788708977
2021-05-11 00:00:00+00:00,1005886.9557399122,7.936507936508788e-05,0.0,79.82596268073266,0.0,-0.010092231206769497
2021-05-12 00:00:00+00:00,1005966.7880379868,7.936507936509917e-05,0.0,79.83229807459621,0.0,-0.011420994181277955
2021-05-13 00:00:00+00:00,1006046.6266719581,7.936507936509925e-05,0.0,79.83863397126879,0.0,-0.009883768681383742
2021-05-14 00:00:00+00:00,1006126.4716423289,7.936507936504848e-05,0.0,79.84497037079032,0.0,-0.011373671224983006
2021-05-17 00:00:00+00:00,1006206.322949602,7.93650793650229e-05,0.0,79.8513072732007,0.0,-0.01001404827301311
2021-05-18 00:00:00+00:00,1006286.1805942806,7.936507936509856e-05,0.0,79.85764467853984,0.0,-0.01233900419681433
2021-05-19 00:00:00+00:00,1006366.0445768675,7.936507936512004e-05,0.0,79.86398258684767,0.0,-0.011494421127426158
2021-05-20 00:00:00+00:00,1006445.9148978656,7.93650793650477e-05,0.0,79.87032099816409,0.0,-0.010927546619971196
2021-05-21 00:00:00+00:00,1006525.7915577781,7.936507936507327e-05,0.0,79.87665991252902,0.0,-0.010473106426066359
2021-05-24 00:00:00+00:00,1006605.6745571081,7.936507936504136e-05,0.0,79.8829993299824,0.0,-0.01152509542960356
2021-05-25 00:00:00+00:00,1006685.5638963586,7.936507936502799e-05,0.0,79.88933925056413,0.0,-0.011125157027592536
2021-05-26 00:00:00+00:00,1006765.4595760329,7.936507936510913e-05,0.0,79.89567967431418,0.0,-0.0112447585634472
2021-05-27 00:00:00+00:00,1006845.3615966343,7.936507936512944e-05,0.0,79.90202060127245,0.0,-0.011563619302390471
2021-05-28 00:00:00+00:00,1006925.2699586657,7.936507936504929e-05,0.0,79.90836203147892,0.0,-0.011785303190257501
2021-06-01 00:00:00+00:00,1007005.1846626307,7.936507936506027e-05,0.0,79.91470396497347,0.0,-0.011147955646551466
2021-06-02 00:00:00+00:00,1007085.1057090325,7.936507936512268e-05,0.0,79.92104640179609,0.0,-0.010879505712657611
2021-06-03 00:00:00+00:00,1007165.0330983745,7.936507936508125e-05,0.0,79.92738934198671,0.0,-0.011534519594323278
2021-06-04 00:00:00+00:00,1007244.9668311601,7.93650793651275e-05,0.0,79.93373278558528,0.0,-0.01051550411687785
2021-06-07 00:00:00+00:00,1007324.9069078928,7.93650793651062e-05,0.0,79.94007673263175,0.0,-0.011957765372422102
2021-06-08 00:00:00+00:00,1007404.853329076,7.936507936509323e-05,0.0,79.9464211831661,0.0,-0.011036307093579723
2021-06-09 00:00:00+00:00,1007484.8060952132,7.936507936504895e-05,0.0,79.95276613722825,0.0,-0.01155938130927403
2021-06-10 00:00:00+00:00,1007564.765206808,7.936507936504925e-05,0.0,79.95911159485819,0.0,-0.008411760508143296
2021-06-11 00:00:00+00:00,1007028.1317130734,-0.0005326044660012433,0.25000000000000006,59.9740931670719,0.0,-0.008106213953753105
2021-06-14 00:00:00+00:00,1007150.6110525273,0.00012162454612426968,0.25013322207117045,59.93150320725168,3.546123806899994,-0.008625075654543402
2021-06-15 00:00:00+00:00,1006095.6156726234,-0.0010475050785119498,0.0,79.93258817877201,3.542913532301562,-0.00886041904843804
2021-06-16 00:00:00+00:00,1006175.4645310101,7.936507936510686e-05,0.0,79.84885838671615,0.0,-0.00881334018088431
2021-06-17 00:00:00+00:00,1006255.3197266079,7.936507936512535e-05,0.0,79.85519559769922,0.0,-0.009239438257874433
2021-06-18 00:00:00+00:00,1006335.1812599195,7.936507936510499e-05,0.0,79.86153331163554,0.0,-0.012096311874279841
2021-06-21 00:00:00+00:00,1006415.0491314481,7.936507936512185e-05,0.0,79.86787152856505,0.0,-0.011823960196922556
2021-06-22 00:00:00+00:00,1006494.9233416967,7.936507936513623e-05,0.0,79.87421024852763,0.0,-0.01169153795766853
2021-06-23 00:00:00+00:00,1006574.8038911683,7.936507936510848e-05,0.0,79.88054947156323,0.0,-0.01181038244385757
2021-06-24 00:00:00+00:00,1006654.6907803661,7.936507936511459e-05,0.0,79.88688919771177,0.0,-0.01233247306735219
2021-06-25 00:00:00+00:00,1006734.5840097931,7.936507936511489e-05,0.0,79.89322942701318,0.0,-0.011504759448348167
2021-06-28 00:00:00+00:00,1006814.4835799526,7.936507936506972e-05,0.0,79.89957015950739,0.0,-0.011851814462112031
2021-06-29 00:00:00+00:00,1006894.3894913478,7.936507936505504e-05,0.0,79.90591139523434,0.0,-0.011005960975306373
2021-06-30 00:00:00+00:00,1006974.301744482,7.936507936503119e-05,0.0,79.91225313423395,0.0,-0.011700569354865742
2021-07-01 00:00:00+00:00,1007054.2203398586,7.936507936507412e-05,0.0,79.9185953765462,0.0,-0.012084320408166427
2021-07-02 00:00:00+00:00,1007134.1452779807,7.936507936502853e-05,0.0,79.924938122211,0.0,-0.011555766099183629
2021-07-06 00:00:00+00:00,1007214.076559352,7.936507936508597e-05,0.0,79.93128137126831,0.0,-0.011655457987422402
2021-07-07 00:00:00+00:00,1007294.0141844758,7.936507936509116e-05,0.0,79.9376251237581,0.0,-0.011916109458117496
2021-07-08 00:00:00+00:00,1007373.9581538555,7.936507936512002e-05,0.0,79.9439693797203,0.0,-0.012849423077888389
2021-07-09 00:00:00+00:00,1007453.9084679948,7.93650793651329e-05,0.0,79.95031413919489,0.0,-0.011862392658726684
2021-07-12 00:00:00+00:00,1007533.865127397,7.93650793650901e-05,0.0,79.9566594022218,0.0,-0.011760508769202538
2021-07-13 00:00:00+00:00,1007613.8281325658,7.936507936506753e-05,0.0,79.96300516884104,0.0,-0.011774795060096821
2021-07-14 00:00:00+00:00,1007693.7974840049,7.936507936502553e-05,0.0,79.96935143909252,0.0,-0.011766696430780321
2021-07-15 00:00:00+00:00,1007773.7731822178,7.936507936503998e-05,0.0,79.97569821301626,0.0,-0.012932051064667327
2021-07-16 00:00:00+00:00,1007853.7552277085,7.936507936507117e-05,0.0,79.98204549065221,0.0,-0.011915759847219931
2021-07-19 00:00:00+00:00,1007933.7436209805,7.936507936507942e-05,0.0,79.98839327204035,0.0,-0.011838763188442236
2021-07-20 00:00:00+00:00,1008013.7383625377,7.93650793650251e-05,0.0,79.99474155722068,0.0,-0.012164303955556122
2021-07-21 00:00:00+00:00,1008093.739452884,7.936507936509953e-05,0.0,80.00109034623316,0.0,-0.011912658940307352
2021-07-22 00:00:00+00:00,1008173.746892523,7.936507936503204e-05,0.0,80.00743963911778,0.0,-0.011947764813987405
2021-07-23 00:00:00+00:00,1008253.760681959,7.936507936512944e-05,0.0,80.01378943591453,0.0,-0.012087314963270757
2021-07-26 00:00:00+00:00,1008333.7808216957,7.936507936512107e-05,0.0,80.02013973666341,0.0,-0.012415878508178047
2021-07-27 00:00:00+00:00,1008413.8073122371,7.936507936508275e-05,0.0,80.02649054140441,0.0,-0.011636365835690832
2021-07-28 00:00:00+00:00,1008493.8401540873,7.936507936509029e-05,0.0,80.03284185017755,0.0,-0.011703320400909156
2021-07-29 00:00:00+00:00,1008573.8793477503,7.936507936510398e-05,0.0,80.0391936630228,0.0,-0.012981624614153198
2021-07-30 00:00:00+00:00,1008653.9248937303,7.936507936508418e-05,0.0,80.04554597998019,0.0,-0.012317369197417882
2021-08-02 00:00:00+00:00,1008733.9767925314,7.936507936510662e-05,0.0,80.0518988010897,0.0,-0.012026717680012844
2021-08-03 00:00:00+00:00,1008814.0350446579,7.936507936513165e-05,0.0,80.05825212639138,0.0,-0.01187490201807595
2021-08-04 00:00:00+00:00,1008894.0996506138,7.93650793651196e-05,0.0,80.06460595592523,0.0,-0.011315037936435068
2021-08-05 00:00:00+00:00,1008974.1706109035,7.93650793650308e-05,0.0,80.07096028973126,0.0,-0.011959206221720642
2021-08-06 00:00:00+00:00,1009054.2479260314,7.936507936505638e-05,0.0,80.07731512784949,0.0,-0.012425115983248247
2021-08-09 00:00:00+00:00,1009134.3315965016,7.936507936504127e-05,0.0,80.08367047031994,0.0,-0.011976311174301202
2021-08-10 00:00:00+00:00,1009214.4216228188,7.936507936506116e-05,0.0,80.09002631718268,0.0,-0.01181598895769298
2021-08-11 00:00:00+00:00,1009294.5180054873,7.93650793650764e-05,0.0,80.09638266847769,0.0,-0.012033389903969294
2021-08-12 00:00:00+00:00,1009374.6207450115,7.936507936504731e-05,0.0,80.10273952424502,0.0,-0.012158540963061348
2021-08-13 00:00:00+00:00,1009454.729841896,7.936507936504958e-05,0.0,80.10909688452472,0.0,-0.012714018894413925
2021-08-16 00:00:00+00:00,1009534.8452966453,7.936507936504352e-05,0.0,80.11545474935683,0.0,-0.01169852156697182
2021-08-17 00:00:00+00:00,1009614.9671097641,7.936507936510479e-05,0.0,80.12181311878138,0.0,-0.012014947735822012
2021-08-18 00:00:00+00:00,1009695.095281757,7.93650793650784e-05,0.0,80.12817199283842,0.0,-0.012135902414312838
2021-08-19 00:00:00+00:00,1009775.2298131285,7.936507936504002e-05,0.0,80.13453137156802,0.0,-0.01183853209510044
2021-08-20 00:00:00+00:00,1009855.3707043835,7.936507936506526e-05,0.0,80.1408912550102,0.0,-0.011426773630752507
2021-08-23 00:00:00+00:00,1009935.5179560267,7.936507936511444e-05,0.0,80.14725164320504,0.0,-0.011334418978458771
2021-08-24 00:00:00+00:00,1010015.6715685629,7.936507936503261e-05,0.0,80.1536125361926,0.0,-0.011914593868640466
2021-08-25 00:00:00+00:00,1010095.8315424969,7.936507936512593e-05,0.0,80.15997393401292,0.0,-0.012196015363494794
2021-08-26 00:00:00+00:00,1010175.9978783337,7.93650793651242e-05,0.0,80.16633583670611,0.0,-0.012013975702572566
2021-08-27 00:00:00+00:00,1010256.170576578,7.936507936510299e-05,0.0,80.1726982443122,0.0,-0.011343387115211101
2021-08-30 00:00:00+00:00,1010336.3496377348,7.936507936502266e-05,0.0,80.17906115687127,0.0,-0.012016263338331612
2021-08-31 00:00:00+00:00,1010416.5350623092,7.936507936507401e-05,0.0,80.1854245744234,0.0,-0.011839566320660744
2021-09-01 00:00:00+00:00,1010496.7268508063,7.936507936510212e-05,0.0,80.19178849700867,0.0,-0.01197504215860068
2021-09-02 00:00:00+00:00,1010576.9250037309,7.936507936506733e-05,0.0,80.19815292466717,0.0,-0.012077040615868562
2021-09-03 00:00:00+00:00,1010657.1295215883,7.936507936504519e-05,0.0,80.20451785743896,0.0,-0.011793382077314618
2021-09-07 00:00:00+00:00,1010737.3404048837,7.936507936511121e-05,0.0,80.21088329536416,0.0,-0.01211363549536948
2021-09-08 00:00:00+00:00,1010817.5576541222,7.936507936511054e-05,0.0,80.21724923848284,0.0,-0.012294993266075416
2021-09-09 00:00:00+00:00,1010897.7812698091,7.936507936511868e-05,0.0,80.2236156868351,0.0,-0.012196898316576998
2021-09-10 00:00:00+00:00,1010978.0112524496,7.936507936509597e-05,0.0,80.22998264046105,0.0,-0.012088587709573773
2021-09-13 00:00:00+00:00,1011058.247602549,7.936507936511791e-05,0.0,80.23635009940077,0.0,-0.012497957543303961
2021-09-14 00:00:00+00:00,1011138.4903206127,7.936507936502968e-05,0.0,80.24271806369437,0.0,-0.012159940629516974
2021-09-15 00:00:00+00:00,1011218.739407146,7.93650793650219e-05,0.0,80.24908653338196,0.0,-0.011867605145520876
2021-09-16 00:00:00+00:00,1011298.9948626545,7.93650793650549e-05,0.0,80.25545550850364,0.0,-0.01163315559066902
2021-09-17 00:00:00+00:00,1011379.2566876436,7.9365079365089e-05,0.0,80.26182498909957,0.0,-0.013971031284772728
2021-09-20 00:00:00+00:00,1010285.8333367312,-0.0010811209975706447,0.25000000000000006,60.20114623140736,0.0,-0.01520694971740344
2021-09-21 00:00:00+00:00,1009308.0898979587,-0.0009677889232033042,0.0,80.18141534418501,3.641590943649069,-0.015242840255480061
2021-09-22 00:00:00+00:00,1009388.1937146173,7.936507936511853e-05,0.0,80.10381665856815,0.0,-0.014338444653817284
2021-09-23 00:00:00+00:00,1008841.1318692131,-0.0005419736914011125,0.25,60.08263057825103,0.0,-0.015690607960943126
2021-09-24 00:00:00+00:00,1009501.6562234395,0.000654735749128885,0.25013556689654165,60.03921297147291,3.7757121902017494,-0.010928632807512884
2021-09-27 00:00:00+00:00,1008429.2983971084,-0.0010622645537232249,0.0,80.11917906535234,3.754909239429587,-0.011883521986642442
2021-09-28 00:00:00+00:00,1008509.3324684098,7.936507936506459e-05,0.0,80.03407130135781,0.0,-0.009526333212976468
2021-09-29 00:00:00+00:00,1008091.6306089335,-0.0004141774855507959,0.25000000000000006,60.03031740883391,0.0,-0.012022954341006198
2021-09-30 00:00:00+00:00,1007056.6787633792,-0.0010266446165505087,0.0,80.00727227055027,3.48095495975617,-0.011577408693964841
2021-10-01 00:00:00+00:00,1007136.6038966144,7.936507936506118e-05,0.0,79.92513323518882,0.0,-0.010697556214399384
2021-10-04 00:00:00+00:00,1007216.5353731142,7.93650793651167e-05,0.0,79.9314764997313,0.0,-0.011631468163788128
2021-10-05 00:00:00+00:00,1007296.4731933819,7.936507936511876e-05,0.0,79.93782026770748,0.0,-0.011192544683835237
2021-10-06 00:00:00+00:00,1007376.417357921,7.93650793650277e-05,0.0,79.9441645391573,0.0,-0.011218900001363608
2021-10-07 00:00:00+00:00,1007456.3678672351,7.936507936503502e-05,0.0,79.95050931412072,0.0,-0.011563378591561424
2021-10-08 00:00:00+00:00,1007536.3247218278,7.936507936510101e-05,0.0,79.95685459263771,0.0,-0.009728066369886434
2021-10-11 00:00:00+00:00,1007616.2879222025,7.936507936507045e-05,0.0,79.96320037474824,0.0,-0.011503432559067939
2021-10-12 00:00:00+00:00,1007696.257468863,7.936507936513475e-05,0.0,79.96954666049226,0.0,-0.01116963603427834
2021-10-13 00:00:00+00:00,1007776.2333623129,7.93650793650232e-05,0.0,79.97589344990976,0.0,-0.01179291920503811
2021-10-14 00:00:00+00:00,1007856.2156030559,7.936507936504273e-05,0.0,79.9822407430407,0.0,-0.011541079565352774
2021-10-15 00:00:00+00:00,1007936.2041915958,7.936507936503811e-05,0.0,79.98858853992508,0.0,-0.01139091835139805
2021-10-18 00:00:00+00:00,1008016.1991284364,7.936507936508519e-05,0.0,79.99493684060283,0.0,-0.01158371080649978
2021-10-19 00:00:00+00:00,1008096.2004140815,7.93650793650288e-05,0.0,80.001285645114,0.0,-0.011339968761076236
2021-10-20 00:00:00+00:00,1008176.2080490349,7.936507936506027e-05,0.0,80.00763495349852,0.0,-0.011557796117140029
2021-10-21 00:00:00+00:00,1008256.2220338007,7.936507936502444e-05,0.0,80.01398476579642,0.0,-0.011199513578516118
2021-10-22 00:00:00+00:00,1008336.2423688828,7.936507936511257e-05,0.0,80.02033508204767,0.0,-0.012501584824136991
2021-10-25 00:00:00+00:00,1008416.269054785,7.936507936505406e-05,0.0,80.02668590229229,0.0,-0.011443936855995318
2021-10-26 00:00:00+00:00,1008496.3020920116,7.936507936504018e-05,0.0,80.03303722657024,0.0,-0.011004773836668313
2021-10-27 00:00:00+00:00,1008576.3414810664,7.936507936503125e-05,0.0,80.03938905492156,0.0,-0.011516906120928816
2021-10-28 00:00:00+00:00,1008656.3872224538,7.936507936510303e-05,0.0,80.04574138738623,0.0,-0.011613995257498289
2021-10-29 00:00:00+00:00,1008736.4393166779,7.936507936510041e-05,0.0,80.05209422400428,0.0,-0.011229366450198341
2021-11-01 00:00:00+00:00,1008816.4977642427,7.936507936509915e-05,0.0,80.05844756481571,0.0,-0.01166222953911511
2021-11-02 00:00:00+00:00,1008896.5625656525,7.936507936505959e-05,0.0,80.06480140986054,0.0,-0.011825862513280327
2021-11-03 00:00:00+00:00,1008976.6337214117,7.936507936505746e-05,0.0,80.07115575917878,0.0,-0.011543699213264702
2021-11-04 00:00:00+00:00,1009056.7112320245,7.93650793650531e-05,0.0,80.07751061281046,0.0,-0.011128377151519153
2021-11-05 00:00:00+00:00,1009136.7950979953,7.93650793651222e-05,0.0,80.0838659707956,0.0,-0.01238310864051062
2021-11-08 00:00:00+00:00,1009216.8853198285,7.936507936510971e-05,0.0,80.09022183317423,0.0,-0.011655060932210581
2021-11-09 00:00:00+00:00,1009296.9818980285,7.936507936509135e-05,0.0,80.0965781999864,0.0,-0.011557755522922264
2021-11-10 00:00:00+00:00,1009377.0848330997,7.936507936502743e-05,0.0,80.1029350712721,0.0,-0.011166356089759688
2021-11-11 00:00:00+00:00,1009457.1941255468,7.9365079365109e-05,0.0,80.10929244707141,0.0,-0.011312299288745997
2021-11-12 00:00:00+00:00,1009537.3097758743,7.936507936506569e-05,0.0,80.11565032742435,0.0,-0.01217212354015107
2021-11-15 00:00:00+00:00,1009617.4317845866,7.93650793650885e-05,0.0,80.12200871237097,0.0,-0.011575173295196528
2021-11-16 00:00:00+00:00,1009697.5601521885,7.936507936502243e-05,0.0,80.12836760195133,0.0,-0.011755156825592472
2021-11-17 00:00:00+00:00,1009777.6948791847,7.936507936505845e-05,0.0,80.13472699620544,0.0,-0.011783467795014602
2021-11-18 00:00:00+00:00,1009857.8359660798,7.936507936504158e-05,0.0,80.14108689517339,0.0,-0.012133697486489403
2021-11-19 00:00:00+00:00,1009937.9834133787,7.936507936504742e-05,0.0,80.14744729889523,0.0,-0.011650441849012871
2021-11-22 00:00:00+00:00,1010018.1372215861,7.936507936503634e-05,0.0,80.153808207411,0.0,-0.011592994216892194
2021-11-23 00:00:00+00:00,1010098.2973912068,7.936507936508389e-05,0.0,80.1601696207608,0.0,-0.011637276726049528
2021-11-24 00:00:00+00:00,1010178.4639227458,7.936507936503517e-05,0.0,80.16653153898467,0.0,-0.011689854179864234
2021-11-26 00:00:00+00:00,1010258.6368167079,7.936507936508103e-05,0.0,80.17289396212269,0.0,-0.012268185041468094
2021-11-29 00:00:00+00:00,1010338.8160735981,7.936507936506653e-05,0.0,80.17925689021492,0.0,-0.011776946095436003
2021-11-30 00:00:00+00:00,1010419.0016939214,7.936507936506724e-05,0.0,80.18562032330144,0.0,-0.011716975939004115
2021-12-01 00:00:00+00:00,1010499.1936781828,7.93650793650435e-05,0.0,80.19198426142233,0.0,-0.011619708155685693
2021-12-02 00:00:00+00:00,1010579.3920268874,7.936507936507087e-05,0.0,80.19834870461769,0.0,-0.01214553406621377
2021-12-03 00:00:00+00:00,1010659.5967405403,7.936507936510964e-05,0.0,80.20471365292757,0.0,-0.008904257046754793
2021-12-06 00:00:00+00:00,1010214.0822401828,-0.000440815583995225,0.22817864734858473,61.90862357352522,0.0,-0.012255846898552747
2021-12-07 00:00:00+00:00,1010251.1143615696,3.665769665843969e-05,0.2282792764111299,61.87326527984605,3.322491272015017,-0.012016097655538793
2021-12-08 00:00:00+00:00,1010259.0827980541,7.8875799998435e-06,0.22827090852540924,61.876204337098976,3.3237380946968127,-0.011586224035935011
2021-12-09 00:00:00+00:00,1010224.5616041122,-3.4170634572596374e-05,0.22826910803455813,61.87683675269298,3.3009860699645586,-0.010808266548552048
2021-12-10 00:00:00+00:00,1010353.33441665,0.00012746949285550292,0.2282769084013765,61.87409697539599,3.3297801966402325,-0.011389102108412708
2021-12-13 00:00:00+00:00,1009082.5447068092,-0.0012577676210417056,0.0,80.18677257275,3.2766469006457273,-0.0082833908404778
2021-12-14 00:00:00+00:00,1008582.1292146491,-0.0004959113551067579,0.24629474512609045,60.36117591643325,0.0,-0.008018923355626484
2021-12-15 00:00:00+00:00,1007751.4363748641,-0.0008236243888555189,0.0,80.04620073132136,3.5211322410580688,-0.009095904439668345
2021-12-16 00:00:00+00:00,1007831.4166475922,7.936507936505065e-05,0.0,79.98027272816381,0.0,-0.008582823490320024
2021-12-17 00:00:00+00:00,1007911.4032679611,7.936507936512413e-05,0.0,79.98662036885652,0.0,-0.010701041631925534
2021-12-20 00:00:00+00:00,1007991.3962364744,7.936507936503059e-05,0.0,79.99296851333024,0.0,-0.011832778502937735
2021-12-21 00:00:00+00:00,1008071.395553636,7.936507936507688e-05,0.0,79.99931716162496,0.0,-0.01192475008959537
2021-12-22 00:00:00+00:00,1008151.4012199498,7.936507936510784e-05,0.0,80.00566631378064,0.0,-0.012018589465139229
2021-12-23 00:00:00+00:00,1008231.4132359197,7.936507936508378e-05,0.0,80.0120159698373,0.0,-0.011705804029429778
2021-12-27 00:00:00+00:00,1008311.4316020495,7.936507936508053e-05,0.0,80.01836612983489,0.0,-0.01221394063550818
2021-12-28 00:00:00+00:00,1008391.4563188433,7.936507936505841e-05,0.0,80.02471679381345,0.0,-0.012376168416838418
2021-12-29 00:00:00+00:00,1008471.4873868051,7.936507936509322e-05,0.0,80.03106796181297,0.0,-0.01208641009305289
2021-12-30 00:00:00+00:00,1008551.524806439,7.93650793650298e-05,0.0,80.03741963387343,0.0,-0.01251072788613694
2021-12-31 00:00:00+00:00,1008631.568578249,7.936507936505943e-05,0.0,80.04377181003484,0.0,-0.01191050492193213
2022-01-03 00:00:00+00:00,1008711.6187027392,7.936507936502696e-05,0.0,80.05012449033723,0.0,-0.012710833299646396
2022-01-04 00:00:00+00:00,1008791.6751804141,7.936507936512357e-05,0.0,80.05647767482057,0.0,-0.011794328504618257
2022-01-05 00:00:00+00:00,1008871.7380117776,7.936507936507876e-05,0.0,80.06283136352494,0.0,-0.011609065335255409
2022-01-06 00:00:00+00:00,1008951.8071973341,7.936507936508367e-05,0.0,80.06918555649028,0.0,-0.011778206583257678
2022-01-07 00:00:00+00:00,1009031.8827375879,7.936507936509864e-05,0.0,80.07554025375667,0.0,-0.01196853414208654
2022-01-10 00:00:00+00:00,1009111.9646330433,7.9365079365084e-05,0.0,80.08189545536412,0.0,-0.012526232975394791
2022-01-11 00:00:00+00:00,1009192.0528842047,7.936507936511544e-05,0.0,80.08825116135264,0.0,-0.012051631536125207
2022-01-12 00:00:00+00:00,1009272.1474915764,7.936507936503796e-05,0.0,80.09460737176228,0.0,-0.012466622172357056
2022-01-13 00:00:00+00:00,1009352.248455663,7.936507936504258e-05,0.0,80.10096408663304,0.0,-0.012384765073278459
2022-01-14 00:00:00+00:00,1009432.355776969,7.936507936508964e-05,0.0,80.107321306005,0.0,-0.011287129602253643
2022-01-18 00:00:00+00:00,1009512.4694559989,7.936507936502411e-05,0.0,80.11367902991817,0.0,-0.012230880932619037
2022-01-19 00:00:00+00:00,1009592.5894932572,7.936507936503701e-05,0.0,80.12003725841261,0.0,-0.012048317283562149
2022-01-20 00:00:00+00:00,1009672.7158892488,7.936507936508865e-05,0.0,80.12639599152836,0.0,-0.011616880185118639
2022-01-21 00:00:00+00:00,1009752.848644478,7.936507936502404e-05,0.0,80.13275522930546,0.0,-0.01388381919353776
2022-01-24 00:00:00+00:00,1009832.9877594498,7.936507936503414e-05,0.0,80.13911497178397,0.0,-0.011335776301462985
2022-01-25 00:00:00+00:00,1009913.1332346688,7.936507936507927e-05,0.0,80.14547521900394,0.0,-0.012026959467897669
2022-01-26 00:00:00+00:00,1009993.2850706398,7.936507936511975e-05,0.0,80.15183597100545,0.0,-0.01218169487859111
2022-01-27 00:00:00+00:00,1010073.4432678677,7.93650793651159e-05,0.0,80.15819722782855,0.0,-0.01436310347834091
2022-01-28 00:00:00+00:00,1010153.6078268571,7.936507936502808e-05,0.0,80.16455898951331,0.0,-0.010125358806312157
2022-01-31 00:00:00+00:00,1010233.7787481132,7.936507936504715e-05,0.0,80.17092125609977,0.0,-0.011974704774027956
2022-02-01 00:00:00+00:00,1010313.9560321409,7.93650793651334e-05,0.0,80.17728402762803,0.0,-0.011672080948940788
2022-02-02 00:00:00+00:00,1010394.1396794451,7.936507936513191e-05,0.0,80.18364730413816,0.0,-0.01216819805792646
2022-02-03 00:00:00+00:00,1010474.3296905308,7.936507936511827e-05,0.0,80.19001108567025,0.0,-0.0120451088779161
2022-02-04 00:00:00+00:00,1010554.526065903,7.936507936505282e-05,0.0,80.19637537226434,0.0,-0.0115772789951194
2022-02-07 00:00:00+00:00,1010634.728806067,7.936507936512631e-05,0.0,80.20274016396056,0.0,-0.012156622733166422
2022-02-08 00:00:00+00:00,1010714.9379115278,7.936507936506863e-05,0.0,80.20910546079897,0.0,-0.011864419018339234
2022-02-09 00:00:00+00:00,1010795.1533827906,7.936507936507054e-05,0.0,80.21547126281966,0.0,-0.012636071585045094
2022-02-10 00:00:00+00:00,1010875.3752203607,7.936507936509235e-05,0.0,80.22183757006275,0.0,-0.0120021167044575
2022-02-11 00:00:00+00:00,1010955.6034247433,7.93650793650944e-05,0.0,80.22820438256831,0.0,-0.012482808965222247
2022-02-14 00:00:00+00:00,1011035.8379964436,7.9365079365037e-05,0.0,80.23457170037645,0.0,-0.011833733828643389
2022-02-15 00:00:00+00:00,1011116.0789359672,7.936507936511081e-05,0.0,80.24093952352727,0.0,-0.012494793170009011
2022-02-16 00:00:00+00:00,1011196.3262438192,7.936507936504586e-05,0.0,80.24730785206089,0.0,-0.012689092159035908
2022-02-17 00:00:00+00:00,1011276.5799205052,7.936507936503277e-05,0.0,80.2536766860174,0.0,-0.012419297903046633
2022-02-18 00:00:00+00:00,1011356.8399665306,7.936507936503185e-05,0.0,80.26004602543692,0.0,-0.011377027082161817
2022-02-22 00:00:00+00:00,1011437.106382401,7.936507936511857e-05,0.0,80.26641587035957,0.0,-0.012302716055019758
2022-02-23 00:00:00+00:00,1011517.3791686217,7.9365079365023e-05,0.0,80.27278622082547,0.0,-0.012979179175220068
2022-02-24 00:00:00+00:00,1011597.6583256986,7.936507936505082e-05,0.0,80.27915707687474,0.0,-0.010337728387877831
2022-02-25 00:00:00+00:00,1011677.9438541371,7.936507936504726e-05,0.0,80.2855284385475,0.0,-0.011436069000819948
2022-02-28 00:00:00+00:00,1011758.235754443,7.936507936508771e-05,0.0,80.2919003058839,0.0,-0.012077276419026894
2022-03-01 00:00:00+00:00,1011838.534027122,7.93650793651325e-05,0.0,80.29827267892405,0.0,-0.011082474159455735
2022-03-02 00:00:00+00:00,1011918.8386726796,7.936507936502692e-05,0.0,80.3046455577081,0.0,-0.011463715211870174
2022-03-03 00:00:00+00:00,1011999.1496916219,7.936507936507646e-05,0.0,80.31101894227616,0.0,-0.01098554536784846
2022-03-04 00:00:00+00:00,1012079.4670844546,7.936507936512639e-05,0.0,80.3173928326684,0.0,-0.016043193249377197
2022-03-07 00:00:00+00:00,1011753.359491564,-0.0003222154025415166,0.25000000000000006,60.24282542169373,0.0,-0.010866219012419798
2022-03-08 00:00:00+00:00,1010749.1689150142,-0.0009925250725674598,0.0,80.29788567393365,3.6557531671154404,-0.011114601651761369
2022-03-09 00:00:00+00:00,1010829.3871030234,7.936507936505988e-05,0.0,80.21818800912811,0.0,-0.012249113660459443
2022-03-10 00:00:00+00:00,1010909.6116575553,7.936507936506822e-05,0.0,80.22455453198599,0.0,-0.011390112892067705
2022-03-11 00:00:00+00:00,1010989.8425791154,7.936507936503987e-05,0.0,80.23092156012343,0.0,-0.012401251733003882
2022-03-14 00:00:00+00:00,1011070.079868209,7.936507936505032e-05,0.0,80.23728909358059,0.0,-0.012110315249801218
2022-03-15 00:00:00+00:00,1011150.3235253413,7.936507936505989e-05,0.0,80.24365713239753,0.0,-0.012193288270548663
2022-03-16 00:00:00+00:00,1011230.5735510179,7.936507936502892e-05,0.0,80.2500256766144,0.0,-0.011606558679266854
2022-03-17 00:00:00+00:00,1011310.8299457441,7.936507936503287e-05,0.0,80.25639472627127,0.0,-0.011841582961607422
2022-03-18 00:00:00+00:00,1011391.0927100255,7.936507936503207e-05,0.0,80.26276428140827,0.0,-0.01443396076501191
2022-03-21 00:00:00+00:00,1010957.8440299043,-0.0004283690881242169,0.22504755781324348,62.20476169060052,0.0,-0.01537485524456983
2022-03-22 00:00:00+00:00,1011062.9289246559,0.00010394587209755049,0.22514400254431002,62.17037687471789,3.4098491199187606,-0.014929059318547822
2022-03-23 00:00:00+00:00,1010209.8264652633,-0.0008437679149209512,0.0,80.24308959719491,3.3644101902805206,-0.01516439771956346
2022-03-24 00:00:00+00:00,1009950.7945312976,-0.0002564139916080435,0.22706819439029086,61.97010358844975,0.0,-0.011898887528198898
2022-03-25 00:00:00+00:00,1010015.422048253,6.39907580699144e-05,0.22712643278552108,61.94954549845248,3.446518650407755,-0.011836583852710802
2022-03-28 00:00:00+00:00,1010067.2605207107,5.132443656414038e-05,0.22711189972289111,61.95467466646481,3.4684370328590655,-0.011883508688832478
2022-03-29 00:00:00+00:00,1010137.8794981422,6.991512366714586e-05,0.22710024393082778,61.95878883094558,3.509561345163572,-0.011762938015868585
2022-03-30 00:00:00+00:00,1010172.4656858719,3.423907610207782e-05,0.2270843672992052,61.96439351169411,3.49140368167616,-0.011972223747946487
2022-03-31 00:00:00+00:00,1009278.3023686617,-0.0008851590669748177,0.0,80.17241791157713,3.448003550625022,-0.011988567457382082
2022-04-01 00:00:00+00:00,1009358.4038212306,7.936507936503357e-05,0.0,80.10145256894141,0.0,-0.011504119314772687
2022-04-04 00:00:00+00:00,1009438.5116310577,7.936507936507851e-05,0.0,80.1078098270818,0.0,-0.01227281214995024
2022-04-05 00:00:00+00:00,1009518.6257986475,7.936507936512314e-05,0.0,80.11416758976648,0.0,-0.01215638642991923
2022-04-06 00:00:00+00:00,1009598.7463245046,7.936507936512782e-05,0.0,80.12052585703552,0.0,-0.013230346997191944
2022-04-07 00:00:00+00:00,1009678.8732091335,7.936507936505287e-05,0.0,80.12688462892893,0.0,-0.011305466588295232
2022-04-08 00:00:00+00:00,1009759.006453039,7.936507936508927e-05,0.0,80.1332439054868,0.0,-0.012074411139599839
2022-04-11 00:00:00+00:00,1009839.1460567258,7.936507936508201e-05,0.0,80.13960368674913,0.0,-0.012197517751735276
2022-04-12 00:00:00+00:00,1009919.2920206985,7.936507936510673e-05,0.0,80.14596397275601,0.0,-0.009359882155001387
2022-04-13 00:00:00+00:00,1009999.4443454621,7.936507936512375e-05,0.0,80.1523247635475,0.0,-0.011947091335534843
2022-04-14 00:00:00+00:00,1010079.6030315213,7.936507936509342e-05,0.0,80.15868605916366,0.0,-0.012234899395179077
2022-04-18 00:00:00+00:00,1010159.768079381,7.936507936509132e-05,0.0,80.16504785964455,0.0,-0.00981340738534442
2022-04-19 00:00:00+00:00,1010239.939489546,7.936507936507779e-05,0.0,80.17141016503024,0.0,-0.012034457144395994
2022-04-20 00:00:00+00:00,1010320.1172625214,7.93650793651284e-05,0.0,80.1777729753608,0.0,-0.011634818568215799
2022-04-21 00:00:00+00:00,1010400.3013988121,7.936507936508824e-05,0.0,80.1841362906763,0.0,-0.01319869726692513
2022-04-22 00:00:00+00:00,1010480.4918989231,7.93650793650329e-05,0.0,80.19050011101683,0.0,-0.012906468060977616
2022-04-25 00:00:00+00:00,1010560.6887633594,7.93650793650379e-05,0.0,80.19686443642246,0.0,-0.011797226952467987
2022-04-26 00:00:00+00:00,1010640.8919926264,7.936507936506358e-05,0.0,80.20322926693329,0.0,-0.011593604798673773
2022-04-27 00:00:00+00:00,1010721.101587229,7.936507936507024e-05,0.0,80.20959460258939,0.0,-0.011377842984545694
2022-04-28 00:00:00+00:00,1010801.3175476724,7.936507936513344e-05,0.0,80.21596044343087,0.0,-0.011710656682134335
2022-04-29 00:00:00+00:00,1010881.539874462,7.93650793650983e-05,0.0,80.22232678949781,0.0,-0.011277926422322615
2022-05-02 00:00:00+00:00,1010961.7685681027,7.936507936504036e-05,0.0,80.22869364083031,0.0,-0.011611518133549659
2022-05-03 00:00:00+00:00,1011042.0036291002,7.936507936503509e-05,0.0,80.23506099746847,0.0,-0.012739101172757117
2022-05-04 00:00:00+00:00,1011122.2450579596,7.936507936504284e-05,0.0,80.2414288594524,0.0,-0.011729016557275429
2022-05-05 00:00:00+00:00,1011202.4928551863,7.936507936502392e-05,0.0,80.24779722682219,0.0,-0.011730236961037477
2022-05-06 00:00:00+00:00,1011282.7470212859,7.93650793650538e-05,0.0,80.25416609961796,0.0,-0.011025484318722079
2022-05-09 00:00:00+00:00,1011363.0075567638,7.936507936509281e-05,0.0,80.26053547787984,0.0,-0.010366410317638852
2022-05-10 00:00:00+00:00,1011443.2744621255,7.936507936510127e-05,0.0,80.26690536164793,0.0,-0.013725247826007703
2022-05-11 00:00:00+00:00,1011523.5477378764,7.936507936503952e-05,0.0,80.27327575096234,0.0,-0.010009261827456761
2022-05-12 00:00:00+00:00,1011603.8273845223,7.936507936509811e-05,0.0,80.27964664586321,0.0,-0.011681132875130729
2022-05-13 00:00:00+00:00,1011684.1134025687,7.936507936512225e-05,0.0,80.28601804639065,0.0,-0.01147680029960263
2022-05-16 00:00:00+00:00,1011764.4057925213,7.936507936507228e-05,0.0,80.29238995258483,0.0,-0.010586630156399046
2022-05-17 00:00:00+00:00,1011844.7045548857,7.936507936502362e-05,0.0,80.29876236448582,0.0,-0.011700280999385804
2022-05-18 00:00:00+00:00,1011925.0096901678,7.936507936505166e-05,0.0,80.30513528213379,0.0,-0.012124023058181166
2022-05-19 00:00:00+00:00,1012005.3211988735,7.936507936511673e-05,0.0,80.31150870556888,0.0,-0.011425506557533716
2022-05-20 00:00:00+00:00,1012085.6390815083,7.936507936506408e-05,0.0,80.31788263483122,0.0,-0.0104800662840292
2022-05-23 00:00:00+00:00,1012165.9633385782,7.936507936508416e-05,0.0,80.32425706996098,0.0,-0.01129739983004896
2022-05-24 00:00:00+00:00,1012246.2939705892,7.936507936502225e-05,0.0,80.33063201099827,0.0,-0.010836385447398733
2022-05-25 00:00:00+00:00,1012326.6309780471,7.936507936506873e-05,0.0,80.33700745798326,0.0,-0.012438910197028363
2022-05-26 00:00:00+00:00,1012406.9743614581,7.93650793650689e-05,0.0,80.34338341095612,0.0,-0.012015888908122996
2022-05-27 00:00:00+00:00,1012487.3241213281,7.936507936509811e-05,0.0,80.349759869957,0.0,-0.009701216581847305
2022-05-31 00:00:00+00:00,1012567.6802581631,7.936507936511668e-05,0.0,80.35613683502604,0.0,-0.010500968027004731
2022-06-01 00:00:00+00:00,1012648.0427724693,7.936507936508492e-05,0.0,80.36251430620342,0.0,-0.01174752393220757
2022-06-02 00:00:00+00:00,1012728.4116647529,7.936507936507817e-05,0.0,80.36889228352932,0.0,-0.01215705400362932
2022-06-03 00:00:00+00:00,1012808.7869355199,7.936507936505677e-05,0.0,80.37527076704387,0.0,-0.012730099366815573
2022-06-06 00:00:00+00:00,1012889.1685852767,7.936507936509597e-05,0.0,80.3816497567873,0.0,-0.011190129829528495
2022-06-07 00:00:00+00:00,1012969.5566145295,7.936507936504116e-05,0.0,80.38802925279974,0.0,-0.013002042807164216
2022-06-08 00:00:00+00:00,1013049.9510237846,7.936507936508256e-05,0.0,80.39440925512139,0.0,-0.011893827972727422
2022-06-09 00:00:00+00:00,1013130.3518135484,7.936507936506557e-05,0.0,80.40078976379243,0.0,-0.008889721102291581
2022-06-10 00:00:00+00:00,1012503.0589953569,-0.000619162990298908,0.21511822226347044,63.11012314367091,0.0,-0.008100036455986448
2022-06-13 00:00:00+00:00,1011715.2586745318,-0.0007780720402037685,0.0,80.35738563455213,2.851703964340327,-0.008343754440587325
2022-06-14 00:00:00+00:00,1011795.5535363314,7.936507936508495e-05,0.0,80.29486179956602,0.0,-0.0056510248627050785
2022-06-15 00:00:00+00:00,1011150.5088262123,-0.0006375247527671372,0.25000000000000006,60.225925805734015,0.0,-0.008112856963358617
2022-06-16 00:00:00+00:00,1009904.031891651,-0.0012327313527322832,0.0,80.25004038303273,3.444561230248064,-0.005972817216161275
2022-06-17 00:00:00+00:00,1009984.1830052931,7.936507936503212e-05,0.0,80.15111364219452,0.0,-0.012722531388079439
2022-06-21 00:00:00+00:00,1010064.3404801348,7.936507936507912e-05,0.0,80.15747484168993,0.0,-0.013615194985338697
2022-06-22 00:00:00+00:00,1010144.5043166808,7.936507936504665e-05,0.0,80.16383654604245,0.0,-0.012519891643989922
2022-06-23 00:00:00+00:00,1010224.6745154362,7.936507936512555e-05,0.0,80.17019875529213,0.0,-0.01197469466805412
2022-06-24 00:00:00+00:00,1010304.8510769056,7.936507936504566e-05,0.0,80.17656146947905,0.0,-0.010791947285632375
2022-06-27 00:00:00+00:00,1010385.0340015943,7.936507936511302e-05,0.0,80.1829246886433,0.0,-0.012333242596409555
2022-06-28 00:00:00+00:00,1010465.2232900071,7.93650793650575e-05,0.0,80.18928841282495,0.0,-0.01256439107921814
2022-06-29 00:00:00+00:00,1010545.4189426492,7.936507936506989e-05,0.0,80.19565264206406,0.0,-0.012261448066418268
2022-06-30 00:00:00+00:00,1010625.6209600256,7.936507936511051e-05,0.0,80.20201737640073,0.0,-0.009431442110082955
2022-07-01 00:00:00+00:00,1010705.8293426414,7.936507936502448e-05,0.0,80.20838261587505,0.0,-0.012538864769600089
2022-07-05 00:00:00+00:00,1010786.044091002,7.936507936511772e-05,0.0,80.2147483605271,0.0,-0.015831285155192276
2022-07-06 00:00:00+00:00,1010506.7320199591,-0.0002763315467953643,0.21315429897825158,63.121639162363834,0.0,-0.011994270409188879
2022-07-07 00:00:00+00:00,1009535.8428408082,-0.000960794370177186,0.0,80.19894698571105,3.2244111132101017,-0.013213303614243443
2022-07-08 00:00:00+00:00,1009615.9647330971,7.936507936503604e-05,0.0,80.12189228895303,0.0,-0.013436675903326645
2022-07-11 00:00:00+00:00,1009696.0929842665,7.936507936512802e-05,0.0,80.12825116929342,0.0,-0.012217151997768738
2022-07-12 00:00:00+00:00,1009776.2275948208,7.936507936509219e-05,0.0,80.13461055430686,0.0,-0.012857365935034615
2022-07-13 00:00:00+00:00,1009856.3685652649,7.936507936511948e-05,0.0,80.1409704440334,0.0,-0.013088793463207793
2022-07-14 00:00:00+00:00,1009936.5158961033,7.936507936505494e-05,0.0,80.14733083851308,0.0,-0.01137368864459809
2022-07-15 00:00:00+00:00,1010016.6695878411,7.936507936508946e-05,0.0,80.15369173778598,0.0,-0.01270537030003105
2022-07-18 00:00:00+00:00,1010096.829640983,7.93650793650681e-05,0.0,80.16005314189215,0.0,-0.010646092209086078
2022-07-19 00:00:00+00:00,1010176.9960560339,7.936507936506646e-05,0.0,80.16641505087166,0.0,-0.012499213213725824
2022-07-20 00:00:00+00:00,1010257.1688334986,7.936507936504486e-05,0.0,80.1727774647646,0.0,-0.01276579479537876
2022-07-21 00:00:00+00:00,1010337.3479738822,7.936507936507888e-05,0.0,80.179140383611,0.0,-0.012888332986074502
2022-07-22 00:00:00+00:00,1010417.5334776897,7.936507936512882e-05,0.0,80.18550380745097,0.0,-0.015617542351378688
2022-07-25 00:00:00+00:00,1010497.725345426,7.936507936503982e-05,0.0,80.19186773632458,0.0,-0.012614292020431073
2022-07-26 00:00:00+00:00,1010577.9235775963,7.936507936511785e-05,0.0,80.19823217027191,0.0,-0.012666824612811212
2022-07-27 00:00:00+00:00,1010658.1281747057,7.936507936509284e-05,0.0,80.20459710933304,0.0,-0.012777960527638577
2022-07-28 00:00:00+00:00,1010738.3391372592,7.936507936504029e-05,0.0,80.21096255354807,0.0,-0.012847908580097211
2022-07-29 00:00:00+00:00,1010818.5564657621,7.936507936503577e-05,0.0,80.21732850295707,0.0,-0.01383144976693007
2022-08-01 00:00:00+00:00,1010898.7801607196,7.936507936503956e-05,0.0,80.22369495760016,0.0,-0.013532282781696381
2022-08-02 00:00:00+00:00,1010979.0102226372,7.936507936512718e-05,0.0,80.23006191751743,0.0,-0.013677560539683498
2022-08-03 00:00:00+00:00,1011059.2466520199,7.936507936502861e-05,0.0,80.23642938274898,0.0,-0.013106123622612209
2022-08-04 00:00:00+00:00,1011139.4894493732,7.93650793650497e-05,0.0,80.24279735333491,0.0,-0.012812179093288911
2022-08-05 00:00:00+00:00,1011219.7386152025,7.936507936503559e-05,0.0,80.24916582931533,0.0,-0.01321283153088526
2022-08-08 00:00:00+00:00,1011299.9941500132,7.936507936506177e-05,0.0,80.25553481073035,0.0,-0.013342994340628245
2022-08-09 00:00:00+00:00,1011380.2560543108,7.936507936508854e-05,0.0,80.26190429762009,0.0,-0.01298289307837397
2022-08-10 00:00:00+00:00,1011460.5243286008,7.936507936507623e-05,0.0,80.26827429002466,0.0,-0.01282790153684843
2022-08-11 00:00:00+00:00,1011540.7989733889,7.936507936510032e-05,0.0,80.2746447879842,0.0,-0.013583863327782275
2022-08-12 00:00:00+00:00,1011621.0799891804,7.93650793651211e-05,0.0,80.28101579153879,0.0,-0.01266838475879517
2022-08-15 00:00:00+00:00,1011701.3673764812,7.936507936509891e-05,0.0,80.28738730072861,0.0,-0.012632360025409461
2022-08-16 00:00:00+00:00,1011781.6611357968,7.936507936510917e-05,0.0,80.29375931559375,0.0,-0.012970337869796289
2022-08-17 00:00:00+00:00,1011861.961267633,7.936507936511222e-05,0.0,80.30013183617434,0.0,-0.014198022176499236
2022-08-18 00:00:00+00:00,1011942.2677724955,7.936507936506836e-05,0.0,80.30650486251055,0.0,-0.012897080904830993
2022-08-19 00:00:00+00:00,1012022.5806508901,7.936507936505302e-05,0.0,80.3128783946425,0.0,-0.012883246946750582
2022-08-22 00:00:00+00:00,1012102.8999033227,7.93650793650265e-05,0.0,80.31925243261033,0.0,-0.011969902112878295
2022-08-23 00:00:00+00:00,1012183.2255302991,7.936507936506416e-05,0.0,80.32562697645419,0.0,-0.012979332438058044
2022-08-24 00:00:00+00:00,1012263.5575323254,7.936507936512634e-05,0.0,80.33200202621421,0.0,-0.012600206839277206
2022-08-25 00:00:00+00:00,1012343.8959099073,7.936507936505833e-05,0.0,80.33837758193059,0.0,-0.013266724355307069
2022-08-26 00:00:00+00:00,1012424.2406635509,7.936507936505053e-05,0.0,80.34475364364343,0.0,-0.012991060459103032
2022-08-29 00:00:00+00:00,1012504.5917937623,7.936507936506322e-05,0.0,80.35113021139293,0.0,-0.010498062339219238
2022-08-30 00:00:00+00:00,1012584.9493010475,7.936507936505676e-05,0.0,80.35750728521923,0.0,-0.013099069854181522
2022-08-31 00:00:00+00:00,1012665.3131859127,7.936507936510643e-05,0.0,80.3638848651625,0.0,-0.01298006299278498
2022-09-01 00:00:00+00:00,1012745.6834488639,7.93650793650576e-05,0.0,80.37026295126292,0.0,-0.009067324168351654
2022-09-02 00:00:00+00:00,1012826.0600904075,7.936507936510055e-05,0.0,80.37664154356062,0.0,-0.011943691082791474
2022-09-06 00:00:00+00:00,1012906.4431110496,7.936507936508063e-05,0.0,80.38302064209583,0.0,-0.012780298348351593
2022-09-07 00:00:00+00:00,1012986.8325112965,7.936507936507312e-05,0.0,80.38940024690869,0.0,-0.01293280915059647
2022-09-08 00:00:00+00:00,1013067.2282916545,7.936507936503836e-05,0.0,80.3957803580394,0.0,-0.01185469015029117
2022-09-09 00:00:00+00:00,1013147.63045263,7.936507936505161e-05,0.0,80.40216097552813,0.0,-0.013235752752598806
2022-09-12 00:00:00+00:00,1013228.0389947294,7.936507936507317e-05,0.0,80.40854209941507,0.0,-0.013832796492157406
2022-09-13 00:00:00+00:00,1013308.4539184591,7.93650793650634e-05,0.0,80.41492372974042,0.0,-0.011857985094602341
2022-09-14 00:00:00+00:00,1013388.8752243257,7.936507936509751e-05,0.0,80.42130586654437,0.0,-0.012048205098298403
2022-09-15 00:00:00+00:00,1013469.3029128356,7.936507936513582e-05,0.0,80.42768850986712,0.0,-0.011677596769954945
2022-09-16 00:00:00+00:00,1013549.7369844953,7.936507936502381e-05,0.0,80.43407165974885,0.0,-0.015146934583579963
2022-09-19 00:00:00+00:00,1013630.1774398115,7.936507936506644e-05,0.0,80.44045531622979,0.0,-0.015720573353294576
2022-09-20 00:00:00+00:00,1013710.6242792909,7.936507936510913e-05,0.0,80.44683947935012,0.0,-0.01690376684595396
2022-09-21 00:00:00+00:00,1013234.3285321464,-0.00046985375879149427,0.25000000000000006,60.33991811186255,0.0,-0.016786133159119032
2022-09-22 00:00:00+00:00,1012271.9217924009,-0.0009498362941766319,0.0,80.4154228993767,3.6487561019400596,-0.016684416234276966
2022-09-23 00:00:00+00:00,1012352.260833813,7.936507936509339e-05,0.0,80.33904141209531,0.0,-0.017615134043010627
2022-09-26 00:00:00+00:00,1011851.6278256099,-0.0004945245124367866,0.24655373341057957,60.535954872904405,0.0,-0.011507641808032432
2022-09-27 00:00:00+00:00,1010858.0513933346,-0.0009819388583782334,0.0,80.30568474806428,3.6405025356046083,-0.011739691407701258
2022-09-28 00:00:00+00:00,1010938.2782228102,7.936507936502526e-05,0.0,80.22682947566148,0.0,-0.01128098433925917
2022-09-29 00:00:00+00:00,1011018.5114194946,7.936507936512105e-05,0.0,80.23319668435002,0.0,-0.011651691219860538
2022-09-30 00:00:00+00:00,1011098.750983893,7.93650793651263e-05,0.0,80.2395643983726,0.0,-0.011287102400194371
2022-10-03 00:00:00+00:00,1011178.9969165109,7.93650793651165e-05,0.0,80.24593261776928,0.0,-0.008962531655303252
2022-10-04 00:00:00+00:00,1011259.2492178534,7.936507936505198e-05,0.0,80.25230134258022,0.0,-0.011364613607563356
2022-10-05 00:00:00+00:00,1011339.5078884263,7.936507936512333e-05,0.0,80.2586705728455,0.0,-0.011327405324830231
2022-10-06 00:00:00+00:00,1011419.7729287349,7.936507936506064e-05,0.0,80.26504030860526,0.0,-0.013434740928225608
2022-10-07 00:00:00+00:00,1011500.0443392848,7.936507936505447e-05,0.0,80.2714105498996,0.0,-0.013707002519101508
2022-10-10 00:00:00+00:00,1011580.3221205815,7.936507936506515e-05,0.0,80.27778129676864,0.0,-0.011625358733173385
2022-10-11 00:00:00+00:00,1011660.6062731307,7.9365079365053e-05,0.0,80.2841525492525,0.0,-0.01078345394716429
2022-10-12 00:00:00+00:00,1011740.8967974382,7.936507936509345e-05,0.0,80.29052430739132,0.0,-0.010368760442362124
2022-10-13 00:00:00+00:00,1011821.1936940093,7.936507936503173e-05,0.0,80.29689657122525,0.0,-0.012047196817960959
2022-10-14 00:00:00+00:00,1011901.4969633501,7.936507936505833e-05,0.0,80.30326934079439,0.0,-0.013225123837507624
2022-10-17 00:00:00+00:00,1011981.8066059663,7.936507936513356e-05,0.0,80.3096426161389,0.0,-0.011849485628251166
2022-10-18 00:00:00+00:00,1012062.1226223636,7.93650793651027e-05,0.0,80.31601639729891,0.0,-0.012824444959981918
2022-10-19 00:00:00+00:00,1012142.4450130479,7.936507936504115e-05,0.0,80.32239068431457,0.0,-0.009778365345963103
2022-10-20 00:00:00+00:00,1012222.7737785251,7.936507936502425e-05,0.0,80.32876547722603,0.0,-0.01135108212096636
2022-10-21 00:00:00+00:00,1012303.1089193012,7.936507936512735e-05,0.0,80.33514077607342,0.0,-0.0096475815237822
2022-10-24 00:00:00+00:00,1012383.4504358821,7.936507936508075e-05,0.0,80.34151658089692,0.0,-0.011088309276672703
2022-10-25 00:00:00+00:00,1012463.7983287738,7.93650793650748e-05,0.0,80.34789289173668,0.0,-0.012695249431864397
2022-10-26 00:00:00+00:00,1012544.1525984824,7.936507936506982e-05,0.0,80.35426970863284,0.0,-0.011967608763310267
2022-10-27 00:00:00+00:00,1012624.513245514,7.936507936502616e-05,0.0,80.36064703162559,0.0,-0.011652832303338911
2022-10-28 00:00:00+00:00,1012704.8802703748,7.936507936513408e-05,0.0,80.36702486075508,0.0,-0.011581413309273536
2022-10-31 00:00:00+00:00,1012785.2536735709,7.936507936512397e-05,0.0,80.37340319606149,0.0,-0.010704356670801829
2022-11-01 00:00:00+00:00,1012865.6334556085,7.936507936507114e-05,0.0,80.37978203758499,0.0,-0.012376223517935436
2022-11-02 00:00:00+00:00,1012946.0196169938,7.936507936505086e-05,0.0,80.38616138536575,0.0,-0.010719380222872665
2022-11-03 00:00:00+00:00,1013026.4121582332,7.936507936502349e-05,0.0,80.39254123944396,0.0,-0.011682637366312143
2022-11-04 00:00:00+00:00,1013106.8110798331,7.936507936506425e-05,0.0,80.39892159985978,0.0,-0.01007169013854714
2022-11-07 00:00:00+00:00,1013187.2163822998,7.936507936513347e-05,0.0,80.40530246665342,0.0,-0.011081402395917372
2022-11-08 00:00:00+00:00,1013267.6280661396,7.936507936507657e-05,0.0,80.41168383986506,0.0,-0.009551486948831567
2022-11-09 00:00:00+00:00,1013348.0461318592,7.936507936508372e-05,0.0,80.4180657195349,0.0,-0.011624097379231202
2022-11-10 00:00:00+00:00,1013428.4705799649,7.936507936511521e-05,0.0,80.4244481057031,0.0,-0.011894470672837443
2022-11-11 00:00:00+00:00,1013508.9014109634,7.936507936513138e-05,0.0,80.43083099840992,0.0,-0.01127130924288089
2022-11-14 00:00:00+00:00,1013589.3386253611,7.936507936509257e-05,0.0,80.43721439769551,0.0,-0.01136390636736806
2022-11-15 00:00:00+00:00,1013669.7822236647,7.936507936507397e-05,0.0,80.44359830360008,0.0,-0.01019639469495992
2022-11-16 00:00:00+00:00,1013750.2322063808,7.936507936503594e-05,0.0,80.44998271616386,0.0,-0.01163892530767452
2022-11-17 00:00:00+00:00,1013830.6885740162,7.936507936505364e-05,0.0,80.45636763542704,0.0,-0.012589511258500607
2022-11-18 00:00:00+00:00,1013911.1513270776,7.936507936508737e-05,0.0,80.46275306142986,0.0,-0.01131326083910622
2022-11-21 00:00:00+00:00,1013991.6204660719,7.936507936509748e-05,0.0,80.46913899421251,0.0,-0.011979309476121358
2022-11-22 00:00:00+00:00,1014072.0959915057,7.936507936504432e-05,0.0,80.47552543381524,0.0,-0.01138801050723881
2022-11-23 00:00:00+00:00,1014152.577903886,7.936507936511783e-05,0.0,80.48191238027823,0.0,-0.011119523542823195
2022-11-25 00:00:00+00:00,1014233.0662037196,7.936507936504871e-05,0.0,80.48829983364175,0.0,-0.012687829687978436
2022-11-28 00:00:00+00:00,1014313.5608915135,7.936507936502692e-05,0.0,80.494687793946,0.0,-0.011588445751884002
2022-11-29 00:00:00+00:00,1014394.0619677748,7.936507936512756e-05,0.0,80.50107626123123,0.0,-0.012858903229780339
2022-11-30 00:00:00+00:00,1014474.5694330103,7.936507936508137e-05,0.0,80.50746523553768,0.0,-0.011431525554018052
2022-12-01 00:00:00+00:00,1014555.0832877272,7.936507936507827e-05,0.0,80.51385471690558,0.0,-0.012272307429867624
2022-12-02 00:00:00+00:00,1014635.6035324326,7.936507936507855e-05,0.0,80.52024470537518,0.0,-0.012354818855693672
2022-12-05 00:00:00+00:00,1014716.1301676335,7.936507936504258e-05,0.0,80.52663520098672,0.0,-0.011783922182937445
2022-12-06 00:00:00+00:00,1014796.6631938373,7.93650793650454e-05,0.0,80.53302620378044,0.0,-0.010792924611251031
2022-12-07 00:00:00+00:00,1014877.202611551,7.936507936504735e-05,0.0,80.53941771379661,0.0,-0.011533521816808445
2022-12-08 00:00:00+00:00,1014957.7484212822,7.936507936512348e-05,0.0,80.54580973107548,0.0,-0.012471263340287031
2022-12-09 00:00:00+00:00,1015038.3006235379,7.936507936511937e-05,0.0,80.55220225565732,0.0,-0.011891317888137465
2022-12-12 00:00:00+00:00,1015118.8592188255,7.93650793651101e-05,0.0,80.55859528758236,0.0,-0.010869901285905925
2022-12-13 00:00:00+00:00,1015199.4242076523,7.9365079365056e-05,0.0,80.56498882689091,0.0,-0.00804346166420622
2022-12-14 00:00:00+00:00,1015279.9955905259,7.936507936503208e-05,0.0,80.57138287362321,0.0,-0.008690486155565225
2022-12-15 00:00:00+00:00,1015360.5733679538,7.936507936511334e-05,0.0,80.57777742781951,0.0,-0.0071996374677061326
2022-12-16 00:00:00+00:00,1015564.348285462,0.00020069217069589447,0.22745157447732384,62.25517557882654,0.0,-0.013096844123632323
2022-12-19 00:00:00+00:00,1015560.844832609,-3.449759593256292e-06,0.22740593588642166,62.27134819132719,3.2430376539219563,-0.012597181370524346
2022-12-20 00:00:00+00:00,1015615.274372188,5.359554757948021e-05,0.22740672038493687,62.27107013951347,3.252219842347696,-0.0125332228178614
2022-12-21 00:00:00+00:00,1015662.294796804,4.62974768127696e-05,0.22739453305042145,62.27538994424196,3.2921124822958383,-0.012329850963220146
2022-12-22 00:00:00+00:00,1014659.6112431455,-0.0009872214010455368,0.0,80.60811863466698,3.233146844221906,-0.011444306474955646
2022-12-23 00:00:00+00:00,1014740.1397837204,7.936507936505599e-05,0.0,80.52854057485283,0.0,-0.01140164451878789
2022-12-27 00:00:00+00:00,1014820.6747154492,7.936507936506211e-05,0.0,80.5349317288667,0.0,-0.011935508879721723
2022-12-28 00:00:00+00:00,1014901.2160388393,7.936507936505554e-05,0.0,80.54132339011501,0.0,-0.011653463488864979
2022-12-29 00:00:00+00:00,1014981.763754398,7.936507936511131e-05,0.0,80.54771555863805,0.0,-0.01194977280390308
2022-12-30 00:00:00+00:00,1015062.3178626325,7.936507936507504e-05,0.0,80.55410823447603,0.0,-0.01119229402495403
2023-01-03 00:00:00+00:00,1015142.8783640502,7.936507936513648e-05,0.0,80.56050141766924,0.0,-0.011050166017175123
2023-01-04 00:00:00+00:00,1015223.4452591584,7.936507936502655e-05,0.0,80.56689510825795,0.0,-0.010980556787398399
2023-01-05 00:00:00+00:00,1015304.0185484646,7.936507936504967e-05,0.0,80.5732893062824,0.0,-0.012077640393268751
2023-01-06 00:00:00+00:00,1015384.5982324764,7.936507936505146e-05,0.0,80.5796840117829,0.0,-0.012036170959744297
2023-01-09 00:00:00+00:00,1015465.1843117012,7.936507936510693e-05,0.0,80.58607922479972,0.0,-0.013016982051694548
2023-01-10 00:00:00+00:00,1015545.7767866466,7.936507936506173e-05,0.0,80.59247494537311,0.0,-0.011552081553459104
2023-01-11 00:00:00+00:00,1015626.3756578201,7.936507936510551e-05,0.0,80.59887117354337,0.0,-0.01267869773944863
2023-01-12 00:00:00+00:00,1015706.9809257295,7.936507936508395e-05,0.0,80.6052679093508,0.0,-0.012134003844113117
2023-01-13 00:00:00+00:00,1015787.5925908823,7.936507936507202e-05,0.0,80.61166515283567,0.0,-0.013150052673408297
2023-01-17 00:00:00+00:00,1015868.2106537863,7.936507936503003e-05,0.0,80.61806290403828,0.0,-0.01148361241825313
2023-01-18 00:00:00+00:00,1015948.8351149493,7.936507936503296e-05,0.0,80.62446116299891,0.0,-0.011317110875682879
2023-01-19 00:00:00+00:00,1016029.465974879,7.93650793650411e-05,0.0,80.63085992975788,0.0,-0.013357013052657685
2023-01-20 00:00:00+00:00,1016110.1032340834,7.936507936512937e-05,0.0,80.63725920435547,0.0,-0.010984990442359788
2023-01-23 00:00:00+00:00,1016190.7468930702,7.936507936502895e-05,0.0,80.64365898683201,0.0,-0.011708306598273488
2023-01-24 00:00:00+00:00,1016271.3969523474,7.936507936504391e-05,0.0,80.6500592772278,0.0,-0.011869877549002261
2023-01-25 00:00:00+00:00,1016352.053412423,7.936507936513454e-05,0.0,80.65646007558313,0.0,-0.01205293049303613
2023-01-26 00:00:00+00:00,1016432.7162738049,7.936507936503205e-05,0.0,80.66286138193833,0.0,-0.013931284364917751
2023-01-27 00:00:00+00:00,1016513.3855370012,7.936507936504048e-05,0.0,80.66926319633372,0.0,-0.012137316381576113
2023-01-30 00:00:00+00:00,1016594.06120252,7.936507936512009e-05,0.0,80.67566551880962,0.0,-0.011524894486742099
2023-01-31 00:00:00+00:00,1016674.7432708695,7.93650793651167e-05,0.0,80.68206834940635,0.0,-0.011523022783362258
2023-02-01 00:00:00+00:00,1016755.4317425577,7.936507936510517e-05,0.0,80.68847168816424,0.0,-0.011671036286868386
2023-02-02 00:00:00+00:00,1016836.1266180928,7.936507936504582e-05,0.0,80.69487553512363,0.0,-0.012189494489182273
2023-02-03 00:00:00+00:00,1016916.8278979831,7.9365079365128e-05,0.0,80.70127989032483,0.0,-0.012955972873250232
2023-02-06 00:00:00+00:00,1016997.535582737,7.936507936508304e-05,0.0,80.70768475380818,0.0,-0.011343083586098146
2023-02-07 00:00:00+00:00,1017078.2496728626,7.936507936510024e-05,0.0,80.71409012561405,0.0,-0.01216111136925413
2023-02-08 00:00:00+00:00,1017158.9701688683,7.936507936502545e-05,0.0,80.72049600578275,0.0,-0.012140263616247537
2023-02-09 00:00:00+00:00,1017239.6970712626,7.936507936504795e-05,0.0,80.72690239435462,0.0,-0.012881856411357973
2023-02-10 00:00:00+00:00,1017320.430380554,7.936507936512805e-05,0.0,80.73330929137005,0.0,-0.011995445479904276
2023-02-13 00:00:00+00:00,1017401.170097251,7.936507936511162e-05,0.0,80.73971669686937,0.0,-0.012271121082265246
2023-02-14 00:00:00+00:00,1017481.9162218618,7.936507936507344e-05,0.0,80.74612461089293,0.0,-0.012205994096782469
2023-02-15 00:00:00+00:00,1017562.6687548953,7.93650793650883e-05,0.0,80.7525330334811,0.0,-0.01245425765837993
2023-02-16 00:00:00+00:00,1017643.42769686,7.936507936511647e-05,0.0,80.75894196467424,0.0,-0.012124497294835557
2023-02-17 00:00:00+00:00,1017724.1930482646,7.936507936511833e-05,0.0,80.7653514045127,0.0,-0.011732316323596947
2023-02-21 00:00:00+00:00,1017804.9648096176,7.936507936505418e-05,0.0,80.77176135303688,0.0,-0.011090045781869229
2023-02-22 00:00:00+00:00,1017885.7429814279,7.936507936511317e-05,0.0,80.7781718102871,0.0,-0.011838755947053414
2023-02-23 00:00:00+00:00,1017966.5275642042,7.936507936502682e-05,0.0,80.78458277630381,0.0,-0.01250845020601421
2023-02-24 00:00:00+00:00,1018047.3185584553,7.936507936509861e-05,0.0,80.79099425112732,0.0,-0.012719926026166561
2023-02-27 00:00:00+00:00,1018128.1159646901,7.936507936506013e-05,0.0,80.79740623479805,0.0,-0.01205096992914001
2023-02-28 00:00:00+00:00,1018208.9197834175,7.936507936510043e-05,0.0,80.80381872735636,0.0,-0.01194745044204204
2023-03-01 00:00:00+00:00,1018289.7300151463,7.936507936506547e-05,0.0,80.81023172884265,0.0,-0.011975858070545797
2023-03-02 00:00:00+00:00,1018370.5466603856,7.936507936502995e-05,0.0,80.81664523929733,0.0,-0.013313331452615706
2023-03-03 00:00:00+00:00,1018451.3697196443,7.936507936506851e-05,0.0,80.82305925876076,0.0,-0.011603228706543511
2023-03-06 00:00:00+00:00,1018532.1991934315,7.936507936502716e-05,0.0,80.82947378727336,0.0,-0.011651657052390796
2023-03-07 00:00:00+00:00,1018613.0350822564,7.936507936509486e-05,0.0,80.83588882487552,0.0,-0.0125229769306765
2023-03-08 00:00:00+00:00,1018693.8773866281,7.936507936511761e-05,0.0,80.84230437160765,0.0,-0.012943719548903942
2023-03-09 00:00:00+00:00,1018774.7261070556,7.936507936505576e-05,0.0,80.84872042751016,0.0,-0.01213916096029255
2023-03-10 00:00:00+00:00,1018855.5812440482,7.936507936509822e-05,0.0,80.85513699262346,0.0,-0.012353454430414246
2023-03-13 00:00:00+00:00,1018936.4427981152,7.9365079365091e-05,0.0,80.86155406698795,0.0,-0.013783421602077794
2023-03-14 00:00:00+00:00,1019017.3107697659,7.936507936510875e-05,0.0,80.86797165064407,0.0,-0.012130960647628974
2023-03-15 00:00:00+00:00,1019098.1851595095,7.936507936511177e-05,0.0,80.87438974363221,0.0,-0.013692894430643143
2023-03-16 00:00:00+00:00,1019179.0659678555,7.93650793650604e-05,0.0,80.88080834599282,0.0,-0.012143775058997441
2023-03-17 00:00:00+00:00,1019259.9531953132,7.936507936502922e-05,0.0,80.88722745776631,0.0,-0.013714832192953885
2023-03-20 00:00:00+00:00,1019340.8468423922,7.936507936509277e-05,0.0,80.89364707899311,0.0,-0.01696245401045271
2023-03-21 00:00:00+00:00,1018907.2156444724,-0.0004254035333353841,0.25000000000000006,60.67505040728525,0.0,-0.015511343548996415
2023-03-22 00:00:00+00:00,1017825.0281908994,-0.001062105986646183,0.0,80.86565203527559,3.735989329200245,-0.01627433131008349
2023-03-23 00:00:00+00:00,1017905.8079550415,7.9365079365065e-05,0.0,80.77976414213488,0.0,-0.012364882910008035
2023-03-24 00:00:00+00:00,1017986.594130276,7.936507936502926e-05,0.0,80.78617523452711,0.0,-0.011737392861464357
2023-03-27 00:00:00+00:00,1018067.3867171117,7.936507936502743e-05,0.0,80.79258683573619,0.0,-0.011105311189988143
2023-03-28 00:00:00+00:00,1018148.1857160575,7.936507936513418e-05,0.0,80.79899894580251,0.0,-0.010956489509427847
2023-03-29 00:00:00+00:00,1018228.9911276223,7.936507936508115e-05,0.0,80.80541156476647,0.0,-0.013021331965119565
2023-03-30 00:00:00+00:00,1018309.802952315,7.936507936505737e-05,0.0,80.81182469266844,0.0,-0.011828325669511308
2023-03-31 00:00:00+00:00,1018390.6211906445,7.936507936502316e-05,0.0,80.8182383295488,0.0,-0.012370611711406632
2023-04-03 00:00:00+00:00,1018471.4458431199,7.93650793650532e-05,0.0,80.82465247544798,0.0,-0.011707908005695877
2023-04-04 00:00:00+00:00,1018552.2769102503,7.936507936510776e-05,0.0,80.83106713040634,0.0,-0.012035441256391444
2023-04-05 00:00:00+00:00,1018633.1143925447,7.936507936503291e-05,0.0,80.83748229446431,0.0,-0.01222122381390811
2023-04-06 00:00:00+00:00,1018713.9582905124,7.936507936513185e-05,0.0,80.84389796766229,0.0,-0.012379219452570034
2023-04-10 00:00:00+00:00,1018794.8086046625,7.936507936513634e-05,0.0,80.85031415004067,0.0,-0.011492368196610592
2023-04-11 00:00:00+00:00,1018875.6653355042,7.936507936512098e-05,0.0,80.85673084163989,0.0,-0.011931734162297758
2023-04-12 00:00:00+00:00,1018956.5284835467,7.936507936504615e-05,0.0,80.86314804250034,0.0,-0.012172953504138384
2023-04-13 00:00:00+00:00,1019037.3980492994,7.936507936510067e-05,0.0,80.86956575266244,0.0,-0.012148645288621474
2023-04-14 00:00:00+00:00,1019118.2740332716,7.93650793651306e-05,0.0,80.87598397216662,0.0,-0.01226901509235745
2023-04-17 00:00:00+00:00,1019199.1564359727,7.936507936509628e-05,0.0,80.8824027010533,0.0,-0.013153406993053451
2023-04-18 00:00:00+00:00,1019280.045257912,7.936507936507229e-05,0.0,80.88882193936291,0.0,-0.01216639936031605
2023-04-19 00:00:00+00:00,1019360.9404995992,7.936507936513317e-05,0.0,80.89524168713588,0.0,-0.013886176881802825
2023-04-20 00:00:00+00:00,1019441.8421615437,7.936507936512504e-05,0.0,80.90166194441264,0.0,-0.012886433752370863
2023-04-21 00:00:00+00:00,1019522.750244255,7.936507936512243e-05,0.0,80.90808271123362,0.0,-0.012036421042862955
2023-04-24 00:00:00+00:00,1019603.6647482426,7.93650793650857e-05,0.0,80.91450398763928,0.0,-0.0119137121543762
2023-04-25 00:00:00+00:00,1019684.5856740163,7.936507936508934e-05,0.0,80.92092577367005,0.0,-0.012044789336969508
2023-04-26 00:00:00+00:00,1019765.5130220857,7.936507936509368e-05,0.0,80.92734806936637,0.0,-0.0114503118858158
2023-04-27 00:00:00+00:00,1019846.4467929604,7.936507936505908e-05,0.0,80.9337708747687,0.0,-0.01177158686113522
2023-04-28 00:00:00+00:00,1019927.3869871503,7.936507936506e-05,0.0,80.94019418991749,0.0,-0.011045578665691558
2023-05-01 00:00:00+00:00,1020008.3336051651,7.936507936505679e-05,0.0,80.9466180148532,0.0,-0.011989101079738163
2023-05-02 00:00:00+00:00,1020089.2866475148,7.93650793651239e-05,0.0,80.95304234961628,0.0,-0.011219734914143409
2023-05-03 00:00:00+00:00,1020170.2461147091,7.936507936510753e-05,0.0,80.95946719424721,0.0,-0.01107445275471175
2023-05-04 00:00:00+00:00,1020251.2120072579,7.936507936508214e-05,0.0,80.96589254878643,0.0,-0.00849446821381239
2023-05-05 00:00:00+00:00,1019829.0940055432,-0.0004137392798428699,0.25000000000000006,60.72923880995582,0.0,-0.012397296824160797
2023-05-08 00:00:00+00:00,1019917.429320517,8.661776320470362e-05,0.250103477632722,60.69573738124831,3.6368774714781504,-0.012636538288646193
2023-05-09 00:00:00+00:00,1019846.2888642004,-6.975119188230576e-05,0.2500818161051928,60.70274812053195,3.6166143043022716,-0.011654023031341332
2023-05-10 00:00:00+00:00,1019890.6893058794,4.353640559745963e-05,0.25009926082672435,60.697102052570315,3.6329127301463657,-0.011543714641452318
2023-05-11 00:00:00+00:00,1019966.6072817543,7.443736536757585e-05,0.25008837287788754,60.70062589714801,3.6264956244458153,-0.011694862899454428
2023-05-12 00:00:00+00:00,1020108.3086242574,0.0001389274330076647,0.2500697583439183,60.70665113332855,3.61938562967495,-0.012361181298635948
2023-05-15 00:00:00+00:00,1020162.1370818187,5.276739450715727e-05,0.2500350216202026,60.71789727162246,3.6340830441710033,-0.012322128855854153
2023-05-16 00:00:00+00:00,1020169.2995959676,7.020956658386618e-06,0.25002182861973643,60.7221693714289,3.614902542213929,-0.011949021036411267
2023-05-17 00:00:00+00:00,1020201.0334272624,3.11064362624716e-05,0.2500200732396385,60.722737824932786,3.6489765942014625,-0.01172521188594633
2023-05-18 00:00:00+00:00,1020357.8438282044,0.00015370539315687863,0.2500122962480804,60.725256382972056,3.699763459457193,-0.01245050596539432
2023-05-19 00:00:00+00:00,1020170.9020186245,-0.00018321200813098065,0.24997387391551126,60.73770165288809,3.669180728108615,-0.01060345311376043
2023-05-22 00:00:00+00:00,1020052.6053064205,-0.00011595773999231298,0.2500196805232522,60.72286500133412,3.666915443227362,-0.009265689519585507
2023-05-23 00:00:00+00:00,1020341.6463431764,0.0002833589515406093,0.25004867560256316,60.713476373381425,3.640023479587807,-0.011053453289265214
2023-05-24 00:00:00+00:00,1020492.7714597855,0.0001481122692098022,0.24997784214330504,60.736416138203325,3.631573155874669,-0.011788143120183392
2023-05-25 00:00:00+00:00,1020659.333560587,0.00016321732545272044,0.2499408228408659,60.748410195077064,3.6487819680082048,-0.012623816530960674
2023-05-26 00:00:00+00:00,1019424.5019738545,-0.0012098371573449475,0.0,81.004709012745,3.689540076375258,-0.010879653461121741
2023-05-30 00:00:00+00:00,1019505.4086803603,7.936507936502331e-05,0.0,80.90670650586146,0.0,-0.012115095997359049
2023-05-31 00:00:00+00:00,1019586.3218080334,7.936507936512536e-05,0.0,80.91312767304447,0.0,-0.01027018423597692
2023-06-01 00:00:00+00:00,1019667.2413573832,7.936507936504792e-05,0.0,80.91954934984392,0.0,-0.012196192328421063
2023-06-02 00:00:00+00:00,1019748.1673289195,7.936507936509387e-05,0.0,80.92597153630025,0.0,-0.011449970150822608
2023-06-05 00:00:00+00:00,1019829.099723152,7.936507936510936e-05,0.0,80.93239423245393,0.0,-0.0125332241441658
2023-06-06 00:00:00+00:00,1019910.0385405903,7.936507936505471e-05,0.0,80.9388174383454,0.0,-0.011516989640355746
2023-06-07 00:00:00+00:00,1019990.9837817444,7.936507936511859e-05,0.0,80.94524115401511,0.0,-0.008977386399575238
2023-06-08 00:00:00+00:00,1020071.9354471238,7.936507936503302e-05,0.0,80.95166537950352,0.0,-0.009256358826963407
2023-06-09 00:00:00+00:00,1020152.8935372387,7.936507936510074e-05,0.0,80.9580901148511,0.0,-0.009069258755601162
2023-06-12 00:00:00+00:00,1020233.8580525988,7.936507936505382e-05,0.0,80.9645153600983,0.0,-0.00922848243032881
2023-06-13 00:00:00+00:00,1020314.8289937141,7.936507936508086e-05,0.0,80.97094111528561,0.0,-0.009157223925426727
2023-06-14 00:00:00+00:00,1020395.8063610945,7.936507936502803e-05,0.0,80.9773673804535,0.0,-0.009294048347162409
2023-06-15 00:00:00+00:00,1020476.7901552501,7.93650793650839e-05,0.0,80.98379415564241,0.0,-0.009357361076585136
2023-06-16 00:00:00+00:00,1020557.780376691,7.936507936509468e-05,0.0,80.99022144089287,0.0,-0.013966001970890929
2023-06-20 00:00:00+00:00,1020638.7770259273,7.93650793651348e-05,0.0,80.99664923624532,0.0,-0.011735989273455871
2023-06-21 00:00:00+00:00,1020719.780103469,7.936507936505051e-05,0.0,81.00307754174027,0.0,-0.012851653298924681
2023-06-22 00:00:00+00:00,1020800.7896098264,7.936507936503029e-05,0.0,81.00950635741818,0.0,-0.012973144458853447
2023-06-23 00:00:00+00:00,1020881.8055455097,7.936507936503445e-05,0.0,81.01593568331955,0.0,-0.013194190843199394
2023-06-26 00:00:00+00:00,1020962.8279110291,7.936507936502334e-05,0.0,81.0223655194849,0.0,-0.012462248593243075
2023-06-27 00:00:00+00:00,1021043.856706895,7.936507936507129e-05,0.0,81.02879586595469,0.0,-0.01300762660881194
2023-06-28 00:00:00+00:00,1021124.8919336178,7.936507936502463e-05,0.0,81.03522672276945,0.0,-0.01301618829649076
2023-06-29 00:00:00+00:00,1021205.9335917077,7.936507936507172e-05,0.0,81.04165808996966,0.0,-0.012821622303950342
2023-06-30 00:00:00+00:00,1021286.9816816753,7.936507936505887e-05,0.0,81.04808996759586,0.0,-0.013747571678365489
2023-07-03 00:00:00+00:00,1021368.036204031,7.936507936506043e-05,0.0,81.05452235568852,0.0,-0.012794542842915035
2023-07-05 00:00:00+00:00,1021449.0971592852,7.936507936503673e-05,0.0,81.06095525428817,0.0,-0.013253499760552678
2023-07-06 00:00:00+00:00,1021530.1645479486,7.936507936506206e-05,0.0,81.06738866343534,0.0,-0.013286751421897947
2023-07-07 00:00:00+00:00,1021611.2383705318,7.936507936509677e-05,0.0,81.07382258317053,0.0,-0.013295204877517897
2023-07-10 00:00:00+00:00,1021692.3186275454,7.936507936510117e-05,0.0,81.08025701353426,0.0,-0.012809218083213558
2023-07-11 00:00:00+00:00,1021773.4053194999,7.936507936503562e-05,0.0,81.08669195456709,0.0,-0.013100010051103617
2023-07-12 00:00:00+00:00,1021854.4984469062,7.936507936508832e-05,0.0,81.09312740630952,0.0,-0.012147394563183589
2023-07-13 00:00:00+00:00,1021935.598010275,7.936507936510567e-05,0.0,81.09956336880208,0.0,-0.012680257153489194
2023-07-14 00:00:00+00:00,1022016.7040101171,7.9365079365048e-05,0.0,81.10599984208532,0.0,-0.012504734473844259
2023-07-17 00:00:00+00:00,1022097.8164469433,7.93650793651035e-05,0.0,81.11243682619977,0.0,-0.013225482656535448
2023-07-18 00:00:00+00:00,1022178.9353212646,7.936507936511855e-05,0.0,81.11887432118598,0.0,-0.012816856411760114
2023-07-19 00:00:00+00:00,1022260.0606335916,7.936507936505351e-05,0.0,81.12531232708449,0.0,-0.012773404768813279
2023-07-20 00:00:00+00:00,1022341.1923844356,7.936507936509648e-05,0.0,81.13175084393585,0.0,-0.012942528079000759
2023-07-21 00:00:00+00:00,1022422.3305743074,7.936507936509392e-05,0.0,81.1381898717806,0.0,-0.013584075431691822
2023-07-24 00:00:00+00:00,1022503.4752037181,7.936507936512001e-05,0.0,81.14462941065932,0.0,-0.012748842909898528
2023-07-25 00:00:00+00:00,1022584.6262731787,7.936507936513509e-05,0.0,81.15106946061255,0.0,-0.012805968134275147
2023-07-26 00:00:00+00:00,1022665.7837832004,7.936507936509952e-05,0.0,81.15751002168085,0.0,-0.012191205018264206
2023-07-27 00:00:00+00:00,1022746.9477342943,7.936507936508744e-05,0.0,81.1639510939048,0.0,-0.013180118123763407
2023-07-28 00:00:00+00:00,1022828.1181269716,7.936507936505921e-05,0.0,81.17039267732494,0.0,-0.012725612501551353
2023-07-31 00:00:00+00:00,1022909.2949617436,7.936507936508897e-05,0.0,81.17683477198187,0.0,-0.012871854205391386
2023-08-01 00:00:00+00:00,1022990.4782391215,7.936507936502324e-05,0.0,81.18327737791616,0.0,-0.012852662020327976
2023-08-02 00:00:00+00:00,1023071.6679596166,7.936507936504998e-05,0.0,81.18972049516837,0.0,-0.012910882748886188
2023-08-03 00:00:00+00:00,1023152.8641237405,7.93650793651295e-05,0.0,81.1961641237791,0.0,-0.012033652005482232
2023-08-04 00:00:00+00:00,1023234.0667320043,7.936507936510831e-05,0.0,81.20260826378893,0.0,-0.010536641391436063
2023-08-07 00:00:00+00:00,1023315.2757849195,7.936507936506058e-05,0.0,81.20905291523843,0.0,-0.013353896663209852
2023-08-08 00:00:00+00:00,1023396.4912829977,7.93650793650604e-05,0.0,81.21549807816821,0.0,-0.012997144927781257
2023-08-09 00:00:00+00:00,1023477.7132267503,7.93650793650681e-05,0.0,81.22194375261886,0.0,-0.012501348653287003
2023-08-10 00:00:00+00:00,1023558.9416166889,7.936507936504399e-05,0.0,81.22838993863097,0.0,-0.012928221934349615
2023-08-11 00:00:00+00:00,1023640.1764533251,7.936507936506218e-05,0.0,81.23483663624515,0.0,-0.012509290316489619
2023-08-14 00:00:00+00:00,1023721.4177371706,7.936507936508297e-05,0.0,81.241283845502,0.0,-0.012132070342212309
2023-08-15 00:00:00+00:00,1023802.665468737,7.93650793650667e-05,0.0,81.24773156644211,0.0,-0.012103861401516092
2023-08-16 00:00:00+00:00,1023883.9196485361,7.936507936508742e-05,0.0,81.25417979910611,0.0,-0.01319564263413664
2023-08-17 00:00:00+00:00,1023965.1802770797,7.936507936510545e-05,0.0,81.26062854353461,0.0,-0.012019251274999476
2023-08-18 00:00:00+00:00,1024046.4473548795,7.936507936508114e-05,0.0,81.26707779976823,0.0,-0.01252128032977673
2023-08-21 00:00:00+00:00,1024127.7208824473,7.936507936508851e-05,0.0,81.27352756784758,0.0,-0.013181716630613849
2023-08-22 00:00:00+00:00,1024209.0008602951,7.936507936508789e-05,0.0,81.27997784781329,0.0,-0.013163520174227727
2023-08-23 00:00:00+00:00,1024290.2872889348,7.936507936503962e-05,0.0,81.28642863970596,0.0,-0.013477359980857528
2023-08-24 00:00:00+00:00,1024371.5801688784,7.936507936513133e-05,0.0,81.29287994356625,0.0,-0.013173346069500269
2023-08-25 00:00:00+00:00,1024452.8795006379,7.936507936509605e-05,0.0,81.29933175943479,0.0,-0.012877451852132182
2023-08-28 00:00:00+00:00,1024534.1852847253,7.936507936512142e-05,0.0,81.30578408735221,0.0,-0.013186047503769949
2023-08-29 00:00:00+00:00,1024615.4975216526,7.936507936505413e-05,0.0,81.31223692735915,0.0,-0.013632237647684953
2023-08-30 00:00:00+00:00,1024696.8162119321,7.936507936508176e-05,0.0,81.31869027949624,0.0,-0.013085465681054842
2023-08-31 00:00:00+00:00,1024778.1413560759,7.936507936505104e-05,0.0,81.32514414380414,0.0,-0.013177840622086379
2023-09-01 00:00:00+00:00,1024859.4729545962,7.936507936503589e-05,0.0,81.33159852032348,0.0,-0.013351923638091456
2023-09-05 00:00:00+00:00,1024940.8110080053,7.936507936511025e-05,0.0,81.33805340909494,0.0,-0.012837182590017093
2023-09-06 00:00:00+00:00,1025022.1555168155,7.936507936512084e-05,0.0,81.34450881015916,0.0,-0.013199174341584907
2023-09-07 00:00:00+00:00,1025103.506481539,7.936507936502801e-05,0.0,81.35096472355679,0.0,-0.012828939196673161
2023-09-08 00:00:00+00:00,1025184.8639026884,7.936507936513283e-05,0.0,81.35742114932849,0.0,-0.01463937113471836
2023-09-11 00:00:00+00:00,1025266.2277807759,7.93650793650549e-05,0.0,81.36387808751495,0.0,-0.013313769507954376
2023-09-12 00:00:00+00:00,1025347.598116314,7.936507936509525e-05,0.0,81.37033553815681,0.0,-0.013244691431480327
2023-09-13 00:00:00+00:00,1025428.9749098154,7.936507936510063e-05,0.0,81.37679350129477,0.0,-0.01245515067720504
2023-09-14 00:00:00+00:00,1025510.3581617923,7.93650793650314e-05,0.0,81.38325197696948,0.0,-0.013442748168040808
2023-09-15 00:00:00+00:00,1025591.7478727575,7.936507936507496e-05,0.0,81.38971096522161,0.0,-0.01703754978149341
2023-09-18 00:00:00+00:00,1025116.9479603278,-0.0004629521575368162,0.25000000000000006,61.047127849568895,0.0,-0.0165126646203122
2023-09-19 00:00:00+00:00,1025161.3654211108,4.332916441513953e-05,0.25011579164537634,61.009445316836384,3.768993650235574,-0.01661980945230379
2023-09-20 00:00:00+00:00,1024117.6117652131,-0.0010181359648380216,0.0,81.36201312865958,3.7241781006784973,-0.016979652491161623
2023-09-21 00:00:00+00:00,1023616.7937585295,-0.0004890239176927885,0.25000000000000006,60.95938165269125,0.0,-0.017106540133283943
2023-09-22 00:00:00+00:00,1023615.2644162702,-1.4940574134827592e-06,0.2501223157947724,60.91963419184334,3.7089260218032365,-0.017575812071116026
2023-09-25 00:00:00+00:00,1022751.3673920155,-0.0008439665314558515,0.0,81.23930669970399,3.7269838239722803,-0.016720015378180797
2023-09-26 00:00:00+00:00,1022832.5381354593,7.936507936503985e-05,0.0,81.17074344381075,0.0,-0.01157590442720835
2023-09-27 00:00:00+00:00,1022913.7153210256,7.93650793650546e-05,0.0,81.17718556630629,0.0,-0.011972466483848088
2023-09-28 00:00:00+00:00,1022994.8989492257,7.936507936508553e-05,0.0,81.1836282000814,0.0,-0.01188797766802363
2023-09-29 00:00:00+00:00,1023076.0890205709,7.936507936509293e-05,0.0,81.19007134517663,0.0,-0.012875775707293258
2023-10-02 00:00:00+00:00,1023157.2855355724,7.936507936503716e-05,0.0,81.1965150016326,0.0,-0.012013823222643438
2023-10-03 00:00:00+00:00,1023238.488494742,7.936507936510614e-05,0.0,81.20295916948987,0.0,-0.011513763238243158
2023-10-04 00:00:00+00:00,1023319.6978985907,7.936507936503261e-05,0.0,81.20940384878905,0.0,-0.012061663348831075
2023-10-05 00:00:00+00:00,1023400.9137476303,7.936507936511825e-05,0.0,81.21584903957068,0.0,-0.012392470808629596
2023-10-06 00:00:00+00:00,1023482.1360423722,7.936507936509582e-05,0.0,81.22229474187542,0.0,-0.010972919645662493
2023-10-09 00:00:00+00:00,1023563.3647833279,7.936507936503944e-05,0.0,81.22874095574383,0.0,-0.012093287028601907
2023-10-10 00:00:00+00:00,1023644.5999710091,7.936507936502319e-05,0.0,81.2351876812165,0.0,-0.012144477827614963
2023-10-11 00:00:00+00:00,1023725.8416059274,7.936507936512113e-05,0.0,81.24163491833406,0.0,-0.01150837096830859
2023-10-12 00:00:00+00:00,1023807.0896885946,7.936507936506611e-05,0.0,81.2480826671371,0.0,-0.01159823614384159
2023-10-13 00:00:00+00:00,1023888.3442195222,7.936507936504593e-05,0.0,81.25453092766624,0.0,-0.013240320819585705
2023-10-16 00:00:00+00:00,1023969.6051992222,7.936507936513462e-05,0.0,81.26097969996208,0.0,-0.010989991918579634
2023-10-17 00:00:00+00:00,1024050.8726282063,7.93650793650651e-05,0.0,81.26742898406526,0.0,-0.013194546806833074
2023-10-18 00:00:00+00:00,1024132.1465069862,7.93650793650251e-05,0.0,81.27387878001637,0.0,-0.01162088539264694
2023-10-19 00:00:00+00:00,1024213.4268360741,7.936507936508863e-05,0.0,81.28032908785605,0.0,-0.011487122451405263
2023-10-20 00:00:00+00:00,1024294.7136159817,7.936507936510234e-05,0.0,81.28677990762493,0.0,-0.013034417539861565
2023-10-23 00:00:00+00:00,1024376.006847221,7.936507936502655e-05,0.0,81.29323123936364,0.0,-0.011654208486813644
2023-10-24 00:00:00+00:00,1024457.3065303041,7.936507936504894e-05,0.0,81.29968308311278,0.0,-0.010890040194091455
2023-10-25 00:00:00+00:00,1024538.6126657431,7.936507936512981e-05,0.0,81.30613543891303,0.0,-0.01155195151968691
2023-10-26 00:00:00+00:00,1024619.92525405,7.936507936511583e-05,0.0,81.31258830680501,0.0,-0.007149042595629318
2023-10-27 00:00:00+00:00,1024247.8067289,-0.00036317713132285034,0.25,60.989281265122024,0.0,-0.012680786054080961
2023-10-30 00:00:00+00:00,1024234.2577551168,-1.322821849765342e-05,0.2500908272692178,60.95974804884028,3.601275758148825,-0.012084062801723583
2023-10-31 00:00:00+00:00,1024242.2741091944,7.826680290094996e-06,0.2500941355690881,60.95867273346065,3.616200265889389,-0.011684557132302764
2023-11-01 00:00:00+00:00,1023296.9760253396,-0.0009229242999923874,0.0,81.28906937374559,3.6748585631112696,-0.012136382136001878
2023-11-02 00:00:00+00:00,1023378.1900710559,7.936507936511495e-05,0.0,81.2140457162968,0.0,-0.012482105613143446
2023-11-03 00:00:00+00:00,1023459.4105623313,7.936507936502417e-05,0.0,81.22049127548063,0.0,-0.011475279647247483
2023-11-06 00:00:00+00:00,1023540.6374996775,7.93650793650243e-05,0.0,81.22693734621677,0.0,-0.011913292008709497
2023-11-07 00:00:00+00:00,1023621.870883606,7.936507936507565e-05,0.0,81.23338392854583,0.0,-0.012128369357919944
2023-11-08 00:00:00+00:00,1023703.1107146285,7.93650793650248e-05,0.0,81.23983102250841,0.0,-0.012631600887582195
2023-11-09 00:00:00+00:00,1023784.3569932566,7.936507936505958e-05,0.0,81.24627862814512,0.0,-0.011830151892654683
2023-11-10 00:00:00+00:00,1023865.609720002,7.936507936502655e-05,0.0,81.25272674549656,0.0,-0.012217901470801706
2023-11-13 00:00:00+00:00,1023946.8688953767,7.93650793651135e-05,0.0,81.25917537460333,0.0,-0.012192076467934854
2023-11-14 00:00:00+00:00,1024028.1345198922,7.936507936505333e-05,0.0,81.26562451550609,0.0,-0.012414347887995447
2023-11-15 00:00:00+00:00,1024109.4065940604,7.936507936503379e-05,0.0,81.27207416824541,0.0,-0.011615629939256245
2023-11-16 00:00:00+00:00,1024190.6851183933,7.936507936512887e-05,0.0,81.27852433286193,0.0,-0.013180402943341996
2023-11-17 00:00:00+00:00,1024271.9700934027,7.936507936507156e-05,0.0,81.28497500939629,0.0,-0.012562230413911912
2023-11-20 00:00:00+00:00,1024353.2615196005,7.936507936504952e-05,0.0,81.2914261978891,0.0,-0.012112054472352085
2023-11-21 00:00:00+00:00,1024434.5593974988,7.93650793650231e-05,0.0,81.29787789838099,0.0,-0.012388119010220855
2023-11-22 00:00:00+00:00,1024515.8637276097,7.936507936506625e-05,0.0,81.3043301109126,0.0,-0.013358697319900692
2023-11-24 00:00:00+00:00,1024597.1745104452,7.936507936502568e-05,0.0,81.31078283552458,0.0,-0.0122802618255351
2023-11-27 00:00:00+00:00,1024678.4917465175,7.936507936508897e-05,0.0,81.31723607225756,0.0,-0.012240730533259025
2023-11-28 00:00:00+00:00,1024759.8154363387,7.936507936510284e-05,0.0,81.32368982115219,0.0,-0.012217289665427344
2023-11-29 00:00:00+00:00,1024841.1455804209,7.936507936502761e-05,0.0,81.3301440822491,0.0,-0.012196395891304945
2023-11-30 00:00:00+00:00,1024922.4821792764,7.936507936505084e-05,0.0,81.33659885558896,0.0,-0.01214397507242193
2023-12-01 00:00:00+00:00,1025003.8252334177,7.936507936513282e-05,0.0,81.34305414121242,0.0,-0.011402609389487672
2023-12-04 00:00:00+00:00,1025085.1747433569,7.936507936512032e-05,0.0,81.34950993916013,0.0,-0.012735049620566485
2023-12-05 00:00:00+00:00,1025166.5307096064,7.936507936508724e-05,0.0,81.35596624947277,0.0,-0.011506291657682688
2023-12-06 00:00:00+00:00,1025247.8931326786,7.93650793651075e-05,0.0,81.36242307219098,0.0,-0.01222100012478844
2023-12-07 00:00:00+00:00,1025329.2620130859,7.936507936502787e-05,0.0,81.36888040735545,0.0,-0.012241069620761102
2023-12-08 00:00:00+00:00,1025410.6373513408,7.936507936503577e-05,0.0,81.37533825500681,0.0,-0.011875601272078207
2023-12-11 00:00:00+00:00,1025492.019147956,7.936507936509154e-05,0.0,81.38179661518578,0.0,-0.012318276011313856
2023-12-12 00:00:00+00:00,1025573.4074034439,7.936507936504193e-05,0.0,81.38825548793302,0.0,-0.01219152224606912
2023-12-13 00:00:00+00:00,1025654.8021183172,7.936507936507439e-05,0.0,81.3947148732892,0.0,-0.010431477380155485
2023-12-14 00:00:00+00:00,1025736.2032930885,7.93650793650357e-05,0.0,81.40117477129502,0.0,-0.011001682289339954
2023-12-15 00:00:00+00:00,1025817.6109282705,7.936507936511319e-05,0.0,81.40763518199115,0.0,-0.01664191122608294
2023-12-18 00:00:00+00:00,1025298.12801062,-0.0005064086559991908,0.25000000000000006,61.06057207906372,0.0,-0.016464792220962643
2023-12-19 00:00:00+00:00,1025363.9230525352,6.417162005631225e-05,0.25012666630891506,61.01934327607559,3.8115085370265676,-0.01637869439052242
2023-12-20 00:00:00+00:00,1024899.7157495208,-0.0004527244352740574,0.0,81.37808913115359,3.7924065357695644,-0.01209898575250179
2023-12-21 00:00:00+00:00,1024981.0569968026,7.936507936512826e-05,0.0,81.34124728170801,0.0,-0.012854330226434563
2023-12-22 00:00:00+00:00,1025062.4046997388,7.936507936509416e-05,0.0,81.34770293625417,0.0,-0.012786240001305238
2023-12-26 00:00:00+00:00,1025143.758858842,7.93650793650506e-05,0.0,81.35415910315388,0.0,-0.012388267319390245
2023-12-27 00:00:00+00:00,1025225.1194746244,7.936507936507149e-05,0.0,81.36061578244778,0.0,-0.012403869423607716
2023-12-28 00:00:00+00:00,1025306.4865475986,7.936507936511714e-05,0.0,81.36707297417654,0.0,-0.012254372237473277
2023-12-29 00:00:00+00:00,1025387.860078277,7.93650793650343e-05,0.0,81.37353067838085,0.0,-0.011532181388228757
2024-01-02 00:00:00+00:00,1025469.2400671721,7.9365079365124e-05,0.0,81.37998889510135,0.0,-0.012263633270694463
2024-01-03 00:00:00+00:00,1025550.6265147965,7.936507936511943e-05,0.0,81.38644762437873,0.0,-0.012352489932400346
2024-01-04 00:00:00+00:00,1025632.0194216628,7.936507936509448e-05,0.0,81.3929068662537,0.0,-0.012425416667499078
2024-01-05 00:00:00+00:00,1025713.4187882836,7.936507936512299e-05,0.0,81.39936662076688,0.0,-0.01218755076418887
2024-01-08 00:00:00+00:00,1025794.8246151715,7.93650793650518e-05,0.0,81.40582688795901,0.0,-0.012799025648455142
2024-01-09 00:00:00+00:00,1025876.2369028394,7.936507936506824e-05,0.0,81.41228766787076,0.0,-0.012003269207764511
2024-01-10 00:00:00+00:00,1025957.6556518,7.936507936513261e-05,0.0,81.41874896054281,0.0,-0.011942137366996342
2024-01-11 00:00:00+00:00,1026039.080862566,7.936507936509178e-05,0.0,81.42521076601587,0.0,-0.011800208359671771
2024-01-12 00:00:00+00:00,1026120.5125356504,7.936507936513302e-05,0.0,81.43167308433064,0.0,-0.012891725462740311
2024-01-16 00:00:00+00:00,1026201.950671566,7.93650793651032e-05,0.0,81.43813591552781,0.0,-0.012162752018912926
2024-01-17 00:00:00+00:00,1026283.3952708256,7.936507936507611e-05,0.0,81.44459925964809,0.0,-0.012435558217469556
2024-01-18 00:00:00+00:00,1026364.8463339424,7.936507936512551e-05,0.0,81.45106311673219,0.0,-0.011356063201866107
2024-01-19 00:00:00+00:00,1026446.3038614292,7.936507936509831e-05,0.0,81.45752748682082,0.0,-0.012898996703754051
2024-01-22 00:00:00+00:00,1026527.7678537992,7.936507936506825e-05,0.0,81.4639923699547,0.0,-0.01208579574854074
2024-01-23 00:00:00+00:00,1026609.2383115654,7.936507936510911e-05,0.0,81.47045776617453,0.0,-0.011763927473776192
2024-01-24 00:00:00+00:00,1026690.7152352409,7.936507936506778e-05,0.0,81.47692367552106,0.0,-0.012690911309906738
2024-01-25 00:00:00+00:00,1026772.198625339,7.93650793651314e-05,0.0,81.48339009803499,0.0,-0.012166141863639623
2024-01-26 00:00:00+00:00,1026853.6884823727,7.936507936503353e-05,0.0,81.48985703375706,0.0,-0.012105638958983533
2024-01-29 00:00:00+00:00,1026935.1848068554,7.936507936507464e-05,0.0,81.49632448272799,0.0,-0.012323034357979878
2024-01-30 00:00:00+00:00,1027016.6875993004,7.936507936510167e-05,0.0,81.50279244498853,0.0,-0.012011614218656597
2024-01-31 00:00:00+00:00,1027098.196860221,7.936507936507497e-05,0.0,81.5092609205794,0.0,-0.012312030595158951
2024-02-01 00:00:00+00:00,1027179.7125901305,7.936507936506822e-05,0.0,81.51572990954135,0.0,-0.012522031881804452
2024-02-02 00:00:00+00:00,1027261.2347895424,7.936507936504177e-05,0.0,81.52219941191512,0.0,-0.012140387316740942
2024-02-05 00:00:00+00:00,1027342.7634589701,7.936507936506925e-05,0.0,81.52866942774146,0.0,-0.012963582403481944
2024-02-06 00:00:00+00:00,1027424.2985989272,7.936507936511101e-05,0.0,81.53513995706112,0.0,-0.012547108147984432
2024-02-07 00:00:00+00:00,1027505.8402099272,7.936507936512737e-05,0.0,81.54161099991485,0.0,-0.012497975364963665
2024-02-08 00:00:00+00:00,1027587.3882924835,7.936507936507866e-05,0.0,81.54808255634343,0.0,-0.01273551420133412
2024-02-09 00:00:00+00:00,1027668.9428471099,7.936507936503854e-05,0.0,81.55455462638758,0.0,-0.012655512933562818
2024-02-12 00:00:00+00:00,1027750.50387432,7.936507936508063e-05,0.0,81.56102721008808,0.0,-0.012200837287208444
2024-02-13 00:00:00+00:00,1027832.0713746274,7.936507936505193e-05,0.0,81.56750030748572,0.0,-0.01258407045574561
2024-02-14 00:00:00+00:00,1027913.645348546,7.93650793650261e-05,0.0,81.57397391862122,0.0,-0.012330874492876731
2024-02-15 00:00:00+00:00,1027995.2257965895,7.936507936507671e-05,0.0,81.5804480435354,0.0,-0.012468280364781315
2024-02-16 00:00:00+00:00,1028076.8127192718,7.936507936505082e-05,0.0,81.586922682269,0.0,-0.01277167248305311
2024-02-20 00:00:00+00:00,1028158.4061171067,7.936507936513528e-05,0.0,81.59339783486284,0.0,-0.012810087356984745
2024-02-21 00:00:00+00:00,1028240.005990608,7.936507936506392e-05,0.0,81.59987350135768,0.0,-0.012186410831332317
2024-02-22 00:00:00+00:00,1028321.6123402898,7.936507936502356e-05,0.0,81.60634968179428,0.0,-0.012116728976369728
2024-02-23 00:00:00+00:00,1028403.225166666,7.936507936508773e-05,0.0,81.61282637621348,0.0,-0.013377560359600693
2024-02-26 00:00:00+00:00,1028484.8444702507,7.936507936510354e-05,0.0,81.61930358465602,0.0,-0.01224612614617726
2024-02-27 00:00:00+00:00,1028566.4702515578,7.936507936503133e-05,0.0,81.62578130716275,0.0,-0.01277170898379687
2024-02-28 00:00:00+00:00,1028648.1025111015,7.936507936505786e-05,0.0,81.63225954377442,0.0,-0.0130998897812038
2024-02-29 00:00:00+00:00,1028729.741249396,7.936507936503021e-05,0.0,81.63873829453186,0.0,-0.013350132760185929
2024-03-01 00:00:00+00:00,1028811.3864669555,7.936507936513508e-05,0.0,81.64521755947587,0.0,-0.013647394245303701
2024-03-04 00:00:00+00:00,1028893.0381642942,7.936507936510647e-05,0.0,81.65169733864727,0.0,-0.012658984813808338
2024-03-05 00:00:00+00:00,1028974.6963419263,7.936507936513103e-05,0.0,81.65817763208685,0.0,-0.012531707896877187
2024-03-06 00:00:00+00:00,1029056.3610003662,7.936507936505593e-05,0.0,81.66465843983542,0.0,-0.012906990564705012
2024-03-07 00:00:00+00:00,1029138.0321401281,7.936507936506783e-05,0.0,81.67113976193382,0.0,-0.012927400000515732
2024-03-08 00:00:00+00:00,1029219.7097617266,7.9365079365127e-05,0.0,81.67762159842286,0.0,-0.01384485364591903
2024-03-11 00:00:00+00:00,1029301.3938656759,7.936507936508067e-05,0.0,81.68410394934338,0.0,-0.011873557437083626
2024-03-12 00:00:00+00:00,1029383.0844524907,7.93650793651154e-05,0.0,81.69058681473618,0.0,-0.012582284203533689
2024-03-13 00:00:00+00:00,1029464.7815226853,7.93650793650784e-05,0.0,81.69707019464212,0.0,-0.01194869223537598
2024-03-14 00:00:00+00:00,1029546.4850767744,7.936507936504314e-05,0.0,81.70355408910201,0.0,-0.01339574298987678
2024-03-15 00:00:00+00:00,1029628.1951152725,7.9365079365083e-05,0.0,81.71003849815669,0.0,-0.015540417866797718
2024-03-18 00:00:00+00:00,1029177.5763200964,-0.00043765195758426546,0.25000000000000006,61.28739256638527,0.0,-0.015332715221211934
2024-03-19 00:00:00+00:00,1029170.0398779412,-7.3227811492764865e-06,0.25010946089517117,61.25162916994271,3.8252766795645665,-0.015816391504410277
2024-03-20 00:00:00+00:00,1028187.2028453557,-0.0009549802214433729,0.0,81.6801618950747,3.8716984773558654,-0.016019199638027004
2024-03-21 00:00:00+00:00,1027703.6753534105,-0.0004702718440835488,0.25,61.20161921698546,0.0,-0.01239092588235291
2024-03-22 00:00:00+00:00,1027675.2086223828,-2.7699357032960658e-05,0.2501176232759358,61.16324401921203,3.765928673252534,-0.013073853588578821
2024-03-25 00:00:00+00:00,1027810.978442542,0.00013211355009836877,0.25012455156519225,61.16098475484476,3.7676285513358234,-0.01246356964474149
2024-03-26 00:00:00+00:00,1027897.7409085376,8.441480760119193e-05,0.250091511087813,61.171760137397065,3.763615010481511,-0.012238308578282009
2024-03-27 00:00:00+00:00,1027884.251966951,-1.3122843887924318e-05,0.2500704014429884,61.178646047396725,3.779862272462407,-0.012775148774497147
2024-03-28 00:00:00+00:00,1027659.96571505,-0.00021820185635859106,0.2500736831208925,61.17757549647715,3.770192132462494,-0.014959346679115804
2024-04-01 00:00:00+00:00,1027952.4573643742,0.0002846190949169397,0.25012826157189527,61.15977500029452,3.772081668109003,-0.01314326423486989
2024-04-02 00:00:00+00:00,1028070.9634015751,0.00011528357790472321,0.2500570905491056,61.18298862325677,3.753889197689749,-0.01268597117171133
2024-04-03 00:00:00+00:00,1028322.0255169453,0.00024420698989444377,0.25002826639597814,61.192393864304464,3.7777157070593477,-0.01115958049477328
2024-04-04 00:00:00+00:00,1027114.483853034,-0.0011742835745488088,0.0,81.61285916801152,3.7136177397750147,-0.012898444803299824
2024-04-05 00:00:00+00:00,1027196.000875562,7.936507936504876e-05,0.0,81.51702252801857,0.0,-0.012763295791597074
2024-04-08 00:00:00+00:00,1027277.524367695,7.936507936510948e-05,0.0,81.5234921329811,0.0,-0.012916065030480262
2024-04-09 00:00:00+00:00,1027359.0543299464,7.936507936510288e-05,0.0,81.52996225140436,0.0,-0.013255672818709208
2024-04-10 00:00:00+00:00,1027440.5907628298,7.936507936510262e-05,0.0,81.53643288332908,0.0,-0.012337035965901855
2024-04-11 00:00:00+00:00,1027522.1336668585,7.936507936506905e-05,0.0,81.54290402879602,0.0,-0.012651001406132067
2024-04-12 00:00:00+00:00,1027603.6830425464,7.93650793650758e-05,0.0,81.54937568784591,0.0,-0.013997468027158178
2024-04-15 00:00:00+00:00,1027685.2388904069,7.93650793650832e-05,0.0,81.55584786051955,0.0,-0.010573368181743703
2024-04-16 00:00:00+00:00,1027766.8012109537,7.936507936505158e-05,0.0,81.56232054685769,0.0,-0.011995794302254836
2024-04-17 00:00:00+00:00,1027848.3700047006,7.936507936505456e-05,0.0,81.5687937469011,0.0,-0.012436315809564391
2024-04-18 00:00:00+00:00,1027929.9452721613,7.936507936505246e-05,0.0,81.57526746069053,0.0,-0.013790625536570289
2024-04-19 00:00:00+00:00,1028011.5270138496,7.936507936511887e-05,0.0,81.58174168826677,0.0,-0.01384856662607703
2024-04-22 00:00:00+00:00,1028093.1152302793,7.936507936510086e-05,0.0,81.5882164296706,0.0,-0.012727346971448839
2024-04-23 00:00:00+00:00,1028174.7099219642,7.936507936507202e-05,0.0,81.5946916849428,0.0,-0.012458720216402597
2024-04-24 00:00:00+00:00,1028256.3110894184,7.936507936510591e-05,0.0,81.60116745412414,0.0,-0.011911003479585958
2024-04-25 00:00:00+00:00,1028337.9187331556,7.936507936504964e-05,0.0,81.60764373725543,0.0,-0.012592307514218248
2024-04-26 00:00:00+00:00,1028419.53285369,7.936507936508999e-05,0.0,81.61412053437743,0.0,-0.010699387180076236
2024-04-29 00:00:00+00:00,1028501.1534515355,7.936507936507405e-05,0.0,81.62059784553095,0.0,-0.01269068019191888
2024-04-30 00:00:00+00:00,1028582.7805272063,7.936507936507537e-05,0.0,81.62707567075678,0.0,-0.012812641614277531
2024-05-01 00:00:00+00:00,1028664.4140812163,7.936507936505428e-05,0.0,81.63355401009574,0.0,-0.011475149239601912
2024-05-02 00:00:00+00:00,1028746.0541140799,7.936507936508428e-05,0.0,81.6400328635886,0.0,-0.013933657501317143
2024-05-03 00:00:00+00:00,1028827.7006263112,7.936507936512571e-05,0.0,81.64651223127619,0.0,-0.011485343131910852
2024-05-06 00:00:00+00:00,1028909.3536184244,7.936507936502574e-05,0.0,81.6529921131993,0.0,-0.012759934185205601
2024-05-07 00:00:00+00:00,1028991.0130909338,7.936507936508418e-05,0.0,81.65947250939877,0.0,-0.01202167051136982
2024-05-08 00:00:00+00:00,1029072.6790443537,7.936507936503503e-05,0.0,81.66595341991538,0.0,-0.01267892343411603
2024-05-09 00:00:00+00:00,1029154.3514791984,7.936507936506493e-05,0.0,81.67243484478998,0.0,-0.013037042698682555
2024-05-10 00:00:00+00:00,1029236.0303959826,7.936507936513418e-05,0.0,81.67891678406336,0.0,-0.013979909047742822
2024-05-13 00:00:00+00:00,1029317.7157952203,7.936507936509002e-05,0.0,81.6853992377764,0.0,-0.012614374493101543
2024-05-14 00:00:00+00:00,1029399.4076774264,7.936507936511897e-05,0.0,81.69188220596986,0.0,-0.012918981667115581
2024-05-15 00:00:00+00:00,1029481.106043115,7.936507936506828e-05,0.0,81.69836568868463,0.0,-0.012946778001294845
2024-05-16 00:00:00+00:00,1029562.810892801,7.936507936512447e-05,0.0,81.7048496859615,0.0,-0.012561586431223404
2024-05-17 00:00:00+00:00,1029644.5222269989,7.936507936513477e-05,0.0,81.71133419784135,0.0,-0.013665420769350511
2024-05-20 00:00:00+00:00,1029726.2400462233,7.936507936505952e-05,0.0,81.71781922436499,0.0,-0.012478333433414868
2024-05-21 00:00:00+00:00,1029807.9643509889,7.93650793650852e-05,0.0,81.72430476557328,0.0,-0.012375161934914836
2024-05-22 00:00:00+00:00,1029889.6951418103,7.936507936505908e-05,0.0,81.73079082150706,0.0,-0.011683246527362634
2024-05-23 00:00:00+00:00,1029971.4324192025,7.936507936505451e-05,0.0,81.73727739220718,0.0,-0.012578842380586153
2024-05-24 00:00:00+00:00,1030053.1761836802,7.936507936503184e-05,0.0,81.74376447771449,0.0,-0.012067708397784038
2024-05-28 00:00:00+00:00,1030134.9264357582,7.936507936506443e-05,0.0,81.75025207806986,0.0,-0.013254406583233624
2024-05-29 00:00:00+00:00,1030216.6831759516,7.93650793651126e-05,0.0,81.75674019331414,0.0,-0.012344759300604302
2024-05-30 00:00:00+00:00,1030298.446404775,7.936507936502366e-05,0.0,81.76322882348822,0.0,-0.013275532814066793
2024-05-31 00:00:00+00:00,1030380.2161227437,7.936507936509698e-05,0.0,81.76971796863293,0.0,-0.013337745789056221
2024-06-03 00:00:00+00:00,1030461.9923303724,7.936507936506688e-05,0.0,81.77620762878918,0.0,-0.013305855353560325
2024-06-04 00:00:00+00:00,1030543.7750281765,7.936507936511967e-05,0.0,81.78269780399782,0.0,-0.012879666630473352
2024-06-05 00:00:00+00:00,1030625.5642166708,7.936507936510269e-05,0.0,81.78918849429972,0.0,-0.011980732465667998
2024-06-06 00:00:00+00:00,1030707.3598963706,7.936507936508924e-05,0.0,81.79567969973579,0.0,-0.01284114063929298
2024-06-07 00:00:00+00:00,1030789.1620677909,7.936507936503968e-05,0.0,81.80217142034687,0.0,-0.013503071491459906
2024-06-10 00:00:00+00:00,1030870.970731447,7.936507936502728e-05,0.0,81.80866365617388,0.0,-0.01391580911908541
2024-06-11 00:00:00+00:00,1030952.7858878543,7.93650793651253e-05,0.0,81.8151564072577,0.0,-0.00999965290306637
2024-06-12 00:00:00+00:00,1030557.018338683,-0.000383885231786353,0.21918754391960565,63.88736324222385,0.0,-0.010064966981591539
2024-06-13 00:00:00+00:00,1030586.2530426622,2.8367866560503487e-05,0.21927171909431437,63.85595311927374,3.1992938883259097,-0.00978821743245728
2024-06-14 00:00:00+00:00,1029180.3003031638,-0.0013642261725764979,0.0,81.79255976529065,3.1991588709469094,-0.009585315758961599
2024-06-17 00:00:00+00:00,1028771.0321879467,-0.00039766415573300575,0.22896551687689315,62.97884927656618,0.0,-0.009070058815120241
2024-06-18 00:00:00+00:00,1028972.6908048538,0.0001960189494043205,0.229056604478128,62.94636768012037,3.352888163625204,-0.010253989796315643
2024-06-20 00:00:00+00:00,1028018.6443079966,-0.000927183496105172,0.0,81.66449927022649,3.33972156765493,-0.009910408787884073
2024-06-21 00:00:00+00:00,1028100.2330892909,7.936507936509011e-05,0.0,81.58878129428544,0.0,-0.013322640645244022
2024-06-24 00:00:00+00:00,1028181.8283458853,7.936507936505095e-05,0.0,81.59525659438816,0.0,-0.013057792281623293
2024-06-25 00:00:00+00:00,1028263.4300782937,7.936507936507104e-05,0.0,81.60173240840359,0.0,-0.013356824233158093
2024-06-26 00:00:00+00:00,1028345.0382870301,7.936507936511074e-05,0.0,81.60820873637252,0.0,-0.013069326776774304
2024-06-27 00:00:00+00:00,1028426.6529726085,7.936507936513036e-05,0.0,81.61468557833572,0.0,-0.012846836132957229
2024-06-28 00:00:00+00:00,1028508.2741355428,7.936507936509025e-05,0.0,81.62116293433401,0.0,-0.013664409807424782
2024-07-01 00:00:00+00:00,1028589.9017763472,7.936507936506393e-05,0.0,81.62764080440816,0.0,-0.01414125147525258
2024-07-02 00:00:00+00:00,1028671.5358955358,7.936507936512493e-05,0.0,81.63411918859899,0.0,-0.013801784715778531
2024-07-03 00:00:00+00:00,1028753.1764936228,7.936507936512039e-05,0.0,81.64059808694729,0.0,-0.01271111649701151
2024-07-05 00:00:00+00:00,1028834.8235711224,7.93650793651238e-05,0.0,81.64707749949388,0.0,-0.013105585423160981
2024-07-08 00:00:00+00:00,1028916.4771285487,7.936507936509552e-05,0.0,81.65355742627955,0.0,-0.012946131908775804
2024-07-09 00:00:00+00:00,1028998.137166416,7.936507936510903e-05,0.0,81.66003786734514,0.0,-0.013396462587296654
2024-07-10 00:00:00+00:00,1029079.8036852388,7.936507936512463e-05,0.0,81.66651882273143,0.0,-0.013269841205327815
2024-07-11 00:00:00+00:00,1029161.4766855313,7.936507936510269e-05,0.0,81.67300029247927,0.0,-0.01303481703179088
2024-07-12 00:00:00+00:00,1029243.156167808,7.936507936511665e-05,0.0,81.67948227662947,0.0,-0.01331485810283528
2024-07-15 00:00:00+00:00,1029324.8421325833,7.936507936512684e-05,0.0,81.68596477522286,0.0,-0.013562492494925138
2024-07-16 00:00:00+00:00,1029406.5345803716,7.936507936509358e-05,0.0,81.69244778830026,0.0,-0.013263287990964656
2024-07-17 00:00:00+00:00,1029488.2335116875,7.936507936509033e-05,0.0,81.69893131590251,0.0,-0.012952605869104517
2024-07-18 00:00:00+00:00,1029569.9389270456,7.936507936507741e-05,0.0,81.70541535807044,0.0,-0.013630859185131072
2024-07-19 00:00:00+00:00,1029651.6508269605,7.936507936512822e-05,0.0,81.71189991484489,0.0,-0.012797994647907096
2024-07-22 00:00:00+00:00,1029733.3692119467,7.936507936509002e-05,0.0,81.7183849862667,0.0,-0.014182012181884751
2024-07-23 00:00:00+00:00,1029815.0940825191,7.936507936503621e-05,0.0,81.72487057237673,0.0,-0.01402838204659318
2024-07-24 00:00:00+00:00,1029896.8254391922,7.93650793650402e-05,0.0,81.7313566732158,0.0,-0.01359409069349038
2024-07-25 00:00:00+00:00,1029978.563282481,7.936507936506229e-05,0.0,81.73784328882478,0.0,-0.012530931450327465
2024-07-26 00:00:00+00:00,1030060.3076129003,7.936507936506282e-05,0.0,81.74433041924453,0.0,-0.013506432946188696
2024-07-29 00:00:00+00:00,1030142.0584309648,7.936507936511513e-05,0.0,81.7508180645159,0.0,-0.01351334393748882
2024-07-30 00:00:00+00:00,1030223.8157371895,7.936507936506654e-05,0.0,81.75730622467975,0.0,-0.012711336743391755
2024-07-31 00:00:00+00:00,1030305.5795320893,7.936507936510342e-05,0.0,81.76379489977694,0.0,-0.01244411747099683
2024-08-01 00:00:00+00:00,1030387.3498161791,7.936507936507308e-05,0.0,81.77028408984836,0.0,-0.013715840700175619
2024-08-02 00:00:00+00:00,1030469.126589974,7.936507936504886e-05,0.0,81.77677379493485,0.0,-0.014269823809229365
2024-08-05 00:00:00+00:00,1030550.9098539891,7.936507936510407e-05,0.0,81.78326401507731,0.0,-0.0107309365856052
2024-08-06 00:00:00+00:00,1030632.6996087395,7.936507936508605e-05,0.0,81.7897547503166,0.0,-0.012926737542998445
2024-08-07 00:00:00+00:00,1030714.4958547401,7.93650793650681e-05,0.0,81.79624600069361,0.0,-0.01162331448128473
2024-08-08 00:00:00+00:00,1030796.2985925064,7.936507936512353e-05,0.0,81.80273776624922,0.0,-0.012524230831935768
2024-08-09 00:00:00+00:00,1030878.1078225535,7.93650793650997e-05,0.0,81.80923004702431,0.0,-0.012365840607453826
2024-08-12 00:00:00+00:00,1030959.9235453965,7.936507936506988e-05,0.0,81.8157228430598,0.0,-0.013037132130687468
2024-08-13 00:00:00+00:00,1031041.745761551,7.936507936510735e-05,0.0,81.82221615439656,0.0,-0.013377999306245059
2024-08-14 00:00:00+00:00,1031123.574471532,7.936507936505951e-05,0.0,81.82870998107548,0.0,-0.014992977279987052
2024-08-15 00:00:00+00:00,1031205.4096758552,7.936507936511251e-05,0.0,81.83520432313746,0.0,-0.01406306283321701
2024-08-16 00:00:00+00:00,1031287.2513750358,7.936507936511377e-05,0.0,81.84169918062342,0.0,-0.014347108487180016
2024-08-19 00:00:00+00:00,1031369.0995695894,7.936507936502364e-05,0.0,81.84819455357427,0.0,-0.013923707716830158
2024-08-20 00:00:00+00:00,1031450.9542600313,7.936507936502823e-05,0.0,81.8546904420309,0.0,-0.013537831817274082
2024-08-21 00:00:00+00:00,1031532.8154468774,7.936507936508785e-05,0.0,81.86118684603423,0.0,-0.013464924390179434
2024-08-22 00:00:00+00:00,1031614.683130643,7.936507936504996e-05,0.0,81.86768376562519,0.0,-0.012744849502285938
2024-08-23 00:00:00+00:00,1031696.5573118438,7.93650793651006e-05,0.0,81.87418120084467,0.0,-0.013650634661085626
2024-08-26 00:00:00+00:00,1031778.4379909956,7.936507936508727e-05,0.0,81.88067915173364,0.0,-0.013560291661007362
2024-08-27 00:00:00+00:00,1031860.3251686139,7.936507936508313e-05,0.0,81.88717761833298,0.0,-0.014390280199130245
2024-08-28 00:00:00+00:00,1031942.2188452146,7.936507936504852e-05,0.0,81.89367660068365,0.0,-0.013480745579417253
2024-08-29 00:00:00+00:00,1032024.1190213134,7.93650793650566e-05,0.0,81.90017609882655,0.0,-0.013321601705214903
2024-08-30 00:00:00+00:00,1032106.0256974262,7.936507936506768e-05,0.0,81.90667611280264,0.0,-0.011713490248430602
2024-09-03 00:00:00+00:00,1032187.9388740688,7.936507936504211e-05,0.0,81.91317664265287,0.0,-0.013414892115513943
2024-09-04 00:00:00+00:00,1032269.8585517572,7.9365079365053e-05,0.0,81.91967768841816,0.0,-0.014943876544507795
2024-09-05 00:00:00+00:00,1032351.7847310073,7.936507936506069e-05,0.0,81.92617925013946,0.0,-0.01292428288705505
2024-09-06 00:00:00+00:00,1032433.7174123351,7.936507936502552e-05,0.0,81.93268132785772,0.0,-0.014622460298781448
2024-09-09 00:00:00+00:00,1032515.6565962568,7.936507936513333e-05,0.0,81.9391839216139,0.0,-0.01299167098227727
2024-09-10 00:00:00+00:00,1032597.6022832883,7.936507936511892e-05,0.0,81.94568703144895,0.0,-0.013728491336863158
2024-09-11 00:00:00+00:00,1032679.5544739456,7.936507936505542e-05,0.0,81.95219065740383,0.0,-0.01322971925412908
2024-09-12 00:00:00+00:00,1032761.5131687452,7.936507936512863e-05,0.0,81.95869479951949,0.0,-0.012107049505431178
2024-09-13 00:00:00+00:00,1032843.478368203,7.936507936507339e-05,0.0,81.96519945783692,0.0,-0.01369101789557714
2024-09-16 00:00:00+00:00,1032925.4500728354,7.936507936507552e-05,0.0,81.97170463239706,0.0,-0.013896554071905598
2024-09-17 00:00:00+00:00,1033007.4282831587,7.93650793650953e-05,0.0,81.9782103232409,0.0,-0.012456542310529173
2024-09-18 00:00:00+00:00,1033089.4129996891,7.936507936509311e-05,0.0,81.98471653040941,0.0,-0.012588243034273638
2024-09-19 00:00:00+00:00,1033171.404222943,7.936507936502925e-05,0.0,81.99122325394357,0.0,-0.014094493199809932
2024-09-20 00:00:00+00:00,1033253.4019534369,7.936507936508945e-05,0.0,81.99773049388436,0.0,-0.015722535880050792
2024-09-23 00:00:00+00:00,1032816.4105090218,-0.0004229276609096095,0.25,61.503178687704576,0.0,-0.0166682176729962
2024-09-24 00:00:00+00:00,1032869.3056699546,5.121448535729894e-05,0.250105776651099,61.46849682703672,3.829600093414381,-0.016695966166778042
2024-09-25 00:00:00+00:00,1032282.6624024699,-0.0005679743451222166,0.0,81.97375441825037,3.858752444688225,-0.011907302500649308
2024-09-26 00:00:00+00:00,1032364.5895978987,7.936507936506653e-05,0.0,81.92719542876745,0.0,-0.01344960442503762
2024-09-27 00:00:00+00:00,1032446.5232954858,7.936507936505723e-05,0.0,81.93369758713482,0.0,-0.013898645688493083
2024-09-30 00:00:00+00:00,1032528.4634957473,7.936507936507197e-05,0.0,81.9402002615465,0.0,-0.011792215733423816
2024-10-01 00:00:00+00:00,1032610.4101991993,7.936507936507106e-05,0.0,81.94670345204344,0.0,-0.011378012347642574
2024-10-02 00:00:00+00:00,1032692.363406358,7.936507936512757e-05,0.0,81.95320715866661,0.0,-0.01292808443426896
2024-10-03 00:00:00+00:00,1032774.3231177395,7.936507936508912e-05,0.0,81.95971138145698,0.0,-0.012940651364509392
2024-10-04 00:00:00+00:00,1032856.2893338599,7.936507936502876e-05,0.0,81.96621612045551,0.0,-0.013781246326687757
2024-10-07 00:00:00+00:00,1032938.2620552357,7.936507936513229e-05,0.0,81.97272137570317,0.0,-0.011764802239604855
2024-10-08 00:00:00+00:00,1033020.241282383,7.936507936513455e-05,0.0,81.97922714724093,0.0,-0.012821621608080314
2024-10-09 00:00:00+00:00,1033102.2270158181,7.936507936510862e-05,0.0,81.98573343510976,0.0,-0.011740711617282962
2024-10-10 00:00:00+00:00,1033184.2192560575,7.936507936512754e-05,0.0,81.99224023935065,0.0,-0.012122117379417041
2024-10-11 00:00:00+00:00,1033266.2180036175,7.936507936503894e-05,0.0,81.99874756000456,0.0,-0.013663124264036597
2024-10-14 00:00:00+00:00,1033348.2232590145,7.936507936502852e-05,0.0,82.00525539711249,0.0,-0.012883829735052643
2024-10-15 00:00:00+00:00,1033430.2350227652,7.936507936505658e-05,0.0,82.01176375071545,0.0,-0.011384305262209793
2024-10-16 00:00:00+00:00,1033512.2532953861,7.936507936508347e-05,0.0,82.01827262085439,0.0,-0.014547051640855457
2024-10-17 00:00:00+00:00,1033594.2780773937,7.93650793650695e-05,0.0,82.02478200757032,0.0,-0.012194150824146988
2024-10-18 00:00:00+00:00,1033676.3093693046,7.936507936508767e-05,0.0,82.03129191090426,0.0,-0.011946473487131293
2024-10-21 00:00:00+00:00,1033758.3471716355,7.936507936509828e-05,0.0,82.0378023308972,0.0,-0.012856643396997214
2024-10-22 00:00:00+00:00,1033840.391484903,7.936507936506169e-05,0.0,82.04431326759011,0.0,-0.011919652543403991
2024-10-23 00:00:00+00:00,1033922.442309624,7.936507936505085e-05,0.0,82.05082472102406,0.0,-0.012250859173456696
2024-10-24 00:00:00+00:00,1034004.4996463152,7.936507936502608e-05,0.0,82.05733669124001,0.0,-0.012901158963191328
2024-10-25 00:00:00+00:00,1034086.5634954935,7.936507936506028e-05,0.0,82.06384917827899,0.0,-0.013719728198218206
2024-10-28 00:00:00+00:00,1034168.6338576757,7.936507936511382e-05,0.0,82.07036218218202,0.0,-0.012874611608477693
2024-10-29 00:00:00+00:00,1034250.7107333787,7.936507936503441e-05,0.0,82.07687570299014,0.0,-0.012552310802533384
2024-10-30 00:00:00+00:00,1034332.7941231194,7.936507936512014e-05,0.0,82.08338974074434,0.0,-0.014735839046960741
2024-10-31 00:00:00+00:00,1034414.884027415,7.936507936510619e-05,0.0,82.08990429548567,0.0,-0.012790512942906673
2024-11-01 00:00:00+00:00,1034496.9804467822,7.936507936506543e-05,0.0,82.09641936725515,0.0,-0.015344561046968686
2024-11-04 00:00:00+00:00,1034579.0833817383,7.936507936507077e-05,0.0,82.10293495609382,0.0,-0.012857811433754307
2024-11-05 00:00:00+00:00,1034661.1928328003,7.936507936508252e-05,0.0,82.10945106204272,0.0,-0.013019270620498347
2024-11-06 00:00:00+00:00,1034743.3088004855,7.936507936506103e-05,0.0,82.11596768514288,0.0,-0.013014384229640186
2024-11-07 00:00:00+00:00,1034825.4312853109,7.936507936507912e-05,0.0,82.12248482543535,0.0,-0.012580568639213752
2024-11-08 00:00:00+00:00,1034907.5602877939,7.936507936509712e-05,0.0,82.12900248296118,0.0,-0.013635660410898254
2024-11-11 00:00:00+00:00,1034989.6958084516,7.936507936507538e-05,0.0,82.13552065776142,0.0,-0.013300930151493695
2024-11-12 00:00:00+00:00,1035071.8378478015,7.936507936508672e-05,0.0,82.14203934987711,0.0,-0.012946092477007731
2024-11-13 00:00:00+00:00,1035153.9864063609,7.936507936509145e-05,0.0,82.14855855934933,0.0,-0.013038323935189666
2024-11-14 00:00:00+00:00,1035236.141484647,7.936507936504994e-05,0.0,82.15507828621912,0.0,-0.013878429595203912
2024-11-15 00:00:00+00:00,1035318.3030831775,7.936507936503495e-05,0.0,82.16159853052754,0.0,-0.01171902053767404
2024-11-18 00:00:00+00:00,1035400.4712024699,7.936507936511928e-05,0.0,82.16811929231568,0.0,-0.012626991758073913
2024-11-19 00:00:00+00:00,1035482.6458430415,7.936507936503836e-05,0.0,82.1746405716246,0.0,-0.012778311932385655
2024-11-20 00:00:00+00:00,1035564.82700541,7.936507936508983e-05,0.0,82.18116236849535,0.0,-0.012543638742418928
2024-11-21 00:00:00+00:00,1035647.014690093,7.93650793651216e-05,0.0,82.18768468296905,0.0,-0.012748566074749057
2024-11-22 00:00:00+00:00,1035729.2088976081,7.936507936509397e-05,0.0,82.19420751508675,0.0,-0.012461459007286457
2024-11-25 00:00:00+00:00,1035811.409628473,7.936507936507974e-05,0.0,82.20073086488954,0.0,-0.01688214702594415
2024-11-26 00:00:00+00:00,1035351.6070185322,-0.0004439057203527821,0.25000000000000006,61.655441049313865,0.0,-0.012917300857714586
2024-11-27 00:00:00+00:00,1035484.7248938414,0.0001285726263491593,0.25011102571503824,61.618948778683645,3.8362760641836253,-0.012346693874834003
2024-11-29 00:00:00+00:00,1035605.9003568318,0.00011702293628990049,0.25007887241761706,61.62951368942247,3.864860422320147,-0.011847009794752061
2024-12-02 00:00:00+00:00,1035501.6476603422,-0.00010066831065153333,0.250049610877934,61.6391307896598,3.8614601804849755,-0.013081963852796363
2024-12-03 00:00:00+00:00,1035641.6811569077,0.0001352325193126757,0.2500747854841252,61.63085676612888,3.869534095419629,-0.012451611332649826
2024-12-04 00:00:00+00:00,1035635.0723598838,-6.381354810386839e-06,0.2500409718135755,61.64197053569758,3.8841807960882067,-0.012929437098893715
2024-12-05 00:00:00+00:00,1035694.8116560283,5.768373217443254e-05,0.2500425674239159,61.64144602799726,3.877580925537351,-0.012919275047229561
2024-12-06 00:00:00+00:00,1035597.09474007,-9.434914113547302e-05,0.2500281448673713,61.64618724197698,3.876566157893734,-0.01409369101637381
2024-12-09 00:00:00+00:00,1035794.8774223545,0.0001909841996361746,0.2500517370339999,61.63843193118666,3.864512304594654,-0.013046216212055484
2024-12-10 00:00:00+00:00,1035850.3215665736,5.352811201096124e-05,0.2500039902220215,61.6541289694632,3.857568954136018,-0.013069371021850351
2024-12-11 00:00:00+00:00,1035908.757684264,5.641366949814684e-05,0.2499906086967175,61.658529298369466,3.881237345138323,-0.013046395105236641
2024-12-12 00:00:00+00:00,1036009.4460140306,9.719806789905507e-05,0.2499765066046916,61.66316708548775,3.870935448620796,-0.01272904635845773
2024-12-13 00:00:00+00:00,1036002.2281153206,-6.967020173241746e-06,0.2499522117326441,61.67115822277083,3.8618492667584565,-0.013229048139212551
2024-12-16 00:00:00+00:00,1036127.4246747929,0.00012084583997479856,0.24995395316687818,61.670585373666846,3.878781680480065,-0.012705757374618543
2024-12-17 00:00:00+00:00,1036591.2917700158,0.00044769309659815486,0.24992375092126845,61.68052160854561,3.8842403159070362,-0.009611571203525848
2024-12-18 00:00:00+00:00,1035580.7409324761,-0.0009748787642371254,0.0,82.26915014047745,3.7733373336856424,-0.009690613939476123
2024-12-19 00:00:00+00:00,1035662.9298801692,7.93650793651198e-05,0.0,82.18894769305366,0.0,-0.009247651039548721
2024-12-20 00:00:00+00:00,1035745.1253507946,7.936507936508708e-05,0.0,82.19547062541025,0.0,-0.010732350312303574
2024-12-23 00:00:00+00:00,1035827.3273448701,7.936507936506004e-05,0.0,82.2019940754599,0.0,-0.013643597290055709
2024-12-24 00:00:00+00:00,1035909.5358629134,7.936507936511142e-05,0.0,82.20851804324366,0.0,-0.01405942780202718
2024-12-26 00:00:00+00:00,1035991.7509054422,7.936507936508914e-05,0.0,82.21504252880264,0.0,-0.012535546722887148
2024-12-27 00:00:00+00:00,1036073.9724729743,7.936507936506595e-05,0.0,82.22156753217794,0.0,-0.013223003107027509
2024-12-30 00:00:00+00:00,1036156.2005660278,7.936507936511452e-05,0.0,82.22809305341066,0.0,-0.01271228791696366
2024-12-31 00:00:00+00:00,1036238.4351851203,7.936507936508282e-05,0.0,82.23461909254189,0.0,-0.013908496401130677
2025-01-02 00:00:00+00:00,1036320.6763307699,7.936507936504357e-05,0.0,82.24114564961272,0.0,-0.012869781065349528
2025-01-03 00:00:00+00:00,1036402.9240034946,7.936507936506942e-05,0.0,82.24767272466428,0.0,-0.012671602785866654
2025-01-06 00:00:00+00:00,1036485.1782038123,7.936507936512069e-05,0.0,82.25420031773767,0.0,-0.012916676498239354
2025-01-07 00:00:00+00:00,1036567.4389322412,7.936507936504539e-05,0.0,82.26072842887399,0.0,-0.012467246141317112
2025-01-08 00:00:00+00:00,1036649.7061892992,7.93650793650285e-05,0.0,82.26725705811438,0.0,-0.012961816894315525
2025-01-10 00:00:00+00:00,1036731.9799755047,7.936507936503036e-05,0.0,82.27378620549995,0.0,-0.013068556135954701
2025-01-13 00:00:00+00:00,1036814.2602913758,7.936507936512357e-05,0.0,82.2803158710718,0.0,-0.013028269075649135
2025-01-14 00:00:00+00:00,1036896.5471374306,7.936507936504388e-05,0.0,82.28684605487109,0.0,-0.013632474771219094
2025-01-15 00:00:00+00:00,1036978.8405141876,7.936507936508851e-05,0.0,82.29337675693894,0.0,-0.013016363037471557
2025-01-16 00:00:00+00:00,1037061.1404221649,7.936507936510547e-05,0.0,82.29990797731648,0.0,-0.012454735947538431
2025-01-17 00:00:00+00:00,1037143.446861881,7.936507936505509e-05,0.0,82.30643971604484,0.0,-0.012038017426094783
2025-01-21 00:00:00+00:00,1037225.7598338542,7.936507936512226e-05,0.0,82.31297197316515,0.0,-0.012801359142130764
2025-01-22 00:00:00+00:00,1037308.0793386028,7.936507936504277e-05,0.0,82.31950474871859,0.0,-0.012937161990416612
2025-01-23 00:00:00+00:00,1037390.4053766456,7.936507936511371e-05,0.0,82.32603804274626,0.0,-0.012868969470375191
2025-01-24 00:00:00+00:00,1037472.7379485009,7.93650793650709e-05,0.0,82.33257185528933,0.0,-0.012041534815175226
2025-01-27 00:00:00+00:00,1037555.0770546873,7.936507936509914e-05,0.0,82.33910618638896,0.0,-0.01235934229491864
2025-01-28 00:00:00+00:00,1037637.4226957234,7.936507936504655e-05,0.0,82.34564103608629,0.0,-0.01281833063130211
2025-01-29 00:00:00+00:00,1037719.7748721278,7.936507936509789e-05,0.0,82.3521764044225,0.0,-0.012597700892042596
2025-01-30 00:00:00+00:00,1037802.1335844193,7.936507936510124e-05,0.0,82.35871229143872,0.0,-0.013052498725389938
2025-01-31 00:00:00+00:00,1037884.4988331165,7.936507936512914e-05,0.0,82.36524869717613,0.0,-0.014510636502610197
2025-02-03 00:00:00+00:00,1037966.8706187381,7.936507936502978e-05,0.0,82.37178562167591,0.0,-0.013317066787870147
2025-02-04 00:00:00+00:00,1038049.2489418031,7.936507936509995e-05,0.0,82.37832306497921,0.0,-0.012858660015035106
2025-02-05 00:00:00+00:00,1038131.6338028302,7.936507936507568e-05,0.0,82.38486102712723,0.0,-0.01259995914863854
2025-02-06 00:00:00+00:00,1038214.0252023384,7.936507936502945e-05,0.0,82.39139950816113,0.0,-0.012873889603703503
2025-02-07 00:00:00+00:00,1038296.4231408464,7.936507936503375e-05,0.0,82.3979385081221,0.0,-0.013318146982922663
2025-02-10 00:00:00+00:00,1038378.8276188734,7.936507936504889e-05,0.0,82.4044780270513,0.0,-0.014731928428772356
2025-02-11 00:00:00+00:00,1038461.2386369384,7.936507936503518e-05,0.0,82.41101806498996,0.0,-0.012792894388512721
2025-02-12 00:00:00+00:00,1038543.6561955604,7.93650793650651e-05,0.0,82.41755862197924,0.0,-0.012401879368010071
2025-02-13 00:00:00+00:00,1038626.0802952584,7.936507936509895e-05,0.0,82.42409969806035,0.0,-0.013078972291139301
2025-02-14 00:00:00+00:00,1038708.5109365517,7.936507936509706e-05,0.0,82.43064129327448,0.0,-0.012882368031390534
2025-02-18 00:00:00+00:00,1038790.9481199594,7.936507936513188e-05,0.0,82.43718340766283,0.0,-0.012904414150558985
2025-02-19 00:00:00+00:00,1038873.3918460007,7.936507936505164e-05,0.0,82.44372604126663,0.0,-0.01309632552285045
2025-02-20 00:00:00+00:00,1038955.8421151948,7.936507936504084e-05,0.0,82.45026919412703,0.0,-0.013057362119051952
2025-02-21 00:00:00+00:00,1039038.298928061,7.936507936505978e-05,0.0,82.4568128662853,0.0,-0.013802383189086775
2025-02-24 00:00:00+00:00,1039120.7622851188,7.936507936506881e-05,0.0,82.46335705778262,0.0,-0.012023604786044473
2025-02-25 00:00:00+00:00,1039203.2321868874,7.936507936502823e-05,0.0,82.46990176866022,0.0,-0.012750066060876364
2025-02-26 00:00:00+00:00,1039285.7086338864,7.936507936512246e-05,0.0,82.47644699895932,0.0,-0.011815155530439547
2025-02-27 00:00:00+00:00,1039368.1916266351,7.936507936508778e-05,0.0,82.48299274872114,0.0,-0.012671435355255056
2025-02-28 00:00:00+00:00,1039450.6811656532,7.936507936510854e-05,0.0,82.48953901798691,0.0,-0.012341185347084505
2025-03-03 00:00:00+00:00,1039533.1772514599,7.936507936503308e-05,0.0,82.49608580679786,0.0,-0.01361687953772961
2025-03-04 00:00:00+00:00,1039615.6798845751,7.936507936504574e-05,0.0,82.50263311519524,0.0,-0.012958845846621436
2025-03-05 00:00:00+00:00,1039698.1890655183,7.936507936510682e-05,0.0,82.50918094322024,0.0,-0.012931922822897235
2025-03-06 00:00:00+00:00,1039780.7047948092,7.936507936506469e-05,0.0,82.51572929091415,0.0,-0.01329728174620648
2025-03-07 00:00:00+00:00,1039863.2270729676,7.936507936510361e-05,0.0,82.52227815831819,0.0,-0.014626415768947965
2025-03-10 00:00:00+00:00,1039945.755900513,7.936507936507195e-05,0.0,82.52882754547362,0.0,-0.011253770215478909
2025-03-11 00:00:00+00:00,1040028.2912779654,7.9365079365042e-05,0.0,82.53537745242167,0.0,-0.012024960130050388
2025-03-12 00:00:00+00:00,1040110.8332058446,7.936507936508606e-05,0.0,82.5419278792036,0.0,-0.008518677506352823
2025-03-13 00:00:00+00:00,1039647.7571231113,-0.0004452180171088533,0.25000000000000006,61.91135911939551,0.0,-0.012530073958574306
2025-03-14 00:00:00+00:00,1038783.574563581,-0.0008312263010325692,0.0,82.51172675580248,3.7061434486992963,-0.013669457475224966
2025-03-17 00:00:00+00:00,1038866.0177044194,7.936507936511036e-05,0.0,82.44314083837945,0.0,-0.012839807786651392
2025-03-18 00:00:00+00:00,1038948.4673883643,7.936507936509469e-05,0.0,82.4496839447952,0.0,-0.009196702830869263
2025-03-19 00:00:00+00:00,1038376.1863761774,-0.0005508271393146734,0.25000000000000006,61.84217067787882,0.0,-0.009389764134336787
2025-03-20 00:00:00+00:00,1038316.9912248062,-5.7007423848737966e-05,0.2501377826792678,61.79675154992748,3.661048661108373,-0.008506837915638776
2025-03-21 00:00:00+00:00,1037599.7041732401,-0.0006908170218036638,0.0,82.40611041466715,3.692608085139071,-0.011900225947487186
2025-03-24 00:00:00+00:00,1037682.053356111,7.936507936512315e-05,0.0,82.34918287089208,0.0,-0.012797254035321615
2025-03-25 00:00:00+00:00,1037764.4090746314,7.936507936510564e-05,0.0,82.35571852032628,0.0,-0.012299213211686144
2025-03-26 00:00:00+00:00,1037846.7713293199,7.936507936513086e-05,0.0,82.36225468846281,0.0,-0.010569898473939965
2025-03-27 00:00:00+00:00,1037929.1401206952,7.936507936504697e-05,0.0,82.36879137534285,0.0,-0.01326518073740246
2025-03-28 00:00:00+00:00,1038011.5154492762,7.936507936503864e-05,0.0,82.37532858100755,0.0,-0.014757588135285715
2025-03-31 00:00:00+00:00,1038093.8973155817,7.936507936506619e-05,0.0,82.38186630549811,0.0,-0.01249458216742294
2025-04-01 00:00:00+00:00,1038176.2857201305,7.936507936508995e-05,0.0,82.38840454885569,0.0,-0.014026689505333145
2025-04-02 00:00:00+00:00,1038258.6806634417,7.936507936507024e-05,0.0,82.39494331112147,0.0,-0.011727718393570008
2025-04-03 00:00:00+00:00,1038341.082146034,7.936507936507955e-05,0.0,82.40148259233663,0.0,-0.013256593079255197
2025-04-04 00:00:00+00:00,1038423.4901684265,7.93650793650782e-05,0.0,82.40802239254238,0.0,-0.011616652001463557
2025-04-07 00:00:00+00:00,1038505.9047311383,7.936507936502652e-05,0.0,82.41456271177988,0.0,-0.011753498594988088
2025-04-08 00:00:00+00:00,1038588.3258346884,7.936507936510907e-05,0.0,82.42110355009034,0.0,-0.010252017731422924
2025-04-09 00:00:00+00:00,1038670.7534795959,7.936507936506195e-05,0.0,82.42764490751495,0.0,-0.01214359877043858
2025-04-10 00:00:00+00:00,1038753.18766638,7.936507936506972e-05,0.0,82.4341867840949,0.0,-0.012415213265136948
2025-04-11 00:00:00+00:00,1038835.6283955598,7.936507936509266e-05,0.0,82.44072917987143,0.0,-0.011592918919893336
2025-04-14 00:00:00+00:00,1038918.0756676547,7.936507936509113e-05,0.0,82.4472720948857,0.0,-0.013214942503791072
2025-04-15 00:00:00+00:00,1039000.5294831839,7.936507936502547e-05,0.0,82.45381552917895,0.0,-0.012156318995336868
2025-04-16 00:00:00+00:00,1039082.9898426667,7.93650793650801e-05,0.0,82.46035948279237,0.0,-0.012428757079579356
2025-04-17 00:00:00+00:00,1039165.4567466225,7.936507936510331e-05,0.0,82.4669039557672,0.0,-0.012572562122327824
2025-04-21 00:00:00+00:00,1039247.9301955706,7.936507936505543e-05,0.0,82.47344894814464,0.0,-0.011951483829790277
2025-04-22 00:00:00+00:00,1039330.4101900306,7.936507936512086e-05,0.0,82.47999445996592,0.0,-0.011656175572348992
2025-04-23 00:00:00+00:00,1039412.8967305218,7.936507936503586e-05,0.0,82.48654049127227,0.0,-0.011822095892111584
2025-04-24 00:00:00+00:00,1039495.3898175639,7.936507936509685e-05,0.0,82.4930870421049,0.0,-0.01292862135814321
2025-04-25 00:00:00+00:00,1039577.8894516764,7.93650793650401e-05,0.0,82.49963411250508,0.0,-0.012240879583659492
2025-04-28 00:00:00+00:00,1039660.3956333789,7.936507936504997e-05,0.0,82.506181702514,0.0,-0.011916250707193932
2025-04-29 00:00:00+00:00,1039742.9083631911,7.936507936508676e-05,0.0,82.51272981217292,0.0,-0.012176516398930026
2025-04-30 00:00:00+00:00,1039825.4276416326,7.936507936511081e-05,0.0,82.5192784415231,0.0,-0.01265994594397668
2025-05-01 00:00:00+00:00,1039907.9534692232,7.936507936508245e-05,0.0,82.52582759060576,0.0,-0.013620041217766499
2025-05-02 00:00:00+00:00,1039990.4858464827,7.936507936507397e-05,0.0,82.53237725946217,0.0,-0.013368282265837195
2025-05-05 00:00:00+00:00,1040073.0247739308,7.936507936504571e-05,0.0,82.53892744813355,0.0,-0.013751986930936155
2025-05-06 00:00:00+00:00,1040155.5702520874,7.936507936506995e-05,0.0,82.54547815666118,0.0,-0.01247516665469739
2025-05-07 00:00:00+00:00,1040238.1222814725,7.936507936510697e-05,0.0,82.5520293850863,0.0,-0.012417398691917825
2025-05-08 00:00:00+00:00,1040320.680862606,7.936507936511714e-05,0.0,82.5585811334502,0.0,-0.012292636952072833
2025-05-09 00:00:00+00:00,1040403.2459960078,7.936507936506078e-05,0.0,82.56513340179413,0.0,-0.011017916826781438
2025-05-12 00:00:00+00:00,1040485.817682198,7.936507936512206e-05,0.0,82.57168619015935,0.0,-0.012677352429407485
2025-05-13 00:00:00+00:00,1040568.3959216966,7.936507936503747e-05,0.0,82.57823949858714,0.0,-0.01264685005572641
2025-05-14 00:00:00+00:00,1040650.9807150237,7.936507936510304e-05,0.0,82.58479332711877,0.0,-0.012637250986985649
2025-05-15 00:00:00+00:00,1040733.5720626995,7.936507936505534e-05,0.0,82.59134767579553,0.0,-0.012783111679708803
2025-05-16 00:00:00+00:00,1040816.1699652441,7.936507936507842e-05,0.0,82.5979025446587,0.0,-0.014249787389103652
2025-05-19 00:00:00+00:00,1040898.7744231779,7.936507936513261e-05,0.0,82.60445793374953,0.0,-0.014023073118399232
2025-05-20 00:00:00+00:00,1040981.385437021,7.93650793650664e-05,0.0,82.61101384310936,0.0,-0.012045849577003054
2025-05-21 00:00:00+00:00,1041064.0030072938,7.936507936506382e-05,0.0,82.61757027277945,0.0,-0.01251806673338951
2025-05-22 00:00:00+00:00,1041146.6271345166,7.936507936508518e-05,0.0,82.62412722280109,0.0,-0.012244010555981788
2025-05-23 00:00:00+00:00,1041229.2578192098,7.936507936509082e-05,0.0,82.6306846932156,0.0,-0.012438041718423776
2025-05-27 00:00:00+00:00,1041311.8950618939,7.936507936504105e-05,0.0,82.63724268406428,0.0,-0.012455334236219251
2025-05-28 00:00:00+00:00,1041394.5388630893,7.936507936511986e-05,0.0,82.6438011953884,0.0,-0.01159119790835117
2025-05-29 00:00:00+00:00,1041477.1892233165,7.936507936506394e-05,0.0,82.65036022722931,0.0,-0.014587655601070004
2025-05-30 00:00:00+00:00,1041559.8461430961,7.936507936505722e-05,0.0,82.6569197796283,0.0,-0.013030303418715583
2025-06-02 00:00:00+00:00,1041642.5096229487,7.936507936506004e-05,0.0,82.66347985262668,0.0,-0.012825080832139513
2025-06-03 00:00:00+00:00,1041725.1796633949,7.93650793650327e-05,0.0,82.67004044626577,0.0,-0.012729129470488765
2025-06-04 00:00:00+00:00,1041807.8562649555,7.936507936504734e-05,0.0,82.6766015605869,0.0,-0.01387198797758149
2025-06-05 00:00:00+00:00,1041890.5394281511,7.936507936506424e-05,0.0,82.6831631956314,0.0,-0.013506002993315391
2025-06-06 00:00:00+00:00,1041973.2291535025,7.936507936504376e-05,0.0,82.68972535144056,0.0,-0.012393881434025644
2025-06-09 00:00:00+00:00,1042055.9254415305,7.936507936505797e-05,0.0,82.69628802805575,0.0,-0.012824721480802381
2025-06-10 00:00:00+00:00,1042138.628292756,7.936507936506717e-05,0.0,82.7028512255183,0.0,-0.01385024475244645
2025-06-11 00:00:00+00:00,1042221.3377076999,7.936507936503171e-05,0.0,82.70941494386953,0.0,-0.013053748298816892
2025-06-12 00:00:00+00:00,1042304.053686883,7.936507936502365e-05,0.0,82.71597918315078,0.0,-0.01489612578547117
2025-06-13 00:00:00+00:00,1042386.7762308264,7.9365079365115e-05,0.0,82.72254394340341,0.0,-0.011988503715915755
2025-06-16 00:00:00+00:00,1042469.505340051,7.936507936504268e-05,0.0,82.72910922466876,0.0,-0.009748061305181466
2025-06-17 00:00:00+00:00,1042082.9455065348,-0.00037081164632259963,0.2158889579867799,64.87395635707885,0.0,-0.009985201246088593
2025-06-18 00:00:00+00:00,1042079.3852853038,-3.4164470748822224e-06,0.2159690418227329,64.84327700521249,3.144428216547407,-0.009398016359631889
2025-06-20 00:00:00+00:00,1041519.5448146712,-0.0005372339943941792,0.0,82.70471311788125,3.1578244613859323,-0.011930763935212418
2025-06-23 00:00:00+00:00,1041602.2050960057,7.936507936511806e-05,0.0,82.66028133449771,0.0,-0.012968992356388931
2025-06-24 00:00:00+00:00,1041684.8719376799,7.93650793650416e-05,0.0,82.66684167428616,0.0,-0.012225370104252065
2025-06-25 00:00:00+00:00,1041767.5453402146,7.936507936502644e-05,0.0,82.6734025347365,0.0,-0.012224542475943068
2025-06-26 00:00:00+00:00,1041850.2253041305,7.936507936503291e-05,0.0,82.67996391589006,0.0,-0.013307707622787213
2025-06-27 00:00:00+00:00,1041932.9118299483,7.936507936513307e-05,0.0,82.68652581778814,0.0,-0.013589822984322986
2025-06-30 00:00:00+00:00,1042015.6049181888,7.936507936506377e-05,0.0,82.6930882404721,0.0,-0.011964269988703258
2025-07-01 00:00:00+00:00,1042098.3045693728,7.936507936512055e-05,0.0,82.69965118398324,0.0,-0.013028039775414335
2025-07-02 00:00:00+00:00,1042181.0107840211,7.936507936504029e-05,0.0,82.70621464836292,0.0,-0.01342907413628236
2025-07-03 00:00:00+00:00,1042263.7235626548,7.936507936511848e-05,0.0,82.71277863365246,0.0,-0.012826060876245826
2025-07-07 00:00:00+00:00,1042346.4429057947,7.936507936509201e-05,0.0,82.71934313989324,0.0,-0.01256518851448618
2025-07-08 00:00:00+00:00,1042429.1688139618,7.936507936503292e-05,0.0,82.72590816712656,0.0,-0.012724005395508442
2025-07-09 00:00:00+00:00,1042511.9012876772,7.936507936512494e-05,0.0,82.7324737153938,0.0,-0.012721552054714813
2025-07-10 00:00:00+00:00,1042594.640327462,7.936507936510499e-05,0.0,82.73903978473629,0.0,-0.013042975221707387
2025-07-11 00:00:00+00:00,1042677.3859338372,7.936507936504512e-05,0.0,82.7456063751954,0.0,-0.01298129700865136
2025-07-14 00:00:00+00:00,1042760.138107324,7.936507936512897e-05,0.0,82.75217348681247,0.0,-0.012383976165913246
2025-07-15 00:00:00+00:00,1042842.8968484437,7.936507936509354e-05,0.0,82.7587411196289,0.0,-0.01308945707873832
2025-07-16 00:00:00+00:00,1042925.6621577174,7.936507936512248e-05,0.0,82.765309273686,0.0,-0.012852213330365458
2025-07-17 00:00:00+00:00,1043008.4340356664,7.936507936506447e-05,0.0,82.7718779490252,0.0,-0.012250664230700536
2025-07-18 00:00:00+00:00,1043091.2124828121,7.93650793651031e-05,0.0,82.7784471456878,0.0,-0.012636407478185063
2025-07-21 00:00:00+00:00,1043173.9974996758,7.936507936508708e-05,0.0,82.78501686371524,0.0,-0.01277186981697298
2025-07-22 00:00:00+00:00,1043256.789086779,7.936507936508834e-05,0.0,82.79158710314887,0.0,-0.012826704263145139
2025-07-23 00:00:00+00:00,1043339.587244643,7.936507936506722e-05,0.0,82.79815786403007,0.0,-0.012710343350947007
2025-07-24 00:00:00+00:00,1043422.3919737894,7.936507936509566e-05,0.0,82.80472914640023,0.0,-0.012611605992435493
2025-07-25 00:00:00+00:00,1043505.2032747398,7.936507936513394e-05,0.0,82.81130095030075,0.0,-0.012444693107257265
2025-07-28 00:00:00+00:00,1043588.0211480155,7.936507936503085e-05,0.0,82.817873275773,0.0,-0.012836322204533346
2025-07-29 00:00:00+00:00,1043670.8455941384,7.936507936508144e-05,0.0,82.82444612285838,0.0,-0.013176961871415038
2025-07-30 00:00:00+00:00,1043753.67661363,7.936507936513443e-05,0.0,82.83101949159828,0.0,-0.012983614474068261
2025-07-31 00:00:00+00:00,1043836.514207012,7.936507936503863e-05,0.0,82.83759338203413,0.0,-0.01269791469689352
2025-08-01 00:00:00+00:00,1043919.3583748062,7.9365079365089e-05,0.0,82.84416779420731,0.0,-0.013183830146369147
2025-08-04 00:00:00+00:00,1044002.2091175345,7.936507936513431e-05,0.0,82.85074272815922,0.0,-0.013072325613278757
2025-08-05 00:00:00+00:00,1044085.0664357184,7.936507936513488e-05,0.0,82.85731818393131,0.0,-0.01302078422834807
2025-08-06 00:00:00+00:00,1044167.93032988,7.936507936505108e-05,0.0,82.86389416156496,0.0,-0.013155599432883136
2025-08-07 00:00:00+00:00,1044250.8008005411,7.936507936506625e-05,0.0,82.87047066110159,0.0,-0.012874538388219392
2025-08-08 00:00:00+00:00,1044333.6778482236,7.936507936502921e-05,0.0,82.87704768258263,0.0,-0.012642302487591905
2025-08-11 00:00:00+00:00,1044416.5614734497,7.936507936512325e-05,0.0,82.88362522604949,0.0,-0.012767255698977742
2025-08-12 00:00:00+00:00,1044499.4516767412,7.936507936508573e-05,0.0,82.89020329154363,0.0,-0.012805321380809254
2025-08-13 00:00:00+00:00,1044582.3484586204,7.936507936509995e-05,0.0,82.89678187910644,0.0,-0.012965923101996069
2025-08-14 00:00:00+00:00,1044665.2518196092,7.936507936512623e-05,0.0,82.9033609887794,0.0,-0.01285584697542852
2025-08-15 00:00:00+00:00,1044748.1617602299,7.93650793651249e-05,0.0,82.9099406206039,0.0,-0.012601107181920312
2025-08-18 00:00:00+00:00,1044831.0782810044,7.936507936505629e-05,0.0,82.91652077462142,0.0,-0.012818009625209292
2025-08-19 00:00:00+00:00,1044914.0013824553,7.93650793651036e-05,0.0,82.92310145087338,0.0,-0.013823154413810101
2025-08-20 00:00:00+00:00,1044996.9310651048,7.936507936511571e-05,0.0,82.92968264940122,0.0,-0.013147174346250345
2025-08-21 00:00:00+00:00,1045079.867329475,7.936507936505299e-05,0.0,82.9362643702464,0.0,-0.012135812839679794
2025-08-22 00:00:00+00:00,1045162.8101760885,7.936507936509857e-05,0.0,82.9428466134504,0.0,-0.013455884189529144
2025-08-25 00:00:00+00:00,1045245.7596054676,7.936507936510136e-05,0.0,82.94942937905464,0.0,-0.013069022314894596
2025-08-26 00:00:00+00:00,1045328.7156181347,7.936507936513309e-05,0.0,82.9560126671006,0.0,-0.012976144599762485
2025-08-27 00:00:00+00:00,1045411.6782146123,7.936507936504272e-05,0.0,82.96259647762975,0.0,-0.01356923355503259
2025-08-28 00:00:00+00:00,1045494.647395423,7.93650793651247e-05,0.0,82.96918081068351,0.0,-0.012852411354952409
2025-08-29 00:00:00+00:00,1045577.6231610894,7.93650793651166e-05,0.0,82.97576566630342,0.0,-0.012841646551271957
2025-09-02 00:00:00+00:00,1045660.6055121339,7.936507936509013e-05,0.0,82.9823510445309,0.0,-0.013079479717884368
2025-09-03 00:00:00+00:00,1045743.5944490794,7.936507936511696e-05,0.0,82.98893694540746,0.0,-0.013036025236135451
2025-09-04 00:00:00+00:00,1045826.5899724483,7.93650793650461e-05,0.0,82.99552336897455,0.0,-0.013092947738249094
2025-09-05 00:00:00+00:00,1045909.5920827636,7.936507936506051e-05,0.0,83.00211031527367,0.0,-0.013637953589995533
2025-09-08 00:00:00+00:00,1045992.600780548,7.936507936512052e-05,0.0,83.00869778434631,0.0,-0.012818375236632207
2025-09-09 00:00:00+00:00,1046075.6160663242,7.936507936507516e-05,0.0,83.01528577623397,0.0,-0.013190870725812154
2025-09-10 00:00:00+00:00,1046158.6379406152,7.936507936510738e-05,0.0,83.0218742909781,0.0,-0.013212010858046241
2025-09-11 00:00:00+00:00,1046241.6664039438,7.936507936506616e-05,0.0,83.02846332862025,0.0,-0.013076947426378993
2025-09-12 00:00:00+00:00,1046324.701456833,7.936507936513446e-05,0.0,83.03505288920189,0.0,-0.013579701927470822
2025-09-15 00:00:00+00:00,1046407.7430998058,7.936507936505002e-05,0.0,83.04164297276452,0.0,-0.01242698411381049
2025-09-16 00:00:00+00:00,1046490.7913333852,7.9365079365107e-05,0.0,83.04823357934967,0.0,-0.010161194689752406
2025-09-17 00:00:00+00:00,1045994.3467039386,-0.0004743898690346419,0.25000000000000006,62.29111853174911,0.0,-0.010069169580959603
2025-09-18 00:00:00+00:00,1046109.2493851566,0.00010985019334001903,0.25011865375539816,62.25171816433273,3.691740837240576,-0.010488833044406398
2025-09-19 00:00:00+00:00,1045398.5594863371,-0.0006793648935205695,0.0,83.02454360199656,3.7150725176899275,-0.012714719691650167
2025-09-22 00:00:00+00:00,1045481.5276259789,7.936507936510715e-05,0.0,82.9681396417728,0.0,-0.012877407284998199
2025-09-23 00:00:00+00:00,1045564.5023503937,7.93650793650776e-05,0.0,82.97472441476023,0.0,-0.013209612616264188
2025-09-24 00:00:00+00:00,1045647.483660104,7.936507936503596e-05,0.0,82.98130971034871,0.0,-0.012753661583341902
2025-09-25 00:00:00+00:00,1045730.4715556325,7.93650793650539e-05,0.0,82.98789552857968,0.0,-0.013167022394433125
2025-09-26 00:00:00+00:00,1045813.466037502,7.936507936509174e-05,0.0,82.99448186949465,0.0,-0.012676205013743669
2025-09-29 00:00:00+00:00,1045896.4671062352,7.936507936510979e-05,0.0,83.00106873313509,0.0,-0.012459803419000437
2025-09-30 00:00:00+00:00,1045979.4747623547,7.936507936506841e-05,0.0,83.00765611954247,0.0,-0.012783530313200231
2025-10-01 00:00:00+00:00,1046062.4890063835,7.936507936503925e-05,0.0,83.01424402875831,0.0,-0.013152198686909422
2025-10-02 00:00:00+00:00,1046145.5098388443,7.936507936509391e-05,0.0,83.02083246082408,0.0,-0.01249128075610173
2025-10-03 00:00:00+00:00,1046228.5372602601,7.936507936508144e-05,0.0,83.02742141578129,0.0,-0.011984173025947342
2025-10-06 00:00:00+00:00,1046311.5712711537,7.936507936507346e-05,0.0,83.03401089367144,0.0,-0.013258204117878591
2025-10-07 00:00:00+00:00,1046394.6118720482,7.936507936503029e-05,0.0,83.04060089453601,0.0,-0.013045015530591009
2025-10-08 00:00:00+00:00,1046477.6590634667,7.936507936513481e-05,0.0,83.04719141841653,0.0,-0.01290019354444194
2025-10-09 00:00:00+00:00,1046560.7128459321,7.936507936512479e-05,0.0,83.0537824653545,0.0,-0.012479578034071181
2025-10-10 00:00:00+00:00,1046643.7732199675,7.936507936507186e-05,0.0,83.06037403539143,0.0,-0.013994264419438629
2025-10-13 00:00:00+00:00,1046726.840186096,7.936507936504757e-05,0.0,83.06696612856885,0.0,-0.012507577618452004
2025-10-14 00:00:00+00:00,1046809.913744841,7.936507936512348e-05,0.0,83.07355874492826,0.0,-0.013453835037835482
2025-10-15 00:00:00+00:00,1046892.9938967255,7.936507936503747e-05,0.0,83.0801518845112,0.0,-0.013395037398173493
2025-10-16 00:00:00+00:00,1046976.0806422728,7.936507936508354e-05,0.0,83.08674554735916,0.0,-0.012147864179897994
2025-10-17 00:00:00+00:00,1047059.1739820064,7.936507936511077e-05,0.0,83.09333973351372,0.0,-0.012720590552114608
2025-10-20 00:00:00+00:00,1047142.2739164494,7.936507936507951e-05,0.0,83.09993444301638,0.0,-0.012970366657789612
2025-10-21 00:00:00+00:00,1047225.3804461253,7.93650793650613e-05,0.0,83.10652967590869,0.0,-0.013731254380124902
2025-10-22 00:00:00+00:00,1047308.4935715576,7.936507936512761e-05,0.0,83.11312543223217,0.0,-0.013325556697527219
2025-10-23 00:00:00+00:00,1047391.6132932696,7.93650793651276e-05,0.0,83.11972171202838,0.0,-0.012922716835979564
2025-10-24 00:00:00+00:00,1047474.739611785,7.936507936513279e-05,0.0,83.12631851533887,0.0,-0.0132204282758428
2025-10-27 00:00:00+00:00,1047557.8725276273,7.936507936510349e-05,0.0,83.13291584220516,0.0,-0.013116652465710033
2025-10-28 00:00:00+00:00,1047641.01204132,7.936507936511119e-05,0.0,83.13951369266883,0.0,-0.013455168823229613
2025-10-29 00:00:00+00:00,1047724.1581533868,7.93650793651162e-05,0.0,83.14611206677142,0.0,-0.013371427787310708
2025-10-30 00:00:00+00:00,1047807.3108643513,7.936507936507888e-05,0.0,83.1527109645545,0.0,-0.011695004990112778
2025-10-31 00:00:00+00:00,1047890.4701747374,7.936507936507065e-05,0.0,83.15931038605963,0.0,-0.013312311017283918
2025-11-03 00:00:00+00:00,1047973.6360850687,7.936507936505185e-05,0.0,83.16591033132836,0.0,-0.013016107625616335
2025-11-04 00:00:00+00:00,1048056.8085958691,7.936507936509391e-05,0.0,83.17251080040228,0.0,-0.013030059513064352
2025-11-05 00:00:00+00:00,1048139.9877076624,7.936507936504605e-05,0.0,83.17911179332295,0.0,-0.012302686116013817
2025-11-06 00:00:00+00:00,1048223.1734209725,7.936507936509079e-05,0.0,83.18571331013193,0.0,-0.011797508644345811
2025-11-07 00:00:00+00:00,1048306.3657363234,7.936507936507736e-05,0.0,83.19231535087084,0.0,-0.012879752475523532
2025-11-10 00:00:00+00:00,1048389.564654239,7.936507936507718e-05,0.0,83.19891791558122,0.0,-0.012670306767311068
2025-11-11 00:00:00+00:00,1048472.7701752433,7.936507936505057e-05,0.0,83.20552100430469,0.0,-0.012181623573013667
2025-11-12 00:00:00+00:00,1048555.9822998603,7.93650793650689e-05,0.0,83.2121246170828,0.0,-0.012465680443353833
2025-11-13 00:00:00+00:00,1048639.2010286143,7.93650793650925e-05,0.0,83.21872875395717,0.0,-0.012995164198167153
2025-11-14 00:00:00+00:00,1048722.4263620293,7.93650793650817e-05,0.0,83.22533341496938,0.0,-0.012697427060810895
2025-11-17 00:00:00+00:00,1048805.6583006294,7.936507936499683e-05,0.0,83.23193860016106,0.0,-0.013237998875250234
2025-11-18 00:00:00+00:00,1048888.8968449389,7.936507936502028e-05,0.0,83.23854430957375,0.0,-0.012924154327740744
2025-11-19 00:00:00+00:00,1048972.1419954821,7.936507936511231e-05,0.0,83.24515054324911,0.0,-0.011656755509060979
2025-11-20 00:00:00+00:00,1049055.3937527833,7.936507936501129e-05,0.0,83.25175730122874,0.0,-0.01378904691497329
2025-11-21 00:00:00+00:00,1049138.652117367,7.936507936512151e-05,0.0,83.25836458355423,0.0,-0.01358129306217748
2025-11-24 00:00:00+00:00,1049221.9170897573,7.936507936518131e-05,0.0,83.26497239026722,0.0,-0.013355697192362292
2025-11-25 00:00:00+00:00,1049305.1886704788,7.936507936515103e-05,0.0,83.27158072140931,0.0,-0.012582350488062666
2025-11-26 00:00:00+00:00,1049388.4668600557,7.936507936499103e-05,0.0,83.27818957702212,0.0,-0.013190107100351511
2025-11-28 00:00:00+00:00,1049471.7516590129,7.936507936510544e-05,0.0,83.28479895714727,0.0,-0.012850234169877517
2025-12-01 00:00:00+00:00,1049555.0430678746,7.93650793650108e-05,0.0,83.29140886182641,0.0,-0.013615920342531673
2025-12-02 00:00:00+00:00,1049638.3410871658,7.936507936511117e-05,0.0,83.29801929110116,0.0,-0.013091195270175326
2025-12-03 00:00:00+00:00,1049721.6457174108,7.936507936514503e-05,0.0,83.30463024501316,0.0,-0.01305261248477585
2025-12-04 00:00:00+00:00,1049804.9569591344,7.936507936507271e-05,0.0,83.31124172360404,0.0,-0.013940448457097965
2025-12-05 00:00:00+00:00,1049888.2748128613,7.936507936507637e-05,0.0,83.31785372691543,0.0,-0.013129780746226949
2025-12-08 00:00:00+00:00,1049971.5992791164,7.936507936511632e-05,0.0,83.32446625498899,0.0,-0.01253847429044086
2025-12-09 00:00:00+00:00,1050054.9303584243,7.93650793651529e-05,0.0,83.33107930786637,0.0,-0.013174972614109492
2025-12-10 00:00:00+00:00,1050138.26805131,7.936507936514641e-05,0.0,83.33769288558923,0.0,-0.013807234885647723
2025-12-11 00:00:00+00:00,1050221.6123582982,7.936507936505723e-05,0.0,83.34430698819921,0.0,-0.012967772522705978
2025-12-12 00:00:00+00:00,1050304.9632799139,7.93650793650674e-05,0.0,83.35092161573795,0.0,-0.012916937333658396
2025-12-15 00:00:00+00:00,1050388.3208166822,7.936507936513723e-05,0.0,83.35753676824713,0.0,-0.013159544643803756
2025-12-16 00:00:00+00:00,1050471.6849691279,7.936507936500537e-05,0.0,83.36415244576843,0.0,-0.01009671780224064
2025-12-17 00:00:00+00:00,1049976.7812770924,-0.0004711252089103333,0.25000000000000006,62.5280764862576,0.0,-0.009805630928051201
2025-12-18 00:00:00+00:00,1050007.0428382333,2.8821171744461257e-05,0.2501178368181232,62.48879841546114,3.6641481387648125,-0.009566364119502069
2025-12-19 00:00:00+00:00,1049375.8732378185,-0.0006011098732335363,0.0,83.33389228874867,3.721079593268141,-0.012613638026476082
2025-12-22 00:00:00+00:00,1049459.157037282,7.936507936517319e-05,0.0,83.28379946331893,0.0,-0.012610698223879169
2025-12-23 00:00:00+00:00,1049542.4474465705,7.936507936501151e-05,0.0,83.29040928867316,0.0,-0.012787357777102493
2025-12-24 00:00:00+00:00,1049625.744466209,7.936507936505086e-05,0.0,83.2970196386167,0.0,-0.013239577474348785
2025-12-26 00:00:00+00:00,1049709.0480967222,7.93650793650297e-05,0.0,83.3036305131912,0.0,-0.012355698351810496
2025-12-29 00:00:00+00:00,1049792.3583386347,7.936507936513019e-05,0.0,83.31024191243827,0.0,-0.012555378846528242
2025-12-30 00:00:00+00:00,1049875.6751924711,7.936507936509083e-05,0.0,83.31685383639957,0.0,-0.012486347390553654
2025-12-31 00:00:00+00:00,1049958.9986587563,7.936507936509376e-05,0.0,83.32346628511675,0.0,-0.012854253389853021
2026-01-02 00:00:00+00:00,1050042.328738015,7.936507936509933e-05,0.0,83.33007925863144,0.0,-0.013000722031178746
2026-01-05 00:00:00+00:00,1050125.665430772,7.936507936506783e-05,0.0,83.33669275698531,0.0,-0.012642704706654406
2026-01-06 00:00:00+00:00,1050209.0087375522,7.936507936518137e-05,0.0,83.34330678021999,0.0,-0.012593319850624063
2026-01-07 00:00:00+00:00,1050292.3586588807,7.936507936517852e-05,0.0,83.34992132837716,0.0,-0.012949685695915925
2026-01-08 00:00:00+00:00,1050375.7151952821,7.936507936501964e-05,0.0,83.35653640149847,0.0,-0.01251622629171667
2026-01-09 00:00:00+00:00,1050459.0783472818,7.936507936510845e-05,0.0,83.36315199962557,0.0,-0.011906276302184438
2026-01-12 00:00:00+00:00,1050542.4481154047,7.936507936518356e-05,0.0,83.36976812280014,0.0,-0.01294126580067001
2026-01-13 00:00:00+00:00,1050625.8245001757,7.936507936498368e-05,0.0,83.37638477106387,0.0,-0.01255746303305294
2026-01-14 00:00:00+00:00,1050709.2075021202,7.936507936513406e-05,0.0,83.38300194445839,0.0,-0.012545268308037372
2026-01-15 00:00:00+00:00,1050792.5971217633,7.936507936515175e-05,0.0,83.38961964302541,0.0,-0.012344390422287965
2026-01-16 00:00:00+00:00,1050875.99335963,7.936507936499711e-05,0.0,83.39623786680662,0.0,-0.012203973102259624
2026-01-20 00:00:00+00:00,1050959.3962162458,7.936507936507367e-05,0.0,83.40285661584365,0.0,-0.012498790074124244
2026-01-21 00:00:00+00:00,1051042.805692136,7.936507936512012e-05,0.0,83.40947589017824,0.0,-0.012196312439953338
2026-01-22 00:00:00+00:00,1051126.221787826,7.936507936509682e-05,0.0,83.41609568985207,0.0,-0.013145501532343395
2026-01-23 00:00:00+00:00,1051209.644503841,7.936507936518563e-05,0.0,83.42271601490683,0.0,-0.012276765299791492
2026-01-26 00:00:00+00:00,1051293.0738407064,7.936507936512536e-05,0.0,83.4293368653842,0.0,-0.012114121010111667
2026-01-27 00:00:00+00:00,1051376.5097989477,7.936507936509788e-05,0.0,83.4359582413259,0.0,-0.012718102199135828
2026-01-28 00:00:00+00:00,1051459.9523790905,7.936507936506348e-05,0.0,83.44258014277362,0.0,-0.013255786781741108
2026-01-29 00:00:00+00:00,1051543.4015816601,7.936507936498252e-05,0.0,83.44920256976908,0.0,-0.012743389154535656
2026-01-30 00:00:00+00:00,1051626.8574071825,7.936507936503676e-05,0.0,83.45582552235398,0.0,-0.01433230550511766
2026-02-02 00:00:00+00:00,1051710.3198561831,7.936507936518648e-05,0.0,83.46244900057003,0.0,-0.012943214968007766
2026-02-03 00:00:00+00:00,1051793.7889291877,7.936507936517063e-05,0.0,83.46907300445898,0.0,-0.012661078446399188
2026-02-04 00:00:00+00:00,1051877.2646267219,7.936507936517094e-05,0.0,83.47569753406252,0.0,-0.012717838426030248
2026-02-05 00:00:00+00:00,1051960.7469493113,7.936507936514774e-05,0.0,83.48232258942237,0.0,-0.012030565256610615
2026-02-06 00:00:00+00:00,1052044.235897482,7.936507936506138e-05,0.0,83.48894817058027,0.0,-0.012759685766499551
2026-02-09 00:00:00+00:00,1052127.7314717595,7.936507936509353e-05,0.0,83.49557427757793,0.0,-0.013575899493075916
2026-02-10 00:00:00+00:00,1052211.2336726699,7.936507936498317e-05,0.0,83.5022009104571,0.0,-0.012528798426068022
2026-02-11 00:00:00+00:00,1052294.7425007392,7.936507936513326e-05,0.0,83.50882806925951,0.0,-0.012117724803442975
2026-02-12 00:00:00+00:00,1052378.2579564932,7.936507936506153e-05,0.0,83.51545575402692,0.0,-0.012622528969941094
2026-02-13 00:00:00+00:00,1052461.780040458,7.936507936517084e-05,0.0,83.52208396480104,0.0,-0.013406635817622359
2026-02-17 00:00:00+00:00,1052545.3087531596,7.936507936497906e-05,0.0,83.52871270162366,0.0,-0.013182135569915765
