ts_event,signal,position,position_size,z_score,lambda,spread,regime,signal_exit_reason,jump
2020-07-01 00:00:00+00:00,0.0,0.0,0.0,-1.1932294255986216,0.02563320843630156,-0.047580012981705444,normal,,0
2020-07-02 00:00:00+00:00,0.0,0.0,0.0,-2.191047060844114,0.02516486030832265,-0.048890468565321754,normal,,0
2020-07-06 00:00:00+00:00,0.0,0.0,0.0,-1.2794631691916043,0.024847334431545947,-0.04785570291614416,normal,,0
2020-07-07 00:00:00+00:00,0.0,0.0,0.0,-0.943607708433342,0.024632061483070847,-0.04746497311474496,normal,,0
2020-07-08 00:00:00+00:00,0.0,0.0,0.0,-0.8509464178377611,0.024486112929788827,-0.047370761090384406,normal,,0
2020-07-09 00:00:00+00:00,0.0,0.0,0.0,-1.4268985317931475,0.02438716422138863,-0.048177406986875226,normal,,0
2020-07-10 00:00:00+00:00,0.0,0.0,0.0,-0.676483310477982,0.02432007998743155,-0.04722878809852027,normal,,0
2020-07-13 00:00:00+00:00,0.0,0.0,0.0,-0.9596493684585045,0.024274598904167624,-0.04764012939154316,normal,,0
2020-07-14 00:00:00+00:00,0.0,0.0,0.0,-1.0266530941352079,0.02424376410420279,-0.047766815603083046,normal,,0
2020-07-15 00:00:00+00:00,0.0,0.0,0.0,-1.141173919829759,0.024222859041688034,-0.04796390458063726,normal,,0
2020-07-16 00:00:00+00:00,0.0,0.0,0.0,-0.6564701042665051,0.0242086860410769,-0.04735284315296262,normal,,0
2020-07-17 00:00:00+00:00,0.0,0.0,0.0,-0.01956206316629533,0.02419907717498614,-0.04652928297785319,normal,,0
2020-07-20 00:00:00+00:00,0.0,0.0,0.0,-1.3284853156653202,0.02419256265416705,-0.0483007556991879,normal,,0
2020-07-21 00:00:00+00:00,0.0,0.0,0.0,-1.5195247925156523,0.024188146005927662,-0.04862101555031728,normal,,0
2020-07-22 00:00:00+00:00,0.0,0.0,0.0,-1.487059348217799,0.0241851516518973,-0.048656746248347815,normal,,0
2020-07-23 00:00:00+00:00,0.0,0.0,0.0,-1.2823929958838998,0.024183121570357367,-0.04844635963268651,normal,,0
2020-07-24 00:00:00+00:00,0.0,0.0,0.0,-0.598031614870625,0.02418174523642458,-0.04750816907514288,normal,,0
2020-07-27 00:00:00+00:00,0.0,0.0,0.0,-0.5705042076426448,0.024180812123612467,-0.04748846687024688,normal,,0
2020-07-28 00:00:00+00:00,0.0,0.0,0.0,-0.8667784093523982,0.024180179501325543,-0.04793206476892742,normal,,0
2020-07-29 00:00:00+00:00,0.0,0.0,0.0,-1.8570230986183365,0.02417975060253355,-0.04935696400962186,normal,,0
2020-07-30 00:00:00+00:00,0.0,0.0,0.0,-1.0738126170951694,0.024179459822114367,-0.04835553582207108,normal,,0
2020-07-31 00:00:00+00:00,1.0,1.0,0.23761017181205843,-2.851322061744701,0.024179262681777867,-0.05096095561051417,normal,,0
2020-08-03 00:00:00+00:00,2.0,0.0,0.0,-0.5516288534638002,0.024179129026587514,-0.04779568003941215,normal,mean_reversion,0
2020-08-04 00:00:00+00:00,0.0,0.0,0.0,-0.8493186507818196,0.02417903841240766,-0.048265575576312614,normal,,0
2020-08-05 00:00:00+00:00,0.0,0.0,0.0,-0.8956555633859644,0.02417897697873218,-0.048376879041308385,normal,,0
2020-08-06 00:00:00+00:00,0.0,0.0,0.0,-1.0424043181650442,0.0241789353285568,-0.048638523206435025,normal,,0
2020-08-07 00:00:00+00:00,0.0,0.0,0.0,-0.5485161288747792,0.024178907090996602,-0.047952988358093585,normal,,0
2020-08-10 00:00:00+00:00,0.0,0.0,0.0,-0.7351421591173818,0.024178887946784158,-0.04826086495892312,normal,,0
2020-08-11 00:00:00+00:00,0.0,0.0,0.0,-0.9191317871081851,0.02417887496758668,-0.04857142447244023,normal,,0
2020-08-12 00:00:00+00:00,0.0,0.0,0.0,-0.593831682561395,0.024178866168083037,-0.048130847162327406,normal,,0
2020-08-13 00:00:00+00:00,0.0,0.0,0.0,-0.6356434673912899,0.024178860202285497,-0.048225623698377795,normal,,0
2020-08-14 00:00:00+00:00,0.0,0.0,0.0,-0.24445713366808206,0.024178856157655058,-0.04767849082766684,normal,,0
2020-08-17 00:00:00+00:00,0.0,0.0,0.0,-0.6913112719254711,0.024178853415517853,-0.04835487924238446,normal,,0
2020-08-18 00:00:00+00:00,0.0,0.0,0.0,-0.565895823132984,0.0241788515564317,-0.04820993117818517,normal,,0
2020-08-19 00:00:00+00:00,0.0,0.0,0.0,-0.6528775576024799,0.02417885029602747,-0.048360592614384856,normal,,0
2020-08-20 00:00:00+00:00,0.0,0.0,0.0,-0.43239701389511426,0.024178849441511496,-0.048062414619184146,normal,,0
2020-08-21 00:00:00+00:00,0.0,0.0,0.0,-0.5435535998309882,0.024178848862175487,-0.04824714897230109,normal,,0
2020-08-24 00:00:00+00:00,0.0,0.0,0.0,0.16104350630868117,0.024178848469403182,-0.04723466281664468,normal,,0
2020-08-25 00:00:00+00:00,0.0,0.0,0.0,-0.8165798522015275,0.02417884820311543,-0.048678987378520944,normal,,0
2020-08-26 00:00:00+00:00,0.0,0.0,0.0,-0.6541562317482471,0.02417884802258038,-0.04847829969627249,normal,,0
2020-08-27 00:00:00+00:00,0.0,0.0,0.0,-0.05576537049118492,0.024178847900183074,-0.04763165940650449,normal,,0
2020-08-28 00:00:00+00:00,0.0,0.0,0.0,-0.24901567602887512,0.024178847817201397,-0.04791140340125466,normal,,0
2020-08-31 00:00:00+00:00,0.0,0.0,0.0,0.7748411853571275,0.02417884776094233,-0.04643000153860921,normal,,0
2020-09-01 00:00:00+00:00,0.0,0.0,0.0,-0.28813470535678565,0.024178847722800382,-0.04797045657328436,normal,,0
2020-09-02 00:00:00+00:00,0.0,0.0,0.0,0.5598929981159795,0.024178847696941293,-0.04673892026807902,normal,,0
2020-09-03 00:00:00+00:00,0.0,0.0,0.0,-0.33571369966084563,0.024178847679409615,-0.048051990734033545,normal,,0
2020-09-04 00:00:00+00:00,0.0,0.0,0.0,-0.257989790426956,0.024178847667523665,-0.04794955850184568,normal,,0
2020-09-08 00:00:00+00:00,0.0,0.0,0.0,-0.3321863340182315,0.02417884765946535,-0.04807811212150703,normal,,0
2020-09-09 00:00:00+00:00,0.0,0.0,0.0,-0.5623288102313321,0.024178847654002057,-0.04843738727705649,normal,,0
2020-09-10 00:00:00+00:00,0.0,0.0,0.0,-0.47836553459757875,0.024178847650298107,-0.04834541465033304,normal,,0
2020-09-11 00:00:00+00:00,0.0,0.0,0.0,0.3199520324609286,0.024178847647786942,-0.04743426890118485,normal,,0
2020-09-14 00:00:00+00:00,0.0,0.0,0.0,0.4929564481056414,0.02417884764608445,-0.04737683884143973,normal,,0
2020-09-15 00:00:00+00:00,0.0,0.0,0.0,-0.4437428334365109,0.02417884764493021,-0.048283712802069445,normal,,0
2020-09-16 00:00:00+00:00,0.0,0.0,0.0,-2.3619663229462757,0.024178847644147673,-0.049749848848741784,normal,,0
2020-09-17 00:00:00+00:00,0.0,0.0,0.0,-0.5042514671485001,0.02417884764361713,-0.04838748153407213,normal,,0
2020-09-18 00:00:00+00:00,1.0,1.0,0.25,-6.056248934512046,0.024178847643257444,-0.0526309297251526,normal,,0
2020-09-21 00:00:00+00:00,0.0,1.0,0.25,-4.313999865044437,0.024178847643013587,-0.052213975610539975,normal,,0
2020-09-22 00:00:00+00:00,2.0,0.0,0.0,-3.763464071387124,0.024178847642848257,-0.05227117165760564,normal,max_hold,0
2020-09-23 00:00:00+00:00,0.0,0.0,0.0,1.3105693778481264,0.02417884764273617,-0.04671347635233136,normal,,0
2020-09-24 00:00:00+00:00,0.0,0.0,0.0,1.1054976600639397,0.02417884764266018,-0.046922147912102474,normal,,0
2020-09-25 00:00:00+00:00,0.0,0.0,0.0,0.5303933402669816,0.024178847642608657,-0.04760293589705533,normal,,0
2020-09-28 00:00:00+00:00,0.0,0.0,0.0,0.28212104679336175,0.024178847642573727,-0.04790236661449043,normal,,0
2020-09-29 00:00:00+00:00,0.0,0.0,0.0,0.3617273584282358,0.024178847642550048,-0.047790865444362396,normal,,0
2020-09-30 00:00:00+00:00,0.0,0.0,0.0,1.106209994328056,0.02417884764253399,-0.046894654065379626,normal,,0
2020-10-01 00:00:00+00:00,0.0,0.0,0.0,0.7750074952910602,0.026349915252750426,-0.054865670912572106,normal,,0
2020-10-02 00:00:00+00:00,0.0,0.0,0.0,-1.682582712161412,0.025399425407725586,-0.057841327494859485,normal,,0
2020-10-05 00:00:00+00:00,0.0,0.0,0.0,0.25361298836464785,0.024751017744891555,-0.05552498564110131,normal,,0
2020-10-06 00:00:00+00:00,0.0,0.0,0.0,0.294606687042633,0.0243086852997607,-0.055489148628963925,normal,,0
2020-10-07 00:00:00+00:00,0.0,0.0,0.0,0.2388821366538125,0.024006933788743277,-0.05556386511954958,normal,,0
2020-10-08 00:00:00+00:00,0.0,0.0,0.0,0.1698751996062455,0.02380108414917103,-0.05565321296919201,normal,,0
2020-10-09 00:00:00+00:00,0.0,0.0,0.0,0.2655309673565962,0.023660657100540355,-0.05553830105225899,normal,,0
2020-10-12 00:00:00+00:00,0.0,0.0,0.0,0.3638090624073581,0.02356486020709862,-0.05543058721119998,normal,,0
2020-10-13 00:00:00+00:00,0.0,0.0,0.0,0.1812271439338345,0.023499509230327592,-0.055680145458909536,normal,,0
2020-10-14 00:00:00+00:00,0.0,0.0,0.0,0.28198392087039137,0.0234549279290819,-0.055556209595193806,normal,,0
2020-10-15 00:00:00+00:00,0.0,0.0,0.0,-0.3032715624314996,0.02342451533972271,-0.05624829047327218,normal,,0
2020-10-16 00:00:00+00:00,0.0,0.0,0.0,-0.5687502958006966,0.02340376839951042,-0.05656752863273429,normal,,0
2020-10-19 00:00:00+00:00,0.0,0.0,0.0,0.3632296418880381,0.023389615197259576,-0.05545694380790067,normal,,0
2020-10-20 00:00:00+00:00,0.0,0.0,0.0,0.6063565859056824,0.023379960128516734,-0.05517338457445575,normal,,0
2020-10-21 00:00:00+00:00,0.0,0.0,0.0,0.8243299626462028,0.023373373608323155,-0.05491525134212605,normal,,0
2020-10-22 00:00:00+00:00,0.0,0.0,0.0,0.007762613127190781,0.023368880398651024,-0.05588450945148882,normal,,0
2020-10-23 00:00:00+00:00,0.0,0.0,0.0,0.7187956259497916,0.02336581520905707,-0.05501655845261588,normal,,0
2020-10-26 00:00:00+00:00,0.0,0.0,0.0,0.42396117869919203,0.02336372418995659,-0.05535209906170202,normal,,0
2020-10-27 00:00:00+00:00,0.0,0.0,0.0,0.9003983556830023,0.023362297733046,-0.054772178254965276,normal,,0
2020-10-28 00:00:00+00:00,0.0,0.0,0.0,0.7239740898940268,0.0233613246289183,-0.054960670064131634,normal,,0
2020-10-29 00:00:00+00:00,0.0,0.0,0.0,-0.18105835645260301,0.02336066079418462,-0.055994452159124464,normal,,0
2020-10-30 00:00:00+00:00,0.0,0.0,0.0,1.6433814422677735,0.023360207937659718,-0.053873850321451755,normal,,0
2020-11-02 00:00:00+00:00,0.0,0.0,0.0,0.8265348434469381,0.023359899006804276,-0.05476420168993634,normal,,0
2020-11-03 00:00:00+00:00,0.0,0.0,0.0,-0.09303705036504835,0.023359688259540642,-0.05584311772449979,normal,,0
2020-11-04 00:00:00+00:00,0.0,0.0,0.0,1.2902428189861943,0.023359544491417944,-0.05419214755006063,normal,,0
2020-11-05 00:00:00+00:00,0.0,0.0,0.0,0.9779917871081226,0.023359446415301802,-0.05451728009201684,normal,,0
2020-11-06 00:00:00+00:00,0.0,0.0,0.0,0.37295208990783246,0.0233593795094789,-0.0552244443867691,normal,,0
2020-11-09 00:00:00+00:00,1.0,1.0,0.24281702019406567,-2.913804242328788,0.023359333867488626,-0.0592206356684466,normal,,0
2020-11-10 00:00:00+00:00,2.0,0.0,0.0,-0.1237699615567535,0.023359302731315635,-0.05589518960626361,normal,mean_reversion,0
2020-11-11 00:00:00+00:00,0.0,0.0,0.0,-0.637088266136779,0.02335928149075924,-0.056561804083377965,normal,,0
2020-11-12 00:00:00+00:00,0.0,0.0,0.0,-0.3070029848306462,0.0233592670008206,-0.05614601956024412,normal,,0
2020-11-13 00:00:00+00:00,0.0,0.0,0.0,0.02836612016742855,0.023359257116036144,-0.05571126613368982,normal,,0
2020-11-16 00:00:00+00:00,0.0,0.0,0.0,-0.7203460971227943,0.02335925037280788,-0.05668973332114735,normal,,0
2020-11-17 00:00:00+00:00,0.0,0.0,0.0,-0.5013231243815661,0.023359245772694683,-0.05642025545265028,normal,,0
2020-11-18 00:00:00+00:00,0.0,0.0,0.0,0.061080236406834014,0.023359242634577365,-0.055708705426599,normal,,0
2020-11-19 00:00:00+00:00,0.0,0.0,0.0,-0.16789127654641536,0.023359240493808234,-0.05599802911981655,normal,,0
2020-11-20 00:00:00+00:00,0.0,0.0,0.0,-0.6265571986335953,0.023359239033412717,-0.05659517288119531,normal,,0
2020-11-23 00:00:00+00:00,0.0,0.0,0.0,-0.5631205876711671,0.023359238037156265,-0.056535608927564596,normal,,0
2020-11-24 00:00:00+00:00,0.0,0.0,0.0,-0.4524723249063423,0.023359237357527415,-0.056408240714748814,normal,,0
2020-11-25 00:00:00+00:00,0.0,0.0,0.0,-0.26895608373659174,0.023359236893896417,-0.05620139813326208,normal,,0
2020-11-27 00:00:00+00:00,0.0,0.0,0.0,-0.6518001024430885,0.023359236577615405,-0.056706683044018824,normal,,0
2020-11-30 00:00:00+00:00,0.0,0.0,0.0,-0.11215981863492148,0.023359236361853993,-0.05604487851675177,normal,,0
2020-12-01 00:00:00+00:00,0.0,0.0,0.0,-0.13016214647379148,0.023359236214665305,-0.056074059507134066,normal,,0
2020-12-02 00:00:00+00:00,0.0,0.0,0.0,-0.9230523445458151,0.02335923611425574,-0.05710092483576901,normal,,0
2020-12-03 00:00:00+00:00,0.0,0.0,0.0,-0.3093576189662353,0.023359236045758076,-0.056339125641192034,normal,,0
2020-12-04 00:00:00+00:00,0.0,0.0,0.0,-0.41253805098391927,0.02335923599903016,-0.056477643583727755,normal,,0
2020-12-07 00:00:00+00:00,0.0,0.0,0.0,-0.29066669796517164,0.023359235967153186,-0.05632936752762596,normal,,0
2020-12-08 00:00:00+00:00,0.0,0.0,0.0,-0.9308173026769756,0.023359235945407272,-0.057176214486950094,normal,,0
2020-12-09 00:00:00+00:00,0.0,0.0,0.0,-0.40610272664943237,0.023359235930572583,-0.05653623173335198,normal,,0
2020-12-10 00:00:00+00:00,0.0,0.0,0.0,0.2807809093607062,0.02335923592045262,-0.05565768187810605,normal,,0
2020-12-11 00:00:00+00:00,0.0,0.0,0.0,-0.30228317288053014,0.023359235913548954,-0.056381119523519985,normal,,0
2020-12-14 00:00:00+00:00,-1.0,-1.0,0.25,4.089254796934785,0.053032540058512004,-0.05074442573613602,normal,,1
2020-12-15 00:00:00+00:00,0.0,-1.0,0.25,3.027279464867753,0.04360184858893165,-0.051788828721010205,normal,,0
2020-12-16 00:00:00+00:00,2.0,0.0,0.0,3.461254676664665,0.03716839467387211,-0.05107956696600002,normal,max_hold,0
2020-12-17 00:00:00+00:00,-1.0,-1.0,0.22214412175156173,2.6657294610187408,0.03277960415827732,-0.051947751399513464,normal,,0
2020-12-18 00:00:00+00:00,2.0,0.0,0.0,-2.829954193028562,0.05945895164888578,-0.05955474042342068,normal,profit_target,1
2020-12-21 00:00:00+00:00,0.0,0.0,0.0,-0.7614205738784263,0.0479858349529468,-0.056757490200418204,normal,,0
2020-12-22 00:00:00+00:00,0.0,0.0,0.0,-0.3450342828540189,0.040159074024173874,-0.05615743064110568,normal,,0
2020-12-23 00:00:00+00:00,0.0,0.0,0.0,-0.518802002001513,0.034819793664735935,-0.05643247349198077,normal,,0
2020-12-24 00:00:00+00:00,0.0,0.0,0.0,0.233391583345755,0.03117742934364389,-0.05530812534051588,normal,,0
2020-12-28 00:00:00+00:00,0.0,0.0,0.0,-0.40282374452940656,0.02869267166949155,-0.05628596263521857,normal,,0
2020-12-29 00:00:00+00:00,0.0,0.0,0.0,0.07171568399935142,0.02699761314294419,-0.0555917405451094,normal,,0
2020-12-30 00:00:00+00:00,0.0,0.0,0.0,-0.3044350694293049,0.02584127365828958,-0.05611470430256915,normal,,0
2020-12-31 00:00:00+00:00,0.0,0.0,0.0,-0.13869959392402062,0.025052438946785632,-0.05587856512041611,normal,,0
2021-01-04 00:00:00+00:00,0.0,0.0,0.0,-0.349891999567039,0.013730761604539342,-0.06094501751747128,normal,,0
2021-01-05 00:00:00+00:00,0.0,0.0,0.0,-0.6761726794759085,0.013563879228283563,-0.0614435917326599,normal,,0
2021-01-06 00:00:00+00:00,0.0,0.0,0.0,-0.41132538641726135,0.013462039768279184,-0.06106851290324844,normal,,0
2021-01-07 00:00:00+00:00,0.0,0.0,0.0,-0.7217226953563377,0.013399892549101958,-0.06154826913603362,normal,,0
2021-01-08 00:00:00+00:00,0.0,0.0,0.0,-0.830278868627535,0.013361967398563102,-0.06173901161910145,normal,,0
2021-01-11 00:00:00+00:00,0.0,0.0,0.0,-0.3673693312301328,0.013338823691371742,-0.06106722353957128,normal,,0
2021-01-12 00:00:00+00:00,0.0,0.0,0.0,-0.2160808995053298,0.013324700314801078,-0.06085148453543798,normal,,0
2021-01-13 00:00:00+00:00,0.0,0.0,0.0,-0.5973930595900168,0.013316081567419447,-0.061427060440237824,normal,,0
2021-01-14 00:00:00+00:00,0.0,0.0,0.0,-0.47769551814971184,0.013310822003174542,-0.06124858240730369,normal,,0
2021-01-15 00:00:00+00:00,0.0,0.0,0.0,0.21639468609498635,0.013307612370170883,-0.06021346450457887,normal,,0
2021-01-19 00:00:00+00:00,0.0,0.0,0.0,-0.3667116325061968,0.013305653701441216,-0.061103702041009456,normal,,0
2021-01-20 00:00:00+00:00,0.0,0.0,0.0,-0.8500377890968208,0.013304458429835957,-0.06185872482856425,normal,,0
2021-01-21 00:00:00+00:00,0.0,0.0,0.0,-0.7579718712866297,0.013303729018992409,-0.06174716733435037,normal,,0
2021-01-22 00:00:00+00:00,0.0,0.0,0.0,-0.532615775384736,0.013303283898254706,-0.06143910075170922,normal,,0
2021-01-25 00:00:00+00:00,0.0,0.0,0.0,-0.7730111704353404,0.013303012264685115,-0.06183019487563701,normal,,0
2021-01-26 00:00:00+00:00,0.0,0.0,0.0,-0.5417497000496405,0.013302846501129569,-0.06151603467402289,normal,,0
2021-01-27 00:00:00+00:00,0.0,0.0,0.0,0.6336918038831586,0.013302745344426482,-0.05975425064134399,normal,,0
2021-01-28 00:00:00+00:00,0.0,0.0,0.0,0.023141833131730172,0.013302683613857625,-0.06066943492484711,normal,,0
2021-01-29 00:00:00+00:00,0.0,0.0,0.0,-0.8342707247380813,0.013302645942966672,-0.061994008704258974,normal,,0
2021-02-01 00:00:00+00:00,0.0,0.0,0.0,-0.28411771481845194,0.013302622954420616,-0.0612092448472108,normal,,0
2021-02-02 00:00:00+00:00,0.0,0.0,0.0,-1.0053172368346865,0.013302608925730654,-0.06230406274659295,normal,,0
2021-02-03 00:00:00+00:00,0.0,0.0,0.0,-0.6252274034467585,0.013302600364765485,-0.06178440481894487,normal,,0
2021-02-04 00:00:00+00:00,0.0,0.0,0.0,-0.5634628415772295,0.01330259514046266,-0.06172862017800096,normal,,0
2021-02-05 00:00:00+00:00,0.0,0.0,0.0,-0.633406906087436,0.013302591952347828,-0.06186110903198738,normal,,0
2021-02-08 00:00:00+00:00,0.0,0.0,0.0,-0.11285295397320497,0.013302590006810498,-0.061048737490422056,normal,,0
2021-02-09 00:00:00+00:00,0.0,0.0,0.0,-0.8629544581602979,0.01330258881955229,-0.06213068492614493,normal,,0
2021-02-10 00:00:00+00:00,0.0,0.0,0.0,-0.6122719911334669,0.013302588095031596,-0.06178995650441088,normal,,0
2021-02-11 00:00:00+00:00,0.0,0.0,0.0,0.28597347250309235,0.013302587652895059,-0.06050923219968318,normal,,0
2021-02-12 00:00:00+00:00,0.0,0.0,0.0,0.09670091659274653,0.013302587383082588,-0.060783686325923014,normal,,0
2021-02-16 00:00:00+00:00,0.0,0.0,0.0,-0.3759323925055185,0.013302587218430351,-0.0614551627666069,normal,,0
2021-02-17 00:00:00+00:00,0.0,0.0,0.0,0.04513347850974956,0.013302587117951828,-0.06085179116180317,normal,,0
2021-02-18 00:00:00+00:00,0.0,0.0,0.0,-0.33212815891959324,0.013302587056635116,-0.061403217573476,normal,,0
2021-02-19 00:00:00+00:00,0.0,0.0,0.0,-0.17571553808322962,0.01330258701921678,-0.06118861472320258,normal,,0
2021-02-22 00:00:00+00:00,0.0,0.0,0.0,-1.175577763203871,0.013302586996382355,-0.06263027618867945,normal,,0
2021-02-23 00:00:00+00:00,0.0,0.0,0.0,-0.7374106396292897,0.013302586982447717,-0.06203147341968229,normal,,0
2021-02-24 00:00:00+00:00,0.0,0.0,0.0,-0.2224597844249442,0.013302586973944147,-0.061295211259630555,normal,,0
2021-02-25 00:00:00+00:00,0.0,0.0,0.0,-0.7387481598822603,0.01330258696875487,-0.06205847001625209,normal,,0
2021-02-26 00:00:00+00:00,0.0,0.0,0.0,-0.8385175649333326,0.013302586965588128,-0.062219160583008915,normal,,0
2021-03-01 00:00:00+00:00,0.0,0.0,0.0,-0.9094171395853273,0.013302586963655634,-0.062354730319759355,normal,,0
2021-03-02 00:00:00+00:00,0.0,0.0,0.0,-0.5325776542601721,0.013302586962476336,-0.061827157857776704,normal,,0
2021-03-03 00:00:00+00:00,0.0,0.0,0.0,-0.07954638081058246,0.013302586961756672,-0.061150932980185146,normal,,0
2021-03-04 00:00:00+00:00,0.0,0.0,0.0,-1.294415417378274,0.0133025869613175,-0.06296261426948124,normal,,0
2021-03-05 00:00:00+00:00,0.0,0.0,0.0,-0.08821029801987153,0.013302586961049497,-0.0611948814793184,normal,,0
2021-03-08 00:00:00+00:00,0.0,0.0,0.0,-0.5016963946269853,0.013302586960885949,-0.061821322805209356,normal,,0
2021-03-09 00:00:00+00:00,0.0,0.0,0.0,-0.42037910927281924,0.013302586960786143,-0.06169570315685302,normal,,0
2021-03-10 00:00:00+00:00,0.0,0.0,0.0,-1.6678255973506106,0.013302586960725237,-0.06358902271835465,normal,,0
2021-03-11 00:00:00+00:00,0.0,0.0,0.0,-0.6522006015315622,0.01330258696068807,-0.062127099911791106,normal,,0
2021-03-12 00:00:00+00:00,0.0,0.0,0.0,-0.2947338615589858,0.01330258696066539,-0.061593098417370484,normal,,0
2021-03-15 00:00:00+00:00,0.0,0.0,0.0,-0.5802604129118236,0.013302586960651548,-0.06202850225997647,normal,,0
2021-03-16 00:00:00+00:00,0.0,0.0,0.0,-1.2008265463143921,0.013302586960643101,-0.06279368055307444,normal,,0
2021-03-17 00:00:00+00:00,0.0,0.0,0.0,-0.7143056292395986,0.013302586960637946,-0.06215973576221412,normal,,0
2021-03-18 00:00:00+00:00,0.0,0.0,0.0,-0.031134869367557938,0.0133025869606348,-0.06155991228864899,normal,,0
2021-03-19 00:00:00+00:00,1.0,1.0,0.25,-5.052142776040791,0.013302586960632882,-0.06502522311676717,normal,,0
2021-03-22 00:00:00+00:00,0.0,1.0,0.25,-4.103728108465443,0.01330258696063171,-0.06497675616393916,normal,,0
2021-03-23 00:00:00+00:00,2.0,0.0,0.0,-3.6243674690777885,0.013302586960630995,-0.06502745076981142,normal,max_hold,0
2021-03-24 00:00:00+00:00,1.0,1.0,0.25,-3.0693524814493798,0.01330258696063056,-0.06486383356278136,normal,,0
2021-03-25 00:00:00+00:00,2.0,0.0,0.0,-0.030578816845700945,0.013302586960630292,-0.06179176159226518,normal,mean_reversion,0
2021-03-26 00:00:00+00:00,0.0,0.0,0.0,-0.09236586847008987,0.013302586960630131,-0.06187114229517565,normal,,0
2021-03-29 00:00:00+00:00,0.0,0.0,0.0,0.13390958664273178,0.01330258696063003,-0.061651292021376314,normal,,0
2021-03-30 00:00:00+00:00,0.0,0.0,0.0,-0.33131611138322725,0.013302586960629971,-0.06216229161442133,normal,,0
2021-03-31 00:00:00+00:00,0.0,0.0,0.0,0.021628075097443904,0.013302586960629933,-0.061810014481862297,normal,,0
2021-04-01 00:00:00+00:00,0.0,0.0,0.0,-0.1605409502201771,0.012101023455692986,-0.05196027525379243,normal,,0
2021-04-05 00:00:00+00:00,0.0,0.0,0.0,-0.6579575037277317,0.012101023455692963,-0.05248662038211105,normal,,0
2021-04-06 00:00:00+00:00,0.0,0.0,0.0,0.12312524332639775,0.01210102345569295,-0.05169690995256904,normal,,0
2021-04-07 00:00:00+00:00,0.0,0.0,0.0,0.30646211774467563,0.012101023455692942,-0.05150921533584274,normal,,0
2021-04-08 00:00:00+00:00,0.0,0.0,0.0,0.4233703217967386,0.012101023455692937,-0.05138409081621287,normal,,0
2021-04-09 00:00:00+00:00,0.0,0.0,0.0,-1.0919363603209198,0.012101023455692934,-0.05296306091101233,normal,,0
2021-04-12 00:00:00+00:00,0.0,0.0,0.0,-0.07797627311765315,0.012101023455692932,-0.05194696653397557,normal,,0
2021-04-13 00:00:00+00:00,0.0,0.0,0.0,-0.5720482292160066,0.01210102345569293,-0.052468425455500345,normal,,0
2021-04-14 00:00:00+00:00,0.0,0.0,0.0,0.04333232665574638,0.01210102345569293,-0.05185089564987955,normal,,0
2021-04-15 00:00:00+00:00,0.0,0.0,0.0,-0.11489019772503811,0.012101023455692929,-0.052039476227519366,normal,,0
2021-04-16 00:00:00+00:00,0.0,0.0,0.0,-0.3492637685891485,0.012101023455692929,-0.05229073523466177,normal,,0
2021-04-19 00:00:00+00:00,0.0,0.0,0.0,-0.2584365466365065,0.012101023455692929,-0.05220752886378488,normal,,0
2021-04-20 00:00:00+00:00,0.0,0.0,0.0,-0.2119760172226109,0.012101023455692929,-0.05216915721597459,normal,,0
2021-04-21 00:00:00+00:00,0.0,0.0,0.0,-0.39874117947472,0.012101023455692929,-0.052369222081654065,normal,,0
2021-04-22 00:00:00+00:00,0.0,0.0,0.0,-0.24442046762744926,0.012101023455692929,-0.052224116796383946,normal,,0
2021-04-23 00:00:00+00:00,0.0,0.0,0.0,0.18735896301221447,0.012101023455692929,-0.05180256915548398,normal,,0
2021-04-26 00:00:00+00:00,0.0,0.0,0.0,-0.13870717473755315,0.012101023455692929,-0.052158006042613,normal,,0
2021-04-27 00:00:00+00:00,0.0,0.0,0.0,-0.3912544951745848,0.012101023455692929,-0.052419298707956585,normal,,0
2021-04-28 00:00:00+00:00,0.0,0.0,0.0,-0.3156614442261972,0.012101023455692929,-0.05235503689475873,normal,,0
2021-04-29 00:00:00+00:00,0.0,0.0,0.0,-0.6373538296920516,0.012101023455692929,-0.052674849215859965,normal,,0
2021-04-30 00:00:00+00:00,0.0,0.0,0.0,-0.35283483736457866,0.012101023455692929,-0.05241524282686516,normal,,0
2021-05-03 00:00:00+00:00,0.0,0.0,0.0,-0.31897913209679446,0.012101023455692929,-0.05239448065439767,normal,,0
2021-05-04 00:00:00+00:00,0.0,0.0,0.0,0.5860143836542164,0.012101023455692929,-0.05155370753539135,normal,,0
2021-05-05 00:00:00+00:00,0.0,0.0,0.0,0.24654754641591442,0.012101023455692929,-0.05186896222962911,normal,,0
2021-05-06 00:00:00+00:00,0.0,0.0,0.0,0.019741577866423655,0.012101023455692929,-0.05209814945462554,normal,,0
2021-05-07 00:00:00+00:00,0.0,0.0,0.0,-0.34758249905820493,0.012101023455692929,-0.05244148831209827,normal,,0
2021-05-10 00:00:00+00:00,0.0,0.0,0.0,-0.6235514619163793,0.012101023455692929,-0.05271061526946408,normal,,0
2021-05-11 00:00:00+00:00,0.0,0.0,0.0,1.361103197758655,0.012101023455692929,-0.050931184343388836,normal,,0
2021-05-12 00:00:00+00:00,0.0,0.0,0.0,0.03998999382091662,0.012101023455692929,-0.052135005389069455,normal,,0
2021-05-13 00:00:00+00:00,0.0,0.0,0.0,1.6904466994710419,0.012101023455692929,-0.05066868217781195,normal,,0
2021-05-14 00:00:00+00:00,0.0,0.0,0.0,-0.10066607751775021,0.012101023455692929,-0.052272544304365454,normal,,0
2021-05-17 00:00:00+00:00,0.0,0.0,0.0,1.4717277357269114,0.012101023455692929,-0.050884732449897996,normal,,0
2021-05-18 00:00:00+00:00,0.0,0.0,0.0,-1.0469982067648789,0.012101023455692929,-0.05313344685058752,normal,,0
2021-05-19 00:00:00+00:00,0.0,0.0,0.0,-0.074131236712885,0.012101023455692929,-0.05227028595385441,normal,,0
2021-05-20 00:00:00+00:00,0.0,0.0,0.0,0.45394664275491786,0.012101023455692929,-0.051797906103582037,normal,,0
2021-05-21 00:00:00+00:00,0.0,0.0,0.0,0.9866660532495346,0.012101023455692929,-0.05133388044956444,normal,,0
2021-05-24 00:00:00+00:00,0.0,0.0,0.0,-0.28540236277673137,0.012101023455692929,-0.05246426554800454,normal,,0
2021-05-25 00:00:00+00:00,0.0,0.0,0.0,0.17830030064476365,0.012101023455692929,-0.05205000886476974,normal,,0
2021-05-26 00:00:00+00:00,0.0,0.0,0.0,0.04254765371409481,0.012101023455692929,-0.05216880510417177,normal,,0
2021-05-27 00:00:00+00:00,0.0,0.0,0.0,-0.3449359277466442,0.012101023455692929,-0.0525250913086488,normal,,0
2021-05-28 00:00:00+00:00,0.0,0.0,0.0,-0.5512336925394694,0.012101023455692929,-0.05272865047136399,normal,,0
2021-06-01 00:00:00+00:00,0.0,0.0,0.0,0.17745242655921778,0.012101023455692929,-0.05207586673741371,normal,,0
2021-06-02 00:00:00+00:00,0.0,0.0,0.0,0.4804228363316279,0.012101023455692929,-0.05182734859777405,normal,,0
2021-06-03 00:00:00+00:00,0.0,0.0,0.0,-0.22856275775616522,0.012101023455692929,-0.052450346638072354,normal,,0
2021-06-04 00:00:00+00:00,0.0,0.0,0.0,0.8818358715241609,0.012101023455692929,-0.05149281554832186,normal,,0
2021-06-07 00:00:00+00:00,0.0,0.0,0.0,-0.8220079730617014,0.012101023455692929,-0.052939709630283716,normal,,0
2021-06-08 00:00:00+00:00,0.0,0.0,0.0,0.26660424884577305,0.012101023455692929,-0.05201329890292694,normal,,0
2021-06-09 00:00:00+00:00,0.0,0.0,0.0,-0.322050094096563,0.012101023455692929,-0.05253125711292661,normal,,0
2021-06-10 00:00:00+00:00,-1.0,-1.0,0.25,3.331538819826141,0.012101023455692929,-0.04938827285606617,normal,,0
2021-06-11 00:00:00+00:00,0.0,-1.0,0.25,3.320141337488724,0.012101023455692929,-0.04909613840986271,normal,,0
2021-06-14 00:00:00+00:00,2.0,0.0,0.0,2.4812336988812715,0.012101023455692929,-0.049628704097873566,normal,max_hold,0
2021-06-15 00:00:00+00:00,0.0,0.0,0.0,2.129315552174634,0.012101023455692929,-0.04985496771540632,normal,,0
2021-06-16 00:00:00+00:00,0.0,0.0,0.0,2.2086436147582367,0.012101023455692929,-0.04974286085047641,normal,,0
2021-06-17 00:00:00+00:00,0.0,0.0,0.0,1.7285826292355913,0.012101023455692929,-0.05020315243262008,normal,,0
2021-06-18 00:00:00+00:00,0.0,0.0,0.0,-1.1033578638350545,0.012101023455692929,-0.05293852632588525,normal,,0
2021-06-21 00:00:00+00:00,0.0,0.0,0.0,-1.052759078814715,0.012101023455692929,-0.05278735410731983,normal,,0
2021-06-22 00:00:00+00:00,0.0,0.0,0.0,-0.9122945339417311,0.012101023455692929,-0.05268704296391391,normal,,0
2021-06-23 00:00:00+00:00,0.0,0.0,0.0,-1.0186339205841697,0.012101023455692929,-0.05280429347628868,normal,,0
2021-06-24 00:00:00+00:00,0.0,0.0,0.0,-1.6050393714540638,0.012101023455692929,-0.05336786444562147,normal,,0
2021-06-25 00:00:00+00:00,0.0,0.0,0.0,-0.6764687272327029,0.012101023455692929,-0.05255392135267911,normal,,0
2021-06-28 00:00:00+00:00,0.0,0.0,0.0,-1.0407293753393145,0.012101023455692929,-0.052911088567010545,normal,,0
2021-06-29 00:00:00+00:00,0.0,0.0,0.0,-0.13072911087798295,0.012101023455692929,-0.0520761204118152,normal,,0
2021-06-30 00:00:00+00:00,0.0,0.0,0.0,-0.8909785192956067,0.012101023455692929,-0.052785215409491215,normal,,0
2021-07-01 00:00:00+00:00,0.0,0.0,0.0,-1.2693443059969776,0.011060067140954581,-0.04745793895917849,normal,,0
2021-07-02 00:00:00+00:00,0.0,0.0,0.0,-0.7142194777414339,0.011060067140954581,-0.04696674382847821,normal,,0
2021-07-06 00:00:00+00:00,0.0,0.0,0.0,-0.7794539281138118,0.011060067140954581,-0.04705114471971772,normal,,0
2021-07-07 00:00:00+00:00,0.0,0.0,0.0,-1.0921930788719654,0.011060067140954581,-0.04734394122095065,normal,,0
2021-07-08 00:00:00+00:00,0.0,0.0,0.0,-1.9760485826341088,0.011060067140954581,-0.04822587210164553,normal,,0
2021-07-09 00:00:00+00:00,0.0,0.0,0.0,-0.967828266174724,0.011060067140954581,-0.04730503175054768,normal,,0
2021-07-12 00:00:00+00:00,0.0,0.0,0.0,-0.8599838437441025,0.011060067140954581,-0.04722323095846814,normal,,0
2021-07-13 00:00:00+00:00,0.0,0.0,0.0,-0.8259943032000273,0.011060067140954581,-0.04720903460920667,normal,,0
2021-07-14 00:00:00+00:00,0.0,0.0,0.0,-0.8192399470867857,0.011060067140954581,-0.047217057747569235,normal,,0
2021-07-15 00:00:00+00:00,0.0,0.0,0.0,-1.9202834217532627,0.011060067140954581,-0.04835600804003182,normal,,0
2021-07-16 00:00:00+00:00,0.0,0.0,0.0,-0.8291429145355977,0.011060067140954581,-0.047300557493854534,normal,,0
2021-07-19 00:00:00+00:00,0.0,0.0,0.0,-0.6701300516119947,0.011060067140954581,-0.04714785287763412,normal,,0
2021-07-20 00:00:00+00:00,0.0,0.0,0.0,-1.047282539522016,0.011060067140954581,-0.04756052789371523,normal,,0
2021-07-21 00:00:00+00:00,0.0,0.0,0.0,-0.8162630505620124,0.011060067140954581,-0.04734703191008105,normal,,0
2021-07-22 00:00:00+00:00,0.0,0.0,0.0,-0.8494925693121659,0.011060067140954581,-0.04740251524809391,normal,,0
2021-07-23 00:00:00+00:00,0.0,0.0,0.0,-0.9977814823498952,0.011060067140954581,-0.04757943820406396,normal,,0
2021-07-26 00:00:00+00:00,0.0,0.0,0.0,-1.2965662956189572,0.011060067140954581,-0.047929231731767885,normal,,0
2021-07-27 00:00:00+00:00,0.0,0.0,0.0,-0.5316227839185894,0.011060067140954581,-0.047119499095549244,normal,,0
2021-07-28 00:00:00+00:00,0.0,0.0,0.0,-0.5874739633721726,0.011060067140954581,-0.04718936370168514,normal,,0
2021-07-29 00:00:00+00:00,0.0,0.0,0.0,-1.7294747675109066,0.011060067140954581,-0.0484652870804414,normal,,0
2021-07-30 00:00:00+00:00,0.0,0.0,0.0,-1.0724017316955705,0.011060067140954581,-0.047805527979370765,normal,,0
2021-08-02 00:00:00+00:00,0.0,0.0,0.0,-0.7760256532070597,0.011060067140954581,-0.04750468865745816,normal,,0
2021-08-03 00:00:00+00:00,0.0,0.0,0.0,-0.6487658997128936,0.011060067140954581,-0.047381538580492766,normal,,0
2021-08-04 00:00:00+00:00,0.0,0.0,0.0,-0.1344734417847291,0.011060067140954581,-0.046803593285641654,normal,,0
2021-08-05 00:00:00+00:00,0.0,0.0,0.0,-0.7242443397962923,0.011060067140954581,-0.04747808500733708,normal,,0
2021-08-06 00:00:00+00:00,0.0,0.0,0.0,-1.121346980566126,0.011060067140954581,-0.04796040896625264,normal,,0
2021-08-09 00:00:00+00:00,0.0,0.0,0.0,-0.6930566734470631,0.011060067140954581,-0.047505569106894185,normal,,0
2021-08-10 00:00:00+00:00,0.0,0.0,0.0,-0.5289234716579899,0.011060067140954581,-0.04734918350142614,normal,,0
2021-08-11 00:00:00+00:00,0.0,0.0,0.0,-0.7218988312038526,0.011060067140954581,-0.047582435178752824,normal,,0
2021-08-12 00:00:00+00:00,0.0,0.0,0.0,-0.8232298015711619,0.011060067140954581,-0.047725481052767194,normal,,0
2021-08-13 00:00:00+00:00,0.0,0.0,0.0,-1.3199490317234517,0.011060067140954581,-0.04829099258835079,normal,,0
2021-08-16 00:00:00+00:00,0.0,0.0,0.0,-0.3954742068397599,0.011060067140954581,-0.04728720099882455,normal,,0
2021-08-17 00:00:00+00:00,0.0,0.0,0.0,-0.615845872040827,0.011060067140954581,-0.04755640051849852,normal,,0
2021-08-18 00:00:00+00:00,0.0,0.0,0.0,-0.6504734361236625,0.011060067140954581,-0.04762260688544284,normal,,0
2021-08-19 00:00:00+00:00,0.0,0.0,0.0,-0.3747645906318452,0.011060067140954581,-0.047327483984579644,normal,,0
2021-08-20 00:00:00+00:00,0.0,0.0,0.0,-0.045802403172936976,0.011060067140954581,-0.04697150025220154,normal,,0
2021-08-23 00:00:00+00:00,0.0,0.0,0.0,-0.008062887309512932,0.011060067140954581,-0.046937373570001384,normal,,0
2021-08-24 00:00:00+00:00,0.0,0.0,0.0,-0.5205308811449204,0.011060067140954581,-0.04751819650107958,normal,,0
2021-08-25 00:00:00+00:00,0.0,0.0,0.0,-0.7744721735440174,0.011060067140954581,-0.04781527865525437,normal,,0
2021-08-26 00:00:00+00:00,0.0,0.0,0.0,-0.5603978525430482,0.011060067140954581,-0.0475988858521319,normal,,0
2021-08-27 00:00:00+00:00,0.0,0.0,0.0,0.008729408278243596,0.011060067140954581,-0.04697788236486833,normal,,0
2021-08-30 00:00:00+00:00,0.0,0.0,0.0,-0.6079644198307005,0.011060067140954581,-0.047679692718654465,normal,,0
2021-08-31 00:00:00+00:00,0.0,0.0,0.0,-0.4265525310129059,0.011060067140954581,-0.04750273914040193,normal,,0
2021-09-01 00:00:00+00:00,0.0,0.0,0.0,-0.5374603103296823,0.011060067140954581,-0.047632824595675416,normal,,0
2021-09-02 00:00:00+00:00,0.0,0.0,0.0,-0.6231665998805033,0.011060067140954581,-0.0477505951163506,normal,,0
2021-09-03 00:00:00+00:00,0.0,0.0,0.0,-0.35008662662660656,0.011060067140954581,-0.047460530317519734,normal,,0
2021-09-07 00:00:00+00:00,0.0,0.0,0.0,-0.6099147693198608,0.011060067140954581,-0.0477608794622606,normal,,0
2021-09-08 00:00:00+00:00,0.0,0.0,0.0,-0.8022779053573089,0.011060067140954581,-0.047935415630596445,normal,,0
2021-09-09 00:00:00+00:00,0.0,0.0,0.0,-0.6733893494091372,0.011060067140954581,-0.04781461036339785,normal,,0
2021-09-10 00:00:00+00:00,0.0,0.0,0.0,-0.4704116626024417,0.011060067140954581,-0.04766009066984633,normal,,0
2021-09-13 00:00:00+00:00,0.0,0.0,0.0,-1.2820537203283062,0.011060067140954581,-0.04809741146837787,normal,,0
2021-09-14 00:00:00+00:00,0.0,0.0,0.0,-0.6716847883904582,0.011060067140954581,-0.04772440223561247,normal,,0
2021-09-15 00:00:00+00:00,0.0,0.0,0.0,-0.03954956421553123,0.011060067140954581,-0.04747574204786087,normal,,0
2021-09-16 00:00:00+00:00,0.0,0.0,0.0,0.6154551339601726,0.011060067140954581,-0.047218065740228354,normal,,0
2021-09-17 00:00:00+00:00,1.0,1.0,0.25,-5.074284350488338,0.04647304792941956,-0.049497794654388194,normal,,1
2021-09-20 00:00:00+00:00,0.0,1.0,0.25,-6.6405191959400724,0.03303851277609843,-0.050661168313292926,normal,,0
2021-09-21 00:00:00+00:00,2.0,0.0,0.0,-4.966485231222459,0.024700604079158823,-0.050664390894046285,normal,max_hold,0
2021-09-22 00:00:00+00:00,1.0,1.0,0.25,-3.0080955611989357,0.019525827233879214,-0.04983624558715327,normal,,0
2021-09-23 00:00:00+00:00,0.0,1.0,0.25,-4.568477280362085,0.01631419271355029,-0.05126028620162071,normal,,0
2021-09-24 00:00:00+00:00,2.0,0.0,0.0,1.4220399626927263,0.04973392884614623,-0.04647964004919558,normal,max_hold,1
2021-09-27 00:00:00+00:00,0.0,0.0,0.0,0.3587205916705962,0.03506232134446102,-0.04741724121102742,normal,,0
2021-09-28 00:00:00+00:00,-1.0,-1.0,0.25,3.088959846672611,0.025956645383938902,-0.04494534275109352,normal,,0
2021-09-29 00:00:00+00:00,2.0,0.0,0.0,0.24915020115924122,0.020305367247681047,-0.04746585988683716,normal,mean_reversion,0
2021-09-30 00:00:00+00:00,0.0,0.0,0.0,0.7989326594791921,0.01679800055554205,-0.04694225753589887,normal,,0
2021-10-01 00:00:00+00:00,0.0,0.0,0.0,1.6031953116937074,0.02054339082930083,-0.035774572750377764,normal,,0
2021-10-04 00:00:00+00:00,0.0,0.0,0.0,0.6486400554403403,0.018242356800440607,-0.036654028599144794,normal,,0
2021-10-05 00:00:00+00:00,0.0,0.0,0.0,1.0515018996495484,0.016557542641806425,-0.0362485114223734,normal,,0
2021-10-06 00:00:00+00:00,0.0,0.0,0.0,0.9723361991044959,0.015323923880183743,-0.03630923045005119,normal,,0
2021-10-07 00:00:00+00:00,0.0,0.0,0.0,0.5801007965303959,0.01442066980837492,-0.03668778889495883,normal,,0
2021-10-08 00:00:00+00:00,0.0,0.0,0.0,2.4288483843539392,0.013759308337861905,-0.03482461413118809,normal,,0
2021-10-11 00:00:00+00:00,0.0,0.0,0.0,0.6054336800431014,0.013275060319136434,-0.036579314009724584,normal,,0
2021-10-12 00:00:00+00:00,0.0,0.0,0.0,0.9344188524499272,0.012920494542182956,-0.036225222510474,normal,,0
2021-10-13 00:00:00+00:00,0.0,0.0,0.0,0.29804031301512085,0.012660881935986839,-0.036882495403019355,normal,,0
2021-10-14 00:00:00+00:00,0.0,0.0,0.0,0.46512530044998585,0.012470793919385105,-0.03669966143984027,normal,,0
2021-10-15 00:00:00+00:00,0.0,0.0,0.0,0.5785730227861766,0.012331611717931124,-0.036573631009909846,normal,,0
2021-10-18 00:00:00+00:00,0.0,0.0,0.0,0.3754154592066106,0.012229702688903988,-0.03678022813330628,normal,,0
2021-10-19 00:00:00+00:00,0.0,0.0,0.0,0.5654246174174836,0.012155085028824172,-0.0365702502845231,normal,,0
2021-10-20 00:00:00+00:00,0.0,0.0,0.0,0.33930564487690407,0.01210045007401262,-0.03679408774139148,normal,,0
2021-10-21 00:00:00+00:00,0.0,0.0,0.0,0.6692278403597594,0.01206044643031664,-0.036443078455155486,normal,,0
2021-10-22 00:00:00+00:00,0.0,0.0,0.0,-0.5588387597401056,0.012031155813815274,-0.03774787386815692,normal,,0
2021-10-25 00:00:00+00:00,0.0,0.0,0.0,0.3976033393870619,0.01200970926205738,-0.03672097473718239,normal,,0
2021-10-26 00:00:00+00:00,0.0,0.0,0.0,0.7967093482580081,0.011994006124423437,-0.036283433227610296,normal,,0
2021-10-27 00:00:00+00:00,0.0,0.0,0.0,0.31327437130504443,0.011982508307229592,-0.03678257555461695,normal,,0
2021-10-28 00:00:00+00:00,0.0,0.0,0.0,0.20080352532550752,0.011974089620257295,-0.036899134322076144,normal,,0
2021-10-29 00:00:00+00:00,0.0,0.0,0.0,0.547455345430685,0.011967925468475906,-0.036537015131175465,normal,,0
2021-11-01 00:00:00+00:00,0.0,0.0,0.0,0.13005564951646714,0.011963412084463764,-0.03697336473296087,normal,,0
2021-11-02 00:00:00+00:00,0.0,0.0,0.0,-0.045815299421366446,0.011960107390490691,-0.037151626781112945,normal,,0
2021-11-03 00:00:00+00:00,0.0,0.0,0.0,0.18591410232258906,0.01195768769781081,-0.03690413349195598,normal,,0
2021-11-04 00:00:00+00:00,0.0,0.0,0.0,0.560416966520143,0.011955916001940401,-0.03650229904318181,normal,,0
2021-11-05 00:00:00+00:00,0.0,0.0,0.0,-0.6314604862948936,0.011954618768501077,-0.03776775385282072,normal,,0
2021-11-08 00:00:00+00:00,0.0,0.0,0.0,0.051670821099637304,0.011953668935844012,-0.037041987844004254,normal,,0
2021-11-09 00:00:00+00:00,0.0,0.0,0.0,0.1433473841688775,0.011952973469593238,-0.03692982878216888,normal,,0
2021-11-10 00:00:00+00:00,0.0,0.0,0.0,0.5364615744118773,0.011952464250098238,-0.03650962478304631,normal,,0
2021-11-11 00:00:00+00:00,0.0,0.0,0.0,0.380815186911091,0.011952091400238448,-0.03666424818343472,normal,,0
2021-11-12 00:00:00+00:00,0.0,0.0,0.0,-0.456393409955204,0.0119518184000503,-0.03755325597970938,normal,,0
2021-11-15 00:00:00+00:00,0.0,0.0,0.0,0.11101175714482314,0.011951618509663397,-0.03695349336153786,normal,,0
2021-11-16 00:00:00+00:00,0.0,0.0,0.0,-0.06776537901710457,0.011951472150179008,-0.037151810670721375,normal,,0
2021-11-17 00:00:00+00:00,0.0,0.0,0.0,-0.07527655343162418,0.011951364985952638,-0.03716995601643536,normal,,0
2021-11-18 00:00:00+00:00,0.0,0.0,0.0,-0.41665566178278507,0.01195128652044382,-0.03753673584640982,normal,,0
2021-11-19 00:00:00+00:00,0.0,0.0,0.0,0.04464804082720121,0.011951229068099107,-0.037044381470349386,normal,,0
2021-11-22 00:00:00+00:00,0.0,0.0,0.0,0.10514675599599704,0.011951187001566145,-0.03697684931605849,normal,,0
2021-11-23 00:00:00+00:00,0.0,0.0,0.0,0.07256393413476528,0.011951156200504775,-0.037018760577502086,normal,,0
2021-11-24 00:00:00+00:00,0.0,0.0,0.0,0.003536810840512386,0.011951133648007225,-0.037088608133892365,normal,,0
2021-11-26 00:00:00+00:00,0.0,0.0,0.0,-0.43346266292262403,0.011951117135097505,-0.03755638041805476,normal,,0
2021-11-29 00:00:00+00:00,0.0,0.0,0.0,-0.040814190313154516,0.01195110504436623,-0.03714188114608952,normal,,0
2021-11-30 00:00:00+00:00,0.0,0.0,0.0,0.07790343478970631,0.011951096191548329,-0.03701154632302295,normal,,0
2021-12-01 00:00:00+00:00,0.0,0.0,0.0,0.21625265524492945,0.01195108970952644,-0.03686281882950038,normal,,0
2021-12-02 00:00:00+00:00,0.0,0.0,0.0,-0.313911053298466,0.011951084963398343,-0.03742275214662616,normal,,0
2021-12-03 00:00:00+00:00,-1.0,-1.0,0.2281786473485847,2.7381437681830163,0.04568132173510673,-0.03415299630445645,normal,,1
2021-12-06 00:00:00+00:00,2.0,0.0,0.0,-0.4659866298468027,0.036648317502311775,-0.037559200438171736,normal,mean_reversion,0
2021-12-07 00:00:00+00:00,0.0,0.0,0.0,-0.3259132935444557,0.030034363412309084,-0.03740565573045895,normal,,0
2021-12-08 00:00:00+00:00,0.0,0.0,0.0,0.04397326281967052,0.025191634727886887,-0.036980601556095394,normal,,0
2021-12-09 00:00:00+00:00,0.0,0.0,0.0,0.745075551459822,0.021645795009045413,-0.03618016370436106,normal,,0
2021-12-10 00:00:00+00:00,0.0,0.0,0.0,0.19076136208840735,0.019049535724035744,-0.03679249001940921,normal,,0
2021-12-13 00:00:00+00:00,-1.0,-1.0,0.24629474512609043,2.955536941513085,0.017148558012273506,-0.03364400171255788,normal,,0
2021-12-14 00:00:00+00:00,0.0,-1.0,0.24629474512609043,3.0147365362920495,0.015756664574864646,-0.033345221851142526,normal,,0
2021-12-15 00:00:00+00:00,2.0,0.0,0.0,1.9393471517280458,0.014737521988860365,-0.03449684487097926,normal,max_hold,0
2021-12-16 00:00:00+00:00,0.0,0.0,0.0,2.441381299924464,0.013991307097193777,-0.03393866368579079,normal,,0
2021-12-17 00:00:00+00:00,0.0,0.0,0.0,0.5219119358145741,0.013444929512553586,-0.03602333173266015,normal,,0
2021-12-20 00:00:00+00:00,0.0,0.0,0.0,-0.5955971175253604,0.01304487254728649,-0.037118007491367955,normal,,0
2021-12-21 00:00:00+00:00,0.0,0.0,0.0,-0.7252804710915122,0.012751951351472583,-0.03726349429997455,normal,,0
2021-12-22 00:00:00+00:00,0.0,0.0,0.0,-0.8628745894320079,0.012537474828361024,-0.03740481444994348,normal,,0
2021-12-23 00:00:00+00:00,0.0,0.0,0.0,-0.5346464845501266,0.012380435393784745,-0.037112511199413056,normal,,0
2021-12-27 00:00:00+00:00,0.0,0.0,0.0,-1.122506579016178,0.012265451321615644,-0.037676412012531024,normal,,0
2021-12-28 00:00:00+00:00,0.0,0.0,0.0,-1.2668831763703166,0.012181260131751375,-0.03784535337245298,normal,,0
2021-12-29 00:00:00+00:00,0.0,0.0,0.0,-0.9216890406059971,0.01211961545073558,-0.03755112054366894,normal,,0
2021-12-30 00:00:00+00:00,0.0,0.0,0.0,-1.3259476701874453,0.012074479294521781,-0.03796957972922144,normal,,0
2021-12-31 00:00:00+00:00,0.0,0.0,0.0,-0.6651334254859723,0.012041430658951191,-0.03735744160341792,normal,,0
2022-01-03 00:00:00+00:00,0.0,0.0,0.0,-1.459383580678975,0.012381418721601053,-0.0355841388172502,normal,,0
2022-01-04 00:00:00+00:00,0.0,0.0,0.0,-0.49887479924334593,0.012378488490753915,-0.03466145087975914,normal,,0
2022-01-05 00:00:00+00:00,0.0,0.0,0.0,-0.2199695961559727,0.012376595761861531,-0.034412601855270175,normal,,0
2022-01-06 00:00:00+00:00,0.0,0.0,0.0,-0.38721363570587664,0.012375373188335093,-0.03458363124836339,normal,,0
2022-01-07 00:00:00+00:00,0.0,0.0,0.0,-0.5413325429233408,0.012374583489380548,-0.034749733413812045,normal,,0
2022-01-10 00:00:00+00:00,0.0,0.0,0.0,-1.0996595541592395,0.012374073397819329,-0.035307828069011116,normal,,0
2022-01-11 00:00:00+00:00,0.0,0.0,0.0,-0.6203248563510757,0.01237374391352746,-0.03486145813484498,normal,,0
2022-01-12 00:00:00+00:00,0.0,0.0,0.0,-1.0321509379726383,0.012373531089189945,-0.03528797902617953,normal,,0
2022-01-13 00:00:00+00:00,0.0,0.0,0.0,-0.8750209231237851,0.012373393619211083,-0.03515692811391169,normal,,0
2022-01-14 00:00:00+00:00,0.0,0.0,0.0,0.23299387293820073,0.012373304822998634,-0.03406040354321771,normal,,0
2022-01-18 00:00:00+00:00,0.0,0.0,0.0,-0.6330294340065106,0.012373247466713207,-0.03493399457532842,normal,,0
2022-01-19 00:00:00+00:00,0.0,0.0,0.0,-0.3916515669043219,0.012373210418472214,-0.034708164550283804,normal,,0
2022-01-20 00:00:00+00:00,0.0,0.0,0.0,0.07251652605443809,0.012373186487840193,-0.034230217225942106,normal,,0
2022-01-21 00:00:00+00:00,0.0,0.0,0.0,-2.1094442808225353,0.012373171030287188,-0.036432394225955456,normal,,0
2022-01-24 00:00:00+00:00,0.0,0.0,0.0,0.4328802976467737,0.012373161045764225,-0.033899158236151195,normal,,0
2022-01-25 00:00:00+00:00,0.0,0.0,0.0,-0.19983782050545523,0.012373154596444676,-0.03455363661867761,normal,,0
2022-01-26 00:00:00+00:00,0.0,0.0,0.0,-0.35087624113323523,0.012373150430624955,-0.034715234320091604,normal,,0
2022-01-27 00:00:00+00:00,0.0,0.0,0.0,-2.415032875623016,0.012373147739790083,-0.0368819709754451,normal,,0
2022-01-28 00:00:00+00:00,0.0,0.0,0.0,1.5531313334548407,0.012373146001694632,-0.032705244492992946,normal,,0
2022-01-31 00:00:00+00:00,0.0,0.0,0.0,-0.2192794863234432,0.012373144879003742,-0.03461642900204431,normal,,0
2022-02-01 00:00:00+00:00,0.0,0.0,0.0,0.014814846380078498,0.012373144153822145,-0.03436044972295793,normal,,0
2022-02-02 00:00:00+00:00,0.0,0.0,0.0,-0.41181159727562244,0.012373143685404387,-0.03484290390561373,normal,,0
2022-02-03 00:00:00+00:00,0.0,0.0,0.0,-0.297205127299697,0.012373143382838526,-0.03470871724079139,normal,,0
2022-02-04 00:00:00+00:00,0.0,0.0,0.0,0.15206629174853198,0.012373143187401655,-0.034214067602356124,normal,,0
2022-02-07 00:00:00+00:00,0.0,0.0,0.0,-0.3720230850097061,0.012373143061162791,-0.03479423440057694,normal,,0
2022-02-08 00:00:00+00:00,0.0,0.0,0.0,-0.12336536341313782,0.012373142979621112,-0.03453235608983363,normal,,0
2022-02-09 00:00:00+00:00,0.0,0.0,0.0,-0.8535930303414501,0.012373142926950758,-0.0353504876397448,normal,,0
2022-02-10 00:00:00+00:00,0.0,0.0,0.0,-0.20499391535281128,0.012373142892929309,-0.03463775272020353,normal,,0
2022-02-11 00:00:00+00:00,0.0,0.0,0.0,-0.5796783571631077,0.012373142870953778,-0.03506010248359548,normal,,0
2022-02-14 00:00:00+00:00,0.0,0.0,0.0,0.019480964263979363,0.012373142856759087,-0.03440030495576618,normal,,0
2022-02-15 00:00:00+00:00,0.0,0.0,0.0,-0.6145759351575623,0.012373142847590286,-0.035105975801306144,normal,,0
2022-02-16 00:00:00+00:00,0.0,0.0,0.0,-0.7919725551462875,0.012373142841667868,-0.035308057893987055,normal,,0
2022-02-17 00:00:00+00:00,0.0,0.0,0.0,-0.4731543752891265,0.01237314283784239,-0.03496821011393969,normal,,0
2022-02-18 00:00:00+00:00,0.0,0.0,0.0,0.502193871837429,0.012373142835371392,-0.033879542954451836,normal,,0
2022-02-22 00:00:00+00:00,0.0,0.0,0.0,-0.32629179234616823,0.012373142833775297,-0.034804890499925634,normal,,0
2022-02-23 00:00:00+00:00,0.0,0.0,0.0,-0.8422105365301696,0.012373142832744329,-0.03539350853897982,normal,,0
2022-02-24 00:00:00+00:00,0.0,0.0,0.0,1.4687347593506261,0.012373142832078394,-0.03278131130751838,normal,,0
2022-02-25 00:00:00+00:00,0.0,0.0,0.0,0.37460132528394924,0.012373142831648245,-0.03398607682989585,normal,,0
2022-02-28 00:00:00+00:00,0.0,0.0,0.0,-0.18497937874802511,0.012373142831370398,-0.03462526131526911,normal,,0
2022-03-01 00:00:00+00:00,0.0,0.0,0.0,0.7278216080202924,0.012373142831190929,-0.03357507584155428,normal,,0
2022-03-02 00:00:00+00:00,0.0,0.0,0.0,0.3351317759490969,0.012373142831075002,-0.03400689121147593,normal,,0
2022-03-03 00:00:00+00:00,0.0,0.0,0.0,0.827268307507207,0.012373142831000123,-0.03352517397184229,normal,,0
2022-03-04 00:00:00+00:00,1.0,1.0,0.25,-3.7371232763595823,0.012373142830951755,-0.03854186624840494,normal,,0
2022-03-07 00:00:00+00:00,2.0,0.0,0.0,1.001959430448629,0.012373142830920513,-0.033245418861590714,normal,profit_target,0
2022-03-08 00:00:00+00:00,0.0,0.0,0.0,0.7895140351706921,0.012373142830900333,-0.03347877000610833,normal,,0
2022-03-09 00:00:00+00:00,0.0,0.0,0.0,-0.20669199465755347,0.012373142830887298,-0.03470887808776446,normal,,0
2022-03-10 00:00:00+00:00,0.0,0.0,0.0,0.5020963641254579,0.01237314283087888,-0.03383993449417577,normal,,0
2022-03-11 00:00:00+00:00,0.0,0.0,0.0,-0.25259581921110036,0.01237314283087344,-0.034800252901078466,normal,,0
2022-03-14 00:00:00+00:00,0.0,0.0,0.0,0.08244788448693172,0.012373142830869927,-0.03448863257944268,normal,,0
2022-03-15 00:00:00+00:00,0.0,0.0,0.0,-0.019330496965837263,0.012373142830867658,-0.03463721805937858,normal,,0
2022-03-16 00:00:00+00:00,0.0,0.0,0.0,0.5956349005677493,0.012373142830866192,-0.034142213547585065,normal,,0
2022-03-17 00:00:00+00:00,0.0,0.0,0.0,0.32549193763688417,0.012373142830865247,-0.03439841004637145,normal,,0
2022-03-18 00:00:00+00:00,1.0,1.0,0.22504755781324345,-2.7005706937589213,0.012373142830864634,-0.03705739026193111,normal,,0
2022-03-21 00:00:00+00:00,0.0,1.0,0.22504755781324345,-3.5053781602365754,0.012373142830864239,-0.037986866643171524,normal,,0
2022-03-22 00:00:00+00:00,2.0,0.0,0.0,-2.756400655829189,0.012373142830863984,-0.037592749401998304,normal,max_hold,0
2022-03-23 00:00:00+00:00,1.0,1.0,0.22706819439029083,-2.72481833268349,0.012373142830863819,-0.03778088126110024,normal,,0
2022-03-24 00:00:00+00:00,2.0,0.0,0.0,0.27767020981928126,0.012373142830863713,-0.03455161096179893,normal,mean_reversion,0
2022-03-25 00:00:00+00:00,0.0,0.0,0.0,0.3023799880984142,0.012373142830863644,-0.034511697063377866,normal,,0
2022-03-28 00:00:00+00:00,0.0,0.0,0.0,0.23416559987743807,0.0123731428308636,-0.03458249644178135,normal,,0
2022-03-29 00:00:00+00:00,0.0,0.0,0.0,0.29112593909117773,0.01237314283086357,-0.034504259991448016,normal,,0
2022-03-30 00:00:00+00:00,0.0,0.0,0.0,0.11989713385732635,0.012373142830863552,-0.034696461012423185,normal,,0
2022-03-31 00:00:00+00:00,0.0,0.0,0.0,0.13333425326740492,0.012373142830863541,-0.0346667751639087,normal,,0
2022-04-01 00:00:00+00:00,0.0,0.0,0.0,0.5687483734182899,0.011548455366166407,-0.030739036635544004,normal,,0
2022-04-04 00:00:00+00:00,0.0,0.0,0.0,-0.12805835279342032,0.011548455366158245,-0.03153167348100272,normal,,0
2022-04-05 00:00:00+00:00,0.0,0.0,0.0,0.010957207104108961,0.01154845536615242,-0.03137947097814031,normal,,0
2022-04-06 00:00:00+00:00,0.0,0.0,0.0,-0.8925667884998802,0.011548455366148265,-0.03241415551842852,normal,,0
2022-04-07 00:00:00+00:00,0.0,0.0,0.0,0.7751254608012654,0.0115484553661453,-0.030511728835196372,normal,,0
2022-04-08 00:00:00+00:00,0.0,0.0,0.0,0.10304843262484947,0.011548455366143184,-0.03126901187495079,normal,,0
2022-04-11 00:00:00+00:00,0.0,0.0,0.0,0.034637928107384454,0.011548455366141675,-0.03133885045796969,normal,,0
2022-04-12 00:00:00+00:00,0.0,0.0,0.0,2.497689078364343,0.011548455366140598,-0.02849216516012021,normal,,0
2022-04-13 00:00:00+00:00,0.0,0.0,0.0,0.18695434929051805,0.01154845536613983,-0.03111174727667443,normal,,0
2022-04-14 00:00:00+00:00,0.0,0.0,0.0,-0.025884083010453706,0.011548455366139281,-0.031362612027058034,normal,,0
2022-04-18 00:00:00+00:00,0.0,0.0,0.0,1.9716687633161336,0.011548455366138891,-0.028950610389861353,normal,,0
2022-04-19 00:00:00+00:00,0.0,0.0,0.0,0.08040148708464666,0.011548455366138612,-0.031202007536776932,normal,,0
2022-04-20 00:00:00+00:00,0.0,0.0,0.0,0.3683208008214921,0.011548455366138412,-0.03082087267981759,normal,,0
2022-04-21 00:00:00+00:00,0.0,0.0,0.0,-0.8560211844288533,0.01154845536613827,-0.03232362156496915,normal,,0
2022-04-22 00:00:00+00:00,0.0,0.0,0.0,-0.5209853686214355,0.01154845536613817,-0.03193788768878747,normal,,0
2022-04-25 00:00:00+00:00,0.0,0.0,0.0,0.3676467089527922,0.011548455366138096,-0.030855428098120363,normal,,0
2022-04-26 00:00:00+00:00,0.0,0.0,0.0,0.5836669149594045,0.011548455366138044,-0.030564387862163755,normal,,0
2022-04-27 00:00:00+00:00,0.0,0.0,0.0,0.7733606032378535,0.011548455366138008,-0.03037741615827194,normal,,0
2022-04-28 00:00:00+00:00,0.0,0.0,0.0,0.4546562885628271,0.011548455366137982,-0.030735954284896394,normal,,0
2022-04-29 00:00:00+00:00,0.0,0.0,0.0,0.8855353096509904,0.011548455366137963,-0.030223063283797202,normal,,0
2022-05-02 00:00:00+00:00,0.0,0.0,0.0,0.5782393950042731,0.011548455366137949,-0.03056233026368904,normal,,0
2022-05-03 00:00:00+00:00,0.0,0.0,0.0,-0.3999369225671515,0.01154845536613794,-0.03171558841008437,normal,,0
2022-05-04 00:00:00+00:00,0.0,0.0,0.0,0.3930088919012592,0.011548455366137933,-0.030785244402129486,normal,,0
2022-05-05 00:00:00+00:00,0.0,0.0,0.0,0.4699389182781184,0.011548455366137928,-0.030683240783818455,normal,,0
2022-05-06 00:00:00+00:00,0.0,0.0,0.0,1.0749803339215822,0.011548455366137925,-0.029951553059169633,normal,,0
2022-05-09 00:00:00+00:00,0.0,0.0,0.0,1.6639442475776438,0.011548455366137923,-0.029200860036655563,normal,,0
2022-05-10 00:00:00+00:00,0.0,0.0,0.0,-1.1271860239228313,0.011548455366137921,-0.032560638847541234,normal,,0
2022-05-11 00:00:00+00:00,0.0,0.0,0.0,1.9207745695334053,0.01154845536613792,-0.02879843301201923,normal,,0
2022-05-12 00:00:00+00:00,0.0,0.0,0.0,0.526995905961436,0.011548455366137918,-0.0304758705742163,normal,,0
2022-05-13 00:00:00+00:00,0.0,0.0,0.0,0.6243726641596256,0.011548455366137918,-0.030330490592978876,normal,,0
2022-05-16 00:00:00+00:00,0.0,0.0,0.0,1.3064298988426244,0.011548455366137918,-0.029429776184969114,normal,,0
2022-05-17 00:00:00+00:00,0.0,0.0,0.0,0.3561264026500534,0.011548455366137916,-0.03060739521030431,normal,,0
2022-05-18 00:00:00+00:00,0.0,0.0,0.0,0.14449212981142592,0.011548455366137916,-0.030884891578495832,normal,,0
2022-05-19 00:00:00+00:00,0.0,0.0,0.0,0.671361878237344,0.011548455366137916,-0.030192793488650338,normal,,0
2022-05-20 00:00:00+00:00,0.0,0.0,0.0,1.379826329876489,0.011548455366137916,-0.029244787423589713,normal,,0
2022-05-23 00:00:00+00:00,0.0,0.0,0.0,0.7202810937639315,0.011548455366137916,-0.030095790163336744,normal,,0
2022-05-24 00:00:00+00:00,0.0,0.0,0.0,1.059981710866881,0.011548455366137916,-0.029641989162045412,normal,,0
2022-05-25 00:00:00+00:00,0.0,0.0,0.0,-0.19787948040973402,0.011548455366137916,-0.03125849709161077,normal,,0
2022-05-26 00:00:00+00:00,0.0,0.0,0.0,0.08716924837590327,0.011548455366137916,-0.03090208198300104,normal,,0
2022-05-27 00:00:00+00:00,0.0,0.0,0.0,1.7978784788687598,0.011548455366137916,-0.028665607688373562,normal,,0
2022-05-31 00:00:00+00:00,0.0,0.0,0.0,1.1532579583465137,0.011548455366137916,-0.029451931357439953,normal,,0
2022-06-01 00:00:00+00:00,0.0,0.0,0.0,0.19883153691407177,0.011548455366137916,-0.0306564774567315,normal,,0
2022-06-02 00:00:00+00:00,0.0,0.0,0.0,-0.18087884280443095,0.011548455366137916,-0.031139684155003344,normal,,0
2022-06-03 00:00:00+00:00,0.0,0.0,0.0,-0.5875695853424097,0.011548455366137916,-0.03165616810726313,normal,,0
2022-06-06 00:00:00+00:00,0.0,0.0,0.0,0.6631168439984758,0.011548455366137916,-0.030123581247087472,normal,,0
2022-06-07 00:00:00+00:00,0.0,0.0,0.0,-0.8315698082586022,0.011548455366137916,-0.031961310971347245,normal,,0
2022-06-08 00:00:00+00:00,0.0,0.0,0.0,0.09392309196170003,0.011548455366137916,-0.030827887497435924,normal,,0
2022-06-09 00:00:00+00:00,-1.0,-1.0,0.2151182222634704,2.581418667161645,0.011548455366137916,-0.02773943216347785,normal,,0
2022-06-10 00:00:00+00:00,0.0,-1.0,0.2151182222634704,3.083554749648705,0.011548455366137916,-0.026854312473100883,normal,,0
2022-06-13 00:00:00+00:00,2.0,0.0,0.0,2.7293149493468216,0.011548455366137916,-0.026980532202528273,normal,max_hold,0
2022-06-14 00:00:00+00:00,-1.0,-1.0,0.25,4.343136597859316,0.011548455366137916,-0.02427851523886826,normal,,0
2022-06-15 00:00:00+00:00,0.0,-1.0,0.25,2.2833681673850306,0.011548455366137916,-0.026797310583451583,normal,,0
2022-06-16 00:00:00+00:00,2.0,0.0,0.0,3.5878327734206854,0.011548455366137916,-0.02453990194094846,normal,max_hold,0
2022-06-17 00:00:00+00:00,0.0,0.0,0.0,-0.5637929441501848,0.011548455366137916,-0.031292775065850265,normal,,0
2022-06-21 00:00:00+00:00,0.0,0.0,0.0,-1.1970796851453704,0.011548455366137916,-0.032258899479023384,normal,,0
2022-06-22 00:00:00+00:00,0.0,0.0,0.0,-0.5142829865486809,0.011548455366137916,-0.031143189530327575,normal,,0
2022-06-23 00:00:00+00:00,0.0,0.0,0.0,-0.21077391711533566,0.011548455366137916,-0.03063137691076534,normal,,0
2022-06-24 00:00:00+00:00,0.0,0.0,0.0,0.4245590877948652,0.011548455366137916,-0.029549682071547956,normal,,0
2022-06-27 00:00:00+00:00,0.0,0.0,0.0,-0.5033393005299722,0.011548455366137916,-0.03109081659373647,normal,,0
2022-06-28 00:00:00+00:00,0.0,0.0,0.0,-0.6050874299835924,0.011548455366137916,-0.031259031981349494,normal,,0
2022-06-29 00:00:00+00:00,0.0,0.0,0.0,-0.4188488348858727,0.011548455366137916,-0.030945737104607574,normal,,0
2022-06-30 00:00:00+00:00,0.0,0.0,0.0,1.2791726753587607,0.011548455366137916,-0.028083970650521373,normal,,0
2022-07-01 00:00:00+00:00,0.0,0.0,0.0,-0.6147217629489043,0.010783036433388966,-0.03134312414957563,normal,,0
2022-07-05 00:00:00+00:00,1.0,1.0,0.21315429897825156,-2.5578515877390187,0.010783036433388966,-0.03464386819360055,normal,,0
2022-07-06 00:00:00+00:00,2.0,0.0,0.0,-0.2759768217317036,0.010783036433388966,-0.030817534909608923,normal,mean_reversion,0
2022-07-07 00:00:00+00:00,0.0,0.0,0.0,-0.9863165391864861,0.010783036433388966,-0.03207747951699158,normal,,0
2022-07-08 00:00:00+00:00,0.0,0.0,0.0,-1.1034754114270446,0.010783036433388966,-0.03230651475317359,normal,,0
2022-07-11 00:00:00+00:00,0.0,0.0,0.0,-0.3866366755639736,0.010783036433388966,-0.031050898485362133,normal,,0
2022-07-12 00:00:00+00:00,0.0,0.0,0.0,-0.7084938936863315,0.010783036433388966,-0.03165890094676804,normal,,0
2022-07-13 00:00:00+00:00,0.0,0.0,0.0,-0.8134392256149173,0.010783036433388966,-0.03185619951743668,normal,,0
2022-07-14 00:00:00+00:00,0.0,0.0,0.0,0.1412604028343668,0.010783036433388966,-0.0301605709319821,normal,,0
2022-07-15 00:00:00+00:00,0.0,0.0,0.0,-0.625533569532597,0.010783036433388966,-0.031543528473100935,normal,,0
2022-07-18 00:00:00+00:00,0.0,0.0,0.0,0.5481441832656998,0.010783036433388966,-0.02945916903328527,normal,,0
2022-07-19 00:00:00+00:00,0.0,0.0,0.0,-0.5549752402456527,0.010783036433388966,-0.031400258341040654,normal,,0
2022-07-20 00:00:00+00:00,0.0,0.0,0.0,-0.7260573346642492,0.010783036433388966,-0.03167722711414278,normal,,0
2022-07-21 00:00:00+00:00,0.0,0.0,0.0,-0.8139623519106886,0.010783036433388966,-0.031822180884816476,normal,,0
2022-07-22 00:00:00+00:00,0.0,0.0,0.0,-2.335040689687575,0.010783036433388966,-0.03453757814999303,normal,,0
2022-07-25 00:00:00+00:00,0.0,0.0,0.0,-0.5727546520064799,0.010783036433388966,-0.03152516589743293,normal,,0
2022-07-26 00:00:00+00:00,0.0,0.0,0.0,-0.5894336282912748,0.010783036433388966,-0.03157626204356667,normal,,0
2022-07-27 00:00:00+00:00,0.0,0.0,0.0,-0.6688109082736404,0.010783036433388966,-0.03173886025935779,normal,,0
2022-07-28 00:00:00+00:00,0.0,0.0,0.0,-0.7239879740224816,0.010783036433388966,-0.03186978538755536,normal,,0
2022-07-29 00:00:00+00:00,0.0,0.0,0.0,-1.2500690857179877,0.010783036433388966,-0.03288177688467009,normal,,0
2022-08-01 00:00:00+00:00,0.0,0.0,0.0,-1.065449090067775,0.010783036433388966,-0.032571520965325895,normal,,0
2022-08-02 00:00:00+00:00,0.0,0.0,0.0,-1.1093424679387593,0.010783036433388966,-0.03270174745022292,normal,,0
2022-08-03 00:00:00+00:00,0.0,0.0,0.0,-0.8068455894190603,0.010783036433388966,-0.032171606299694844,normal,,0
2022-08-04 00:00:00+00:00,0.0,0.0,0.0,-0.6348745554309985,0.010783036433388966,-0.03188077526600086,normal,,0
2022-08-05 00:00:00+00:00,0.0,0.0,0.0,-0.814983328637332,0.010783036433388966,-0.03227116435412469,normal,,0
2022-08-08 00:00:00+00:00,0.0,0.0,0.0,-0.8939797462042041,0.010783036433388966,-0.03241181820974415,normal,,0
2022-08-09 00:00:00+00:00,0.0,0.0,0.0,-0.6674730547897021,0.010783036433388966,-0.032031998497080494,normal,,0
2022-08-10 00:00:00+00:00,0.0,0.0,0.0,-0.6053258381828351,0.010783036433388966,-0.031940516316200984,normal,,0
2022-08-11 00:00:00+00:00,0.0,0.0,0.0,-0.9824480783420951,0.010783036433388966,-0.03270044277543871,normal,,0
2022-08-12 00:00:00+00:00,0.0,0.0,0.0,-0.5061605240123132,0.010783036433388966,-0.0318331873394877,normal,,0
2022-08-15 00:00:00+00:00,0.0,0.0,0.0,-0.4824903744484553,0.010783036433388966,-0.03180760031198915,normal,,0
2022-08-16 00:00:00+00:00,0.0,0.0,0.0,-0.6521010600542481,0.010783036433388966,-0.03215473784349321,normal,,0
2022-08-17 00:00:00+00:00,0.0,0.0,0.0,-1.248384267030567,0.010783036433388966,-0.03335877270660692,normal,,0
2022-08-18 00:00:00+00:00,0.0,0.0,0.0,-0.5513696138414433,0.010783036433388966,-0.03206607741006717,normal,,0
2022-08-19 00:00:00+00:00,0.0,0.0,0.0,-0.5058362679068444,0.010783036433388966,-0.032008262801181964,normal,,0
2022-08-22 00:00:00+00:00,0.0,0.0,0.0,0.004476208330440567,0.010783036433388966,-0.031036372327928774,normal,,0
2022-08-23 00:00:00+00:00,0.0,0.0,0.0,-0.502021577737416,0.010783036433388966,-0.03203110971045042,normal,,0
2022-08-24 00:00:00+00:00,0.0,0.0,0.0,-0.30714242516637696,0.010783036433388966,-0.03166447366137071,normal,,0
2022-08-25 00:00:00+00:00,0.0,0.0,0.0,-0.6473647027549373,0.010783036433388966,-0.03237207014103394,normal,,0
2022-08-26 00:00:00+00:00,0.0,0.0,0.0,-0.42356255834628775,0.010783036433388966,-0.03197909395686871,normal,,0
2022-08-29 00:00:00+00:00,0.0,0.0,0.0,0.8665258774000877,0.010783036433388966,-0.02947681681270531,normal,,0
2022-08-30 00:00:00+00:00,0.0,0.0,0.0,-0.45845325556111816,0.010783036433388966,-0.032044460835467525,normal,,0
2022-08-31 00:00:00+00:00,0.0,0.0,0.0,-0.3737833641553279,0.010783036433388966,-0.03188310830929897,normal,,0
2022-09-01 00:00:00+00:00,0.0,0.0,0.0,1.615201696677535,0.010783036433388966,-0.027994670434251745,normal,,0
2022-09-02 00:00:00+00:00,0.0,0.0,0.0,0.1323016433167229,0.010783036433388966,-0.03084073203107529,normal,,0
2022-09-06 00:00:00+00:00,0.0,0.0,0.0,-0.2770116455094064,0.010783036433388966,-0.03166062726219021,normal,,0
2022-09-07 00:00:00+00:00,0.0,0.0,0.0,-0.3582480058060418,0.010783036433388966,-0.03187108951725737,normal,,0
2022-09-08 00:00:00+00:00,0.0,0.0,0.0,0.2305846520573771,0.010783036433388966,-0.030815275739072057,normal,,0
2022-09-09 00:00:00+00:00,0.0,0.0,0.0,-0.5159105061745836,0.010783036433388966,-0.03224326911921516,normal,,0
2022-09-12 00:00:00+00:00,0.0,0.0,0.0,-0.9208436146902944,0.010783036433388966,-0.03288228374253155,normal,,0
2022-09-13 00:00:00+00:00,0.0,0.0,0.0,0.5344155633401394,0.010783036433388966,-0.0307643878825985,normal,,0
2022-09-14 00:00:00+00:00,0.0,0.0,0.0,0.5910702802870055,0.010783036433388966,-0.030966808608620333,normal,,0
2022-09-15 00:00:00+00:00,0.0,0.0,0.0,0.9611879135112881,0.010783036433388966,-0.030532447180783073,normal,,0
2022-09-16 00:00:00+00:00,0.0,0.0,0.0,-2.084001169986463,0.010783036433388966,-0.0340112724256727,normal,,0
2022-09-19 00:00:00+00:00,0.0,0.0,0.0,-2.4735268364064096,0.010783036433388966,-0.034605490802299244,normal,,0
2022-09-20 00:00:00+00:00,1.0,1.0,0.25,-3.232991773687282,0.010783036433388966,-0.03574812364634905,normal,,0
2022-09-21 00:00:00+00:00,0.0,1.0,0.25,-2.8254879067287244,0.010783036433388966,-0.035554040105752804,normal,,0
2022-09-22 00:00:00+00:00,2.0,0.0,0.0,-2.5342557459047503,0.010783036433388966,-0.03545040266221733,normal,max_hold,0
2022-09-23 00:00:00+00:00,1.0,1.0,0.24655373341057954,-2.9586448009269546,0.010783036433388966,-0.0363255068695274,normal,,0
2022-09-26 00:00:00+00:00,2.0,0.0,0.0,1.1896957215249075,0.010783036433388966,-0.030173325774964788,normal,profit_target,0
2022-09-27 00:00:00+00:00,0.0,0.0,0.0,1.1159853804399948,0.010783036433388966,-0.030392242875938003,normal,,0
2022-09-28 00:00:00+00:00,0.0,0.0,0.0,1.3612531867760758,0.010783036433388966,-0.029988125188334713,normal,,0
2022-09-29 00:00:00+00:00,0.0,0.0,0.0,1.1103346230724571,0.010783036433388966,-0.03030995165971273,normal,,0
2022-09-30 00:00:00+00:00,0.0,0.0,0.0,1.3760637611658333,0.010783036433388966,-0.02988921164497338,normal,,0
2022-10-03 00:00:00+00:00,0.0,0.0,0.0,2.773968368085174,0.010090989499038132,-0.025648789778474068,normal,,0
2022-10-04 00:00:00+00:00,0.0,0.0,0.0,1.0487468740062427,0.010090989499038132,-0.028128620418269357,normal,,0
2022-10-05 00:00:00+00:00,0.0,0.0,0.0,1.0477258704325523,0.010090989499038132,-0.02810272853686513,normal,,0
2022-10-06 00:00:00+00:00,0.0,0.0,0.0,-0.2201473271348271,0.010090989499038132,-0.03016761804742263,normal,,0
2022-10-07 00:00:00+00:00,0.0,0.0,0.0,-0.3340292993679996,0.010090989499038132,-0.030362265089470597,normal,,0
2022-10-10 00:00:00+00:00,0.0,0.0,0.0,0.9569695982935837,0.010090989499038132,-0.028265696546831087,normal,,0
2022-10-11 00:00:00+00:00,0.0,0.0,0.0,1.4573309871858922,0.010090989499038132,-0.027401727019849886,normal,,0
2022-10-12 00:00:00+00:00,0.0,0.0,0.0,1.708937304375975,0.010090989499038132,-0.02698082121841061,normal,,0
2022-10-13 00:00:00+00:00,0.0,0.0,0.0,0.6193544807975204,0.010090989499038132,-0.028727928449623796,normal,,0
2022-10-14 00:00:00+00:00,0.0,0.0,0.0,-0.0413882943578508,0.010090989499038132,-0.029837027162717078,normal,,0
2022-10-17 00:00:00+00:00,0.0,0.0,0.0,0.707227829510872,0.010090989499038132,-0.028559643723038874,normal,,0
2022-10-18 00:00:00+00:00,0.0,0.0,0.0,0.0779846536751366,0.010090989499038132,-0.029570340768883874,normal,,0
2022-10-19 00:00:00+00:00,0.0,0.0,0.0,1.9321152113638016,0.010090989499038132,-0.026465620156224112,normal,,0
2022-10-20 00:00:00+00:00,0.0,0.0,0.0,0.9462336405540518,0.010090989499038132,-0.02801694611093719,normal,,0
2022-10-21 00:00:00+00:00,0.0,0.0,0.0,1.854923747898607,0.010090989499038132,-0.026396178896550992,normal,,0
2022-10-24 00:00:00+00:00,0.0,0.0,0.0,0.950517431545443,0.010090989499038132,-0.02786526663860478,normal,,0
2022-10-25 00:00:00+00:00,0.0,0.0,0.0,0.0119278590948265,0.010090989499038132,-0.02949365993452968,normal,,0
2022-10-26 00:00:00+00:00,0.0,0.0,0.0,0.39977781487918673,0.010090989499038132,-0.02878277217766545,normal,,0
2022-10-27 00:00:00+00:00,0.0,0.0,0.0,0.5863875441797478,0.010090989499038132,-0.02842019409239782,normal,,0
2022-10-28 00:00:00+00:00,0.0,0.0,0.0,0.556876017696861,0.010090989499038132,-0.028442645837248648,normal,,0
2022-10-31 00:00:00+00:00,0.0,0.0,0.0,1.048006008705543,0.010090989499038132,-0.02753792156196777,normal,,0
2022-11-01 00:00:00+00:00,0.0,0.0,0.0,0.09500669362708763,0.010090989499038132,-0.02919782647891811,normal,,0
2022-11-02 00:00:00+00:00,0.0,0.0,0.0,1.0511301709211596,0.010090989499038132,-0.027459188046990768,normal,,0
2022-11-03 00:00:00+00:00,0.0,0.0,0.0,0.5020857889346483,0.010090989499038132,-0.02839705024376471,normal,,0
2022-11-04 00:00:00+00:00,0.0,0.0,0.0,1.3544962327291112,0.010090989499038132,-0.026824110308077742,normal,,0
2022-11-07 00:00:00+00:00,0.0,0.0,0.0,0.7375118975985315,0.010090989499038132,-0.027866442307928452,normal,,0
2022-11-08 00:00:00+00:00,0.0,0.0,0.0,1.5408582554779495,0.010090989499038132,-0.026351812899422455,normal,,0
2022-11-09 00:00:00+00:00,0.0,0.0,0.0,0.4061571674772219,0.010090989499038132,-0.028368265834953554,normal,,0
2022-11-10 00:00:00+00:00,0.0,0.0,0.0,0.1625370233196812,0.010090989499038132,-0.0287960635452027,normal,,0
2022-11-11 00:00:00+00:00,0.0,0.0,0.0,0.4686973126957286,0.010090989499038132,-0.028191527221297363,normal,,0
2022-11-14 00:00:00+00:00,0.0,0.0,0.0,0.4124510713391836,0.010090989499038132,-0.028265499239733316,normal,,0
2022-11-15 00:00:00+00:00,0.0,0.0,0.0,1.0230933620709028,0.010090989499038132,-0.02711011138742947,normal,,0
2022-11-16 00:00:00+00:00,0.0,0.0,0.0,0.22797417551205984,0.010090989499038132,-0.028543287847190513,normal,,0
2022-11-17 00:00:00+00:00,0.0,0.0,0.0,-0.28962585521171963,0.010090989499038132,-0.029481994805753864,normal,,0
2022-11-18 00:00:00+00:00,0.0,0.0,0.0,0.39092156310814113,0.010090989499038132,-0.02821499581178344,normal,,0
2022-11-21 00:00:00+00:00,0.0,0.0,0.0,0.017747562420506773,0.010090989499038132,-0.028873075799126013,normal,,0
2022-11-22 00:00:00+00:00,0.0,0.0,0.0,0.3090157400594834,0.010090989499038132,-0.028317530351987585,normal,,0
2022-11-23 00:00:00+00:00,0.0,0.0,0.0,0.4524543874759998,0.010090989499038132,-0.028070838768320172,normal,,0
2022-11-25 00:00:00+00:00,0.0,0.0,0.0,-0.4177067552820407,0.010090989499038132,-0.029636281175714707,normal,,0
2022-11-28 00:00:00+00:00,0.0,0.0,0.0,0.20359232055936488,0.010090989499038132,-0.028492808291399996,normal,,0
2022-11-29 00:00:00+00:00,0.0,0.0,0.0,-0.47379105571489,0.010090989499038132,-0.02975800818850871,normal,,0
2022-11-30 00:00:00+00:00,0.0,0.0,0.0,0.280165647421673,0.010090989499038132,-0.028419945291451754,normal,,0
2022-12-01 00:00:00+00:00,0.0,0.0,0.0,-0.19570341176477238,0.010090989499038132,-0.02925458834740624,normal,,0
2022-12-02 00:00:00+00:00,0.0,0.0,0.0,-0.24382122026676908,0.010090989499038132,-0.029330186264497904,normal,,0
2022-12-05 00:00:00+00:00,0.0,0.0,0.0,0.10299255052570593,0.010090989499038132,-0.028717449290059704,normal,,0
2022-12-06 00:00:00+00:00,0.0,0.0,0.0,0.6700448474172525,0.010090989499038132,-0.02768112802607181,normal,,0
2022-12-07 00:00:00+00:00,0.0,0.0,0.0,0.22986151215798933,0.010090989499038132,-0.028416938071281983,normal,,0
2022-12-08 00:00:00+00:00,0.0,0.0,0.0,-0.3143709707318928,0.010090989499038132,-0.02937633561352815,normal,,0
2022-12-09 00:00:00+00:00,0.0,0.0,0.0,0.029779981244029446,0.010090989499038132,-0.028773160467728154,normal,,0
2022-12-12 00:00:00+00:00,0.0,0.0,0.0,0.5861902212132523,0.010090989499038132,-0.02779018984831083,normal,,0
2022-12-13 00:00:00+00:00,0.0,0.0,0.0,2.1869789663664623,0.010090989499038132,-0.024977761448518265,normal,,0
2022-12-14 00:00:00+00:00,0.0,0.0,0.0,1.7515675971715716,0.010090989499038132,-0.025615358897083773,normal,,0
2022-12-15 00:00:00+00:00,-1.0,-1.0,0.2274515744773238,2.729418893727886,0.010090989499038132,-0.024044026454491885,normal,,0
2022-12-16 00:00:00+00:00,2.0,0.0,0.0,-0.983419993759239,0.010090989499038132,-0.029906874664606953,normal,profit_target,0
2022-12-19 00:00:00+00:00,0.0,0.0,0.0,-0.7596200656225305,0.010090989499038132,-0.029390649915139733,normal,,0
2022-12-20 00:00:00+00:00,0.0,0.0,0.0,-0.9190960362498468,0.010090989499038132,-0.029335021306357234,normal,,0
2022-12-21 00:00:00+00:00,0.0,0.0,0.0,-0.7625436609659894,0.010090989499038132,-0.029167198105927383,normal,,0
2022-12-22 00:00:00+00:00,0.0,0.0,0.0,-0.003989012921400685,0.010090989499038132,-0.028235042167234603,normal,,0
2022-12-23 00:00:00+00:00,0.0,0.0,0.0,0.019803226162705086,0.010090989499038132,-0.028209325492427162,normal,,0
2022-12-27 00:00:00+00:00,0.0,0.0,0.0,-0.40043399918969075,0.010090989499038132,-0.028733256039902066,normal,,0
2022-12-28 00:00:00+00:00,0.0,0.0,0.0,-0.1390878859335871,0.010090989499038132,-0.028420229128564678,normal,,0
2022-12-29 00:00:00+00:00,0.0,0.0,0.0,-0.38641087066418983,0.010090989499038132,-0.02875782102632307,normal,,0
2022-12-30 00:00:00+00:00,0.0,0.0,0.0,0.2506345808715642,0.010090989499038132,-0.028000489133515494,normal,,0
2023-01-03 00:00:00+00:00,0.0,0.0,0.0,0.3819659365974081,0.009490208203143596,-0.028282782389074335,normal,,0
2023-01-04 00:00:00+00:00,0.0,0.0,0.0,0.397598007559728,0.009490208203143596,-0.028234631156459855,normal,,0
2023-01-05 00:00:00+00:00,0.0,0.0,0.0,-0.5608299097722147,0.009490208203143596,-0.029307904872824864,normal,,0
2023-01-06 00:00:00+00:00,0.0,0.0,0.0,-0.5649688335897175,0.009490208203143596,-0.029324444492457857,normal,,0
2023-01-09 00:00:00+00:00,0.0,0.0,0.0,-1.3954906700491045,0.009490208203143596,-0.030304957992052906,normal,,0
2023-01-10 00:00:00+00:00,0.0,0.0,0.0,-0.09983634659966073,0.009490208203143596,-0.028860667767702353,normal,,0
2023-01-11 00:00:00+00:00,0.0,0.0,0.0,-1.1102753532946033,0.009490208203143596,-0.03002457140488346,normal,,0
2023-01-12 00:00:00+00:00,0.0,0.0,0.0,-0.656040571874012,0.009490208203143596,-0.029491450298558597,normal,,0
2023-01-13 00:00:00+00:00,0.0,0.0,0.0,-1.5356931195773178,0.009490208203143596,-0.030518519386188103,normal,,0
2023-01-17 00:00:00+00:00,0.0,0.0,0.0,-0.07228056790376694,0.009490208203143596,-0.028836769957711006,normal,,0
2023-01-18 00:00:00+00:00,0.0,0.0,0.0,0.13473657654168567,0.009490208203143596,-0.028630863710500165,normal,,0
2023-01-19 00:00:00+00:00,0.0,0.0,0.0,-1.6400296098292648,0.009490208203143596,-0.03065827642901464,normal,,0
2023-01-20 00:00:00+00:00,0.0,0.0,0.0,0.45741005817120717,0.009490208203143596,-0.02833137457526025,normal,,0
2023-01-23 00:00:00+00:00,0.0,0.0,0.0,-0.20794417502911086,0.009490208203143596,-0.029087968088093774,normal,,0
2023-01-24 00:00:00+00:00,0.0,0.0,0.0,-0.3556739145919369,0.009490208203143596,-0.02923870605937129,normal,,0
2023-01-25 00:00:00+00:00,0.0,0.0,0.0,-0.5312937904545983,0.009490208203143596,-0.029437057814213574,normal,,0
2023-01-26 00:00:00+00:00,0.0,0.0,0.0,-2.2046895457099795,0.009490208203143596,-0.03134006560998337,normal,,0
2023-01-27 00:00:00+00:00,0.0,0.0,0.0,-0.5677811345920157,0.009490208203143596,-0.029555715846434794,normal,,0
2023-01-30 00:00:00+00:00,0.0,0.0,0.0,0.0008750471331999717,0.009490208203143596,-0.028913480768594013,normal,,0
2023-01-31 00:00:00+00:00,0.0,0.0,0.0,-0.031692956868160864,0.009490208203143596,-0.028939429980090914,normal,,0
2023-02-01 00:00:00+00:00,0.0,0.0,0.0,-0.18637507887215285,0.009490208203143596,-0.029136144070444736,normal,,0
2023-02-02 00:00:00+00:00,0.0,0.0,0.0,-0.6394693149942514,0.009490208203143596,-0.029667452065100797,normal,,0
2023-02-03 00:00:00+00:00,0.0,0.0,0.0,-1.273026022121744,0.009490208203143596,-0.030421850454159127,normal,,0
2023-02-06 00:00:00+00:00,0.0,0.0,0.0,0.1770616703685558,0.009490208203143596,-0.028795214048114914,normal,,0
2023-02-07 00:00:00+00:00,0.0,0.0,0.0,-0.5440193821910473,0.009490208203143596,-0.029642690106683744,normal,,0
2023-02-08 00:00:00+00:00,0.0,0.0,0.0,-0.49082440128107835,0.009490208203143596,-0.029598153359446044,normal,,0
2023-02-09 00:00:00+00:00,0.0,0.0,0.0,-1.121569790577671,0.009490208203143596,-0.03031430511015465,normal,,0
2023-02-10 00:00:00+00:00,0.0,0.0,0.0,-0.30782071226707386,0.009490208203143596,-0.02943044128406047,normal,,0
2023-02-13 00:00:00+00:00,0.0,0.0,0.0,-0.571444333776275,0.009490208203143596,-0.02974147343306477,normal,,0
2023-02-14 00:00:00+00:00,0.0,0.0,0.0,-0.4827899988996379,0.009490208203143596,-0.029669981810028112,normal,,0
2023-02-15 00:00:00+00:00,0.0,0.0,0.0,-0.706346333904569,0.009490208203143596,-0.029932981626635602,normal,,0
2023-02-16 00:00:00+00:00,0.0,0.0,0.0,-0.36814317534871277,0.009490208203143596,-0.0295539006811536,normal,,0
2023-02-17 00:00:00+00:00,0.0,0.0,0.0,-0.004483930154255974,0.009490208203143596,-0.029161011038872253,normal,,0
2023-02-21 00:00:00+00:00,0.0,0.0,0.0,0.6166673534938656,0.009490208203143596,-0.0284623452530699,normal,,0
2023-02-22 00:00:00+00:00,0.0,0.0,0.0,-0.05774974563660828,0.009490208203143596,-0.029213222659773663,normal,,0
2023-02-23 00:00:00+00:00,0.0,0.0,0.0,-0.6497407990044688,0.009490208203143596,-0.02988767915319457,normal,,0
2023-02-24 00:00:00+00:00,0.0,0.0,0.0,-0.8195029775768407,0.009490208203143596,-0.03007257428986687,normal,,0
2023-02-27 00:00:00+00:00,0.0,0.0,0.0,-0.2130150127654267,0.009490208203143596,-0.029414946595524682,normal,,0
2023-02-28 00:00:00+00:00,0.0,0.0,0.0,-0.11559671814062504,0.009490208203143596,-0.029291500275092197,normal,,0
2023-03-01 00:00:00+00:00,0.0,0.0,0.0,-0.13229429452641225,0.009490208203143596,-0.029317133478403257,normal,,0
2023-03-02 00:00:00+00:00,0.0,0.0,0.0,-1.3570374164330448,0.009490208203143596,-0.030673827170415002,normal,,0
2023-03-03 00:00:00+00:00,0.0,0.0,0.0,0.1462123252363064,0.009490208203143596,-0.029013294226636788,normal,,0
2023-03-06 00:00:00+00:00,0.0,0.0,0.0,0.10014485285157647,0.009490208203143596,-0.02906272105976626,normal,,0
2023-03-07 00:00:00+00:00,0.0,0.0,0.0,-0.6251838394475866,0.009490208203143596,-0.029891081800696107,normal,,0
2023-03-08 00:00:00+00:00,0.0,0.0,0.0,-0.986987884864007,0.009490208203143596,-0.030315946750802958,normal,,0
2023-03-09 00:00:00+00:00,0.0,0.0,0.0,-0.2060589063895605,0.009490208203143596,-0.02944922429191532,normal,,0
2023-03-10 00:00:00+00:00,0.0,0.0,0.0,-0.3676116129077071,0.009490208203143596,-0.029635546651785027,normal,,0
2023-03-13 00:00:00+00:00,0.0,0.0,0.0,-1.6189845267584495,0.009490208203143596,-0.03106141049932809,normal,,0
2023-03-14 00:00:00+00:00,0.0,0.0,0.0,-0.10693900864358868,0.009490208203143596,-0.02944795636463038,normal,,0
2023-03-15 00:00:00+00:00,0.0,0.0,0.0,-1.7094489428061452,0.009490208203143596,-0.030993194846456795,normal,,0
2023-03-16 00:00:00+00:00,0.0,0.0,0.0,0.013917697442540901,0.009490208203143596,-0.029492928733273693,normal,,0
2023-03-17 00:00:00+00:00,0.0,0.0,0.0,-2.214926701704397,0.009490208203143596,-0.031032122537580697,normal,,0
2023-03-20 00:00:00+00:00,1.0,1.0,0.25,-6.632858388497014,0.009490208203143596,-0.03430840060531537,normal,,0
2023-03-21 00:00:00+00:00,0.0,1.0,0.25,-3.4724192070085738,0.009490208203143596,-0.032891293364716745,normal,,0
2023-03-22 00:00:00+00:00,2.0,0.0,0.0,-3.8061610531809404,0.009490208203143596,-0.033611513244308,normal,max_hold,0
2023-03-23 00:00:00+00:00,0.0,0.0,0.0,0.019118361407874183,0.009490208203143596,-0.02969884448263649,normal,,0
2023-03-24 00:00:00+00:00,0.0,0.0,0.0,0.566449611268171,0.009490208203143596,-0.0290888767301416,normal,,0
2023-03-27 00:00:00+00:00,0.0,0.0,0.0,1.1138559877943712,0.009490208203143596,-0.028458905180308136,normal,,0
2023-03-28 00:00:00+00:00,0.0,0.0,0.0,1.2334730506694118,0.009490208203143596,-0.028307099774738553,normal,,0
2023-03-29 00:00:00+00:00,0.0,0.0,0.0,-0.5945430147362456,0.009490208203143596,-0.030408840095078382,normal,,0
2023-03-30 00:00:00+00:00,0.0,0.0,0.0,0.44248299980475103,0.009490208203143596,-0.02923589346539579,normal,,0
2023-03-31 00:00:00+00:00,0.0,0.0,0.0,-0.04833870540853164,0.009490208203143596,-0.029819295181052752,normal,,0
2023-04-03 00:00:00+00:00,0.0,0.0,0.0,0.562391210549447,0.007999208308751064,-0.028383069640666392,normal,,0
2023-04-04 00:00:00+00:00,0.0,0.0,0.0,0.27708671819609193,0.007999208308751064,-0.02870138641917741,normal,,0
2023-04-05 00:00:00+00:00,0.0,0.0,0.0,0.1250001629559928,0.007999208308751064,-0.028875418989479762,normal,,0
2023-04-06 00:00:00+00:00,0.0,0.0,0.0,-0.03446477485801827,0.007999208308751064,-0.029044018823204176,normal,,0
2023-04-10 00:00:00+00:00,0.0,0.0,0.0,0.7666692362680444,0.007999208308751064,-0.02816383347263507,normal,,0
2023-04-11 00:00:00+00:00,0.0,0.0,0.0,0.35625471183413115,0.007999208308751064,-0.02860286316089944,normal,,0
2023-04-12 00:00:00+00:00,0.0,0.0,0.0,0.1553892598772422,0.007999208308751064,-0.028826471875674997,normal,,0
2023-04-13 00:00:00+00:00,0.0,0.0,0.0,0.12852262156742772,0.007999208308751064,-0.028841881464320984,normal,,0
2023-04-14 00:00:00+00:00,0.0,0.0,0.0,0.03231911193424591,0.007999208308751064,-0.028962785014584824,normal,,0
2023-04-17 00:00:00+00:00,0.0,0.0,0.0,-0.7589085154634094,0.007999208308751064,-0.02985450551657287,normal,,0
2023-04-18 00:00:00+00:00,0.0,0.0,0.0,0.1375468186229567,0.007999208308751064,-0.0288649017802296,normal,,0
2023-04-19 00:00:00+00:00,0.0,0.0,0.0,-1.421880481670539,0.007999208308751064,-0.030583147124549015,normal,,0
2023-04-20 00:00:00+00:00,0.0,0.0,0.0,-0.4506978351147798,0.007999208308751064,-0.02957205284043063,normal,,0
2023-04-21 00:00:00+00:00,0.0,0.0,0.0,0.33890892339392215,0.007999208308751064,-0.02872217394476717,normal,,0
2023-04-24 00:00:00+00:00,0.0,0.0,0.0,0.4505178460043432,0.007999208308751064,-0.028600669089983377,normal,,0
2023-04-25 00:00:00+00:00,0.0,0.0,0.0,0.3323783298698855,0.007999208308751064,-0.02870283914008631,normal,,0
2023-04-26 00:00:00+00:00,0.0,0.0,0.0,0.896967319861112,0.007999208308751064,-0.028089579026884692,normal,,0
2023-04-27 00:00:00+00:00,0.0,0.0,0.0,0.5582700494780523,0.007999208308751064,-0.02845539882912007,normal,,0
2023-04-28 00:00:00+00:00,0.0,0.0,0.0,1.211258424807172,0.007999208308751064,-0.02775630807897045,normal,,0
2023-05-01 00:00:00+00:00,0.0,0.0,0.0,0.33105284400814716,0.007999208308751064,-0.028694653901739642,normal,,0
2023-05-02 00:00:00+00:00,0.0,0.0,0.0,1.0595225815312863,0.007999208308751064,-0.027896239457262162,normal,,0
2023-05-03 00:00:00+00:00,0.0,0.0,0.0,1.1857446505784137,0.007999208308751064,-0.027720786815207177,normal,,0
2023-05-04 00:00:00+00:00,-1.0,-1.0,0.25,3.521201568880538,0.007999208308751064,-0.025131897721207608,normal,,0
2023-05-05 00:00:00+00:00,2.0,0.0,0.0,-0.10672897887124437,0.007999208308751064,-0.029085524116537087,normal,mean_reversion,0
2023-05-08 00:00:00+00:00,0.0,0.0,0.0,-0.3024057245664313,0.007999208308751064,-0.02932717097575388,normal,,0
2023-05-09 00:00:00+00:00,0.0,0.0,0.0,0.514370362278754,0.007999208308751064,-0.028334150176834605,normal,,0
2023-05-10 00:00:00+00:00,0.0,0.0,0.0,0.589290999884266,0.007999208308751064,-0.0282368840916023,normal,,0
2023-05-11 00:00:00+00:00,0.0,0.0,0.0,0.4580648345660254,0.007999208308751064,-0.028382354793156317,normal,,0
2023-05-12 00:00:00+00:00,0.0,0.0,0.0,-0.08921727706599081,0.007999208308751064,-0.02903983314111347,normal,,0
2023-05-15 00:00:00+00:00,0.0,0.0,0.0,-0.06814541761924517,0.007999208308751064,-0.02901222719133756,normal,,0
2023-05-16 00:00:00+00:00,0.0,0.0,0.0,0.25181997570700565,0.007999208308751064,-0.028626331011931683,normal,,0
2023-05-17 00:00:00+00:00,0.0,0.0,0.0,0.4170236721288805,0.007999208308751064,-0.028429701645908523,normal,,0
2023-05-18 00:00:00+00:00,0.0,0.0,0.0,-0.19887460998067644,0.007999208308751064,-0.029189666194098685,normal,,0
2023-05-19 00:00:00+00:00,0.0,0.0,0.0,1.3538896749949558,0.007999208308751064,-0.027328995060864614,normal,,0
2023-05-22 00:00:00+00:00,0.0,0.0,0.0,2.3981582484915585,0.007999208308751064,-0.02599637085970219,normal,,0
2023-05-23 00:00:00+00:00,0.0,0.0,0.0,0.8767926025493616,0.007999208308751064,-0.027754551812784634,normal,,0
2023-05-24 00:00:00+00:00,0.0,0.0,0.0,0.29759433757198384,0.007999208308751064,-0.028479042944440813,normal,,0
2023-05-25 00:00:00+00:00,0.0,0.0,0.0,-0.35842759639784694,0.007999208308751064,-0.029323584023335236,normal,,0
2023-05-26 00:00:00+00:00,0.0,0.0,0.0,0.9739850647417317,0.007999208308751064,-0.027619141806858316,normal,,0
2023-05-30 00:00:00+00:00,0.0,0.0,0.0,-0.014890841277503454,0.007999208308751064,-0.028855962010234215,normal,,0
2023-05-31 00:00:00+00:00,0.0,0.0,0.0,1.4371776011982742,0.007999208308751064,-0.026993614951724254,normal,,0
2023-06-01 00:00:00+00:00,0.0,0.0,0.0,-0.09394157718201045,0.007999208308751064,-0.02894851232424056,normal,,0
2023-06-02 00:00:00+00:00,0.0,0.0,0.0,0.4454571863864971,0.007999208308751064,-0.02823940119813617,normal,,0
2023-06-05 00:00:00+00:00,0.0,0.0,0.0,-0.3943239194611454,0.007999208308751064,-0.02931671974305239,normal,,0
2023-06-06 00:00:00+00:00,0.0,0.0,0.0,0.3833350174197277,0.007999208308751064,-0.028309576774328882,normal,,0
2023-06-07 00:00:00+00:00,0.0,0.0,0.0,2.327249069522421,0.007999208308751064,-0.025750918013579316,normal,,0
2023-06-08 00:00:00+00:00,0.0,0.0,0.0,1.9804945249922714,0.007999208308751064,-0.02604488747414546,normal,,0
2023-06-09 00:00:00+00:00,0.0,0.0,0.0,2.0166321855267815,0.007999208308751064,-0.025864226675738955,normal,,0
2023-06-12 00:00:00+00:00,0.0,0.0,0.0,1.792137344046395,0.007999208308751064,-0.026048867557905808,normal,,0
2023-06-13 00:00:00+00:00,0.0,0.0,0.0,1.75166231998524,0.007999208308751064,-0.025996282646544522,normal,,0
2023-06-14 00:00:00+00:00,0.0,0.0,0.0,1.5862956262048962,0.007999208308751064,-0.026136586488537006,normal,,0
2023-06-15 00:00:00+00:00,0.0,0.0,0.0,1.571670137913115,0.007999208308751064,-0.026229142703673602,normal,,0
2023-06-16 00:00:00+00:00,0.0,0.0,0.0,-1.9724662805537765,0.007999208308751064,-0.030835593190965405,normal,,0
2023-06-20 00:00:00+00:00,0.0,0.0,0.0,-0.2883729440593239,0.007999208308751064,-0.028586292878793884,normal,,0
2023-06-21 00:00:00+00:00,0.0,0.0,0.0,-1.2136753008618808,0.007999208308751064,-0.029689699003612624,normal,,0
2023-06-22 00:00:00+00:00,0.0,0.0,0.0,-1.2893385949991893,0.007999208308751064,-0.02982218686876248,normal,,0
2023-06-23 00:00:00+00:00,0.0,0.0,0.0,-1.4057515389420052,0.007999208308751064,-0.030019097126674055,normal,,0
2023-06-26 00:00:00+00:00,0.0,0.0,0.0,-0.761839324453965,0.007999208308751064,-0.02928167760181921,normal,,0
2023-06-27 00:00:00+00:00,0.0,0.0,0.0,-1.2279344718975935,0.007999208308751064,-0.029848963262855577,normal,,0
2023-06-28 00:00:00+00:00,0.0,0.0,0.0,-1.2088385864737567,0.007999208308751064,-0.02986705925242461,normal,,0
2023-06-29 00:00:00+00:00,0.0,0.0,0.0,-1.039005279182491,0.007999208308751064,-0.02968048683862179,normal,,0
2023-06-30 00:00:00+00:00,0.0,0.0,0.0,-1.7621381124442503,0.007999208308751064,-0.03063768463975869,normal,,0
2023-07-03 00:00:00+00:00,0.0,0.0,0.0,-0.9688780013861015,0.007579712469128047,-0.02962894985665354,normal,,0
2023-07-05 00:00:00+00:00,0.0,0.0,0.0,-1.2961528764542816,0.007579712469128047,-0.030082706739930742,normal,,0
2023-07-06 00:00:00+00:00,0.0,0.0,0.0,-1.2761280867676632,0.007579712469128047,-0.0300951845798636,normal,,0
2023-07-07 00:00:00+00:00,0.0,0.0,0.0,-1.237578246306235,0.007579712469128047,-0.030098388776409024,normal,,0
2023-07-10 00:00:00+00:00,0.0,0.0,0.0,-0.8520005229625146,0.007579712469128047,-0.029617526374797087,normal,,0
2023-07-11 00:00:00+00:00,0.0,0.0,0.0,-1.0611621889665273,0.007579712469128047,-0.029926241176666757,normal,,0
2023-07-12 00:00:00+00:00,0.0,0.0,0.0,-0.3681874914267373,0.007579712469128047,-0.028995682154606683,normal,,0
2023-07-13 00:00:00+00:00,0.0,0.0,0.0,-0.7645878260954285,0.007579712469128047,-0.029548288711589876,normal,,0
2023-07-14 00:00:00+00:00,0.0,0.0,0.0,-0.6415528156160608,0.007579712469128047,-0.02937087134904548,normal,,0
2023-07-17 00:00:00+00:00,0.0,0.0,0.0,-1.157781912229982,0.007579712469128047,-0.030100653416916145,normal,,0
2023-07-18 00:00:00+00:00,0.0,0.0,0.0,-0.8906857392362748,0.007579712469128047,-0.02971381834712794,normal,,0
2023-07-19 00:00:00+00:00,0.0,0.0,0.0,-0.8547777511930968,0.007579712469128047,-0.029669943447461655,normal,,0
2023-07-20 00:00:00+00:00,0.0,0.0,0.0,-0.9518590446409999,0.007579712469128047,-0.02982888907094594,normal,,0
2023-07-21 00:00:00+00:00,0.0,0.0,0.0,-1.386905319001051,0.007579712469128047,-0.030470375729641397,normal,,0
2023-07-24 00:00:00+00:00,0.0,0.0,0.0,-0.7660284286587036,0.007579712469128047,-0.029647195088993605,normal,,0
2023-07-25 00:00:00+00:00,0.0,0.0,0.0,-0.7887614226148886,0.007579712469128047,-0.029710597903447322,normal,,0
2023-07-26 00:00:00+00:00,0.0,0.0,0.0,-0.3417616291400542,0.007579712469128047,-0.02909583478743638,normal,,0
2023-07-27 00:00:00+00:00,0.0,0.0,0.0,-1.006128564797285,0.007579712469128047,-0.030070118314625915,normal,,0
2023-07-28 00:00:00+00:00,0.0,0.0,0.0,-0.6840656554345994,0.007579712469128047,-0.02964065326668397,normal,,0
2023-07-31 00:00:00+00:00,0.0,0.0,0.0,-0.7669703283120016,0.007579712469128047,-0.029791696054257244,normal,,0
2023-08-01 00:00:00+00:00,0.0,0.0,0.0,-0.71699182527047,0.007579712469128047,-0.029755361743963427,normal,,0
2023-08-02 00:00:00+00:00,0.0,0.0,0.0,-0.7238317524766156,0.007579712469128047,-0.02978861180117054,normal,,0
2023-08-03 00:00:00+00:00,0.0,0.0,0.0,-0.06876856910924929,0.007579712469128047,-0.028902966319713563,normal,,0
2023-08-04 00:00:00+00:00,0.0,0.0,0.0,1.0306713623531276,0.007579712469128047,-0.027383513279007232,normal,,0
2023-08-07 00:00:00+00:00,0.0,0.0,0.0,-1.041689679792794,0.007579712469128047,-0.03023205186697897,normal,,0
2023-08-08 00:00:00+00:00,0.0,0.0,0.0,-0.7445565372530273,0.007579712469128047,-0.0298616305346604,normal,,0
2023-08-09 00:00:00+00:00,0.0,0.0,0.0,-0.36093216675648443,0.007579712469128047,-0.029353080141791388,normal,,0
2023-08-10 00:00:00+00:00,0.0,0.0,0.0,-0.6596139186850111,0.007579712469128047,-0.02977890840837283,normal,,0
2023-08-11 00:00:00+00:00,0.0,0.0,0.0,-0.3464669753561427,0.007579712469128047,-0.029354992161498394,normal,,0
2023-08-14 00:00:00+00:00,0.0,0.0,0.0,-0.0802751604231132,0.007579712469128047,-0.028993311694112123,normal,,0
2023-08-15 00:00:00+00:00,0.0,0.0,0.0,-0.029357884597857604,0.007579712469128047,-0.02893189082247627,normal,,0
2023-08-16 00:00:00+00:00,0.0,0.0,0.0,-0.7936790299433703,0.007579712469128047,-0.030004138223175048,normal,,0
2023-08-17 00:00:00+00:00,0.0,0.0,0.0,0.09308579478417839,0.007579712469128047,-0.02880266103509399,normal,,0
2023-08-18 00:00:00+00:00,0.0,0.0,0.0,-0.24298106807523284,0.007579712469128047,-0.029306642414759665,normal,,0
2023-08-21 00:00:00+00:00,0.0,0.0,0.0,-0.7336582134812466,0.007579712469128047,-0.029984587758501213,normal,,0
2023-08-22 00:00:00+00:00,0.0,0.0,0.0,-0.6963232717829878,0.007579712469128047,-0.029963449520511,normal,,0
2023-08-23 00:00:00+00:00,0.0,0.0,0.0,-0.9518602942050167,0.007579712469128047,-0.030321213379545853,normal,,0
2023-08-24 00:00:00+00:00,0.0,0.0,0.0,-0.6555045434482091,0.007579712469128047,-0.029967005851413653,normal,,0
2023-08-25 00:00:00+00:00,0.0,0.0,0.0,-0.42908972684468016,0.007579712469128047,-0.02968576014371571,normal,,0
2023-08-28 00:00:00+00:00,0.0,0.0,0.0,-0.6547140048302194,0.007579712469128047,-0.030015068586275895,normal,,0
2023-08-29 00:00:00+00:00,0.0,0.0,0.0,-1.00957124487642,0.007579712469128047,-0.030503383436881748,normal,,0
2023-08-30 00:00:00+00:00,0.0,0.0,0.0,-0.569056135281758,0.007579712469128047,-0.0299650814761927,normal,,0
2023-08-31 00:00:00+00:00,0.0,0.0,0.0,-0.62662424603546,0.007579712469128047,-0.030055082563500868,normal,,0
2023-09-01 00:00:00+00:00,0.0,0.0,0.0,-0.7381762545945004,0.007579712469128047,-0.03023129605501662,normal,,0
2023-09-05 00:00:00+00:00,0.0,0.0,0.0,-0.30040194689749716,0.007579712469128047,-0.029704419762056844,normal,,0
2023-09-06 00:00:00+00:00,0.0,0.0,0.0,-0.5637712214482256,0.007579712469128047,-0.030048507856188067,normal,,0
2023-09-07 00:00:00+00:00,0.0,0.0,0.0,-0.1939997020776295,0.007579712469128047,-0.029670757873249798,normal,,0
2023-09-08 00:00:00+00:00,0.0,0.0,0.0,-2.0374945978841734,0.007579712469128047,-0.031486550845787775,normal,,0
2023-09-11 00:00:00+00:00,0.0,0.0,0.0,-0.6374984651357487,0.007579712469128047,-0.030175439565041984,normal,,0
2023-09-12 00:00:00+00:00,0.0,0.0,0.0,-0.5478713561332614,0.007579712469128047,-0.03009359431984393,normal,,0
2023-09-13 00:00:00+00:00,0.0,0.0,0.0,0.75923253629143,0.007579712469128047,-0.02930798822044256,normal,,0
2023-09-14 00:00:00+00:00,0.0,0.0,0.0,-1.0389213430714825,0.007579712469128047,-0.0303208424970558,normal,,0
2023-09-15 00:00:00+00:00,1.0,1.0,0.25,-7.439532395477023,0.007579712469128047,-0.03388004686549273,normal,,0
2023-09-18 00:00:00+00:00,0.0,1.0,0.25,-4.595454866711588,0.007579712469128047,-0.03335738078137496,normal,,0
2023-09-19 00:00:00+00:00,2.0,0.0,0.0,-3.998890607351668,0.007579712469128047,-0.03345848060427503,normal,max_hold,0
2023-09-20 00:00:00+00:00,1.0,1.0,0.25,-3.8231911091701067,0.007579712469128047,-0.033788085649127275,normal,,0
2023-09-21 00:00:00+00:00,0.0,1.0,0.25,-3.4502924123862693,0.007579712469128047,-0.033872443337090274,normal,,0
2023-09-22 00:00:00+00:00,2.0,0.0,0.0,-3.4805325069603237,0.007579712469128047,-0.03434006634412956,normal,max_hold,0
2023-09-25 00:00:00+00:00,0.0,0.0,0.0,-2.485694827754771,0.007579712469128047,-0.033491302451325033,normal,,0
2023-09-26 00:00:00+00:00,0.0,0.0,0.0,1.3779492063671672,0.007579712469128047,-0.02829725913520953,normal,,0
2023-09-27 00:00:00+00:00,0.0,0.0,0.0,1.0510293260335923,0.007579712469128047,-0.0286956247358221,normal,,0
2023-09-28 00:00:00+00:00,0.0,0.0,0.0,1.0819108977831842,0.007579712469128047,-0.028623856022411687,normal,,0
2023-09-29 00:00:00+00:00,0.0,0.0,0.0,0.37669252868067726,0.007579712469128047,-0.02960652168378619,normal,,0
2023-10-02 00:00:00+00:00,0.0,0.0,0.0,0.9504678357180943,0.006379549088018139,-0.0254802200480011,normal,,0
2023-10-03 00:00:00+00:00,0.0,0.0,0.0,1.2913611656886737,0.006379549088018139,-0.02494873526382868,normal,,0
2023-10-04 00:00:00+00:00,0.0,0.0,0.0,0.8796396840033602,0.006379549088018139,-0.02551128262514446,normal,,0
2023-10-05 00:00:00+00:00,0.0,0.0,0.0,0.6398957519569689,0.006379549088018139,-0.02584167292957762,normal,,0
2023-10-06 00:00:00+00:00,0.0,0.0,0.0,1.5749971484308736,0.006379549088018139,-0.024451598293402377,normal,,0
2023-10-09 00:00:00+00:00,0.0,0.0,0.0,0.778830515974949,0.006379549088018139,-0.02558504985236887,normal,,0
2023-10-10 00:00:00+00:00,0.0,0.0,0.0,0.7291719660608985,0.006379549088018139,-0.025648434287166566,normal,,0
2023-10-11 00:00:00+00:00,0.0,0.0,0.0,1.1206577868169048,0.006379549088018139,-0.02502485928019471,normal,,0
2023-10-12 00:00:00+00:00,0.0,0.0,0.0,1.0474397846485206,0.006379549088018139,-0.025097506739082398,normal,,0
2023-10-13 00:00:00+00:00,0.0,0.0,0.0,-0.019060122257378725,0.006379549088018139,-0.02672562815281232,normal,,0
2023-10-16 00:00:00+00:00,0.0,0.0,0.0,1.4106466201758525,0.006379549088018139,-0.024498827460080363,normal,,0
2023-10-17 00:00:00+00:00,0.0,0.0,0.0,-0.030701725345463126,0.006379549088018139,-0.02670302694392923,normal,,0
2023-10-18 00:00:00+00:00,0.0,0.0,0.0,0.98405329593489,0.006379549088018139,-0.025102032839298793,normal,,0
2023-10-19 00:00:00+00:00,0.0,0.0,0.0,1.0616288996965912,0.006379549088018139,-0.024944081262433748,normal,,0
2023-10-20 00:00:00+00:00,0.0,0.0,0.0,0.09671067145128986,0.006379549088018139,-0.02646865466155912,normal,,0
2023-10-23 00:00:00+00:00,0.0,0.0,0.0,0.9508407594860251,0.006379549088018139,-0.02509064959119467,normal,,0
2023-10-24 00:00:00+00:00,0.0,0.0,0.0,1.3992283047929528,0.006379549088018139,-0.024332661763796004,normal,,0
2023-10-25 00:00:00+00:00,0.0,0.0,0.0,0.9762317537235259,0.006379549088018139,-0.02495595275874951,normal,,0
2023-10-26 00:00:00+00:00,-1.0,-1.0,0.25,3.6173117752706667,0.006379549088018139,-0.020538680968143375,normal,,0
2023-10-27 00:00:00+00:00,2.0,0.0,0.0,0.20714036034698263,0.006379549088018139,-0.026058608417567797,normal,mean_reversion,0
2023-10-30 00:00:00+00:00,0.0,0.0,0.0,0.5246678550962709,0.006379549088018139,-0.025486200513332058,normal,,0
2023-10-31 00:00:00+00:00,0.0,0.0,0.0,0.7589193688318853,0.006379549088018139,-0.025097534613537142,normal,,0
2023-11-01 00:00:00+00:00,0.0,0.0,0.0,0.470978821862208,0.006379549088018139,-0.02558334070373558,normal,,0
2023-11-02 00:00:00+00:00,0.0,0.0,0.0,0.25234788548780407,0.006379549088018139,-0.02596253327682785,normal,,0
2023-11-03 00:00:00+00:00,0.0,0.0,0.0,0.7914111396262397,0.006379549088018139,-0.0249810670185866,normal,,0
2023-11-06 00:00:00+00:00,0.0,0.0,0.0,0.5343022137845949,0.006379549088018139,-0.02541806239314326,normal,,0
2023-11-07 00:00:00+00:00,0.0,0.0,0.0,0.4042441207213851,0.006379549088018139,-0.025643187459837513,normal,,0
2023-11-08 00:00:00+00:00,0.0,0.0,0.0,0.12854810307637207,0.006379549088018139,-0.026146773381415578,normal,,0
2023-11-09 00:00:00+00:00,0.0,0.0,0.0,0.5807569582454606,0.006379549088018139,-0.02532835150139423,normal,,0
2023-11-10 00:00:00+00:00,0.0,0.0,0.0,0.3370904305638859,0.006379549088018139,-0.025749114148271524,normal,,0
2023-11-13 00:00:00+00:00,0.0,0.0,0.0,0.3523263122783339,0.006379549088018139,-0.0257253488156719,normal,,0
2023-11-14 00:00:00+00:00,0.0,0.0,0.0,0.20333338334313028,0.006379549088018139,-0.025992850080103658,normal,,0
2023-11-15 00:00:00+00:00,0.0,0.0,0.0,0.6334402164200184,0.006379549088018139,-0.025192409444608543,normal,,0
2023-11-16 00:00:00+00:00,0.0,0.0,0.0,-0.23761762004033346,0.006379549088018139,-0.026765684455057226,normal,,0
2023-11-17 00:00:00+00:00,0.0,0.0,0.0,0.09727409606134273,0.006379549088018139,-0.026145499939344674,normal,,0
2023-11-20 00:00:00+00:00,0.0,0.0,0.0,0.32684968781405915,0.006379549088018139,-0.025714729729459762,normal,,0
2023-11-21 00:00:00+00:00,0.0,0.0,0.0,0.1742531368083677,0.006379549088018139,-0.025983189047775745,normal,,0
2023-11-22 00:00:00+00:00,0.0,0.0,0.0,-0.3670068067670515,0.006379549088018139,-0.02696560266721626,normal,,0
2023-11-24 00:00:00+00:00,0.0,0.0,0.0,0.21719147012568857,0.006379549088018139,-0.02588808991495739,normal,,0
2023-11-27 00:00:00+00:00,0.0,0.0,0.0,0.23317535188043936,0.006379549088018139,-0.02584564339331319,normal,,0
2023-11-28 00:00:00+00:00,0.0,0.0,0.0,0.23711479958256954,0.006379549088018139,-0.02582317469375095,normal,,0
2023-11-29 00:00:00+00:00,0.0,0.0,0.0,0.23892961153136924,0.006379549088018139,-0.02580155183331634,normal,,0
2023-11-30 00:00:00+00:00,0.0,0.0,0.0,0.2586745347276823,0.006379549088018139,-0.025754908528769604,normal,,0
2023-12-01 00:00:00+00:00,0.0,0.0,0.0,0.6448692431283466,0.006379549088018139,-0.025029582634542358,normal,,0
2023-12-04 00:00:00+00:00,0.0,0.0,0.0,-0.08496055761254692,0.006379549088018139,-0.026346613324470525,normal,,0
2023-12-05 00:00:00+00:00,0.0,0.0,0.0,0.570923421324826,0.006379549088018139,-0.025118969977109273,normal,,0
2023-12-06 00:00:00+00:00,0.0,0.0,0.0,0.16738690525379007,0.006379549088018139,-0.025824405282714125,normal,,0
2023-12-07 00:00:00+00:00,0.0,0.0,0.0,0.13884393100642095,0.006379549088018139,-0.025860327303996122,normal,,0
2023-12-08 00:00:00+00:00,0.0,0.0,0.0,0.33127324917502976,0.006379549088018139,-0.025506806681055316,normal,,0
2023-12-11 00:00:00+00:00,0.0,0.0,0.0,0.06976459790664245,0.006379549088018139,-0.02595830452088066,normal,,0
2023-12-12 00:00:00+00:00,0.0,0.0,0.0,0.09521415522140021,0.006379549088018139,-0.025844101501120598,normal,,0
2023-12-13 00:00:00+00:00,0.0,0.0,0.0,1.1156763078047067,0.006379549088018139,-0.024111439981542304,normal,,0
2023-12-14 00:00:00+00:00,0.0,0.0,0.0,0.7402756409995659,0.006379549088018139,-0.02468469804529949,normal,,0
2023-12-15 00:00:00+00:00,1.0,1.0,0.25,-3.195382849170723,0.054962281534944424,-0.03032924120961855,normal,,1
2023-12-18 00:00:00+00:00,0.0,1.0,0.25,-3.1143845143170497,0.04173820718086232,-0.03016039891023059,normal,,0
2023-12-19 00:00:00+00:00,2.0,0.0,0.0,-3.195396900739431,0.032113686283624855,-0.030087285118435503,normal,max_hold,0
2023-12-20 00:00:00+00:00,0.0,0.0,0.0,-0.03950826932061616,0.025108931166472444,-0.025771084800379818,normal,,0
2023-12-21 00:00:00+00:00,0.0,0.0,0.0,-0.601584296635123,0.02001084942555623,-0.02654568551202985,normal,,0
2023-12-22 00:00:00+00:00,0.0,0.0,0.0,-0.5383254364774106,0.01630045027492482,-0.026480259205972523,normal,,0
2023-12-26 00:00:00+00:00,0.0,0.0,0.0,-0.23994362539923206,0.013600010667118122,-0.026093653997546262,normal,,0
2023-12-27 00:00:00+00:00,0.0,0.0,0.0,-0.25728880113632335,0.011634622637592986,-0.026112738546264502,normal,,0
2023-12-28 00:00:00+00:00,0.0,0.0,0.0,-0.14096122020011634,0.010204207346899623,-0.025965003717095314,normal,,0
2023-12-29 00:00:00+00:00,0.0,0.0,0.0,0.41048154321329683,0.009163146816809926,-0.025233055993290954,normal,,0
2024-01-02 00:00:00+00:00,0.0,0.0,0.0,-0.11721532134736319,0.008670660955465662,-0.024929146206924102,normal,,0
2024-01-03 00:00:00+00:00,0.0,0.0,0.0,-0.17028886334453458,0.008183771926174135,-0.02500266653478267,normal,,0
2024-01-04 00:00:00+00:00,0.0,0.0,0.0,-0.20265979506465584,0.00782898542059907,-0.02507030989029424,normal,,0
2024-01-05 00:00:00+00:00,0.0,0.0,0.0,-0.020884925662477228,0.007570459438361756,-0.024834192062083815,normal,,0
2024-01-08 00:00:00+00:00,0.0,0.0,0.0,-0.4932258754579571,0.0073820766153357325,-0.025472444331254174,normal,,0
2024-01-09 00:00:00+00:00,0.0,0.0,0.0,0.11956566230830606,0.007244805739487449,-0.024673149184929244,normal,,0
2024-01-10 00:00:00+00:00,0.0,0.0,0.0,0.1631248081103963,0.007144779139113423,-0.024624977223577815,normal,,0
2024-01-11 00:00:00+00:00,0.0,0.0,0.0,0.2590345141914026,0.007071891713280697,-0.024479525709629968,normal,,0
2024-01-12 00:00:00+00:00,0.0,0.0,0.0,-0.551288427194578,0.007018780072730524,-0.025571773584728952,normal,,0
2024-01-16 00:00:00+00:00,0.0,0.0,0.0,0.0009034451079060976,0.006980078659836556,-0.02483862694869199,normal,,0
2024-01-17 00:00:00+00:00,0.0,0.0,0.0,-0.18742957926310788,0.006951877697778634,-0.025099512338631058,normal,,0
2024-01-18 00:00:00+00:00,0.0,0.0,0.0,0.6343490180723506,0.006931328208715502,-0.024038044467038056,normal,,0
2024-01-19 00:00:00+00:00,0.0,0.0,0.0,-0.5775145847728486,0.006916354198258396,-0.02560793751946555,normal,,0
2024-01-22 00:00:00+00:00,0.0,0.0,0.0,0.057105165608062,0.006905442929930475,-0.02479812408612503,normal,,0
2024-01-23 00:00:00+00:00,0.0,0.0,0.0,0.31757438751181966,0.006897492102270447,-0.024484910934837067,normal,,0
2024-01-24 00:00:00+00:00,0.0,0.0,0.0,-0.3899029666902939,0.006891698489779248,-0.025411726238719012,normal,,0
2024-01-25 00:00:00+00:00,0.0,0.0,0.0,0.10231543744419004,0.006887476797757559,-0.024893267312354972,normal,,0
2024-01-26 00:00:00+00:00,0.0,0.0,0.0,0.15605994577769025,0.006884400533414185,-0.02483205018827217,normal,,0
2024-01-29 00:00:00+00:00,0.0,0.0,0.0,-0.054870816812692944,0.006882158919800096,-0.025067268686706612,normal,,0
2024-01-30 00:00:00+00:00,0.0,0.0,0.0,0.2573535782005845,0.006880525499835489,-0.024746077533146504,normal,,0
2024-01-31 00:00:00+00:00,0.0,0.0,0.0,0.0014834455323061147,0.00687933525867885,-0.025025120356266584,normal,,0
2024-02-01 00:00:00+00:00,0.0,0.0,0.0,-0.22350763522239292,0.006878467953245063,-0.02526897215693591,normal,,0
2024-02-02 00:00:00+00:00,0.0,0.0,0.0,0.14212804162744186,0.006877835964751572,-0.02489749502413563,normal,,0
2024-02-05 00:00:00+00:00,0.0,0.0,0.0,-0.614830421538024,0.006877375447106523,-0.025713640503641777,normal,,0
2024-02-06 00:00:00+00:00,0.0,0.0,0.0,-0.21269127907458044,0.006877039876912468,-0.025303056405776125,normal,,0
2024-02-07 00:00:00+00:00,0.0,0.0,0.0,-0.17985742994988077,0.0068767953534803064,-0.02527083628500204,normal,,0
2024-02-08 00:00:00+00:00,0.0,0.0,0.0,-0.3906282113090678,0.006876617174041444,-0.025510305027811597,normal,,0
2024-02-09 00:00:00+00:00,0.0,0.0,0.0,-0.3137386700885401,0.006876487338171921,-0.025441437126466404,normal,,0
2024-02-12 00:00:00+00:00,0.0,0.0,0.0,0.12731439962049837,0.006876392729315127,-0.024983983787794095,normal,,0
2024-02-13 00:00:00+00:00,0.0,0.0,0.0,-0.20895952503394788,0.006876323789692998,-0.025342047321269767,normal,,0
2024-02-14 00:00:00+00:00,0.0,0.0,0.0,0.02963772796262774,0.006876273554739735,-0.025107716423727666,normal,,0
2024-02-15 00:00:00+00:00,0.0,0.0,0.0,-0.12361991473968985,0.006876236949512561,-0.025258730681373187,normal,,0
2024-02-16 00:00:00+00:00,0.0,0.0,0.0,-0.3964407039578557,0.0068762102760000065,-0.025548637415092834,normal,,0
2024-02-20 00:00:00+00:00,0.0,0.0,0.0,-0.4100490412595253,0.0068761908395335,-0.02557710646225786,normal,,0
2024-02-21 00:00:00+00:00,0.0,0.0,0.0,0.17902263677100316,0.006876176676560794,-0.02496595708923799,normal,,0
2024-02-22 00:00:00+00:00,0.0,0.0,0.0,0.19945031883866463,0.0068761663562798,-0.02492901687871818,normal,,0
2024-02-23 00:00:00+00:00,0.0,0.0,0.0,-0.999983674208334,0.006876158836093044,-0.02619004975460726,normal,,0
2024-02-26 00:00:00+00:00,0.0,0.0,0.0,0.104939801461519,0.00687615335628015,-0.025051228009355775,normal,,0
2024-02-27 00:00:00+00:00,0.0,0.0,0.0,-0.3924158883828299,0.006876149363247752,-0.02558133532994411,normal,,0
2024-02-28 00:00:00+00:00,0.0,0.0,0.0,-0.6842021787382203,0.006876146453603201,-0.02590325191639309,normal,,0
2024-02-29 00:00:00+00:00,0.0,0.0,0.0,-0.9124366496488188,0.0068761443334021686,-0.026166285874166917,normal,,0
2024-03-01 00:00:00+00:00,0.0,0.0,0.0,-1.1795911969631492,0.006876142788453175,-0.026480133310120557,normal,,0
2024-03-04 00:00:00+00:00,0.0,0.0,0.0,-0.2186050687653139,0.006876141662679084,-0.02548768987522987,normal,,0
2024-03-05 00:00:00+00:00,0.0,0.0,0.0,-0.06223941160867316,0.006876140842349539,-0.0253432299469063,normal,,0
2024-03-06 00:00:00+00:00,0.0,0.0,0.0,-0.41898180103689364,0.006876140244591457,-0.025728566862527558,normal,,0
2024-03-07 00:00:00+00:00,0.0,0.0,0.0,-0.4435343479010901,0.006876139809016841,-0.025769216519707427,normal,,0
2024-03-08 00:00:00+00:00,0.0,0.0,0.0,-1.2878606957551009,0.006876139491622146,-0.0266766747723306,normal,,0
2024-03-11 00:00:00+00:00,0.0,0.0,0.0,0.6073311100447957,0.006876139260342843,-0.024705019258569827,normal,,0
2024-03-12 00:00:00+00:00,0.0,0.0,0.0,-0.07802570113594555,0.006876139091814142,-0.02543274270745144,normal,,0
2024-03-13 00:00:00+00:00,0.0,0.0,0.0,0.579131902949069,0.006876138969010576,-0.02479598358817192,normal,,0
2024-03-14 00:00:00+00:00,0.0,0.0,0.0,-0.8280536745602467,0.006876138879526022,-0.026236645617143672,normal,,0
2024-03-15 00:00:00+00:00,1.0,1.0,0.25,-3.4682375873670432,0.006876138814320378,-0.02836796318530954,normal,,0
2024-03-18 00:00:00+00:00,0.0,1.0,0.25,-3.4650747536559647,0.006876138766806302,-0.028170396119842067,normal,,0
2024-03-19 00:00:00+00:00,2.0,0.0,0.0,-4.43552104829389,0.006876138732183725,-0.028667166455156767,normal,max_hold,0
2024-03-20 00:00:00+00:00,1.0,1.0,0.25,-4.056112665228677,0.006876138706954931,-0.028895797863438766,normal,,0
2024-03-21 00:00:00+00:00,2.0,0.0,0.0,0.19141162347227578,0.006876138688571202,-0.02526388841376015,normal,mean_reversion,0
2024-03-22 00:00:00+00:00,0.0,0.0,0.0,-0.5055199150960559,0.006876138675175339,-0.025939996531001874,normal,,0
2024-03-25 00:00:00+00:00,0.0,0.0,0.0,0.1378607830296198,0.006876138665414035,-0.025327277139983728,normal,,0
2024-03-26 00:00:00+00:00,0.0,0.0,0.0,0.3768085616470626,0.006876138658301165,-0.025098593717418183,normal,,0
2024-03-27 00:00:00+00:00,0.0,0.0,0.0,-0.18369302571440024,0.0068761386531181546,-0.025647211162866057,normal,,0
2024-03-28 00:00:00+00:00,0.0,0.0,0.0,-2.445459890299162,0.006876138649341397,-0.027838209074444897,normal,,0
2024-04-01 00:00:00+00:00,0.0,0.0,0.0,-0.4544234335113545,0.00657528562914641,-0.023327928111823937,normal,,0
2024-04-02 00:00:00+00:00,0.0,0.0,0.0,0.031171050650188666,0.006575285627575874,-0.022860805950648988,normal,,0
2024-04-03 00:00:00+00:00,0.0,0.0,0.0,1.5724627308715775,0.006575285626435805,-0.021338030328118762,normal,,0
2024-04-04 00:00:00+00:00,0.0,0.0,0.0,-0.17052938456734582,0.006575285625608217,-0.023056722555701015,normal,,0
2024-04-05 00:00:00+00:00,0.0,0.0,0.0,-0.04911743053778204,0.006575285625007461,-0.022938036971068776,normal,,0
2024-04-08 00:00:00+00:00,0.0,0.0,0.0,-0.18727964776979697,0.006575285624571366,-0.02309143010466208,normal,,0
2024-04-09 00:00:00+00:00,0.0,0.0,0.0,-0.513925222285818,0.006575285624254799,-0.02343390472989526,normal,,0
2024-04-10 00:00:00+00:00,0.0,0.0,0.0,0.4608866738812075,0.006575285624025,-0.022493673947140636,normal,,0
2024-04-11 00:00:00+00:00,0.0,0.0,0.0,0.11866533025543867,0.006575285623858187,-0.022824213031299223,normal,,0
2024-04-12 00:00:00+00:00,0.0,0.0,0.0,-1.2134855146253967,0.006575285623737094,-0.024146833279766078,normal,,0
2024-04-15 00:00:00+00:00,0.0,0.0,0.0,2.2929743947631165,0.006575285623649192,-0.020700461046687657,normal,,0
2024-04-16 00:00:00+00:00,0.0,0.0,0.0,0.8292804853902912,0.006575285623585383,-0.02212558371258755,normal,,0
2024-04-17 00:00:00+00:00,0.0,0.0,0.0,0.39167898353773073,0.006575285623539063,-0.022554387761838157,normal,,0
2024-04-18 00:00:00+00:00,0.0,0.0,0.0,-0.9244253553226531,0.006575285623505439,-0.02390316357679012,normal,,0
2024-04-19 00:00:00+00:00,0.0,0.0,0.0,-0.9384432573515916,0.006575285623481032,-0.023948347225783984,normal,,0
2024-04-22 00:00:00+00:00,0.0,0.0,0.0,0.17206850728928313,0.006575285623463313,-0.022840338788880032,normal,,0
2024-04-23 00:00:00+00:00,0.0,0.0,0.0,0.42465534782408604,0.006575285623450452,-0.02259443272720052,normal,,0
2024-04-24 00:00:00+00:00,0.0,0.0,0.0,0.9883812675429686,0.006575285623441116,-0.02203275427297502,normal,,0
2024-04-25 00:00:00+00:00,0.0,0.0,0.0,0.2916988296339355,0.006575285623434338,-0.022730127921230192,normal,,0
2024-04-26 00:00:00+00:00,0.0,0.0,0.0,2.1758548204372534,0.006575285623429418,-0.020838802661278244,normal,,0
2024-04-29 00:00:00+00:00,0.0,0.0,0.0,0.1668691058331489,0.006575285623425847,-0.02283734944506577,normal,,0
2024-04-30 00:00:00+00:00,0.0,0.0,0.0,0.0801521751467685,0.006575285623423254,-0.022931973054159727,normal,,0
2024-05-01 00:00:00+00:00,0.0,0.0,0.0,1.3761834113410951,0.006575285623421372,-0.02159564241833767,normal,,0
2024-05-02 00:00:00+00:00,0.0,0.0,0.0,-1.0113053841717121,0.006575285623420006,-0.024071637486164477,normal,,0
2024-05-03 00:00:00+00:00,0.0,0.0,0.0,1.3044598755425156,0.0065752856234190145,-0.02163838043434474,normal,,0
2024-05-06 00:00:00+00:00,0.0,0.0,0.0,0.07707560404391853,0.006575285623418295,-0.02292767134325402,normal,,0
2024-05-07 00:00:00+00:00,0.0,0.0,0.0,0.7618172879518854,0.006575285623417772,-0.022190911072524244,normal,,0
2024-05-08 00:00:00+00:00,0.0,0.0,0.0,0.14238866394219246,0.0065752856234173925,-0.022848257911835645,normal,,0
2024-05-09 00:00:00+00:00,0.0,0.0,0.0,-0.19162343250416317,0.0065752856234171176,-0.02321810532284463,normal,,0
2024-05-10 00:00:00+00:00,0.0,0.0,0.0,-1.0571411945769686,0.006575285623416917,-0.024160598672970934,normal,,0
2024-05-13 00:00:00+00:00,0.0,0.0,0.0,0.2333623186783583,0.006575285623416772,-0.02279549927543645,normal,,0
2024-05-14 00:00:00+00:00,0.0,0.0,0.0,-0.05253327194246921,0.006575285623416667,-0.0231093106670075,normal,,0
2024-05-15 00:00:00+00:00,0.0,0.0,0.0,-0.09341007184902876,0.00657528562341659,-0.023157406733123054,normal,,0
2024-05-16 00:00:00+00:00,0.0,0.0,0.0,0.2702110129070455,0.006575285623416535,-0.022767140973662947,normal,,0
2024-05-17 00:00:00+00:00,0.0,0.0,0.0,-0.7473094236316722,0.006575285623416495,-0.023875469522142367,normal,,0
2024-05-20 00:00:00+00:00,0.0,0.0,0.0,0.3771946248242277,0.006575285623416465,-0.022687527103088634,normal,,0
2024-05-21 00:00:00+00:00,0.0,0.0,0.0,0.45595339877550245,0.0065752856234164445,-0.022588717928696767,normal,,0
2024-05-22 00:00:00+00:00,0.0,0.0,0.0,1.1042455022903015,0.006575285623416429,-0.021894241455203023,normal,,0
2024-05-23 00:00:00+00:00,0.0,0.0,0.0,0.2676161128933486,0.006575285623416418,-0.022776355910460566,normal,,0
2024-05-24 00:00:00+00:00,0.0,0.0,0.0,0.7213369109927301,0.00657528562341641,-0.022274487085036654,normal,,0
2024-05-28 00:00:00+00:00,0.0,0.0,0.0,-0.38721772278517186,0.006575285623416404,-0.023462775282472315,normal,,0
2024-05-29 00:00:00+00:00,0.0,0.0,0.0,0.4575711435481861,0.006575285623416399,-0.02253579891655555,normal,,0
2024-05-30 00:00:00+00:00,0.0,0.0,0.0,-0.39550864384957846,0.006575285623416396,-0.023460940783232687,normal,,0
2024-05-31 00:00:00+00:00,0.0,0.0,0.0,-0.45864548087767304,0.006575285623416394,-0.02354314724858675,normal,,0
2024-06-03 00:00:00+00:00,0.0,0.0,0.0,-0.419094717799114,0.0065752856234163925,-0.023508958838658778,normal,,0
2024-06-04 00:00:00+00:00,0.0,0.0,0.0,-0.02633533055286819,0.006575285623416392,-0.023086720623372692,normal,,0
2024-06-05 00:00:00+00:00,0.0,0.0,0.0,0.7707147063217035,0.006575285623416391,-0.02220449258249868,normal,,0
2024-06-06 00:00:00+00:00,0.0,0.0,0.0,-0.017678785974183923,0.00657528562341639,-0.023064809930569474,normal,,0
2024-06-07 00:00:00+00:00,0.0,0.0,0.0,-0.620992311104569,0.006575285623416389,-0.023724195605668186,normal,,0
2024-06-10 00:00:00+00:00,0.0,0.0,0.0,-0.9859969724933222,0.006575285623416389,-0.02414319810506349,normal,,0
2024-06-11 00:00:00+00:00,-1.0,-1.0,0.21918754391960563,2.6302505270352676,0.006575285623416389,-0.020226498074596755,normal,,0
2024-06-12 00:00:00+00:00,0.0,-1.0,0.21918754391960563,2.4562340262992004,0.006575285623416389,-0.02030741962791449,normal,,0
2024-06-13 00:00:00+00:00,2.0,0.0,0.0,2.619526270545904,0.006575285623416388,-0.02003102917956312,normal,max_hold,0
2024-06-14 00:00:00+00:00,-1.0,-1.0,0.22896551687689312,2.7475862025227173,0.006575285623416388,-0.01982866600861577,normal,,0
2024-06-17 00:00:00+00:00,0.0,-1.0,0.22896551687689312,3.1896345618626176,0.006575285623416388,-0.01932666566493868,normal,,0
2024-06-18 00:00:00+00:00,2.0,0.0,0.0,1.8632549758191268,0.006575285623416388,-0.02051634227660415,normal,max_hold,0
2024-06-20 00:00:00+00:00,0.0,0.0,0.0,2.074368179989534,0.006575285623416388,-0.020167371627090702,normal,,0
2024-06-21 00:00:00+00:00,0.0,0.0,0.0,-0.8333974142430626,0.006575285623416388,-0.023576842526368935,normal,,0
2024-06-24 00:00:00+00:00,0.0,0.0,0.0,-0.5927723009899571,0.006575285623416388,-0.02330759069228172,normal,,0
2024-06-25 00:00:00+00:00,0.0,0.0,0.0,-0.8351548394762004,0.006575285623416388,-0.023612006345684833,normal,,0
2024-06-26 00:00:00+00:00,0.0,0.0,0.0,-0.6398310139213457,0.006575285623416388,-0.023321953109401328,normal,,0
2024-06-27 00:00:00+00:00,0.0,0.0,0.0,-0.45989299289533786,0.006575285623416388,-0.023108301439381584,normal,,0
2024-06-28 00:00:00+00:00,0.0,0.0,0.0,-1.1400899956230606,0.006575285623416388,-0.023921224327190238,normal,,0
2024-07-01 00:00:00+00:00,0.0,0.0,0.0,-1.4926509145950344,0.006286966909219776,-0.022789360227275957,normal,,0
2024-07-02 00:00:00+00:00,0.0,0.0,0.0,-1.1754290186635137,0.006286966909219776,-0.022457923414065384,normal,,0
2024-07-03 00:00:00+00:00,0.0,0.0,0.0,-0.2617924969074897,0.006286966909219776,-0.021373011739702186,normal,,0
2024-07-05 00:00:00+00:00,0.0,0.0,0.0,-0.5922540882277305,0.006286966909219776,-0.02177538128007761,normal,,0
2024-07-08 00:00:00+00:00,0.0,0.0,0.0,-0.467540548723124,0.006286966909219776,-0.021621357673801356,normal,,0
2024-07-09 00:00:00+00:00,0.0,0.0,0.0,-0.8241275845423867,0.006286966909219776,-0.022071394067089578,normal,,0
2024-07-10 00:00:00+00:00,0.0,0.0,0.0,-0.7153355618147661,0.006286966909219776,-0.02195693275605759,normal,,0
2024-07-11 00:00:00+00:00,0.0,0.0,0.0,-0.5276261771429764,0.006286966909219776,-0.021710459592814146,normal,,0
2024-07-12 00:00:00+00:00,0.0,0.0,0.0,-0.7430270965334315,0.006286966909219776,-0.021998858819887168,normal,,0
2024-07-15 00:00:00+00:00,0.0,0.0,0.0,-0.9322942145693912,0.006286966909219776,-0.022252813451964393,normal,,0
2024-07-16 00:00:00+00:00,0.0,0.0,0.0,-0.6647561098448367,0.006286966909219776,-0.021958499258897923,normal,,0
2024-07-17 00:00:00+00:00,0.0,0.0,0.0,-0.40138120858234827,0.006286966909219776,-0.021631969457112987,normal,,0
2024-07-18 00:00:00+00:00,0.0,0.0,0.0,-0.9733359521494295,0.006286966909219776,-0.022300113329595916,normal,,0
2024-07-19 00:00:00+00:00,0.0,0.0,0.0,-0.2496348167536708,0.006286966909219776,-0.021454531126039456,normal,,0
2024-07-22 00:00:00+00:00,0.0,0.0,0.0,-1.4039621646553702,0.006286966909219776,-0.02285370234887818,normal,,0
2024-07-23 00:00:00+00:00,0.0,0.0,0.0,-1.2210336435763447,0.006286966909219776,-0.022692553381962632,normal,,0
2024-07-24 00:00:00+00:00,0.0,0.0,0.0,-0.8156060627942682,0.006286966909219776,-0.02223555549239009,normal,,0
2024-07-25 00:00:00+00:00,0.0,0.0,0.0,0.09397030987162149,0.006286966909219776,-0.021162812540722165,normal,,0
2024-07-26 00:00:00+00:00,0.0,0.0,0.0,-0.7213082302505599,0.006286966909219776,-0.022152238764413745,normal,,0
2024-07-29 00:00:00+00:00,0.0,0.0,0.0,-0.7110820064528567,0.006286966909219776,-0.022156993510102474,normal,,0
2024-07-30 00:00:00+00:00,0.0,0.0,0.0,-0.022472916828965416,0.006286966909219776,-0.021352173089360882,normal,,0
2024-07-31 00:00:00+00:00,0.0,0.0,0.0,0.16164568969715654,0.006286966909219776,-0.021111399946026843,normal,,0
2024-08-01 00:00:00+00:00,0.0,0.0,0.0,-0.863335401875266,0.006286966909219776,-0.02235398400839106,normal,,0
2024-08-02 00:00:00+00:00,0.0,0.0,0.0,-1.2848104374265088,0.006286966909219776,-0.02288341182924203,normal,,0
2024-08-05 00:00:00+00:00,0.0,0.0,0.0,1.6993060321695774,0.006286966909219776,-0.019318031893065246,normal,,0
2024-08-06 00:00:00+00:00,0.0,0.0,0.0,-0.13081541955939616,0.006286966909219776,-0.021509144196596885,normal,,0
2024-08-07 00:00:00+00:00,0.0,0.0,0.0,0.927568356918276,0.006286966909219776,-0.020193492135241797,normal,,0
2024-08-08 00:00:00+00:00,0.0,0.0,0.0,0.1363162812122796,0.006286966909219776,-0.021136381782339342,normal,,0
2024-08-09 00:00:00+00:00,0.0,0.0,0.0,0.26056819712034074,0.006286966909219776,-0.020981299691955613,normal,,0
2024-08-12 00:00:00+00:00,0.0,0.0,0.0,-0.2892163752278528,0.006286966909219776,-0.02165412716714421,normal,,0
2024-08-13 00:00:00+00:00,0.0,0.0,0.0,-0.5809997153503847,0.006286966909219776,-0.02201782952804887,normal,,0
2024-08-14 00:00:00+00:00,0.0,0.0,0.0,-1.8717763309820128,0.006286966909219776,-0.023639434319489894,normal,,0
2024-08-15 00:00:00+00:00,0.0,0.0,0.0,-1.0979686632742023,0.006286966909219776,-0.02273271097159668,normal,,0
2024-08-16 00:00:00+00:00,0.0,0.0,0.0,-1.28807006386305,0.006286966909219776,-0.023018085519876053,normal,,0
2024-08-19 00:00:00+00:00,0.0,0.0,0.0,-0.9303654298747512,0.006286966909219776,-0.022607342914337636,normal,,0
2024-08-20 00:00:00+00:00,0.0,0.0,0.0,-0.6022648021930553,0.006286966909219776,-0.022219149792306325,normal,,0
2024-08-21 00:00:00+00:00,0.0,0.0,0.0,-0.536268763724658,0.006286966909219776,-0.022152331932743685,normal,,0
2024-08-22 00:00:00+00:00,0.0,0.0,0.0,0.04173603878910802,0.006286966909219776,-0.021421447763942503,normal,,0
2024-08-23 00:00:00+00:00,0.0,0.0,0.0,-0.6684989688629238,0.006286966909219776,-0.02234119812348556,normal,,0
2024-08-26 00:00:00+00:00,0.0,0.0,0.0,-0.5761730555853146,0.006286966909219776,-0.02224575348268676,normal,,0
2024-08-27 00:00:00+00:00,0.0,0.0,0.0,-1.2050798766582778,0.006286966909219776,-0.02307817374083676,normal,,0
2024-08-28 00:00:00+00:00,0.0,0.0,0.0,-0.4786199753261652,0.006286966909219776,-0.022151771805697607,normal,,0
2024-08-29 00:00:00+00:00,0.0,0.0,0.0,-0.36318431891803393,0.006286966909219776,-0.022003383438111257,normal,,0
2024-08-30 00:00:00+00:00,0.0,0.0,0.0,0.8472923587583645,0.006286966909219776,-0.02040429617331352,normal,,0
2024-09-03 00:00:00+00:00,0.0,0.0,0.0,-0.41419679010038607,0.006286966909219776,-0.022078099046785482,normal,,0
2024-09-04 00:00:00+00:00,0.0,0.0,0.0,-1.552173563446145,0.006286966909219776,-0.02360611839293547,normal,,0
2024-09-05 00:00:00+00:00,0.0,0.0,0.0,-0.01436429321675779,0.006286966909219776,-0.02158126672962979,normal,,0
2024-09-06 00:00:00+00:00,0.0,0.0,0.0,-1.265230422941864,0.006286966909219776,-0.02325583378557905,normal,,0
2024-09-09 00:00:00+00:00,0.0,0.0,0.0,-0.016062476909994974,0.006286966909219776,-0.02164412473642585,normal,,0
2024-09-10 00:00:00+00:00,0.0,0.0,0.0,-0.5672787431299704,0.006286966909219776,-0.022384729490929622,normal,,0
2024-09-11 00:00:00+00:00,0.0,0.0,0.0,-0.13688157112307756,0.006286966909219776,-0.021900253465132913,normal,,0
2024-09-12 00:00:00+00:00,0.0,0.0,0.0,0.9267370526368237,0.006286966909219776,-0.020788147750930186,normal,,0
2024-09-13 00:00:00+00:00,0.0,0.0,0.0,-0.5512104228441894,0.006286966909219776,-0.022380125682083474,normal,,0
2024-09-16 00:00:00+00:00,0.0,0.0,0.0,-0.7707080717468989,0.006286966909219776,-0.022588014431424774,normal,,0
2024-09-17 00:00:00+00:00,0.0,0.0,0.0,1.0764189856712894,0.006286966909219776,-0.021148438786352308,normal,,0
2024-09-18 00:00:00+00:00,0.0,0.0,0.0,0.8735006301146446,0.006286966909219776,-0.021284251559673173,normal,,0
2024-09-19 00:00:00+00:00,0.0,0.0,0.0,-1.089575125039483,0.006286966909219776,-0.022804940964453735,normal,,0
2024-09-20 00:00:00+00:00,1.0,1.0,0.25,-3.125227656878124,0.006286966909219776,-0.02443018457104973,normal,,0
2024-09-23 00:00:00+00:00,0.0,1.0,0.25,-3.967194677405054,0.006286966909219776,-0.025380027021845386,normal,,0
2024-09-24 00:00:00+00:00,2.0,0.0,0.0,-3.507746562637503,0.006286966909219776,-0.025412304389981877,normal,max_hold,0
2024-09-25 00:00:00+00:00,0.0,0.0,0.0,1.4509048633177566,0.006286966909219776,-0.020616506937896517,normal,,0
2024-09-26 00:00:00+00:00,0.0,0.0,0.0,-0.06684427163187928,0.006286966909219776,-0.02216446644850656,normal,,0
2024-09-27 00:00:00+00:00,0.0,0.0,0.0,-0.4932270147854543,0.006286966909219776,-0.02260995355833728,normal,,0
2024-09-30 00:00:00+00:00,0.0,0.0,0.0,1.5202827738467513,0.006286966909219776,-0.020506672714683205,normal,,0
2024-10-01 00:00:00+00:00,0.0,0.0,0.0,1.893871911741383,0.006018795849890672,-0.01642106802311094,normal,,0
2024-10-02 00:00:00+00:00,0.0,0.0,0.0,0.40396560251354724,0.006018795849890672,-0.017975092218323496,normal,,0
2024-10-03 00:00:00+00:00,0.0,0.0,0.0,0.3875978637432703,0.006018795849890672,-0.017985003381606468,normal,,0
2024-10-04 00:00:00+00:00,0.0,0.0,0.0,-0.3872604000989477,0.006018795849890672,-0.018832531910085493,normal,,0
2024-10-07 00:00:00+00:00,0.0,0.0,0.0,1.4620183633874972,0.006018795849890672,-0.016808095038727267,normal,,0
2024-10-08 00:00:00+00:00,0.0,0.0,0.0,0.46423112588682525,0.006018795849890672,-0.017872700062172342,normal,,0
2024-10-09 00:00:00+00:00,0.0,0.0,0.0,1.4108914995277178,0.006018795849890672,-0.01679686984836426,normal,,0
2024-10-10 00:00:00+00:00,0.0,0.0,0.0,1.0319020477381666,0.006018795849890672,-0.01717826188794458,normal,,0
2024-10-11 00:00:00+00:00,0.0,0.0,0.0,-0.33062890709589915,0.006018795849890672,-0.018722924306263877,normal,,0
2024-10-14 00:00:00+00:00,0.0,0.0,0.0,0.3408453591106275,0.006018795849890672,-0.017951432023330938,normal,,0
2024-10-15 00:00:00+00:00,0.0,0.0,0.0,1.6540209426742725,0.006018795849890672,-0.01644403700299968,normal,,0
2024-10-16 00:00:00+00:00,0.0,0.0,0.0,-1.1212623670296735,0.006018795849890672,-0.019611672566600014,normal,,0
2024-10-17 00:00:00+00:00,0.0,0.0,0.0,0.8915616284665268,0.006018795849890672,-0.017258744595234354,normal,,0
2024-10-18 00:00:00+00:00,0.0,0.0,0.0,1.074448955540519,0.006018795849890672,-0.017013250244808376,normal,,0
2024-10-21 00:00:00+00:00,0.0,0.0,0.0,0.2979760787650725,0.006018795849890672,-0.017922715746008677,normal,,0
2024-10-22 00:00:00+00:00,0.0,0.0,0.0,1.0760131274640192,0.006018795849890672,-0.016984259891936304,normal,,0
2024-10-23 00:00:00+00:00,0.0,0.0,0.0,0.7747889221396536,0.006018795849890672,-0.017309593044267935,normal,,0
2024-10-24 00:00:00+00:00,0.0,0.0,0.0,0.22710094921740306,0.006018795849890672,-0.017961327731783605,normal,,0
2024-10-25 00:00:00+00:00,0.0,0.0,0.0,-0.4438565739079883,0.006018795849890672,-0.018778694561641274,normal,,0
2024-10-28 00:00:00+00:00,0.0,0.0,0.0,0.25567917445262534,0.006018795849890672,-0.01793678489178685,normal,,0
2024-10-29 00:00:00+00:00,0.0,0.0,0.0,0.5052203577094678,0.006018795849890672,-0.01761742035352931,normal,,0
2024-10-30 00:00:00+00:00,0.0,0.0,0.0,-1.3342183164664465,0.006018795849890672,-0.019795570787750627,normal,,0
2024-10-31 00:00:00+00:00,0.0,0.0,0.0,0.3837367879072873,0.006018795849890672,-0.01783689582132464,normal,,0
2024-11-01 00:00:00+00:00,0.0,0.0,0.0,-1.8137442910587114,0.006018795849890672,-0.020394948679926195,normal,,0
2024-11-04 00:00:00+00:00,0.0,0.0,0.0,0.3823204302766872,0.006018795849890672,-0.017904833099022355,normal,,0
2024-11-05 00:00:00+00:00,0.0,0.0,0.0,0.24549950096997092,0.006018795849890672,-0.018076416253238747,normal,,0
2024-11-06 00:00:00+00:00,0.0,0.0,0.0,0.2342336647407321,0.006018795849890672,-0.01809040917139626,normal,,0
2024-11-07 00:00:00+00:00,0.0,0.0,0.0,0.5945028356692839,0.006018795849890672,-0.017663137948871643,normal,,0
2024-11-08 00:00:00+00:00,0.0,0.0,0.0,-0.34701115824165485,0.006018795849890672,-0.01872169990275019,normal,,0
2024-11-11 00:00:00+00:00,0.0,0.0,0.0,-0.06275149710679334,0.006018795849890672,-0.018387035721085354,normal,,0
2024-11-12 00:00:00+00:00,0.0,0.0,0.0,0.23510363420007177,0.006018795849890672,-0.01802944456277089,normal,,0
2024-11-13 00:00:00+00:00,0.0,0.0,0.0,0.13975203251567053,0.006018795849890672,-0.018123424529778553,normal,,0
2024-11-14 00:00:00+00:00,0.0,0.0,0.0,-0.597883155916582,0.006018795849890672,-0.018957246814769846,normal,,0
2024-11-15 00:00:00+00:00,0.0,0.0,0.0,1.307993655886247,0.006018795849890672,-0.016787420475052883,normal,,0
2024-11-18 00:00:00+00:00,0.0,0.0,0.0,0.49050969141555767,0.006018795849890672,-0.017698641601304743,normal,,0
2024-11-19 00:00:00+00:00,0.0,0.0,0.0,0.3416911368100664,0.006018795849890672,-0.017854149480572623,normal,,0
2024-11-20 00:00:00+00:00,0.0,0.0,0.0,0.5339158217770519,0.006018795849890672,-0.017618940636821456,normal,,0
2024-11-21 00:00:00+00:00,0.0,0.0,0.0,0.3304389231537391,0.006018795849890672,-0.017827289931654278,normal,,0
2024-11-22 00:00:00+00:00,0.0,0.0,0.0,0.5661528355986964,0.006018795849890672,-0.017544439702201764,normal,,0
2024-11-25 00:00:00+00:00,1.0,1.0,0.25,-3.2795620508252115,0.006018795849890672,-0.02196849042992355,normal,,0
2024-11-26 00:00:00+00:00,2.0,0.0,0.0,0.2123933507771119,0.006018795849890672,-0.01800684807955122,normal,mean_reversion,0
2024-11-27 00:00:00+00:00,0.0,0.0,0.0,0.6697304568732815,0.006018795849890672,-0.017433288249035783,normal,,0
2024-11-29 00:00:00+00:00,0.0,0.0,0.0,1.0487826777439915,0.006018795849890672,-0.016938423245347778,normal,,0
2024-12-02 00:00:00+00:00,0.0,0.0,0.0,0.023061534976487545,0.006018795849890672,-0.018175304639282075,normal,,0
2024-12-03 00:00:00+00:00,0.0,0.0,0.0,0.5203885161466448,0.006018795849890672,-0.017545266342875898,normal,,0
2024-12-04 00:00:00+00:00,0.0,0.0,0.0,0.11851948384865316,0.006018795849890672,-0.018027100634500748,normal,,0
2024-12-05 00:00:00+00:00,0.0,0.0,0.0,0.11836717674516752,0.006018795849890672,-0.018015569862444458,normal,,0
2024-12-06 00:00:00+00:00,0.0,0.0,0.0,-0.849975232987049,0.006018795849890672,-0.01919227873368179,normal,,0
2024-12-09 00:00:00+00:00,0.0,0.0,0.0,0.0410239132727577,0.006018795849890672,-0.018140106808588463,normal,,0
2024-12-10 00:00:00+00:00,0.0,0.0,0.0,0.015155866704715663,0.006018795849890672,-0.01816188637946592,normal,,0
2024-12-11 00:00:00+00:00,0.0,0.0,0.0,0.01958139213634744,0.006018795849890672,-0.01814370690923628,normal,,0
2024-12-12 00:00:00+00:00,0.0,0.0,0.0,0.2931854776267274,0.006018795849890672,-0.01782357791970668,normal,,0
2024-12-13 00:00:00+00:00,0.0,0.0,0.0,-0.11687284978539543,0.006018795849890672,-0.018322781685967016,normal,,0
2024-12-16 00:00:00+00:00,0.0,0.0,0.0,0.3044685842874645,0.006018795849890672,-0.017801843415807816,normal,,0
2024-12-17 00:00:00+00:00,-1.0,-1.0,0.24683207502321625,2.961984900278595,0.006018795849890672,-0.014702209781253472,normal,,0
2024-12-18 00:00:00+00:00,0.0,-1.0,0.24683207502321625,2.8503039637524163,0.006018795849890672,-0.014758473185201737,normal,,0
2024-12-19 00:00:00+00:00,2.0,0.0,0.0,3.231308601459176,0.006018795849890672,-0.014314319467289671,normal,max_hold,0
2024-12-20 00:00:00+00:00,0.0,0.0,0.0,1.7054401576470064,0.006018795849890672,-0.015808308332856846,normal,,0
2024-12-23 00:00:00+00:00,0.0,0.0,0.0,-0.7634179745227242,0.006018795849890672,-0.018725183721612915,normal,,0
2024-12-24 00:00:00+00:00,0.0,0.0,0.0,-1.1185359516694688,0.006018795849890672,-0.019150040099634502,normal,,0
2024-12-26 00:00:00+00:00,0.0,0.0,0.0,0.16883002749125087,0.006018795849890672,-0.017624896551745373,normal,,0
2024-12-27 00:00:00+00:00,0.0,0.0,0.0,-0.37625652630038414,0.006018795849890672,-0.018304642698216966,normal,,0
2024-12-30 00:00:00+00:00,0.0,0.0,0.0,0.06004838322385882,0.006018795849890672,-0.017783883928156108,normal,,0
2024-12-31 00:00:00+00:00,0.0,0.0,0.0,-0.9329722590773452,0.006018795849890672,-0.018979324909347284,normal,,0
2025-01-02 00:00:00+00:00,0.0,0.0,0.0,-0.06947787978496855,0.0057724489557847355,-0.01623182701619097,normal,,0
2025-01-03 00:00:00+00:00,0.0,0.0,0.0,0.10504005436019408,0.0057724489557847355,-0.016040342957242437,normal,,0
2025-01-06 00:00:00+00:00,0.0,0.0,0.0,-0.10382032407974862,0.0057724489557847355,-0.016289022951331056,normal,,0
2025-01-07 00:00:00+00:00,0.0,0.0,0.0,0.2939218571370879,0.0057724489557847355,-0.015833497066474855,normal,,0
2025-01-08 00:00:00+00:00,0.0,0.0,0.0,-0.11560250990673963,0.0057724489557847355,-0.01632775583591961,normal,,0
2025-01-10 00:00:00+00:00,0.0,0.0,0.0,-0.2093700152030675,0.0057724489557847355,-0.016426824917401106,normal,,0
2025-01-13 00:00:00+00:00,0.0,0.0,0.0,-0.17546354722933954,0.0057724489557847355,-0.016389703861284133,normal,,0
2025-01-14 00:00:00+00:00,0.0,0.0,0.0,-0.6697497917116022,0.0057724489557847355,-0.016993414713414978,normal,,0
2025-01-15 00:00:00+00:00,0.0,0.0,0.0,-0.16689990462253368,0.0057724489557847355,-0.01638651153213111,normal,,0
2025-01-16 00:00:00+00:00,0.0,0.0,0.0,0.3340201194628931,0.0057724489557847355,-0.015823023594776053,normal,,0
2025-01-17 00:00:00+00:00,0.0,0.0,0.0,0.7017696260513371,0.0057724489557847355,-0.015411525357228228,normal,,0
2025-01-21 00:00:00+00:00,0.0,0.0,0.0,0.019139098045305652,0.0057724489557847355,-0.01618079286406804,normal,,0
2025-01-22 00:00:00+00:00,0.0,0.0,0.0,-0.08789595516235171,0.0057724489557847355,-0.01631848699487648,normal,,0
2025-01-23 00:00:00+00:00,0.0,0.0,0.0,-0.020418185006358662,0.0057724489557847355,-0.016253015365634838,normal,,0
2025-01-24 00:00:00+00:00,0.0,0.0,0.0,0.7054236565175019,0.0057724489557847355,-0.015423785633974063,normal,,0
2025-01-27 00:00:00+00:00,0.0,0.0,0.0,0.40906913175267556,0.0057724489557847355,-0.015735113028040537,normal,,0
2025-01-28 00:00:00+00:00,0.0,0.0,0.0,-0.003462973131696447,0.0057724489557847355,-0.016197703511447337,normal,,0
2025-01-29 00:00:00+00:00,0.0,0.0,0.0,0.19535315071919948,0.0057724489557847355,-0.01597530629988686,normal,,0
2025-01-30 00:00:00+00:00,0.0,0.0,0.0,-0.2426738982734021,0.0057724489557847355,-0.016433849709419412,normal,,0
2025-01-31 00:00:00+00:00,0.0,0.0,0.0,-1.541488215312274,0.0057724489557847355,-0.017888189579656988,normal,,0
2025-02-03 00:00:00+00:00,0.0,0.0,0.0,-0.4951387227713801,0.0057724489557847355,-0.01669406134639395,normal,,0
2025-02-04 00:00:00+00:00,0.0,0.0,0.0,-0.06575526639282078,0.0057724489557847355,-0.016234553258579254,normal,,0
2025-02-05 00:00:00+00:00,0.0,0.0,0.0,0.16550412883032253,0.0057724489557847355,-0.01597981856668973,normal,,0
2025-02-06 00:00:00+00:00,0.0,0.0,0.0,-0.09264551775055806,0.0057724489557847355,-0.016254816094416924,normal,,0
2025-02-07 00:00:00+00:00,0.0,0.0,0.0,-0.491555599353564,0.0057724489557847355,-0.01669500181934236,normal,,0
2025-02-10 00:00:00+00:00,0.0,0.0,0.0,-1.8011102931215057,0.0057724489557847355,-0.018112204522347852,normal,,0
2025-02-11 00:00:00+00:00,0.0,0.0,0.0,0.0034575271492869185,0.0057724489557847355,-0.016173586828650777,normal,,0
2025-02-12 00:00:00+00:00,0.0,0.0,0.0,0.3529335133699055,0.0057724489557847355,-0.015781669308122304,normal,,0
2025-02-13 00:00:00+00:00,0.0,0.0,0.0,-0.26810075787310106,0.0057724489557847355,-0.016463491826357313,normal,,0
2025-02-14 00:00:00+00:00,0.0,0.0,0.0,-0.10428699942152309,0.0057724489557847355,-0.016266853134406567,normal,,0
2025-02-18 00:00:00+00:00,0.0,0.0,0.0,-0.10864030554181277,0.0057724489557847355,-0.016290455064390308,normal,,0
2025-02-19 00:00:00+00:00,0.0,0.0,0.0,-0.27948299669419563,0.0057724489557847355,-0.0164829669028137,normal,,0
2025-02-20 00:00:00+00:00,0.0,0.0,0.0,-0.23745301019877524,0.0057724489557847355,-0.01644260421169097,normal,,0
2025-02-21 00:00:00+00:00,0.0,0.0,0.0,-0.8998774771014422,0.0057724489557847355,-0.017179089530199754,normal,,0
2025-02-24 00:00:00+00:00,0.0,0.0,0.0,0.7339680246454009,0.0057724489557847355,-0.015396673064286936,normal,,0
2025-02-25 00:00:00+00:00,0.0,0.0,0.0,0.07097961070218131,0.0057724489557847355,-0.01612222749728698,normal,,0
2025-02-26 00:00:00+00:00,0.0,0.0,0.0,0.9713749773412343,0.0057724489557847355,-0.015186329113463515,normal,,0
2025-02-27 00:00:00+00:00,0.0,0.0,0.0,0.0801243909918467,0.0057724489557847355,-0.016035015084043813,normal,,0
2025-02-28 00:00:00+00:00,0.0,0.0,0.0,0.41576206735472937,0.0057724489557847355,-0.01571151956585748,normal,,0
2025-03-03 00:00:00+00:00,0.0,0.0,0.0,-0.8753557288570663,0.0057724489557847355,-0.016979679480792598,normal,,0
2025-03-04 00:00:00+00:00,0.0,0.0,0.0,-0.1862412071824929,0.0057724489557847355,-0.016317991465926163,normal,,0
2025-03-05 00:00:00+00:00,0.0,0.0,0.0,-0.1519581913567913,0.0057724489557847355,-0.01629243953063675,normal,,0
2025-03-06 00:00:00+00:00,0.0,0.0,0.0,-0.5181045055337339,0.0057724489557847355,-0.016650514473226963,normal,,0
2025-03-07 00:00:00+00:00,0.0,0.0,0.0,-1.867423796624055,0.0057724489557847355,-0.017980861906772283,normal,,0
2025-03-10 00:00:00+00:00,0.0,0.0,0.0,1.5750377282501102,0.0057724489557847355,-0.014591242138290994,normal,,0
2025-03-11 00:00:00+00:00,0.0,0.0,0.0,0.7541202606829588,0.0057724489557847355,-0.015362253213743848,normal,,0
2025-03-12 00:00:00+00:00,-1.0,-1.0,0.25,4.1772184332320705,0.0057724489557847355,-0.011856676181412062,normal,,0
2025-03-13 00:00:00+00:00,2.0,0.0,0.0,0.14594200145833497,0.0057724489557847355,-0.01586408068865719,normal,mean_reversion,0
2025-03-14 00:00:00+00:00,0.0,0.0,0.0,-0.8506278258026371,0.0057724489557847355,-0.017011614023973998,normal,,0
2025-03-17 00:00:00+00:00,0.0,0.0,0.0,-0.13001219683231402,0.0057724489557847355,-0.016186172972717294,normal,,0
2025-03-18 00:00:00+00:00,-1.0,-1.0,0.25,3.0174920093305584,0.0057724489557847355,-0.012535659597679327,normal,,0
2025-03-19 00:00:00+00:00,0.0,-1.0,0.25,2.786882390584007,0.0057724489557847355,-0.012735833121503504,normal,,0
2025-03-20 00:00:00+00:00,2.0,0.0,0.0,3.4904308170835603,0.0057724489557847355,-0.011849600420576145,normal,max_hold,0
2025-03-21 00:00:00+00:00,0.0,0.0,0.0,0.6206784722238082,0.0057724489557847355,-0.015244235461493894,normal,,0
2025-03-24 00:00:00+00:00,0.0,0.0,0.0,-0.09816787072930393,0.0057724489557847355,-0.016149782983141847,normal,,0
2025-03-25 00:00:00+00:00,0.0,0.0,0.0,0.3001940957018272,0.0057724489557847355,-0.0156534679438467,normal,,0
2025-03-26 00:00:00+00:00,0.0,0.0,0.0,1.734006920952901,0.0057724489557847355,-0.013915430176205668,normal,,0
2025-03-27 00:00:00+00:00,0.0,0.0,0.0,-0.5377910716672359,0.0057724489557847355,-0.01661127750028424,normal,,0
2025-03-28 00:00:00+00:00,0.0,0.0,0.0,-1.7478686804188106,0.0057724489557847355,-0.018092787118495046,normal,,0
2025-03-31 00:00:00+00:00,0.0,0.0,0.0,0.12403064167342623,0.0057724489557847355,-0.015831328945730583,normal,,0
2025-04-01 00:00:00+00:00,0.0,0.0,0.0,-1.136902461927206,0.005559107423150472,-0.016492460397052433,normal,,0
2025-04-02 00:00:00+00:00,0.0,0.0,0.0,0.7324515852923886,0.005559107423150472,-0.014180704314541437,normal,,0
2025-04-03 00:00:00+00:00,0.0,0.0,0.0,-0.49239249067427676,0.005559107423150472,-0.015703961239063702,normal,,0
2025-04-04 00:00:00+00:00,0.0,0.0,0.0,0.8301923523393478,0.005559107423150472,-0.014040601457680602,normal,,0
2025-04-07 00:00:00+00:00,0.0,0.0,0.0,0.7033581114828069,0.005559107423150472,-0.014180494521331077,normal,,0
2025-04-08 00:00:00+00:00,0.0,0.0,0.0,1.8755641023438696,0.005559107423150472,-0.012663679452277421,normal,,0
2025-04-09 00:00:00+00:00,0.0,0.0,0.0,0.31084590760024133,0.005559107423150472,-0.014597401946188526,normal,,0
2025-04-10 00:00:00+00:00,0.0,0.0,0.0,0.10483241524413404,0.005559107423150472,-0.014851839219255147,normal,,0
2025-04-11 00:00:00+00:00,0.0,0.0,0.0,0.7154623408348995,0.005559107423150472,-0.014038188357819337,normal,,0
2025-04-14 00:00:00+00:00,0.0,0.0,0.0,-0.5519507769998114,0.005559107423150472,-0.015662721843162863,normal,,0
2025-04-15 00:00:00+00:00,0.0,0.0,0.0,0.27112946336570853,0.005559107423150472,-0.01460137793711791,normal,,0
2025-04-16 00:00:00+00:00,0.0,0.0,0.0,0.0678108662410579,0.005559107423150472,-0.014868243847935503,normal,,0
2025-04-17 00:00:00+00:00,0.0,0.0,0.0,-0.048483420659020025,0.005559107423150472,-0.015012975797874972,normal,,0
2025-04-21 00:00:00+00:00,0.0,0.0,0.0,0.4289480229425902,0.005559107423150472,-0.014383474759723569,normal,,0
2025-04-22 00:00:00+00:00,0.0,0.0,0.0,0.6309895977091479,0.005559107423150472,-0.01410321158591632,normal,,0
2025-04-23 00:00:00+00:00,0.0,0.0,0.0,0.49676594198870816,0.005559107423150472,-0.014269391870330494,normal,,0
2025-04-24 00:00:00+00:00,0.0,0.0,0.0,-0.36258321638476393,0.005559107423150472,-0.015384619056222348,normal,,0
2025-04-25 00:00:00+00:00,0.0,0.0,0.0,0.16179451433819755,0.005559107423150472,-0.014698539691461399,normal,,0
2025-04-28 00:00:00+00:00,0.0,0.0,0.0,0.4046286731793182,0.005559107423150472,-0.014373643618140974,normal,,0
2025-04-29 00:00:00+00:00,0.0,0.0,0.0,0.19016295974215905,0.005559107423150472,-0.014635446695143273,normal,,0
2025-04-30 00:00:00+00:00,0.0,0.0,0.0,-0.21733260476850738,0.005559107423150472,-0.015123403808805946,normal,,0
2025-05-01 00:00:00+00:00,0.0,0.0,0.0,-0.9795965268514866,0.005559107423150472,-0.016082465868946016,normal,,0
2025-05-02 00:00:00+00:00,0.0,0.0,0.0,-0.7725587289715051,0.005559107423150472,-0.01583732990950626,normal,,0
2025-05-05 00:00:00+00:00,0.0,0.0,0.0,-1.0549151138748598,0.005559107423150472,-0.016218411260877197,normal,,0
2025-05-06 00:00:00+00:00,0.0,0.0,0.0,-0.0530458129956943,0.005559107423150472,-0.0149414122579552,normal,,0
2025-05-07 00:00:00+00:00,0.0,0.0,0.0,-0.01859404661919665,0.005559107423150472,-0.014882059665858982,normal,,0
2025-05-08 00:00:00+00:00,0.0,0.0,0.0,0.0473178520007157,0.005559107423150472,-0.014759507739880995,normal,,0
2025-05-09 00:00:00+00:00,0.0,0.0,0.0,1.056548614349172,0.005559107423150472,-0.013484725827892063,normal,,0
2025-05-12 00:00:00+00:00,0.0,0.0,0.0,-0.2921165424155894,0.005559107423150472,-0.015156453962167582,normal,,0
2025-05-13 00:00:00+00:00,0.0,0.0,0.0,-0.27698074357483055,0.005559107423150472,-0.015129388862106907,normal,,0
2025-05-14 00:00:00+00:00,0.0,0.0,0.0,-0.27235624515859275,0.005559107423150472,-0.015118944881731267,normal,,0
2025-05-15 00:00:00+00:00,0.0,0.0,0.0,-0.3944818441225691,0.005559107423150472,-0.015267498921188505,normal,,0
2025-05-16 00:00:00+00:00,0.0,0.0,0.0,-1.5666562073832893,0.005559107423150472,-0.016733544123781918,normal,,0
2025-05-19 00:00:00+00:00,0.0,0.0,0.0,-1.3509933762593693,0.005559107423150472,-0.016511397536545402,normal,,0
2025-05-20 00:00:00+00:00,0.0,0.0,0.0,0.2004535777509859,0.005559107423150472,-0.0145314489835906,normal,,0
2025-05-21 00:00:00+00:00,0.0,0.0,0.0,-0.16284553723322426,0.005559107423150472,-0.014997720008831372,normal,,0
2025-05-22 00:00:00+00:00,0.0,0.0,0.0,0.04778690503533894,0.005559107423150472,-0.014723623972633604,normal,,0
2025-05-23 00:00:00+00:00,0.0,0.0,0.0,-0.0961410869619889,0.005559107423150472,-0.014914935113349514,normal,,0
2025-05-27 00:00:00+00:00,0.0,0.0,0.0,-0.11922787912802613,0.005559107423150472,-0.014940423028153127,normal,,0
2025-05-28 00:00:00+00:00,0.0,0.0,0.0,0.5552925976040579,0.005559107423150472,-0.014079398875481708,normal,,0
2025-05-29 00:00:00+00:00,0.0,0.0,0.0,-1.8219752320087115,0.005559107423150472,-0.017071570058258878,normal,,0
2025-05-30 00:00:00+00:00,0.0,0.0,0.0,-0.5605624778760943,0.005559107423150472,-0.015513678726502,normal,,0
2025-06-02 00:00:00+00:00,0.0,0.0,0.0,-0.4029602138482259,0.005559107423150472,-0.015310425015161222,normal,,0
2025-06-03 00:00:00+00:00,0.0,0.0,0.0,-0.33884370684039966,0.005559107423150472,-0.015217609770795448,normal,,0
2025-06-04 00:00:00+00:00,0.0,0.0,0.0,-1.2768138232164299,0.005559107423150472,-0.016360305899281613,normal,,0
2025-06-05 00:00:00+00:00,0.0,0.0,0.0,-0.9439041127812658,0.005559107423150472,-0.015992478048305614,normal,,0
2025-06-06 00:00:00+00:00,0.0,0.0,0.0,-0.05399171442585176,0.005559107423150472,-0.01488441483921843,normal,,0
2025-06-09 00:00:00+00:00,0.0,0.0,0.0,-0.36902837088041274,0.005559107423150472,-0.015315558369473514,normal,,0
2025-06-10 00:00:00+00:00,0.0,0.0,0.0,-1.2342099993888025,0.005559107423150472,-0.016343199423352495,normal,,0
2025-06-11 00:00:00+00:00,0.0,0.0,0.0,-0.5535271854034468,0.005559107423150472,-0.015545030298660834,normal,,0
2025-06-12 00:00:00+00:00,0.0,0.0,0.0,-2.102213330004629,0.005559107423150472,-0.01738794897342011,normal,,0
2025-06-13 00:00:00+00:00,0.0,0.0,0.0,0.4435704113654462,0.005559107423150472,-0.014477418857019586,normal,,0
2025-06-16 00:00:00+00:00,-1.0,-1.0,0.2158889579867799,2.590667495841359,0.005559107423150472,-0.012237073732160653,normal,,0
2025-06-17 00:00:00+00:00,0.0,-1.0,0.2158889579867799,2.559423960519469,0.005559107423150472,-0.012472445766094964,normal,,0
2025-06-18 00:00:00+00:00,2.0,0.0,0.0,2.9622668539626056,0.005559107423150472,-0.01188574915662155,normal,max_hold,0
2025-06-20 00:00:00+00:00,0.0,0.0,0.0,0.48279660562077575,0.005559107423150472,-0.014418347059057979,normal,,0
2025-06-23 00:00:00+00:00,0.0,0.0,0.0,-0.44319490715017956,0.005559107423150472,-0.01546216523052557,normal,,0
2025-06-24 00:00:00+00:00,0.0,0.0,0.0,0.2520156251286019,0.005559107423150472,-0.014720469400428371,normal,,0
2025-06-25 00:00:00+00:00,0.0,0.0,0.0,0.23820660186038897,0.005559107423150472,-0.014719750289334144,normal,,0
2025-06-26 00:00:00+00:00,0.0,0.0,0.0,-0.8125772466180667,0.005559107423150472,-0.015806511250700872,normal,,0
2025-06-27 00:00:00+00:00,0.0,0.0,0.0,-1.0593815409675125,0.005559107423150472,-0.016089706475955978,normal,,0
2025-06-30 00:00:00+00:00,0.0,0.0,0.0,0.45425519481497834,0.005559107423150472,-0.014466084694677583,normal,,0
2025-07-01 00:00:00+00:00,0.0,0.0,0.0,-0.5394803342985612,0.005354572213988889,-0.015027121917072783,normal,,0
2025-07-02 00:00:00+00:00,0.0,0.0,0.0,-0.9245050145347977,0.005354572213988889,-0.0154296394461646,normal,,0
2025-07-03 00:00:00+00:00,0.0,0.0,0.0,-0.3256597375158556,0.005354572213988889,-0.014828647249867544,normal,,0
2025-07-07 00:00:00+00:00,0.0,0.0,0.0,-0.05869914838377548,0.005354572213988889,-0.0145651953459911,normal,,0
2025-07-08 00:00:00+00:00,0.0,0.0,0.0,-0.1797256764015523,0.005354572213988889,-0.014724236736248564,normal,,0
2025-07-09 00:00:00+00:00,0.0,0.0,0.0,-0.16892588861060343,0.005354572213988889,-0.014723459585577636,normal,,0
2025-07-10 00:00:00+00:00,0.0,0.0,0.0,-0.48374776859982965,0.005354572213988889,-0.015046150046308604,normal,,0
2025-07-11 00:00:00+00:00,0.0,0.0,0.0,-0.3988277177103468,0.005354572213988889,-0.014982936558582516,normal,,0
2025-07-14 00:00:00+00:00,0.0,0.0,0.0,0.19596984715236385,0.005354572213988889,-0.014385977931445026,normal,,0
2025-07-15 00:00:00+00:00,0.0,0.0,0.0,-0.5062500988996635,0.005354572213988889,-0.015090126991701425,normal,,0
2025-07-16 00:00:00+00:00,0.0,0.0,0.0,-0.2566573515297226,0.005354572213988889,-0.014853912451584073,normal,,0
2025-07-17 00:00:00+00:00,0.0,0.0,0.0,0.3492629031203334,0.005354572213988889,-0.014254884635953147,normal,,0
2025-07-18 00:00:00+00:00,0.0,0.0,0.0,-0.030983819298870667,0.005354572213988889,-0.014640263316039182,normal,,0
2025-07-21 00:00:00+00:00,0.0,0.0,0.0,-0.15196106033876694,0.005354572213988889,-0.014776434690183748,normal,,0
2025-07-22 00:00:00+00:00,0.0,0.0,0.0,-0.19267025382771813,0.005354572213988889,-0.014832040343348396,normal,,0
2025-07-23 00:00:00+00:00,0.0,0.0,0.0,-0.076902943385217,0.005354572213988889,-0.014717611308166845,normal,,0
2025-07-24 00:00:00+00:00,0.0,0.0,0.0,0.03227279587898324,0.005354572213988889,-0.014619268627518167,normal,,0
2025-07-25 00:00:00+00:00,0.0,0.0,0.0,0.21573899111964226,0.005354572213988889,-0.014453303842404175,normal,,0
2025-07-28 00:00:00+00:00,0.0,0.0,0.0,-0.18194257649394874,0.005354572213988889,-0.014844986336179034,normal,,0
2025-07-29 00:00:00+00:00,0.0,0.0,0.0,-0.5280681592790077,0.005354572213988889,-0.015184731616472824,normal,,0
2025-07-30 00:00:00+00:00,0.0,0.0,0.0,-0.33937710181461084,0.005354572213988889,-0.014993092978114575,normal,,0
2025-07-31 00:00:00+00:00,0.0,0.0,0.0,-0.04563876474727014,0.005354572213988889,-0.014703427345019726,normal,,0
2025-08-01 00:00:00+00:00,0.0,0.0,0.0,-0.5690857717136675,0.005354572213988889,-0.01518467929704137,normal,,0
2025-08-04 00:00:00+00:00,0.0,0.0,0.0,-0.4435110290685635,0.005354572213988889,-0.015078333097769736,normal,,0
2025-08-05 00:00:00+00:00,0.0,0.0,0.0,-0.37468845662771283,0.005354572213988889,-0.015024477350890741,normal,,0
2025-08-06 00:00:00+00:00,0.0,0.0,0.0,-0.5060826245630802,0.005354572213988889,-0.015162550310473755,normal,,0
2025-08-07 00:00:00+00:00,0.0,0.0,0.0,-0.17823388953556826,0.005354572213988889,-0.014881230484355079,normal,,0
2025-08-08 00:00:00+00:00,0.0,0.0,0.0,0.07246964760319895,0.005354572213988889,-0.014651504925793368,normal,,0
2025-08-11 00:00:00+00:00,0.0,0.0,0.0,-0.059830000111187,0.005354572213988889,-0.014775074118188236,normal,,0
2025-08-12 00:00:00+00:00,0.0,0.0,0.0,-0.10179824319822714,0.005354572213988889,-0.01481673994425936,normal,,0
2025-08-13 00:00:00+00:00,0.0,0.0,0.0,-0.27432601518529764,0.005354572213988889,-0.014978235223859215,normal,,0
2025-08-14 00:00:00+00:00,0.0,0.0,0.0,-0.18280115025812996,0.005354572213988889,-0.014868293389290521,normal,,0
2025-08-15 00:00:00+00:00,0.0,0.0,0.0,0.07831580009191277,0.005354572213988889,-0.014612722933368794,normal,,0
2025-08-18 00:00:00+00:00,0.0,0.0,0.0,-0.1540729452951279,0.005354572213988889,-0.014829683066562183,normal,,0
2025-08-19 00:00:00+00:00,0.0,0.0,0.0,-1.2748169965138978,0.005354572213988889,-0.015833044140101116,normal,,0
2025-08-20 00:00:00+00:00,0.0,0.0,0.0,-0.47919597716303886,0.005354572213988889,-0.015156081073717687,normal,,0
2025-08-21 00:00:00+00:00,0.0,0.0,0.0,0.6585289553254475,0.005354572213988889,-0.014143893967694332,normal,,0
2025-08-22 00:00:00+00:00,0.0,0.0,0.0,-0.8153826209387173,0.005354572213988889,-0.015468680449248318,normal,,0
2025-08-25 00:00:00+00:00,0.0,0.0,0.0,-0.3538951729434423,0.005354572213988889,-0.015080498604855386,normal,,0
2025-08-26 00:00:00+00:00,0.0,0.0,0.0,-0.28933994993296014,0.005354572213988889,-0.014988907329681389,normal,,0
2025-08-27 00:00:00+00:00,0.0,0.0,0.0,-0.9757158517928739,0.005354572213988889,-0.015581670378532309,normal,,0
2025-08-28 00:00:00+00:00,0.0,0.0,0.0,-0.1323625610642473,0.005354572213988889,-0.014866526772354227,normal,,0
2025-08-29 00:00:00+00:00,0.0,0.0,0.0,-0.1150825230654209,0.005354572213988889,-0.014853977861258194,normal,,0
2025-09-02 00:00:00+00:00,0.0,0.0,0.0,-0.41103131947718696,0.005354572213988889,-0.015090088982518957,normal,,0
2025-09-03 00:00:00+00:00,0.0,0.0,0.0,-0.37136852172092316,0.005354572213988889,-0.015047660218741932,normal,,0
2025-09-04 00:00:00+00:00,0.0,0.0,0.0,-0.42864863133523606,0.005354572213988889,-0.015107573066112323,normal,,0
2025-09-05 00:00:00+00:00,0.0,0.0,0.0,-1.0574075647723287,0.005354572213988889,-0.015651027529009376,normal,,0
2025-09-08 00:00:00+00:00,0.0,0.0,0.0,-0.10535723800901008,0.005354572213988889,-0.014832776688143312,normal,,0
2025-09-09 00:00:00+00:00,0.0,0.0,0.0,-0.5484659080925885,0.005354572213988889,-0.015206290227427921,normal,,0
2025-09-10 00:00:00+00:00,0.0,0.0,0.0,-0.6413463154277386,0.005354572213988889,-0.015228198821747974,normal,,0
2025-09-11 00:00:00+00:00,0.0,0.0,0.0,-0.4524549358544782,0.005354572213988889,-0.01509544825381326,normal,,0
2025-09-12 00:00:00+00:00,0.0,0.0,0.0,-1.1557533185417028,0.005354572213988889,-0.01559813691135048,normal,,0
2025-09-15 00:00:00+00:00,0.0,0.0,0.0,0.6665544374375164,0.005354572213988889,-0.014446658376783716,normal,,0
2025-09-16 00:00:00+00:00,-1.0,-1.0,0.25,6.784270573361909,0.005354572213988889,-0.012180019828234911,normal,,0
2025-09-17 00:00:00+00:00,0.0,-1.0,0.25,5.365489569349785,0.005354572213988889,-0.01208851103838171,normal,,0
2025-09-18 00:00:00+00:00,2.0,0.0,0.0,3.669188398524614,0.005354572213988889,-0.012509204573905919,normal,max_hold,0
2025-09-19 00:00:00+00:00,0.0,0.0,0.0,0.0845652932984041,0.005354572213988889,-0.014735786927079886,normal,,0
2025-09-22 00:00:00+00:00,0.0,0.0,0.0,-0.14062884213785248,0.005354572213988889,-0.014900084071344466,normal,,0
2025-09-23 00:00:00+00:00,0.0,0.0,0.0,-0.6327778719586005,0.005354572213988889,-0.015230894319206989,normal,,0
2025-09-24 00:00:00+00:00,0.0,0.0,0.0,0.024225599950677218,0.005354572213988889,-0.01477392090707852,normal,,0
2025-09-25 00:00:00+00:00,0.0,0.0,0.0,-0.567484313952279,0.005354572213988889,-0.015185617259899864,normal,,0
2025-09-26 00:00:00+00:00,0.0,0.0,0.0,0.16317288798217594,0.005354572213988889,-0.014696641977905323,normal,,0
2025-09-29 00:00:00+00:00,0.0,0.0,0.0,0.468859898229818,0.005354572213988889,-0.014480740036502127,normal,,0
2025-09-30 00:00:00+00:00,0.0,0.0,0.0,-0.02480932702697684,0.005354572213988889,-0.014805193961181295,normal,,0
2025-10-01 00:00:00+00:00,0.0,0.0,0.0,-0.5628566167146472,0.005158606648673821,-0.014202145681629474,normal,,0
2025-10-02 00:00:00+00:00,0.0,0.0,0.0,0.43307083968408844,0.005158606648673821,-0.013541374145900065,normal,,0
2025-10-03 00:00:00+00:00,0.0,0.0,0.0,1.180800936440951,0.005158606648673821,-0.013034225630470964,normal,,0
2025-10-06 00:00:00+00:00,0.0,0.0,0.0,-0.7320067440948362,0.005158606648673821,-0.01430871915021914,normal,,0
2025-10-07 00:00:00+00:00,0.0,0.0,0.0,-0.4090652346706737,0.005158606648673821,-0.014095070534534848,normal,,0
2025-10-08 00:00:00+00:00,0.0,0.0,0.0,-0.18232000026670894,0.005158606648673821,-0.013951400933174263,normal,,0
2025-10-09 00:00:00+00:00,0.0,0.0,0.0,0.43222116951616246,0.005158606648673821,-0.013530279578792381,normal,,0
2025-10-10 00:00:00+00:00,0.0,0.0,0.0,-1.7940656822556815,0.005158606648673821,-0.015040387245847775,normal,,0
2025-10-13 00:00:00+00:00,0.0,0.0,0.0,0.4189272231734155,0.005158606648673821,-0.01355605573023233,normal,,0
2025-10-14 00:00:00+00:00,0.0,0.0,0.0,-0.9437889836750097,0.005158606648673821,-0.014502502031065845,normal,,0
2025-10-15 00:00:00+00:00,0.0,0.0,0.0,-0.8374154607484978,0.005158606648673821,-0.014444245593653093,normal,,0
2025-10-16 00:00:00+00:00,0.0,0.0,0.0,0.951531035198823,0.005158606648673821,-0.013195328732801492,normal,,0
2025-10-17 00:00:00+00:00,0.0,0.0,0.0,0.12323786519885196,0.005158606648673821,-0.013769709477696956,normal,,0
2025-10-20 00:00:00+00:00,0.0,0.0,0.0,-0.22792107561240182,0.005158606648673821,-0.014021087319795456,normal,,0
2025-10-21 00:00:00+00:00,0.0,0.0,0.0,-1.2892481931391202,0.005158606648673821,-0.014781924854423423,normal,,0
2025-10-22 00:00:00+00:00,0.0,0.0,0.0,-0.6846748267829726,0.005158606648673821,-0.014375145544575751,normal,,0
2025-10-23 00:00:00+00:00,0.0,0.0,0.0,-0.12191601836425732,0.005158606648673821,-0.013973573643093928,normal,,0
2025-10-24 00:00:00+00:00,0.0,0.0,0.0,-0.538417398624953,0.005158606648673821,-0.014272524199809844,normal,,0
2025-10-27 00:00:00+00:00,0.0,0.0,0.0,-0.38380644452397505,0.005158606648673821,-0.014170677209924598,normal,,0
2025-10-28 00:00:00+00:00,0.0,0.0,0.0,-0.8553326703509142,0.005158606648673821,-0.014509656433600249,normal,,0
2025-10-29 00:00:00+00:00,0.0,0.0,0.0,-0.725937764244772,0.005158606648673821,-0.014425770602594312,normal,,0
2025-10-30 00:00:00+00:00,0.0,0.0,0.0,1.5899281678307744,0.005158606648673821,-0.012748544404284523,normal,,0
2025-10-31 00:00:00+00:00,0.0,0.0,0.0,-0.6524045482294003,0.005158606648673821,-0.014365483708020932,normal,,0
2025-11-03 00:00:00+00:00,0.0,0.0,0.0,-0.24233279669416305,0.005158606648673821,-0.014069409705061098,normal,,0
2025-11-04 00:00:00+00:00,0.0,0.0,0.0,-0.24991522156708143,0.005158606648673821,-0.014081431198086136,normal,,0
2025-11-05 00:00:00+00:00,0.0,0.0,0.0,0.7319475918170985,0.005158606648673821,-0.013354935966488846,normal,,0
2025-11-06 00:00:00+00:00,0.0,0.0,0.0,1.3954334100873198,0.005158606648673821,-0.012848059561206604,normal,,0
2025-11-07 00:00:00+00:00,0.0,0.0,0.0,-0.07657768278054504,0.005158606648673821,-0.013930532864445233,normal,,0
2025-11-10 00:00:00+00:00,0.0,0.0,0.0,0.19681782734162864,0.005158606648673821,-0.01372332405445853,normal,,0
2025-11-11 00:00:00+00:00,0.0,0.0,0.0,0.84174736972536,0.005158606648673821,-0.013234909190567912,normal,,0
2025-11-12 00:00:00+00:00,0.0,0.0,0.0,0.45170258801245267,0.005158606648673821,-0.01351865767804128,normal,,0
2025-11-13 00:00:00+00:00,0.0,0.0,0.0,-0.2717874907181231,0.005158606648673821,-0.014046106932489977,normal,,0
2025-11-14 00:00:00+00:00,0.0,0.0,0.0,0.12019574074082018,0.005158606648673821,-0.01374839126978511,normal,,0
2025-11-17 00:00:00+00:00,0.0,0.0,0.0,-0.5871251148147979,0.005158606648673821,-0.0142874866240712,normal,,0
2025-11-18 00:00:00+00:00,0.0,0.0,0.0,-0.17092729722703498,0.005158606648673821,-0.013972220006797542,normal,,0
2025-11-19 00:00:00+00:00,0.0,0.0,0.0,1.525322523802679,0.005158606648673821,-0.012706731313313568,normal,,0
2025-11-20 00:00:00+00:00,0.0,0.0,0.0,-1.3379341645642375,0.005158606648673821,-0.014835383499470112,normal,,0
2025-11-21 00:00:00+00:00,0.0,0.0,0.0,-1.0549105075799268,0.005158606648673821,-0.01462912293854135,normal,,0
2025-11-24 00:00:00+00:00,0.0,0.0,0.0,-0.7395341724483895,0.005158606648673821,-0.014405886506848375,normal,,0
2025-11-25 00:00:00+00:00,0.0,0.0,0.0,0.2731883371327827,0.005158606648673821,-0.013633872036713512,normal,,0
2025-11-26 00:00:00+00:00,0.0,0.0,0.0,-0.5250169587065737,0.005158606648673821,-0.014242862688762514,normal,,0
2025-11-28 00:00:00+00:00,0.0,0.0,0.0,-0.08270218911849002,0.005158606648673821,-0.013903757146366935,normal,,0
2025-12-01 00:00:00+00:00,0.0,0.0,0.0,-1.0771387219651232,0.005158606648673821,-0.014668701884015256,normal,,0
2025-12-02 00:00:00+00:00,0.0,0.0,0.0,-0.39952497241277846,0.005158606648673821,-0.014144417376124707,normal,,0
2025-12-03 00:00:00+00:00,0.0,0.0,0.0,-0.34363021599313315,0.005158606648673821,-0.014106243449668376,normal,,0
2025-12-04 00:00:00+00:00,0.0,0.0,0.0,-1.4955503908750218,0.005158606648673821,-0.014994238924693093,normal,,0
2025-12-05 00:00:00+00:00,0.0,0.0,0.0,-0.4245325566002329,0.005158606648673821,-0.014183868686828305,normal,,0
2025-12-08 00:00:00+00:00,0.0,0.0,0.0,0.3296947508473599,0.005158606648673821,-0.013592234277064463,normal,,0
2025-12-09 00:00:00+00:00,0.0,0.0,0.0,-0.5054711530942269,0.005158606648673821,-0.01422837342962513,normal,,0
2025-12-10 00:00:00+00:00,0.0,0.0,0.0,-1.3009371154859173,0.005158606648673821,-0.014861619751608046,normal,,0
2025-12-11 00:00:00+00:00,0.0,0.0,0.0,-0.1619787642885334,0.005158606648673821,-0.014022593601101363,normal,,0
2025-12-12 00:00:00+00:00,0.0,0.0,0.0,-0.02317675144801924,0.005158606648673821,-0.013970084134193428,normal,,0
2025-12-15 00:00:00+00:00,0.0,0.0,0.0,-0.415793252989794,0.005158606648673821,-0.014212349775365674,normal,,0
2025-12-16 00:00:00+00:00,-1.0,-1.0,0.25,5.503336343842252,0.005158606648673821,-0.011148481692394796,normal,,0
2025-12-17 00:00:00+00:00,0.0,-1.0,0.25,4.8731349448531365,0.005158606648673821,-0.010855880166509735,normal,,0
2025-12-18 00:00:00+00:00,2.0,0.0,0.0,4.374160740125076,0.005158606648673821,-0.010617688199633157,normal,max_hold,0
2025-12-19 00:00:00+00:00,0.0,0.0,0.0,0.21040021800076575,0.005158606648673821,-0.01366655398521388,normal,,0
2025-12-22 00:00:00+00:00,0.0,0.0,0.0,0.20243860075546147,0.005158606648673821,-0.013664498069076103,normal,,0
2025-12-23 00:00:00+00:00,0.0,0.0,0.0,-0.004633509306433085,0.005158606648673821,-0.013841784682777636,normal,,0
2025-12-24 00:00:00+00:00,0.0,0.0,0.0,-0.5246250445814591,0.005158606648673821,-0.014294566192124769,normal,,0
2025-12-26 00:00:00+00:00,0.0,0.0,0.0,0.5108615563324034,0.005158606648673821,-0.013410668451590446,normal,,0
2025-12-29 00:00:00+00:00,0.0,0.0,0.0,0.2644139026141385,0.005158606648673821,-0.013609768384108989,normal,,0
2025-12-30 00:00:00+00:00,0.0,0.0,0.0,0.34612620377911973,0.005158606648673821,-0.013540542942073408,normal,,0
2025-12-31 00:00:00+00:00,0.0,0.0,0.0,-0.07020846478810362,0.005158606648673821,-0.013907588388037517,normal,,0
2026-01-02 00:00:00+00:00,0.0,0.0,0.0,-0.24825598600864845,0.004976439643834296,-0.013263027106510172,normal,,0
2026-01-05 00:00:00+00:00,0.0,0.0,0.0,0.1695307317816641,0.004976439643834296,-0.012905271805317753,normal,,0
2026-01-06 00:00:00+00:00,0.0,0.0,0.0,0.22200225514941319,0.004976439643834296,-0.012856142650713664,normal,,0
2026-01-07 00:00:00+00:00,0.0,0.0,0.0,-0.1927903995944754,0.004976439643834296,-0.013212401427113107,normal,,0
2026-01-08 00:00:00+00:00,0.0,0.0,0.0,0.2995553583662641,0.004976439643834296,-0.012778924053686858,normal,,0
2026-01-09 00:00:00+00:00,0.0,0.0,0.0,1.0261095072294457,0.004976439643834296,-0.012169227209318123,normal,,0
2026-01-12 00:00:00+00:00,0.0,0.0,0.0,-0.2369293343806562,0.004976439643834296,-0.013204242049941861,normal,,0
2026-01-13 00:00:00+00:00,0.0,0.0,0.0,0.21112341532303955,0.004976439643834296,-0.012820374743585106,normal,,0
2026-01-14 00:00:00+00:00,0.0,0.0,0.0,0.2350267627094339,0.004976439643834296,-0.012807965490220674,normal,,0
2026-01-15 00:00:00+00:00,0.0,0.0,0.0,0.4718127595584439,0.004976439643834296,-0.012607257702200947,normal,,0
2026-01-16 00:00:00+00:00,0.0,0.0,0.0,0.6268447601031136,0.004976439643834296,-0.012466783762933531,normal,,0
2026-01-20 00:00:00+00:00,0.0,0.0,0.0,0.24707197680936918,0.004976439643834296,-0.012760766526163536,normal,,0
2026-01-21 00:00:00+00:00,0.0,0.0,0.0,0.5976848077062262,0.004976439643834296,-0.012458814921132877,normal,,0
2026-01-22 00:00:00+00:00,0.0,0.0,0.0,-0.5670906982035097,0.004976439643834296,-0.013408138370998302,normal,,0
2026-01-23 00:00:00+00:00,0.0,0.0,0.0,0.4831917549946464,0.004976439643834296,-0.012539364958854549,normal,,0
2026-01-26 00:00:00+00:00,0.0,0.0,0.0,0.6633189120630121,0.004976439643834296,-0.012376978474040179,normal,,0
2026-01-27 00:00:00+00:00,0.0,0.0,0.0,-0.09645382914908031,0.004976439643834296,-0.012981165296622521,normal,,0
2026-01-28 00:00:00+00:00,0.0,0.0,0.0,-0.7694276109776272,0.004976439643834296,-0.013518788357171907,normal,,0
2026-01-29 00:00:00+00:00,0.0,0.0,0.0,-0.11011080816107639,0.004976439643834296,-0.013006319891724516,normal,,0
2026-01-30 00:00:00+00:00,0.0,0.0,0.0,-2.0938405238606963,0.004976439643834296,-0.014595104022706806,normal,,0
2026-02-02 00:00:00+00:00,0.0,0.0,0.0,-0.3320067377052293,0.004976439643834296,-0.013206333182762542,normal,,0
2026-02-03 00:00:00+00:00,0.0,0.0,0.0,0.005224294918508509,0.004976439643834296,-0.012923777947677628,normal,,0
2026-02-04 00:00:00+00:00,0.0,0.0,0.0,-0.05562154166663254,0.004976439643834296,-0.012980376430585139,normal,,0
2026-02-05 00:00:00+00:00,0.0,0.0,0.0,0.7978175345221764,0.004976439643834296,-0.012292254987938733,normal,,0
2026-02-06 00:00:00+00:00,0.0,0.0,0.0,-0.10523669365905651,0.004976439643834296,-0.013022420038148574,normal,,0
2026-02-09 00:00:00+00:00,0.0,0.0,0.0,-1.0897384278482178,0.004976439643834296,-0.013838869408312249,normal,,0
2026-02-10 00:00:00+00:00,0.0,0.0,0.0,0.20204316019278235,0.004976439643834296,-0.012791707829725496,normal,,0
2026-02-11 00:00:00+00:00,0.0,0.0,0.0,0.6969929808879807,0.004976439643834296,-0.01238052852566085,normal,,0
2026-02-12 00:00:00+00:00,0.0,0.0,0.0,0.07387903607138334,0.004976439643834296,-0.012884801831033244,normal,,0
2026-02-13 00:00:00+00:00,0.0,0.0,0.0,-0.8660696563602662,0.004976439643834296,-0.013668837129318767,normal,,0
2026-02-17 00:00:00+00:00,0.0,0.0,0.0,-0.5924699698208482,0.004976439643834296,-0.01344438088198796,normal,,0
