ts_event,equity,returns,exposure,cash_credit,financing,spread
2020-07-01 00:00:00+00:00,1000000.0,0.0,0.0,0.0,0.0,2.599902094328152
2020-07-02 00:00:00+00:00,1000079.3650793651,7.936507936508861e-05,0.0,79.36507936507937,0.0,2.5946108573932642
2020-07-06 00:00:00+00:00,1000158.736457546,7.936507936509753e-05,0.0,79.37137818090198,0.0,2.627620548040374
2020-07-07 00:00:00+00:00,1000238.1141350426,7.936507936508781e-05,0.0,79.37767749663064,0.0,2.6099072340975673
2020-07-08 00:00:00+00:00,1000317.498112355,7.93650793651362e-05,0.0,79.38397731230498,0.0,2.6032052727723394
2020-07-09 00:00:00+00:00,1000396.888389983,7.936507936508663e-05,0.0,79.39027762796468,0.0,2.599400883651093
2020-07-10 00:00:00+00:00,1000476.2849684267,7.93650793651322e-05,0.0,79.39657844364945,0.0,2.602973985422744
2020-07-13 00:00:00+00:00,1000555.6878481861,7.936507936511688e-05,0.0,79.40287975939894,0.0,2.627665957606111
2020-07-14 00:00:00+00:00,1000635.0970297614,7.936507936511734e-05,0.0,79.40918157525287,0.0,2.6405279096022904
2020-07-15 00:00:00+00:00,1000714.5125136527,7.936507936509392e-05,0.0,79.4154838912509,0.0,2.6283351285548697
2020-07-16 00:00:00+00:00,1000793.9343003602,7.936507936512329e-05,0.0,79.42178670743276,0.0,2.61038722440672
2020-07-17 00:00:00+00:00,1000873.362390384,7.936507936504947e-05,0.0,79.42809002383811,0.0,2.6015508545945445
2020-07-20 00:00:00+00:00,1000952.7967842245,7.936507936506542e-05,0.0,79.43439384050666,0.0,2.6104674264554757
2020-07-21 00:00:00+00:00,1001032.237482382,7.936507936513146e-05,0.0,79.44069815747812,0.0,2.605064566311869
2020-07-22 00:00:00+00:00,1001111.6844853568,7.936507936509162e-05,0.0,79.44700297479223,0.0,2.593362550881284
2020-07-23 00:00:00+00:00,1001191.1377936492,7.936507936502255e-05,0.0,79.45330829248863,0.0,2.5851492855499734
2020-07-24 00:00:00+00:00,1001270.5974077599,7.936507936511715e-05,0.0,79.45961411060708,0.0,2.5786986888834837
2020-07-27 00:00:00+00:00,1001350.0633281891,7.936507936510315e-05,0.0,79.46592042918729,0.0,2.575667767381769
2020-07-28 00:00:00+00:00,1001429.5355554373,7.93650793650572e-05,0.0,79.47222724826898,0.0,2.5791054075165527
2020-07-29 00:00:00+00:00,1001509.0140900052,7.936507936505588e-05,0.0,79.47853456789186,0.0,2.5829091138846616
2020-07-30 00:00:00+00:00,1001588.4989323933,7.936507936505952e-05,0.0,79.48484238809564,0.0,2.588902013901825
2020-07-31 00:00:00+00:00,1001667.9900831021,7.936507936502845e-05,0.0,79.4911507089201,0.0,2.58244145348715
2020-08-03 00:00:00+00:00,1001747.4875426325,7.936507936503922e-05,0.0,79.49745953040492,0.0,2.58498030003707
2020-08-04 00:00:00+00:00,1001826.9913114851,7.936507936505218e-05,0.0,79.50376885258989,0.0,2.593476007380812
2020-08-05 00:00:00+00:00,1001906.5013901605,7.936507936502764e-05,0.0,79.51007867551469,0.0,2.6045260473523624
2020-08-06 00:00:00+00:00,1001986.0177791597,7.936507936504215e-05,0.0,79.51638899921909,0.0,2.602943248728355
2020-08-07 00:00:00+00:00,1002065.5404789834,7.936507936505603e-05,0.0,79.52269982374284,0.0,2.612547133862092
2020-08-10 00:00:00+00:00,1002145.0694901325,7.936507936502961e-05,0.0,79.52901114912567,0.0,2.613812870837286
2020-08-11 00:00:00+00:00,1002224.6048131079,7.936507936503941e-05,0.0,79.53532297540734,0.0,2.6116953888597934
2020-08-12 00:00:00+00:00,1002304.1464484105,7.936507936504577e-05,0.0,79.54163530262761,0.0,2.6024260604417906
2020-08-13 00:00:00+00:00,1002383.6943965413,7.936507936512513e-05,0.0,79.54794813082623,0.0,2.590862026983001
2020-08-14 00:00:00+00:00,1002463.2486580014,7.93650793651217e-05,0.0,79.55426146004297,0.0,2.5814373718255026
2020-08-17 00:00:00+00:00,1002542.8092332918,7.936507936511196e-05,0.0,79.56057529031757,0.0,2.578194581183992
2020-08-18 00:00:00+00:00,1002622.3761229134,7.936507936505623e-05,0.0,79.56688962168982,0.0,2.5737009626203915
2020-08-19 00:00:00+00:00,1002701.9493273676,7.9365079365031e-05,0.0,79.57320445419948,0.0,2.5720485273717193
2020-08-20 00:00:00+00:00,1002781.5288471555,7.936507936511266e-05,0.0,79.57951978788631,0.0,2.576830317700155
2020-08-21 00:00:00+00:00,1002861.1146827783,7.936507936502936e-05,0.0,79.58583562279011,0.0,2.574194860768252
2020-08-24 00:00:00+00:00,1002940.7068347372,7.936507936508972e-05,0.0,79.59215195895065,0.0,2.5833879984164305
2020-08-25 00:00:00+00:00,1003020.3053035336,7.936507936502188e-05,0.0,79.59846879640772,0.0,2.5800269128991555
2020-08-26 00:00:00+00:00,1003099.9100896688,7.936507936513442e-05,0.0,79.60478613520108,0.0,2.5885909685707684
2020-08-27 00:00:00+00:00,1003179.5211936441,7.936507936503943e-05,0.0,79.61110397537054,0.0,2.5921140009161543
2020-08-28 00:00:00+00:00,1003259.1386159611,7.936507936504546e-05,0.0,79.61742231695588,0.0,2.5738013271340168
2020-08-31 00:00:00+00:00,1003338.7623571211,7.936507936511283e-05,0.0,79.62374115999691,0.0,2.570945990126066
2020-09-01 00:00:00+00:00,1003418.3924176256,7.936507936508579e-05,0.0,79.63006050453342,0.0,2.5704223355165525
2020-09-02 00:00:00+00:00,1003498.0287979762,7.936507936504075e-05,0.0,79.63638035060521,0.0,2.5824867047189843
2020-09-03 00:00:00+00:00,1003577.6714986744,7.936507936505406e-05,0.0,79.64270069825209,0.0,2.5729051603504054
2020-09-04 00:00:00+00:00,1003657.320520222,7.936507936508603e-05,0.0,79.64902154751384,0.0,2.595424440504819
2020-09-08 00:00:00+00:00,1003736.9758631204,7.936507936509698e-05,0.0,79.65534289843032,0.0,2.5870814780714984
2020-09-09 00:00:00+00:00,1003816.6375278714,7.936507936504727e-05,0.0,79.6616647510413,0.0,2.5767887265369334
2020-09-10 00:00:00+00:00,1003896.3055149768,7.936507936512918e-05,0.0,79.66798710538662,0.0,2.5750869899829207
2020-09-11 00:00:00+00:00,1003975.9798249383,7.936507936507108e-05,0.0,79.6743099615061,0.0,2.579296179440992
2020-09-14 00:00:00+00:00,1004055.6604582578,7.936507936506527e-05,0.0,79.68063331943955,0.0,2.571362125082341
2020-09-15 00:00:00+00:00,1004135.347415437,7.936507936507205e-05,0.0,79.68695717922681,0.0,2.56521172110719
2020-09-16 00:00:00+00:00,1004215.0406969779,7.936507936505176e-05,0.0,79.69328154090769,0.0,2.5665728847855185
2020-09-17 00:00:00+00:00,1004294.7403033824,7.936507936508067e-05,0.0,79.69960640452206,0.0,2.5512064628685254
2020-09-18 00:00:00+00:00,1004374.4462351525,7.93650793651191e-05,0.0,79.70593177010971,0.0,2.5551113264574306
2020-09-21 00:00:00+00:00,1004454.1584927903,7.936507936512738e-05,0.0,79.71225763771052,0.0,2.5672582852324113
2020-09-22 00:00:00+00:00,1004533.8770767977,7.936507936506584e-05,0.0,79.71858400736431,0.0,2.568364033404317
2020-09-23 00:00:00+00:00,1004613.6019876768,7.936507936512664e-05,0.0,79.72491087911092,0.0,2.564879498374118
2020-09-24 00:00:00+00:00,1004693.3332259298,7.93650793650383e-05,0.0,79.73123825299022,0.0,2.5989610334046835
2020-09-25 00:00:00+00:00,1004773.0707920588,7.936507936510881e-05,0.0,79.73756612904205,0.0,2.59120711314573
2020-09-28 00:00:00+00:00,1004852.8146865661,7.936507936506676e-05,0.0,79.74389450730625,0.0,2.596901722928095
2020-09-29 00:00:00+00:00,1004932.564909954,7.93650793651042e-05,0.0,79.75022338782271,0.0,2.6025475452531595
2020-09-30 00:00:00+00:00,1005012.3214627246,7.936507936506558e-05,0.0,79.75655277063127,0.0,2.607215416781719
2020-10-01 00:00:00+00:00,1005092.0843453803,7.936507936502713e-05,0.0,79.76288265577179,0.0,4.43473182135554
2020-10-02 00:00:00+00:00,1005171.8535584236,7.936507936506499e-05,0.0,79.76921304328415,0.0,4.432769835994586
2020-10-05 00:00:00+00:00,1005251.6291023567,7.936507936502365e-05,0.0,79.77554393320823,0.0,4.4431201846342425
2020-10-06 00:00:00+00:00,1005331.4109776823,7.93650793650951e-05,0.0,79.78187532558387,0.0,4.440238795461761
2020-10-07 00:00:00+00:00,1005411.1991849028,7.936507936512383e-05,0.0,79.78820722045099,0.0,4.452105078589395
2020-10-08 00:00:00+00:00,1005490.9937245207,7.936507936507019e-05,0.0,79.79453961784944,0.0,4.4735362435331885
2020-10-09 00:00:00+00:00,1005570.7945970385,7.93650793651261e-05,0.0,79.8008725178191,0.0,4.469340085028303
2020-10-12 00:00:00+00:00,1005650.601802959,7.936507936513607e-05,0.0,79.80720592039988,0.0,4.493598423722965
2020-10-13 00:00:00+00:00,1005730.4153427846,7.936507936506049e-05,0.0,79.81353982563166,0.0,4.481402596253627
2020-10-14 00:00:00+00:00,1005810.2352170182,7.936507936509118e-05,0.0,79.81987423355433,0.0,4.4786803207177615
2020-10-15 00:00:00+00:00,1005890.0614261624,7.936507936507274e-05,0.0,79.8262091442078,0.0,4.4664471090411855
2020-10-16 00:00:00+00:00,1005969.89397072,7.936507936508124e-05,0.0,79.83254455763193,0.0,4.45145861243118
2020-10-19 00:00:00+00:00,1006049.7328511939,7.936507936507698e-05,0.0,79.83888047386667,0.0,4.456602905359145
2020-10-20 00:00:00+00:00,1006129.5780680869,7.936507936513604e-05,0.0,79.8452168929519,0.0,4.463360063461643
2020-10-21 00:00:00+00:00,1006209.4296219018,7.936507936510301e-05,0.0,79.85155381492753,0.0,4.437306890885275
2020-10-22 00:00:00+00:00,1006289.2875131416,7.936507936505398e-05,0.0,79.85789123983348,0.0,4.448090177187217
2020-10-23 00:00:00+00:00,1006369.1517423093,7.936507936506496e-05,0.0,79.86422916770965,0.0,4.444827959852841
2020-10-26 00:00:00+00:00,1006449.022309908,7.936507936509625e-05,0.0,79.87056759859598,0.0,4.432812188166821
2020-10-27 00:00:00+00:00,1006528.8992164405,7.93650793651082e-05,0.0,79.87690653253237,0.0,4.408826015362513
2020-10-28 00:00:00+00:00,1006608.78246241,7.936507936506115e-05,0.0,79.88324596955877,0.0,4.390779474876174
2020-10-29 00:00:00+00:00,1006688.6720483197,7.936507936503109e-05,0.0,79.88958590971508,0.0,4.380840855611922
2020-10-30 00:00:00+00:00,1006768.5679746728,7.9365079365094e-05,0.0,79.89592635304125,0.0,4.377803186807065
2020-11-02 00:00:00+00:00,1006848.4702419724,7.936507936509456e-05,0.0,79.9022672995772,0.0,4.381622702454102
2020-11-03 00:00:00+00:00,1006928.3788507218,7.936507936510872e-05,0.0,79.90860874936288,0.0,4.416013652438579
2020-11-04 00:00:00+00:00,1007008.2938014242,7.936507936509683e-05,0.0,79.91495070243823,0.0,4.4128861664735695
2020-11-05 00:00:00+00:00,1007088.2150945831,7.936507936513485e-05,0.0,79.92129315884318,0.0,4.429442192051368
2020-11-06 00:00:00+00:00,1007168.1427307017,7.936507936506748e-05,0.0,79.92763611861771,0.0,4.428343084978169
2020-11-09 00:00:00+00:00,1007248.0767102835,7.936507936508626e-05,0.0,79.93397958180172,0.0,4.47202122944793
2020-11-10 00:00:00+00:00,1007328.0170338319,7.936507936503594e-05,0.0,79.9403235484352,0.0,4.488423429850742
2020-11-11 00:00:00+00:00,1007407.9637018505,7.9365079365108e-05,0.0,79.94666801855809,0.0,4.489520271127302
2020-11-12 00:00:00+00:00,1007487.9167148427,7.936507936503162e-05,0.0,79.95301299221036,0.0,4.473073083371718
2020-11-13 00:00:00+00:00,1007567.8760733121,7.936507936511383e-05,0.0,79.95935846943196,0.0,4.491857051153578
2020-11-16 00:00:00+00:00,1007647.8417777624,7.936507936508384e-05,0.0,79.96570445026286,0.0,4.498754208745368
2020-11-17 00:00:00+00:00,1007727.8138286972,7.936507936513306e-05,0.0,79.97205093474305,0.0,4.507733466214599
2020-11-18 00:00:00+00:00,1007807.7922266201,7.936507936510631e-05,0.0,79.97839792291248,0.0,4.506829151739247
2020-11-19 00:00:00+00:00,1007887.776972035,7.936507936507943e-05,0.0,79.98474541481112,0.0,4.498511000500642
2020-11-20 00:00:00+00:00,1007967.7680654455,7.936507936512828e-05,0.0,79.99109341047897,0.0,4.5077318506748405
2020-11-23 00:00:00+00:00,1008047.7655073554,7.936507936509767e-05,0.0,79.997441909956,0.0,4.526557747330596
2020-11-24 00:00:00+00:00,1008127.7692982687,7.936507936506344e-05,0.0,80.00379091328217,0.0,4.547629902720747
2020-11-25 00:00:00+00:00,1008207.7794386892,7.936507936510141e-05,0.0,80.01014042049752,0.0,4.543011501567346
2020-11-27 00:00:00+00:00,1008287.7959291209,7.936507936505642e-05,0.0,80.016490431642,0.0,4.536440758943541
2020-11-30 00:00:00+00:00,1008367.8187700676,7.936507936511975e-05,0.0,80.02284094675562,0.0,4.524977762347435
2020-12-01 00:00:00+00:00,1008447.8479620336,7.936507936513626e-05,0.0,80.02919196587838,0.0,4.521475560423357
2020-12-02 00:00:00+00:00,1008527.8835055226,7.936507936506627e-05,0.0,80.03554348905028,0.0,4.542865323053267
2020-12-03 00:00:00+00:00,1008607.925401039,7.936507936510104e-05,0.0,80.04189551631131,0.0,4.535865061341181
2020-12-04 00:00:00+00:00,1008687.9736490867,7.936507936508541e-05,0.0,80.0482480477015,0.0,4.548862344760145
2020-12-07 00:00:00+00:00,1008768.0282501699,7.936507936509518e-05,0.0,80.05460108326085,0.0,4.545997409000477
2020-12-08 00:00:00+00:00,1008848.089204793,7.936507936509065e-05,0.0,80.06095462302936,0.0,4.550260983978943
2020-12-09 00:00:00+00:00,1008928.15651346,7.936507936503218e-05,0.0,80.06730866704706,0.0,4.56480796770856
2020-12-10 00:00:00+00:00,1009008.2301766754,7.936507936511086e-05,0.0,80.07366321535396,0.0,4.573306972516595
2020-12-11 00:00:00+00:00,1009088.3101949433,7.936507936505627e-05,0.0,80.08001826799011,0.0,4.5581665412061865
2020-12-14 00:00:00+00:00,1009168.3965687683,7.93650793650595e-05,0.0,80.0863738249955,0.0,4.551414984633369
2020-12-15 00:00:00+00:00,1009248.4892986547,7.936507936508086e-05,0.0,80.09272988641018,0.0,4.566864432045547
2020-12-16 00:00:00+00:00,1009328.588385107,7.936507936508068e-05,0.0,80.09908645227418,0.0,4.5705543160967785
2020-12-17 00:00:00+00:00,1009408.6938286297,7.936507936513466e-05,0.0,80.10544352262754,0.0,4.572779344787903
2020-12-18 00:00:00+00:00,1009488.8056297272,7.936507936508775e-05,0.0,80.1118010975103,0.0,4.603400687663322
2020-12-21 00:00:00+00:00,1009568.9237889042,7.9365079365131e-05,0.0,80.11815917696248,0.0,4.608375155780092
2020-12-22 00:00:00+00:00,1009649.0483066653,7.936507936510938e-05,0.0,80.12451776102414,0.0,4.587007028159821
2020-12-23 00:00:00+00:00,1009729.179183515,7.936507936509856e-05,0.0,80.13087684973534,0.0,4.6106240172472575
2020-12-24 00:00:00+00:00,1009809.3164199581,7.936507936505885e-05,0.0,80.13723644313612,0.0,4.608253342145204
2020-12-28 00:00:00+00:00,1009889.4600164994,7.93650793650659e-05,0.0,80.14359654126652,0.0,4.620614252814166
2020-12-29 00:00:00+00:00,1009969.6099736436,7.936507936508002e-05,0.0,80.14995714416662,0.0,4.614666132948583
2020-12-30 00:00:00+00:00,1010049.7662918954,7.936507936506153e-05,0.0,80.15631825187647,0.0,4.618555123655485
2020-12-31 00:00:00+00:00,1010129.9289717599,7.936507936508606e-05,0.0,80.16267986443614,0.0,4.635553860427802
2021-01-04 00:00:00+00:00,1010210.0980137418,7.936507936511391e-05,0.0,80.1690419818857,0.0,3.139396574792998
2021-01-05 00:00:00+00:00,1010290.2734183461,7.936507936510543e-05,0.0,80.17540460426522,0.0,3.1517061180546055
2021-01-06 00:00:00+00:00,1010370.4551860777,7.936507936513616e-05,0.0,80.18176773161477,0.0,3.1736962298055964
2021-01-07 00:00:00+00:00,1010450.6433174417,7.936507936505124e-05,0.0,80.18813136397442,0.0,3.182276746573439
2021-01-08 00:00:00+00:00,1010530.837812943,7.936507936504146e-05,0.0,80.19449550138427,0.0,3.1731723147422555
2021-01-11 00:00:00+00:00,1010611.0386730869,7.93650793650671e-05,0.0,80.20086014388437,0.0,3.1806939291639043
2021-01-12 00:00:00+00:00,1010691.2458983784,7.936507936508851e-05,0.0,80.20722529151483,0.0,3.211810582364303
2021-01-13 00:00:00+00:00,1010771.4594893227,7.936507936506603e-05,0.0,80.21359094431575,0.0,3.2172239898033252
2021-01-14 00:00:00+00:00,1010851.679446425,7.936507936507516e-05,0.0,80.2199571023272,0.0,3.2255155291920077
2021-01-15 00:00:00+00:00,1010931.9057701906,7.936507936507623e-05,0.0,80.22632376558929,0.0,3.208877078776228
2021-01-19 00:00:00+00:00,1011012.1384611247,7.93650793650296e-05,0.0,80.23269093414211,0.0,3.188501673050201
2021-01-20 00:00:00+00:00,1011092.3775197328,7.936507936512589e-05,0.0,80.23905860802577,0.0,3.177110330201172
2021-01-21 00:00:00+00:00,1011172.6229465201,7.936507936509511e-05,0.0,80.24542678728038,0.0,3.1764875215460844
2021-01-22 00:00:00+00:00,1011252.8747419921,7.936507936512792e-05,0.0,80.25179547194604,0.0,3.1809319632096593
2021-01-25 00:00:00+00:00,1011333.1329066542,7.936507936506949e-05,0.0,80.25816466206287,0.0,3.170744539689867
2021-01-26 00:00:00+00:00,1011413.3974410119,7.936507936511041e-05,0.0,80.26453435767097,0.0,3.1777756856344395
2021-01-27 00:00:00+00:00,1011493.6683455707,7.936507936509589e-05,0.0,80.27090455881047,0.0,3.166499920176603
2021-01-28 00:00:00+00:00,1011573.9456208362,7.936507936510135e-05,0.0,80.27727526552148,0.0,3.1655685919002763
2021-01-29 00:00:00+00:00,1011654.2292673141,7.936507936508714e-05,0.0,80.28364647784414,0.0,3.1740351539302605
2021-02-01 00:00:00+00:00,1011734.51928551,7.936507936512868e-05,0.0,80.29001819581858,0.0,3.183051903515212
2021-02-02 00:00:00+00:00,1011814.8156759294,7.93650793650712e-05,0.0,80.29639041948492,0.0,3.1960162623651747
2021-02-03 00:00:00+00:00,1011895.1184390783,7.936507936510521e-05,0.0,80.30276314888329,0.0,3.2077363763293256
2021-02-04 00:00:00+00:00,1011975.4275754624,7.936507936507594e-05,0.0,80.30913638405383,0.0,3.2110936212224352
2021-02-05 00:00:00+00:00,1012055.7430855874,7.936507936505878e-05,0.0,80.3155101250367,0.0,3.204019827886018
2021-02-08 00:00:00+00:00,1012136.0649699593,7.93650793651291e-05,0.0,80.32188437187202,0.0,3.214479157060941
2021-02-09 00:00:00+00:00,1012216.393229084,7.936507936513219e-05,0.0,80.32825912459995,0.0,3.2172918153757544
2021-02-10 00:00:00+00:00,1012296.7278634672,7.936507936502841e-05,0.0,80.33463438326064,0.0,3.230653041951785
2021-02-11 00:00:00+00:00,1012377.0688736151,7.936507936512311e-05,0.0,80.34101014789422,0.0,3.224189103006431
2021-02-12 00:00:00+00:00,1012457.4162600336,7.93650793650316e-05,0.0,80.34738641854088,0.0,3.2337889191062916
2021-02-16 00:00:00+00:00,1012537.7700232288,7.936507936505924e-05,0.0,80.35376319524076,0.0,3.2407602079943
2021-02-17 00:00:00+00:00,1012618.1301637068,7.936507936505131e-05,0.0,80.36014047803404,0.0,3.248585887412971
2021-02-18 00:00:00+00:00,1012698.4966819738,7.936507936508316e-05,0.0,80.36651826696087,0.0,3.2430338905904748
2021-02-19 00:00:00+00:00,1012778.8695785359,7.936507936511509e-05,0.0,80.37289656206141,0.0,3.252205480839081
2021-02-22 00:00:00+00:00,1012859.2488538993,7.936507936510745e-05,0.0,80.37927536337587,0.0,3.248882496995419
2021-02-23 00:00:00+00:00,1012939.6345085703,7.93650793651355e-05,0.0,80.38565467094439,0.0,3.2510307233083493
2021-02-24 00:00:00+00:00,1013020.0265430551,7.936507936504466e-05,0.0,80.39203448480717,0.0,3.2705959985357898
2021-02-25 00:00:00+00:00,1013100.42495786,7.936507936502513e-05,0.0,80.39841480500436,0.0,3.2731140368901537
2021-02-26 00:00:00+00:00,1013180.8297534916,7.936507936503722e-05,0.0,80.40479563157619,0.0,3.2644015361008134
2021-03-01 00:00:00+00:00,1013261.2409304561,7.936507936504124e-05,0.0,80.41117696456283,0.0,3.273123365352895
2021-03-02 00:00:00+00:00,1013341.6584892601,7.936507936511246e-05,0.0,80.41755880400446,0.0,3.264299870070138
2021-03-03 00:00:00+00:00,1013422.0824304101,7.936507936509627e-05,0.0,80.42394114994129,0.0,3.2678267153459064
2021-03-04 00:00:00+00:00,1013502.5127544125,7.936507936506793e-05,0.0,80.4303240024135,0.0,3.2595061440648436
2021-03-05 00:00:00+00:00,1013582.949461774,7.936507936510262e-05,0.0,80.4367073614613,0.0,3.2571741428996055
2021-03-08 00:00:00+00:00,1013663.3925530011,7.936507936504582e-05,0.0,80.44309122712492,0.0,3.2744194134293885
2021-03-09 00:00:00+00:00,1013743.8420286005,7.936507936508758e-05,0.0,80.44947559944453,0.0,3.264857625290033
2021-03-10 00:00:00+00:00,1013824.297889079,7.936507936507336e-05,0.0,80.45586047846035,0.0,3.280928514385925
2021-03-11 00:00:00+00:00,1013904.7601349432,7.936507936507835e-05,0.0,80.46224586421262,0.0,3.2828137239483794
2021-03-12 00:00:00+00:00,1013985.2287666999,7.936507936506286e-05,0.0,80.46863175674152,0.0,3.294524439063131
2021-03-15 00:00:00+00:00,1014065.703784856,7.936507936510207e-05,0.0,80.47501815608729,0.0,3.2880215730835687
2021-03-16 00:00:00+00:00,1014146.1851899183,7.936507936504146e-05,0.0,80.48140506229016,0.0,3.285619734094528
2021-03-17 00:00:00+00:00,1014226.6729823936,7.936507936507102e-05,0.0,80.48779247539034,0.0,3.2861894259602376
2021-03-18 00:00:00+00:00,1014307.167162789,7.936507936503623e-05,0.0,80.49418039542806,0.0,3.294942015928142
2021-03-19 00:00:00+00:00,1014387.6677316115,7.936507936512703e-05,0.0,80.50056882244357,0.0,3.2900110883247478
2021-03-22 00:00:00+00:00,1014468.174689368,7.936507936507416e-05,0.0,80.5069577564771,0.0,3.281280090074691
2021-03-23 00:00:00+00:00,1014548.6880365656,7.936507936506752e-05,0.0,80.51334719756889,0.0,3.2755482613006635
2021-03-24 00:00:00+00:00,1014629.2077737113,7.936507936506743e-05,0.0,80.51973714575917,0.0,3.2699491228424447
2021-03-25 00:00:00+00:00,1014709.7339013123,7.936507936503422e-05,0.0,80.52612760108819,0.0,3.2707505474284706
2021-03-26 00:00:00+00:00,1014790.2664198759,7.936507936504296e-05,0.0,80.53251856359621,0.0,3.2593918303954554
2021-03-29 00:00:00+00:00,1014870.8053299092,7.936507936505398e-05,0.0,80.53891003332349,0.0,3.2705681131911466
2021-03-30 00:00:00+00:00,1014951.3506319195,7.936507936502761e-05,0.0,80.54530201031025,0.0,3.2813794261050355
2021-03-31 00:00:00+00:00,1015031.902326414,7.93650793650389e-05,0.0,80.55169449459679,0.0,3.276225435629527
2021-04-01 00:00:00+00:00,1015112.4604139002,7.936507936504815e-05,0.0,80.55808748622333,0.0,2.191496516793299
2021-04-05 00:00:00+00:00,1015193.0248948855,7.93650793651304e-05,0.0,80.56448098523018,0.0,2.185666535315204
2021-04-06 00:00:00+00:00,1015273.5957698772,7.93650793651313e-05,0.0,80.57087499165758,0.0,2.1840663818631603
2021-04-07 00:00:00+00:00,1015354.1730393828,7.936507936512584e-05,0.0,80.57726950554581,0.0,2.1856768816422933
2021-04-08 00:00:00+00:00,1015434.7567039097,7.936507936507438e-05,0.0,80.58366452693514,0.0,2.187933453080052
2021-04-09 00:00:00+00:00,1015515.3467639656,7.936507936505191e-05,0.0,80.59006005586585,0.0,2.1794541653688086
2021-04-12 00:00:00+00:00,1015595.943220058,7.936507936513339e-05,0.0,80.59645609237822,0.0,2.187925814159605
2021-04-13 00:00:00+00:00,1015676.5460726945,7.936507936504985e-05,0.0,80.60285263651254,0.0,2.1853464172089048
2021-04-14 00:00:00+00:00,1015757.1553223828,7.936507936510556e-05,0.0,80.60924968830909,0.0,2.1927045763855766
2021-04-15 00:00:00+00:00,1015837.7709696306,7.936507936503158e-05,0.0,80.61564724780816,0.0,2.202150288421955
2021-04-16 00:00:00+00:00,1015918.3930149457,7.936507936513208e-05,0.0,80.62204531505004,0.0,2.237108896982949
2021-04-19 00:00:00+00:00,1015999.0214588357,7.936507936502358e-05,0.0,80.62844389007505,0.0,2.2241162117263964
2021-04-20 00:00:00+00:00,1016079.6563018087,7.93650793651248e-05,0.0,80.63484297292347,0.0,2.217748608597916
2021-04-21 00:00:00+00:00,1016160.2975443723,7.93650793650523e-05,0.0,80.64124256363561,0.0,2.2058699753221145
2021-04-22 00:00:00+00:00,1016240.9451870346,7.936507936511013e-05,0.0,80.64764266225177,0.0,2.2068526922094285
2021-04-23 00:00:00+00:00,1016321.5992303033,7.93650793650295e-05,0.0,80.65404326881226,0.0,2.2033175797439037
2021-04-26 00:00:00+00:00,1016402.2596746867,7.936507936511443e-05,0.0,80.6604443833574,0.0,2.209420446634268
2021-04-27 00:00:00+00:00,1016482.9265206927,7.936507936509612e-05,0.0,80.66684600592751,0.0,2.2130127624520566
2021-04-28 00:00:00+00:00,1016563.5997688292,7.936507936504944e-05,0.0,80.6732481365629,0.0,2.2117097299864974
2021-04-29 00:00:00+00:00,1016644.2794196045,7.936507936504929e-05,0.0,80.6796507753039,0.0,2.2155130054167893
2021-04-30 00:00:00+00:00,1016724.9654735266,7.936507936505597e-05,0.0,80.68605392219084,0.0,2.208185045293789
2021-05-03 00:00:00+00:00,1016805.6579311038,7.936507936502982e-05,0.0,80.69245757726402,0.0,2.2211090869207633
2021-05-04 00:00:00+00:00,1016886.3567928444,7.936507936504567e-05,0.0,80.6988617405638,0.0,2.2179101418221996
2021-05-05 00:00:00+00:00,1016967.0620592565,7.936507936506385e-05,0.0,80.7052664121305,0.0,2.220698275867773
2021-05-06 00:00:00+00:00,1017047.7737308485,7.936507936504468e-05,0.0,80.71167159200448,0.0,2.2203674044203914
2021-05-07 00:00:00+00:00,1017128.4918081287,7.936507936506298e-05,0.0,80.71807728022607,0.0,2.227440168423462
2021-05-10 00:00:00+00:00,1017209.2162916055,7.936507936507907e-05,0.0,80.7244834768356,0.0,2.2310452963944902
2021-05-11 00:00:00+00:00,1017289.9471817873,7.936507936505328e-05,0.0,80.73089018187345,0.0,2.2226971001332405
2021-05-12 00:00:00+00:00,1017370.6844791827,7.93650793650604e-05,0.0,80.73729739537995,0.0,2.221277294708022
2021-05-13 00:00:00+00:00,1017451.4281843001,7.936507936506076e-05,0.0,80.74370511739545,0.0,2.2194983933021257
2021-05-14 00:00:00+00:00,1017532.1782976481,7.93650793651291e-05,0.0,80.75011334796032,0.0,2.2234856820904056
2021-05-17 00:00:00+00:00,1017612.9348197352,7.936507936511134e-05,0.0,80.75652208711493,0.0,2.2179580532097005
2021-05-18 00:00:00+00:00,1017693.6977510701,7.936507936508222e-05,0.0,80.76293133489962,0.0,2.2143642394098153
2021-05-19 00:00:00+00:00,1017774.4670921615,7.93650793651165e-05,0.0,80.76934109135478,0.0,2.2084815712742993
2021-05-20 00:00:00+00:00,1017855.242843518,7.936507936506008e-05,0.0,80.77575135652076,0.0,2.2080360212753334
2021-05-21 00:00:00+00:00,1017936.0250056485,7.936507936510209e-05,0.0,80.78216213043794,0.0,2.208555300231243
2021-05-24 00:00:00+00:00,1018016.8135790617,7.936507936508847e-05,0.0,80.78857341314671,0.0,2.199463664942552
2021-05-25 00:00:00+00:00,1018097.6085642664,7.936507936509391e-05,0.0,80.79498520468744,0.0,2.195781556110883
2021-05-26 00:00:00+00:00,1018178.4099617715,7.936507936507876e-05,0.0,80.80139750510051,0.0,2.2015319673558813
2021-05-27 00:00:00+00:00,1018259.2177720859,7.936507936511768e-05,0.0,80.8078103144263,0.0,2.2056016243249292
2021-05-28 00:00:00+00:00,1018340.0319957186,7.936507936505666e-05,0.0,80.81422363270524,0.0,2.20048910093331
2021-06-01 00:00:00+00:00,1018420.8526331786,7.936507936508472e-05,0.0,80.82063745997766,0.0,2.2162019137354547
2021-06-02 00:00:00+00:00,1018501.6796849748,7.936507936504784e-05,0.0,80.82705179628401,0.0,2.2136945675439565
2021-06-03 00:00:00+00:00,1018582.5131516166,7.936507936513498e-05,0.0,80.83346664166467,0.0,2.221738875581366
2021-06-04 00:00:00+00:00,1018663.3530336127,7.936507936507786e-05,0.0,80.83988199616005,0.0,2.2245533891537463
2021-06-07 00:00:00+00:00,1018744.1993314725,7.936507936506542e-05,0.0,80.84629785981053,0.0,2.2226684069518567
2021-06-08 00:00:00+00:00,1018825.0520457051,7.936507936505797e-05,0.0,80.85271423265655,0.0,2.2170538760383076
2021-06-09 00:00:00+00:00,1018905.9111768199,7.936507936513012e-05,0.0,80.8591311147385,0.0,2.213550325648238
2021-06-10 00:00:00+00:00,1018986.7767253261,7.936507936512792e-05,0.0,80.86554850609681,0.0,2.199081200403079
2021-06-11 00:00:00+00:00,1019067.6486917329,7.936507936512599e-05,0.0,80.87196640677192,0.0,2.2059227429811656
2021-06-14 00:00:00+00:00,1019148.5270765497,7.936507936508462e-05,0.0,80.8783848168042,0.0,2.202834902360827
2021-06-15 00:00:00+00:00,1019229.411880286,7.936507936507843e-05,0.0,80.8848037362341,0.0,2.201517535333362
2021-06-16 00:00:00+00:00,1019310.303103451,7.936507936506772e-05,0.0,80.89122316510206,0.0,2.194482961355965
2021-06-17 00:00:00+00:00,1019391.2007465545,7.936507936512706e-05,0.0,80.8976431034485,0.0,2.196913932776596
2021-06-18 00:00:00+00:00,1019472.1048101059,7.936507936510253e-05,0.0,80.90406355131385,0.0,2.199170650354688
2021-06-21 00:00:00+00:00,1019553.0152946146,7.936507936506869e-05,0.0,80.91048450873856,0.0,2.2042817435059026
2021-06-22 00:00:00+00:00,1019633.9322005904,7.936507936510007e-05,0.0,80.91690597576306,0.0,2.2094362951940747
2021-06-23 00:00:00+00:00,1019714.8555285428,7.936507936504281e-05,0.0,80.92332795242781,0.0,2.217617781614864
2021-06-24 00:00:00+00:00,1019795.7852789816,7.93650793650856e-05,0.0,80.92975043877324,0.0,2.2236374305825723
2021-06-25 00:00:00+00:00,1019876.7214524164,7.936507936507458e-05,0.0,80.9361734348398,0.0,2.212462980637137
2021-06-28 00:00:00+00:00,1019957.6640493571,7.936507936508426e-05,0.0,80.94259694066797,0.0,2.2100174537209054
2021-06-29 00:00:00+00:00,1020038.6130703134,7.936507936507495e-05,0.0,80.94902095629818,0.0,2.2010980636823447
2021-06-30 00:00:00+00:00,1020119.5685157952,7.936507936512113e-05,0.0,80.9554454817709,0.0,2.2128167128836522
2021-07-01 00:00:00+00:00,1020200.5303863123,7.936507936506901e-05,0.0,80.9618705171266,0.0,1.908265872361409
2021-07-02 00:00:00+00:00,1020281.4986823747,7.936507936510716e-05,0.0,80.96829606240574,0.0,1.904296965485134
2021-07-06 00:00:00+00:00,1020362.4734044924,7.936507936508178e-05,0.0,80.97472211764878,0.0,1.9097265990238679
2021-07-07 00:00:00+00:00,1020443.4545531753,7.936507936506733e-05,0.0,80.98114868289622,0.0,1.906067390852769
2021-07-08 00:00:00+00:00,1020524.4421289334,7.936507936502414e-05,0.0,80.98757575818851,0.0,1.9059020438706047
2021-07-09 00:00:00+00:00,1020605.4361322769,7.93650793650266e-05,0.0,80.99400334356613,0.0,1.9174149696564564
2021-07-12 00:00:00+00:00,1020686.4365637159,7.936507936503508e-05,0.0,81.0004314390696,0.0,1.9184706468832928
2021-07-13 00:00:00+00:00,1020767.4434237607,7.936507936512393e-05,0.0,81.00686004473935,0.0,1.898132326696996
2021-07-14 00:00:00+00:00,1020848.4567129213,7.936507936502537e-05,0.0,81.01328916061593,0.0,1.9043242444482278
2021-07-15 00:00:00+00:00,1020929.476431708,7.936507936504192e-05,0.0,81.01971878673979,0.0,1.8977725860353774
2021-07-16 00:00:00+00:00,1021010.5025806312,7.936507936513387e-05,0.0,81.02614892315142,0.0,1.8865318641260016
2021-07-19 00:00:00+00:00,1021091.535160201,7.936507936503349e-05,0.0,81.03257956989137,0.0,1.8771699091346017
2021-07-20 00:00:00+00:00,1021172.574170928,7.936507936504322e-05,0.0,81.03901072700008,0.0,1.8720639711805243
2021-07-21 00:00:00+00:00,1021253.6196133225,7.936507936512334e-05,0.0,81.04544239451809,0.0,1.8685205063249395
2021-07-22 00:00:00+00:00,1021334.6714878951,7.936507936512017e-05,0.0,81.05187457248591,0.0,1.8687313094063747
2021-07-23 00:00:00+00:00,1021415.729795156,7.936507936510808e-05,0.0,81.05830726094405,0.0,1.8814482507628565
2021-07-26 00:00:00+00:00,1021496.794535616,7.936507936504738e-05,0.0,81.06474045993302,0.0,1.8654928511785824
2021-07-27 00:00:00+00:00,1021577.8657097855,7.936507936512637e-05,0.0,81.07117416949333,0.0,1.8673549650717085
2021-07-28 00:00:00+00:00,1021658.9433181752,7.93650793650774e-05,0.0,81.07760838966551,0.0,1.8666376477828965
2021-07-29 00:00:00+00:00,1021740.0273612957,7.936507936508877e-05,0.0,81.0840431204901,0.0,1.875524762711101
2021-07-30 00:00:00+00:00,1021821.1178396577,7.936507936512078e-05,0.0,81.09047836200759,0.0,1.8696388635788903
2021-08-02 00:00:00+00:00,1021902.214753772,7.936507936513376e-05,0.0,81.09691411425855,0.0,1.8746707653593893
2021-08-03 00:00:00+00:00,1021983.3181041493,7.936507936508805e-05,0.0,81.10335037728349,0.0,1.87788721504959
2021-08-04 00:00:00+00:00,1022064.4278913004,7.936507936505792e-05,0.0,81.10978715112296,0.0,1.8705492349372985
2021-08-05 00:00:00+00:00,1022145.5441157363,7.93650793651176e-05,0.0,81.11622443581749,0.0,1.876368902997151
2021-08-06 00:00:00+00:00,1022226.6667779677,7.936507936511349e-05,0.0,81.12266223140765,0.0,1.894177438340539
2021-08-09 00:00:00+00:00,1022307.7958785057,7.936507936511983e-05,0.0,81.12910053793395,0.0,1.890512268412106
2021-08-10 00:00:00+00:00,1022388.9314178611,7.936507936509698e-05,0.0,81.13553935543696,0.0,1.9000675307686912
2021-08-11 00:00:00+00:00,1022470.0733965451,7.936507936511911e-05,0.0,81.14197868395723,0.0,1.8974064474504075
2021-08-12 00:00:00+00:00,1022551.2218150686,7.936507936503272e-05,0.0,81.14841852353533,0.0,1.897348922646648
2021-08-13 00:00:00+00:00,1022632.3766739428,7.936507936502585e-05,0.0,81.1548588742118,0.0,1.8896041460127346
2021-08-16 00:00:00+00:00,1022713.5379736788,7.93650793650588e-05,0.0,81.1612997360272,0.0,1.8860276920408428
2021-08-17 00:00:00+00:00,1022794.7057147878,7.936507936509193e-05,0.0,81.16774110902213,0.0,1.8838885728297612
2021-08-18 00:00:00+00:00,1022875.8798977811,7.936507936508554e-05,0.0,81.17418299323712,0.0,1.8846552297077954
2021-08-19 00:00:00+00:00,1022957.0605231698,7.93650793651138e-05,0.0,81.18062538871278,0.0,1.8844729452250437
2021-08-20 00:00:00+00:00,1023038.2475914652,7.936507936502324e-05,0.0,81.18706829548967,0.0,1.8769212427084287
2021-08-23 00:00:00+00:00,1023119.4411031789,7.93650793651156e-05,0.0,81.19351171360836,0.0,1.8800908613285117
2021-08-24 00:00:00+00:00,1023200.641058822,7.936507936512359e-05,0.0,81.19995564310943,0.0,1.894765520668943
2021-08-25 00:00:00+00:00,1023281.8474589061,7.936507936512135e-05,0.0,81.20640008403349,0.0,1.8926577966198606
2021-08-26 00:00:00+00:00,1023363.0603039425,7.93650793650692e-05,0.0,81.21284503642111,0.0,1.894289626475742
2021-08-27 00:00:00+00:00,1023444.2795944428,7.936507936504128e-05,0.0,81.2192905003129,0.0,1.8990353090724543
2021-08-30 00:00:00+00:00,1023525.5053309186,7.936507936511165e-05,0.0,81.22573647574943,0.0,1.8975218650257961
2021-08-31 00:00:00+00:00,1023606.7375138814,7.936507936512687e-05,0.0,81.23218296277132,0.0,1.89176986400875
2021-09-01 00:00:00+00:00,1023687.9761438428,7.936507936504729e-05,0.0,81.23862996141916,0.0,1.8940906080521422
2021-09-02 00:00:00+00:00,1023769.2212213145,7.936507936506072e-05,0.0,81.24507747173355,0.0,1.8909616208294988
2021-09-03 00:00:00+00:00,1023850.4727468083,7.936507936512746e-05,0.0,81.25152549375512,0.0,1.8890880931026794
2021-09-07 00:00:00+00:00,1023931.7307208359,7.936507936509415e-05,0.0,81.25797402752447,0.0,1.8852880426257723
2021-09-08 00:00:00+00:00,1024012.9951439089,7.936507936503482e-05,0.0,81.26442307308221,0.0,1.8795523839879795
2021-09-09 00:00:00+00:00,1024094.2660165393,7.93650793650235e-05,0.0,81.27087263046896,0.0,1.8762772832141996
2021-09-10 00:00:00+00:00,1024175.5433392391,7.936507936513421e-05,0.0,81.27732269972535,0.0,1.8852982476442612
2021-09-13 00:00:00+00:00,1024256.82711252,7.936507936509988e-05,0.0,81.28377328089199,0.0,1.8829027635308035
2021-09-14 00:00:00+00:00,1024338.117336894,7.936507936510825e-05,0.0,81.29022437400953,0.0,1.8912333607965799
2021-09-15 00:00:00+00:00,1024419.4140128732,7.936507936511959e-05,0.0,81.29667597911858,0.0,1.8756496922899544
2021-09-16 00:00:00+00:00,1024500.7171409695,7.936507936509426e-05,0.0,81.30312809625978,0.0,1.868139102854018
2021-09-17 00:00:00+00:00,1024582.026721695,7.936507936510623e-05,0.0,81.30958072547377,0.0,1.862848663382513
2021-09-20 00:00:00+00:00,1024663.3427555618,7.936507936511583e-05,0.0,81.31603386680119,0.0,1.8564740188358604
2021-09-21 00:00:00+00:00,1024744.6652430821,7.936507936508339e-05,0.0,81.32248752028268,0.0,1.853202240651795
2021-09-22 00:00:00+00:00,1024825.9941847681,7.936507936508288e-05,0.0,81.3289416859589,0.0,1.850925108626078
2021-09-23 00:00:00+00:00,1024907.3295811319,7.936507936507458e-05,0.0,81.33539636387049,0.0,1.8481724901728338
2021-09-24 00:00:00+00:00,1024988.671432686,7.936507936513246e-05,0.0,81.3418515540581,0.0,1.8499620859020949
2021-09-27 00:00:00+00:00,1025070.0197399426,7.936507936510323e-05,0.0,81.34830725656238,0.0,1.8516840273287505
2021-09-28 00:00:00+00:00,1025151.374503414,7.936507936506084e-05,0.0,81.35476347142402,0.0,1.8546876339857672
2021-09-29 00:00:00+00:00,1025232.7357236127,7.936507936507916e-05,0.0,81.36122019868365,0.0,1.864072797599058
2021-09-30 00:00:00+00:00,1025314.1034010511,7.936507936511852e-05,0.0,81.36767743838196,0.0,1.8643857859594064
2021-10-01 00:00:00+00:00,1025395.4775362416,7.936507936502571e-05,0.0,81.37413519055961,0.0,2.075386488567866
2021-10-04 00:00:00+00:00,1025476.8581296969,7.93650793651017e-05,0.0,81.38059345525727,0.0,2.0743880720848167
2021-10-05 00:00:00+00:00,1025558.2451819294,7.936507936507973e-05,0.0,81.38705223251563,0.0,2.0844052280504273
2021-10-06 00:00:00+00:00,1025639.6386934518,7.936507936503367e-05,0.0,81.39351152237535,0.0,2.0964150237140533
2021-10-07 00:00:00+00:00,1025721.0386647766,7.936507936503737e-05,0.0,81.39997132487713,0.0,2.1033700984563595
2021-10-08 00:00:00+00:00,1025802.4450964166,7.936507936505114e-05,0.0,81.40643164006164,0.0,2.0971022528080305
2021-10-11 00:00:00+00:00,1025883.8579888846,7.936507936503532e-05,0.0,81.41289246796957,0.0,2.1003836882681988
2021-10-12 00:00:00+00:00,1025965.2773426932,7.936507936506374e-05,0.0,81.41935380864163,0.0,2.1032798845670437
2021-10-13 00:00:00+00:00,1026046.7031583553,7.936507936509671e-05,0.0,81.42581566211851,0.0,2.0906913181844105
2021-10-14 00:00:00+00:00,1026128.1354363838,7.936507936509457e-05,0.0,81.4322780284409,0.0,2.0894617852176585
2021-10-15 00:00:00+00:00,1026209.5741772915,7.936507936513111e-05,0.0,81.4387409076495,0.0,2.112422404149963
2021-10-18 00:00:00+00:00,1026291.0193815912,7.93650793650532e-05,0.0,81.44520429978503,0.0,2.13714540842221
2021-10-19 00:00:00+00:00,1026372.4710497961,7.93650793650481e-05,0.0,81.4516682048882,0.0,2.129722670288401
2021-10-20 00:00:00+00:00,1026453.9291824191,7.936507936507611e-05,0.0,81.45813262299968,0.0,2.131487628229209
2021-10-21 00:00:00+00:00,1026535.3937799733,7.936507936509755e-05,0.0,81.46459755416025,0.0,2.135816613110333
2021-10-22 00:00:00+00:00,1026616.8648429717,7.936507936507276e-05,0.0,81.47106299841057,0.0,2.1350361179425494
2021-10-25 00:00:00+00:00,1026698.3423719275,7.936507936507549e-05,0.0,81.4775289557914,0.0,2.136958462505184
2021-10-26 00:00:00+00:00,1026779.8263673538,7.936507936506606e-05,0.0,81.48399542634345,0.0,2.130443486194132
2021-10-27 00:00:00+00:00,1026861.3168297639,7.936507936511818e-05,0.0,81.49046241010744,0.0,2.125962347226702
2021-10-28 00:00:00+00:00,1026942.8137596711,7.936507936507882e-05,0.0,81.49692990712413,0.0,2.1324169636914436
2021-10-29 00:00:00+00:00,1027024.3171575885,7.936507936513504e-05,0.0,81.50339791743421,0.0,2.1258188417933734
2021-11-01 00:00:00+00:00,1027105.8270240297,7.93650793651338e-05,0.0,81.50986644107846,0.0,2.1247824992667956
2021-11-02 00:00:00+00:00,1027187.3433595077,7.936507936503545e-05,0.0,81.51633547809759,0.0,2.1385985051594827
2021-11-03 00:00:00+00:00,1027268.8661645362,7.936507936502704e-05,0.0,81.52280502853236,0.0,2.1388800852373953
2021-11-04 00:00:00+00:00,1027350.3954396286,7.936507936506886e-05,0.0,81.5292750924235,0.0,2.1295090098590306
2021-11-05 00:00:00+00:00,1027431.9311852985,7.936507936512123e-05,0.0,81.5357456698118,0.0,2.132814524540072
2021-11-08 00:00:00+00:00,1027513.4734020592,7.936507936503117e-05,0.0,81.54221676073797,0.0,2.136379419820498
2021-11-09 00:00:00+00:00,1027595.0220904244,7.936507936509896e-05,0.0,81.5486883652428,0.0,2.1316742454250965
2021-11-10 00:00:00+00:00,1027676.5772509078,7.936507936505832e-05,0.0,81.55516048336702,0.0,2.1333664058537787
2021-11-11 00:00:00+00:00,1027758.138884023,7.936507936509616e-05,0.0,81.56163311515141,0.0,2.1325313881761496
2021-11-12 00:00:00+00:00,1027839.7069902836,7.936507936505951e-05,0.0,81.56810626063674,0.0,2.129819450364017
2021-11-15 00:00:00+00:00,1027921.2815702035,7.936507936513527e-05,0.0,81.57457991986378,0.0,2.126906136227394
2021-11-16 00:00:00+00:00,1028002.8626242963,7.936507936505722e-05,0.0,81.58105409287329,0.0,2.1189335742703905
2021-11-17 00:00:00+00:00,1028084.4501530761,7.93650793651255e-05,0.0,81.58752877970606,0.0,2.114999843434129
2021-11-18 00:00:00+00:00,1028166.0441570565,7.93650793650739e-05,0.0,81.59400398040286,0.0,2.113252735325706
2021-11-19 00:00:00+00:00,1028247.6446367515,7.936507936508926e-05,0.0,81.60047969500448,0.0,2.110018904837309
2021-11-22 00:00:00+00:00,1028329.2515926751,7.936507936513188e-05,0.0,81.60695592355171,0.0,2.1109547661897743
2021-11-23 00:00:00+00:00,1028410.8650253412,7.93650793650489e-05,0.0,81.61343266608533,0.0,2.115816254378596
2021-11-24 00:00:00+00:00,1028492.4849352638,7.936507936502707e-05,0.0,81.61990992264613,0.0,2.1045780507632506
2021-11-26 00:00:00+00:00,1028574.111322957,7.936507936502671e-05,0.0,81.6263876932749,0.0,2.1038825479390257
2021-11-29 00:00:00+00:00,1028655.744188935,7.936507936512134e-05,0.0,81.63286597801246,0.0,2.1067757879205096
2021-11-30 00:00:00+00:00,1028737.3835337119,7.936507936504491e-05,0.0,81.6393447768996,0.0,2.1093591030162293
2021-12-01 00:00:00+00:00,1028819.0293578019,7.93650793650973e-05,0.0,81.64582408997714,0.0,2.0932858627713125
2021-12-02 00:00:00+00:00,1028900.6816617192,7.936507936512565e-05,0.0,81.65230391728586,0.0,2.092550013198344
2021-12-03 00:00:00+00:00,1028982.3404459781,7.93650793650903e-05,0.0,81.6587842588666,0.0,2.086379388699736
2021-12-06 00:00:00+00:00,1029064.0057110928,7.936507936506474e-05,0.0,81.66526511476016,0.0,2.0939390301709726
2021-12-07 00:00:00+00:00,1029145.6774575779,7.936507936512245e-05,0.0,81.67174648500738,0.0,2.0972815709260284
2021-12-08 00:00:00+00:00,1029227.3556859476,7.936507936511058e-05,0.0,81.67822836964903,0.0,2.101824425652055
2021-12-09 00:00:00+00:00,1029309.0403967163,7.936507936510262e-05,0.0,81.68471076872599,0.0,2.1020573424578957
2021-12-10 00:00:00+00:00,1029390.7315903986,7.936507936505891e-05,0.0,81.69119368227908,0.0,2.1056711829366477
2021-12-13 00:00:00+00:00,1029472.4292675089,7.936507936505287e-05,0.0,81.69767711034909,0.0,2.1013781473282482
2021-12-14 00:00:00+00:00,1029554.1334285619,7.936507936504483e-05,0.0,81.7041610529769,0.0,2.09953249275836
2021-12-15 00:00:00+00:00,1029635.8440740721,7.93650793651082e-05,0.0,81.71064551020332,0.0,2.0958006512556695
2021-12-16 00:00:00+00:00,1029717.5612045542,7.936507936509022e-05,0.0,81.71713048206921,0.0,2.103070488030461
2021-12-17 00:00:00+00:00,1029799.2848205228,7.936507936506432e-05,0.0,81.7236159686154,0.0,2.09582436584441
2021-12-20 00:00:00+00:00,1029881.0149224927,7.936507936510387e-05,0.0,81.73010196988275,0.0,2.0837307679176913
2021-12-21 00:00:00+00:00,1029962.7515109786,7.936507936505615e-05,0.0,81.73658848591212,0.0,2.0852211005677095
2021-12-22 00:00:00+00:00,1030044.4945864953,7.936507936510758e-05,0.0,81.74307551674433,0.0,2.089210921410299
2021-12-23 00:00:00+00:00,1030126.2441495578,7.936507936510544e-05,0.0,81.74956306242026,0.0,2.0836782951558583
2021-12-27 00:00:00+00:00,1030208.0002006808,7.93650793651231e-05,0.0,81.75605112298078,0.0,2.0851202579260137
2021-12-28 00:00:00+00:00,1030289.7627403793,7.936507936512088e-05,0.0,81.76253969846672,0.0,2.08455944840771
2021-12-29 00:00:00+00:00,1030371.5317691682,7.936507936505913e-05,0.0,81.76902878891899,0.0,2.0925449252069757
2021-12-30 00:00:00+00:00,1030453.3072875626,7.936507936512416e-05,0.0,81.77551839437842,0.0,2.0848908812994256
2021-12-31 00:00:00+00:00,1030535.0892960775,7.936507936505031e-05,0.0,81.78200851488593,0.0,2.088069429496856
2022-01-03 00:00:00+00:00,1030616.8777952279,7.936507936502391e-05,0.0,81.78849915048234,0.0,2.1025209922679147
2022-01-04 00:00:00+00:00,1030698.6727855292,7.936507936511823e-05,0.0,81.79499030120857,0.0,2.1052947174164114
2022-01-05 00:00:00+00:00,1030780.4742674963,7.936507936506766e-05,0.0,81.80148196710549,0.0,2.1019499186628927
2022-01-06 00:00:00+00:00,1030862.2822416445,7.936507936505847e-05,0.0,81.80797414821399,0.0,2.0840978036979263
2022-01-07 00:00:00+00:00,1030944.096708489,7.936507936505096e-05,0.0,81.81446684457495,0.0,2.0776017226620938
2022-01-10 00:00:00+00:00,1031025.9176685453,7.936507936511841e-05,0.0,81.82096005622928,0.0,2.081999349725073
2022-01-11 00:00:00+00:00,1031107.7451223285,7.93650793651082e-05,0.0,81.82745378321788,0.0,2.0771213300928353
2022-01-12 00:00:00+00:00,1031189.5790703541,7.936507936509362e-05,0.0,81.83394802558163,0.0,2.0678976373777616
2022-01-13 00:00:00+00:00,1031271.4195131374,7.936507936503498e-05,0.0,81.84044278336144,0.0,2.073992169968555
2022-01-14 00:00:00+00:00,1031353.2664511941,7.93650793651184e-05,0.0,81.8469380565982,0.0,2.078893636626504
2022-01-18 00:00:00+00:00,1031435.1198850394,7.936507936507843e-05,0.0,81.85343384533286,0.0,2.05322764408103
2022-01-19 00:00:00+00:00,1031516.979815189,7.936507936510116e-05,0.0,81.8599301496063,0.0,2.0095778263481416
2022-01-20 00:00:00+00:00,1031598.8462421584,7.936507936503406e-05,0.0,81.86642696945944,0.0,1.9834326527571386
2022-01-21 00:00:00+00:00,1031680.7191664634,7.936507936506318e-05,0.0,81.8729243049332,0.0,1.9775910551014269
2022-01-24 00:00:00+00:00,1031762.5985886194,7.936507936503601e-05,0.0,81.87942215606851,0.0,1.9774939164874001
2022-01-25 00:00:00+00:00,1031844.4845091422,7.936507936502571e-05,0.0,81.8859205229063,0.0,1.9712212889139016
2022-01-26 00:00:00+00:00,1031926.3769285477,7.936507936510543e-05,0.0,81.89241940548747,0.0,1.9675396713132192
2022-01-27 00:00:00+00:00,1032008.2758473516,7.936507936512268e-05,0.0,81.898918803853,0.0,1.9470629324230475
2022-01-28 00:00:00+00:00,1032090.1812660696,7.936507936503779e-05,0.0,81.90541871804378,0.0,1.9640162655230045
2022-01-31 00:00:00+00:00,1032172.0931852177,7.936507936503673e-05,0.0,81.91191914810076,0.0,1.9802250151289953
2022-02-01 00:00:00+00:00,1032254.0116053118,7.936507936507983e-05,0.0,81.9184200940649,0.0,1.9944662378600237
2022-02-02 00:00:00+00:00,1032335.9365268678,7.936507936512737e-05,0.0,81.92492155597712,0.0,1.9894475020574656
2022-02-03 00:00:00+00:00,1032417.8679504016,7.936507936502693e-05,0.0,81.9314235338784,0.0,1.9980440814475244
2022-02-04 00:00:00+00:00,1032499.8058764294,7.93650793650772e-05,0.0,81.93792602780965,0.0,1.9974320343770775
2022-02-07 00:00:00+00:00,1032581.7503054673,7.936507936512566e-05,0.0,81.94442903781186,0.0,1.9947490524286642
2022-02-08 00:00:00+00:00,1032663.7012380313,7.93650793651327e-05,0.0,81.95093256392597,0.0,1.9913916194373948
2022-02-09 00:00:00+00:00,1032745.6586746374,7.936507936505863e-05,0.0,81.95743660619296,0.0,1.9836786585894535
2022-02-10 00:00:00+00:00,1032827.6226158021,7.936507936508927e-05,0.0,81.96394116465376,0.0,1.9801374789615562
2022-02-11 00:00:00+00:00,1032909.5930620414,7.936507936507221e-05,0.0,81.97044623934937,0.0,1.9842950604192064
2022-02-14 00:00:00+00:00,1032991.5700138718,7.93650793650805e-05,0.0,81.97695183032074,0.0,1.9955759256171053
2022-02-15 00:00:00+00:00,1033073.5534718094,7.936507936507447e-05,0.0,81.98345793760888,0.0,1.9904906652135015
2022-02-16 00:00:00+00:00,1033155.5434363707,7.936507936512715e-05,0.0,81.98996456125471,0.0,2.003191713505355
2022-02-17 00:00:00+00:00,1033237.539908072,7.936507936508617e-05,0.0,81.99647170129926,0.0,2.016149186277224
2022-02-18 00:00:00+00:00,1033319.5428874297,7.936507936502457e-05,0.0,82.00297935778349,0.0,2.006300952535363
2022-02-22 00:00:00+00:00,1033401.5523749605,7.9365079365128e-05,0.0,82.00948753074839,0.0,2.0137946067227728
2022-02-23 00:00:00+00:00,1033483.5683711808,7.936507936513146e-05,0.0,82.01599622023497,0.0,2.0076020481011216
2022-02-24 00:00:00+00:00,1033565.5908766071,7.936507936510795e-05,0.0,82.02250542628418,0.0,2.0284517205935866
2022-02-25 00:00:00+00:00,1033647.6198917561,7.936507936513043e-05,0.0,82.02901514893708,0.0,2.034517440746774
2022-02-28 00:00:00+00:00,1033729.6554171443,7.936507936504662e-05,0.0,82.03552538823462,0.0,2.0406754614896108
2022-03-01 00:00:00+00:00,1033811.6974532885,7.936507936504211e-05,0.0,82.0420361442178,0.0,2.032905727641581
2022-03-02 00:00:00+00:00,1033893.7460007054,7.936507936507721e-05,0.0,82.04854741692766,0.0,2.0399458330216325
2022-03-03 00:00:00+00:00,1033975.8010599118,7.936507936511224e-05,0.0,82.05505920640519,0.0,2.049164104908364
2022-03-04 00:00:00+00:00,1034057.8626314246,7.936507936510754e-05,0.0,82.06157151269142,0.0,2.0511727999977865
2022-03-07 00:00:00+00:00,1034139.9307157603,7.936507936502345e-05,0.0,82.06808433582735,0.0,2.05330550623804
2022-03-08 00:00:00+00:00,1034222.0053134362,7.936507936504548e-05,0.0,82.074597675854,0.0,2.0510182604345575
2022-03-09 00:00:00+00:00,1034304.086424969,7.936507936513393e-05,0.0,82.08111153281239,0.0,2.048757125923815
2022-03-10 00:00:00+00:00,1034386.1740508757,7.936507936502399e-05,0.0,82.08762590674357,0.0,2.054066085219229
2022-03-11 00:00:00+00:00,1034468.2681916734,7.936507936512626e-05,0.0,82.09414079768855,0.0,2.054439563592626
2022-03-14 00:00:00+00:00,1034550.3688478791,7.936507936506339e-05,0.0,82.10065620568837,0.0,2.050936919365097
2022-03-15 00:00:00+00:00,1034632.47602001,7.936507936513334e-05,0.0,82.10717213078405,0.0,2.045574921089617
2022-03-16 00:00:00+00:00,1034714.589708583,7.936507936507138e-05,0.0,82.11368857301666,0.0,2.029947996488783
2022-03-17 00:00:00+00:00,1034796.7099141154,7.93650793650629e-05,0.0,82.12020553242722,0.0,2.0199450653126925
2022-03-18 00:00:00+00:00,1034878.8366371244,7.936507936506821e-05,0.0,82.12672300905678,0.0,2.0176366074065464
2022-03-21 00:00:00+00:00,1034960.9698781273,7.936507936504765e-05,0.0,82.13324100294638,0.0,2.020045170263689
2022-03-22 00:00:00+00:00,1035043.1096376415,7.936507936507404e-05,0.0,82.13975951413708,0.0,2.0150447303641457
2022-03-23 00:00:00+00:00,1035125.2559161842,7.93650793651077e-05,0.0,82.14627854266996,0.0,2.0088326000443804
2022-03-24 00:00:00+00:00,1035207.4087142728,7.936507936510898e-05,0.0,82.15279808858604,0.0,2.013925651719216
2022-03-25 00:00:00+00:00,1035289.5680324247,7.936507936503818e-05,0.0,82.15931815192641,0.0,2.0170414799622063
2022-03-28 00:00:00+00:00,1035371.7338711574,7.93650793650806e-05,0.0,82.16583873273211,0.0,2.0189111254484633
2022-03-29 00:00:00+00:00,1035453.9062309884,7.936507936508407e-05,0.0,82.17235983104423,0.0,2.024255913959788
2022-03-30 00:00:00+00:00,1035536.0851124354,7.936507936512138e-05,0.0,82.17888144690384,0.0,2.0288161805678753
2022-03-31 00:00:00+00:00,1035618.2705160157,7.936507936504042e-05,0.0,82.18540358035202,0.0,2.039252321877824
2022-04-01 00:00:00+00:00,1035700.4624422471,7.93650793650264e-05,0.0,82.19192623142982,0.0,2.2378675487523703
2022-04-04 00:00:00+00:00,1035782.6608916472,7.936507936503963e-05,0.0,82.19844940017833,0.0,2.231578338060982
2022-04-05 00:00:00+00:00,1035864.8658647338,7.936507936504042e-05,0.0,82.20497308663867,0.0,2.2349137578320386
2022-04-06 00:00:00+00:00,1035947.0773620247,7.936507936510151e-05,0.0,82.2114972908519,0.0,2.232739271435954
2022-04-07 00:00:00+00:00,1036029.2953840375,7.936507936507084e-05,0.0,82.21802201285911,0.0,2.2254657626011736
2022-04-08 00:00:00+00:00,1036111.5199312903,7.93650793651335e-05,0.0,82.2245472527014,0.0,2.2412262399848055
2022-04-11 00:00:00+00:00,1036193.7510043007,7.936507936502507e-05,0.0,82.23107301041986,0.0,2.2393780149432856
2022-04-12 00:00:00+00:00,1036275.9886035867,7.936507936504302e-05,0.0,82.23759928605561,0.0,2.236357566380007
2022-04-13 00:00:00+00:00,1036358.2327296663,7.936507936503525e-05,0.0,82.24412607964973,0.0,2.2424632064959025
2022-04-14 00:00:00+00:00,1036440.4833830575,7.936507936507449e-05,0.0,82.25065339124336,0.0,2.232633423735232
2022-04-18 00:00:00+00:00,1036522.7405642784,7.936507936512103e-05,0.0,82.25718122087758,0.0,2.2437729971211353
2022-04-19 00:00:00+00:00,1036605.0042738471,7.936507936513519e-05,0.0,82.26370956859353,0.0,2.2378349147740453
2022-04-20 00:00:00+00:00,1036687.2745122815,7.936507936507735e-05,0.0,82.27023843443231,0.0,2.2365879029864466
2022-04-21 00:00:00+00:00,1036769.5512801,7.936507936513242e-05,0.0,82.27676781843505,0.0,2.2341365744589763
2022-04-22 00:00:00+00:00,1036851.8345778206,7.936507936503615e-05,0.0,82.28329772064286,0.0,2.228857667671498
2022-04-25 00:00:00+00:00,1036934.1244059617,7.936507936508575e-05,0.0,82.28982814109688,0.0,2.2284479004113003
2022-04-26 00:00:00+00:00,1037016.4207650416,7.936507936512924e-05,0.0,82.29635907983823,0.0,2.2289793243275637
2022-04-27 00:00:00+00:00,1037098.7236555786,7.936507936512696e-05,0.0,82.30289053690807,0.0,2.2271557229341425
2022-04-28 00:00:00+00:00,1037181.0330780909,7.936507936503925e-05,0.0,82.30942251234751,0.0,2.2359976427898807
2022-04-29 00:00:00+00:00,1037263.349033097,7.936507936505096e-05,0.0,82.31595500619768,0.0,2.225979115935728
2022-05-02 00:00:00+00:00,1037345.6715211156,7.93650793651224e-05,0.0,82.32248801849977,0.0,2.2257798457954823
2022-05-03 00:00:00+00:00,1037428.0005426649,7.936507936510163e-05,0.0,82.3290215492949,0.0,2.216222226247177
2022-05-04 00:00:00+00:00,1037510.3360982635,7.936507936506127e-05,0.0,82.3355555986242,0.0,2.2164941768880313
2022-05-05 00:00:00+00:00,1037592.67818843,7.936507936507385e-05,0.0,82.34209016652885,0.0,2.203820909297803
2022-05-06 00:00:00+00:00,1037675.0268136831,7.936507936509968e-05,0.0,82.34862525305,0.0,2.2138618572665036
2022-05-09 00:00:00+00:00,1037757.3819745413,7.93650793650991e-05,0.0,82.35516085822881,0.0,2.229345546048872
2022-05-10 00:00:00+00:00,1037839.7436715234,7.936507936503245e-05,0.0,82.36169698210645,0.0,2.2271701921786353
2022-05-11 00:00:00+00:00,1037922.1119051481,7.936507936508442e-05,0.0,82.36823362472408,0.0,2.225473607551517
2022-05-12 00:00:00+00:00,1038004.4866759343,7.936507936510316e-05,0.0,82.37477078612287,0.0,2.2330081306308496
2022-05-13 00:00:00+00:00,1038086.8679844006,7.936507936504901e-05,0.0,82.381308466344,0.0,2.218600705243559
2022-05-16 00:00:00+00:00,1038169.255831066,7.93650793651066e-05,0.0,82.38784666542863,0.0,2.2244223967154064
2022-05-17 00:00:00+00:00,1038251.6502164495,7.936507936512412e-05,0.0,82.39438538341794,0.0,2.2247325906559587
2022-05-18 00:00:00+00:00,1038334.0511410699,7.936507936506188e-05,0.0,82.40092462035314,0.0,2.2281571457971614
2022-05-19 00:00:00+00:00,1038416.4586054462,7.936507936510452e-05,0.0,82.40746437627539,0.0,2.235629984002578
2022-05-20 00:00:00+00:00,1038498.8726100974,7.936507936510021e-05,0.0,82.41400465122588,0.0,2.234564361658522
2022-05-23 00:00:00+00:00,1038581.2931555427,7.936507936512139e-05,0.0,82.42054544524582,0.0,2.2391754296972914
2022-05-24 00:00:00+00:00,1038663.7202423011,7.93650793651284e-05,0.0,82.4270867583764,0.0,2.2381793234155345
2022-05-25 00:00:00+00:00,1038746.1538708918,7.936507936508156e-05,0.0,82.43362859065881,0.0,2.234231554607301
2022-05-26 00:00:00+00:00,1038828.5940418339,7.936507936505332e-05,0.0,82.44017094213427,0.0,2.2370336434969285
2022-05-27 00:00:00+00:00,1038911.0407556468,7.936507936511607e-05,0.0,82.44671381284395,0.0,2.236620639716704
2022-05-31 00:00:00+00:00,1038993.4940128496,7.936507936511803e-05,0.0,82.4532572028291,0.0,2.2362626242720123
2022-06-01 00:00:00+00:00,1039075.9538139618,7.936507936513164e-05,0.0,82.45980111213092,0.0,2.22969567377429
2022-06-02 00:00:00+00:00,1039158.4201595027,7.93650793651172e-05,0.0,82.46634554079063,0.0,2.2373644828545767
2022-06-03 00:00:00+00:00,1039240.8930499915,7.936507936503508e-05,0.0,82.47289048884942,0.0,2.2301191070906805
2022-06-06 00:00:00+00:00,1039323.3724859478,7.936507936506963e-05,0.0,82.47943595634852,0.0,2.2291720313980066
2022-06-07 00:00:00+00:00,1039405.8584678911,7.93650793650692e-05,0.0,82.4859819433292,0.0,2.2290052422404547
2022-06-08 00:00:00+00:00,1039488.350996341,7.936507936510609e-05,0.0,82.49252844983263,0.0,2.2272412197103857
2022-06-09 00:00:00+00:00,1039570.8500718168,7.936507936502864e-05,0.0,82.49907547590007,0.0,2.2117557200466096
2022-06-10 00:00:00+00:00,1039653.3556948385,7.936507936513318e-05,0.0,82.50562302157276,0.0,2.190982710100173
2022-06-13 00:00:00+00:00,1039735.8678659253,7.936507936504406e-05,0.0,82.51217108689194,0.0,2.2035527630176412
2022-06-14 00:00:00+00:00,1039818.3865855972,7.936507936505757e-05,0.0,82.51871967189884,0.0,2.2021800690972198
2022-06-15 00:00:00+00:00,1039900.9118543739,7.936507936513401e-05,0.0,82.5252687766347,0.0,2.2178197262597488
2022-06-16 00:00:00+00:00,1039983.443672775,7.936507936512176e-05,0.0,82.53181840114078,0.0,2.2212688365672175
2022-06-17 00:00:00+00:00,1040065.9820413205,7.93650793650931e-05,0.0,82.53836854545834,0.0,2.2138717704908224
2022-06-21 00:00:00+00:00,1040148.5269605302,7.936507936512032e-05,0.0,82.54491920962862,0.0,2.2148476191140607
2022-06-22 00:00:00+00:00,1040231.0784309239,7.93650793650518e-05,0.0,82.55147039369287,0.0,2.214112137132672
2022-06-23 00:00:00+00:00,1040313.6364530216,7.936507936507175e-05,0.0,82.55802209769237,0.0,2.2272347048513055
2022-06-24 00:00:00+00:00,1040396.2010273432,7.936507936502854e-05,0.0,82.56457432166837,0.0,2.2394061642807173
2022-06-27 00:00:00+00:00,1040478.7721544089,7.936507936510635e-05,0.0,82.57112706566215,0.0,2.223096776546502
2022-06-28 00:00:00+00:00,1040561.3498347385,7.936507936504169e-05,0.0,82.577680329715,0.0,2.2254348412309426
2022-06-29 00:00:00+00:00,1040643.9340688525,7.936507936513057e-05,0.0,82.58423411386813,0.0,2.2344823205526136
2022-06-30 00:00:00+00:00,1040726.5248572706,7.936507936510952e-05,0.0,82.59078841816289,0.0,2.2397959591179593
2022-07-01 00:00:00+00:00,1040809.1222005133,7.936507936505081e-05,0.0,82.59734324264053,0.0,2.2867920265438553
2022-07-05 00:00:00+00:00,1040891.7260991005,7.93650793650266e-05,0.0,82.60389858734233,0.0,2.292981611468658
2022-07-06 00:00:00+00:00,1040974.3365535529,7.936507936510907e-05,0.0,82.61045445230957,0.0,2.2837829737221313
2022-07-07 00:00:00+00:00,1041056.9535643904,7.936507936503486e-05,0.0,82.61701083758356,0.0,2.283931774078277
2022-07-08 00:00:00+00:00,1041139.5771321337,7.936507936509982e-05,0.0,82.62356774320558,0.0,2.2804262103440127
2022-07-11 00:00:00+00:00,1041222.2072573028,7.93650793650406e-05,0.0,82.63012516921695,0.0,2.27654917034873
2022-07-12 00:00:00+00:00,1041304.8439404184,7.936507936504121e-05,0.0,82.63668311565895,0.0,2.277196024035044
2022-07-13 00:00:00+00:00,1041387.487182001,7.936507936506195e-05,0.0,82.6432415825729,0.0,2.2763898665889144
2022-07-14 00:00:00+00:00,1041470.136982571,7.936507936506316e-05,0.0,82.64980057000008,0.0,2.2468972027679532
2022-07-15 00:00:00+00:00,1041552.793342649,7.936507936511693e-05,0.0,82.65636007798183,0.0,2.2558245435964985
2022-07-18 00:00:00+00:00,1041635.4562627556,7.936507936507184e-05,0.0,82.66292010655944,0.0,2.2738855353044682
2022-07-19 00:00:00+00:00,1041718.1257434114,7.936507936511177e-05,0.0,82.66948065577425,0.0,2.301016979083625
2022-07-20 00:00:00+00:00,1041800.801785137,7.936507936508526e-05,0.0,82.67604172566757,0.0,2.3088726757115565
2022-07-21 00:00:00+00:00,1041883.4843884533,7.936507936506443e-05,0.0,82.68260331628072,0.0,2.317585489509202
2022-07-22 00:00:00+00:00,1041966.173553881,7.936507936512134e-05,0.0,82.68916542765503,0.0,2.3110462337820845
2022-07-25 00:00:00+00:00,1042048.8692819409,7.936507936510456e-05,0.0,82.69572805983182,0.0,2.3090989303367224
2022-07-26 00:00:00+00:00,1042131.5715731537,7.93650793650862e-05,0.0,82.70229121285244,0.0,2.3151303654741353
2022-07-27 00:00:00+00:00,1042214.2804280404,7.936507936502655e-05,0.0,82.70885488675823,0.0,2.3123946799706663
2022-07-28 00:00:00+00:00,1042296.995847122,7.93650793651094e-05,0.0,82.71541908159051,0.0,2.3229952762918997
2022-07-29 00:00:00+00:00,1042379.7178309194,7.936507936507161e-05,0.0,82.72198379739064,0.0,2.3244660203909553
2022-08-01 00:00:00+00:00,1042462.4463799536,7.936507936509697e-05,0.0,82.72854903419996,0.0,2.3172455167197517
2022-08-02 00:00:00+00:00,1042545.1814947457,7.936507936503409e-05,0.0,82.73511479205982,0.0,2.316324438989667
2022-08-03 00:00:00+00:00,1042627.9231758167,7.936507936506665e-05,0.0,82.74168107101156,0.0,2.315691286926898
2022-08-04 00:00:00+00:00,1042710.6714236877,7.936507936504333e-05,0.0,82.74824787109657,0.0,2.3094743458936287
2022-08-05 00:00:00+00:00,1042793.42623888,7.936507936503612e-05,0.0,82.75481519235616,0.0,2.3111418211276473
2022-08-08 00:00:00+00:00,1042876.1876219149,7.936507936511697e-05,0.0,82.76138303483175,0.0,2.3092327957917216
2022-08-09 00:00:00+00:00,1042958.9555733135,7.936507936513456e-05,0.0,82.76795139856468,0.0,2.3160479689948383
2022-08-10 00:00:00+00:00,1043041.7300935971,7.936507936504928e-05,0.0,82.77452028359632,0.0,2.3240055955410663
2022-08-11 00:00:00+00:00,1043124.511183287,7.936507936504467e-05,0.0,82.78108968996803,0.0,2.3219295397737736
2022-08-12 00:00:00+00:00,1043207.2988429047,7.936507936508106e-05,0.0,82.78765961772119,0.0,2.317922899041078
2022-08-15 00:00:00+00:00,1043290.0930729717,7.936507936511879e-05,0.0,82.7942300668972,0.0,2.322272709311499
2022-08-16 00:00:00+00:00,1043372.8938740093,7.936507936511817e-05,0.0,82.80080103753744,0.0,2.318393088560833
2022-08-17 00:00:00+00:00,1043455.7012465389,7.936507936503955e-05,0.0,82.80737252968328,0.0,2.3196507250430805
2022-08-18 00:00:00+00:00,1043538.5151910823,7.936507936506642e-05,0.0,82.81394454337611,0.0,2.320826189006991
2022-08-19 00:00:00+00:00,1043621.3357081609,7.936507936504753e-05,0.0,82.82051707865732,0.0,2.3209492294995955
2022-08-22 00:00:00+00:00,1043704.1627982964,7.93650793650548e-05,0.0,82.82709013556833,0.0,2.3179034840833226
2022-08-23 00:00:00+00:00,1043786.9964620105,7.93650793650485e-05,0.0,82.8336637141505,0.0,2.305681135935669
2022-08-24 00:00:00+00:00,1043869.836699825,7.936507936510056e-05,0.0,82.84023781444529,0.0,2.311862530295427
2022-08-25 00:00:00+00:00,1043952.6835122615,7.936507936505973e-05,0.0,82.84681243649405,0.0,2.3134561255654598
2022-08-26 00:00:00+00:00,1044035.5368998419,7.936507936510942e-05,0.0,82.85338758033821,0.0,2.307918009642124
2022-08-29 00:00:00+00:00,1044118.3968630879,7.936507936509845e-05,0.0,82.85996324601919,0.0,2.3163934359388745
2022-08-30 00:00:00+00:00,1044201.2634025215,7.936507936509862e-05,0.0,82.86653943357841,0.0,2.3236312166165005
2022-08-31 00:00:00+00:00,1044284.1365186645,7.936507936507031e-05,0.0,82.87311614305726,0.0,2.3044690631063105
2022-09-01 00:00:00+00:00,1044367.016212039,7.936507936508531e-05,0.0,82.87969337449718,0.0,2.3072616691103938
2022-09-02 00:00:00+00:00,1044449.902483167,7.936507936510396e-05,0.0,82.88627112793961,0.0,2.2990266327906888
2022-09-06 00:00:00+00:00,1044532.7953325704,7.936507936508659e-05,0.0,82.89284940342596,0.0,2.2972885431545578
2022-09-07 00:00:00+00:00,1044615.6947607715,7.936507936510499e-05,0.0,82.89942820099765,0.0,2.2906974004804694
2022-09-08 00:00:00+00:00,1044698.6007682922,7.936507936511948e-05,0.0,82.90600752069615,0.0,2.2925035457158027
2022-09-09 00:00:00+00:00,1044781.5133556548,7.936507936509041e-05,0.0,82.91258736256287,0.0,2.297741819384563
2022-09-12 00:00:00+00:00,1044864.4325233814,7.936507936508954e-05,0.0,82.91916772663927,0.0,2.296196981776598
2022-09-13 00:00:00+00:00,1044947.3582719944,7.936507936507721e-05,0.0,82.92574861296679,0.0,2.283386294026752
2022-09-14 00:00:00+00:00,1045030.290602016,7.936507936512515e-05,0.0,82.93233002158685,0.0,2.278347971414997
2022-09-15 00:00:00+00:00,1045113.2295139686,7.936507936508228e-05,0.0,82.93891195254095,0.0,2.2821532678800116
2022-09-16 00:00:00+00:00,1045196.1750083745,7.936507936513176e-05,0.0,82.94549440587052,0.0,2.27286232007184
2022-09-19 00:00:00+00:00,1045279.1270857562,7.936507936512249e-05,0.0,82.95207738161703,0.0,2.2728316215956035
2022-09-20 00:00:00+00:00,1045362.085746636,7.93650793651262e-05,0.0,82.95866087982192,0.0,2.26585199778638
2022-09-21 00:00:00+00:00,1045445.0509915366,7.936507936510323e-05,0.0,82.96524490052667,0.0,2.260244651812382
2022-09-22 00:00:00+00:00,1045528.0228209804,7.936507936512528e-05,0.0,82.97182944377275,0.0,2.254757658116459
2022-09-23 00:00:00+00:00,1045611.00123549,7.936507936504132e-05,0.0,82.97841450960162,0.0,2.248944465985343
2022-09-26 00:00:00+00:00,1045693.986235588,7.936507936503438e-05,0.0,82.98500009805475,0.0,2.2460300092625864
2022-09-27 00:00:00+00:00,1045776.9778217971,7.93650793650648e-05,0.0,82.99158620917365,0.0,2.2299253674140864
2022-09-28 00:00:00+00:00,1045859.9759946401,7.936507936509286e-05,0.0,82.99817284299978,0.0,2.2491750683780087
2022-09-29 00:00:00+00:00,1045942.9807546397,7.936507936507893e-05,0.0,83.00475999957462,0.0,2.247903876068734
2022-09-30 00:00:00+00:00,1046025.9921023187,7.936507936509465e-05,0.0,83.01134767893966,0.0,2.244986878510077
2022-10-03 00:00:00+00:00,1046109.0100381998,7.936507936510033e-05,0.0,83.01793588113641,0.0,2.313477756222944
2022-10-04 00:00:00+00:00,1046192.034562806,7.936507936505633e-05,0.0,83.02452460620634,0.0,2.3289794477940577
2022-10-05 00:00:00+00:00,1046275.0656766602,7.936507936503426e-05,0.0,83.03111385419095,0.0,2.3096656782969394
2022-10-06 00:00:00+00:00,1046358.1033802853,7.936507936510572e-05,0.0,83.03770362513175,0.0,2.3228714207508743
2022-10-07 00:00:00+00:00,1046441.1476742044,7.936507936511977e-05,0.0,83.04429391907027,0.0,2.331906263759084
2022-10-10 00:00:00+00:00,1046524.1985589404,7.936507936503673e-05,0.0,83.05088473604798,0.0,2.333109254737296
2022-10-11 00:00:00+00:00,1046607.2560350165,7.936507936503947e-05,0.0,83.05747607610638,0.0,2.326835331452397
2022-10-12 00:00:00+00:00,1046690.3201029558,7.93650793650883e-05,0.0,83.06406793928703,0.0,2.332601361326586
2022-10-13 00:00:00+00:00,1046773.3907632814,7.936507936503228e-05,0.0,83.07066032563141,0.0,2.3465972390948404
2022-10-14 00:00:00+00:00,1046856.4680165165,7.936507936505427e-05,0.0,83.07725323518106,0.0,2.364147442619869
2022-10-17 00:00:00+00:00,1046939.5518631845,7.936507936511452e-05,0.0,83.0838466679775,0.0,2.3704192772141663
2022-10-18 00:00:00+00:00,1047022.6423038086,7.936507936506218e-05,0.0,83.09044062406227,0.0,2.3697552291543365
2022-10-19 00:00:00+00:00,1047105.7393389121,7.936507936508e-05,0.0,83.09703510347687,0.0,2.3804422454268073
2022-10-20 00:00:00+00:00,1047188.8429690184,7.936507936512829e-05,0.0,83.10363010626287,0.0,2.3843876213707538
2022-10-21 00:00:00+00:00,1047271.9531946508,7.936507936505619e-05,0.0,83.11022563246178,0.0,2.402642520049518
2022-10-24 00:00:00+00:00,1047355.0700163329,7.93650793650464e-05,0.0,83.11682168211514,0.0,2.4104820888749767
2022-10-25 00:00:00+00:00,1047438.1934345881,7.936507936505925e-05,0.0,83.12341825526451,0.0,2.4182454322296483
2022-10-26 00:00:00+00:00,1047521.3234499401,7.936507936505505e-05,0.0,83.13001535195144,0.0,2.4224504064547494
2022-10-27 00:00:00+00:00,1047604.4600629123,7.936507936510529e-05,0.0,83.13661297221746,0.0,2.41696550554079
2022-10-28 00:00:00+00:00,1047687.6032740284,7.936507936505914e-05,0.0,83.14321111610415,0.0,2.4233757716851745
2022-10-31 00:00:00+00:00,1047770.7530838121,7.936507936509922e-05,0.0,83.14980978365304,0.0,2.4328920782992056
2022-11-01 00:00:00+00:00,1047853.909492787,7.93650793650747e-05,0.0,83.15640897490572,0.0,2.431025096203139
2022-11-02 00:00:00+00:00,1047937.0725014769,7.936507936505707e-05,0.0,83.16300868990373,0.0,2.4340563667104216
2022-11-03 00:00:00+00:00,1048020.2421104056,7.936507936511773e-05,0.0,83.16960892868865,0.0,2.4320348416931847
2022-11-04 00:00:00+00:00,1048103.4183200969,7.936507936510591e-05,0.0,83.17620969130203,0.0,2.4446018158497522
2022-11-07 00:00:00+00:00,1048186.6011310747,7.936507936509305e-05,0.0,83.18281097778546,0.0,2.455716800599843
2022-11-08 00:00:00+00:00,1048269.7905438629,7.936507936503948e-05,0.0,83.18941278818053,0.0,2.459681126901752
2022-11-09 00:00:00+00:00,1048352.9865589854,7.936507936512765e-05,0.0,83.19601512252879,0.0,2.471734400396333
2022-11-10 00:00:00+00:00,1048436.1891769663,7.936507936509576e-05,0.0,83.20261798087186,0.0,2.4660210452015696
2022-11-11 00:00:00+00:00,1048519.3983983296,7.936507936512626e-05,0.0,83.2092213632513,0.0,2.4687594416986696
2022-11-14 00:00:00+00:00,1048602.6142235994,7.936507936517946e-05,0.0,83.2158252697087,0.0,2.4690794713056046
2022-11-15 00:00:00+00:00,1048685.8366532996,7.936507936499365e-05,0.0,83.22242970028567,0.0,2.4641142130268907
2022-11-16 00:00:00+00:00,1048769.0656879547,7.93650793650843e-05,0.0,83.22903465502378,0.0,2.4706625187868494
2022-11-17 00:00:00+00:00,1048852.3013280886,7.936507936507865e-05,0.0,83.23564013396465,0.0,2.468330698127762
2022-11-18 00:00:00+00:00,1048935.5435742259,7.936507936515903e-05,0.0,83.24224613714989,0.0,2.4653116843759966
2022-11-21 00:00:00+00:00,1049018.7924268905,7.93650793650638e-05,0.0,83.2488526646211,0.0,2.4692266331159702
2022-11-22 00:00:00+00:00,1049102.0478866068,7.936507936497531e-05,0.0,83.25545971641988,0.0,2.4740413182161665
2022-11-23 00:00:00+00:00,1049185.3099538994,7.93650793650758e-05,0.0,83.26206729258784,0.0,2.477745770667989
2022-11-25 00:00:00+00:00,1049268.5786292925,7.936507936510365e-05,0.0,83.26867539316662,0.0,2.476515360068908
2022-11-28 00:00:00+00:00,1049351.8539133107,7.93650793650192e-05,0.0,83.27528401819782,0.0,2.4680438565611382
2022-11-29 00:00:00+00:00,1049435.1358064783,7.936507936500472e-05,0.0,83.28189316772307,0.0,2.461281949466622
2022-11-30 00:00:00+00:00,1049518.42430932,7.93650793650205e-05,0.0,83.288502841784,0.0,2.451908601062381
2022-12-01 00:00:00+00:00,1049601.7194223604,7.936507936502688e-05,0.0,83.29511304042222,0.0,2.445959836263461
2022-12-02 00:00:00+00:00,1049685.021146124,7.936507936498419e-05,0.0,83.3017237636794,0.0,2.4434022966105577
2022-12-05 00:00:00+00:00,1049768.3294811356,7.93650793650746e-05,0.0,83.30833501159714,0.0,2.441751816044005
2022-12-06 00:00:00+00:00,1049851.6444279198,7.93650793650366e-05,0.0,83.31494678421711,0.0,2.438146281382622
2022-12-07 00:00:00+00:00,1049934.9659870013,7.936507936505233e-05,0.0,83.32155908158093,0.0,2.4331441625882007
2022-12-08 00:00:00+00:00,1050018.294158905,7.936507936508213e-05,0.0,83.32817190373027,0.0,2.4124537766916885
2022-12-09 00:00:00+00:00,1050101.6289441558,7.936507936508632e-05,0.0,83.33478525070674,0.0,2.4092440742423586
2022-12-12 00:00:00+00:00,1050184.9703432783,7.936507936502524e-05,0.0,83.34139912255205,0.0,2.4062193458630743
2022-12-13 00:00:00+00:00,1050268.3183567976,7.936507936508095e-05,0.0,83.3480135193078,0.0,2.406476805715207
2022-12-14 00:00:00+00:00,1050351.6729852385,7.936507936499206e-05,0.0,83.35462844101568,0.0,2.403667561030166
2022-12-15 00:00:00+00:00,1050435.0342291263,7.936507936516229e-05,0.0,83.36124388771734,0.0,2.3986997089959408
2022-12-16 00:00:00+00:00,1050518.4020889858,7.93650793651086e-05,0.0,83.36785985945447,0.0,2.3953080415815466
2022-12-19 00:00:00+00:00,1050601.776565342,7.936507936501301e-05,0.0,83.37447635626872,0.0,2.401326513379219
2022-12-20 00:00:00+00:00,1050685.1576587202,7.93650793650575e-05,0.0,83.38109337820174,0.0,2.4031983354945305
2022-12-21 00:00:00+00:00,1050768.5453696453,7.936507936498076e-05,0.0,83.38771092529525,0.0,2.4075397715726803
2022-12-22 00:00:00+00:00,1050851.939698643,7.936507936518631e-05,0.0,83.3943289975909,0.0,2.398149203378117
2022-12-23 00:00:00+00:00,1050935.340646238,7.936507936496971e-05,0.0,83.4009475951304,0.0,2.4001714344554985
2022-12-27 00:00:00+00:00,1051018.7482129561,7.936507936517762e-05,0.0,83.4075667179554,0.0,2.399334040589296
2022-12-28 00:00:00+00:00,1051102.1623993223,7.936507936510564e-05,0.0,83.41418636610763,0.0,2.4004059592157483
2022-12-29 00:00:00+00:00,1051185.583205862,7.936507936515725e-05,0.0,83.42080653962876,0.0,2.402073828368929
2022-12-30 00:00:00+00:00,1051269.0106331005,7.93650793650712e-05,0.0,83.42742723856047,0.0,2.403610218423833
2023-01-03 00:00:00+00:00,1051352.4446815634,7.93650793650294e-05,0.0,83.43404846294449,0.0,2.3114274833707347
2023-01-04 00:00:00+00:00,1051435.8853517761,7.936507936499211e-05,0.0,83.4406702128225,0.0,2.311231227643214
2023-01-05 00:00:00+00:00,1051519.3326442644,7.936507936514115e-05,0.0,83.4472924882362,0.0,2.3016908677485812
2023-01-06 00:00:00+00:00,1051602.7865595536,7.936507936499394e-05,0.0,83.45391528922734,0.0,2.2982644174568785
2023-01-09 00:00:00+00:00,1051686.2470981695,7.936507936517511e-05,0.0,83.46053861583759,0.0,2.310468961277205
2023-01-10 00:00:00+00:00,1051769.7142606375,7.936507936498074e-05,0.0,83.4671624681087,0.0,2.3152921678883334
2023-01-11 00:00:00+00:00,1051853.1880474836,7.936507936503539e-05,0.0,83.47378684608235,0.0,2.325636778292444
2023-01-12 00:00:00+00:00,1051936.6684592334,7.936507936507796e-05,0.0,83.48041174980028,0.0,2.333547639717192
2023-01-13 00:00:00+00:00,1052020.1554964127,7.93650793650688e-05,0.0,83.48703717930424,0.0,2.328903703799439
2023-01-17 00:00:00+00:00,1052103.6491595474,7.936507936518955e-05,0.0,83.49366313463592,0.0,2.2182357629433396
2023-01-18 00:00:00+00:00,1052408.8466698122,0.0002900831210961154,0.25,62.625217211877825,0.0,2.224169285397069
2023-01-19 00:00:00+00:00,1056065.5608107343,0.003474613647056636,0.24992750025067953,62.64943923650201,6.295180281854142,2.2490243791287403
2023-01-20 00:00:00+00:00,1049818.4281440054,-0.005915478071203311,0.24906210565939074,62.93965464451171,5.8712313157702525,2.2054960985152197
2023-01-23 00:00:00+00:00,1051864.9467305741,0.0019494024220805951,0.2505441943469172,62.44385046461258,6.061642040217805,2.2192959228517486
2023-01-24 00:00:00+00:00,1053851.929745473,0.001889009631012819,0.2500567331456655,62.60627257465772,6.146112131392025,2.2325748436876753
2023-01-25 00:00:00+00:00,1053627.3303732674,-0.00021312232379723658,0.24958526417787463,62.76396963933223,6.140979398373675,2.230605637033626
2023-01-26 00:00:00+00:00,1055082.2914293464,0.001380906715435684,0.2496384677082218,62.7461442923318,6.284434802856563,2.2399748982321426
2023-01-27 00:00:00+00:00,1054250.689061516,-0.0007881872102164374,0.2492942156517091,62.8616173920206,6.229216870723915,2.23394937249355
2023-01-30 00:00:00+00:00,1056939.532119794,0.0025504778760653867,0.24949086115753932,62.79561720409756,6.407588091533834,2.251725547261282
2023-01-31 00:00:00+00:00,1058857.3526982472,0.0018145035928467518,0.2488561590296117,63.009017446818035,6.597330405500678,2.263676076553273
2023-02-01 00:00:00+00:00,1057733.8646033998,-0.0010610381955458619,0.24840542649076158,63.161225429234946,6.540335500070174,2.2557015745238416
2023-02-02 00:00:00+00:00,1057634.6102272563,-9.383681421665139e-05,0.2486692740886283,63.07205970742166,6.5707492317467775,2.254430797942319
2023-02-03 00:00:00+00:00,1058248.7606103786,0.0005806829477623671,0.24869261061092723,63.064182375981694,6.629143478250217,2.257946452723157
2023-02-06 00:00:00+00:00,1059525.2499433137,0.0012062280443388552,0.248548282861374,63.1129244698803,6.696566652053251,2.265998484561123
2023-02-07 00:00:00+00:00,1060276.7677230423,0.0007092967154570766,0.24824883815082197,63.21423314709737,6.765098109611675,2.2703311306558023
2023-02-08 00:00:00+00:00,1061215.5535616428,0.0008854158340341035,0.24807288087122603,63.2738774153298,6.8244309838762005,2.2760479872816295
2023-02-09 00:00:00+00:00,1059291.6369846954,-0.001812936655979349,0.24785342752197845,63.34838422791714,6.635538624251421,2.263634843366776
2023-02-10 00:00:00+00:00,1060624.796214196,0.0012585384260139433,0.24830358619520285,63.19569243609592,6.73762795807653,2.271860372372669
2023-02-13 00:00:00+00:00,1060309.5914144116,-0.0002971878471156269,0.24799147938906765,63.301498724151514,6.758155954453004,2.2690258287424485
2023-02-14 00:00:00+00:00,1057856.8467226338,-0.0023132344662711917,0.24806520135220184,63.27648247020037,6.599097310381386,2.2527070103648508
2023-02-15 00:00:00+00:00,1059005.2831681438,0.0010856255731274108,0.24864036481379534,63.08182019307515,6.692260376704628,2.2596571348005168
2023-02-16 00:00:00+00:00,1058757.8039856993,-0.00023369022457012546,0.24837072720072997,63.172965942718804,6.609313963623507,2.2580743840596043
2023-02-17 00:00:00+00:00,1058111.3351595479,-0.000610591793248482,0.24842878257872048,63.153324737762894,6.569174921409204,2.2534384204275404
2023-02-21 00:00:00+00:00,1057423.7300447135,-0.0006498419324944688,0.24858056383095675,63.10201768806834,6.4371587225268465,2.2489647994047073
2023-02-22 00:00:00+00:00,1057763.489374718,0.0003213085921479054,0.2487422069474124,63.04744585355767,6.446646264626638,2.2509063589884812
2023-02-23 00:00:00+00:00,1058124.8481749466,0.0003416253291577471,0.2486623096107911,63.07441087974849,6.495660104913072,2.252764558916615
2023-02-24 00:00:00+00:00,1058564.1510585432,0.00041517112498996183,0.2485773892783577,63.103090149607915,6.518014166443736,2.2553226936476474
2023-02-27 00:00:00+00:00,1061135.9008253713,0.0024294699232505915,0.2484742299527772,63.137955457829875,6.678684324842214,2.2720625025311394
2023-02-28 00:00:00+00:00,1055750.656692437,-0.005074980620998336,0.24787203230547605,63.342062582181306,6.22077984741481,2.236157277755891
2023-03-01 00:00:00+00:00,1053151.156695257,-0.002462229107509091,0.2491363946804648,62.914662254170636,6.018357033963516,2.2180130483423284
2023-03-02 00:00:00+00:00,1054344.3530656951,0.0011329773156043487,0.24975133969871036,62.70835273058493,6.102451870486229,2.2258114252820342
2023-03-03 00:00:00+00:00,1055458.3853742566,0.0010566114432369708,0.24946869732368923,62.80305085522288,6.272695029644848,2.2328306377831435
2023-03-06 00:00:00+00:00,1055057.4149664785,-0.000379901674319432,0.24920538406317183,62.89146611780713,6.233319924988748,2.2297786929876318
2023-03-07 00:00:00+00:00,1053326.590884164,-0.0016405022681817696,0.2493000935861332,62.859643069570765,6.0165848158124815,2.21766218679823
2023-03-08 00:00:00+00:00,1054928.2294938324,0.0015205527170106424,0.24970974298588863,62.72227607891088,6.12545797854549,2.2282603320856422
2023-03-09 00:00:00+00:00,1056769.0071004473,0.0017449316030703748,0.2493306226302143,62.849390254281396,6.12382855987838,2.241141904755785
2023-03-10 00:00:00+00:00,1052541.0416818613,-0.004000841612668688,0.24889631558326528,62.99548371512385,5.7283520094492575,2.2108772155170513
2023-03-13 00:00:00+00:00,1050834.5828124648,-0.0016212753724735673,0.24989611034035905,62.659930904124955,5.512762667079421,2.197835140358462
2023-03-14 00:00:00+00:00,1051206.5060093056,0.00035393124943164633,0.25030191867679263,62.52449766052206,5.589703175189544,2.2002579158081352
2023-03-15 00:00:00+00:00,1052666.785146287,0.0013891458325586338,0.2502133603495396,62.554015374557046,5.521186541195089,2.2109404642895703
2023-03-16 00:00:00+00:00,1051855.6294957858,-0.0007705720955073307,0.24986625967621337,62.66991054415874,5.5099428658346135,2.204215692575942
2023-03-17 00:00:00+00:00,1050608.2520085243,-0.0011858827887430575,0.25005894812386953,62.605533111579284,5.300222221283927,2.19423668086824
2023-03-20 00:00:00+00:00,1051109.8429581383,0.0004774290975300629,0.25035584080654333,62.506534898304544,5.392786529958206,2.1976784258063056
2023-03-21 00:00:00+00:00,1050648.5080820157,-0.0004389026315502069,0.25023637068191945,62.54634370382948,5.470802593919503,2.1938681305593244
2023-03-22 00:00:00+00:00,1050731.0887869045,7.859974506559539e-05,0.25034624830910107,62.50972982477213,5.458697634473431,2.194027705170248
2023-03-23 00:00:00+00:00,1053679.2405435054,0.002805809962285077,0.25032657270430336,62.51628384896965,5.599172812949083,2.215918972337015
2023-03-24 00:00:00+00:00,1055020.767544838,0.0012731834791017706,0.24962616911216137,62.75026414711258,5.62090545734371,2.2261435265390497
2023-03-27 00:00:00+00:00,1056931.459586501,0.0018110468537120847,0.24930875332623095,62.85673454404373,5.798954991443515,2.2398033021194377
2023-03-28 00:00:00+00:00,1056165.9847975902,-0.0007242426005657765,0.24885805972015387,63.00837676957254,5.7420603682373255,2.2335786281687424
2023-03-29 00:00:00+00:00,1055644.4945658324,-0.0004937578366128617,0.24903842395596054,62.947624802198675,5.736615458802502,2.228925660031064
2023-03-30 00:00:00+00:00,1055594.7691486508,-4.710432104519033e-05,0.24916144937417087,62.90623668856711,5.73538815129728,2.228078078701425
2023-03-31 00:00:00+00:00,1056194.7530097126,0.0005683846477807372,0.24917318650794398,62.90229022688603,5.839966647486955,2.231647020683606
2023-04-03 00:00:00+00:00,1057177.3535775037,0.0009303213872168417,0.24903164074653203,62.94990799363696,5.8805761923685065,2.309736414430515
2023-04-04 00:00:00+00:00,1058221.2446084246,0.0009874322670537347,0.2488001766210781,63.02789216568388,5.8817409797622116,2.3174314433423877
2023-04-05 00:00:00+00:00,1058752.8702750043,0.0005023766715025795,0.2485547456450988,63.11074066020141,5.873560187354782,2.3213252143132763
2023-04-06 00:00:00+00:00,1058967.2500424704,0.00020248329282962878,0.24842994023862014,63.15293317342202,5.901689518138754,2.322347911790935
2023-04-10 00:00:00+00:00,1060427.8766973617,0.0013792935096271562,0.2483796475097205,63.169947440681234,6.005818909821867,2.3327641567302306
2023-04-11 00:00:00+00:00,1060533.808916459,9.989573211457836e-05,0.2480375309531329,63.285870191069435,6.05742457227059,2.332586153345523
2023-04-12 00:00:00+00:00,1061387.9632060928,0.0008054003393879713,0.24801275553734475,63.294277510045404,6.1176213872558804,2.3383873752608153
2023-04-13 00:00:00+00:00,1061767.314113246,0.0003574102216189891,0.24781316672875658,63.36206753303222,6.162667002855915,2.3404683457470363
2023-04-14 00:00:00+00:00,1062294.7307158024,0.0004967346381319359,0.2477246274147718,63.39217474788565,6.246202663292359,2.343259351673153
2023-04-17 00:00:00+00:00,1061043.8613040883,-0.0011775163479077724,0.24760163510615646,63.434033208406,6.252382700342721,2.3330005099788655
2023-04-18 00:00:00+00:00,1056587.3694860465,-0.004200101410100494,0.2478935337947404,63.33475785826995,5.9178151539655985,2.30104637032042
2023-04-19 00:00:00+00:00,1057729.7376136587,0.001081186620816643,0.24893910327342827,62.98106803144124,6.0001377723372755,2.3087874629625325
2023-04-20 00:00:00+00:00,1059112.1209262758,0.0013069343363040801,0.24867024433226104,63.07173216855332,6.099218349274245,2.3181842053206907
2023-04-21 00:00:00+00:00,1059109.0998370638,-2.852473456158207e-06,0.24834567284514716,63.181445129872145,6.133788982218828,2.3176092738219327
2023-04-24 00:00:00+00:00,1061644.9264630107,0.002394301612871637,0.2483463812466076,63.18120536088706,6.289664179199425,2.33509798332906
2023-04-25 00:00:00+00:00,1061953.2988325292,0.0002904665786383784,0.24775318539522176,63.38246144231142,6.248878124665096,2.3373818127781827
2023-04-26 00:00:00+00:00,1060459.432167861,-0.0014067159698177049,0.24768124227218605,63.40693543989225,6.129590679938257,2.326419016456236
2023-04-27 00:00:00+00:00,1059638.674088398,-0.0007739646181326049,0.2480301502455327,63.28837459349001,6.134008009131218,2.3198107247505906
2023-04-28 00:00:00+00:00,1062083.8731394927,0.0023075781498804768,0.2482222654964597,63.2232350633739,6.289561798463458,2.3366981194760283
2023-05-01 00:00:00+00:00,1062946.1094559687,0.0008118344871646236,0.24765079194017794,63.41729848012745,6.292733915810944,2.3429095703678766
2023-05-02 00:00:00+00:00,1061935.5048451251,-0.0009507580881601101,0.24744990357461052,63.485729933816025,6.140375740498529,2.3360858819886934
2023-05-03 00:00:00+00:00,1062395.982931936,0.00043362151911282876,0.24768539246481555,63.40552321866971,6.103627842544102,2.3398034748601586
2023-05-04 00:00:00+00:00,1061706.3625101366,-0.0006491180622654397,0.24757803730018246,63.442069098575324,5.975207270331802,2.3352307379138217
2023-05-05 00:00:00+00:00,1061828.995401911,0.00011550546940726237,0.24773884906183335,63.38733731906745,6.062503737347548,2.334696002323559
2023-05-08 00:00:00+00:00,1061758.8956579766,-6.601792213049795e-05,0.24771023717461152,63.39707008825588,6.034055376488626,2.3339796780073883
2023-05-09 00:00:00+00:00,1061142.4206799343,-0.0005806167299971323,0.2477265915694434,63.39150661651506,5.981718225324162,2.329033574643257
2023-05-10 00:00:00+00:00,1061057.010670865,-8.048873309073931e-05,0.24787050933403565,63.34258003095615,5.944413528856875,2.3282590571748423
2023-05-11 00:00:00+00:00,1061889.7375027502,0.0007848087553361405,0.24789046172324503,63.335801458807786,5.96508404565552,2.334488640332128
2023-05-12 00:00:00+00:00,1061501.3901129772,-0.0003657134785823224,0.24769606768066693,63.40189088990979,5.917479056735664,2.3313283268982694
2023-05-15 00:00:00+00:00,1061923.4639519067,0.00039761967611223845,0.2477866866117741,63.37106966849923,5.966281002829933,2.3337880609515906
2023-05-16 00:00:00+00:00,1062826.9714173481,0.0008508216421540501,0.24768820090955163,63.40456759222379,5.997913089841633,2.340558561466832
2023-05-17 00:00:00+00:00,1064334.2787432468,0.001418205753556083,0.24747764157614938,63.4762745339255,6.189378530103183,2.3499965284609527
2023-05-18 00:00:00+00:00,1063832.1073967249,-0.00047181731956889926,0.24712716440972352,63.595902099473015,6.1697909809376945,2.3455902290427972
2023-05-19 00:00:00+00:00,1064651.9705007682,0.0007706696370065017,0.24724381832536577,63.55604723070143,6.143224630747758,2.3525044779217255
2023-05-22 00:00:00+00:00,1064609.3092529941,-4.007060425010175e-05,0.247053421754501,63.62111573102233,6.135658401817892,2.351765443728203
2023-05-23 00:00:00+00:00,1063272.902680888,-0.00125530235410376,0.24706332173109083,63.617729917706924,6.038773831416284,2.3413116207101474
2023-05-24 00:00:00+00:00,1063119.4668763082,-0.0001443051959595759,0.24737385070822857,63.51166590404772,5.9781091703989135,2.340408903698668
2023-05-25 00:00:00+00:00,1063074.2997845318,-4.2485433842252404e-05,0.24740955319228425,63.4994884592398,6.020376385766736,2.3389072083944336
2023-05-26 00:00:00+00:00,1065672.7293814202,0.00244425963210194,0.24742006494108457,63.495903769416266,6.2583409087661614,2.3568240771998394
2023-05-30 00:00:00+00:00,1065880.5067707486,0.00019497298147909582,0.24681678064762222,63.70212834059788,6.249647654555383,2.3582705128668255
2023-05-31 00:00:00+00:00,1064808.842785529,-0.001005426010150354,0.24676866742479878,63.718618609592205,6.105025643228897,2.3510337135819768
2023-06-01 00:00:00+00:00,1061440.365868473,-0.003163456933964065,0.2470170247664489,63.63356591235256,5.848758922595656,2.3253296131519
2023-06-02 00:00:00+00:00,1061582.9683806195,0.00013434811481839718,0.24780093234411568,63.36622647449096,5.936868139964179,2.3251129762183713
2023-06-05 00:00:00+00:00,1061557.2310343445,-2.4244309716339777e-05,0.2477676452280663,63.377544134185136,5.90200169455523,2.324776525673935
2023-06-06 00:00:00+00:00,1061265.0749006423,-0.00027521468005789083,0.2477736523292329,63.37550148765537,5.962482155076085,2.3214208144931754
2023-06-07 00:00:00+00:00,1064367.8244946043,0.002923632999279157,0.2478418620480014,63.352314492917095,6.2267317603032915,2.3431079912492447
2023-06-08 00:00:00+00:00,1064335.451717952,-3.0415027500095902e-05,0.24711937568648312,63.598564460691854,6.212733460444692,2.342554019000933
2023-06-09 00:00:00+00:00,1064720.950983461,0.0003621971483583693,0.24712689205770108,63.59599519270358,6.2364847645366375,2.3449147795794305
2023-06-12 00:00:00+00:00,1064769.6642694185,4.57521624914656e-05,0.2470374158101568,63.62659037250589,6.28163038329923,2.344291350398739
2023-06-13 00:00:00+00:00,1065615.3250803496,0.0007942194817424313,0.24702611383125717,63.63045650631203,6.375519904129639,2.3494210125263977
2023-06-14 00:00:00+00:00,1063830.2247549589,-0.0016751826699340085,0.24683007657576073,63.69757244368752,6.223173058560762,2.3366049086190257
2023-06-15 00:00:00+00:00,1063025.819692294,-0.000756140447927254,0.24724425586843227,63.55589781468826,6.191061237649934,2.330229972414374
2023-06-16 00:00:00+00:00,1064121.6338395155,0.001030844337853042,0.2474313487192841,63.492056143048195,6.2375859155718,2.337845303310746
2023-06-20 00:00:00+00:00,1062475.5919882234,-0.0015468549825013497,0.24717654817414872,63.5790255198118,6.0477668160529845,2.326214284129279
2023-06-21 00:00:00+00:00,1059748.107594658,-0.002567103107245481,0.2475594867997704,63.448387277645764,5.83894913566224,2.3058976381233487
2023-06-22 00:00:00+00:00,1060573.8799047028,0.0007792156495746235,0.24819663314793236,63.23192026228342,5.808267843340428,2.3120224630459174
2023-06-23 00:00:00+00:00,1059398.0906377123,-0.0011086349468611724,0.24800338502917013,63.29745774720762,5.6702758107561335,2.3029768172471687
2023-06-26 00:00:00+00:00,1058794.9361409713,-0.0005693369679172655,0.24827863540093462,63.2041411387163,5.6193638749103565,2.2979435400137755
2023-06-27 00:00:00+00:00,1058446.4639948786,-0.00032912147026578197,0.24842007013043246,63.15627173421305,5.610819436656713,2.294776893817157
2023-06-28 00:00:00+00:00,1058914.2796727642,0.00044198331592511063,0.24850185742711267,63.12861521468187,5.69456699128532,2.297747212666808
2023-06-29 00:00:00+00:00,1061451.4300441246,0.002395992215861339,0.2483920722753589,63.16574344308551,5.885653258933807,2.316190734468728
2023-06-30 00:00:00+00:00,1060417.8934420438,-0.0009737012668001544,0.24779834935919098,63.367104583669665,5.821974806819721,2.308015704514342
2023-07-03 00:00:00+00:00,1061296.973244094,0.0008289937462266149,0.24803986609102074,63.2850778692188,5.915452148071098,2.319165120159368
2023-07-05 00:00:00+00:00,1059379.246186909,-0.0018069655388944133,0.24783441291261643,63.35484610747676,5.733471593274172,2.3047050068385997
2023-07-06 00:00:00+00:00,1059723.51693151,0.00032497403157574333,0.2482830518311669,63.202645547382716,5.6508165165723545,2.307210760286816
2023-07-07 00:00:00+00:00,1060724.8264369136,0.0009448780643302664,0.24820239249902976,63.22996862235105,5.728395363894137,2.314354255068596
2023-07-10 00:00:00+00:00,1061540.9711189845,0.0007694216838616428,0.24796809288740662,63.30943763071641,5.7908953212975725,2.3200517043098943
2023-07-11 00:00:00+00:00,1061223.3721304813,-0.00029918674563114825,0.24777744754649245,63.37421101818235,5.820319234845108,2.3168619671148085
2023-07-12 00:00:00+00:00,1062644.3165439384,0.0013389682613231737,0.2478516014605329,63.349004749253524,5.95718186457508,2.3267134359358397
2023-07-13 00:00:00+00:00,1062970.7942880301,0.0003072314404819654,0.2475201797957494,63.46177811540091,5.996100452942638,2.3285401789607483
2023-07-14 00:00:00+00:00,1062535.8279022796,-0.0004091988115646234,0.24744415717090293,63.48768904747169,5.938679660616154,2.325085586415693
2023-07-17 00:00:00+00:00,1061596.9396097765,-0.0008836297730841564,0.2475454524758643,63.45316790574545,5.915740827815233,2.3174968909952836
2023-07-18 00:00:00+00:00,1060080.736183791,-0.0014282288968757357,0.24776438446268537,63.378652961896,5.971882285083242,2.3059273071045356
2023-07-19 00:00:00+00:00,1059880.4976164566,-0.00018888992177634544,0.24811875483820212,63.25831935665906,5.981998377039299,2.304156050828944
2023-07-20 00:00:00+00:00,1063672.808157416,0.0035780548368310587,0.2481656308247962,63.24242740687061,6.313594091455805,2.3299383819947703
2023-07-21 00:00:00+00:00,1063946.17416653,0.00025700197186331403,0.24728084639629228,63.54340443393088,6.3437355073403765,2.331360233847063
2023-07-24 00:00:00+00:00,1066156.1550717421,0.002077154802444283,0.24721731105987113,63.565100148939926,6.543631396314314,2.3456413794900257
2023-07-25 00:00:00+00:00,1064021.9174434098,-0.0020018058500902484,0.24670486686088466,63.740495458877405,6.397576757887156,2.3309295897494797
2023-07-26 00:00:00+00:00,1067502.0396406616,0.0032707241647932104,0.24719971269189192,63.571111520120866,6.6054748311040905,2.354060820894008
2023-07-27 00:00:00+00:00,1066700.2357578205,-0.0007511029047878175,0.24639382644966715,63.847311694505926,6.500623740060627,2.348626019024574
2023-07-28 00:00:00+00:00,1067729.2332220487,0.0009646547640417023,0.24657903267737089,63.78367646570902,6.533443553014857,2.355551318058912
2023-07-31 00:00:00+00:00,1068909.6667487388,0.001105555125739103,0.24634139827394522,63.86534293112396,6.613036863010647,2.363196538513048
2023-08-01 00:00:00+00:00,1070260.9049802807,0.0012641276186151733,0.24606935503719654,63.95902813165492,6.679449378647438,2.3723275919284155
2023-08-02 00:00:00+00:00,1069638.8780346892,-0.0005811918782578527,0.24575868469635734,64.06626926114237,6.579689061486225,2.368402259751881
2023-08-03 00:00:00+00:00,1070824.169593597,0.0011081231088810452,0.2459016007095403,64.01690204323829,6.660041553893402,2.37617351847181
2023-08-04 00:00:00+00:00,1071254.5498609524,0.0004019149731357835,0.24562941308068473,64.11097280188176,6.677800939393054,2.378884889011505
2023-08-07 00:00:00+00:00,1071726.7605335559,0.00044080155614251236,0.24553073060369013,64.14512996595758,6.721796315264155,2.3814878177804233
2023-08-08 00:00:00+00:00,1069379.1286175053,-0.0021905134802100166,0.24542254796263574,64.18260700346579,6.507219729572212,2.365540586253778
2023-08-09 00:00:00+00:00,1068563.2781253578,-0.0007629197824369628,0.24596132957067068,63.99628701012845,6.40581754775333,2.359958444148568
2023-08-10 00:00:00+00:00,1066220.3319941778,-0.002192613370815443,0.2461491216049726,63.93153697106912,6.25806747672711,2.3427331186166254
2023-08-11 00:00:00+00:00,1067512.9723156462,0.001212357598781494,0.2466900174356487,63.74558886541991,6.319817762012801,2.3517521533152386
2023-08-14 00:00:00+00:00,1066471.6017426332,-0.0009755109305642923,0.2463913030671016,63.84817936712376,6.218464392988494,2.34417874187907
2023-08-15 00:00:00+00:00,1065340.2445849618,-0.00106084133494291,0.24663189517667225,63.76553090894812,6.100036412897355,2.335943275497491
2023-08-16 00:00:00+00:00,1064869.3437468724,-0.0004420191957292134,0.24689381033601826,63.67574065833927,6.029444057443753,2.3323838238935024
2023-08-17 00:00:00+00:00,1064865.4993763878,-3.6101804481083634e-06,0.2470029903991772,63.638367575951236,6.011198084386498,2.3320533439336883
2023-08-18 00:00:00+00:00,1064356.88862974,-0.00047762909676907765,0.24700388212776306,63.638062467182614,5.937608580850048,2.328159378715851
2023-08-21 00:00:00+00:00,1064446.9177626518,8.458547492242635e-05,0.24712191474469442,63.597696534909,5.907711787061859,2.328681021026884
2023-08-22 00:00:00+00:00,1064668.495977421,0.00020816276610108867,0.24710101358810627,63.60484170418769,5.8806142335430565,2.3302861678477043
2023-08-23 00:00:00+00:00,1065928.8788100604,0.001183826550143468,0.24704958706269917,63.62242727678843,5.995167138451883,2.3389900922844142
2023-08-24 00:00:00+00:00,1064900.2228211,-0.0009650324795673584,0.24675746901942774,63.72245766033124,5.906265731705997,2.330984984155134
2023-08-25 00:00:00+00:00,1064919.9713086335,1.8544918209537735e-05,0.24699582801578063,63.64081829612801,5.894465815956176,2.3307915591732704
2023-08-28 00:00:00+00:00,1066044.509798331,0.001055984036354962,0.24699124758329571,63.64238563640846,6.028792289976906,2.338132055861304
2023-08-29 00:00:00+00:00,1065935.7835558464,-0.00010199034044562843,0.0,84.60670712685166,6.187857508645248,2.348457163358864
2023-08-30 00:00:00+00:00,1066020.3816339064,7.936507936505692e-05,0.0,84.59807805998781,0.0,2.340413233384828
2023-08-31 00:00:00+00:00,1066104.9864260997,7.936507936518222e-05,0.0,84.60479219316717,0.0,2.3342236420019384
2023-09-01 00:00:00+00:00,1066189.597932959,7.936507936516565e-05,0.0,84.61150685921426,0.0,2.3310223196854962
2023-09-05 00:00:00+00:00,1066274.2161550173,7.936507936518598e-05,0.0,84.61822205817134,0.0,2.3278963934972645
2023-09-06 00:00:00+00:00,1066358.8410928072,7.936507936498519e-05,0.0,84.62493779008074,0.0,2.329666703155124
2023-09-07 00:00:00+00:00,1066443.4727468623,7.936507936517869e-05,0.0,84.63165405498471,0.0,2.330409303804618
2023-09-08 00:00:00+00:00,1066528.1111177152,7.936507936507172e-05,0.0,84.63837085292558,0.0,2.3349418328845832
2023-09-11 00:00:00+00:00,1066612.7562058992,7.936507936506133e-05,0.0,84.64508818394566,0.0,2.3418249903891653
2023-09-12 00:00:00+00:00,1066697.4080119473,7.936507936510781e-05,0.0,84.65180604808724,0.0,2.341888507565216
2023-09-13 00:00:00+00:00,1066782.0665363928,7.93650793651715e-05,0.0,84.65852444539264,0.0,2.340342303128547
2023-09-14 00:00:00+00:00,1066866.7317797686,7.936507936499443e-05,0.0,84.66524337590418,0.0,2.3515794107967265
2023-09-15 00:00:00+00:00,1066951.4037426081,7.936507936497353e-05,0.0,84.67196283966418,0.0,2.351106031268125
2023-09-18 00:00:00+00:00,1067036.0824254449,7.936507936506908e-05,0.0,84.67868283671493,0.0,2.3523528872797956
2023-09-19 00:00:00+00:00,1067120.767828812,7.936507936502315e-05,0.0,84.6854033670988,0.0,2.3481237313796437
2023-09-20 00:00:00+00:00,1067205.4599532427,7.936507936501433e-05,0.0,84.69212443085809,0.0,2.3436436403566097
2023-09-21 00:00:00+00:00,1067290.1587992706,7.936507936500292e-05,0.0,84.69884602803513,0.0,2.351562762772116
2023-09-22 00:00:00+00:00,1067374.8643674294,7.936507936516742e-05,0.0,84.70556815867228,0.0,2.3551810418754595
2023-09-25 00:00:00+00:00,1067459.5766582522,7.936507936503184e-05,0.0,84.71229082281185,0.0,2.3578418147118945
2023-09-26 00:00:00+00:00,1067544.2956722726,7.936507936499285e-05,0.0,84.7190140204962,0.0,2.3510837609604223
2023-09-27 00:00:00+00:00,1067629.0214100243,7.936507936501074e-05,0.0,84.72573775176767,0.0,2.3538719528741288
2023-09-28 00:00:00+00:00,1067713.753872041,7.936507936504582e-05,0.0,84.73246201666859,0.0,2.3541874347183076
2023-09-29 00:00:00+00:00,1067798.493058856,7.936507936505844e-05,0.0,84.73918681524134,0.0,2.3562423036523668
2023-10-02 00:00:00+00:00,1067883.2389710036,7.936507936500893e-05,0.0,84.74591214752826,0.0,2.339816220670797
2023-10-03 00:00:00+00:00,1067967.9916090171,7.936507936507568e-05,0.0,84.75263801357171,0.0,2.3237174265152527
2023-10-04 00:00:00+00:00,1068052.7509734305,7.936507936500096e-05,0.0,84.75936441341406,0.0,2.320375899809088
2023-10-05 00:00:00+00:00,1068137.5170647777,7.936507936518117e-05,0.0,84.76609134709766,0.0,2.325159717434135
2023-10-06 00:00:00+00:00,1068222.2898835924,7.936507936514057e-05,0.0,84.77281881466489,0.0,2.3177011972797055
2023-10-09 00:00:00+00:00,1068307.0694304085,7.936507936505755e-05,0.0,84.77954681615813,0.0,2.3232009082017315
2023-10-10 00:00:00+00:00,1068391.8557057602,7.93650793651104e-05,0.0,84.78627535161972,0.0,2.3372991138816075
2023-10-11 00:00:00+00:00,1068476.6487101812,7.936507936504147e-05,0.0,84.79300442109208,0.0,2.334076030061362
2023-10-12 00:00:00+00:00,1068561.4484442058,7.936507936502906e-05,0.0,84.79973402461756,0.0,2.336692502345694
2023-10-13 00:00:00+00:00,1068646.254908368,7.936507936503348e-05,0.0,84.80646416223856,0.0,2.3327964196755904
2023-10-16 00:00:00+00:00,1068731.068103202,7.936507936501504e-05,0.0,84.81319483399746,0.0,2.342509365717795
2023-10-17 00:00:00+00:00,1068815.888029242,7.936507936515197e-05,0.0,84.81992603993666,0.0,2.3126266208364012
2023-10-18 00:00:00+00:00,1072162.2868060481,0.0031309403371393724,0.17830053628839812,69.70201920635456,0.0,2.3415234422060465
2023-10-19 00:00:00+00:00,1073341.2700528705,0.0010996313350421468,0.17774403033413924,69.967606410863,4.635947804543286,2.353337018146682
2023-10-20 00:00:00+00:00,1073085.24721721,-0.00023852882843858399,0.1775487921188265,70.06117650981716,4.621746004529333,2.3500316508538033
2023-10-23 00:00:00+00:00,1075083.9679286592,0.001862592665990298,0.17759115272842788,70.0408572371457,4.73460478631075,2.369437376099229
2023-10-24 00:00:00+00:00,1074722.0661017033,-0.0003366265684838665,0.1772609877127479,70.19948586503848,4.6880413047533995,2.3656702640127123
2023-10-25 00:00:00+00:00,1074297.5384388904,-0.0003950115813224505,0.17732067856429423,70.17076349781976,4.635840297834523,2.3612713108196464
2023-10-26 00:00:00+00:00,1073711.9138611788,-0.0005451232612545742,0.17739074996494986,70.13707082616794,4.62142252460027,2.354123568945923
2023-10-27 00:00:00+00:00,1073037.160627391,-0.0006284304244714528,0.17748750253116158,70.09059268507973,4.502117709595229,2.3481724629259744
2023-10-30 00:00:00+00:00,1076522.8712306125,0.0032484528319443313,0.1775991112160088,70.0370408411283,4.779570461846554,2.3812915635655925
2023-10-31 00:00:00+00:00,1077504.480404467,0.0009118330878864347,0.17702405691699452,70.31368453979668,4.852946012670783,2.3899893725156836
2023-11-01 00:00:00+00:00,1078568.145636061,0.0009871562030021558,0.17686278757526758,70.39159002978515,4.950800185954998,2.398728380221985
2023-11-02 00:00:00+00:00,1078567.736862947,-3.789960936889844e-07,0.17668836855624892,70.47600790530846,5.023419926488457,2.3955002419606
2023-11-03 00:00:00+00:00,1080265.6015026807,0.001574184524258055,0.1766884355204758,70.47597546299782,5.2488058152561665,2.407084169030163
2023-11-06 00:00:00+00:00,1079576.6743738577,-0.0006377386522950382,0.17641073247549985,70.61072662488145,5.170305363532728,2.4010112507650785
2023-11-07 00:00:00+00:00,1080102.987429232,0.0004875179946618265,0.17652330821217774,70.55604986862566,5.193914297752385,2.4055005583829168
2023-11-08 00:00:00+00:00,1079857.6517704753,-0.0002271409871207837,0.17643729185746782,70.59782074603633,5.177568099484512,2.402485056993683
2023-11-09 00:00:00+00:00,1080397.5585727717,0.0004999796050999908,0.1764773771031075,70.57834966200801,5.165989930298388,2.40831727114497
2023-11-10 00:00:00+00:00,1080954.957646875,0.0005159203384720284,0.17638918610749357,70.62119940822203,5.236310479735853,2.411620380434092
2023-11-13 00:00:00+00:00,1081766.062578111,0.000750359601478402,0.1762982302648633,70.66543742997625,5.292834154952353,2.418280999667713
2023-11-14 00:00:00+00:00,1080858.0513715676,-0.000839378529198166,0.0,85.85444941096118,5.434095289018071,2.4173775363202337
2023-11-15 00:00:00+00:00,1083234.7870812628,0.002198934177044949,0.25,64.33678877211712,0.0,2.4019089667785605
2023-11-16 00:00:00+00:00,1083295.3757365325,5.593307747525235e-05,0.2494514726313168,64.52541859034689,2.3256752657600064,2.40191791169288
2023-11-17 00:00:00+00:00,1083245.6159161013,-4.593375135327827e-05,0.24943752082313936,64.53022721378099,2.347974369468087,2.402763366689051
2023-11-20 00:00:00+00:00,1082246.6478316886,-0.0009221990559987628,0.24944897895051382,64.52627802168328,2.274097756448837,2.4096937141040597
2023-11-21 00:00:00+00:00,1082487.1447264408,0.00022222004127615765,0.24967923290339983,64.44699484038068,2.217799861893102,2.40838838799679
2023-11-22 00:00:00+00:00,1081006.957203824,-0.0013673950123359354,0.2496237615008156,64.46608189551975,2.147681815293411,2.4186481282027756
2023-11-24 00:00:00+00:00,1080676.4901351533,-0.00030570299892017583,0.24996556316514337,64.34860669531207,2.1356519993334544,2.421235421085754
2023-11-27 00:00:00+00:00,1080421.2166287242,-0.00023621639663607465,0.25004200175493585,64.32237915017947,2.0781348409633678,2.4233940673553995
2023-11-28 00:00:00+00:00,1079376.098479392,-0.0009673247185883251,0.25010107973078466,64.30211934808193,1.9844316569355713,2.430864203123883
2023-11-29 00:00:00+00:00,1080622.5524956451,0.0011547911965153796,0.25034324293780996,64.21917346321429,2.1203839443673056,2.4228239811924994
2023-11-30 00:00:00+00:00,1081204.8745420869,0.0005388764514463262,0.2500544822230895,64.31809838513915,2.1827882691188356,2.4193806510482245
2023-12-01 00:00:00+00:00,1080279.3809048955,-0.0008559835966179219,0.2499198063247111,64.36431442057102,2.2014965895348855,2.4257634825038292
2023-12-04 00:00:00+00:00,1080712.0179276972,0.00040048623573586743,0.2501339168544963,64.29086254460346,2.2422477844010267,2.4233788444694206
2023-12-05 00:00:00+00:00,1082636.608757799,0.001780854472028852,0.25003378176642993,64.32519881625439,2.2816358262720793,2.4112556524376165
2023-12-06 00:00:00+00:00,1081460.2337556437,-0.001086583432186972,0.24958929954616257,64.47794412023072,2.1864473007978793,2.419335674160673
2023-12-07 00:00:00+00:00,1081803.4408174937,0.00031735523058312276,0.24986079414543408,64.38458102482157,2.2393702213280524,2.417514279682631
2023-12-08 00:00:00+00:00,1081830.5456504058,2.5055228971738396e-05,0.24978152467207637,64.41181968052395,2.332979546295352,2.4178603281568862
2023-12-11 00:00:00+00:00,1082646.3009281564,0.0007540508825807917,0.24977526649558285,64.4139708577392,2.4003126731512063,2.4131289072519104
2023-12-12 00:00:00+00:00,1082992.3852504645,0.0003196651778253811,0.24958706514882661,64.47871334010036,2.4476615569950253,2.4114376883647948
2023-12-13 00:00:00+00:00,1082390.1612112054,-0.0005560741215367428,0.24950730635137308,64.50618034980735,2.529886300584397,2.4160295236854576
2023-12-14 00:00:00+00:00,1081107.2147827821,-0.0011852901794558552,0.24964612810275286,64.45838479113598,2.7111857619535167,2.42512983485295
2023-12-15 00:00:00+00:00,1083181.8606357535,0.001919001024693187,0.24994238235398686,64.35656364602303,2.828008936296341,2.4134285242879923
2023-12-18 00:00:00+00:00,1083760.9892599818,0.0005346550244927349,0.24946366133226652,64.52121807879854,2.8102506068545656,2.4100715752001807
2023-12-19 00:00:00+00:00,1082782.5143716203,-0.0009028511803415725,0.2493303556048838,64.567180668023,2.8188337669485755,2.4166023676300736
2023-12-20 00:00:00+00:00,1083690.2536094182,0.0008383393947996175,0.2495556672336066,64.48952393085146,2.8214893440797364,2.4113682318202354
2023-12-21 00:00:00+00:00,1084578.5901993744,0.0008197329329090407,0.24934663013060757,64.56156672750208,2.9270720644707064,2.4069872867352533
2023-12-22 00:00:00+00:00,1084463.2371968315,-0.00010635744019403676,0.2491423999004252,64.63206963146686,2.90720681470196,2.407937238120903
2023-12-26 00:00:00+00:00,1084934.8466298722,0.00043487821151020137,0.24916890086689736,64.62291463126505,2.958168659057922,2.405787017708106
2023-12-27 00:00:00+00:00,1084666.0390611487,-0.0002477637892805861,0.24906058984302876,64.66034395134764,2.976729895085212,2.40801192279539
2023-12-28 00:00:00+00:00,1084081.5659750474,-0.0005388507292135159,0.24912231333137408,64.63901001732197,2.9450072861734027,2.411760191321425
2023-12-29 00:00:00+00:00,1083663.2097872233,-0.00038590840482365444,0.24925662544575683,64.59262326445678,2.9016638261237673,2.4143945803692906
2024-01-02 00:00:00+00:00,1083508.0951682052,-0.00014313913918744274,0.24935285280742198,64.55942039240725,2.922306610049893,2.35633704515818
2024-01-03 00:00:00+00:00,1084015.476772944,0.00046827670877715014,0.24938855006980215,64.5471097083582,2.8654051166350136,2.353422674421773
2024-01-04 00:00:00+00:00,1083930.8221406403,-7.809356426869775e-05,0.24927182188146063,64.58737808968667,2.867962399261661,2.3543187448955374
2024-01-05 00:00:00+00:00,1083524.8019300527,-0.0003745812945754311,0.24929128992683217,64.58065946807528,2.8961863672152495,2.3572369879576294
2024-01-08 00:00:00+00:00,1083387.072766152,-0.00012711214699966542,0.2493847047723931,64.54843564183815,2.8752580471543006,2.3583479907603824
2024-01-09 00:00:00+00:00,1083575.684352817,0.00017409436701461156,0.2494164086275907,64.53750475581428,2.8250887600144705,2.3574169756154557
2024-01-10 00:00:00+00:00,1083379.3172216108,-0.00018122142646961517,0.24937299419401596,64.55247392935914,2.7813557936454747,2.358835125292004
2024-01-11 00:00:00+00:00,1082576.719709018,-0.0007408277967232219,0.24941819411494096,64.53688923640627,2.689219744028505,2.3638184473537187
2024-01-12 00:00:00+00:00,1082328.4435075235,-0.00022933820483525368,0.2496031070347808,64.47319102112111,2.643488501206435,2.3656173529113156
2024-01-16 00:00:00+00:00,1075722.5300613772,-0.0061034277402323275,0.249660363694409,64.45348656068504,2.144455691392587,2.4056993978889056
2024-01-17 00:00:00+00:00,1074698.3185564447,-0.000952114951867797,0.25119350510161237,63.9292077157528,2.013180913246536,2.412889246869721
2024-01-18 00:00:00+00:00,1074270.2005913125,-0.00039836106350969925,0.251432898123307,63.84792108837721,1.9769860167007796,2.415942805829416
2024-01-19 00:00:00+00:00,1074193.0190042048,-7.184559998520783e-05,0.2515330991161788,63.81394347209687,2.0375376709066635,2.4160187912928093
2024-01-22 00:00:00+00:00,1073317.5112426686,-0.0008150376571500871,0.25155117196105536,63.80781794931054,2.0114827194963576,2.4212819625681297
2024-01-23 00:00:00+00:00,1077141.6799232871,0.0035629425967260704,0.2517563628772274,63.73833320633148,2.2378183972306114,2.398852995045715
2024-01-24 00:00:00+00:00,1079088.5575424943,0.0018074480409539001,0.25086255399766566,64.04183865717422,2.3661761943028123,2.3875227000840584
2024-01-25 00:00:00+00:00,1078503.7621999157,-0.0005419345228813841,0.2504099510222551,64.1963527539367,2.3673015990566686,2.391184604245939
2024-01-26 00:00:00+00:00,1080168.57035806,0.001543627585265446,0.2505457304031211,64.14994042516061,2.421249149364181,2.3818247427666255
2024-01-29 00:00:00+00:00,1078725.6090599145,-0.0013358667690796318,0.25015957717906917,64.28206805675937,2.342917990487069,2.3907447162106936
2024-01-30 00:00:00+00:00,1075754.4465057924,-0.0027543265211913753,0.2504942040621228,64.16754731881132,2.1927663940614104,2.408490307266585
2024-01-31 00:00:00+00:00,1076506.886441976,0.0006994532429102763,0.2511860524681893,63.93174076689687,2.214701363878264,2.4045647433106874
2024-02-01 00:00:00+00:00,1076292.7295672304,-0.0001989368367660337,0.2510104823722895,63.99145822214954,2.1991790591307927,2.4061895121781895
2024-02-02 00:00:00+00:00,1075224.4303805411,-0.0009925730773252264,0.25106042753958135,63.974461644788775,2.1491745981558137,2.412708820351439
2024-02-05 00:00:00+00:00,1076559.5857325247,0.001241745736293474,0.25130987095155394,63.88967599505152,2.144073577479931,2.40585645704495
2024-02-06 00:00:00+00:00,1074869.7524108666,-0.0015696607452604498,0.25099819501307913,63.99564070552642,2.072089554002526,2.4160034915807587
2024-02-07 00:00:00+00:00,1074290.014010517,-0.0005393568839846026,0.25139279641725654,63.86152694983925,2.0353460006525816,2.419796670462098
2024-02-08 00:00:00+00:00,1074216.6717047181,-6.827049013048356e-05,0.25152846002368834,63.81551596568453,2.012713811161429,2.4207627127844487
2024-02-09 00:00:00+00:00,1074958.2012100818,0.0006902978932424332,0.2515456331673549,63.80969514776398,2.0493711361029265,2.416756471624352
2024-02-12 00:00:00+00:00,1073108.0746908248,-0.0017211148463021912,0.25137211152834693,63.868546695808725,2.012154566742513,2.4271908775013866
2024-02-13 00:00:00+00:00,1074536.9798178498,0.0013315575203705938,0.25180549770883415,63.72171125777245,1.936248867407378,2.4209571281806315
2024-02-14 00:00:00+00:00,1075162.7535379035,0.0005823659230041586,0.25147065007357616,63.835116426583966,1.9740584480122068,2.4174907250292694
2024-02-15 00:00:00+00:00,1074502.6069049446,-0.0006139969328240214,0.25132428737298684,63.88478100754061,2.0139909739934128,2.4208705272936184
2024-02-16 00:00:00+00:00,1075442.8053950423,0.0008750081051974844,0.2514786945200928,63.83238841762323,2.0686832936234634,2.4156193607948624
2024-02-20 00:00:00+00:00,1074580.0678806659,-0.0008022160825740038,0.2512588409977173,63.907007345408765,1.9941644029848682,2.421342255757918
2024-02-21 00:00:00+00:00,1073198.8002320395,-0.0012854022607645687,0.25146056670846395,63.83853611410905,1.9330638537294567,2.4296193337065826
2024-02-22 00:00:00+00:00,1072758.0027865106,-0.00041073233163660037,0.2517842107021253,63.728911697551396,1.9281855582360596,2.432259950327452
2024-02-23 00:00:00+00:00,1073187.054500375,0.0003999520047856539,0.2518876691117701,63.69392777330307,1.9618736787660986,2.4299432725845196
2024-02-26 00:00:00+00:00,1072406.3624356291,-0.0007274519958771498,0.2517869664097756,63.727979496625636,1.8865013749310613,2.4352477940607833
2024-02-27 00:00:00+00:00,1072255.4477235926,-0.00014072530462588782,0.251970262680264,63.666019808947404,1.8768489923741463,2.436461155427036
2024-02-28 00:00:00+00:00,1071447.7125743034,-0.0007533047754656571,0.25200572626285983,63.65404245084926,1.8397292390369069,2.4413684524676884
2024-02-29 00:00:00+00:00,1074270.5524784164,0.0026346035097976972,0.2521957064929129,63.589936486619955,1.9902718202632679,2.4252740126665246
2024-03-01 00:00:00+00:00,1074380.3869199175,0.00010224094968235509,0.25153301672422124,63.8139713996448,1.988270586847515,2.425048244837149
2024-03-04 00:00:00+00:00,1078599.2638489278,0.003926800023877141,0.251507302378774,63.82268841881156,2.3791749832491362,2.399510338268341
2024-03-05 00:00:00+00:00,1077857.665399997,-0.0006875569767073794,0.25052354651035535,64.15751992111396,2.30137621788147,2.4043398042899553
2024-03-06 00:00:00+00:00,1073310.7730022469,-0.004218453459773652,0.2506959142352198,64.09866290135754,1.9151655940602819,2.4324514776025357
2024-03-07 00:00:00+00:00,1074708.9418101981,0.0013026691272652873,0.251757943402592,63.73779842534562,2.0016711864546095,2.424465397589093
2024-03-08 00:00:00+00:00,1077208.0350723246,0.0023253675157080766,0.25143041276622585,63.848764203754456,2.1796675938838854,2.409758613534392
2024-03-11 00:00:00+00:00,1077029.3810320168,-0.00016584915308002034,0.25084710106599745,64.04710493884387,2.1472522007418062,2.4113334024045474
2024-03-12 00:00:00+00:00,1076264.42373201,-0.0007102473836636567,0.250888710746192,64.03292604675595,2.11025883305456,2.416094507636672
2024-03-13 00:00:00+00:00,1078023.4533103756,0.0016343842085442908,0.2510670304476917,63.97221514993001,2.303509750872575,2.405435509685756
2024-03-14 00:00:00+00:00,1077880.804911599,-0.000132324021651381,0.25065736001672495,64.1118206720225,2.2451808150289314,2.4069474515972047
2024-03-15 00:00:00+00:00,1078780.91979461,0.000835078311914828,0.25069053239616157,64.1004993705323,2.2808122699570865,2.4021414785513495
2024-03-18 00:00:00+00:00,1078349.8272018153,-0.0003996108801004351,0.0,85.61753331703254,2.3036378532492465,2.397649845875099
2024-03-19 00:00:00+00:00,1078435.4105214346,7.936507936517793e-05,0.0,85.5833196191917,0.0,2.3962113996013534
2024-03-20 00:00:00+00:00,1078521.0006333808,7.936507936514969e-05,0.0,85.5901119461456,0.0,2.399239181767273
2024-03-21 00:00:00+00:00,1078606.597538193,7.936507936505596e-05,0.0,85.59690481217308,0.0,2.426592821361406
2024-03-22 00:00:00+00:00,1078692.2012364103,7.936507936507297e-05,0.0,85.6036982173169,0.0,2.4189788473152616
2024-03-25 00:00:00+00:00,1078777.811728572,7.936507936516103e-05,0.0,85.61049216161986,0.0,2.4230471494349772
2024-03-26 00:00:00+00:00,1078863.429015217,7.93650793650646e-05,0.0,85.61728664512476,0.0,2.421482576358245
2024-03-27 00:00:00+00:00,1078949.053096885,7.936507936517571e-05,0.0,85.62408166787438,0.0,2.4277416373877685
2024-03-28 00:00:00+00:00,1079034.683974115,7.936507936502304e-05,0.0,85.63087722991152,0.0,2.4301248219003093
2024-04-01 00:00:00+00:00,1079120.3216474461,7.936507936499855e-05,0.0,85.63767333127896,0.0,2.2931376528296097
2024-04-02 00:00:00+00:00,1079205.9661174181,7.936507936506255e-05,0.0,85.64446997201954,0.0,2.2929473405428267
2024-04-03 00:00:00+00:00,1079291.6173845704,7.936507936517533e-05,0.0,85.65126715217605,0.0,2.300157586866722
2024-04-04 00:00:00+00:00,1079377.2754494422,7.93650793650815e-05,0.0,85.6580648717913,0.0,2.2889702571722963
2024-04-05 00:00:00+00:00,1079462.9403125732,7.936507936517288e-05,0.0,85.66486313090812,0.0,2.290972508945467
2024-04-08 00:00:00+00:00,1079548.6119745027,7.936507936497833e-05,0.0,85.6716619295693,0.0,2.2894760823380373
2024-04-09 00:00:00+00:00,1079634.2904357705,7.936507936510533e-05,0.0,85.67846126781767,0.0,2.2825978093026205
2024-04-10 00:00:00+00:00,1079719.9756969162,7.93650793650828e-05,0.0,85.68526114569607,0.0,2.2786812213691046
2024-04-11 00:00:00+00:00,1079805.6677584795,7.936507936508672e-05,0.0,85.69206156324732,0.0,2.318565153987213
2024-04-12 00:00:00+00:00,1079891.366621,7.936507936507747e-05,0.0,85.69886252051424,0.0,2.2974248535853485
2024-04-15 00:00:00+00:00,1079977.0722850175,7.936507936501536e-05,0.0,85.70566401753968,0.0,2.3202413740776424
2024-04-16 00:00:00+00:00,1080062.7847510718,7.936507936507632e-05,0.0,85.71246605436646,0.0,2.29180530166527
2024-04-17 00:00:00+00:00,1080148.5040197028,7.93650793650051e-05,0.0,85.71926863103745,0.0,2.3005548556158804
2024-04-18 00:00:00+00:00,1080234.2300914503,7.936507936497761e-05,0.0,85.72607174759546,0.0,2.2949118719052786
2024-04-19 00:00:00+00:00,1080319.9629668545,7.936507936516972e-05,0.0,85.73287540408336,0.0,2.2973099444005567
2024-04-22 00:00:00+00:00,1080405.702646455,7.936507936511064e-05,0.0,85.73967960054401,0.0,2.3142447229771483
2024-04-23 00:00:00+00:00,1080491.449130792,7.936507936497631e-05,0.0,85.74648433702023,0.0,2.3133993268054214
2024-04-24 00:00:00+00:00,1080577.2024204056,7.936507936515805e-05,0.0,85.75328961355491,0.0,2.3179550637807282
2024-04-25 00:00:00+00:00,1080662.9625158359,7.936507936518516e-05,0.0,85.76009543019092,0.0,2.317048746270722
2024-04-26 00:00:00+00:00,1080748.7294176228,7.9365079365018e-05,0.0,85.7669017869711,0.0,2.3324192155637586
2024-04-29 00:00:00+00:00,1080834.5031263067,7.936507936504786e-05,0.0,85.77370868393831,0.0,2.3479239088478328
2024-04-30 00:00:00+00:00,1080920.2836424278,7.936507936501958e-05,0.0,85.78051612113545,0.0,2.348221801038335
2024-05-01 00:00:00+00:00,1081006.0709665264,7.936507936510892e-05,0.0,85.78732409860538,0.0,2.3465919784634592
2024-05-02 00:00:00+00:00,1081091.8650991428,7.93650793650608e-05,0.0,85.79413261639098,0.0,2.344035473409042
2024-05-03 00:00:00+00:00,1081177.6660408173,7.936507936505096e-05,0.0,85.80094167453514,0.0,2.3537330948398174
2024-05-06 00:00:00+00:00,1081263.4737920903,7.936507936503971e-05,0.0,85.80775127308074,0.0,2.353409657074978
2024-05-07 00:00:00+00:00,1081349.2883535023,7.936507936498741e-05,0.0,85.81456141207066,0.0,2.344732855758866
2024-05-08 00:00:00+00:00,1081435.1097255938,7.936507936506969e-05,0.0,85.8213720915478,0.0,2.3541902409572844
2024-05-09 00:00:00+00:00,1081520.9379089053,7.936507936503158e-05,0.0,85.82818331155507,0.0,2.352143359901819
2024-05-10 00:00:00+00:00,1081606.7729039774,7.93650793650487e-05,0.0,85.83499507213534,0.0,2.348896801138986
2024-05-13 00:00:00+00:00,1081692.6147113508,7.936507936508138e-05,0.0,85.84180737333155,0.0,2.3436686167938334
2024-05-14 00:00:00+00:00,1081778.463331566,7.936507936508996e-05,0.0,85.84862021518657,0.0,2.3480695226513886
2024-05-15 00:00:00+00:00,1081864.3187651637,7.936507936503476e-05,0.0,85.85543359774333,0.0,2.3545346147492343
2024-05-16 00:00:00+00:00,1081950.1810126847,7.936507936509137e-05,0.0,85.86224752104474,0.0,2.3587274580428077
2024-05-17 00:00:00+00:00,1082036.0500746698,7.936507936500488e-05,0.0,85.86906198513371,0.0,2.3593738349803783
2024-05-20 00:00:00+00:00,1082121.92595166,7.936507936516603e-05,0.0,85.87587699005316,0.0,2.346730648729987
2024-05-21 00:00:00+00:00,1082207.8086441958,7.936507936510476e-05,0.0,85.88269253584602,0.0,2.357412880155181
2024-05-22 00:00:00+00:00,1082293.6981528183,7.93650793649966e-05,0.0,85.88950862255523,0.0,2.3441999063560397
2024-05-23 00:00:00+00:00,1082379.5944780684,7.936507936501705e-05,0.0,85.89632525022367,0.0,2.350116004180153
2024-05-24 00:00:00+00:00,1082465.4976204874,7.936507936512638e-05,0.0,85.90314241889432,0.0,2.355778444649647
2024-05-28 00:00:00+00:00,1082551.407580616,7.936507936506982e-05,0.0,85.90996012861011,0.0,2.3581614920111504
2024-05-29 00:00:00+00:00,1082637.3243589953,7.936507936502284e-05,0.0,85.91677837941397,0.0,2.3634463147204756
2024-05-30 00:00:00+00:00,1082723.2479561667,7.93650793651608e-05,0.0,85.92359717134883,0.0,2.3470496839440975
2024-05-31 00:00:00+00:00,1082809.1783726711,7.936507936501392e-05,0.0,85.93041650445768,0.0,2.3575896439428
2024-06-03 00:00:00+00:00,1082895.1156090498,7.936507936497265e-05,0.0,85.93723637878342,0.0,2.355686591160078
2024-06-04 00:00:00+00:00,1082981.059665844,7.936507936499732e-05,0.0,85.94405679436903,0.0,2.363761843505575
2024-06-05 00:00:00+00:00,1083067.0105435953,7.936507936504822e-05,0.0,85.95087775125747,0.0,2.3741100770404566
2024-06-06 00:00:00+00:00,1083152.9682428448,7.93650793650857e-05,0.0,85.9576992494917,0.0,2.370564367517794
2024-06-07 00:00:00+00:00,1083238.932764134,7.936507936507007e-05,0.0,85.96452128911467,0.0,2.357301092870645
2024-06-10 00:00:00+00:00,1083324.9041080042,7.936507936517663e-05,0.0,85.97134387016936,0.0,2.3604015657329254
2024-06-11 00:00:00+00:00,1083410.882274997,7.936507936515077e-05,0.0,85.97816699269875,0.0,2.3501723477747163
2024-06-12 00:00:00+00:00,1083496.8672656538,7.936507936516775e-05,0.0,85.9849906567458,0.0,2.359209409512512
2024-06-13 00:00:00+00:00,1083582.859080516,7.936507936497302e-05,0.0,85.99181486235348,0.0,2.354869013857914
2024-06-14 00:00:00+00:00,1083668.8577201257,7.936507936517158e-05,0.0,85.99863960956476,0.0,2.3540920965612635
2024-06-17 00:00:00+00:00,1083754.8631850241,7.936507936507908e-05,0.0,86.00546489842267,0.0,2.3497132139568944
2024-06-18 00:00:00+00:00,1083840.875475753,7.936507936508563e-05,0.0,86.01229072897017,0.0,2.358494878351982
2024-06-20 00:00:00+00:00,1083926.8945928544,7.936507936515152e-05,0.0,86.01911710125025,0.0,2.363952715109328
2024-06-21 00:00:00+00:00,1084012.9205368697,7.936507936502227e-05,0.0,86.02594401530591,0.0,2.3577218980469024
2024-06-24 00:00:00+00:00,1084098.9533083409,7.936507936508785e-05,0.0,86.03277147118013,0.0,2.3703519426521638
2024-06-25 00:00:00+00:00,1084184.9929078098,7.936507936509377e-05,0.0,86.03959946891594,0.0,2.3569285228215233
2024-06-26 00:00:00+00:00,1084271.0393358183,7.936507936500037e-05,0.0,86.04642800855633,0.0,2.3524313647934205
2024-06-27 00:00:00+00:00,1084357.0925929083,7.936507936498275e-05,0.0,86.0532570901443,0.0,2.3505859143634673
2024-06-28 00:00:00+00:00,1084443.152679622,7.936507936500123e-05,0.0,86.06008671372288,0.0,2.3527625597185655
2024-07-01 00:00:00+00:00,1084529.2195965012,7.936507936501613e-05,0.0,86.06691687933507,0.0,2.135468134062947
2024-07-02 00:00:00+00:00,1084615.2933440881,7.936507936498778e-05,0.0,86.0737475870239,0.0,2.1348459063960563
2024-07-03 00:00:00+00:00,1084701.373922925,7.936507936509121e-05,0.0,86.08057883683239,0.0,2.1353472699988467
2024-07-05 00:00:00+00:00,1084787.4613335538,7.936507936507203e-05,0.0,86.08741062880357,0.0,2.1348486423571487
2024-07-08 00:00:00+00:00,1084873.5555765168,7.936507936510529e-05,0.0,86.09424296298046,0.0,2.1245348253482907
2024-07-09 00:00:00+00:00,1084959.6566523563,7.936507936515127e-05,0.0,86.10107583940609,0.0,2.1256982293341817
2024-07-10 00:00:00+00:00,1085045.7645616145,7.936507936517033e-05,0.0,86.10790925812351,0.0,2.130817953859652
2024-07-11 00:00:00+00:00,1085131.8793048337,7.936507936512279e-05,0.0,86.11474321917575,0.0,2.1231519000423287
2024-07-12 00:00:00+00:00,1085218.0008825564,7.936507936518358e-05,0.0,86.12157772260585,0.0,2.126845183515986
2024-07-15 00:00:00+00:00,1085304.129295325,7.936507936509845e-05,0.0,86.12841276845685,0.0,2.13812079038059
2024-07-16 00:00:00+00:00,1085390.2645436816,7.936507936504231e-05,0.0,86.13524835677181,0.0,2.157938766494528
2024-07-17 00:00:00+00:00,1085476.4066281691,7.93650793649755e-05,0.0,86.14208448759378,0.0,2.151650185402506
2024-07-18 00:00:00+00:00,1085562.55554933,7.936507936507283e-05,0.0,86.1489211609658,0.0,2.135386937933041
2024-07-19 00:00:00+00:00,1085648.711307707,7.936507936508011e-05,0.0,86.15575837693096,0.0,2.1515360075292405
2024-07-22 00:00:00+00:00,1085734.8739038426,7.936507936517219e-05,0.0,86.1625961355323,0.0,2.15538789793961
2024-07-23 00:00:00+00:00,1085821.0433382795,7.936507936509488e-05,0.0,86.1694344368129,0.0,2.157079745727131
2024-07-24 00:00:00+00:00,1085907.2196115602,7.936507936502305e-05,0.0,86.17627328081583,0.0,2.1606612072593334
2024-07-25 00:00:00+00:00,1085993.4027242279,7.936507936513142e-05,0.0,86.18311266758414,0.0,2.1613219981524
2024-07-26 00:00:00+00:00,1086079.5926768251,7.936507936516587e-05,0.0,86.18995259716094,0.0,2.166613951127851
2024-07-29 00:00:00+00:00,1086165.7894698947,7.936507936508676e-05,0.0,86.19679306958929,0.0,2.1661343188051863
2024-07-30 00:00:00+00:00,1086251.9931039796,7.936507936506883e-05,0.0,86.20363408491228,0.0,2.1818227824365213
2024-07-31 00:00:00+00:00,1086338.2035796228,7.936507936507239e-05,0.0,86.21047564317298,0.0,2.190597711040575
2024-08-01 00:00:00+00:00,1086424.4208973672,7.936507936505776e-05,0.0,86.2173177444145,0.0,2.196085602917936
2024-08-02 00:00:00+00:00,1086510.6450577558,7.93650793649853e-05,0.0,86.22416038867993,0.0,2.17982731726546
2024-08-05 00:00:00+00:00,1086596.8760613317,7.936507936502961e-05,0.0,86.23100357601236,0.0,2.1913695954455115
2024-08-06 00:00:00+00:00,1086683.1139086382,7.936507936515104e-05,0.0,86.2378473064549,0.0,2.2054021914448967
2024-08-07 00:00:00+00:00,1086769.3586002183,7.936507936509563e-05,0.0,86.24469158005066,0.0,2.215466638065925
2024-08-08 00:00:00+00:00,1086855.610136615,7.936507936503798e-05,0.0,86.25153639684272,0.0,2.226323308211761
2024-08-09 00:00:00+00:00,1086941.868518372,7.936507936515267e-05,0.0,86.25838175687421,0.0,2.231548481047478
2024-08-12 00:00:00+00:00,1087028.1337460324,7.936507936518579e-05,0.0,86.26522766018826,0.0,2.2235290130924006
2024-08-13 00:00:00+00:00,1087114.4058201392,7.936507936509767e-05,0.0,86.27207410682797,0.0,2.2162944139363057
2024-08-14 00:00:00+00:00,1087200.684741236,7.936507936506287e-05,0.0,86.27892109683644,0.0,2.2032844797156494
2024-08-15 00:00:00+00:00,1087286.9705098663,7.936507936504172e-05,0.0,86.28576863025683,0.0,2.1943492113402243
2024-08-16 00:00:00+00:00,1087373.2631265733,7.936507936499453e-05,0.0,86.29261670713224,0.0,2.198709113393239
2024-08-19 00:00:00+00:00,1087459.5625919008,7.936507936509576e-05,0.0,86.29946532750581,0.0,2.196796315451903
2024-08-20 00:00:00+00:00,1087545.8689063923,7.936507936509162e-05,0.0,86.3063144914207,0.0,2.1897663755559327
2024-08-21 00:00:00+00:00,1087632.1820705913,7.936507936515653e-05,0.0,86.31316419892002,0.0,2.1914350757302374
2024-08-22 00:00:00+00:00,1087718.5020850413,7.936507936503677e-05,0.0,86.32001445004693,0.0,2.1944583152780064
2024-08-23 00:00:00+00:00,1087804.8289502861,7.936507936512082e-05,0.0,86.32686524484454,0.0,2.2045702372336864
2024-08-26 00:00:00+00:00,1087891.1626668696,7.936507936515491e-05,0.0,86.33371658335604,0.0,2.1996470145883453
2024-08-27 00:00:00+00:00,1087977.5032353352,7.93650793650994e-05,0.0,86.34056846562457,0.0,2.2005719220626236
2024-08-28 00:00:00+00:00,1088063.850656227,7.936507936512864e-05,0.0,86.34742089169328,0.0,2.1845748614891827
2024-08-29 00:00:00+00:00,1088150.2049300885,7.936507936498897e-05,0.0,86.35427386160532,0.0,2.2027830547474965
2024-08-30 00:00:00+00:00,1088236.5660574639,7.93650793650687e-05,0.0,86.36112737540385,0.0,2.1952290517494006
2024-09-03 00:00:00+00:00,1088322.934038897,7.936507936511415e-05,0.0,86.36798143313206,0.0,2.1815230625052866
2024-09-04 00:00:00+00:00,1088409.308874932,7.936507936508568e-05,0.0,86.3748360348331,0.0,2.1796682612839193
2024-09-05 00:00:00+00:00,1088495.6905661125,7.936507936515755e-05,0.0,86.38169118055015,0.0,2.1839006284654836
2024-09-06 00:00:00+00:00,1088582.0791129828,7.936507936507615e-05,0.0,86.3885468703264,0.0,2.189884488077327
2024-09-09 00:00:00+00:00,1088668.474516087,7.936507936501578e-05,0.0,86.39540310420499,0.0,2.187038113919062
2024-09-10 00:00:00+00:00,1088754.8767759693,7.93650793651506e-05,0.0,86.40225988222913,0.0,2.1735795285792907
2024-09-11 00:00:00+00:00,1088841.2858931737,7.93650793650132e-05,0.0,86.40911720444201,0.0,2.1731111427224397
2024-09-12 00:00:00+00:00,1088927.7018682444,7.936507936499168e-05,0.0,86.4159750708868,0.0,2.1801907948423316
2024-09-13 00:00:00+00:00,1089014.124701726,7.936507936504631e-05,0.0,86.4228334816067,0.0,2.174626865508056
2024-09-16 00:00:00+00:00,1089100.5543941627,7.936507936513741e-05,0.0,86.42969243664493,0.0,2.1702955718071264
2024-09-17 00:00:00+00:00,1089186.9909460987,7.936507936501153e-05,0.0,86.43655193604467,0.0,2.174890425584951
2024-09-18 00:00:00+00:00,1089273.4343580785,7.93650793650566e-05,0.0,86.4434119798491,0.0,2.1810297495052327
2024-09-19 00:00:00+00:00,1089359.8846306466,7.936507936501914e-05,0.0,86.45027256810147,0.0,2.2047362885812314
2024-09-20 00:00:00+00:00,1089446.3417643474,7.936507936507325e-05,0.0,86.45713370084496,0.0,2.1803753068938656
2024-09-23 00:00:00+00:00,1089532.8057597256,7.936507936517925e-05,0.0,86.4639953781228,0.0,2.177612129839951
2024-09-24 00:00:00+00:00,1089619.2766173256,7.936507936508374e-05,0.0,86.47085759997823,0.0,2.1771042725219827
2024-09-25 00:00:00+00:00,1089705.7543376922,7.936507936517449e-05,0.0,86.47772036645442,0.0,2.1663084844678
2024-09-26 00:00:00+00:00,1089792.2389213697,7.936507936498444e-05,0.0,86.48458367759461,0.0,2.1603341347799674
2024-09-27 00:00:00+00:00,1089878.7303689031,7.936507936511495e-05,0.0,86.49144753344204,0.0,2.1643075020952027
2024-09-30 00:00:00+00:00,1089965.2286808372,7.936507936509902e-05,0.0,86.49831193403993,0.0,2.1551748146834777
2024-10-01 00:00:00+00:00,1090051.7338577167,7.93650793651106e-05,0.0,86.50517687943153,0.0,1.8600913929637368
2024-10-02 00:00:00+00:00,1090138.2459000864,7.936507936511006e-05,0.0,86.51204236966005,0.0,1.8614799392009154
2024-10-03 00:00:00+00:00,1090224.764808491,7.936507936505772e-05,0.0,86.51890840476877,0.0,1.8439554585880407
2024-10-04 00:00:00+00:00,1090311.290583476,7.936507936512749e-05,0.0,86.52577498480088,0.0,1.8364351535797416
2024-10-07 00:00:00+00:00,1090397.8232255857,7.936507936506611e-05,0.0,86.53264210979968,0.0,1.8413945473467042
2024-10-08 00:00:00+00:00,1090484.3627353655,7.93650793650475e-05,0.0,86.5395097798084,0.0,1.8411439088397623
2024-10-09 00:00:00+00:00,1090570.9091133603,7.936507936503199e-05,0.0,86.54637799487028,0.0,1.846126048380535
2024-10-10 00:00:00+00:00,1090657.4623601153,7.936507936497989e-05,0.0,86.5532467550286,0.0,1.8520658219396076
2024-10-11 00:00:00+00:00,1090744.0224761756,7.936507936506503e-05,0.0,86.5601160603266,0.0,1.857052322315762
2024-10-14 00:00:00+00:00,1090830.5894620863,7.936507936503425e-05,0.0,86.56698591080759,0.0,1.8519238199203016
2024-10-15 00:00:00+00:00,1090917.1633183928,7.936507936506135e-05,0.0,86.57385630651478,0.0,1.851345106421693
2024-10-16 00:00:00+00:00,1091003.7440456403,7.936507936510667e-05,0.0,86.5807272474915,0.0,1.809556696068717
2024-10-17 00:00:00+00:00,1091090.3316443742,7.936507936513051e-05,0.0,86.58759873378098,0.0,1.8079688786147168
2024-10-18 00:00:00+00:00,1091176.9261151396,7.936507936509323e-05,0.0,86.59447076542652,0.0,1.7945725121906664
2024-10-21 00:00:00+00:00,1091263.5274584822,7.936507936516855e-05,0.0,86.6013433424714,0.0,1.7944640193636676
2024-10-22 00:00:00+00:00,1091350.1356749472,7.936507936510342e-05,0.0,86.6082164649589,0.0,1.7953778346493365
2024-10-23 00:00:00+00:00,1091436.75076508,7.936507936507156e-05,0.0,86.61509013293231,0.0,1.7942964132407555
2024-10-24 00:00:00+00:00,1091523.3727294265,7.936507936503329e-05,0.0,86.62196434643492,0.0,1.8015529856465156
2024-10-25 00:00:00+00:00,1091610.001568532,7.936507936516224e-05,0.0,86.62883910551004,0.0,1.7967438575308812
2024-10-28 00:00:00+00:00,1091696.6372829422,7.936507936499211e-05,0.0,86.63571441020096,0.0,1.7990159391037883
2024-10-29 00:00:00+00:00,1091783.2798732028,7.93650793651232e-05,0.0,86.64259026055096,0.0,1.8001410251517145
2024-10-30 00:00:00+00:00,1091869.9293398594,7.936507936508916e-05,0.0,86.6494666566034,0.0,1.8115959265499333
2024-10-31 00:00:00+00:00,1091956.5856834578,7.936507936506367e-05,0.0,86.65634359840153,0.0,1.811770717020277
2024-11-01 00:00:00+00:00,1092043.2489045437,7.936507936500705e-05,0.0,86.66322108598871,0.0,1.809640260362051
2024-11-04 00:00:00+00:00,1092129.9190036631,7.936507936509285e-05,0.0,86.67009911940823,0.0,1.7973336457035822
2024-11-05 00:00:00+00:00,1092216.5959813618,7.936507936506817e-05,0.0,86.67697769870342,0.0,1.8170329104219487
2024-11-06 00:00:00+00:00,1092303.2798381858,7.936507936510654e-05,0.0,86.68385682391761,0.0,1.8410911107009618
2024-11-07 00:00:00+00:00,1092389.970574681,7.936507936516828e-05,0.0,86.69073649509411,0.0,1.832775111139858
2024-11-08 00:00:00+00:00,1092476.6681913931,7.936507936500058e-05,0.0,86.69761671227627,0.0,1.8394213415868572
2024-11-11 00:00:00+00:00,1092563.3726888685,7.936507936499011e-05,0.0,86.7044974755074,0.0,1.831973984902639
2024-11-12 00:00:00+00:00,1092650.0840676534,7.936507936509712e-05,0.0,86.71137878483084,0.0,1.824404997311941
2024-11-13 00:00:00+00:00,1092736.8023282937,7.936507936506885e-05,0.0,86.71826064028996,0.0,1.8256254341330624
2024-11-14 00:00:00+00:00,1092823.5274713356,7.936507936507873e-05,0.0,86.72514304192806,0.0,1.8134473380415992
2024-11-15 00:00:00+00:00,1092910.2594973254,7.936507936508708e-05,0.0,86.73202598978854,0.0,1.8143872891061816
2024-11-18 00:00:00+00:00,1092996.9984068093,7.936507936505424e-05,0.0,86.73890948391471,0.0,1.806607316293749
2024-11-19 00:00:00+00:00,1093083.7442003337,7.936507936515358e-05,0.0,86.74579352434995,0.0,1.8027694088789161
2024-11-20 00:00:00+00:00,1093170.496878445,7.93650793651324e-05,0.0,86.7526781111376,0.0,1.812166136814752
2024-11-21 00:00:00+00:00,1093257.2564416893,7.936507936516404e-05,0.0,86.75956324432103,0.0,1.8123429162467204
2024-11-22 00:00:00+00:00,1093344.0228906132,7.936507936499585e-05,0.0,86.7664489239436,0.0,1.8247588191307953
2024-11-25 00:00:00+00:00,1093430.7962257632,7.936507936501415e-05,0.0,86.77333515004867,0.0,1.8334451184243576
2024-11-26 00:00:00+00:00,1093517.576447686,7.936507936517919e-05,0.0,86.78022192267962,0.0,1.8538134484812838
2024-11-27 00:00:00+00:00,1093604.3635569278,7.936507936502544e-05,0.0,86.78710924187983,0.0,1.8559136583099836
2024-11-29 00:00:00+00:00,1093691.1575540355,7.936507936515203e-05,0.0,86.79399710769268,0.0,1.8512686622960066
2024-12-02 00:00:00+00:00,1093777.9584395557,7.936507936509346e-05,0.0,86.80088552016156,0.0,1.8491756118822638
2024-12-03 00:00:00+00:00,1093864.766214035,7.936507936502296e-05,0.0,86.80777447932982,0.0,1.8541475703651082
2024-12-04 00:00:00+00:00,1093951.5808780203,7.936507936511372e-05,0.0,86.81466398524087,0.0,1.8538198522363754
2024-12-05 00:00:00+00:00,1094038.4024320582,7.936507936511322e-05,0.0,86.82155403793811,0.0,1.8473264313445528
2024-12-06 00:00:00+00:00,1094125.2308766956,7.936507936498179e-05,0.0,86.82844463746494,0.0,1.855950664305123
2024-12-09 00:00:00+00:00,1094212.0662124795,7.936507936510543e-05,0.0,86.83533578386474,0.0,1.858799198274757
2024-12-10 00:00:00+00:00,1094298.9084399566,7.936507936501881e-05,0.0,86.84222747718091,0.0,1.8531313166494163
2024-12-11 00:00:00+00:00,1094385.757559674,7.936507936510787e-05,0.0,86.84911971745687,0.0,1.8593499821900528
2024-12-12 00:00:00+00:00,1094472.6135721789,7.936507936512014e-05,0.0,86.85601250473604,0.0,1.8579769073768801
2024-12-13 00:00:00+00:00,1094559.4764780179,7.936507936501598e-05,0.0,86.86290583906181,0.0,1.847044572751594
2024-12-16 00:00:00+00:00,1094646.3462777385,7.93650793651812e-05,0.0,86.8697997204776,0.0,1.8363277045223834
2024-12-17 00:00:00+00:00,1094733.2229718876,7.936507936515064e-05,0.0,86.87669414902686,0.0,1.831192199448652
2024-12-18 00:00:00+00:00,1094820.1065610123,7.936507936509738e-05,0.0,86.88358912475299,0.0,1.8307123542022286
2024-12-19 00:00:00+00:00,1094906.99704566,7.936507936498176e-05,0.0,86.8904846476994,0.0,1.8457316841586007
2024-12-20 00:00:00+00:00,1094993.8944263777,7.936507936497679e-05,0.0,86.89738071790951,0.0,1.8537217423967238
2024-12-23 00:00:00+00:00,1095080.798703713,7.936507936504276e-05,0.0,86.9042773354268,0.0,1.8454534611378417
2024-12-24 00:00:00+00:00,1095167.7098782135,7.936507936514e-05,0.0,86.91117450029469,0.0,1.8481512625184875
2024-12-26 00:00:00+00:00,1095254.627950426,7.936507936501621e-05,0.0,86.91807221255662,0.0,1.8372156995194997
2024-12-27 00:00:00+00:00,1095341.5529208982,7.936507936505698e-05,0.0,86.92497047225604,0.0,1.8392740244730108
2024-12-30 00:00:00+00:00,1095428.4847901776,7.936507936501002e-05,0.0,86.93186927943637,0.0,1.8402177903924217
2024-12-31 00:00:00+00:00,1095515.4235588117,7.936507936504822e-05,0.0,86.93876863414107,0.0,1.8380131686337853
2025-01-02 00:00:00+00:00,1095602.3692273481,7.936507936513192e-05,0.0,86.94566853641362,0.0,1.7976828478857074
2025-01-03 00:00:00+00:00,1095689.3217963343,7.936507936500892e-05,0.0,86.95256898629746,0.0,1.7943410763008378
2025-01-06 00:00:00+00:00,1095776.2812663182,7.936507936506459e-05,0.0,86.95946998383606,0.0,1.7810182543855184
2025-01-07 00:00:00+00:00,1095863.2476378472,7.936507936504676e-05,0.0,86.96637152907287,0.0,1.7889519455763736
2025-01-08 00:00:00+00:00,1095950.2209114693,7.936507936512821e-05,0.0,86.97327362205137,0.0,1.7810553922039238
2025-01-10 00:00:00+00:00,1096037.201087732,7.936507936505684e-05,0.0,86.98017626281502,0.0,1.777620189855197
2025-01-13 00:00:00+00:00,1096124.1881671834,7.936507936500544e-05,0.0,86.98707945140731,0.0,1.7807435377286804
2025-01-14 00:00:00+00:00,1096211.1821503714,7.936507936514675e-05,0.0,86.9939831878717,0.0,1.7871888658314647
2025-01-15 00:00:00+00:00,1096298.1830378436,7.936507936501625e-05,0.0,87.00088747225169,0.0,1.7981578699845002
2025-01-16 00:00:00+00:00,1096385.190830148,7.936507936499913e-05,0.0,87.00779230459077,0.0,1.7808652543516725
2025-01-17 00:00:00+00:00,1096472.205527833,7.936507936505569e-05,0.0,87.01469768493239,0.0,1.7850182249185558
2025-01-21 00:00:00+00:00,1096559.2271314464,7.936507936514622e-05,0.0,87.02160361332008,0.0,1.8015522563983826
2025-01-22 00:00:00+00:00,1096646.255641536,7.936507936501873e-05,0.0,87.02851008979734,0.0,1.8098512700906948
2025-01-23 00:00:00+00:00,1096733.2910586505,7.936507936505825e-05,0.0,87.03541711440762,0.0,1.8061926351826774
2025-01-24 00:00:00+00:00,1096820.3333833376,7.936507936501277e-05,0.0,87.04232468719448,0.0,1.8026800436995654
2025-01-27 00:00:00+00:00,1096907.3826161458,7.93650793650549e-05,0.0,87.0492328082014,0.0,1.8037425568376708
2025-01-28 00:00:00+00:00,1096994.4387576233,7.936507936514499e-05,0.0,87.05614147747188,0.0,1.7981980626497238
2025-01-29 00:00:00+00:00,1097081.5018083183,7.936507936503108e-05,0.0,87.06305069504947,0.0,1.7965401711244677
2025-01-30 00:00:00+00:00,1097168.5717687793,7.936507936509803e-05,0.0,87.06996046097764,0.0,1.8019837232766847
2025-01-31 00:00:00+00:00,1097255.6486395546,7.936507936509392e-05,0.0,87.07687077529995,0.0,1.8026640142674033
2025-02-03 00:00:00+00:00,1097342.7324211926,7.936507936497909e-05,0.0,87.08378163805989,0.0,1.8054141020509213
2025-02-04 00:00:00+00:00,1097429.823114242,7.936507936513829e-05,0.0,87.090693049301,0.0,1.8052120253759485
2025-02-05 00:00:00+00:00,1097516.920719251,7.936507936510742e-05,0.0,87.09760500906683,0.0,1.8080077035971582
2025-02-06 00:00:00+00:00,1097604.0252367684,7.936507936505902e-05,0.0,87.10451751740088,0.0,1.8178707658222333
2025-02-07 00:00:00+00:00,1097691.1366673429,7.936507936516557e-05,0.0,87.1114305743467,0.0,1.817817116152697
2025-02-10 00:00:00+00:00,1097778.255011523,7.936507936517525e-05,0.0,87.11834417994784,0.0,1.8292937093685566
2025-02-11 00:00:00+00:00,1097865.3802698571,7.936507936504841e-05,0.0,87.12525833424785,0.0,1.8196068868275441
2025-02-12 00:00:00+00:00,1097952.5124428945,7.936507936516958e-05,0.0,87.13217303729024,0.0,1.826376012179832
2025-02-13 00:00:00+00:00,1098039.6515311836,7.93650793650749e-05,0.0,87.13908828911862,0.0,1.827368780958972
2025-02-14 00:00:00+00:00,1098126.7975352735,7.936507936514886e-05,0.0,87.14600408977648,0.0,1.8305027492318775
2025-02-18 00:00:00+00:00,1098213.9504557129,7.936507936513973e-05,0.0,87.15292043930742,0.0,1.837129767063316
2025-02-19 00:00:00+00:00,1098301.1102930505,7.936507936500783e-05,0.0,87.159837337755,0.0,1.8316894468556821
2025-02-20 00:00:00+00:00,1098388.2770478358,7.936507936513756e-05,0.0,87.16675478516274,0.0,1.8354012410805858
2025-02-21 00:00:00+00:00,1098475.4507206173,7.93650793650652e-05,0.0,87.17367278157427,0.0,1.8282392654094863
2025-02-24 00:00:00+00:00,1098562.6313119445,7.936507936517506e-05,0.0,87.18059132703311,0.0,1.841865393808071
2025-02-25 00:00:00+00:00,1098649.818822366,7.936507936500355e-05,0.0,87.1875104215829,0.0,1.8264099307295423
2025-02-26 00:00:00+00:00,1098737.0132524313,7.936507936514686e-05,0.0,87.19443006526714,0.0,1.8149004363017465
2025-02-27 00:00:00+00:00,1098824.2146026895,7.936507936514141e-05,0.0,87.20135025812947,0.0,1.817909473316714
2025-02-28 00:00:00+00:00,1098911.4228736898,7.936507936515946e-05,0.0,87.20827100021346,0.0,1.8137582479689565
2025-03-03 00:00:00+00:00,1098998.6380659814,7.936507936516136e-05,0.0,87.21519229156269,0.0,1.8128073670145373
2025-03-04 00:00:00+00:00,1099085.8601801137,7.936507936510743e-05,0.0,87.22211413222075,0.0,1.826281869238061
2025-03-05 00:00:00+00:00,1099173.089216636,7.936507936516987e-05,0.0,87.22903652223124,0.0,1.8357499725111595
2025-03-06 00:00:00+00:00,1099260.3251760977,7.936507936509715e-05,0.0,87.23595946163778,0.0,1.8225397460528274
2025-03-07 00:00:00+00:00,1099347.5680590481,7.936507936506146e-05,0.0,87.24288295048395,0.0,1.811394971157326
2025-03-10 00:00:00+00:00,1099434.817866037,7.936507936502312e-05,0.0,87.24980698881335,0.0,1.820267383223383
2025-03-11 00:00:00+00:00,1099522.0745976137,7.936507936515424e-05,0.0,87.2567315766696,0.0,1.8204448786413492
2025-03-12 00:00:00+00:00,1099609.3382543277,7.936507936499159e-05,0.0,87.26365671409633,0.0,1.8102774663109784
2025-03-13 00:00:00+00:00,1099696.6088367288,7.936507936513081e-05,0.0,87.27058240113712,0.0,1.8117484176491399
2025-03-14 00:00:00+00:00,1099783.8863453667,7.936507936510869e-05,0.0,87.27750863783562,0.0,1.810926795950233
2025-03-17 00:00:00+00:00,1099871.170780791,7.936507936509732e-05,0.0,87.28443542423545,0.0,1.8072229863485765
2025-03-18 00:00:00+00:00,1099958.4621435513,7.936507936505706e-05,0.0,87.29136276038024,0.0,1.8071975377825211
2025-03-19 00:00:00+00:00,1100045.7604341977,7.936507936515988e-05,0.0,87.2982906463136,0.0,1.8067264527237406
2025-03-20 00:00:00+00:00,1100133.06565328,7.936507936515445e-05,0.0,87.30521908207919,0.0,1.807064716927095
2025-03-21 00:00:00+00:00,1100220.3778013475,7.936507936500113e-05,0.0,87.31214806772063,0.0,1.8070326080897186
2025-03-24 00:00:00+00:00,1100307.6968789508,7.936507936508353e-05,0.0,87.31907760328156,0.0,1.8076657948881794
2025-03-25 00:00:00+00:00,1100395.0228866397,7.936507936515033e-05,0.0,87.32600768880562,0.0,1.811514900126097
2025-03-26 00:00:00+00:00,1100482.3558249641,7.936507936516183e-05,0.0,87.33293832433648,0.0,1.8157068329701183
2025-03-27 00:00:00+00:00,1100569.695694474,7.936507936507843e-05,0.0,87.33986950991779,0.0,1.8130418041513456
2025-03-28 00:00:00+00:00,1100657.0424957196,7.9365079365072e-05,0.0,87.34680124559318,0.0,1.8111424213836491
2025-03-31 00:00:00+00:00,1100744.396229251,7.93650793651029e-05,0.0,87.35373353140632,0.0,1.8105940175375554
2025-04-01 00:00:00+00:00,1100831.7568956185,7.936507936513142e-05,0.0,87.36066636740088,0.0,1.6066102820875283
2025-04-02 00:00:00+00:00,1100919.1244953722,7.936507936511791e-05,0.0,87.36759975362051,0.0,1.6041269269442946
2025-04-03 00:00:00+00:00,1101006.4990290622,7.93650793650227e-05,0.0,87.3745336901089,0.0,1.6051845381695964
2025-04-04 00:00:00+00:00,1101093.880497239,7.936507936501763e-05,0.0,87.3814681769097,0.0,1.599499511412926
2025-04-07 00:00:00+00:00,1101181.268900453,7.936507936506302e-05,0.0,87.3884032140666,0.0,1.5771788483314744
2025-04-08 00:00:00+00:00,1101268.6642392548,7.936507936511917e-05,0.0,87.39533880162327,0.0,1.574556731208486
2025-04-09 00:00:00+00:00,1101356.0665141945,7.936507936514641e-05,0.0,87.4022749396234,0.0,1.586621004769384
2025-04-10 00:00:00+00:00,1101443.4757258226,7.93650793651051e-05,0.0,87.40921162811067,0.0,1.5721627008388142
2025-04-11 00:00:00+00:00,1101530.8918746898,7.936507936516697e-05,0.0,87.41614886712878,0.0,1.5778769967674808
2025-04-14 00:00:00+00:00,1101618.3149613466,7.936507936508096e-05,0.0,87.42308665672141,0.0,1.5797317930081576
2025-04-15 00:00:00+00:00,1101705.7449863434,7.93650793650188e-05,0.0,87.43002499693226,0.0,1.5718008387640712
2025-04-16 00:00:00+00:00,1101793.1819502313,7.936507936515214e-05,0.0,87.43696388780504,0.0,1.5910169491008341
2025-04-17 00:00:00+00:00,1101880.6258535606,7.936507936501864e-05,0.0,87.44390332938343,0.0,1.5857843015922581
2025-04-21 00:00:00+00:00,1101968.0766968823,7.93650793650013e-05,0.0,87.45084332171116,0.0,1.6021950214297247
2025-04-22 00:00:00+00:00,1102055.534480747,7.936507936506043e-05,0.0,87.45778386483192,0.0,1.5940133094920066
2025-04-23 00:00:00+00:00,1102142.999205706,7.936507936515634e-05,0.0,87.46472495878945,0.0,1.6051976196982016
2025-04-24 00:00:00+00:00,1102230.4708723095,7.93650793650381e-05,0.0,87.47166660362745,0.0,1.6020906648575064
2025-04-25 00:00:00+00:00,1102317.949481109,7.936507936508858e-05,0.0,87.47860879938965,0.0,1.6022623831494167
2025-04-28 00:00:00+00:00,1102405.435032655,7.936507936505685e-05,0.0,87.48555154611975,0.0,1.6020053135009835
2025-04-29 00:00:00+00:00,1102492.927527499,7.936507936511447e-05,0.0,87.49249484386151,0.0,1.601433627335882
2025-04-30 00:00:00+00:00,1102580.4269661915,7.936507936501055e-05,0.0,87.49943869265864,0.0,1.610391691750925
2025-05-01 00:00:00+00:00,1102667.933349284,7.936507936512782e-05,0.0,87.50638309255488,0.0,1.610643097453793
2025-05-02 00:00:00+00:00,1102755.4466773276,7.936507936500424e-05,0.0,87.51332804359397,0.0,1.6027223323540811
2025-05-05 00:00:00+00:00,1102842.9669508734,7.93650793650225e-05,0.0,87.52027354581965,0.0,1.5934631795875562
2025-05-06 00:00:00+00:00,1102930.4941704727,7.936507936514287e-05,0.0,87.52721959927567,0.0,1.5765515797832519
2025-05-07 00:00:00+00:00,1103018.0283366768,7.936507936511456e-05,0.0,87.53416620400577,0.0,1.5845147119719138
2025-05-08 00:00:00+00:00,1103105.5694500369,7.936507936510905e-05,0.0,87.54111336005371,0.0,1.5849303745024015
2025-05-09 00:00:00+00:00,1103193.1175111043,7.936507936508666e-05,0.0,87.54806106746324,0.0,1.589731246697224
2025-05-12 00:00:00+00:00,1103280.6725204305,7.936507936500771e-05,0.0,87.55500932627812,0.0,1.5906135910947272
2025-05-13 00:00:00+00:00,1103368.234478567,7.93650793650436e-05,0.0,87.5619581365421,0.0,1.5918629378583855
2025-05-14 00:00:00+00:00,1103455.8033860654,7.936507936515465e-05,0.0,87.56890749829897,0.0,1.5900522763010985
2025-05-15 00:00:00+00:00,1103543.379243477,7.936507936509014e-05,0.0,87.5758574115925,0.0,1.588716299288671
2025-05-16 00:00:00+00:00,1103630.9620513534,7.936507936502144e-05,0.0,87.58280787646643,0.0,1.5979243395403842
2025-05-19 00:00:00+00:00,1103718.5518102464,7.936507936511989e-05,0.0,87.58975889296455,0.0,1.5995654114650195
2025-05-20 00:00:00+00:00,1103806.1485207076,7.936507936513478e-05,0.0,87.59671046113067,0.0,1.5978343551880654
2025-05-21 00:00:00+00:00,1103893.7521832886,7.93650793650265e-05,0.0,87.60366258100854,0.0,1.607750401642444
2025-05-22 00:00:00+00:00,1103981.3627985413,7.936507936517724e-05,0.0,87.61061525264195,0.0,1.6094285324151665
2025-05-23 00:00:00+00:00,1104068.9803670174,7.936507936512546e-05,0.0,87.61756847607471,0.0,1.6074273036257543
2025-05-27 00:00:00+00:00,1104156.6048892688,7.936507936504245e-05,0.0,87.62452225135058,0.0,1.6124874678878314
2025-05-28 00:00:00+00:00,1104244.2363658473,7.93650793650994e-05,0.0,87.6314765785134,0.0,1.6100414498583442
2025-05-29 00:00:00+00:00,1104331.8747973049,7.936507936504577e-05,0.0,87.63843145760693,0.0,1.6007506222427947
2025-05-30 00:00:00+00:00,1104419.5201841935,7.936507936505275e-05,0.0,87.64538688867499,0.0,1.5955403155762253
2025-06-02 00:00:00+00:00,1104507.1725270653,7.936507936508065e-05,0.0,87.65234287176139,0.0,1.591296475544115
2025-06-03 00:00:00+00:00,1104594.8318264722,7.936507936508983e-05,0.0,87.65929940690994,0.0,1.5988520890423281
2025-06-04 00:00:00+00:00,1104682.4980829663,7.936507936504059e-05,0.0,87.66625649416446,0.0,1.593750832265962
2025-06-05 00:00:00+00:00,1104770.1712971,7.936507936510407e-05,0.0,87.67321413356875,0.0,1.5844209737250576
2025-06-06 00:00:00+00:00,1104857.851469425,7.936507936502982e-05,0.0,87.68017232516667,0.0,1.590312125189893
2025-06-09 00:00:00+00:00,1104945.538600494,7.936507936498896e-05,0.0,87.68713106900199,0.0,1.5893506528559058
2025-06-10 00:00:00+00:00,1105033.2326908591,7.93650793651525e-05,0.0,87.69409036511857,0.0,1.5925445019212852
2025-06-11 00:00:00+00:00,1105120.9337410727,7.936507936505933e-05,0.0,87.70105021356025,0.0,1.6094691887653738
2025-06-12 00:00:00+00:00,1105208.641751687,7.936507936509124e-05,0.0,87.70801061437085,0.0,1.6065227071120978
2025-06-13 00:00:00+00:00,1105296.3567232545,7.936507936499785e-05,0.0,87.7149715675942,0.0,1.6076472606893493
2025-06-16 00:00:00+00:00,1105384.078656328,7.936507936516082e-05,0.0,87.72193307327417,0.0,1.6234310799658358
2025-06-17 00:00:00+00:00,1105471.8075514594,7.936507936511916e-05,0.0,87.72889513145459,0.0,1.6177077343444521
2025-06-18 00:00:00+00:00,1105559.5434092015,7.936507936504386e-05,0.0,87.73585774217932,0.0,1.617824059740177
2025-06-20 00:00:00+00:00,1105647.286230107,7.936507936510589e-05,0.0,87.74282090549218,0.0,1.625106498653242
2025-06-23 00:00:00+00:00,1105735.0360147285,7.936507936505494e-05,0.0,87.74978462143707,0.0,1.6236939062314582
2025-06-24 00:00:00+00:00,1105822.7927636185,7.936507936506196e-05,0.0,87.75674889005782,0.0,1.6356788340344162
2025-06-25 00:00:00+00:00,1105910.55647733,7.936507936508727e-05,0.0,87.7637137113983,0.0,1.6354593482250888
2025-06-26 00:00:00+00:00,1105998.3271564154,7.936507936509118e-05,0.0,87.77067908550238,0.0,1.6455342341964494
2025-06-27 00:00:00+00:00,1106086.1048014278,7.936507936503403e-05,0.0,87.77764501241393,0.0,1.6659165687009718
2025-06-30 00:00:00+00:00,1106173.88941292,7.93650793650867e-05,0.0,87.78461149217681,0.0,1.665183880347545
2025-07-01 00:00:00+00:00,1106261.6809914447,7.936507936499898e-05,0.0,87.79157852483492,0.0,1.3643850808257465
2025-07-02 00:00:00+00:00,1106349.4795375552,7.93650793651522e-05,0.0,87.79854611043213,0.0,1.3649828844370289
2025-07-03 00:00:00+00:00,1106437.2850518043,7.93650793650857e-05,0.0,87.80551424901232,0.0,1.3646703580384747
2025-07-07 00:00:00+00:00,1106525.097534745,7.936507936518075e-05,0.0,87.81248294061939,0.0,1.3515491608871342
2025-07-08 00:00:00+00:00,1106612.9169869302,7.936507936497683e-05,0.0,87.81945218529722,0.0,1.3480498470259823
2025-07-09 00:00:00+00:00,1106700.7434089133,7.936507936506554e-05,0.0,87.8264219830897,0.0,1.3495530370441413
2025-07-10 00:00:00+00:00,1106788.5768012472,7.936507936498637e-05,0.0,87.83339233404074,0.0,1.3524996394568003
2025-07-11 00:00:00+00:00,1106876.4171644854,7.936507936512042e-05,0.0,87.84036323819423,0.0,1.3514108305215418
2025-07-14 00:00:00+00:00,1106964.264499181,7.936507936500728e-05,0.0,87.84733469559409,0.0,1.3535419237302904
2025-07-15 00:00:00+00:00,1107052.1188058872,7.936507936502801e-05,0.0,87.8543067062842,0.0,1.357515377504562
2025-07-16 00:00:00+00:00,1107139.9800851576,7.936507936514293e-05,0.0,87.8612792703085,0.0,1.3806671008229312
2025-07-17 00:00:00+00:00,1107227.8483375453,7.936507936510201e-05,0.0,87.86825238771091,0.0,1.3660665747236447
2025-07-18 00:00:00+00:00,1107315.7235636038,7.936507936507595e-05,0.0,87.87522605853535,0.0,1.3664553273742621
2025-07-21 00:00:00+00:00,1107403.6057638866,7.936507936502505e-05,0.0,87.8822002828257,0.0,1.3673516762596645
2025-07-22 00:00:00+00:00,1107491.4949389473,7.936507936511991e-05,0.0,87.88917506062592,0.0,1.3668927635679102
2025-07-23 00:00:00+00:00,1107579.3910893393,7.93650793651106e-05,0.0,87.89615039197994,0.0,1.3722015027688776
2025-07-24 00:00:00+00:00,1107667.2942156163,7.936507936516769e-05,0.0,87.90312627693169,0.0,1.3724314828358128
2025-07-25 00:00:00+00:00,1107755.2043183318,7.93650793650413e-05,0.0,87.9101027155251,0.0,1.3819313165650033
2025-07-28 00:00:00+00:00,1107843.1213980396,7.936507936511218e-05,0.0,87.9170797078041,0.0,1.379674160757138
2025-07-29 00:00:00+00:00,1107931.0454552935,7.936507936513044e-05,0.0,87.92405725381266,0.0,1.3829304248762995
2025-07-30 00:00:00+00:00,1108018.976490647,7.936507936505643e-05,0.0,87.93103535359472,0.0,1.372474088551483
2025-07-31 00:00:00+00:00,1108106.9145046542,7.936507936506065e-05,0.0,87.93801400719421,0.0,1.3809067324601125
2025-08-01 00:00:00+00:00,1108194.859497869,7.936507936510341e-05,0.0,87.9449932146551,0.0,1.382044889574881
2025-08-04 00:00:00+00:00,1108282.811470845,7.936507936514503e-05,0.0,87.95197297602134,0.0,1.3924148111249632
2025-08-05 00:00:00+00:00,1108370.7704241364,7.936507936514584e-05,0.0,87.95895329133691,0.0,1.3922450035830716
2025-08-06 00:00:00+00:00,1108458.736358297,7.936507936506619e-05,0.0,87.96593416064574,0.0,1.3948157809830697
2025-08-07 00:00:00+00:00,1108546.709273881,7.936507936507649e-05,0.0,87.97291558399183,0.0,1.3881639094170755
2025-08-08 00:00:00+00:00,1108634.6891714425,7.936507936513706e-05,0.0,87.97989756141914,0.0,1.3708740555521777
2025-08-11 00:00:00+00:00,1108722.6760515354,7.936507936499817e-05,0.0,87.98688009297163,0.0,1.3622999802288307
2025-08-12 00:00:00+00:00,1108810.669914714,7.936507936504025e-05,0.0,87.99386317869329,0.0,1.371254999427289
2025-08-13 00:00:00+00:00,1108898.6707615326,7.936507936501357e-05,0.0,88.0008468186281,0.0,1.3720762806586295
2025-08-14 00:00:00+00:00,1108986.6785925454,7.936507936508846e-05,0.0,88.00783101282005,0.0,1.3688103201763981
2025-08-15 00:00:00+00:00,1109074.6934083067,7.936507936501528e-05,0.0,88.01481576131313,0.0,1.3748528465902004
2025-08-18 00:00:00+00:00,1109162.715209371,7.936507936517427e-05,0.0,88.02180106415132,0.0,1.37265253160907
2025-08-19 00:00:00+00:00,1109250.7439962924,7.936507936510586e-05,0.0,88.02878692137864,0.0,1.3589654648844753
2025-08-20 00:00:00+00:00,1109338.7797696253,7.936507936498035e-05,0.0,88.03577333303907,0.0,1.3611348359677518
2025-08-21 00:00:00+00:00,1109426.8225299246,7.936507936517786e-05,0.0,88.0427602991766,0.0,1.357241412658583
2025-08-22 00:00:00+00:00,1109514.8722777443,7.936507936502903e-05,0.0,88.04974781983529,0.0,1.3648275270553363
2025-08-25 00:00:00+00:00,1109602.9290136395,7.936507936512384e-05,0.0,88.05673589505908,0.0,1.3641488577790888
2025-08-26 00:00:00+00:00,1109690.9927381643,7.936507936500292e-05,0.0,88.06372452489202,0.0,1.3682333074747257
2025-08-27 00:00:00+00:00,1109779.0634518736,7.936507936504624e-05,0.0,88.07071370937811,0.0,1.3642229954598593
2025-08-28 00:00:00+00:00,1109867.141155322,7.936507936500434e-05,0.0,88.0777034485614,0.0,1.362062150392906
2025-08-29 00:00:00+00:00,1109955.2258490645,7.936507936504733e-05,0.0,88.08469374248588,0.0,1.3521892911175728
2025-09-02 00:00:00+00:00,1110043.3175336558,7.936507936513554e-05,0.0,88.0916845911956,0.0,1.3460495312290757
2025-09-03 00:00:00+00:00,1110131.4162096505,7.936507936501952e-05,0.0,88.09867599473459,0.0,1.345258475907512
2025-09-04 00:00:00+00:00,1110219.5218776036,7.936507936507915e-05,0.0,88.10566795314686,0.0,1.3531140544432265
2025-09-05 00:00:00+00:00,1110307.63453807,7.936507936506499e-05,0.0,88.11266046647647,0.0,1.3579498701136794
2025-09-08 00:00:00+00:00,1110395.754191605,7.936507936514709e-05,0.0,88.11965353476747,0.0,1.3584690153071977
2025-09-09 00:00:00+00:00,1110483.880838763,7.936507936507607e-05,0.0,88.12664715806388,0.0,1.3640388426297356
2025-09-10 00:00:00+00:00,1110572.0144800993,7.936507936502198e-05,0.0,88.13364133640975,0.0,1.3601545901805823
2025-09-11 00:00:00+00:00,1110660.1551161692,7.936507936515483e-05,0.0,88.14063606984915,0.0,1.3620741882614213
2025-09-12 00:00:00+00:00,1110748.3027475276,7.936507936501557e-05,0.0,88.14763135842612,0.0,1.3544454499615508
2025-09-15 00:00:00+00:00,1110836.4573747297,7.93650793649839e-05,0.0,88.15462720218473,0.0,1.3636609976022003
2025-09-16 00:00:00+00:00,1110924.6189983308,7.936507936502011e-05,0.0,88.16162360116903,0.0,1.3697045933965866
2025-09-17 00:00:00+00:00,1111012.7876188862,7.93650793650845e-05,0.0,88.16862055542308,0.0,1.3724962672917513
2025-09-18 00:00:00+00:00,1111100.9632369513,7.936507936513741e-05,0.0,88.17561806499097,0.0,1.3669642502752337
2025-09-19 00:00:00+00:00,1111189.1458530813,7.936507936513917e-05,0.0,88.18261612991677,0.0,1.365882440351326
2025-09-22 00:00:00+00:00,1111277.3354678315,7.936507936505013e-05,0.0,88.18961475024454,0.0,1.3598853563522324
2025-09-23 00:00:00+00:00,1111365.5320817574,7.936507936504017e-05,0.0,88.19661392601837,0.0,1.3597084225777065
2025-09-24 00:00:00+00:00,1111453.7356954147,7.936507936506961e-05,0.0,88.20361365728233,0.0,1.3614489260353997
2025-09-25 00:00:00+00:00,1111541.9463093588,7.936507936509875e-05,0.0,88.21061394408054,0.0,1.3591903907312552
2025-09-26 00:00:00+00:00,1111630.1639241453,7.936507936508794e-05,0.0,88.21761478645705,0.0,1.3620745178500426
2025-09-29 00:00:00+00:00,1111718.3885403296,7.936507936499753e-05,0.0,88.22461618445597,0.0,1.3532591585468206
2025-09-30 00:00:00+00:00,1111806.6201584677,7.93650793649973e-05,0.0,88.2316181381214,0.0,1.3541881237851934
2025-10-01 00:00:00+00:00,1111894.8587791151,7.936507936504757e-05,0.0,88.23862064749744,0.0,1.280894817560224
2025-10-02 00:00:00+00:00,1111983.1044028278,7.936507936510865e-05,0.0,88.24562371262819,0.0,1.2845784497074249
2025-10-03 00:00:00+00:00,1112071.3570301614,7.936507936514087e-05,0.0,88.25262733355777,0.0,1.2847444260716534
2025-10-06 00:00:00+00:00,1112159.6166616718,7.936507936510457e-05,0.0,88.25963151033027,0.0,1.2888797324031307
2025-10-07 00:00:00+00:00,1112247.8832979149,7.936507936516946e-05,0.0,88.26663624298982,0.0,1.2931503291470712
2025-10-08 00:00:00+00:00,1112336.1569394465,7.936507936508652e-05,0.0,88.27364153158055,0.0,1.2815487064924058
2025-10-09 00:00:00+00:00,1112424.4375868225,7.936507936502544e-05,0.0,88.28064737614655,0.0,1.2783154444539324
2025-10-10 00:00:00+00:00,1112512.7252405994,7.936507936515584e-05,0.0,88.28765377673194,0.0,1.2912092899580916
2025-10-13 00:00:00+00:00,1112601.0199013327,7.936507936501944e-05,0.0,88.29466073338091,0.0,1.302700774900476
2025-10-14 00:00:00+00:00,1112689.3215695787,7.936507936499518e-05,0.0,88.30166824613751,0.0,1.2670764560399892
2025-10-15 00:00:00+00:00,1112777.6302458937,7.936507936504336e-05,0.0,88.30867631504593,0.0,1.2208917133745887
2025-10-16 00:00:00+00:00,1112865.945930834,7.93650793651243e-05,0.0,88.31568494015029,0.0,1.2250950117631376
2025-10-17 00:00:00+00:00,1112954.2686249553,7.93650793649891e-05,0.0,88.32269412149476,0.0,1.226154576426497
2025-10-20 00:00:00+00:00,1113042.5983288144,7.936507936501658e-05,0.0,88.32970385912344,0.0,1.2139495400894962
2025-10-21 00:00:00+00:00,1113130.9350429676,7.9365079365167e-05,0.0,88.33671415308051,0.0,1.2327164140167906
2025-10-22 00:00:00+00:00,1113219.2787679709,7.936507936498232e-05,0.0,88.34372500341013,0.0,1.2193575777725885
2025-10-23 00:00:00+00:00,1113307.629504381,7.936507936505044e-05,0.0,88.35073641015641,0.0,1.2167997115814257
2025-10-24 00:00:00+00:00,1113395.9872527544,7.93650793651225e-05,0.0,88.35774837336356,0.0,1.2350337452302584
2025-10-27 00:00:00+00:00,1113484.3520136476,7.936507936515881e-05,0.0,88.36476089307574,0.0,1.226678954826932
2025-10-28 00:00:00+00:00,1113572.723787617,7.936507936511972e-05,0.0,88.37177396933711,0.0,1.2377771521381442
2025-10-29 00:00:00+00:00,1113661.1025752192,7.936507936517468e-05,0.0,88.37878760219182,0.0,1.2313545460720006
2025-10-30 00:00:00+00:00,1113749.488377011,7.936507936507492e-05,0.0,88.38580179168406,0.0,1.2376396982182385
2025-10-31 00:00:00+00:00,1113837.8811935487,7.936507936498988e-05,0.0,88.39281653785801,0.0,1.2394461398031433
2025-11-03 00:00:00+00:00,1113926.2810253894,7.93650793650889e-05,0.0,88.39983184075783,0.0,1.2367254883061918
2025-11-04 00:00:00+00:00,1114014.68787309,7.936507936512328e-05,0.0,88.40684770042773,0.0,1.2366094394030789
2025-11-05 00:00:00+00:00,1114103.1017372068,7.936507936505334e-05,0.0,88.4138641169119,0.0,1.2342201955550376
2025-11-06 00:00:00+00:00,1114191.522618297,7.936507936504845e-05,0.0,88.42088109025451,0.0,1.2426727890302285
2025-11-07 00:00:00+00:00,1114279.9505169175,7.936507936506892e-05,0.0,88.42789862049976,0.0,1.2472844909657166
2025-11-10 00:00:00+00:00,1114368.3854336252,7.936507936507507e-05,0.0,88.43491670769187,0.0,1.2387948760099725
2025-11-11 00:00:00+00:00,1114456.827368977,7.936507936502724e-05,0.0,88.44193535187502,0.0,1.248679288446226
2025-11-12 00:00:00+00:00,1114545.2763235301,7.936507936509472e-05,0.0,88.44895455309342,0.0,1.2623329213877623
2025-11-13 00:00:00+00:00,1114633.7322978415,7.936507936502888e-05,0.0,88.45597431139127,0.0,1.250576769284172
2025-11-14 00:00:00+00:00,1114722.1952924682,7.9365079364999e-05,0.0,88.46299462681282,0.0,1.2449480218192672
2025-11-17 00:00:00+00:00,1114810.6653079677,7.936507936517425e-05,0.0,88.47001549940224,0.0,1.2509986293977553
2025-11-18 00:00:00+00:00,1114899.142344897,7.936507936509721e-05,0.0,88.47703692920379,0.0,1.2519614372966306
2025-11-19 00:00:00+00:00,1114987.6264038133,7.936507936514598e-05,0.0,88.48405891626166,0.0,1.2470856689973457
2025-11-20 00:00:00+00:00,1115076.1174852739,7.9365079365072e-05,0.0,88.4910814606201,0.0,1.2548265626679695
2025-11-21 00:00:00+00:00,1115164.6155898361,7.936507936504448e-05,0.0,88.49810456232332,0.0,1.2616124471256533
2025-11-24 00:00:00+00:00,1115253.1207180575,7.936507936502372e-05,0.0,88.50512822141556,0.0,1.250337953305583
2025-11-25 00:00:00+00:00,1115341.6328704956,7.936507936517883e-05,0.0,88.51215243794107,0.0,1.2470766155556285
2025-11-26 00:00:00+00:00,1115430.1520477075,7.936507936505257e-05,0.0,88.5191772119441,0.0,1.2473137905619813
2025-11-28 00:00:00+00:00,1115518.6782502509,7.936507936502285e-05,0.0,88.52620254346884,0.0,1.2501212475745964
2025-12-01 00:00:00+00:00,1115607.2114786834,7.936507936504998e-05,0.0,88.5332284325596,0.0,1.2421418206299384
2025-12-02 00:00:00+00:00,1115695.7517335627,7.936507936509426e-05,0.0,88.54025487926059,0.0,1.2397547049947928
2025-12-03 00:00:00+00:00,1115784.2990154463,7.936507936511601e-05,0.0,88.54728188361608,0.0,1.2350806329336708
2025-12-04 00:00:00+00:00,1115872.853324892,7.936507936507561e-05,0.0,88.55430944567034,0.0,1.2302328233561477
2025-12-05 00:00:00+00:00,1115961.4146624575,7.936507936514203e-05,0.0,88.56133756546762,0.0,1.2408525757297646
2025-12-08 00:00:00+00:00,1116049.9830287006,7.936507936506695e-05,0.0,88.56836624305218,0.0,1.2525637672990948
2025-12-09 00:00:00+00:00,1116138.558424179,7.936507936501937e-05,0.0,88.5753954784683,0.0,1.2518936360879245
2025-12-10 00:00:00+00:00,1116227.1408494508,7.93650793651682e-05,0.0,88.58242527176023,0.0,1.2606854989425127
2025-12-11 00:00:00+00:00,1116315.7303050738,7.936507936505657e-05,0.0,88.5894556229723,0.0,1.2831383701742833
2025-12-12 00:00:00+00:00,1116404.326791606,7.936507936506202e-05,0.0,88.59648653214872,0.0,1.2688414974173003
2025-12-15 00:00:00+00:00,1116492.9303096053,7.936507936514485e-05,0.0,88.6035179993338,0.0,1.2726586889780416
2025-12-16 00:00:00+00:00,1116581.5408596299,7.936507936505683e-05,0.0,88.61055002457185,0.0,1.2687948268097848
2025-12-17 00:00:00+00:00,1116670.1584422379,7.936507936517538e-05,0.0,88.61758260790714,0.0,1.2717492475569516
2025-12-18 00:00:00+00:00,1116758.7830579872,7.936507936504379e-05,0.0,88.62461574938396,0.0,1.2885841799184083
2025-12-19 00:00:00+00:00,1116847.4147074362,7.936507936503943e-05,0.0,88.6316494490466,0.0,1.278264932792621
2025-12-22 00:00:00+00:00,1116936.0533911432,7.936507936512258e-05,0.0,88.63868370693939,0.0,1.2662958278675207
2025-12-23 00:00:00+00:00,1117024.6991096663,7.936507936504512e-05,0.0,88.64571852310661,0.0,1.274398061858455
2025-12-24 00:00:00+00:00,1117113.3518635638,7.936507936497585e-05,0.0,88.65275389759256,0.0,1.2735598467108176
2025-12-26 00:00:00+00:00,1117202.0116533942,7.936507936508355e-05,0.0,88.65978983044157,0.0,1.2707915420312519
2025-12-29 00:00:00+00:00,1117290.678479716,7.936507936512008e-05,0.0,88.66682632169795,0.0,1.2615372766466821
2025-12-30 00:00:00+00:00,1117379.3523430873,7.936507936504577e-05,0.0,88.67386337140603,0.0,1.2578318554978996
2025-12-31 00:00:00+00:00,1117468.0332440669,7.936507936502941e-05,0.0,88.6809009796101,0.0,1.2641021934699355
2026-01-02 00:00:00+00:00,1117556.7211832132,7.936507936503128e-05,0.0,88.68793914635451,0.0,1.2425334240936907
2026-01-05 00:00:00+00:00,1117645.4161610848,7.936507936501172e-05,0.0,88.69497787168359,0.0,1.2528465002475517
2026-01-06 00:00:00+00:00,1117734.1181782405,7.93650793651394e-05,0.0,88.70201715564166,0.0,1.2507490321659338
2026-01-07 00:00:00+00:00,1117822.8272352389,7.936507936516629e-05,0.0,88.70905699827306,0.0,1.253100236123096
2026-01-08 00:00:00+00:00,1117911.5433326385,7.936507936505276e-05,0.0,88.71609739962213,0.0,1.2418277456357538
2026-01-09 00:00:00+00:00,1118000.2664709983,7.936507936517575e-05,0.0,88.72313835973321,0.0,1.2434950381173602
2026-01-12 00:00:00+00:00,1118088.996650877,7.936507936507899e-05,0.0,88.73017987865066,0.0,1.2519488284943332
2026-01-13 00:00:00+00:00,1118177.7338728334,7.936507936513936e-05,0.0,88.73722195641881,0.0,1.2624033827398504
2026-01-14 00:00:00+00:00,1118266.4781374265,7.936507936510892e-05,0.0,88.74426459308202,0.0,1.2618197831774118
2026-01-15 00:00:00+00:00,1118355.2294452153,7.936507936515628e-05,0.0,88.75130778868464,0.0,1.253384091895943
2026-01-16 00:00:00+00:00,1118443.9877967585,7.93650793650335e-05,0.0,88.75835154327106,0.0,1.251901769469355
2026-01-20 00:00:00+00:00,1118532.7531926155,7.936507936511735e-05,0.0,88.7653958568856,0.0,1.2722458760918984
2026-01-21 00:00:00+00:00,1118621.5256333451,7.936507936515993e-05,0.0,88.77244072957265,0.0,1.2749956045866657
2026-01-22 00:00:00+00:00,1118710.3051195065,7.936507936512161e-05,0.0,88.7794861613766,0.0,1.2791935880080025
2026-01-23 00:00:00+00:00,1118799.091651659,7.936507936517084e-05,0.0,88.78653215234179,0.0,1.2659785895487392
2026-01-26 00:00:00+00:00,1118887.8852303615,7.936507936505985e-05,0.0,88.79357870251262,0.0,1.2634062982228071
2026-01-27 00:00:00+00:00,1118976.6858561735,7.936507936516518e-05,0.0,88.80062581193346,0.0,1.254067353132485
2026-01-28 00:00:00+00:00,1119065.493529654,7.936507936503097e-05,0.0,88.80767348064869,0.0,1.2636892676058817
2026-01-29 00:00:00+00:00,1119154.3082513628,7.936507936503372e-05,0.0,88.8147217087027,0.0,1.2667185809957724
2026-01-30 00:00:00+00:00,1119243.130021859,7.936507936513375e-05,0.0,88.8217704961399,0.0,1.2602079825189545
2026-02-02 00:00:00+00:00,1119331.958841702,7.936507936508332e-05,0.0,88.82881984300468,0.0,1.2585797044177287
2026-02-03 00:00:00+00:00,1119420.7947114513,7.936507936505084e-05,0.0,88.83586974934143,0.0,1.2651046357523263
2026-02-04 00:00:00+00:00,1119509.6376316664,7.936507936499661e-05,0.0,88.84292021519454,0.0,1.2494395257744575
2026-02-05 00:00:00+00:00,1119598.487602907,7.936507936508897e-05,0.0,88.84997124060844,0.0,1.251885830588309
2026-02-06 00:00:00+00:00,1119687.3446257326,7.936507936508025e-05,0.0,88.85702282562754,0.0,1.2750886046300831
2026-02-09 00:00:00+00:00,1119776.208700703,7.936507936513873e-05,0.0,88.86407497029624,0.0,1.2708275524802355
2026-02-10 00:00:00+00:00,1119865.0798283776,7.936507936501682e-05,0.0,88.87112767465896,0.0,1.3020706147222167
2026-02-11 00:00:00+00:00,1119953.9580093164,7.936507936509074e-05,0.0,88.87818093876012,0.0,1.3090346268340127
2026-02-12 00:00:00+00:00,1120042.843244079,7.936507936511284e-05,0.0,88.88523476264416,0.0,1.3149721438768722
2026-02-13 00:00:00+00:00,1120131.7355332254,7.936507936504349e-05,0.0,88.89228914635548,0.0,1.2978643967505885
2026-02-17 00:00:00+00:00,1120220.6348773153,7.936507936505092e-05,0.0,88.89934408993852,0.0,1.3065783096483052
