ts_event,signal,position,position_size,z_score,lambda,spread,regime,signal_exit_reason,jump,hedge_ratio,stop_reference_sd
2020-07-01 00:00:00+00:00,2.0,0.0,0.0,-1.5256955306035556,1e-06,2.599902094328152,normal,pair_untradeable,0,0.6954448725999285,0.05106891352666556
2020-07-02 00:00:00+00:00,0.0,0.0,0.0,-1.9385765192344657,1e-06,2.5946108573932642,normal,,0,0.6954448725999285,0.05106891352666556
2020-07-06 00:00:00+00:00,0.0,0.0,0.0,-0.5334988916435667,1e-06,2.627620548040374,normal,,0,0.6954448725999285,0.05106891352666556
2020-07-07 00:00:00+00:00,0.0,0.0,0.0,-1.283143444224892,1e-06,2.6099072340975673,normal,,0,0.6954448725999285,0.05106891352666556
2020-07-08 00:00:00+00:00,0.0,0.0,0.0,-1.5264262558070207,1e-06,2.6032052727723394,normal,,0,0.6954448725999285,0.05106891352666556
2020-07-09 00:00:00+00:00,0.0,0.0,0.0,-1.6351846143186122,1e-06,2.599400883651093,normal,,0,0.6954448725999285,0.05106891352666556
2020-07-10 00:00:00+00:00,0.0,0.0,0.0,-1.4523801902189513,1e-06,2.602973985422744,normal,,0,0.6954448725999285,0.05106891352666556
2020-07-13 00:00:00+00:00,0.0,0.0,0.0,-0.429930512352521,1e-06,2.627665957606111,normal,,0,0.6954448725999285,0.05106891352666556
2020-07-14 00:00:00+00:00,0.0,0.0,0.0,0.08815222568678942,1e-06,2.6405279096022904,normal,,0,0.6954448725999285,0.05106891352666556
2020-07-15 00:00:00+00:00,0.0,0.0,0.0,-0.3796893798793301,1e-06,2.6283351285548697,normal,,0,0.6954448725999285,0.05106891352666556
2020-07-16 00:00:00+00:00,0.0,0.0,0.0,-1.0748914878177882,1e-06,2.61038722440672,normal,,0,0.6954448725999285,0.05106891352666556
2020-07-17 00:00:00+00:00,0.0,0.0,0.0,-1.3912426692755078,1e-06,2.6015508545945445,normal,,0,0.6954448725999285,0.05106891352666556
2020-07-20 00:00:00+00:00,0.0,0.0,0.0,-0.9996906670174329,1e-06,2.6104674264554757,normal,,0,0.6954448725999285,0.05106891352666556
2020-07-21 00:00:00+00:00,0.0,0.0,0.0,-1.1790760153643791,1e-06,2.605064566311869,normal,,0,0.6954448725999285,0.05106891352666556
2020-07-22 00:00:00+00:00,0.0,0.0,0.0,-1.5902888802277086,1e-06,2.593362550881284,normal,,0,0.6954448725999285,0.05106891352666556
2020-07-23 00:00:00+00:00,0.0,0.0,0.0,-1.8384166046262587,1e-06,2.5851492855499734,normal,,0,0.6954448725999285,0.05106891352666556
2020-07-24 00:00:00+00:00,0.0,0.0,0.0,-2.0010736369495197,1e-06,2.5786986888834837,normal,,0,0.6954448725999285,0.05106891352666556
2020-07-27 00:00:00+00:00,0.0,0.0,0.0,-2.0216930928154775,1e-06,2.575667767381769,normal,,0,0.6954448725999285,0.05106891352666556
2020-07-28 00:00:00+00:00,0.0,0.0,0.0,-1.7998964895791552,1e-06,2.5791054075165527,normal,,0,0.6954448725999285,0.05106891352666556
2020-07-29 00:00:00+00:00,0.0,0.0,0.0,-1.5883024990101877,1e-06,2.5829091138846616,normal,,0,0.6954448725999285,0.05106891352666556
2020-07-30 00:00:00+00:00,0.0,0.0,0.0,-1.3224910064521591,1e-06,2.588902013901825,normal,,0,0.6954448725999285,0.05106891352666556
2020-07-31 00:00:00+00:00,0.0,0.0,0.0,-1.4949361328150628,1e-06,2.58244145348715,normal,,0,0.6954448725999285,0.05106891352666556
2020-08-03 00:00:00+00:00,0.0,0.0,0.0,-1.3550235071303063,1e-06,2.58498030003707,normal,,0,0.6954448725999285,0.05106891352666556
2020-08-04 00:00:00+00:00,0.0,0.0,0.0,-1.0250127523828085,1e-06,2.593476007380812,normal,,0,0.6954448725999285,0.05106891352666556
2020-08-05 00:00:00+00:00,0.0,0.0,0.0,-0.621231506150262,1e-06,2.6045260473523624,normal,,0,0.6954448725999285,0.05106891352666556
2020-08-06 00:00:00+00:00,0.0,0.0,0.0,-0.6513881110109323,1e-06,2.602943248728355,normal,,0,0.6954448725999285,0.05106891352666556
2020-08-07 00:00:00+00:00,0.0,0.0,0.0,-0.31137471696322233,1e-06,2.612547133862092,normal,,0,0.6954448725999285,0.05106891352666556
2020-08-10 00:00:00+00:00,0.0,0.0,0.0,-0.2569366715497954,1e-06,2.613812870837286,normal,,0,0.6954448725999285,0.05106891352666556
2020-08-11 00:00:00+00:00,0.0,0.0,0.0,-0.31596829237047414,1e-06,2.6116953888597934,normal,,0,0.6954448725999285,0.05106891352666556
2020-08-12 00:00:00+00:00,0.0,0.0,0.0,-0.6175744569016715,1e-06,2.6024260604417906,normal,,0,0.6954448725999285,0.05106891352666556
2020-08-13 00:00:00+00:00,0.0,0.0,0.0,-0.9873056196850204,1e-06,2.590862026983001,normal,,0,0.6954448725999285,0.05106891352666556
2020-08-14 00:00:00+00:00,0.0,0.0,0.0,-1.2726977648778974,1e-06,2.5814373718255026,normal,,0,0.6954448725999285,0.05106891352666556
2020-08-17 00:00:00+00:00,0.0,0.0,0.0,-1.3428837527940485,1e-06,2.578194581183992,normal,,0,0.6954448725999285,0.05106891352666556
2020-08-18 00:00:00+00:00,0.0,0.0,0.0,-1.4473414032150957,1e-06,2.5737009626203915,normal,,0,0.6954448725999285,0.05106891352666556
2020-08-19 00:00:00+00:00,0.0,0.0,0.0,-1.4483689266715556,1e-06,2.5720485273717193,normal,,0,0.6954448725999285,0.05106891352666556
2020-08-20 00:00:00+00:00,0.0,0.0,0.0,-1.244776765065684,1e-06,2.576830317700155,normal,,0,0.6954448725999285,0.05106891352666556
2020-08-21 00:00:00+00:00,0.0,0.0,0.0,-1.2955805467543613,1e-06,2.574194860768252,normal,,0,0.6954448725999285,0.05106891352666556
2020-08-24 00:00:00+00:00,0.0,0.0,0.0,-0.9616414731359965,1e-06,2.5833879984164305,normal,,0,0.6954448725999285,0.05106891352666556
2020-08-25 00:00:00+00:00,0.0,0.0,0.0,-1.0395572648536564,1e-06,2.5800269128991555,normal,,0,0.6954448725999285,0.05106891352666556
2020-08-26 00:00:00+00:00,0.0,0.0,0.0,-0.7260803351064486,1e-06,2.5885909685707684,normal,,0,0.6954448725999285,0.05106891352666556
2020-08-27 00:00:00+00:00,0.0,0.0,0.0,-0.5830047490042505,1e-06,2.5921140009161543,normal,,0,0.6954448725999285,0.05106891352666556
2020-08-28 00:00:00+00:00,0.0,0.0,0.0,-1.1969728169005085,1e-06,2.5738013271340168,normal,,0,0.6954448725999285,0.05106891352666556
2020-08-31 00:00:00+00:00,0.0,0.0,0.0,-1.2775697476243049,1e-06,2.570945990126066,normal,,0,0.6954448725999285,0.05106891352666556
2020-09-01 00:00:00+00:00,0.0,0.0,0.0,-1.2780014395870212,1e-06,2.5704223355165525,normal,,0,0.6954448725999285,0.05106891352666556
2020-09-02 00:00:00+00:00,0.0,0.0,0.0,-0.8007660321826665,1e-06,2.5824867047189843,normal,,0,0.6954448725999285,0.05106891352666556
2020-09-03 00:00:00+00:00,0.0,0.0,0.0,-1.1690653747460433,1e-06,2.5729051603504054,normal,,0,0.6954448725999285,0.05106891352666556
2020-09-04 00:00:00+00:00,0.0,0.0,0.0,-0.20740206289088775,1e-06,2.595424440504819,normal,,0,0.6954448725999285,0.05106891352666556
2020-09-08 00:00:00+00:00,0.0,0.0,0.0,-0.5435885692140029,1e-06,2.5870814780714984,normal,,0,0.6954448725999285,0.05106891352666556
2020-09-09 00:00:00+00:00,0.0,0.0,0.0,-0.9718877073693973,1e-06,2.5767887265369334,normal,,0,0.6954448725999285,0.05106891352666556
2020-09-10 00:00:00+00:00,0.0,0.0,0.0,-1.024576512649519,1e-06,2.5750869899829207,normal,,0,0.6954448725999285,0.05106891352666556
2020-09-11 00:00:00+00:00,0.0,0.0,0.0,-0.8274187180001967,1e-06,2.579296179440992,normal,,0,0.6954448725999285,0.05106891352666556
2020-09-14 00:00:00+00:00,0.0,0.0,0.0,-1.2076801401032204,1e-06,2.571362125082341,normal,,0,0.6954448725999285,0.05106891352666556
2020-09-15 00:00:00+00:00,0.0,0.0,0.0,-1.5155767721817814,1e-06,2.56521172110719,normal,,0,0.6954448725999285,0.05106891352666556
2020-09-16 00:00:00+00:00,0.0,0.0,0.0,-1.4095428437393025,1e-06,2.5665728847855185,normal,,0,0.6954448725999285,0.05106891352666556
2020-09-17 00:00:00+00:00,0.0,0.0,0.0,-2.2449828474364355,1e-06,2.5512064628685254,normal,,0,0.6954448725999285,0.05106891352666556
2020-09-18 00:00:00+00:00,0.0,0.0,0.0,-1.966655605762014,1e-06,2.5551113264574306,normal,,0,0.6954448725999285,0.05106891352666556
2020-09-21 00:00:00+00:00,0.0,0.0,0.0,-1.2118332055331429,1e-06,2.5672582852324113,normal,,0,0.6954448725999285,0.05106891352666556
2020-09-22 00:00:00+00:00,0.0,0.0,0.0,-1.1247353576353403,1e-06,2.568364033404317,normal,,0,0.6954448725999285,0.05106891352666556
2020-09-23 00:00:00+00:00,0.0,0.0,0.0,-1.317249435750319,1e-06,2.564879498374118,normal,,0,0.6954448725999285,0.05106891352666556
2020-09-24 00:00:00+00:00,0.0,0.0,0.0,0.5418696259475028,1e-06,2.5989610334046835,normal,,0,0.6954448725999285,0.05106891352666556
2020-09-25 00:00:00+00:00,0.0,0.0,0.0,0.11843254804590352,1e-06,2.59120711314573,normal,,0,0.6954448725999285,0.05106891352666556
2020-09-28 00:00:00+00:00,0.0,0.0,0.0,0.4302012614023525,1e-06,2.596901722928095,normal,,0,0.6954448725999285,0.05106891352666556
2020-09-29 00:00:00+00:00,0.0,0.0,0.0,0.7287180858027554,1e-06,2.6025475452531595,normal,,0,0.6954448725999285,0.05106891352666556
2020-09-30 00:00:00+00:00,0.0,0.0,0.0,1.03323904089238,1e-06,2.607215416781719,normal,,0,0.6954448725999285,0.05106891352666556
2020-10-01 00:00:00+00:00,2.0,0.0,0.0,-0.37346340083221935,0.010187204340901786,4.43473182135554,normal,pair_untradeable,0,0.2225130516406078,0.08594387274764217
2020-10-02 00:00:00+00:00,0.0,0.0,0.0,-0.4468562989611929,0.010187204340901786,4.432769835994586,calm,,0,0.2225130516406078,0.08594387274764217
2020-10-05 00:00:00+00:00,0.0,0.0,0.0,-0.03012136575141235,0.010187204340901786,4.4431201846342425,calm,,0,0.2225130516406078,0.08594387274764217
2020-10-06 00:00:00+00:00,0.0,0.0,0.0,-0.13949181429163637,0.010187204340901786,4.440238795461761,calm,,0,0.2225130516406078,0.08594387274764217
2020-10-07 00:00:00+00:00,0.0,0.0,0.0,0.38427516716061905,0.010187204340901786,4.452105078589395,calm,,0,0.2225130516406078,0.08594387274764217
2020-10-08 00:00:00+00:00,0.0,0.0,0.0,1.3876782937321837,0.010187204340901786,4.4735362435331885,calm,,0,0.2225130516406078,0.08594387274764217
2020-10-09 00:00:00+00:00,0.0,0.0,0.0,1.2576171050059466,0.010187204340901786,4.469340085028303,calm,,0,0.2225130516406078,0.08594387274764217
2020-10-12 00:00:00+00:00,0.0,0.0,0.0,2.4297912888065096,0.010187204340901786,4.493598423722965,calm,,0,0.2225130516406078,0.08594387274764217
2020-10-13 00:00:00+00:00,0.0,0.0,0.0,1.7934442448982904,0.010187204340901786,4.481402596253627,calm,,0,0.2225130516406078,0.08594387274764217
2020-10-14 00:00:00+00:00,0.0,0.0,0.0,1.662148344472567,0.010187204340901786,4.4786803207177615,calm,,0,0.2225130516406078,0.08594387274764217
2020-10-15 00:00:00+00:00,0.0,0.0,0.0,1.1071028907120624,0.010187204340901786,4.4664471090411855,calm,,0,0.2225130516406078,0.08594387274764217
2020-10-16 00:00:00+00:00,0.0,0.0,0.0,0.41857815347053473,0.010187204340901786,4.45145861243118,calm,,0,0.2225130516406078,0.08594387274764217
2020-10-19 00:00:00+00:00,0.0,0.0,0.0,0.6392204659469214,0.010187204340901786,4.456602905359145,calm,,0,0.2225130516406078,0.08594387274764217
2020-10-20 00:00:00+00:00,0.0,0.0,0.0,0.9204129191837053,0.010187204340901786,4.463360063461643,calm,,0,0.2225130516406078,0.08594387274764217
2020-10-21 00:00:00+00:00,0.0,0.0,0.0,-0.25642039186315274,0.010187204340901786,4.437306890885275,calm,,0,0.2225130516406078,0.08594387274764217
2020-10-22 00:00:00+00:00,0.0,0.0,0.0,0.21835855773337565,0.010187204340901786,4.448090177187217,calm,,0,0.2225130516406078,0.08594387274764217
2020-10-23 00:00:00+00:00,0.0,0.0,0.0,0.06740416276723242,0.010187204340901786,4.444827959852841,calm,,0,0.2225130516406078,0.08594387274764217
2020-10-26 00:00:00+00:00,0.0,0.0,0.0,-0.47661688574328553,0.010187204340901786,4.432812188166821,calm,,0,0.2225130516406078,0.08594387274764217
2020-10-27 00:00:00+00:00,0.0,0.0,0.0,-1.5606588550817242,0.010187204340901786,4.408826015362513,calm,,0,0.2225130516406078,0.08594387274764217
2020-10-28 00:00:00+00:00,0.0,0.0,0.0,-2.3165059863672006,0.010187204340901786,4.390779474876174,calm,,0,0.2225130516406078,0.08594387274764217
2020-10-29 00:00:00+00:00,0.0,0.0,0.0,-2.607589852794999,0.010187204340901786,4.380840855611922,calm,,0,0.2225130516406078,0.08594387274764217
2020-10-30 00:00:00+00:00,0.0,0.0,0.0,-2.5490647389856935,0.010187204340901786,4.377803186807065,calm,,0,0.2225130516406078,0.08594387274764217
2020-11-02 00:00:00+00:00,0.0,0.0,0.0,-2.2330952115389904,0.010187204340901786,4.381622702454102,calm,,0,0.2225130516406078,0.08594387274764217
2020-11-03 00:00:00+00:00,0.0,0.0,0.0,-0.8437237952529687,0.010187204340901786,4.416013652438579,calm,,0,0.2225130516406078,0.08594387274764217
2020-11-04 00:00:00+00:00,0.0,0.0,0.0,-0.9310770944703758,0.010187204340901786,4.4128861664735695,calm,,0,0.2225130516406078,0.08594387274764217
2020-11-05 00:00:00+00:00,0.0,0.0,0.0,-0.28077390681031683,0.010187204340901786,4.429442192051368,calm,,0,0.2225130516406078,0.08594387274764217
2020-11-06 00:00:00+00:00,0.0,0.0,0.0,-0.2989753980343199,0.010187204340901786,4.428343084978169,calm,,0,0.2225130516406078,0.08594387274764217
2020-11-09 00:00:00+00:00,0.0,0.0,0.0,1.3977092397379196,0.010187204340901786,4.47202122944793,calm,,0,0.2225130516406078,0.08594387274764217
2020-11-10 00:00:00+00:00,0.0,0.0,0.0,1.9903385007381136,0.010187204340901786,4.488423429850742,calm,,0,0.2225130516406078,0.08594387274764217
2020-11-11 00:00:00+00:00,0.0,0.0,0.0,1.9382948982332622,0.010187204340901786,4.489520271127302,calm,,0,0.2225130516406078,0.08594387274764217
2020-11-12 00:00:00+00:00,0.0,0.0,0.0,1.2610529756525615,0.010187204340901786,4.473073083371718,calm,,0,0.2225130516406078,0.08594387274764217
2020-11-13 00:00:00+00:00,0.0,0.0,0.0,1.8835141261635076,0.010187204340901786,4.491857051153578,calm,,0,0.2225130516406078,0.08594387274764217
2020-11-16 00:00:00+00:00,0.0,0.0,0.0,2.0337617035232967,0.010187204340901786,4.498754208745368,calm,,0,0.2225130516406078,0.08594387274764217
2020-11-17 00:00:00+00:00,0.0,0.0,0.0,2.229355803468594,0.010187204340901786,4.507733466214599,calm,,0,0.2225130516406078,0.08594387274764217
2020-11-18 00:00:00+00:00,0.0,0.0,0.0,2.089421164250943,0.010187204340901786,4.506829151739247,calm,,0,0.2225130516406078,0.08594387274764217
2020-11-19 00:00:00+00:00,0.0,0.0,0.0,1.7326429990642576,0.010187204340901786,4.498511000500642,calm,,0,0.2225130516406078,0.08594387274764217
2020-11-20 00:00:00+00:00,0.0,0.0,0.0,1.9477293590501523,0.010187204340901786,4.5077318506748405,calm,,0,0.2225130516406078,0.08594387274764217
2020-11-23 00:00:00+00:00,0.0,0.0,0.0,2.428369326251255,0.010187204340901786,4.526557747330596,calm,,0,0.2225130516406078,0.08594387274764217
2020-11-24 00:00:00+00:00,0.0,0.0,0.0,2.8723874510607343,0.010187204340901786,4.547629902720747,calm,,0,0.2225130516406078,0.08594387274764217
2020-11-25 00:00:00+00:00,0.0,0.0,0.0,2.526247561630062,0.010187204340901786,4.543011501567346,calm,,0,0.2225130516406078,0.08594387274764217
2020-11-27 00:00:00+00:00,0.0,0.0,0.0,2.197314721962559,0.010187204340901786,4.536440758943541,calm,,0,0.2225130516406078,0.08594387274764217
2020-11-30 00:00:00+00:00,0.0,0.0,0.0,1.8121998807993989,0.010187204340901786,4.524977762347435,calm,,0,0.2225130516406078,0.08594387274764217
2020-12-01 00:00:00+00:00,0.0,0.0,0.0,1.6529441419164466,0.010187204340901786,4.521475560423357,calm,,0,0.2225130516406078,0.08594387274764217
2020-12-02 00:00:00+00:00,0.0,0.0,0.0,2.0888320990029263,0.010187204340901786,4.542865323053267,calm,,0,0.2225130516406078,0.08594387274764217
2020-12-03 00:00:00+00:00,0.0,0.0,0.0,1.825055020390025,0.010187204340901786,4.535865061341181,calm,,0,0.2225130516406078,0.08594387274764217
2020-12-04 00:00:00+00:00,0.0,0.0,0.0,2.023437490614047,0.010187204340901786,4.548862344760145,calm,,0,0.2225130516406078,0.08594387274764217
2020-12-07 00:00:00+00:00,0.0,0.0,0.0,1.8616269552834364,0.010187204340901786,4.545997409000477,calm,,0,0.2225130516406078,0.08594387274764217
2020-12-08 00:00:00+00:00,0.0,0.0,0.0,1.8627586233533884,0.010187204340901786,4.550260983978943,calm,,0,0.2225130516406078,0.08594387274764217
2020-12-09 00:00:00+00:00,0.0,0.0,0.0,2.0659211399175352,0.010187204340901786,4.56480796770856,calm,,0,0.2225130516406078,0.08594387274764217
2020-12-10 00:00:00+00:00,0.0,0.0,0.0,2.125829511254745,0.010187204340901786,4.573306972516595,calm,,0,0.2225130516406078,0.08594387274764217
2020-12-11 00:00:00+00:00,0.0,0.0,0.0,1.729948324400893,0.010187204340901786,4.5581665412061865,calm,,0,0.2225130516406078,0.08594387274764217
2020-12-14 00:00:00+00:00,0.0,0.0,0.0,1.5361886369523476,0.010187204340901786,4.551414984633369,calm,,0,0.2225130516406078,0.08594387274764217
2020-12-15 00:00:00+00:00,0.0,0.0,0.0,1.7637331689191602,0.010187204340901786,4.566864432045547,calm,,0,0.2225130516406078,0.08594387274764217
2020-12-16 00:00:00+00:00,0.0,0.0,0.0,1.7600112589653798,0.010187204340901786,4.5705543160967785,calm,,0,0.2225130516406078,0.08594387274764217
2020-12-17 00:00:00+00:00,0.0,0.0,0.0,1.7343118890536835,0.010187204340901786,4.572779344787903,calm,,0,0.2225130516406078,0.08594387274764217
2020-12-18 00:00:00+00:00,0.0,0.0,0.0,2.2311205625078365,0.010187204340901786,4.603400687663322,calm,,0,0.2225130516406078,0.08594387274764217
2020-12-21 00:00:00+00:00,0.0,0.0,0.0,2.19895413431519,0.010187204340901786,4.608375155780092,calm,,0,0.2225130516406078,0.08594387274764217
2020-12-22 00:00:00+00:00,0.0,0.0,0.0,1.723134529834373,0.010187204340901786,4.587007028159821,calm,,0,0.2225130516406078,0.08594387274764217
2020-12-23 00:00:00+00:00,0.0,0.0,0.0,2.0470447369044518,0.010187204340901786,4.6106240172472575,calm,,0,0.2225130516406078,0.08594387274764217
2020-12-24 00:00:00+00:00,0.0,0.0,0.0,1.9086476771736105,0.010187204340901786,4.608253342145204,calm,,0,0.2225130516406078,0.08594387274764217
2020-12-28 00:00:00+00:00,0.0,0.0,0.0,2.017190560802229,0.010187204340901786,4.620614252814166,calm,,0,0.2225130516406078,0.08594387274764217
2020-12-29 00:00:00+00:00,0.0,0.0,0.0,1.826582242129558,0.010187204340901786,4.614666132948583,calm,,0,0.2225130516406078,0.08594387274764217
2020-12-30 00:00:00+00:00,0.0,0.0,0.0,1.806764500173671,0.010187204340901786,4.618555123655485,calm,,0,0.2225130516406078,0.08594387274764217
2020-12-31 00:00:00+00:00,0.0,0.0,0.0,1.982638264504291,0.010187204340901786,4.635553860427802,calm,,0,0.2225130516406078,0.08594387274764217
2021-01-04 00:00:00+00:00,2.0,0.0,0.0,2.3232518482402535,1e-06,3.139396574792998,normal,pair_untradeable,0,0.5774639606204409,0.06143511653117512
2021-01-05 00:00:00+00:00,0.0,0.0,0.0,2.571999761736599,1e-06,3.1517061180546055,normal,,0,0.5774639606204409,0.06143511653117512
2021-01-06 00:00:00+00:00,0.0,0.0,0.0,3.0623618953295284,1e-06,3.1736962298055964,normal,,0,0.5774639606204409,0.06143511653117512
2021-01-07 00:00:00+00:00,0.0,0.0,0.0,3.050053751706133,1e-06,3.182276746573439,normal,,0,0.5774639606204409,0.06143511653117512
2021-01-08 00:00:00+00:00,0.0,0.0,0.0,2.5768980746606878,1e-06,3.1731723147422555,normal,,0,0.5774639606204409,0.06143511653117512
2021-01-11 00:00:00+00:00,0.0,0.0,0.0,2.5962803679531037,1e-06,3.1806939291639043,normal,,0,0.5774639606204409,0.06143511653117512
2021-01-12 00:00:00+00:00,0.0,0.0,0.0,3.1399522422553323,1e-06,3.211810582364303,normal,,0,0.5774639606204409,0.06143511653117512
2021-01-13 00:00:00+00:00,0.0,0.0,0.0,2.975244045594738,1e-06,3.2172239898033252,normal,,0,0.5774639606204409,0.06143511653117512
2021-01-14 00:00:00+00:00,0.0,0.0,0.0,2.8953401874977827,1e-06,3.2255155291920077,normal,,0,0.5774639606204409,0.06143511653117512
2021-01-15 00:00:00+00:00,0.0,0.0,0.0,2.3533687838016513,1e-06,3.208877078776228,normal,,0,0.5774639606204409,0.06143511653117512
2021-01-19 00:00:00+00:00,0.0,0.0,0.0,1.8460367382592404,1e-06,3.188501673050201,normal,,0,0.5774639606204409,0.06143511653117512
2021-01-20 00:00:00+00:00,0.0,0.0,0.0,1.5626632146477242,1e-06,3.177110330201172,normal,,0,0.5774639606204409,0.06143511653117512
2021-01-21 00:00:00+00:00,0.0,0.0,0.0,1.4907375504503413,1e-06,3.1764875215460844,normal,,0,0.5774639606204409,0.06143511653117512
2021-01-22 00:00:00+00:00,0.0,0.0,0.0,1.5102177220008968,1e-06,3.1809319632096593,normal,,0,0.5774639606204409,0.06143511653117512
2021-01-25 00:00:00+00:00,0.0,0.0,0.0,1.2815527082680047,1e-06,3.170744539689867,normal,,0,0.5774639606204409,0.06143511653117512
2021-01-26 00:00:00+00:00,0.0,0.0,0.0,1.3559021079731701,1e-06,3.1777756856344395,normal,,0,0.5774639606204409,0.06143511653117512
2021-01-27 00:00:00+00:00,0.0,0.0,0.0,1.1224028547892255,1e-06,3.166499920176603,normal,,0,0.5774639606204409,0.06143511653117512
2021-01-28 00:00:00+00:00,0.0,0.0,0.0,1.0735073362057834,1e-06,3.1655685919002763,normal,,0,0.5774639606204409,0.06143511653117512
2021-01-29 00:00:00+00:00,0.0,0.0,0.0,1.189761518647406,1e-06,3.1740351539302605,normal,,0,0.5774639606204409,0.06143511653117512
2021-02-01 00:00:00+00:00,0.0,0.0,0.0,1.3193434073482522,1e-06,3.183051903515212,normal,,0,0.5774639606204409,0.06143511653117512
2021-02-02 00:00:00+00:00,0.0,0.0,0.0,1.5108103436553635,1e-06,3.1960162623651747,normal,,0,0.5774639606204409,0.06143511653117512
2021-02-03 00:00:00+00:00,0.0,0.0,0.0,1.6761155389680142,1e-06,3.2077363763293256,normal,,0,0.5774639606204409,0.06143511653117512
2021-02-04 00:00:00+00:00,0.0,0.0,0.0,1.679186255322697,1e-06,3.2110936212224352,normal,,0,0.5774639606204409,0.06143511653117512
2021-02-05 00:00:00+00:00,0.0,0.0,0.0,1.4974894433962007,1e-06,3.204019827886018,normal,,0,0.5774639606204409,0.06143511653117512
2021-02-08 00:00:00+00:00,0.0,0.0,0.0,1.632685104539546,1e-06,3.214479157060941,normal,,0,0.5774639606204409,0.06143511653117512
2021-02-09 00:00:00+00:00,0.0,0.0,0.0,1.6193456287261148,1e-06,3.2172918153757544,normal,,0,0.5774639606204409,0.06143511653117512
2021-02-10 00:00:00+00:00,0.0,0.0,0.0,1.7908254810018467,1e-06,3.230653041951785,normal,,0,0.5774639606204409,0.06143511653117512
2021-02-11 00:00:00+00:00,0.0,0.0,0.0,1.6102853522714033,1e-06,3.224189103006431,normal,,0,0.5774639606204409,0.06143511653117512
2021-02-12 00:00:00+00:00,0.0,0.0,0.0,1.714614798606783,1e-06,3.2337889191062916,normal,,0,0.5774639606204409,0.06143511653117512
2021-02-16 00:00:00+00:00,0.0,0.0,0.0,1.7674917568051551,1e-06,3.2407602079943,normal,,0,0.5774639606204409,0.06143511653117512
2021-02-17 00:00:00+00:00,0.0,0.0,0.0,1.8285882741154245,1e-06,3.248585887412971,normal,,0,0.5774639606204409,0.06143511653117512
2021-02-18 00:00:00+00:00,0.0,0.0,0.0,1.6629306006851432,1e-06,3.2430338905904748,normal,,0,0.5774639606204409,0.06143511653117512
2021-02-19 00:00:00+00:00,0.0,0.0,0.0,1.7548587704260912,1e-06,3.252205480839081,normal,,0,0.5774639606204409,0.06143511653117512
2021-02-22 00:00:00+00:00,0.0,0.0,0.0,1.6319974451530048,1e-06,3.248882496995419,normal,,0,0.5774639606204409,0.06143511653117512
2021-02-23 00:00:00+00:00,0.0,0.0,0.0,1.6066734966334066,1e-06,3.2510307233083493,normal,,0,0.5774639606204409,0.06143511653117512
2021-02-24 00:00:00+00:00,0.0,0.0,0.0,1.8623582192197892,1e-06,3.2705959985357898,normal,,0,0.5774639606204409,0.06143511653117512
2021-02-25 00:00:00+00:00,0.0,0.0,0.0,1.8276824122290776,1e-06,3.2731140368901537,normal,,0,0.5774639606204409,0.06143511653117512
2021-02-26 00:00:00+00:00,0.0,0.0,0.0,1.6225833625124768,1e-06,3.2644015361008134,normal,,0,0.5774639606204409,0.06143511653117512
2021-03-01 00:00:00+00:00,0.0,0.0,0.0,1.7081527759371504,1e-06,3.273123365352895,normal,,0,0.5774639606204409,0.06143511653117512
2021-03-02 00:00:00+00:00,0.0,0.0,0.0,1.517963869658888,1e-06,3.264299870070138,normal,,0,0.5774639606204409,0.06143511653117512
2021-03-03 00:00:00+00:00,0.0,0.0,0.0,1.5280697671881958,1e-06,3.2678267153459064,normal,,0,0.5774639606204409,0.06143511653117512
2021-03-04 00:00:00+00:00,0.0,0.0,0.0,1.3524125931041866,1e-06,3.2595061440648436,normal,,0,0.5774639606204409,0.06143511653117512
2021-03-05 00:00:00+00:00,0.0,0.0,0.0,1.2782397988545322,1e-06,3.2571741428996055,normal,,0,0.5774639606204409,0.06143511653117512
2021-03-08 00:00:00+00:00,0.0,0.0,0.0,1.5310614403773581,1e-06,3.2744194134293885,normal,,0,0.5774639606204409,0.06143511653117512
2021-03-09 00:00:00+00:00,0.0,0.0,0.0,1.3298298322206366,1e-06,3.264857625290033,normal,,0,0.5774639606204409,0.06143511653117512
2021-03-10 00:00:00+00:00,0.0,0.0,0.0,1.5633398323807741,1e-06,3.280928514385925,normal,,0,0.5774639606204409,0.06143511653117512
2021-03-11 00:00:00+00:00,0.0,0.0,0.0,1.5455447887303995,1e-06,3.2828137239483794,normal,,0,0.5774639606204409,0.06143511653117512
2021-03-12 00:00:00+00:00,0.0,0.0,0.0,1.7015127611234981,1e-06,3.294524439063131,normal,,0,0.5774639606204409,0.06143511653117512
2021-03-15 00:00:00+00:00,0.0,0.0,0.0,1.5405624067371988,1e-06,3.2880215730835687,normal,,0,0.5774639606204409,0.06143511653117512
2021-03-16 00:00:00+00:00,0.0,0.0,0.0,1.458152720821354,1e-06,3.285619734094528,normal,,0,0.5774639606204409,0.06143511653117512
2021-03-17 00:00:00+00:00,0.0,0.0,0.0,1.4316592655309663,1e-06,3.2861894259602376,normal,,0,0.5774639606204409,0.06143511653117512
2021-03-18 00:00:00+00:00,0.0,0.0,0.0,1.554411062088878,1e-06,3.294942015928142,normal,,0,0.5774639606204409,0.06143511653117512
2021-03-19 00:00:00+00:00,0.0,0.0,0.0,1.4211731808782913,1e-06,3.2900110883247478,normal,,0,0.5774639606204409,0.06143511653117512
2021-03-22 00:00:00+00:00,0.0,0.0,0.0,1.2264005202462913,1e-06,3.281280090074691,normal,,0,0.5774639606204409,0.06143511653117512
2021-03-23 00:00:00+00:00,0.0,0.0,0.0,1.0970837663234325,1e-06,3.2755482613006635,normal,,0,0.5774639606204409,0.06143511653117512
2021-03-24 00:00:00+00:00,0.0,0.0,0.0,0.9649620892938138,1e-06,3.2699491228424447,normal,,0,0.5774639606204409,0.06143511653117512
2021-03-25 00:00:00+00:00,0.0,0.0,0.0,0.9592209876784744,1e-06,3.2707505474284706,normal,,0,0.5774639606204409,0.06143511653117512
2021-03-26 00:00:00+00:00,0.0,0.0,0.0,0.7041463108215049,1e-06,3.2593918303954554,normal,,0,0.5774639606204409,0.06143511653117512
2021-03-29 00:00:00+00:00,0.0,0.0,0.0,0.9188560392707409,1e-06,3.2705681131911466,normal,,0,0.5774639606204409,0.06143511653117512
2021-03-30 00:00:00+00:00,0.0,0.0,0.0,1.1379430443475786,1e-06,3.2813794261050355,normal,,0,0.5774639606204409,0.06143511653117512
2021-03-31 00:00:00+00:00,0.0,0.0,0.0,0.9988826516251628,1e-06,3.276225435629527,normal,,0,0.5774639606204409,0.06143511653117512
2021-04-01 00:00:00+00:00,2.0,0.0,0.0,0.9781530870186378,0.008185537787170894,2.191496516793299,normal,pair_untradeable,0,0.8247586691639028,0.061196438160870316
2021-04-05 00:00:00+00:00,0.0,0.0,0.0,0.7607949129492602,0.008185537787170894,2.185666535315204,calm,,0,0.8247586691639028,0.061196438160870316
2021-04-06 00:00:00+00:00,0.0,0.0,0.0,0.6814557399492612,0.008185537787170894,2.1840663818631603,calm,,0,0.8247586691639028,0.061196438160870316
2021-04-07 00:00:00+00:00,0.0,0.0,0.0,0.7112400577554996,0.008185537787170894,2.1856768816422933,calm,,0,0.8247586691639028,0.061196438160870316
2021-04-08 00:00:00+00:00,0.0,0.0,0.0,0.7688685382639918,0.008185537787170894,2.187933453080052,calm,,0,0.8247586691639028,0.061196438160870316
2021-04-09 00:00:00+00:00,0.0,0.0,0.0,0.43357282267037756,0.008185537787170894,2.1794541653688086,calm,,0,0.8247586691639028,0.061196438160870316
2021-04-12 00:00:00+00:00,0.0,0.0,0.0,0.7269938710351777,0.008185537787170894,2.187925814159605,calm,,0,0.8247586691639028,0.061196438160870316
2021-04-13 00:00:00+00:00,0.0,0.0,0.0,0.6068933257476399,0.008185537787170894,2.1853464172089048,calm,,0,0.8247586691639028,0.061196438160870316
2021-04-14 00:00:00+00:00,0.0,0.0,0.0,0.8597618448059411,0.008185537787170894,2.1927045763855766,calm,,0,0.8247586691639028,0.061196438160870316
2021-04-15 00:00:00+00:00,0.0,0.0,0.0,1.1832280270323672,0.008185537787170894,2.202150288421955,calm,,0,0.8247586691639028,0.061196438160870316
2021-04-16 00:00:00+00:00,0.0,0.0,0.0,2.4896844270335508,0.008186144320155275,2.237108896982949,calm,,1,0.8247586691639028,0.061196438160870316
2021-04-19 00:00:00+00:00,0.0,0.0,0.0,1.9120398234876688,0.008185905669432038,2.2241162117263964,calm,,0,0.8247586691639028,0.061196438160870316
2021-04-20 00:00:00+00:00,0.0,0.0,0.0,1.633349674326845,0.008185760919896647,2.217748608597916,calm,,0,0.8247586691639028,0.061196438160870316
2021-04-21 00:00:00+00:00,0.0,0.0,0.0,1.1329872238842842,0.008185673124528958,2.2058699753221145,calm,,0,0.8247586691639028,0.061196438160870316
2021-04-22 00:00:00+00:00,0.0,0.0,0.0,1.1689708338539415,0.008185619873742578,2.2068526922094285,calm,,0,0.8247586691639028,0.061196438160870316
2021-04-23 00:00:00+00:00,0.0,0.0,0.0,0.9990388292117675,0.008185587575384196,2.2033175797439037,calm,,0,0.8247586691639028,0.061196438160870316
2021-04-26 00:00:00+00:00,0.0,0.0,0.0,1.2696220451508264,0.008185567985364494,2.209420446634268,calm,,0,0.8247586691639028,0.061196438160870316
2021-04-27 00:00:00+00:00,0.0,0.0,0.0,1.460506474044422,0.008185556103371381,2.2130127624520566,calm,,0,0.8247586691639028,0.061196438160870316
2021-04-28 00:00:00+00:00,0.0,0.0,0.0,1.3799049231339666,0.008185548896550638,2.2117097299864974,calm,,0,0.8247586691639028,0.061196438160870316
2021-04-29 00:00:00+00:00,0.0,0.0,0.0,1.5613507967620135,0.008185544525376145,2.2155130054167893,calm,,0,0.8247586691639028,0.061196438160870316
2021-04-30 00:00:00+00:00,0.0,0.0,0.0,1.1437909236164305,0.008185541874114634,2.208185045293789,calm,,0,0.8247586691639028,0.061196438160870316
2021-05-03 00:00:00+00:00,0.0,0.0,0.0,1.828557724134628,0.008185540266037078,2.2211090869207633,calm,,0,0.8247586691639028,0.061196438160870316
2021-05-04 00:00:00+00:00,0.0,0.0,0.0,1.5987355004373407,0.008185539290684999,2.2179101418221996,calm,,0,0.8247586691639028,0.061196438160870316
2021-05-05 00:00:00+00:00,0.0,0.0,0.0,1.7533073562754928,0.008185538699101791,2.220698275867773,calm,,0,0.8247586691639028,0.061196438160870316
2021-05-06 00:00:00+00:00,0.0,0.0,0.0,1.7075571151700932,0.008185538340287063,2.2203674044203914,calm,,0,0.8247586691639028,0.061196438160870316
2021-05-07 00:00:00+00:00,0.0,0.0,0.0,2.113171543879873,0.008185538122654094,2.227440168423462,calm,,0,0.8247586691639028,0.061196438160870316
2021-05-10 00:00:00+00:00,0.0,0.0,0.0,2.2410862888666716,0.008185537990652521,2.2310452963944902,calm,,0,0.8247586691639028,0.061196438160870316
2021-05-11 00:00:00+00:00,0.0,0.0,0.0,1.6574223495382943,0.008185537910589213,2.2226971001332405,calm,,0,0.8247586691639028,0.061196438160870316
2021-05-12 00:00:00+00:00,0.0,0.0,0.0,1.5202003429602402,0.008185537862028174,2.221277294708022,calm,,0,0.8247586691639028,0.061196438160870316
2021-05-13 00:00:00+00:00,0.0,0.0,0.0,1.3660325739015922,0.008185537832574304,2.2194983933021257,calm,,0,0.8247586691639028,0.061196438160870316
2021-05-14 00:00:00+00:00,0.0,0.0,0.0,1.556847651992782,0.00818553781470956,2.2234856820904056,calm,,0,0.8247586691639028,0.061196438160870316
2021-05-17 00:00:00+00:00,0.0,0.0,0.0,1.1729217774126408,0.008185537803874003,2.2179580532097005,calm,,0,0.8247586691639028,0.061196438160870316
2021-05-18 00:00:00+00:00,0.0,0.0,0.0,0.9205586946797415,0.00818553779730188,2.2143642394098153,calm,,0,0.8247586691639028,0.061196438160870316
2021-05-19 00:00:00+00:00,0.0,0.0,0.0,0.5379096957607122,0.008185537793315672,2.2084815712742993,calm,,0,0.8247586691639028,0.061196438160870316
2021-05-20 00:00:00+00:00,0.0,0.0,0.0,0.48571032017137544,0.008185537790897904,2.2080360212753334,calm,,0,0.8247586691639028,0.061196438160870316
2021-05-21 00:00:00+00:00,0.0,0.0,0.0,0.4979136444379834,0.008185537789431449,2.208555300231243,calm,,0,0.8247586691639028,0.061196438160870316
2021-05-24 00:00:00+00:00,0.0,0.0,0.0,-0.07435666793983413,0.008185537788541995,2.199463664942552,calm,,0,0.8247586691639028,0.061196438160870316
2021-05-25 00:00:00+00:00,0.0,0.0,0.0,-0.30998160091604,0.008185537788002512,2.195781556110883,calm,,0,0.8247586691639028,0.061196438160870316
2021-05-26 00:00:00+00:00,0.0,0.0,0.0,0.039628548312748584,0.008185537787675298,2.2015319673558813,calm,,0,0.8247586691639028,0.061196438160870316
2021-05-27 00:00:00+00:00,0.0,0.0,0.0,0.2708848898848367,0.008185537787476832,2.2056016243249292,calm,,0,0.8247586691639028,0.061196438160870316
2021-05-28 00:00:00+00:00,0.0,0.0,0.0,-0.08048569075886328,0.008185537787356456,2.20048910093331,calm,,0,0.8247586691639028,0.061196438160870316
2021-06-01 00:00:00+00:00,0.0,0.0,0.0,0.9216592588137339,0.008185537787283443,2.2162019137354547,calm,,0,0.8247586691639028,0.061196438160870316
2021-06-02 00:00:00+00:00,0.0,0.0,0.0,0.7283072699945061,0.008185537787239159,2.2136945675439565,calm,,0,0.8247586691639028,0.061196438160870316
2021-06-03 00:00:00+00:00,0.0,0.0,0.0,1.2506498762508045,0.008185537787212298,2.221738875581366,calm,,0,0.8247586691639028,0.061196438160870316
2021-06-04 00:00:00+00:00,0.0,0.0,0.0,1.41081158815295,0.008185537787196008,2.2245533891537463,calm,,0,0.8247586691639028,0.061196438160870316
2021-06-07 00:00:00+00:00,0.0,0.0,0.0,1.232628804346818,0.008185537787186127,2.2226684069518567,calm,,0,0.8247586691639028,0.061196438160870316
2021-06-08 00:00:00+00:00,0.0,0.0,0.0,0.8062335810174545,0.008185537787180133,2.2170538760383076,calm,,0,0.8247586691639028,0.061196438160870316
2021-06-09 00:00:00+00:00,0.0,0.0,0.0,0.5424637237628746,0.008185537787176497,2.213550325648238,calm,,0,0.8247586691639028,0.061196438160870316
2021-06-10 00:00:00+00:00,0.0,0.0,0.0,-0.47234185714881927,0.008185537787174292,2.199081200403079,calm,,0,0.8247586691639028,0.061196438160870316
2021-06-11 00:00:00+00:00,0.0,0.0,0.0,-0.008099161767738903,0.008185537787172955,2.2059227429811656,calm,,0,0.8247586691639028,0.061196438160870316
2021-06-14 00:00:00+00:00,0.0,0.0,0.0,-0.2414507604411921,0.008185537787172145,2.202834902360827,calm,,0,0.8247586691639028,0.061196438160870316
2021-06-15 00:00:00+00:00,0.0,0.0,0.0,-0.3370990226564107,0.008185537787171652,2.201517535333362,calm,,0,0.8247586691639028,0.061196438160870316
2021-06-16 00:00:00+00:00,0.0,0.0,0.0,-0.833239165068555,0.008185537787171354,2.194482961355965,calm,,0,0.8247586691639028,0.061196438160870316
2021-06-17 00:00:00+00:00,0.0,0.0,0.0,-0.670984608390756,0.008185537787171173,2.196913932776596,calm,,0,0.8247586691639028,0.061196438160870316
2021-06-18 00:00:00+00:00,0.0,0.0,0.0,-0.5184008070562544,0.008185537787171064,2.199170650354688,calm,,0,0.8247586691639028,0.061196438160870316
2021-06-21 00:00:00+00:00,0.0,0.0,0.0,-0.17371149964670793,0.008185537787170996,2.2042817435059026,calm,,0,0.8247586691639028,0.061196438160870316
2021-06-22 00:00:00+00:00,0.0,0.0,0.0,0.17331539427421647,0.008185537787170957,2.2094362951940747,calm,,0,0.8247586691639028,0.061196438160870316
2021-06-23 00:00:00+00:00,0.0,0.0,0.0,0.7646441299990682,0.008185537787170932,2.217617781614864,calm,,0,0.8247586691639028,0.061196438160870316
2021-06-24 00:00:00+00:00,0.0,0.0,0.0,1.201302370993042,0.008185537787170917,2.2236374305825723,calm,,0,0.8247586691639028,0.061196438160870316
2021-06-25 00:00:00+00:00,0.0,0.0,0.0,0.3083442423661521,0.008185537787170908,2.212462980637137,calm,,0,0.8247586691639028,0.061196438160870316
2021-06-28 00:00:00+00:00,0.0,0.0,0.0,0.10608296137799067,0.008185537787170903,2.2100174537209054,calm,,0,0.8247586691639028,0.061196438160870316
2021-06-29 00:00:00+00:00,0.0,0.0,0.0,-0.6093068959184158,0.0081855377871709,2.2010980636823447,calm,,0,0.8247586691639028,0.061196438160870316
2021-06-30 00:00:00+00:00,0.0,0.0,0.0,0.28844673354235917,0.008185537787170898,2.2128167128836522,calm,,0,0.8247586691639028,0.061196438160870316
2021-07-01 00:00:00+00:00,2.0,0.0,0.0,-1.3229153141436578,0.008793966011250789,1.908265872361409,normal,pair_untradeable,0,0.8888385580090036,0.062480150351368544
2021-07-02 00:00:00+00:00,0.0,0.0,0.0,-1.665350046165887,0.008793966011250024,1.904296965485134,calm,,0,0.8888385580090036,0.062480150351368544
2021-07-06 00:00:00+00:00,0.0,0.0,0.0,-1.201505477023936,0.008793966011249495,1.9097265990238679,calm,,0,0.8888385580090036,0.062480150351368544
2021-07-07 00:00:00+00:00,0.0,0.0,0.0,-1.5655513545715383,0.008793966011249127,1.906067390852769,calm,,0,0.8888385580090036,0.062480150351368544
2021-07-08 00:00:00+00:00,0.0,0.0,0.0,-1.5751187462568936,0.008793966011248874,1.9059020438706047,calm,,0,0.8888385580090036,0.062480150351368544
2021-07-09 00:00:00+00:00,0.0,0.0,0.0,-0.5959357089715913,0.008793966011248697,1.9174149696564564,calm,,0,0.8888385580090036,0.062480150351368544
2021-07-12 00:00:00+00:00,0.0,0.0,0.0,-0.5185003031539419,0.008793966011248575,1.9184706468832928,calm,,0,0.8888385580090036,0.062480150351368544
2021-07-13 00:00:00+00:00,0.0,0.0,0.0,-2.263933839493738,0.00879396601124849,1.898132326696996,calm,,0,0.8888385580090036,0.062480150351368544
2021-07-14 00:00:00+00:00,0.0,0.0,0.0,-1.6955426534267728,0.008793966011248431,1.9043242444482278,calm,,0,0.8888385580090036,0.062480150351368544
2021-07-15 00:00:00+00:00,0.0,0.0,0.0,-2.2256124509725144,0.008793966011248391,1.8977725860353774,calm,,0,0.8888385580090036,0.062480150351368544
2021-07-16 00:00:00+00:00,0.0,0.0,0.0,-3.094733719955356,0.008793966011248364,1.8865318641260016,calm,,0,0.8888385580090036,0.062480150351368544
2021-07-19 00:00:00+00:00,0.0,0.0,0.0,-3.5802664458498086,0.008793966011248343,1.8771699091346017,calm,,0,0.8888385580090036,0.062480150351368544
2021-07-20 00:00:00+00:00,0.0,0.0,0.0,-3.570203980645738,0.00879396601124833,1.8720639711805243,calm,,0,0.8888385580090036,0.062480150351368544
2021-07-21 00:00:00+00:00,0.0,0.0,0.0,-3.4240041370386787,0.00879396601124832,1.8685205063249395,calm,,0,0.8888385580090036,0.062480150351368544
2021-07-22 00:00:00+00:00,0.0,0.0,0.0,-3.0658252114888382,0.008793966011248313,1.8687313094063747,calm,,0,0.8888385580090036,0.062480150351368544
2021-07-23 00:00:00+00:00,0.0,0.0,0.0,-2.0776417020380564,0.00879396601124831,1.8814482507628565,calm,,0,0.8888385580090036,0.062480150351368544
2021-07-26 00:00:00+00:00,0.0,0.0,0.0,-2.8539583392922263,0.008793966011248306,1.8654928511785824,calm,,0,0.8888385580090036,0.062480150351368544
2021-07-27 00:00:00+00:00,0.0,0.0,0.0,-2.5382512592575703,0.008793966011248305,1.8673549650717085,calm,,0,0.8888385580090036,0.062480150351368544
2021-07-28 00:00:00+00:00,0.0,0.0,0.0,-2.404936552934973,0.008793966011248303,1.8666376477828965,calm,,0,0.8888385580090036,0.062480150351368544
2021-07-29 00:00:00+00:00,0.0,0.0,0.0,-1.8385244871752915,0.008793966011248301,1.875524762711101,calm,,0,0.8888385580090036,0.062480150351368544
2021-07-30 00:00:00+00:00,0.0,0.0,0.0,-2.036537024635948,0.008793966011248301,1.8696388635788903,calm,,0,0.8888385580090036,0.062480150351368544
2021-08-02 00:00:00+00:00,0.0,0.0,0.0,-1.7071510374554493,0.008793966011248301,1.8746707653593893,calm,,0,0.8888385580090036,0.062480150351368544
2021-08-03 00:00:00+00:00,0.0,0.0,0.0,-1.4914757391219595,0.0087939660112483,1.87788721504959,calm,,0,0.8888385580090036,0.062480150351368544
2021-08-04 00:00:00+00:00,0.0,0.0,0.0,-1.7747165873417712,0.0087939660112483,1.8705492349372985,calm,,0,0.8888385580090036,0.062480150351368544
2021-08-05 00:00:00+00:00,0.0,0.0,0.0,-1.4495266664024198,0.0087939660112483,1.876368902997151,calm,,0,0.8888385580090036,0.062480150351368544
2021-08-06 00:00:00+00:00,0.0,0.0,0.0,-0.5951586657196771,0.0087939660112483,1.894177438340539,calm,,0,0.8888385580090036,0.062480150351368544
2021-08-09 00:00:00+00:00,0.0,0.0,0.0,-0.738251016413785,0.0087939660112483,1.890512268412106,calm,,0,0.8888385580090036,0.062480150351368544
2021-08-10 00:00:00+00:00,0.0,0.0,0.0,-0.2688259966421582,0.0087939660112483,1.9000675307686912,calm,,0,0.8888385580090036,0.062480150351368544
2021-08-11 00:00:00+00:00,0.0,0.0,0.0,-0.3701895244577913,0.0087939660112483,1.8974064474504075,calm,,0,0.8888385580090036,0.062480150351368544
2021-08-12 00:00:00+00:00,0.0,0.0,0.0,-0.35061162469403123,0.0087939660112483,1.897348922646648,calm,,0,0.8888385580090036,0.062480150351368544
2021-08-13 00:00:00+00:00,0.0,0.0,0.0,-0.7027086308335623,0.0087939660112483,1.8896041460127346,calm,,0,0.8888385580090036,0.062480150351368544
2021-08-16 00:00:00+00:00,0.0,0.0,0.0,-0.8509546163391806,0.0087939660112483,1.8860276920408428,calm,,0,0.8888385580090036,0.062480150351368544
2021-08-17 00:00:00+00:00,0.0,0.0,0.0,-0.9263120851221124,0.0087939660112483,1.8838885728297612,calm,,0,0.8888385580090036,0.062480150351368544
2021-08-18 00:00:00+00:00,0.0,0.0,0.0,-0.8588379969318495,0.0087939660112483,1.8846552297077954,calm,,0,0.8888385580090036,0.062480150351368544
2021-08-19 00:00:00+00:00,0.0,0.0,0.0,-0.8424829453459575,0.0087939660112483,1.8844729452250437,calm,,0,0.8888385580090036,0.062480150351368544
2021-08-20 00:00:00+00:00,0.0,0.0,0.0,-1.1815190066345538,0.0087939660112483,1.8769212427084287,calm,,0,0.8888385580090036,0.062480150351368544
2021-08-23 00:00:00+00:00,0.0,0.0,0.0,-0.9917333357580959,0.0087939660112483,1.8800908613285117,calm,,0,0.8888385580090036,0.062480150351368544
2021-08-24 00:00:00+00:00,0.0,0.0,0.0,-0.2638938680295386,0.0087939660112483,1.894765520668943,calm,,0,0.8888385580090036,0.062480150351368544
2021-08-25 00:00:00+00:00,0.0,0.0,0.0,-0.35121606019381996,0.0087939660112483,1.8926577966198606,calm,,0,0.8888385580090036,0.062480150351368544
2021-08-26 00:00:00+00:00,0.0,0.0,0.0,-0.2501745918099633,0.0087939660112483,1.894289626475742,calm,,0,0.8888385580090036,0.062480150351368544
2021-08-27 00:00:00+00:00,0.0,0.0,0.0,0.0014676233233735436,0.0087939660112483,1.8990353090724543,calm,,0,0.8888385580090036,0.062480150351368544
2021-08-30 00:00:00+00:00,0.0,0.0,0.0,-0.04722220356838058,0.0087939660112483,1.8975218650257961,calm,,0,0.8888385580090036,0.062480150351368544
2021-08-31 00:00:00+00:00,0.0,0.0,0.0,-0.3115193830799326,0.0087939660112483,1.89176986400875,calm,,0,0.8888385580090036,0.062480150351368544
2021-09-01 00:00:00+00:00,0.0,0.0,0.0,-0.1629633438028717,0.0087939660112483,1.8940906080521422,calm,,0,0.8888385580090036,0.062480150351368544
2021-09-02 00:00:00+00:00,0.0,0.0,0.0,-0.3046903469279116,0.0087939660112483,1.8909616208294988,calm,,0,0.8888385580090036,0.062480150351368544
2021-09-03 00:00:00+00:00,0.0,0.0,0.0,-0.3825995816984864,0.0087939660112483,1.8890880931026794,calm,,0,0.8888385580090036,0.062480150351368544
2021-09-07 00:00:00+00:00,0.0,0.0,0.0,-0.5729511163996406,0.0087939660112483,1.8852880426257723,calm,,0,0.8888385580090036,0.062480150351368544
2021-09-08 00:00:00+00:00,0.0,0.0,0.0,-0.8653263249899158,0.0087939660112483,1.8795523839879795,calm,,0,0.8888385580090036,0.062480150351368544
2021-09-09 00:00:00+00:00,0.0,0.0,0.0,-1.017386706326804,0.0087939660112483,1.8762772832141996,calm,,0,0.8888385580090036,0.062480150351368544
2021-09-10 00:00:00+00:00,0.0,0.0,0.0,-0.485357668587969,0.0087939660112483,1.8852982476442612,calm,,0,0.8888385580090036,0.062480150351368544
2021-09-13 00:00:00+00:00,0.0,0.0,0.0,-0.6001433597559713,0.0087939660112483,1.8829027635308035,calm,,0,0.8888385580090036,0.062480150351368544
2021-09-14 00:00:00+00:00,0.0,0.0,0.0,-0.11438883114012327,0.0087939660112483,1.8912333607965799,calm,,0,0.8888385580090036,0.062480150351368544
2021-09-15 00:00:00+00:00,0.0,0.0,0.0,-0.9710034713411151,0.0087939660112483,1.8756496922899544,calm,,0,0.8888385580090036,0.062480150351368544
2021-09-16 00:00:00+00:00,0.0,0.0,0.0,-1.3683630124724828,0.0087939660112483,1.868139102854018,calm,,0,0.8888385580090036,0.062480150351368544
2021-09-17 00:00:00+00:00,0.0,0.0,0.0,-1.6392103271378617,0.0087939660112483,1.862848663382513,calm,,0,0.8888385580090036,0.062480150351368544
2021-09-20 00:00:00+00:00,0.0,0.0,0.0,-1.9949978325078015,0.0087939660112483,1.8564740188358604,calm,,0,0.8888385580090036,0.062480150351368544
2021-09-21 00:00:00+00:00,0.0,0.0,0.0,-2.1901039214619895,0.0087939660112483,1.853202240651795,calm,,0,0.8888385580090036,0.062480150351368544
2021-09-22 00:00:00+00:00,0.0,0.0,0.0,-2.267527628490839,0.0087939660112483,1.850925108626078,calm,,0,0.8888385580090036,0.062480150351368544
2021-09-23 00:00:00+00:00,0.0,0.0,0.0,-2.357737597151162,0.0087939660112483,1.8481724901728338,calm,,0,0.8888385580090036,0.062480150351368544
2021-09-24 00:00:00+00:00,0.0,0.0,0.0,-2.131876494336337,0.0087939660112483,1.8499620859020949,calm,,0,0.8888385580090036,0.062480150351368544
2021-09-27 00:00:00+00:00,0.0,0.0,0.0,-1.9711866755971732,0.0087939660112483,1.8516840273287505,calm,,0,0.8888385580090036,0.062480150351368544
2021-09-28 00:00:00+00:00,0.0,0.0,0.0,-1.7091122901401024,0.0087939660112483,1.8546876339857672,calm,,0,0.8888385580090036,0.062480150351368544
2021-09-29 00:00:00+00:00,0.0,0.0,0.0,-1.0848578294901845,0.0087939660112483,1.864072797599058,calm,,0,0.8888385580090036,0.062480150351368544
2021-09-30 00:00:00+00:00,0.0,0.0,0.0,-1.0351700222495466,0.0087939660112483,1.8643857859594064,calm,,0,0.8888385580090036,0.062480150351368544
2021-10-01 00:00:00+00:00,2.0,0.0,0.0,-1.433761425489244,0.01046511620396117,2.075386488567866,normal,pair_untradeable,0,0.841479520599787,0.0580412651856102
2021-10-04 00:00:00+00:00,0.0,0.0,0.0,-1.444717178270373,0.01046511620396117,2.0743880720848167,calm,,0,0.841479520599787,0.0580412651856102
2021-10-05 00:00:00+00:00,0.0,0.0,0.0,-0.7886734842883482,0.01046511620396117,2.0844052280504273,calm,,0,0.841479520599787,0.0580412651856102
2021-10-06 00:00:00+00:00,0.0,0.0,0.0,0.010102013420341071,0.01046511620396117,2.0964150237140533,calm,,0,0.841479520599787,0.0580412651856102
2021-10-07 00:00:00+00:00,0.0,0.0,0.0,0.483604174184927,0.01046511620396117,2.1033700984563595,calm,,0,0.841479520599787,0.0580412651856102
2021-10-08 00:00:00+00:00,0.0,0.0,0.0,0.09131243210257303,0.01046511620396117,2.0971022528080305,calm,,0,0.841479520599787,0.0580412651856102
2021-10-11 00:00:00+00:00,0.0,0.0,0.0,0.33001924545364825,0.01046511620396117,2.1003836882681988,calm,,0,0.841479520599787,0.0580412651856102
2021-10-12 00:00:00+00:00,0.0,0.0,0.0,0.5248320940603817,0.01046511620396117,2.1032798845670437,calm,,0,0.841479520599787,0.0580412651856102
2021-10-13 00:00:00+00:00,0.0,0.0,0.0,-0.33668022110047935,0.01046511620396117,2.0906913181844105,calm,,0,0.841479520599787,0.0580412651856102
2021-10-14 00:00:00+00:00,0.0,0.0,0.0,-0.42473051772842024,0.01046511620396117,2.0894617852176585,calm,,0,0.841479520599787,0.0580412651856102
2021-10-15 00:00:00+00:00,0.0,0.0,0.0,1.120201835426103,0.01046511620396117,2.112422404149963,calm,,0,0.841479520599787,0.0580412651856102
2021-10-18 00:00:00+00:00,0.0,0.0,0.0,2.74532144890141,0.01046511620396117,2.13714540842221,calm,,0,0.841479520599787,0.0580412651856102
2021-10-19 00:00:00+00:00,0.0,0.0,0.0,2.0746530065877518,0.01046511620396117,2.129722670288401,calm,,0,0.841479520599787,0.0580412651856102
2021-10-20 00:00:00+00:00,0.0,0.0,0.0,2.079594093186385,0.01046511620396117,2.131487628229209,calm,,0,0.841479520599787,0.0580412651856102
2021-10-21 00:00:00+00:00,0.0,0.0,0.0,2.23377147492393,0.01046511620396117,2.135816613110333,calm,,0,0.841479520599787,0.0580412651856102
2021-10-22 00:00:00+00:00,0.0,0.0,0.0,2.0662285971407,0.01046511620396117,2.1350361179425494,calm,,0,0.841479520599787,0.0580412651856102
2021-10-25 00:00:00+00:00,0.0,0.0,0.0,2.0676530072090262,0.01046511620396117,2.136958462505184,calm,,0,0.841479520599787,0.0580412651856102
2021-10-26 00:00:00+00:00,0.0,0.0,0.0,1.6066674897542215,0.01046511620396117,2.130443486194132,calm,,0,0.841479520599787,0.0580412651856102
2021-10-27 00:00:00+00:00,0.0,0.0,0.0,1.3018673017358273,0.01046511620396117,2.125962347226702,calm,,0,0.841479520599787,0.0580412651856102
2021-10-28 00:00:00+00:00,0.0,0.0,0.0,1.599696452812611,0.01046511620396117,2.1324169636914436,calm,,0,0.841479520599787,0.0580412651856102
2021-10-29 00:00:00+00:00,0.0,0.0,0.0,1.1918962424660917,0.01046511620396117,2.1258188417933734,calm,,0,0.841479520599787,0.0580412651856102
2021-11-01 00:00:00+00:00,0.0,0.0,0.0,1.0992284374075159,0.01046511620396117,2.1247824992667956,calm,,0,0.841479520599787,0.0580412651856102
2021-11-02 00:00:00+00:00,0.0,0.0,0.0,1.787416728952925,0.01046511620396117,2.1385985051594827,calm,,0,0.841479520599787,0.0580412651856102
2021-11-03 00:00:00+00:00,0.0,0.0,0.0,1.7319090842459601,0.01046511620396117,2.1388800852373953,calm,,0,0.841479520599787,0.0580412651856102
2021-11-04 00:00:00+00:00,0.0,0.0,0.0,1.2223848799218349,0.01046511620396117,2.1295090098590306,calm,,0,0.841479520599787,0.0580412651856102
2021-11-05 00:00:00+00:00,0.0,0.0,0.0,1.3617236973620945,0.01046511620396117,2.132814524540072,calm,,0,0.841479520599787,0.0580412651856102
2021-11-08 00:00:00+00:00,0.0,0.0,0.0,1.5037093336739864,0.01046511620396117,2.136379419820498,calm,,0,0.841479520599787,0.0580412651856102
2021-11-09 00:00:00+00:00,0.0,0.0,0.0,1.2341074284839935,0.01046511620396117,2.1316742454250965,calm,,0,0.841479520599787,0.0580412651856102
2021-11-10 00:00:00+00:00,0.0,0.0,0.0,1.2773880161610576,0.01046511620396117,2.1333664058537787,calm,,0,0.841479520599787,0.0580412651856102
2021-11-11 00:00:00+00:00,0.0,0.0,0.0,1.1992789619535862,0.01046511620396117,2.1325313881761496,calm,,0,0.841479520599787,0.0580412651856102
2021-11-12 00:00:00+00:00,0.0,0.0,0.0,1.040374936915091,0.01046511620396117,2.129819450364017,calm,,0,0.841479520599787,0.0580412651856102
2021-11-15 00:00:00+00:00,0.0,0.0,0.0,0.8800637388587828,0.01046511620396117,2.126906136227394,calm,,0,0.841479520599787,0.0580412651856102
2021-11-16 00:00:00+00:00,0.0,0.0,0.0,0.4962697679333716,0.01046511620396117,2.1189335742703905,calm,,0,0.841479520599787,0.0580412651856102
2021-11-17 00:00:00+00:00,0.0,0.0,0.0,0.3053592932009316,0.01046511620396117,2.114999843434129,calm,,0,0.841479520599787,0.0580412651856102
2021-11-18 00:00:00+00:00,0.0,0.0,0.0,0.2265414017993526,0.01046511620396117,2.113252735325706,calm,,0,0.841479520599787,0.0580412651856102
2021-11-19 00:00:00+00:00,0.0,0.0,0.0,0.08155473428827116,0.01046511620396117,2.110018904837309,calm,,0,0.841479520599787,0.0580412651856102
2021-11-22 00:00:00+00:00,0.0,0.0,0.0,0.1265832076194254,0.01046511620396117,2.1109547661897743,calm,,0,0.841479520599787,0.0580412651856102
2021-11-23 00:00:00+00:00,0.0,0.0,0.0,0.3513897069503552,0.01046511620396117,2.115816254378596,calm,,0,0.841479520599787,0.0580412651856102
2021-11-24 00:00:00+00:00,0.0,0.0,0.0,-0.15146958841069968,0.01046511620396117,2.1045780507632506,calm,,0,0.841479520599787,0.0580412651856102
2021-11-26 00:00:00+00:00,0.0,0.0,0.0,-0.1771544979362184,0.01046511620396117,2.1038825479390257,calm,,0,0.841479520599787,0.0580412651856102
2021-11-29 00:00:00+00:00,0.0,0.0,0.0,-0.039622530845486836,0.01046511620396117,2.1067757879205096,calm,,0,0.841479520599787,0.0580412651856102
2021-11-30 00:00:00+00:00,0.0,0.0,0.0,0.07979384847205719,0.01046511620396117,2.1093591030162293,calm,,0,0.841479520599787,0.0580412651856102
2021-12-01 00:00:00+00:00,0.0,0.0,0.0,-0.6421623232356338,0.01046511620396117,2.0932858627713125,calm,,0,0.841479520599787,0.0580412651856102
2021-12-02 00:00:00+00:00,0.0,0.0,0.0,-0.6639225108982977,0.01046511620396117,2.092550013198344,calm,,0,0.841479520599787,0.0580412651856102
2021-12-03 00:00:00+00:00,0.0,0.0,0.0,-0.9326311713549552,0.01046511620396117,2.086379388699736,calm,,0,0.841479520599787,0.0580412651856102
2021-12-06 00:00:00+00:00,0.0,0.0,0.0,-0.5848329748660108,0.01046511620396117,2.0939390301709726,calm,,0,0.841479520599787,0.0580412651856102
2021-12-07 00:00:00+00:00,0.0,0.0,0.0,-0.4274266579475267,0.01046511620396117,2.0972815709260284,calm,,0,0.841479520599787,0.0580412651856102
2021-12-08 00:00:00+00:00,0.0,0.0,0.0,-0.22167288054054538,0.01046511620396117,2.101824425652055,calm,,0,0.841479520599787,0.0580412651856102
2021-12-09 00:00:00+00:00,0.0,0.0,0.0,-0.20513307751182125,0.01046511620396117,2.1020573424578957,calm,,0,0.841479520599787,0.0580412651856102
2021-12-10 00:00:00+00:00,0.0,0.0,0.0,-0.05045380612929821,0.01046511620396117,2.1056711829366477,calm,,0,0.841479520599787,0.0580412651856102
2021-12-13 00:00:00+00:00,0.0,0.0,0.0,-0.25575677292985577,0.01046511620396117,2.1013781473282482,calm,,0,0.841479520599787,0.0580412651856102
2021-12-14 00:00:00+00:00,0.0,0.0,0.0,-0.3565200568074097,0.01046511620396117,2.09953249275836,calm,,0,0.841479520599787,0.0580412651856102
2021-12-15 00:00:00+00:00,0.0,0.0,0.0,-0.5542933211818183,0.01046511620396117,2.0958006512556695,calm,,0,0.841479520599787,0.0580412651856102
2021-12-16 00:00:00+00:00,0.0,0.0,0.0,-0.2456184033026395,0.01046511620396117,2.103070488030461,calm,,0,0.841479520599787,0.0580412651856102
2021-12-17 00:00:00+00:00,0.0,0.0,0.0,-0.630224309446464,0.01046511620396117,2.09582436584441,calm,,0,0.841479520599787,0.0580412651856102
2021-12-20 00:00:00+00:00,0.0,0.0,0.0,-1.276645506604649,0.01046511620396117,2.0837307679176913,calm,,0,0.841479520599787,0.0580412651856102
2021-12-21 00:00:00+00:00,0.0,0.0,0.0,-1.2390741643420529,0.01046511620396117,2.0852211005677095,calm,,0,0.841479520599787,0.0580412651856102
2021-12-22 00:00:00+00:00,0.0,0.0,0.0,-1.0659665407804872,0.01046511620396117,2.089210921410299,calm,,0,0.841479520599787,0.0580412651856102
2021-12-23 00:00:00+00:00,0.0,0.0,0.0,-1.3943434872621026,0.01046511620396117,2.0836782951558583,calm,,0,0.841479520599787,0.0580412651856102
2021-12-27 00:00:00+00:00,0.0,0.0,0.0,-1.3220524326377252,0.01046511620396117,2.0851202579260137,calm,,0,0.841479520599787,0.0580412651856102
2021-12-28 00:00:00+00:00,0.0,0.0,0.0,-1.362370713255409,0.01046511620396117,2.08455944840771,calm,,0,0.841479520599787,0.0580412651856102
2021-12-29 00:00:00+00:00,0.0,0.0,0.0,-0.9578482670758638,0.01046511620396117,2.0925449252069757,calm,,0,0.841479520599787,0.0580412651856102
2021-12-30 00:00:00+00:00,0.0,0.0,0.0,-1.422491200822722,0.01046511620396117,2.0848908812994256,calm,,0,0.841479520599787,0.0580412651856102
2021-12-31 00:00:00+00:00,0.0,0.0,0.0,-1.2477536317391424,0.01046511620396117,2.088069429496856,calm,,0,0.841479520599787,0.0580412651856102
2022-01-03 00:00:00+00:00,2.0,0.0,0.0,-0.5577384626266372,0.009740259648830926,2.1025209922679147,normal,pair_untradeable,0,0.8409972156789847,0.056204210077605836
2022-01-04 00:00:00+00:00,0.0,0.0,0.0,-0.401951051897985,0.009740259648830926,2.1052947174164114,calm,,0,0.8409972156789847,0.056204210077605836
2022-01-05 00:00:00+00:00,0.0,0.0,0.0,-0.5928649743043386,0.009740259648830926,2.1019499186628927,calm,,0,0.8409972156789847,0.056204210077605836
2022-01-06 00:00:00+00:00,0.0,0.0,0.0,-1.5746415891225247,0.009740259648830926,2.0840978036979263,calm,,0,0.8409972156789847,0.056204210077605836
2022-01-07 00:00:00+00:00,0.0,0.0,0.0,-1.8763586608149576,0.009740259648830926,2.0776017226620938,calm,,0,0.8409972156789847,0.056204210077605836
2022-01-10 00:00:00+00:00,0.0,0.0,0.0,-1.5929527728757298,0.009740259648830926,2.081999349725073,calm,,0,0.8409972156789847,0.056204210077605836
2022-01-11 00:00:00+00:00,0.0,0.0,0.0,-1.8216186637009921,0.009740259648830926,2.0771213300928353,calm,,0,0.8409972156789847,0.056204210077605836
2022-01-12 00:00:00+00:00,0.0,0.0,0.0,-2.21172380105913,0.009740259648830926,2.0678976373777616,calm,,0,0.8409972156789847,0.056204210077605836
2022-01-13 00:00:00+00:00,0.0,0.0,0.0,-1.800879057932399,0.009740259648830926,2.073992169968555,calm,,0,0.8409972156789847,0.056204210077605836
2022-01-14 00:00:00+00:00,0.0,0.0,0.0,-1.4844293298813265,0.009740259648830926,2.078893636626504,calm,,0,0.8409972156789847,0.056204210077605836
2022-01-18 00:00:00+00:00,0.0,0.0,0.0,-2.684454060864502,0.009740259648830926,2.05322764408103,calm,,0,0.8409972156789847,0.056204210077605836
2022-01-19 00:00:00+00:00,0.0,0.0,0.0,-4.563339992185165,0.009740930272758606,2.0095778263481416,calm,,1,0.8409972156789847,0.056204210077605836
2022-01-20 00:00:00+00:00,0.0,0.0,0.0,-4.975060842917427,0.009740709385283302,1.9834326527571386,calm,,0,0.8409972156789847,0.056204210077605836
2022-01-21 00:00:00+00:00,0.0,0.0,0.0,-4.357837126774221,0.00974056125285704,1.9775910551014269,calm,,0,0.8409972156789847,0.056204210077605836
2022-01-24 00:00:00+00:00,0.0,0.0,0.0,-3.7541875741686734,0.009740461911707523,1.9774939164874001,calm,,0,0.8409972156789847,0.056204210077605836
2022-01-25 00:00:00+00:00,0.0,0.0,0.0,-3.504201104938405,0.009740395291155652,1.9712212889139016,calm,,0,0.8409972156789847,0.056204210077605836
2022-01-26 00:00:00+00:00,0.0,0.0,0.0,-3.2454600169894894,0.009740350613819494,1.9675396713132192,calm,,0,0.8409972156789847,0.056204210077605836
2022-01-27 00:00:00+00:00,0.0,0.0,0.0,-3.4349851565546694,0.00974032065212884,1.9470629324230475,calm,,0,0.8409972156789847,0.056204210077605836
2022-01-28 00:00:00+00:00,0.0,0.0,0.0,-2.7224119443477175,0.009740300559102175,1.9640162655230045,calm,,0,0.8409972156789847,0.056204210077605836
2022-01-31 00:00:00+00:00,0.0,0.0,0.0,-2.197299438695105,0.009740287084237713,1.9802250151289953,calm,,0,0.8409972156789847,0.056204210077605836
2022-02-01 00:00:00+00:00,0.0,0.0,0.0,-1.7950273972640922,0.009740278047671183,1.9944662378600237,calm,,0,0.8409972156789847,0.056204210077605836
2022-02-02 00:00:00+00:00,0.0,0.0,0.0,-1.818108325104873,0.009740271987533444,1.9894475020574656,calm,,0,0.8409972156789847,0.056204210077605836
2022-02-03 00:00:00+00:00,0.0,0.0,0.0,-1.5721329645049946,0.009740267923460071,1.9980440814475244,calm,,0,0.8409972156789847,0.056204210077605836
2022-02-04 00:00:00+00:00,0.0,0.0,0.0,-1.5260218006847421,0.009740265197995224,1.9974320343770775,calm,,0,0.8409972156789847,0.056204210077605836
2022-02-07 00:00:00+00:00,0.0,0.0,0.0,-1.5218794250085932,0.009740263370233282,1.9947490524286642,calm,,0,0.8409972156789847,0.056204210077605836
2022-02-08 00:00:00+00:00,0.0,0.0,0.0,-1.5314585548428576,0.00974026214449239,1.9913916194373948,calm,,0,0.8409972156789847,0.056204210077605836
2022-02-09 00:00:00+00:00,0.0,0.0,0.0,-1.6233311067804892,0.009740261322481219,1.9836786585894535,calm,,0,0.8409972156789847,0.056204210077605836
2022-02-10 00:00:00+00:00,0.0,0.0,0.0,-1.6291628069535056,0.009740260771220859,1.9801374789615562,calm,,0,0.8409972156789847,0.056204210077605836
2022-02-11 00:00:00+00:00,0.0,0.0,0.0,-1.489704037226193,0.009740260401532471,1.9842950604192064,calm,,0,0.8409972156789847,0.056204210077605836
2022-02-14 00:00:00+00:00,0.0,0.0,0.0,-1.2260875002256593,0.009740260153610594,1.9955759256171053,calm,,0,0.8409972156789847,0.056204210077605836
2022-02-15 00:00:00+00:00,0.0,0.0,0.0,-1.2789498771400736,0.00974025998734825,1.9904906652135015,calm,,0,0.8409972156789847,0.056204210077605836
2022-02-16 00:00:00+00:00,0.0,0.0,0.0,-1.0014592549641017,0.009740259875848742,2.003191713505355,calm,,0,0.8409972156789847,0.056204210077605836
2022-02-17 00:00:00+00:00,0.0,0.0,0.0,-0.7298032346928393,0.009740259801074506,2.016149186277224,calm,,0,0.8409972156789847,0.056204210077605836
2022-02-18 00:00:00+00:00,0.0,0.0,0.0,-0.886344241470392,0.009740259750929113,2.006300952535363,calm,,0,0.8409972156789847,0.056204210077605836
2022-02-22 00:00:00+00:00,0.0,0.0,0.0,-0.7171535834760854,0.009740259717300413,2.0137946067227728,calm,,0,0.8409972156789847,0.056204210077605836
2022-02-23 00:00:00+00:00,0.0,0.0,0.0,-0.8076022642543321,0.009740259694748203,2.0076020481011216,calm,,0,0.8409972156789847,0.056204210077605836
2022-02-24 00:00:00+00:00,0.0,0.0,0.0,-0.3878752025089741,0.00974025967962415,2.0284517205935866,calm,,0,0.8409972156789847,0.056204210077605836
2022-02-25 00:00:00+00:00,0.0,0.0,0.0,-0.251014369166367,0.0097402596694816,2.034517440746774,calm,,0,0.8409972156789847,0.056204210077605836
2022-02-28 00:00:00+00:00,0.0,0.0,0.0,-0.11100924764422009,0.009740259662679761,2.0406754614896108,calm,,0,0.8409972156789847,0.056204210077605836
2022-03-01 00:00:00+00:00,0.0,0.0,0.0,-0.24473903480323977,0.009740259658118287,2.032905727641581,calm,,0,0.8409972156789847,0.056204210077605836
2022-03-02 00:00:00+00:00,0.0,0.0,0.0,-0.08897824148680047,0.009740259655059253,2.0399458330216325,calm,,0,0.8409972156789847,0.056204210077605836
2022-03-03 00:00:00+00:00,0.0,0.0,0.0,0.10753133962702272,0.00974025965300779,2.049164104908364,calm,,0,0.8409972156789847,0.056204210077605836
2022-03-04 00:00:00+00:00,0.0,0.0,0.0,0.16388165219118878,0.00974025965163203,2.0511727999977865,calm,,0,0.8409972156789847,0.056204210077605836
2022-03-07 00:00:00+00:00,0.0,0.0,0.0,0.2245408743450578,0.009740259650709415,2.05330550623804,calm,,0,0.8409972156789847,0.056204210077605836
2022-03-08 00:00:00+00:00,0.0,0.0,0.0,0.19819747029659554,0.009740259650090686,2.0510182604345575,calm,,0,0.8409972156789847,0.056204210077605836
2022-03-09 00:00:00+00:00,0.0,0.0,0.0,0.17269344687141203,0.00974025964967575,2.048757125923815,calm,,0,0.8409972156789847,0.056204210077605836
2022-03-10 00:00:00+00:00,0.0,0.0,0.0,0.30735389101073085,0.009740259649397485,2.054066085219229,calm,,0,0.8409972156789847,0.056204210077605836
2022-03-11 00:00:00+00:00,0.0,0.0,0.0,0.33743312330685526,0.009740259649210874,2.054439563592626,calm,,0,0.8409972156789847,0.056204210077605836
2022-03-14 00:00:00+00:00,0.0,0.0,0.0,0.2838965679212638,0.009740259649085729,2.050936919365097,calm,,0,0.8409972156789847,0.056204210077605836
2022-03-15 00:00:00+00:00,0.0,0.0,0.0,0.18780476772116206,0.009740259649001803,2.045574921089617,calm,,0,0.8409972156789847,0.056204210077605836
2022-03-16 00:00:00+00:00,0.0,0.0,0.0,-0.13467834572785886,0.00974025964894552,2.029947996488783,calm,,0,0.8409972156789847,0.056204210077605836
2022-03-17 00:00:00+00:00,0.0,0.0,0.0,-0.33792328185013054,0.009740259648907776,2.0199450653126925,calm,,0,0.8409972156789847,0.056204210077605836
2022-03-18 00:00:00+00:00,0.0,0.0,0.0,-0.36929052150874064,0.009740259648882463,2.0176366074065464,calm,,0,0.8409972156789847,0.056204210077605836
2022-03-21 00:00:00+00:00,0.0,0.0,0.0,-0.2909796432528836,0.009740259648865488,2.020045170263689,calm,,0,0.8409972156789847,0.056204210077605836
2022-03-22 00:00:00+00:00,0.0,0.0,0.0,-0.38535135028401024,0.009740259648854104,2.0150447303641457,calm,,0,0.8409972156789847,0.056204210077605836
2022-03-23 00:00:00+00:00,0.0,0.0,0.0,-0.5106065860968062,0.009740259648846469,2.0088326000443804,calm,,0,0.8409972156789847,0.056204210077605836
2022-03-24 00:00:00+00:00,0.0,0.0,0.0,-0.3629231247285617,0.00974025964884135,2.013925651719216,calm,,0,0.8409972156789847,0.056204210077605836
2022-03-25 00:00:00+00:00,0.0,0.0,0.0,-0.2622941352951158,0.009740259648837917,2.0170414799622063,calm,,0,0.8409972156789847,0.056204210077605836
2022-03-28 00:00:00+00:00,0.0,0.0,0.0,-0.18880054957033238,0.009740259648835613,2.0189111254484633,calm,,0,0.8409972156789847,0.056204210077605836
2022-03-29 00:00:00+00:00,0.0,0.0,0.0,-0.02601208755576518,0.00974025964883407,2.024255913959788,calm,,0,0.8409972156789847,0.056204210077605836
2022-03-30 00:00:00+00:00,0.0,0.0,0.0,0.12254146704266596,0.009740259648833034,2.0288161805678753,calm,,0,0.8409972156789847,0.056204210077605836
2022-03-31 00:00:00+00:00,0.0,0.0,0.0,0.44662897832757237,0.00974025964883234,2.039252321877824,calm,,0,0.8409972156789847,0.056204210077605836
2022-04-01 00:00:00+00:00,2.0,0.0,0.0,0.4965911949636894,0.007099390727251789,2.2378675487523703,normal,pair_untradeable,0,0.7973685910379047,0.05748734452139116
2022-04-04 00:00:00+00:00,0.0,0.0,0.0,0.36196911137775173,0.007099390727251787,2.231578338060982,calm,,0,0.7973685910379047,0.05748734452139116
2022-04-05 00:00:00+00:00,0.0,0.0,0.0,0.5119320996088192,0.007099390727251785,2.2349137578320386,calm,,0,0.7973685910379047,0.05748734452139116
2022-04-06 00:00:00+00:00,0.0,0.0,0.0,0.48150300790366574,0.0070993907272517845,2.232739271435954,calm,,0,0.7973685910379047,0.05748734452139116
2022-04-07 00:00:00+00:00,0.0,0.0,0.0,0.28052980117093923,0.0070993907272517845,2.2254657626011736,calm,,0,0.7973685910379047,0.05748734452139116
2022-04-08 00:00:00+00:00,0.0,0.0,0.0,0.8931350475090645,0.007099390727251784,2.2412262399848055,calm,,0,0.7973685910379047,0.05748734452139116
2022-04-11 00:00:00+00:00,0.0,0.0,0.0,0.8659985947829092,0.007099390727251784,2.2393780149432856,calm,,0,0.7973685910379047,0.05748734452139116
2022-04-12 00:00:00+00:00,0.0,0.0,0.0,0.8062097311984853,0.007099390727251784,2.236357566380007,calm,,0,0.7973685910379047,0.05748734452139116
2022-04-13 00:00:00+00:00,0.0,0.0,0.0,1.12054132004082,0.007099390727251784,2.2424632064959025,calm,,0,0.7973685910379047,0.05748734452139116
2022-04-14 00:00:00+00:00,0.0,0.0,0.0,0.737039561230458,0.007099390727251784,2.232633423735232,calm,,0,0.7973685910379047,0.05748734452139116
2022-04-18 00:00:00+00:00,0.0,0.0,0.0,1.1680120979438795,0.007099390727251784,2.2437729971211353,calm,,0,0.7973685910379047,0.05748734452139116
2022-04-19 00:00:00+00:00,0.0,0.0,0.0,0.8900363863901307,0.007099390727251784,2.2378349147740453,calm,,0,0.7973685910379047,0.05748734452139116
2022-04-20 00:00:00+00:00,0.0,0.0,0.0,0.8106401351004898,0.007099390727251784,2.2365879029864466,calm,,0,0.7973685910379047,0.05748734452139116
2022-04-21 00:00:00+00:00,0.0,0.0,0.0,0.6814275888592929,0.007099390727251784,2.2341365744589763,calm,,0,0.7973685910379047,0.05748734452139116
2022-04-22 00:00:00+00:00,0.0,0.0,0.0,0.4296282945384417,0.007099390727251784,2.228857667671498,calm,,0,0.7973685910379047,0.05748734452139116
2022-04-25 00:00:00+00:00,0.0,0.0,0.0,0.38406147404992913,0.007099390727251784,2.2284479004113003,calm,,0,0.7973685910379047,0.05748734452139116
2022-04-26 00:00:00+00:00,0.0,0.0,0.0,0.3832020490743742,0.007099390727251784,2.2289793243275637,calm,,0,0.7973685910379047,0.05748734452139116
2022-04-27 00:00:00+00:00,0.0,0.0,0.0,0.2581302615089921,0.007099390727251784,2.2271557229341425,calm,,0,0.7973685910379047,0.05748734452139116
2022-04-28 00:00:00+00:00,0.0,0.0,0.0,0.7139108211315826,0.007099390727251784,2.2359976427898807,calm,,0,0.7973685910379047,0.05748734452139116
2022-04-29 00:00:00+00:00,0.0,0.0,0.0,0.1284952132620683,0.007099390727251784,2.225979115935728,calm,,0,0.7973685910379047,0.05748734452139116
2022-05-02 00:00:00+00:00,0.0,0.0,0.0,0.08806337326427997,0.007099390727251784,2.2257798457954823,calm,,0,0.7973685910379047,0.05748734452139116
2022-05-03 00:00:00+00:00,0.0,0.0,0.0,-0.49337293902284174,0.007099390727251784,2.216222226247177,calm,,0,0.7973685910379047,0.05748734452139116
2022-05-04 00:00:00+00:00,0.0,0.0,0.0,-0.5010198203519718,0.007099390727251784,2.2164941768880313,calm,,0,0.7973685910379047,0.05748734452139116
2022-05-05 00:00:00+00:00,0.0,0.0,0.0,-1.2968220214296575,0.007099390727251784,2.203820909297803,calm,,0,0.7973685910379047,0.05748734452139116
2022-05-06 00:00:00+00:00,0.0,0.0,0.0,-0.7082596539841207,0.007099390727251784,2.2138618572665036,calm,,0,0.7973685910379047,0.05748734452139116
2022-05-09 00:00:00+00:00,0.0,0.0,0.0,0.22518160846150254,0.007099390727251784,2.229345546048872,calm,,0,0.7973685910379047,0.05748734452139116
2022-05-10 00:00:00+00:00,0.0,0.0,0.0,0.04030777722516319,0.007099390727251784,2.2271701921786353,calm,,0,0.7973685910379047,0.05748734452139116
2022-05-11 00:00:00+00:00,0.0,0.0,0.0,-0.12949779696130848,0.007099390727251784,2.225473607551517,calm,,0,0.7973685910379047,0.05748734452139116
2022-05-12 00:00:00+00:00,0.0,0.0,0.0,0.40327507591794404,0.007099390727251784,2.2330081306308496,calm,,0,0.7973685910379047,0.05748734452139116
2022-05-13 00:00:00+00:00,0.0,0.0,0.0,-0.7940706812063915,0.007099390727251784,2.218600705243559,calm,,0,0.7973685910379047,0.05748734452139116
2022-05-16 00:00:00+00:00,0.0,0.0,0.0,-0.3497867359030803,0.007099390727251784,2.2244223967154064,calm,,0,0.7973685910379047,0.05748734452139116
2022-05-17 00:00:00+00:00,0.0,0.0,0.0,-0.3396909604940663,0.007099390727251784,2.2247325906559587,calm,,0,0.7973685910379047,0.05748734452139116
2022-05-18 00:00:00+00:00,0.0,0.0,0.0,-0.08162674647555185,0.007099390727251784,2.2281571457971614,calm,,0,0.7973685910379047,0.05748734452139116
2022-05-19 00:00:00+00:00,0.0,0.0,0.0,0.5567135252988783,0.007099390727251784,2.235629984002578,calm,,0,0.7973685910379047,0.05748734452139116
2022-05-20 00:00:00+00:00,0.0,0.0,0.0,0.43366097199167,0.007099390727251784,2.234564361658522,calm,,0,0.7973685910379047,0.05748734452139116
2022-05-23 00:00:00+00:00,0.0,0.0,0.0,0.8441871391692872,0.007099390727251784,2.2391754296972914,calm,,0,0.7973685910379047,0.05748734452139116
2022-05-24 00:00:00+00:00,0.0,0.0,0.0,0.7385716180916666,0.007099390727251784,2.2381793234155345,calm,,0,0.7973685910379047,0.05748734452139116
2022-05-25 00:00:00+00:00,0.0,0.0,0.0,0.375558222013467,0.007099390727251784,2.234231554607301,calm,,0,0.7973685910379047,0.05748734452139116
2022-05-26 00:00:00+00:00,0.0,0.0,0.0,0.6218225517217926,0.007099390727251784,2.2370336434969285,calm,,0,0.7973685910379047,0.05748734452139116
2022-05-27 00:00:00+00:00,0.0,0.0,0.0,0.5815151729882362,0.007099390727251784,2.236620639716704,calm,,0,0.7973685910379047,0.05748734452139116
2022-05-31 00:00:00+00:00,0.0,0.0,0.0,0.5671885322325658,0.007099390727251784,2.2362626242720123,calm,,0,0.7973685910379047,0.05748734452139116
2022-06-01 00:00:00+00:00,0.0,0.0,0.0,-0.025544618689560275,0.007099390727251784,2.22969567377429,calm,,0,0.7973685910379047,0.05748734452139116
2022-06-02 00:00:00+00:00,0.0,0.0,0.0,0.7335885203335886,0.007099390727251784,2.2373644828545767,calm,,0,0.7973685910379047,0.05748734452139116
2022-06-03 00:00:00+00:00,0.0,0.0,0.0,0.05189754796400181,0.007099390727251784,2.2301191070906805,calm,,0,0.7973685910379047,0.05748734452139116
2022-06-06 00:00:00+00:00,0.0,0.0,0.0,-0.018021181288272087,0.007099390727251784,2.2291720313980066,calm,,0,0.7973685910379047,0.05748734452139116
2022-06-07 00:00:00+00:00,0.0,0.0,0.0,-0.003105559386778681,0.007099390727251784,2.2290052422404547,calm,,0,0.7973685910379047,0.05748734452139116
2022-06-08 00:00:00+00:00,0.0,0.0,0.0,-0.15468325277335065,0.007099390727251784,2.2272412197103857,calm,,0,0.7973685910379047,0.05748734452139116
2022-06-09 00:00:00+00:00,0.0,0.0,0.0,-1.7944560787524981,0.007099390727251784,2.2117557200466096,calm,,0,0.7973685910379047,0.05748734452139116
2022-06-10 00:00:00+00:00,0.0,0.0,0.0,-3.93152177554634,0.007099390727251784,2.190982710100173,calm,,0,0.7973685910379047,0.05748734452139116
2022-06-13 00:00:00+00:00,0.0,0.0,0.0,-2.2562586983734794,0.007099390727251784,2.2035527630176412,calm,,0,0.7973685910379047,0.05748734452139116
2022-06-14 00:00:00+00:00,0.0,0.0,0.0,-2.283198588187263,0.007099390727251784,2.2021800690972198,calm,,0,0.7973685910379047,0.05748734452139116
2022-06-15 00:00:00+00:00,0.0,0.0,0.0,-0.8012449985034191,0.007099390727251784,2.2178197262597488,calm,,0,0.7973685910379047,0.05748734452139116
2022-06-16 00:00:00+00:00,0.0,0.0,0.0,-0.4965055825538028,0.007099390727251784,2.2212688365672175,calm,,0,0.7973685910379047,0.05748734452139116
2022-06-17 00:00:00+00:00,0.0,0.0,0.0,-1.1750567155680944,0.007099390727251784,2.2138717704908224,calm,,0,0.7973685910379047,0.05748734452139116
2022-06-21 00:00:00+00:00,0.0,0.0,0.0,-1.1182851231328081,0.007099390727251784,2.2148476191140607,calm,,0,0.7973685910379047,0.05748734452139116
2022-06-22 00:00:00+00:00,0.0,0.0,0.0,-1.1993017793113454,0.007099390727251784,2.214112137132672,calm,,0,0.7973685910379047,0.05748734452139116
2022-06-23 00:00:00+00:00,0.0,0.0,0.0,0.004272094131449273,0.007099390727251784,2.2272347048513055,calm,,0,0.7973685910379047,0.05748734452139116
2022-06-24 00:00:00+00:00,0.0,0.0,0.0,1.1125386624336564,0.007099390727251784,2.2394061642807173,calm,,0,0.7973685910379047,0.05748734452139116
2022-06-27 00:00:00+00:00,0.0,0.0,0.0,-0.42034489717251294,0.007099390727251784,2.223096776546502,calm,,0,0.7973685910379047,0.05748734452139116
2022-06-28 00:00:00+00:00,0.0,0.0,0.0,-0.20201826962379965,0.007099390727251784,2.2254348412309426,calm,,0,0.7973685910379047,0.05748734452139116
2022-06-29 00:00:00+00:00,0.0,0.0,0.0,0.6432124989826282,0.007099390727251784,2.2344823205526136,calm,,0,0.7973685910379047,0.05748734452139116
2022-06-30 00:00:00+00:00,0.0,0.0,0.0,1.1419431785796403,0.007099390727251784,2.2397959591179593,calm,,0,0.7973685910379047,0.05748734452139116
2022-07-01 00:00:00+00:00,2.0,0.0,0.0,0.8691770077415355,0.006679390310624876,2.2867920265438553,normal,pair_untradeable,0,0.7861295178240227,0.05722957292361751
2022-07-05 00:00:00+00:00,0.0,0.0,0.0,1.4157347863457046,0.006679390310624876,2.292981611468658,calm,,0,0.7861295178240227,0.05722957292361751
2022-07-06 00:00:00+00:00,0.0,0.0,0.0,0.5721725984801587,0.006679390310624876,2.2837829737221313,calm,,0,0.7861295178240227,0.05722957292361751
2022-07-07 00:00:00+00:00,0.0,0.0,0.0,0.5712249255667459,0.006679390310624876,2.283931774078277,calm,,0,0.7861295178240227,0.05722957292361751
2022-07-08 00:00:00+00:00,0.0,0.0,0.0,0.27725653828782953,0.006679390310624876,2.2804262103440127,calm,,0,0.7861295178240227,0.05722957292361751
2022-07-11 00:00:00+00:00,0.0,0.0,0.0,-0.053019699971400894,0.006679390310624876,2.27654917034873,calm,,0,0.7861295178240227,0.05722957292361751
2022-07-12 00:00:00+00:00,0.0,0.0,0.0,0.019051941164354186,0.006679390310624876,2.277196024035044,calm,,0,0.7861295178240227,0.05722957292361751
2022-07-13 00:00:00+00:00,0.0,0.0,0.0,-0.031140566042323976,0.006679390310624876,2.2763898665889144,calm,,0,0.7861295178240227,0.05722957292361751
2022-07-14 00:00:00+00:00,0.0,0.0,0.0,-2.717460028145324,0.006679390310624876,2.2468972027679532,calm,,0,0.7861295178240227,0.05722957292361751
2022-07-15 00:00:00+00:00,0.0,0.0,0.0,-1.7627794056649009,0.006679390310624876,2.2558245435964985,calm,,0,0.7861295178240227,0.05722957292361751
2022-07-18 00:00:00+00:00,0.0,0.0,0.0,-0.1230686156702862,0.006679390310624876,2.2738855353044682,calm,,0,0.7861295178240227,0.05722957292361751
2022-07-19 00:00:00+00:00,0.0,0.0,0.0,2.2711251291859402,0.006679390310624876,2.301016979083625,calm,,0,0.7861295178240227,0.05722957292361751
2022-07-20 00:00:00+00:00,0.0,0.0,0.0,2.8305231253828103,0.006679390310624876,2.3088726757115565,calm,,0,0.7861295178240227,0.05722957292361751
2022-07-21 00:00:00+00:00,0.0,0.0,0.0,3.311096561980333,0.006679390310624876,2.317585489509202,calm,,0,0.7861295178240227,0.05722957292361751
2022-07-22 00:00:00+00:00,0.0,0.0,0.0,2.520137843373784,0.006679390310624876,2.3110462337820845,calm,,0,0.7861295178240227,0.05722957292361751
2022-07-25 00:00:00+00:00,0.0,0.0,0.0,2.2239862247482574,0.006679390310624876,2.3090989303367224,calm,,0,0.7861295178240227,0.05722957292361751
2022-07-26 00:00:00+00:00,0.0,0.0,0.0,2.5040339562282843,0.006679390310624876,2.3151303654741353,calm,,0,0.7861295178240227,0.05722957292361751
2022-07-27 00:00:00+00:00,0.0,0.0,0.0,2.181871282258829,0.006679390310624876,2.3123946799706663,calm,,0,0.7861295178240227,0.05722957292361751
2022-07-28 00:00:00+00:00,0.0,0.0,0.0,2.712123101741731,0.006679390310624876,2.3229952762918997,calm,,0,0.7861295178240227,0.05722957292361751
2022-07-29 00:00:00+00:00,0.0,0.0,0.0,2.600033890545163,0.006679390310624876,2.3244660203909553,calm,,0,0.7861295178240227,0.05722957292361751
2022-08-01 00:00:00+00:00,0.0,0.0,0.0,2.026287491119051,0.006679390310624876,2.3172455167197517,calm,,0,0.7861295178240227,0.05722957292361751
2022-08-02 00:00:00+00:00,0.0,0.0,0.0,1.8758182904232203,0.006679390310624876,2.316324438989667,calm,,0,0.7861295178240227,0.05722957292361751
2022-08-03 00:00:00+00:00,0.0,0.0,0.0,1.7688368709967415,0.006679390310624876,2.315691286926898,calm,,0,0.7861295178240227,0.05722957292361751
2022-08-04 00:00:00+00:00,0.0,0.0,0.0,1.369705896463686,0.006679390310624876,2.3094743458936287,calm,,0,0.7861295178240227,0.05722957292361751
2022-08-05 00:00:00+00:00,0.0,0.0,0.0,1.4089020757124864,0.006679390310624876,2.3111418211276473,calm,,0,0.7861295178240227,0.05722957292361751
2022-08-08 00:00:00+00:00,0.0,0.0,0.0,1.2620224056846265,0.006679390310624876,2.3092327957917216,calm,,0,0.7861295178240227,0.05722957292361751
2022-08-09 00:00:00+00:00,0.0,0.0,0.0,1.5608426838072285,0.006679390310624876,2.3160479689948383,calm,,0,0.7861295178240227,0.05722957292361751
2022-08-10 00:00:00+00:00,0.0,0.0,0.0,1.8934425740327752,0.006679390310624876,2.3240055955410663,calm,,0,0.7861295178240227,0.05722957292361751
2022-08-11 00:00:00+00:00,0.0,0.0,0.0,1.7066548348135513,0.006679390310624876,2.3219295397737736,calm,,0,0.7861295178240227,0.05722957292361751
2022-08-12 00:00:00+00:00,0.0,0.0,0.0,1.445897575530838,0.006679390310624876,2.317922899041078,calm,,0,0.7861295178240227,0.05722957292361751
2022-08-15 00:00:00+00:00,0.0,0.0,0.0,1.5942094818840606,0.006679390310624876,2.322272709311499,calm,,0,0.7861295178240227,0.05722957292361751
2022-08-16 00:00:00+00:00,0.0,0.0,0.0,1.3540942578234108,0.006679390310624876,2.318393088560833,calm,,0,0.7861295178240227,0.05722957292361751
2022-08-17 00:00:00+00:00,0.0,0.0,0.0,1.3656737193470523,0.006679390310624876,2.3196507250430805,calm,,0,0.7861295178240227,0.05722957292361751
2022-08-18 00:00:00+00:00,0.0,0.0,0.0,1.3712775139690336,0.006679390310624876,2.320826189006991,calm,,0,0.7861295178240227,0.05722957292361751
2022-08-19 00:00:00+00:00,0.0,0.0,0.0,1.3323871059528143,0.006679390310624876,2.3209492294995955,calm,,0,0.7861295178240227,0.05722957292361751
2022-08-22 00:00:00+00:00,0.0,0.0,0.0,1.158782653571577,0.006679390310624876,2.3179034840833226,calm,,0,0.7861295178240227,0.05722957292361751
2022-08-23 00:00:00+00:00,0.0,0.0,0.0,0.6034628166585199,0.006679390310624876,2.305681135935669,calm,,0,0.7861295178240227,0.05722957292361751
2022-08-24 00:00:00+00:00,0.0,0.0,0.0,0.8506159266649255,0.006679390310624876,2.311862530295427,calm,,0,0.7861295178240227,0.05722957292361751
2022-08-25 00:00:00+00:00,0.0,0.0,0.0,0.8954481332701918,0.006679390310624876,2.3134561255654598,calm,,0,0.7861295178240227,0.05722957292361751
2022-08-26 00:00:00+00:00,0.0,0.0,0.0,0.6390865185439997,0.006679390310624876,2.307918009642124,calm,,0,0.7861295178240227,0.05722957292361751
2022-08-29 00:00:00+00:00,0.0,0.0,0.0,0.9737039013788812,0.006679390310624876,2.3163934359388745,calm,,0,0.7861295178240227,0.05722957292361751
2022-08-30 00:00:00+00:00,0.0,0.0,0.0,1.2473297163959696,0.006679390310624876,2.3236312166165005,calm,,0,0.7861295178240227,0.05722957292361751
2022-08-31 00:00:00+00:00,0.0,0.0,0.0,0.4165052836693007,0.006679390310624876,2.3044690631063105,calm,,0,0.7861295178240227,0.05722957292361751
2022-09-01 00:00:00+00:00,0.0,0.0,0.0,0.5150649651137951,0.006679390310624876,2.3072616691103938,calm,,0,0.7861295178240227,0.05722957292361751
2022-09-02 00:00:00+00:00,0.0,0.0,0.0,0.15626353617569425,0.006679390310624876,2.2990266327906888,calm,,0,0.7861295178240227,0.05722957292361751
2022-09-06 00:00:00+00:00,0.0,0.0,0.0,0.06960030633445966,0.006679390310624876,2.2972885431545578,calm,,0,0.7861295178240227,0.05722957292361751
2022-09-07 00:00:00+00:00,0.0,0.0,0.0,-0.23304257361576083,0.006679390310624876,2.2906974004804694,calm,,0,0.7861295178240227,0.05722957292361751
2022-09-08 00:00:00+00:00,0.0,0.0,0.0,-0.20253395789670725,0.006679390310624876,2.2925035457158027,calm,,0,0.7861295178240227,0.05722957292361751
2022-09-09 00:00:00+00:00,0.0,0.0,0.0,0.00037189645071570925,0.006679390310624876,2.297741819384563,calm,,0,0.7861295178240227,0.05722957292361751
2022-09-12 00:00:00+00:00,0.0,0.0,0.0,-0.1114232572371662,0.006679390310624876,2.296196981776598,calm,,0,0.7861295178240227,0.05722957292361751
2022-09-13 00:00:00+00:00,0.0,0.0,0.0,-0.7657451687684771,0.006679390310624876,2.283386294026752,calm,,0,0.7861295178240227,0.05722957292361751
2022-09-14 00:00:00+00:00,0.0,0.0,0.0,-1.0370172130511275,0.006679390310624876,2.278347971414997,calm,,0,0.7861295178240227,0.05722957292361751
2022-09-15 00:00:00+00:00,0.0,0.0,0.0,-0.8791789441369258,0.006679390310624876,2.2821532678800116,calm,,0,0.7861295178240227,0.05722957292361751
2022-09-16 00:00:00+00:00,0.0,0.0,0.0,-1.3969317168164224,0.006679390310624876,2.27286232007184,calm,,0,0.7861295178240227,0.05722957292361751
2022-09-19 00:00:00+00:00,0.0,0.0,0.0,-1.4292761572276889,0.006679390310624876,2.2728316215956035,calm,,0,0.7861295178240227,0.05722957292361751
2022-09-20 00:00:00+00:00,0.0,0.0,0.0,-1.7882096375002021,0.006679390310624876,2.26585199778638,calm,,0,0.7861295178240227,0.05722957292361751
2022-09-21 00:00:00+00:00,0.0,0.0,0.0,-2.0152547350230914,0.006679390310624876,2.260244651812382,calm,,0,0.7861295178240227,0.05722957292361751
2022-09-22 00:00:00+00:00,0.0,0.0,0.0,-2.246252545748162,0.006679390310624876,2.254757658116459,calm,,0,0.7861295178240227,0.05722957292361751
2022-09-23 00:00:00+00:00,0.0,0.0,0.0,-2.4515221662871705,0.006679390310624876,2.248944465985343,calm,,0,0.7861295178240227,0.05722957292361751
2022-09-26 00:00:00+00:00,0.0,0.0,0.0,-2.456377647631177,0.006679390310624876,2.2460300092625864,calm,,0,0.7861295178240227,0.05722957292361751
2022-09-27 00:00:00+00:00,0.0,0.0,0.0,-3.0333386699206435,0.006679390310624876,2.2299253674140864,calm,,0,0.7861295178240227,0.05722957292361751
2022-09-28 00:00:00+00:00,0.0,0.0,0.0,-1.9864027163072315,0.006679390310624876,2.2491750683780087,calm,,0,0.7861295178240227,0.05722957292361751
2022-09-29 00:00:00+00:00,0.0,0.0,0.0,-1.9462330523855718,0.006679390310624876,2.247903876068734,calm,,0,0.7861295178240227,0.05722957292361751
2022-09-30 00:00:00+00:00,0.0,0.0,0.0,-1.981873080489872,0.006679390310624876,2.244986878510077,calm,,0,0.7861295178240227,0.05722957292361751
2022-10-03 00:00:00+00:00,2.0,0.0,0.0,-1.4662697063623558,0.005395683532952391,2.313477756222944,normal,pair_untradeable,0,0.7731260932736208,0.05653183393273825
2022-10-04 00:00:00+00:00,0.0,0.0,0.0,-0.8571194622179975,0.005395683532952391,2.3289794477940577,calm,,0,0.7731260932736208,0.05653183393273825
2022-10-05 00:00:00+00:00,0.0,0.0,0.0,-1.565661166808825,0.005395683532952391,2.3096656782969394,calm,,0,0.7731260932736208,0.05653183393273825
2022-10-06 00:00:00+00:00,0.0,0.0,0.0,-1.0464944344703513,0.005395683532952391,2.3228714207508743,calm,,0,0.7731260932736208,0.05653183393273825
2022-10-07 00:00:00+00:00,0.0,0.0,0.0,-0.7091275122940865,0.005395683532952391,2.331906263759084,calm,,0,0.7731260932736208,0.05653183393273825
2022-10-10 00:00:00+00:00,0.0,0.0,0.0,-0.6985495736834362,0.005395683532952391,2.333109254737296,calm,,0,0.7731260932736208,0.05653183393273825
2022-10-11 00:00:00+00:00,0.0,0.0,0.0,-0.9564089942037468,0.005395683532952391,2.326835331452397,calm,,0,0.7731260932736208,0.05653183393273825
2022-10-12 00:00:00+00:00,0.0,0.0,0.0,-0.7364754119946283,0.005395683532952391,2.332601361326586,calm,,0,0.7731260932736208,0.05653183393273825
2022-10-13 00:00:00+00:00,0.0,0.0,0.0,-0.1965995780492714,0.005395683532952391,2.3465972390948404,calm,,0,0.7731260932736208,0.05653183393273825
2022-10-14 00:00:00+00:00,0.0,0.0,0.0,0.4698167090329998,0.005395683532952391,2.364147442619869,calm,,0,0.7731260932736208,0.05653183393273825
2022-10-17 00:00:00+00:00,0.0,0.0,0.0,0.7138283659618633,0.005395683532952391,2.3704192772141663,calm,,0,0.7731260932736208,0.05653183393273825
2022-10-18 00:00:00+00:00,0.0,0.0,0.0,0.6870703168479706,0.005395683532952391,2.3697552291543365,calm,,0,0.7731260932736208,0.05653183393273825
2022-10-19 00:00:00+00:00,0.0,0.0,0.0,1.083826980404355,0.005395683532952391,2.3804422454268073,calm,,0,0.7731260932736208,0.05653183393273825
2022-10-20 00:00:00+00:00,0.0,0.0,0.0,1.2203855868415858,0.005395683532952391,2.3843876213707538,calm,,0,0.7731260932736208,0.05653183393273825
2022-10-21 00:00:00+00:00,0.0,0.0,0.0,1.8745116069095367,0.005395683532952391,2.402642520049518,calm,,0,0.7731260932736208,0.05653183393273825
2022-10-24 00:00:00+00:00,0.0,0.0,0.0,2.10796237524192,0.005395683532952391,2.4104820888749767,calm,,0,0.7731260932736208,0.05653183393273825
2022-10-25 00:00:00+00:00,0.0,0.0,0.0,2.308779907622026,0.005395683532952391,2.4182454322296483,calm,,0,0.7731260932736208,0.05653183393273825
2022-10-26 00:00:00+00:00,0.0,0.0,0.0,2.3403285753355787,0.005395683532952391,2.4224504064547494,calm,,0,0.7731260932736208,0.05653183393273825
2022-10-27 00:00:00+00:00,0.0,0.0,0.0,2.042979590290474,0.005395683532952391,2.41696550554079,calm,,0,0.7731260932736208,0.05653183393273825
2022-10-28 00:00:00+00:00,0.0,0.0,0.0,2.1605221528603433,0.005395683532952391,2.4233757716851745,calm,,0,0.7731260932736208,0.05653183393273825
2022-10-31 00:00:00+00:00,0.0,0.0,0.0,2.3443799008019894,0.005395683532952391,2.4328920782992056,calm,,0,0.7731260932736208,0.05653183393273825
2022-11-01 00:00:00+00:00,0.0,0.0,0.0,2.1607038125508633,0.005395683532952391,2.431025096203139,calm,,0,0.7731260932736208,0.05653183393273825
2022-11-02 00:00:00+00:00,0.0,0.0,0.0,2.1376594318407913,0.005395683532952391,2.4340563667104216,calm,,0,0.7731260932736208,0.05653183393273825
2022-11-03 00:00:00+00:00,0.0,0.0,0.0,1.9814702458096225,0.005395683532952391,2.4320348416931847,calm,,0,0.7731260932736208,0.05653183393273825
2022-11-04 00:00:00+00:00,0.0,0.0,0.0,2.23474576412976,0.005395683532952391,2.4446018158497522,calm,,0,0.7731260932736208,0.05653183393273825
2022-11-07 00:00:00+00:00,0.0,0.0,0.0,2.4065825538827257,0.005395683532952391,2.455716800599843,calm,,0,0.7731260932736208,0.05653183393273825
2022-11-08 00:00:00+00:00,0.0,0.0,0.0,2.3647640792780185,0.005395683532952391,2.459681126901752,calm,,0,0.7731260932736208,0.05653183393273825
2022-11-09 00:00:00+00:00,0.0,0.0,0.0,2.5144350641294184,0.005395683532952391,2.471734400396333,calm,,0,0.7731260932736208,0.05653183393273825
2022-11-10 00:00:00+00:00,0.0,0.0,0.0,2.2317574081934257,0.005395683532952391,2.4660210452015696,calm,,0,0.7731260932736208,0.05653183393273825
2022-11-11 00:00:00+00:00,0.0,0.0,0.0,2.1727791553984583,0.005395683532952391,2.4687594416986696,calm,,0,0.7731260932736208,0.05653183393273825
2022-11-14 00:00:00+00:00,0.0,0.0,0.0,2.0690798153775622,0.005395683532952391,2.4690794713056046,calm,,0,0.7731260932736208,0.05653183393273825
2022-11-15 00:00:00+00:00,0.0,0.0,0.0,1.871757137469759,0.005395683532952391,2.4641142130268907,calm,,0,0.7731260932736208,0.05653183393273825
2022-11-16 00:00:00+00:00,0.0,0.0,0.0,1.9173203228765354,0.005395683532952391,2.4706625187868494,calm,,0,0.7731260932736208,0.05653183393273825
2022-11-17 00:00:00+00:00,0.0,0.0,0.0,1.7847737581386982,0.005395683532952391,2.468330698127762,calm,,0,0.7731260932736208,0.05653183393273825
2022-11-18 00:00:00+00:00,0.0,0.0,0.0,1.654535206905865,0.005395683532952391,2.4653116843759966,calm,,0,0.7731260932736208,0.05653183393273825
2022-11-21 00:00:00+00:00,0.0,0.0,0.0,1.6600846491493075,0.005395683532952391,2.4692266331159702,calm,,0,0.7731260932736208,0.05653183393273825
2022-11-22 00:00:00+00:00,0.0,0.0,0.0,1.677649941636062,0.005395683532952391,2.4740413182161665,calm,,0,0.7731260932736208,0.05653183393273825
2022-11-23 00:00:00+00:00,0.0,0.0,0.0,1.674469385817969,0.005395683532952391,2.477745770667989,calm,,0,0.7731260932736208,0.05653183393273825
2022-11-25 00:00:00+00:00,0.0,0.0,0.0,1.589442987610961,0.005395683532952391,2.476515360068908,calm,,0,0.7731260932736208,0.05653183393273825
2022-11-28 00:00:00+00:00,0.0,0.0,0.0,1.3892108433795627,0.005395683532952391,2.4680438565611382,calm,,0,0.7731260932736208,0.05653183393273825
2022-11-29 00:00:00+00:00,0.0,0.0,0.0,1.2322964687434543,0.005395683532952391,2.461281949466622,calm,,0,0.7731260932736208,0.05653183393273825
2022-11-30 00:00:00+00:00,0.0,0.0,0.0,1.0425486465352847,0.005395683532952391,2.451908601062381,calm,,0,0.7731260932736208,0.05653183393273825
2022-12-01 00:00:00+00:00,0.0,0.0,0.0,0.9161184351432908,0.005395683532952391,2.445959836263461,calm,,0,0.7731260932736208,0.05653183393273825
2022-12-02 00:00:00+00:00,0.0,0.0,0.0,0.8471593043739907,0.005395683532952391,2.4434022966105577,calm,,0,0.7731260932736208,0.05653183393273825
2022-12-05 00:00:00+00:00,0.0,0.0,0.0,0.7948147073494541,0.005395683532952391,2.441751816044005,calm,,0,0.7731260932736208,0.05653183393273825
2022-12-06 00:00:00+00:00,0.0,0.0,0.0,0.7140227702493722,0.005395683532952391,2.438146281382622,calm,,0,0.7731260932736208,0.05653183393273825
2022-12-07 00:00:00+00:00,0.0,0.0,0.0,0.613275887599469,0.005395683532952391,2.4331441625882007,calm,,0,0.7731260932736208,0.05653183393273825
2022-12-08 00:00:00+00:00,0.0,0.0,0.0,0.26658816450522055,0.005395683532952391,2.4124537766916885,calm,,0,0.7731260932736208,0.05653183393273825
2022-12-09 00:00:00+00:00,0.0,0.0,0.0,0.1977508918168735,0.005395683532952391,2.4092440742423586,calm,,0,0.7731260932736208,0.05653183393273825
2022-12-12 00:00:00+00:00,0.0,0.0,0.0,0.1327163891323777,0.005395683532952391,2.4062193458630743,calm,,0,0.7731260932736208,0.05653183393273825
2022-12-13 00:00:00+00:00,0.0,0.0,0.0,0.11803521757249276,0.005395683532952391,2.406476805715207,calm,,0,0.7731260932736208,0.05653183393273825
2022-12-14 00:00:00+00:00,0.0,0.0,0.0,0.05334614479675471,0.005395683532952391,2.403667561030166,calm,,0,0.7731260932736208,0.05653183393273825
2022-12-15 00:00:00+00:00,0.0,0.0,0.0,-0.049408952603689715,0.005395683532952391,2.3986997089959408,calm,,0,0.7731260932736208,0.05653183393273825
2022-12-16 00:00:00+00:00,0.0,0.0,0.0,-0.12930125937678544,0.005395683532952391,2.3953080415815466,calm,,0,0.7731260932736208,0.05653183393273825
2022-12-19 00:00:00+00:00,0.0,0.0,0.0,-0.05284315254862821,0.005395683532952391,2.401326513379219,calm,,0,0.7731260932736208,0.05653183393273825
2022-12-20 00:00:00+00:00,0.0,0.0,0.0,-0.049164020218588,0.005395683532952391,2.4031983354945305,calm,,0,0.7731260932736208,0.05653183393273825
2022-12-21 00:00:00+00:00,0.0,0.0,0.0,-0.0025761855128837792,0.005395683532952391,2.4075397715726803,calm,,0,0.7731260932736208,0.05653183393273825
2022-12-22 00:00:00+00:00,0.0,0.0,0.0,-0.21658888470470378,0.005395683532952391,2.398149203378117,calm,,0,0.7731260932736208,0.05653183393273825
2022-12-23 00:00:00+00:00,0.0,0.0,0.0,-0.2142954967112479,0.005395683532952391,2.4001714344554985,calm,,0,0.7731260932736208,0.05653183393273825
2022-12-27 00:00:00+00:00,0.0,0.0,0.0,-0.27128475343190295,0.005395683532952391,2.399334040589296,calm,,0,0.7731260932736208,0.05653183393273825
2022-12-28 00:00:00+00:00,0.0,0.0,0.0,-0.29513618197028474,0.005395683532952391,2.4004059592157483,calm,,0,0.7731260932736208,0.05653183393273825
2022-12-29 00:00:00+00:00,0.0,0.0,0.0,-0.3022224890248718,0.005395683532952391,2.402073828368929,calm,,0,0.7731260932736208,0.05653183393273825
2022-12-30 00:00:00+00:00,0.0,0.0,0.0,-0.30461243876074157,0.005395683532952391,2.403610218423833,calm,,0,0.7731260932736208,0.05653183393273825
2023-01-03 00:00:00+00:00,0.0,0.0,0.0,-0.2770992407061719,0.005957444340639706,2.3114274833707347,normal,,0,0.7946864360405949,0.05623363491020573
2023-01-04 00:00:00+00:00,0.0,0.0,0.0,-0.33082488746485605,0.005957444340639706,2.311231227643214,calm,,0,0.7946864360405949,0.05623363491020573
2023-01-05 00:00:00+00:00,0.0,0.0,0.0,-0.6311073168013647,0.005957444340639706,2.3016908677485812,calm,,0,0.7946864360405949,0.05623363491020573
2023-01-06 00:00:00+00:00,0.0,0.0,0.0,-0.7831948087522134,0.005957444340639706,2.2982644174568785,calm,,0,0.7946864360405949,0.05623363491020573
2023-01-09 00:00:00+00:00,0.0,0.0,0.0,-0.5014792552008224,0.005957444340639706,2.310468961277205,calm,,0,0.7946864360405949,0.05623363491020573
2023-01-10 00:00:00+00:00,0.0,0.0,0.0,-0.4189710360137419,0.005957444340639706,2.3152921678883334,calm,,0,0.7946864360405949,0.05623363491020573
2023-01-11 00:00:00+00:00,0.0,0.0,0.0,-0.13650395250403743,0.005957444340639706,2.325636778292444,calm,,0,0.7946864360405949,0.05623363491020573
2023-01-12 00:00:00+00:00,0.0,0.0,0.0,0.0952467424469353,0.005957444340639706,2.333547639717192,calm,,0,0.7946864360405949,0.05623363491020573
2023-01-13 00:00:00+00:00,0.0,0.0,0.0,-0.09628536451519473,0.005957444340639706,2.328903703799439,calm,,0,0.7946864360405949,0.05623363491020573
2023-01-17 00:00:00+00:00,1.0,1.0,0.25,-4.111422286670308,0.005958050871279052,2.2182357629433396,calm,,1,0.7946864360405949,0.05623363491020573
2023-01-18 00:00:00+00:00,0.0,1.0,0.25,-3.4654313759729627,0.005957812220056171,2.224169285397069,calm,,0,0.7946864360405949,0.05623363491020573
2023-01-19 00:00:00+00:00,0.0,1.0,0.25,-2.424774964893662,0.005957667470777377,2.2490243791287403,calm,,0,0.7946864360405949,0.05623363491020573
2023-01-20 00:00:00+00:00,0.0,1.0,0.25,-3.5355426850177065,0.005957579675904765,2.2054960985152197,calm,,0,0.7946864360405949,0.05623363491020573
2023-01-23 00:00:00+00:00,0.0,1.0,0.25,-2.81200262142849,0.005957526425624548,2.2192959228517486,calm,,0,0.7946864360405949,0.05623363491020573
2023-01-24 00:00:00+00:00,0.0,1.0,0.25,-2.2762626070152656,0.005957494127698043,2.2325748436876753,calm,,0,0.7946864360405949,0.05623363491020573
2023-01-25 00:00:00+00:00,0.0,1.0,0.25,-2.19300983653848,0.00595747453801603,2.230605637033626,calm,,0,0.7946864360405949,0.05623363491020573
2023-01-26 00:00:00+00:00,0.0,1.0,0.25,-1.8642481764652932,0.0059574626562736745,2.2399748982321426,calm,,0,0.7946864360405949,0.05623363491020573
2023-01-27 00:00:00+00:00,0.0,1.0,0.25,-1.9127301661778513,0.005957455449632887,2.23394937249355,calm,,0,0.7946864360405949,0.05623363491020573
2023-01-30 00:00:00+00:00,0.0,1.0,0.25,-1.4433976542331726,0.005957451078584443,2.251725547261282,calm,,0,0.7946864360405949,0.05623363491020573
2023-01-31 00:00:00+00:00,0.0,1.0,0.25,-1.1404705886279154,0.005957448427409634,2.263676076553273,calm,,0,0.7946864360405949,0.05623363491020573
2023-02-01 00:00:00+00:00,0.0,1.0,0.25,-1.2701323768111121,0.005957446819390884,2.2557015745238416,calm,,0,0.7946864360405949,0.05623363491020573
2023-02-02 00:00:00+00:00,0.0,1.0,0.25,-1.2537589199553807,0.005957445844078243,2.254430797942319,calm,,0,0.7946864360405949,0.05623363491020573
2023-02-03 00:00:00+00:00,0.0,1.0,0.25,-1.1391845290302633,0.005957445252521243,2.257946452723157,calm,,0,0.7946864360405949,0.05623363491020573
2023-02-06 00:00:00+00:00,0.0,1.0,0.25,-0.9377556392287802,0.005957444893723797,2.265998484561123,calm,,0,0.7946864360405949,0.05623363491020573
2023-02-07 00:00:00+00:00,0.0,1.0,0.25,-0.8186128388781124,0.0059574446761021535,2.2703311306558023,calm,,0,0.7946864360405949,0.05623363491020573
2023-02-08 00:00:00+00:00,0.0,1.0,0.25,-0.6731058864340911,0.0059574445441079584,2.2760479872816295,calm,,0,0.7946864360405949,0.05623363491020573
2023-02-09 00:00:00+00:00,0.0,1.0,0.25,-0.9054962289447601,0.005957444464049435,2.263634843366776,calm,,0,0.7946864360405949,0.05623363491020573
2023-02-10 00:00:00+00:00,0.0,1.0,0.25,-0.7034745393790189,0.005957444415491488,2.271860372372669,calm,,0,0.7946864360405949,0.05623363491020573
2023-02-13 00:00:00+00:00,0.0,1.0,0.25,-0.7375374317694903,0.005957444386039605,2.2690258287424485,calm,,0,0.7946864360405949,0.05623363491020573
2023-02-14 00:00:00+00:00,0.0,1.0,0.25,-1.0616691800566755,0.0059574443681761355,2.2527070103648508,calm,,0,0.7946864360405949,0.05623363491020573
2023-02-15 00:00:00+00:00,0.0,1.0,0.25,-0.8790902898200859,0.005957444357341394,2.2596571348005168,calm,,0,0.7946864360405949,0.05623363491020573
2023-02-16 00:00:00+00:00,0.0,1.0,0.25,-0.8861216144714349,0.005957444350769792,2.2580743840596043,calm,,0,0.7946864360405949,0.05623363491020573
2023-02-17 00:00:00+00:00,0.0,1.0,0.25,-0.9619421285673009,0.005957444346783913,2.2534384204275404,calm,,0,0.7946864360405949,0.05623363491020573
2023-02-21 00:00:00+00:00,0.0,1.0,0.25,-1.0362869870915041,0.005957444344366356,2.2489647994047073,calm,,0,0.7946864360405949,0.05623363491020573
2023-02-22 00:00:00+00:00,0.0,1.0,0.25,-0.9650191797481189,0.005957444342900033,2.2509063589884812,calm,,0,0.7946864360405949,0.05623363491020573
2023-02-23 00:00:00+00:00,0.0,1.0,0.25,-0.8980823458313181,0.005957444342010664,2.252764558916615,calm,,0,0.7946864360405949,0.05623363491020573
2023-02-24 00:00:00+00:00,0.0,1.0,0.25,-0.813525041792947,0.005957444341471233,2.2553226936476474,calm,,0,0.7946864360405949,0.05623363491020573
2023-02-27 00:00:00+00:00,0.0,1.0,0.25,-0.3602888823204254,0.005957444341144053,2.2720625025311394,calm,,0,0.7946864360405949,0.05623363491020573
2023-02-28 00:00:00+00:00,0.0,1.0,0.25,-1.2891718971633044,0.005957444340945608,2.236157277755891,calm,,0,0.7946864360405949,0.05623363491020573
2023-03-01 00:00:00+00:00,0.0,1.0,0.25,-1.7494399985116085,0.005957444340825245,2.2180130483423284,calm,,0,0.7946864360405949,0.05623363491020573
2023-03-02 00:00:00+00:00,0.0,1.0,0.25,-1.4832323991884813,0.005957444340752241,2.2258114252820342,calm,,0,0.7946864360405949,0.05623363491020573
2023-03-03 00:00:00+00:00,0.0,1.0,0.25,-1.2502997949039834,0.005957444340707962,2.2328306377831435,calm,,0,0.7946864360405949,0.05623363491020573
2023-03-06 00:00:00+00:00,0.0,1.0,0.25,-1.3041476559188574,0.005957444340681105,2.2297786929876318,calm,,0,0.7946864360405949,0.05623363491020573
2023-03-07 00:00:00+00:00,0.0,1.0,0.25,-1.6145600567414122,0.005957444340664816,2.21766218679823,calm,,0,0.7946864360405949,0.05623363491020573
2023-03-08 00:00:00+00:00,0.0,1.0,0.25,-1.2654598974902198,0.005957444340654936,2.2282603320856422,calm,,0,0.7946864360405949,0.05623363491020573
2023-03-09 00:00:00+00:00,0.0,1.0,0.25,-0.8569405567064667,0.005957444340648943,2.241141904755785,calm,,0,0.7946864360405949,0.05623363491020573
2023-03-10 00:00:00+00:00,0.0,1.0,0.25,-1.6957181777739978,0.005957444340645309,2.2108772155170513,calm,,0,0.7946864360405949,0.05623363491020573
2023-03-13 00:00:00+00:00,0.0,1.0,0.25,-1.997518125909698,0.005957444340643104,2.197835140358462,calm,,0,0.7946864360405949,0.05623363491020573
2023-03-14 00:00:00+00:00,0.0,1.0,0.25,-1.8377942243463503,0.005957444340641767,2.2002579158081352,calm,,0,0.7946864360405949,0.05623363491020573
2023-03-15 00:00:00+00:00,0.0,1.0,0.25,-1.467803428453955,0.005957444340640956,2.2109404642895703,calm,,0,0.7946864360405949,0.05623363491020573
2023-03-16 00:00:00+00:00,0.0,1.0,0.25,-1.5961158051454873,0.005957444340640464,2.204215692575942,calm,,0,0.7946864360405949,0.05623363491020573
2023-03-17 00:00:00+00:00,0.0,1.0,0.25,-1.800430701913533,0.0059574443406401655,2.19423668086824,calm,,0,0.7946864360405949,0.05623363491020573
2023-03-20 00:00:00+00:00,0.0,1.0,0.25,-1.635238187884042,0.005957444340639985,2.1976784258063056,calm,,0,0.7946864360405949,0.05623363491020573
2023-03-21 00:00:00+00:00,0.0,1.0,0.25,-1.6736392644041647,0.005957444340639875,2.1938681305593244,calm,,0,0.7946864360405949,0.05623363491020573
2023-03-22 00:00:00+00:00,0.0,1.0,0.25,-1.6087464370792568,0.005957444340639808,2.194027705170248,calm,,0,0.7946864360405949,0.05623363491020573
2023-03-23 00:00:00+00:00,0.0,1.0,0.25,-0.9854928138334279,0.005957444340639768,2.215918972337015,calm,,0,0.7946864360405949,0.05623363491020573
2023-03-24 00:00:00+00:00,0.0,1.0,0.25,-0.6891611777290169,0.005957444340639744,2.2261435265390497,calm,,0,0.7946864360405949,0.05623363491020573
2023-03-27 00:00:00+00:00,0.0,1.0,0.25,-0.3055848708440606,0.005957444340639728,2.2398033021194377,calm,,0,0.7946864360405949,0.05623363491020573
2023-03-28 00:00:00+00:00,0.0,1.0,0.25,-0.4474877667184611,0.00595744434063972,2.2335786281687424,calm,,0,0.7946864360405949,0.05623363491020573
2023-03-29 00:00:00+00:00,0.0,1.0,0.25,-0.5488119695851832,0.0059574443406397145,2.228925660031064,calm,,0,0.7946864360405949,0.05623363491020573
2023-03-30 00:00:00+00:00,0.0,1.0,0.25,-0.5469124725226039,0.005957444340639711,2.228078078701425,calm,,0,0.7946864360405949,0.05623363491020573
2023-03-31 00:00:00+00:00,0.0,1.0,0.25,-0.4202523021343072,0.005957444340639709,2.231647020683606,calm,,0,0.7946864360405949,0.05623363491020573
2023-04-03 00:00:00+00:00,0.0,0.0,0.0,-0.221186615745139,0.005658852878448933,2.309736414430515,normal,,0,0.7787727494165648,0.05612842157723948
2023-04-04 00:00:00+00:00,0.0,0.0,0.0,0.033258486931970095,0.005658852878448932,2.3174314433423877,calm,,0,0.7787727494165648,0.05612842157723948
2023-04-05 00:00:00+00:00,0.0,0.0,0.0,0.17838817344109825,0.005658852878448932,2.3213252143132763,calm,,0,0.7787727494165648,0.05612842157723948
2023-04-06 00:00:00+00:00,0.0,0.0,0.0,0.2486273918376387,0.0056588528784489315,2.322347911790935,calm,,0,0.7787727494165648,0.05612842157723948
2023-04-10 00:00:00+00:00,0.0,0.0,0.0,0.6382860445341423,0.0056588528784489315,2.3327641567302306,calm,,0,0.7787727494165648,0.05612842157723948
2023-04-11 00:00:00+00:00,0.0,0.0,0.0,0.7131625397251928,0.0056588528784489315,2.332586153345523,calm,,0,0.7787727494165648,0.05612842157723948
2023-04-12 00:00:00+00:00,0.0,0.0,0.0,1.0558976025395206,0.0056588528784489315,2.3383873752608153,calm,,0,0.7787727494165648,0.05612842157723948
2023-04-13 00:00:00+00:00,0.0,0.0,0.0,1.3047437565747935,0.0056588528784489315,2.3404683457470363,calm,,0,0.7787727494165648,0.05612842157723948
2023-04-14 00:00:00+00:00,0.0,0.0,0.0,1.3778907526701138,0.0056588528784489315,2.343259351673153,calm,,0,0.7787727494165648,0.05612842157723948
2023-04-17 00:00:00+00:00,0.0,0.0,0.0,0.8974707970294451,0.0056588528784489315,2.3330005099788655,calm,,0,0.7787727494165648,0.05612842157723948
2023-04-18 00:00:00+00:00,0.0,0.0,0.0,-0.4506927256997887,0.0056588528784489315,2.30104637032042,calm,,0,0.7787727494165648,0.05612842157723948
2023-04-19 00:00:00+00:00,0.0,0.0,0.0,-0.14538453611429406,0.0056588528784489315,2.3087874629625325,calm,,0,0.7787727494165648,0.05612842157723948
2023-04-20 00:00:00+00:00,0.0,0.0,0.0,0.2430523263741228,0.0056588528784489315,2.3181842053206907,calm,,0,0.7787727494165648,0.05612842157723948
2023-04-21 00:00:00+00:00,0.0,0.0,0.0,0.20926028690131038,0.0056588528784489315,2.3176092738219327,calm,,0,0.7787727494165648,0.05612842157723948
2023-04-24 00:00:00+00:00,0.0,0.0,0.0,0.9470130984929401,0.0056588528784489315,2.33509798332906,calm,,0,0.7787727494165648,0.05612842157723948
2023-04-25 00:00:00+00:00,0.0,0.0,0.0,1.021102292085915,0.0056588528784489315,2.3373818127781827,calm,,0,0.7787727494165648,0.05612842157723948
2023-04-26 00:00:00+00:00,0.0,0.0,0.0,0.5299345156893507,0.0056588528784489315,2.326419016456236,calm,,0,0.7787727494165648,0.05612842157723948
2023-04-27 00:00:00+00:00,0.0,0.0,0.0,0.2500448817300043,0.0056588528784489315,2.3198107247505906,calm,,0,0.7787727494165648,0.05612842157723948
2023-04-28 00:00:00+00:00,0.0,0.0,0.0,0.9795033868119856,0.0056588528784489315,2.3366981194760283,calm,,0,0.7787727494165648,0.05612842157723948
2023-05-01 00:00:00+00:00,0.0,0.0,0.0,1.2314381326666919,0.0056588528784489315,2.3429095703678766,calm,,0,0.7787727494165648,0.05612842157723948
2023-05-02 00:00:00+00:00,0.0,0.0,0.0,0.9236722024922135,0.0056588528784489315,2.3360858819886934,calm,,0,0.7787727494165648,0.05612842157723948
2023-05-03 00:00:00+00:00,0.0,0.0,0.0,1.0725305178201632,0.0056588528784489315,2.3398034748601586,calm,,0,0.7787727494165648,0.05612842157723948
2023-05-04 00:00:00+00:00,0.0,0.0,0.0,0.8810686721936335,0.0056588528784489315,2.3352307379138217,calm,,0,0.7787727494165648,0.05612842157723948
2023-05-05 00:00:00+00:00,0.0,0.0,0.0,0.8699094056829331,0.0056588528784489315,2.334696002323559,calm,,0,0.7787727494165648,0.05612842157723948
2023-05-08 00:00:00+00:00,0.0,0.0,0.0,0.8604801379748416,0.0056588528784489315,2.3339796780073883,calm,,0,0.7787727494165648,0.05612842157723948
2023-05-09 00:00:00+00:00,0.0,0.0,0.0,0.6536833788093412,0.0056588528784489315,2.329033574643257,calm,,0,0.7787727494165648,0.05612842157723948
2023-05-10 00:00:00+00:00,0.0,0.0,0.0,0.639259046141058,0.0056588528784489315,2.3282590571748423,calm,,0,0.7787727494165648,0.05612842157723948
2023-05-11 00:00:00+00:00,0.0,0.0,0.0,0.9259565637021046,0.0056588528784489315,2.334488640332128,calm,,0,0.7787727494165648,0.05612842157723948
2023-05-12 00:00:00+00:00,0.0,0.0,0.0,0.7791468742939535,0.0056588528784489315,2.3313283268982694,calm,,0,0.7787727494165648,0.05612842157723948
2023-05-15 00:00:00+00:00,0.0,0.0,0.0,0.8875665292306651,0.0056588528784489315,2.3337880609515906,calm,,0,0.7787727494165648,0.05612842157723948
2023-05-16 00:00:00+00:00,0.0,0.0,0.0,1.1766820885220277,0.0056588528784489315,2.340558561466832,calm,,0,0.7787727494165648,0.05612842157723948
2023-05-17 00:00:00+00:00,0.0,0.0,0.0,1.5604216931233281,0.0056588528784489315,2.3499965284609527,calm,,0,0.7787727494165648,0.05612842157723948
2023-05-18 00:00:00+00:00,0.0,0.0,0.0,1.3263337078563742,0.0056588528784489315,2.3455902290427972,calm,,0,0.7787727494165648,0.05612842157723948
2023-05-19 00:00:00+00:00,0.0,0.0,0.0,1.5804349275591572,0.0056588528784489315,2.3525044779217255,calm,,0,0.7787727494165648,0.05612842157723948
2023-05-22 00:00:00+00:00,0.0,0.0,0.0,1.502838012728094,0.0056588528784489315,2.351765443728203,calm,,0,0.7787727494165648,0.05612842157723948
2023-05-23 00:00:00+00:00,0.0,0.0,0.0,1.0445937094168023,0.0056588528784489315,2.3413116207101474,calm,,0,0.7787727494165648,0.05612842157723948
2023-05-24 00:00:00+00:00,0.0,0.0,0.0,1.0134942061418708,0.0056588528784489315,2.340408903698668,calm,,0,0.7787727494165648,0.05612842157723948
2023-05-25 00:00:00+00:00,0.0,0.0,0.0,0.9247911055190806,0.0056588528784489315,2.3389072083944336,calm,,0,0.7787727494165648,0.05612842157723948
2023-05-26 00:00:00+00:00,0.0,0.0,0.0,1.6088074108995092,0.0056588528784489315,2.3568240771998394,calm,,0,0.7787727494165648,0.05612842157723948
2023-05-30 00:00:00+00:00,0.0,0.0,0.0,1.601036925824466,0.0056588528784489315,2.3582705128668255,calm,,0,0.7787727494165648,0.05612842157723948
2023-05-31 00:00:00+00:00,0.0,0.0,0.0,1.2587404211728266,0.0056588528784489315,2.3510337135819768,calm,,0,0.7787727494165648,0.05612842157723948
2023-06-01 00:00:00+00:00,0.0,0.0,0.0,0.23615585319055357,0.00565945940907071,2.3253296131519,calm,,1,0.7787727494165648,0.05612842157723948
2023-06-02 00:00:00+00:00,0.0,0.0,0.0,0.2077627389710626,0.0056592207578440865,2.3251129762183713,calm,,0,0.7787727494165648,0.05612842157723948
2023-06-05 00:00:00+00:00,0.0,0.0,0.0,0.18002535163809846,0.0056590760085672145,2.324776525673935,calm,,0,0.7787727494165648,0.05612842157723948
2023-06-06 00:00:00+00:00,0.0,0.0,0.0,0.04280224609033593,0.005658988213698311,2.3214208144931754,calm,,0,0.7787727494165648,0.05612842157723948
2023-06-07 00:00:00+00:00,0.0,0.0,0.0,0.8726989571473548,0.0056589349634218866,2.3431079912492447,calm,,0,0.7787727494165648,0.05612842157723948
2023-06-08 00:00:00+00:00,0.0,0.0,0.0,0.8275263947649577,0.005658902665498617,2.342554019000933,calm,,0,0.7787727494165648,0.05612842157723948
2023-06-09 00:00:00+00:00,0.0,0.0,0.0,0.9038689024049714,0.005658883075819133,2.3449147795794305,calm,,0,0.7787727494165648,0.05612842157723948
2023-06-12 00:00:00+00:00,0.0,0.0,0.0,0.8506663946537348,0.005658871194078656,2.344291350398739,calm,,0,0.7787727494165648,0.05612842157723948
2023-06-13 00:00:00+00:00,0.0,0.0,0.0,1.0560886563186067,0.005658863987439216,2.3494210125263977,calm,,0,0.7787727494165648,0.05612842157723948
2023-06-14 00:00:00+00:00,0.0,0.0,0.0,0.45108802559998423,0.005658859616391717,2.3366049086190257,calm,,0,0.7787727494165648,0.05612842157723948
2023-06-15 00:00:00+00:00,0.0,0.0,0.0,0.10590526734706814,0.005658856965217558,2.330229972414374,calm,,0,0.7787727494165648,0.05612842157723948
2023-06-16 00:00:00+00:00,0.0,0.0,0.0,0.47646673409864193,0.005658855357199248,2.337845303310746,calm,,0,0.7787727494165648,0.05612842157723948
2023-06-20 00:00:00+00:00,0.0,0.0,0.0,-0.26037675806797445,0.005658854381886902,2.326214284129279,calm,,0,0.7787727494165648,0.05612842157723948
2023-06-21 00:00:00+00:00,0.0,0.0,0.0,-1.6691637995841389,0.005658853790330098,2.3058976381233487,calm,,0,0.7787727494165648,0.05612842157723948
2023-06-22 00:00:00+00:00,0.0,0.0,0.0,-1.3002676901695345,0.005658853431532783,2.3120224630459174,calm,,0,0.7787727494165648,0.05612842157723948
2023-06-23 00:00:00+00:00,0.0,0.0,0.0,-1.9193218301045745,0.005658853213911224,2.3029768172471687,calm,,0,0.7787727494165648,0.05612842157723948
2023-06-26 00:00:00+00:00,1.0,1.0,0.25,-2.2532524591757657,0.005658853081917084,2.2979435400137755,calm,,0,0.7787727494165648,0.05612842157723948
2023-06-27 00:00:00+00:00,0.0,1.0,0.25,-2.4539713275332145,0.005658853001858597,2.294776893817157,calm,,0,0.7787727494165648,0.05612842157723948
2023-06-28 00:00:00+00:00,0.0,1.0,0.25,-2.224374276007,0.005658852953300673,2.297747212666808,calm,,0,0.7787727494165648,0.05612842157723948
2023-06-29 00:00:00+00:00,0.0,1.0,0.25,-0.9779752479883016,0.0056588529238488046,2.316190734468728,calm,,0,0.7787727494165648,0.05612842157723948
2023-06-30 00:00:00+00:00,0.0,1.0,0.25,-1.5368076365199326,0.005658852905985345,2.308015704514342,calm,,0,0.7787727494165648,0.05612842157723948
2023-07-03 00:00:00+00:00,0.0,0.0,0.0,-1.1202261303789967,0.006158584334038675,2.319165120159368,normal,,0,0.77759404386477,0.05508017778904268
2023-07-05 00:00:00+00:00,0.0,0.0,0.0,-2.04659875000835,0.006158584327311074,2.3047050068385997,calm,,0,0.77759404386477,0.05508017778904268
2023-07-06 00:00:00+00:00,0.0,0.0,0.0,-1.8007574872332022,0.006158584323225896,2.307210760286816,calm,,0,0.77759404386477,0.05508017778904268
2023-07-07 00:00:00+00:00,0.0,0.0,0.0,-1.2833802587599814,0.006158584320745266,2.314354255068596,calm,,0,0.77759404386477,0.05508017778904268
2023-07-10 00:00:00+00:00,0.0,0.0,0.0,-0.8968346760960003,0.0061585843192389625,2.3200517043098943,calm,,0,0.77759404386477,0.05508017778904268
2023-07-11 00:00:00+00:00,0.0,0.0,0.0,-1.0622708383593167,0.006158584318324294,2.3168619671148085,calm,,0,0.77759404386477,0.05508017778904268
2023-07-12 00:00:00+00:00,0.0,0.0,0.0,-0.43532046481412384,0.006158584317768883,2.3267134359358397,calm,,0,0.77759404386477,0.05508017778904268
2023-07-13 00:00:00+00:00,0.0,0.0,0.0,-0.3051556966199247,0.006158584317431623,2.3285401789607483,calm,,0,0.77759404386477,0.05508017778904268
2023-07-14 00:00:00+00:00,0.0,0.0,0.0,-0.504161574895206,0.00615858431722683,2.325085586415693,calm,,0,0.77759404386477,0.05508017778904268
2023-07-17 00:00:00+00:00,0.0,0.0,0.0,-1.0028342477088992,0.0061585843171024736,2.3174968909952836,calm,,0,0.77759404386477,0.05508017778904268
2023-07-18 00:00:00+00:00,0.0,0.0,0.0,-1.72760929406132,0.006158584317026961,2.3059273071045356,calm,,0,0.77759404386477,0.05508017778904268
2023-07-19 00:00:00+00:00,0.0,0.0,0.0,-1.7810908332123574,0.006158584316981108,2.304156050828944,calm,,0,0.77759404386477,0.05508017778904268
2023-07-20 00:00:00+00:00,0.0,0.0,0.0,-0.1928078209290689,0.006158584316953265,2.3299383819947703,calm,,0,0.77759404386477,0.05508017778904268
2023-07-21 00:00:00+00:00,0.0,0.0,0.0,-0.09822240083852321,0.006158584316936358,2.331360233847063,calm,,0,0.77759404386477,0.05508017778904268
2023-07-24 00:00:00+00:00,0.0,0.0,0.0,0.763541858589002,0.006158584316926091,2.3456413794900257,calm,,0,0.77759404386477,0.05508017778904268
2023-07-25 00:00:00+00:00,0.0,0.0,0.0,-0.12615925765061442,0.0061585843169198575,2.3309295897494797,calm,,0,0.77759404386477,0.05508017778904268
2023-07-26 00:00:00+00:00,0.0,0.0,0.0,1.2417745375947253,0.0061585843169160714,2.354060820894008,calm,,0,0.77759404386477,0.05508017778904268
2023-07-27 00:00:00+00:00,0.0,0.0,0.0,0.8975118738054451,0.006158584316913773,2.348626019024574,calm,,0,0.77759404386477,0.05508017778904268
2023-07-28 00:00:00+00:00,0.0,0.0,0.0,1.3036006094575199,0.006158584316912377,2.355551318058912,calm,,0,0.77759404386477,0.05508017778904268
2023-07-31 00:00:00+00:00,0.0,0.0,0.0,1.7176071061626565,0.00615858431691153,2.363196538513048,calm,,0,0.77759404386477,0.05508017778904268
2023-08-01 00:00:00+00:00,-1.0,-1.0,0.25,2.1842985301591122,0.006158584316911015,2.3723275919284155,calm,,0,0.77759404386477,0.05508017778904268
2023-08-02 00:00:00+00:00,0.0,-1.0,0.25,1.8601213584791711,0.0061585843169107025,2.368402259751881,calm,,0,0.77759404386477,0.05508017778904268
2023-08-03 00:00:00+00:00,0.0,-1.0,0.25,2.198517902261587,0.0061585843169105125,2.37617351847181,calm,,0,0.77759404386477,0.05508017778904268
2023-08-04 00:00:00+00:00,0.0,-1.0,0.25,2.223004787929564,0.006158584316910397,2.378884889011505,calm,,0,0.77759404386477,0.05508017778904268
2023-08-07 00:00:00+00:00,0.0,-1.0,0.25,2.228528760789032,0.006158584316910328,2.3814878177804233,calm,,0,0.77759404386477,0.05508017778904268
2023-08-08 00:00:00+00:00,0.0,-1.0,0.25,1.3487926598881375,0.006158584316910285,2.365540586253778,calm,,0,0.77759404386477,0.05508017778904268
2023-08-09 00:00:00+00:00,0.0,-1.0,0.25,1.0482626421226857,0.006158584316910259,2.359958444148568,calm,,0,0.77759404386477,0.05508017778904268
2023-08-10 00:00:00+00:00,0.0,-1.0,0.25,0.2240328325880882,0.006158584316910244,2.3427331186166254,calm,,0,0.77759404386477,0.05508017778904268
2023-08-11 00:00:00+00:00,0.0,-1.0,0.25,0.6380567196573198,0.006158584316910234,2.3517521533152386,calm,,0,0.77759404386477,0.05508017778904268
2023-08-14 00:00:00+00:00,0.0,-1.0,0.25,0.2826167187171491,0.006158584316910228,2.34417874187907,calm,,0,0.77759404386477,0.05508017778904268
2023-08-15 00:00:00+00:00,0.0,-1.0,0.25,-0.08919375984620599,0.0061585843169102246,2.335943275497491,calm,,0,0.77759404386477,0.05508017778904268
2023-08-16 00:00:00+00:00,0.0,-1.0,0.25,-0.2434072072834125,0.006158584316910223,2.3323838238935024,calm,,0,0.77759404386477,0.05508017778904268
2023-08-17 00:00:00+00:00,0.0,-1.0,0.25,-0.24086504812116802,0.006158584316910221,2.3320533439336883,calm,,0,0.77759404386477,0.05508017778904268
2023-08-18 00:00:00+00:00,0.0,-1.0,0.25,-0.40657798267522416,0.00615858431691022,2.328159378715851,calm,,0,0.77759404386477,0.05508017778904268
2023-08-21 00:00:00+00:00,0.0,-1.0,0.25,-0.3677394132909281,0.00615858431691022,2.328681021026884,calm,,0,0.77759404386477,0.05508017778904268
2023-08-22 00:00:00+00:00,0.0,-1.0,0.25,-0.27886694903237574,0.00615858431691022,2.3302861678477043,calm,,0,0.77759404386477,0.05508017778904268
2023-08-23 00:00:00+00:00,0.0,-1.0,0.25,0.14287952518169056,0.006158584316910219,2.3389900922844142,calm,,0,0.77759404386477,0.05508017778904268
2023-08-24 00:00:00+00:00,0.0,-1.0,0.25,-0.2198460112406165,0.006158584316910219,2.330984984155134,calm,,0,0.77759404386477,0.05508017778904268
2023-08-25 00:00:00+00:00,0.0,-1.0,0.25,-0.20631284892869015,0.006158584316910219,2.3307915591732704,calm,,0,0.77759404386477,0.05508017778904268
2023-08-28 00:00:00+00:00,2.0,0.0,0.0,0.1723920125432165,0.006158584316910219,2.338132055861304,calm,mean_reversion,0,0.77759404386477,0.05508017778904268
2023-08-29 00:00:00+00:00,0.0,0.0,0.0,0.6723105534883156,0.006158584316910219,2.348457163358864,calm,,0,0.77759404386477,0.05508017778904268
2023-08-30 00:00:00+00:00,0.0,0.0,0.0,0.2623436533604568,0.006158584316910219,2.340413233384828,calm,,0,0.77759404386477,0.05508017778904268
2023-08-31 00:00:00+00:00,0.0,0.0,0.0,-0.04853543744963307,0.006158584316910219,2.3342236420019384,calm,,0,0.77759404386477,0.05508017778904268
2023-09-01 00:00:00+00:00,0.0,0.0,0.0,-0.21139621784651846,0.006158584316910219,2.3310223196854962,calm,,0,0.77759404386477,0.05508017778904268
2023-09-05 00:00:00+00:00,0.0,0.0,0.0,-0.3513075656811909,0.006158584316910219,2.3278963934972645,calm,,0,0.77759404386477,0.05508017778904268
2023-09-06 00:00:00+00:00,0.0,0.0,0.0,-0.24872893515839048,0.006158584316910219,2.329666703155124,calm,,0,0.77759404386477,0.05508017778904268
2023-09-07 00:00:00+00:00,0.0,0.0,0.0,-0.19626887327467327,0.006158584316910219,2.330409303804618,calm,,0,0.77759404386477,0.05508017778904268
2023-09-08 00:00:00+00:00,0.0,0.0,0.0,0.04372425953936678,0.006158584316910219,2.3349418328845832,calm,,0,0.77759404386477,0.05508017778904268
2023-09-11 00:00:00+00:00,0.0,0.0,0.0,0.4055112473508549,0.006158584316910219,2.3418249903891653,calm,,0,0.77759404386477,0.05508017778904268
2023-09-12 00:00:00+00:00,0.0,0.0,0.0,0.40875115302433074,0.006158584316910219,2.341888507565216,calm,,0,0.77759404386477,0.05508017778904268
2023-09-13 00:00:00+00:00,0.0,0.0,0.0,0.3255249162514097,0.006158584316910219,2.340342303128547,calm,,0,0.77759404386477,0.05508017778904268
2023-09-14 00:00:00+00:00,0.0,0.0,0.0,0.8909841007637772,0.006158584316910219,2.3515794107967265,calm,,0,0.77759404386477,0.05508017778904268
2023-09-15 00:00:00+00:00,0.0,0.0,0.0,0.8450402634710592,0.006158584316910219,2.351106031268125,calm,,0,0.77759404386477,0.05508017778904268
2023-09-18 00:00:00+00:00,0.0,0.0,0.0,0.8788733606870627,0.006158584316910219,2.3523528872797956,calm,,0,0.77759404386477,0.05508017778904268
2023-09-19 00:00:00+00:00,0.0,0.0,0.0,0.6382129642144717,0.006158584316910219,2.3481237313796437,calm,,0,0.77759404386477,0.05508017778904268
2023-09-20 00:00:00+00:00,0.0,0.0,0.0,0.3855607989927392,0.006158584316910219,2.3436436403566097,calm,,0,0.77759404386477,0.05508017778904268
2023-09-21 00:00:00+00:00,0.0,0.0,0.0,0.7708670431096114,0.006158584316910219,2.351562762772116,calm,,0,0.77759404386477,0.05508017778904268
2023-09-22 00:00:00+00:00,0.0,0.0,0.0,0.9396265360235183,0.006158584316910219,2.3551810418754595,calm,,0,0.77759404386477,0.05508017778904268
2023-09-25 00:00:00+00:00,0.0,0.0,0.0,1.0593108476046111,0.006158584316910219,2.3578418147118945,calm,,0,0.77759404386477,0.05508017778904268
2023-09-26 00:00:00+00:00,0.0,0.0,0.0,0.6560065261755036,0.006158584316910219,2.3510837609604223,calm,,0,0.77759404386477,0.05508017778904268
2023-09-27 00:00:00+00:00,0.0,0.0,0.0,0.7844961869289592,0.006158584316910219,2.3538719528741288,calm,,0,0.77759404386477,0.05508017778904268
2023-09-28 00:00:00+00:00,0.0,0.0,0.0,0.7747838501189807,0.006158584316910219,2.3541874347183076,calm,,0,0.77759404386477,0.05508017778904268
2023-09-29 00:00:00+00:00,0.0,0.0,0.0,0.8689317534705654,0.006158584316910219,2.3562423036523668,calm,,0,0.77759404386477,0.05508017778904268
2023-10-02 00:00:00+00:00,0.0,0.0,0.0,0.7018793293805271,0.005873714574253777,2.339816220670797,normal,,0,0.7807270068711964,0.053998977954346196
2023-10-03 00:00:00+00:00,0.0,0.0,0.0,-0.29183377301106433,0.005873714574253777,2.3237174265152527,calm,,0,0.7807270068711964,0.053998977954346196
2023-10-04 00:00:00+00:00,0.0,0.0,0.0,-0.5180001942166101,0.005873714574253777,2.320375899809088,calm,,0,0.7807270068711964,0.053998977954346196
2023-10-05 00:00:00+00:00,0.0,0.0,0.0,-0.24857430052797264,0.005873714574253777,2.325159717434135,calm,,0,0.7807270068711964,0.053998977954346196
2023-10-06 00:00:00+00:00,0.0,0.0,0.0,-0.7317094309807513,0.005873714574253777,2.3177011972797055,calm,,0,0.7807270068711964,0.053998977954346196
2023-10-09 00:00:00+00:00,0.0,0.0,0.0,-0.39091929569001166,0.005873714574253777,2.3232009082017315,calm,,0,0.7807270068711964,0.053998977954346196
2023-10-10 00:00:00+00:00,0.0,0.0,0.0,0.48853612919367284,0.005873714574253777,2.3372991138816075,calm,,0,0.7807270068711964,0.053998977954346196
2023-10-11 00:00:00+00:00,0.0,0.0,0.0,0.2534744702011395,0.005873714574253777,2.334076030061362,calm,,0,0.7807270068711964,0.053998977954346196
2023-10-12 00:00:00+00:00,0.0,0.0,0.0,0.39966987785817154,0.005873714574253777,2.336692502345694,calm,,0,0.7807270068711964,0.053998977954346196
2023-10-13 00:00:00+00:00,0.0,0.0,0.0,0.0839345377525214,0.005873714574253777,2.3327964196755904,calm,,0,0.7807270068711964,0.053998977954346196
2023-10-16 00:00:00+00:00,0.0,0.0,0.0,0.7905762090601659,0.005873714574253777,2.342509365717795,calm,,0,0.7807270068711964,0.053998977954346196
2023-10-17 00:00:00+00:00,1.0,1.0,0.17830053628839815,-1.4859400967438625,0.005874321107209148,2.3126266208364012,calm,,1,0.7807270068711964,0.053998977954346196
2023-10-18 00:00:00+00:00,0.0,1.0,0.17830053628839815,0.6998017409465348,0.005874082456479728,2.3415234422060465,calm,,0,0.7807270068711964,0.053998977954346196
2023-10-19 00:00:00+00:00,0.0,1.0,0.17830053628839815,1.5538329391991956,0.005873937706947512,2.353337018146682,calm,,0,0.7807270068711964,0.053998977954346196
2023-10-20 00:00:00+00:00,0.0,1.0,0.17830053628839815,1.2685836059394207,0.005873849911585948,2.3500316508538033,calm,,0,0.7807270068711964,0.053998977954346196
2023-10-23 00:00:00+00:00,0.0,1.0,0.17830053628839815,2.634772198643658,0.005873796660805831,2.369437376099229,calm,,0,0.7807270068711964,0.053998977954346196
2023-10-24 00:00:00+00:00,0.0,1.0,0.17830053628839815,2.210332317575992,0.00587376436245279,2.3656702640127123,calm,,0,0.7807270068711964,0.053998977954346196
2023-10-25 00:00:00+00:00,0.0,1.0,0.17830053628839815,1.8329662754133564,0.005873744772437267,2.3612713108196464,calm,,0,0.7807270068711964,0.053998977954346196
2023-10-26 00:00:00+00:00,0.0,1.0,0.17830053628839815,1.3463770219204736,0.005873732890447256,2.354123568945923,calm,,0,0.7807270068711964,0.053998977954346196
2023-10-27 00:00:00+00:00,0.0,1.0,0.17830053628839815,0.9535955029202259,0.005873725683628739,2.3481724629259744,calm,,0,0.7807270068711964,0.053998977954346196
2023-10-30 00:00:00+00:00,0.0,1.0,0.17830053628839815,3.231010153384004,0.005873721312455805,2.3812915635655925,calm,,0,0.7807270068711964,0.053998977954346196
2023-10-31 00:00:00+00:00,0.0,1.0,0.17830053628839815,3.622863996616036,0.005873718661195367,2.3899893725156836,calm,,0,0.7807270068711964,0.053998977954346196
2023-11-01 00:00:00+00:00,0.0,1.0,0.17830053628839815,3.8943182800215768,0.005873717053118538,2.398728380221985,calm,,0,0.7807270068711964,0.053998977954346196
2023-11-02 00:00:00+00:00,0.0,1.0,0.17830053628839815,3.2846992351474613,0.005873716077766947,2.3955002419606,calm,,0,0.7807270068711964,0.053998977954346196
2023-11-03 00:00:00+00:00,0.0,1.0,0.17830053628839815,3.5689583535006975,0.005873715486184063,2.407084169030163,calm,,0,0.7807270068711964,0.053998977954346196
2023-11-06 00:00:00+00:00,0.0,1.0,0.17830053628839815,2.909441899730135,0.005873715127369549,2.4010112507650785,calm,,0,0.7807270068711964,0.053998977954346196
2023-11-07 00:00:00+00:00,0.0,1.0,0.17830053628839815,2.8699499542428235,0.00587371490973672,2.4055005583829168,calm,,0,0.7807270068711964,0.053998977954346196
2023-11-08 00:00:00+00:00,0.0,1.0,0.17830053628839815,2.523351852383299,0.005873714777735238,2.402485056993683,calm,,0,0.7807270068711964,0.053998977954346196
2023-11-09 00:00:00+00:00,0.0,1.0,0.17830053628839815,2.58097322554115,0.005873714697671989,2.40831727114497,calm,,0,0.7807270068711964,0.053998977954346196
2023-11-10 00:00:00+00:00,0.0,1.0,0.17830053628839815,2.529727883254142,0.00587371464911099,2.411620380434092,calm,,0,0.7807270068711964,0.053998977954346196
2023-11-13 00:00:00+00:00,2.0,0.0,0.0,2.598751582381822,0.005873714619657144,2.418280999667713,calm,profit_target,0,0.7807270068711964,0.053998977954346196
2023-11-14 00:00:00+00:00,-1.0,-1.0,0.25,2.398016913707586,0.005873714601792415,2.4173775363202337,calm,,0,0.7807270068711964,0.053998977954346196
2023-11-15 00:00:00+00:00,0.0,-1.0,0.25,1.7587931605235536,0.005873714590956868,2.4019089667785605,calm,,0,0.7807270068711964,0.053998977954346196
2023-11-16 00:00:00+00:00,0.0,-1.0,0.25,1.6851314727397346,0.005873714584384753,2.40191791169288,calm,,0,0.7807270068711964,0.053998977954346196
2023-11-17 00:00:00+00:00,0.0,-1.0,0.25,1.6412491726698084,0.005873714580398547,2.402763366689051,calm,,0,0.7807270068711964,0.053998977954346196
2023-11-20 00:00:00+00:00,0.0,-1.0,0.25,1.7891033985148335,0.0058737145779807825,2.4096937141040597,calm,,0,0.7807270068711964,0.053998977954346196
2023-11-21 00:00:00+00:00,0.0,-1.0,0.25,1.6741921775190232,0.005873714576514329,2.40838838799679,calm,,0,0.7807270068711964,0.053998977954346196
2023-11-22 00:00:00+00:00,0.0,-1.0,0.25,1.910258818587098,0.005873714575624876,2.4186481282027756,calm,,0,0.7807270068711964,0.053998977954346196
2023-11-24 00:00:00+00:00,0.0,-1.0,0.25,1.8947562326608671,0.005873714575085394,2.421235421085754,calm,,0,0.7807270068711964,0.053998977954346196
2023-11-27 00:00:00+00:00,0.0,-1.0,0.25,1.8684635030616408,0.00587371457475818,2.4233940673553995,calm,,0,0.7807270068711964,0.053998977954346196
2023-11-28 00:00:00+00:00,0.0,-1.0,0.25,1.9933233981267835,0.0058737145745597135,2.430864203123883,calm,,0,0.7807270068711964,0.053998977954346196
2023-11-29 00:00:00+00:00,0.0,-1.0,0.25,1.6830040900854113,0.005873714574439338,2.4228239811924994,calm,,0,0.7807270068711964,0.053998977954346196
2023-11-30 00:00:00+00:00,0.0,-1.0,0.25,1.5264448481450237,0.005873714574366326,2.4193806510482245,calm,,0,0.7807270068711964,0.053998977954346196
2023-12-01 00:00:00+00:00,0.0,-1.0,0.25,1.6435604851519605,0.005873714574322042,2.4257634825038292,calm,,0,0.7807270068711964,0.053998977954346196
2023-12-04 00:00:00+00:00,0.0,-1.0,0.25,1.5191840451014598,0.005873714574295181,2.4233788444694206,calm,,0,0.7807270068711964,0.053998977954346196
2023-12-05 00:00:00+00:00,0.0,-1.0,0.25,1.1441653993764138,0.00587371457427889,2.4112556524376165,calm,,0,0.7807270068711964,0.053998977954346196
2023-12-06 00:00:00+00:00,0.0,-1.0,0.25,1.3198789658773893,0.005873714574269009,2.419335674160673,calm,,0,0.7807270068711964,0.053998977954346196
2023-12-07 00:00:00+00:00,0.0,-1.0,0.25,1.2268853646673308,0.005873714574263016,2.417514279682631,calm,,0,0.7807270068711964,0.053998977954346196
2023-12-08 00:00:00+00:00,0.0,-1.0,0.25,1.1956518344461122,0.005873714574259381,2.4178603281568862,calm,,0,0.7807270068711964,0.053998977954346196
2023-12-11 00:00:00+00:00,0.0,-1.0,0.25,1.03148084941597,0.005873714574257176,2.4131289072519104,calm,,0,0.7807270068711964,0.053998977954346196
2023-12-12 00:00:00+00:00,0.0,-1.0,0.25,0.9533723102691407,0.0058737145742558386,2.4114376883647948,calm,,0,0.7807270068711964,0.053998977954346196
2023-12-13 00:00:00+00:00,0.0,-1.0,0.25,1.0423403260357993,0.005873714574255028,2.4160295236854576,calm,,0,0.7807270068711964,0.053998977954346196
2023-12-14 00:00:00+00:00,0.0,-1.0,0.25,1.2471645538711793,0.005873714574254535,2.42512983485295,calm,,0,0.7807270068711964,0.053998977954346196
2023-12-15 00:00:00+00:00,0.0,-1.0,0.25,0.8993564120993901,0.0058737145742542365,2.4134285242879923,calm,,0,0.7807270068711964,0.053998977954346196
2023-12-18 00:00:00+00:00,0.0,-1.0,0.25,0.7809588103496613,0.005873714574254056,2.4100715752001807,calm,,0,0.7807270068711964,0.053998977954346196
2023-12-19 00:00:00+00:00,0.0,-1.0,0.25,0.9269852873995232,0.005873714574253946,2.4166023676300736,calm,,0,0.7807270068711964,0.053998977954346196
2023-12-20 00:00:00+00:00,0.0,-1.0,0.25,0.7575495647698401,0.005873714574253879,2.4113682318202354,calm,,0,0.7807270068711964,0.053998977954346196
2023-12-21 00:00:00+00:00,0.0,-1.0,0.25,0.6135193544686416,0.005873714574253839,2.4069872867352533,calm,,0,0.7807270068711964,0.053998977954346196
2023-12-22 00:00:00+00:00,0.0,-1.0,0.25,0.6146490661457159,0.005873714574253815,2.407937238120903,calm,,0,0.7807270068711964,0.053998977954346196
2023-12-26 00:00:00+00:00,0.0,-1.0,0.25,0.5313748310726895,0.005873714574253799,2.405787017708106,calm,,0,0.7807270068711964,0.053998977954346196
2023-12-27 00:00:00+00:00,0.0,-1.0,0.25,0.5690350802982211,0.005873714574253791,2.40801192279539,calm,,0,0.7807270068711964,0.053998977954346196
2023-12-28 00:00:00+00:00,0.0,-1.0,0.25,0.6489589319116961,0.0058737145742537855,2.411760191321425,calm,,0,0.7807270068711964,0.053998977954346196
2023-12-29 00:00:00+00:00,0.0,-1.0,0.25,0.6991324289994214,0.005873714574253782,2.4143945803692906,calm,,0,0.7807270068711964,0.053998977954346196
2024-01-02 00:00:00+00:00,0.0,0.0,0.0,0.6629120904188881,0.006315789436782915,2.35633704515818,normal,,0,0.7938345523496767,0.05417877275950721
2024-01-03 00:00:00+00:00,0.0,0.0,0.0,0.5488889874768509,0.006315789436782913,2.353422674421773,calm,,0,0.7938345523496767,0.05417877275950721
2024-01-04 00:00:00+00:00,0.0,0.0,0.0,0.5537349600100889,0.006315789436782912,2.3543187448955374,calm,,0,0.7938345523496767,0.05417877275950721
2024-01-05 00:00:00+00:00,0.0,0.0,0.0,0.6281808799222106,0.006315789436782912,2.3572369879576294,calm,,0,0.7938345523496767,0.05417877275950721
2024-01-08 00:00:00+00:00,0.0,0.0,0.0,0.6423346177189319,0.0063157894367829115,2.3583479907603824,calm,,0,0.7938345523496767,0.05417877275950721
2024-01-09 00:00:00+00:00,0.0,0.0,0.0,0.5856178806687029,0.0063157894367829115,2.3574169756154557,calm,,0,0.7938345523496767,0.05417877275950721
2024-01-10 00:00:00+00:00,0.0,0.0,0.0,0.6155504140779235,0.0063157894367829115,2.358835125292004,calm,,0,0.7938345523496767,0.05417877275950721
2024-01-11 00:00:00+00:00,0.0,0.0,0.0,0.7945245909234773,0.0063157894367829115,2.3638184473537187,calm,,0,0.7938345523496767,0.05417877275950721
2024-01-12 00:00:00+00:00,0.0,0.0,0.0,0.8513003845219334,0.0063157894367829115,2.3656173529113156,calm,,0,0.7938345523496767,0.05417877275950721
2024-01-16 00:00:00+00:00,-1.0,-1.0,0.25,2.8008096566231253,0.006316395967409435,2.4056993978889056,calm,,1,0.7938345523496767,0.05417877275950721
2024-01-17 00:00:00+00:00,0.0,-1.0,0.25,3.0886939504459696,0.006316157316183823,2.412889246869721,calm,,0,0.7938345523496767,0.05417877275950721
2024-01-18 00:00:00+00:00,0.0,-1.0,0.25,3.0741176170500744,0.006316012566906432,2.415942805829416,calm,,0,0.7938345523496767,0.05417877275950721
2024-01-19 00:00:00+00:00,0.0,-1.0,0.25,2.9432817162711364,0.006315924772036526,2.4160187912928093,calm,,0,0.7938345523496767,0.05417877275950721
2024-01-22 00:00:00+00:00,0.0,-1.0,0.25,2.9893413572903818,0.006315871521759078,2.4212819625681297,calm,,0,0.7938345523496767,0.05417877275950721
2024-01-23 00:00:00+00:00,0.0,-1.0,0.25,1.8302092543634518,0.006315839223834933,2.398852995045715,calm,,0,0.7938345523496767,0.05417877275950721
2024-01-24 00:00:00+00:00,0.0,-1.0,0.25,1.2918895369347685,0.006315819634154767,2.3875227000840584,calm,,0,0.7938345523496767,0.05417877275950721
2024-01-25 00:00:00+00:00,0.0,-1.0,0.25,1.4588281380766175,0.006315807752413783,2.391184604245939,calm,,0,0.7938345523496767,0.05417877275950721
2024-01-26 00:00:00+00:00,0.0,-1.0,0.25,1.0199840235494004,0.006315800545773979,2.3818247427666255,calm,,0,0.7938345523496767,0.05417877275950721
2024-01-29 00:00:00+00:00,0.0,-1.0,0.25,1.4457374027536487,0.006315796174726223,2.3907447162106936,calm,,0,0.7938345523496767,0.05417877275950721
2024-01-30 00:00:00+00:00,0.0,-1.0,0.25,2.3010109692700262,0.00631579352355189,2.408490307266585,calm,,0,0.7938345523496767,0.05417877275950721
2024-01-31 00:00:00+00:00,0.0,-1.0,0.25,1.9792750163789816,0.006315791915533461,2.4045647433106874,calm,,0,0.7938345523496767,0.05417877275950721
2024-02-01 00:00:00+00:00,0.0,-1.0,0.25,1.9689659099115244,0.006315790940221035,2.4061895121781895,calm,,0,0.7938345523496767,0.05417877275950721
2024-02-02 00:00:00+00:00,0.0,-1.0,0.25,2.1800581164619364,0.006315790348664178,2.412708820351439,calm,,0,0.7938345523496767,0.05417877275950721
2024-02-05 00:00:00+00:00,0.0,-1.0,0.25,1.7529312808566613,0.006315789989866828,2.40585645704495,calm,,0,0.7938345523496767,0.05417877275950721
2024-02-06 00:00:00+00:00,0.0,-1.0,0.25,2.1330728358728637,0.006315789772245246,2.4160034915807587,calm,,0,0.7938345523496767,0.05417877275950721
2024-02-07 00:00:00+00:00,0.0,-1.0,0.25,2.1893498963404037,0.006315789640251091,2.419796670462098,calm,,0,0.7938345523496767,0.05417877275950721
2024-02-08 00:00:00+00:00,0.0,-1.0,0.25,2.110889304720496,0.006315789560192594,2.4207627127844487,calm,,0,0.7938345523496767,0.05417877275950721
2024-02-09 00:00:00+00:00,0.0,-1.0,0.25,1.8360755006530745,0.006315789511634664,2.416756471624352,calm,,0,0.7938345523496767,0.05417877275950721
2024-02-12 00:00:00+00:00,0.0,-1.0,0.25,2.1685416636332886,0.0063157894821827916,2.4271908775013866,calm,,0,0.7938345523496767,0.05417877275950721
2024-02-13 00:00:00+00:00,0.0,-1.0,0.25,1.810428942341637,0.006315789464319329,2.4209571281806315,calm,,0,0.7938345523496767,0.05417877275950721
2024-02-14 00:00:00+00:00,0.0,-1.0,0.25,1.6030932946707248,0.006315789453484592,2.4174907250292694,calm,,0,0.7938345523496767,0.05417877275950721
2024-02-15 00:00:00+00:00,0.0,-1.0,0.25,1.669517404309837,0.006315789446912992,2.4208705272936184,calm,,0,0.7938345523496767,0.05417877275950721
2024-02-16 00:00:00+00:00,0.0,-1.0,0.25,1.4099200955064255,0.006315789442927116,2.4156193607948624,calm,,0,0.7938345523496767,0.05417877275950721
2024-02-20 00:00:00+00:00,0.0,-1.0,0.25,1.569681355177248,0.00631578944050956,2.421342255757918,calm,,0,0.7938345523496767,0.05417877275950721
2024-02-21 00:00:00+00:00,0.0,-1.0,0.25,1.8108536818247563,0.006315789439043238,2.4296193337065826,calm,,0,0.7938345523496767,0.05417877275950721
2024-02-22 00:00:00+00:00,0.0,-1.0,0.25,1.8238816659787551,0.006315789438153869,2.432259950327452,calm,,0,0.7938345523496767,0.05417877275950721
2024-02-23 00:00:00+00:00,0.0,-1.0,0.25,1.6611849683616553,0.006315789437614439,2.4299432725845196,calm,,0,0.7938345523496767,0.05417877275950721
2024-02-26 00:00:00+00:00,0.0,-1.0,0.25,1.7732300777551948,0.006315789437287258,2.4352477940607833,calm,,0,0.7938345523496767,0.05417877275950721
2024-02-27 00:00:00+00:00,0.0,-1.0,0.25,1.7365446844964318,0.0063157894370888135,2.436461155427036,calm,,0,0.7938345523496767,0.05417877275950721
2024-02-28 00:00:00+00:00,0.0,-1.0,0.25,1.8215406382891426,0.006315789436968451,2.4413684524676884,calm,,0,0.7938345523496767,0.05417877275950721
2024-02-29 00:00:00+00:00,0.0,-1.0,0.25,1.2278409459680073,0.0063157894368954465,2.4252740126665246,calm,,0,0.7938345523496767,0.05417877275950721
2024-03-01 00:00:00+00:00,0.0,-1.0,0.25,1.1793757470936903,0.006315789436851168,2.425048244837149,calm,,0,0.7938345523496767,0.05417877275950721
2024-03-04 00:00:00+00:00,0.0,-1.0,0.25,0.3403439378631908,0.006315789436824311,2.399510338268341,calm,,0,0.7938345523496767,0.05417877275950721
2024-03-05 00:00:00+00:00,0.0,-1.0,0.25,0.47216079587714826,0.006315789436808022,2.4043398042899553,calm,,0,0.7938345523496767,0.05417877275950721
2024-03-06 00:00:00+00:00,0.0,-1.0,0.25,1.3448283762742972,0.0063157894367981415,2.4324514776025357,calm,,0,0.7938345523496767,0.05417877275950721
2024-03-07 00:00:00+00:00,0.0,-1.0,0.25,1.045717986580237,0.006315789436792149,2.424465397589093,calm,,0,0.7938345523496767,0.05417877275950721
2024-03-08 00:00:00+00:00,0.0,-1.0,0.25,0.5476875836652688,0.006315789436788515,2.409758613534392,calm,,0,0.7938345523496767,0.05417877275950721
2024-03-11 00:00:00+00:00,0.0,-1.0,0.25,0.5741716941093707,0.00631578943678631,2.4113334024045474,calm,,0,0.7938345523496767,0.05417877275950721
2024-03-12 00:00:00+00:00,0.0,-1.0,0.25,0.7030356693772617,0.006315789436784972,2.416094507636672,calm,,0,0.7938345523496767,0.05417877275950721
2024-03-13 00:00:00+00:00,0.0,-1.0,0.25,0.331109217546183,0.006315789436784161,2.405435509685756,calm,,0,0.7938345523496767,0.05417877275950721
2024-03-14 00:00:00+00:00,0.0,-1.0,0.25,0.36136755788797276,0.00631578943678367,2.4069474515972047,calm,,0,0.7938345523496767,0.05417877275950721
2024-03-15 00:00:00+00:00,2.0,0.0,0.0,0.1782080955488553,0.006315789436783371,2.4021414785513495,calm,mean_reversion,0,0.7938345523496767,0.05417877275950721
2024-03-18 00:00:00+00:00,0.0,0.0,0.0,0.0008089973680943783,0.006315789436783191,2.397649845875099,calm,,0,0.7938345523496767,0.05417877275950721
2024-03-19 00:00:00+00:00,0.0,0.0,0.0,-0.07183033783333025,0.006315789436783081,2.3962113996013534,calm,,0,0.7938345523496767,0.05417877275950721
2024-03-20 00:00:00+00:00,0.0,0.0,0.0,0.007332553111822134,0.006315789436783014,2.399239181767273,calm,,0,0.7938345523496767,0.05417877275950721
2024-03-21 00:00:00+00:00,0.0,0.0,0.0,0.9675289259049148,0.006315789436782974,2.426592821361406,calm,,0,0.7938345523496767,0.05417877275950721
2024-03-22 00:00:00+00:00,0.0,0.0,0.0,0.6595237165598828,0.00631578943678295,2.4189788473152616,calm,,0,0.7938345523496767,0.05417877275950721
2024-03-25 00:00:00+00:00,0.0,0.0,0.0,0.7915152364773548,0.006315789436782934,2.4230471494349772,calm,,0,0.7938345523496767,0.05417877275950721
2024-03-26 00:00:00+00:00,0.0,0.0,0.0,0.7069185656422572,0.006315789436782925,2.421482576358245,calm,,0,0.7938345523496767,0.05417877275950721
2024-03-27 00:00:00+00:00,0.0,0.0,0.0,0.939748401141986,0.00631578943678292,2.4277416373877685,calm,,0,0.7938345523496767,0.05417877275950721
2024-03-28 00:00:00+00:00,0.0,0.0,0.0,1.0177122327245915,0.006315789436782917,2.4301248219003093,calm,,0,0.7938345523496767,0.05417877275950721
2024-04-01 00:00:00+00:00,2.0,0.0,0.0,0.524640498054961,0.0074024258974748295,2.2931376528296097,normal,pair_untradeable,0,0.8220764002434506,0.058569541242655565
2024-04-02 00:00:00+00:00,0.0,0.0,0.0,0.4915962039291412,0.007402425897474828,2.2929473405428267,calm,,0,0.8220764002434506,0.058569541242655565
2024-04-03 00:00:00+00:00,0.0,0.0,0.0,0.806958350256008,0.007402425897474827,2.300157586866722,calm,,0,0.8220764002434506,0.058569541242655565
2024-04-04 00:00:00+00:00,0.0,0.0,0.0,0.23540416309580747,0.007402425897474827,2.2889702571722963,calm,,0,0.8220764002434506,0.058569541242655565
2024-04-05 00:00:00+00:00,0.0,0.0,0.0,0.30599674735550525,0.007402425897474826,2.290972508945467,calm,,0,0.8220764002434506,0.058569541242655565
2024-04-08 00:00:00+00:00,0.0,0.0,0.0,0.18651130525844783,0.007402425897474826,2.2894760823380373,calm,,0,0.8220764002434506,0.058569541242655565
2024-04-09 00:00:00+00:00,0.0,0.0,0.0,-0.2928032634227573,0.007402425897474826,2.2825978093026205,calm,,0,0.8220764002434506,0.058569541242655565
2024-04-10 00:00:00+00:00,0.0,0.0,0.0,-0.6496370832698416,0.007402425897474826,2.2786812213691046,calm,,0,0.8220764002434506,0.058569541242655565
2024-04-11 00:00:00+00:00,0.0,0.0,0.0,2.3320646992568737,0.007403032428108805,2.318565153987213,calm,,1,0.8220764002434506,0.058569541242655565
2024-04-12 00:00:00+00:00,0.0,0.0,0.0,0.609619596463252,0.00740279377688478,2.2974248535853485,calm,,0,0.8220764002434506,0.058569541242655565
2024-04-15 00:00:00+00:00,0.0,0.0,0.0,2.3005794422594574,0.007402649027606573,2.3202413740776424,calm,,0,0.8220764002434506,0.058569541242655565
2024-04-16 00:00:00+00:00,0.0,0.0,0.0,0.13341971928667679,0.007402561232735094,2.29180530166527,calm,,0,0.8220764002434506,0.058569541242655565
2024-04-17 00:00:00+00:00,0.0,0.0,0.0,0.7584149161150372,0.007402507982456036,2.3005548556158804,calm,,0,0.8220764002434506,0.058569541242655565
2024-04-18 00:00:00+00:00,0.0,0.0,0.0,0.3471045957334224,0.0074024756845305194,2.2949118719052786,calm,,0,0.8220764002434506,0.058569541242655565
2024-04-19 00:00:00+00:00,0.0,0.0,0.0,0.49806512456453533,0.0074024560948492794,2.2973099444005567,calm,,0,0.8220764002434506,0.058569541242655565
2024-04-22 00:00:00+00:00,0.0,0.0,0.0,1.7431659060019067,0.007402444213107498,2.3142447229771483,calm,,0,0.8220764002434506,0.058569541242655565
2024-04-23 00:00:00+00:00,0.0,0.0,0.0,1.6330294996347603,0.007402437006467122,2.3133993268054214,calm,,0,0.8220764002434506,0.058569541242655565
2024-04-24 00:00:00+00:00,0.0,0.0,0.0,1.995916929194659,0.007402432635418966,2.3179550637807282,calm,,0,0.8220764002434506,0.058569541242655565
2024-04-25 00:00:00+00:00,0.0,0.0,0.0,1.8754266133950932,0.007402429984244357,2.317048746270722,calm,,0,0.8220764002434506,0.058569541242655565
2024-04-26 00:00:00+00:00,0.0,0.0,0.0,2.999727130798049,0.007402428376225741,2.3324192155637586,calm,,0,0.8220764002434506,0.058569541242655565
2024-04-29 00:00:00+00:00,0.0,0.0,0.0,3.918445740097804,0.007402427400913189,2.3479239088478328,calm,,0,0.8220764002434506,0.058569541242655565
2024-04-30 00:00:00+00:00,0.0,0.0,0.0,3.4751674939923087,0.00740242680935625,2.348221801038335,calm,,0,0.8220764002434506,0.058569541242655565
2024-05-01 00:00:00+00:00,0.0,0.0,0.0,3.019291311459134,0.007402426450558844,2.3465919784634592,calm,,0,0.8220764002434506,0.058569541242655565
2024-05-02 00:00:00+00:00,0.0,0.0,0.0,2.6279496570794865,0.007402426232937226,2.344035473409042,calm,,0,0.8220764002434506,0.058569541242655565
2024-05-03 00:00:00+00:00,0.0,0.0,0.0,2.975260535135174,0.007402426100943048,2.3537330948398174,calm,,0,0.8220764002434506,0.058569541242655565
2024-05-06 00:00:00+00:00,0.0,0.0,0.0,2.712385513199341,0.0074024260208845356,2.353409657074978,calm,,0,0.8220764002434506,0.058569541242655565
2024-05-07 00:00:00+00:00,0.0,0.0,0.0,2.0960228029292116,0.007402425972326596,2.344732855758866,calm,,0,0.8220764002434506,0.058569541242655565
2024-05-08 00:00:00+00:00,0.0,0.0,0.0,2.427770078317602,0.007402425942874717,2.3541902409572844,calm,,0,0.8220764002434506,0.058569541242655565
2024-05-09 00:00:00+00:00,0.0,0.0,0.0,2.186098988779396,0.0074024259250112506,2.352143359901819,calm,,0,0.8220764002434506,0.058569541242655565
2024-05-10 00:00:00+00:00,0.0,0.0,0.0,1.926360214748756,0.007402425914176511,2.348896801138986,calm,,0,0.8220764002434506,0.058569541242655565
2024-05-13 00:00:00+00:00,0.0,0.0,0.0,1.6159941125280775,0.0074024259076049094,2.3436686167938334,calm,,0,0.8220764002434506,0.058569541242655565
2024-05-14 00:00:00+00:00,0.0,0.0,0.0,1.7315422889849714,0.007402425903619032,2.3480695226513886,calm,,0,0.8220764002434506,0.058569541242655565
2024-05-15 00:00:00+00:00,0.0,0.0,0.0,1.9167429521978545,0.007402425901201475,2.3545346147492343,calm,,0,0.8220764002434506,0.058569541242655565
2024-05-16 00:00:00+00:00,0.0,0.0,0.0,1.9893603291867674,0.007402425899735153,2.3587274580428077,calm,,0,0.8220764002434506,0.058569541242655565
2024-05-17 00:00:00+00:00,0.0,0.0,0.0,1.917257511961298,0.007402425898845783,2.3593738349803783,calm,,0,0.8220764002434506,0.058569541242655565
2024-05-20 00:00:00+00:00,0.0,0.0,0.0,1.3649957475167733,0.007402425898306354,2.346730648729987,calm,,0,0.8220764002434506,0.058569541242655565
2024-05-21 00:00:00+00:00,0.0,0.0,0.0,1.705319912048501,0.0074024258979791735,2.357412880155181,calm,,0,0.8220764002434506,0.058569541242655565
2024-05-22 00:00:00+00:00,0.0,0.0,0.0,1.1708135128335768,0.007402425897780728,2.3441999063560397,calm,,0,0.8220764002434506,0.058569541242655565
2024-05-23 00:00:00+00:00,0.0,0.0,0.0,1.3447853699493864,0.007402425897660365,2.350116004180153,calm,,0,0.8220764002434506,0.058569541242655565
2024-05-24 00:00:00+00:00,0.0,0.0,0.0,1.5001843637792716,0.007402425897587361,2.355778444649647,calm,,0,0.8220764002434506,0.058569541242655565
2024-05-28 00:00:00+00:00,0.0,0.0,0.0,1.5242955608766708,0.007402425897543082,2.3581614920111504,calm,,0,0.8220764002434506,0.058569541242655565
2024-05-29 00:00:00+00:00,0.0,0.0,0.0,1.6417731972107206,0.007402425897516225,2.3634463147204756,calm,,0,0.8220764002434506,0.058569541242655565
2024-05-30 00:00:00+00:00,0.0,0.0,0.0,1.0404343481848541,0.007402425897499936,2.3470496839440975,calm,,0,0.8220764002434506,0.058569541242655565
2024-05-31 00:00:00+00:00,0.0,0.0,0.0,1.3576903267494136,0.007402425897490056,2.3575896439428,calm,,0,0.8220764002434506,0.058569541242655565
2024-06-03 00:00:00+00:00,0.0,0.0,0.0,1.2485295520472552,0.007402425897484063,2.355686591160078,calm,,0,0.8220764002434506,0.058569541242655565
2024-06-04 00:00:00+00:00,0.0,0.0,0.0,1.4683590068662649,0.007402425897480429,2.363761843505575,calm,,0,0.8220764002434506,0.058569541242655565
2024-06-05 00:00:00+00:00,0.0,0.0,0.0,1.7500584679522082,0.007402425897478224,2.3741100770404566,calm,,0,0.8220764002434506,0.058569541242655565
2024-06-06 00:00:00+00:00,0.0,0.0,0.0,1.5657353675111936,0.007402425897476887,2.370564367517794,calm,,0,0.8220764002434506,0.058569541242655565
2024-06-07 00:00:00+00:00,0.0,0.0,0.0,1.088428315566878,0.007402425897476076,2.357301092870645,calm,,0,0.8220764002434506,0.058569541242655565
2024-06-10 00:00:00+00:00,0.0,0.0,0.0,1.153063809609526,0.007402425897475584,2.3604015657329254,calm,,0,0.8220764002434506,0.058569541242655565
2024-06-11 00:00:00+00:00,0.0,0.0,0.0,0.7910823306274769,0.007402425897475286,2.3501723477747163,calm,,0,0.8220764002434506,0.058569541242655565
2024-06-12 00:00:00+00:00,0.0,0.0,0.0,1.0576711494597013,0.007402425897475105,2.359209409512512,calm,,0,0.8220764002434506,0.058569541242655565
2024-06-13 00:00:00+00:00,0.0,0.0,0.0,0.8862973791991097,0.007402425897474995,2.354869013857914,calm,,0,0.8220764002434506,0.058569541242655565
2024-06-14 00:00:00+00:00,0.0,0.0,0.0,0.835747332523856,0.007402425897474928,2.3540920965612635,calm,,0,0.8220764002434506,0.058569541242655565
2024-06-17 00:00:00+00:00,0.0,0.0,0.0,0.6588999757910488,0.0074024258974748885,2.3497132139568944,calm,,0,0.8220764002434506,0.058569541242655565
2024-06-18 00:00:00+00:00,0.0,0.0,0.0,0.9434334418014264,0.007402425897474864,2.358494878351982,calm,,0,0.8220764002434506,0.058569541242655565
2024-06-20 00:00:00+00:00,0.0,0.0,0.0,1.1079916503708578,0.007402425897474849,2.363952715109328,calm,,0,0.8220764002434506,0.058569541242655565
2024-06-21 00:00:00+00:00,0.0,0.0,0.0,0.8500101372763713,0.00740242589747484,2.3577218980469024,calm,,0,0.8220764002434506,0.058569541242655565
2024-06-24 00:00:00+00:00,0.0,0.0,0.0,1.2797853375773567,0.007402425897474835,2.3703519426521638,calm,,0,0.8220764002434506,0.058569541242655565
2024-06-25 00:00:00+00:00,0.0,0.0,0.0,0.751177902456675,0.007402425897474831,2.3569285228215233,calm,,0,0.8220764002434506,0.058569541242655565
2024-06-26 00:00:00+00:00,0.0,0.0,0.0,0.5596999170754375,0.0074024258974748295,2.3524313647934205,calm,,0,0.8220764002434506,0.058569541242655565
2024-06-27 00:00:00+00:00,0.0,0.0,0.0,0.4653391894911693,0.007402425897474828,2.3505859143634673,calm,,0,0.8220764002434506,0.058569541242655565
2024-06-28 00:00:00+00:00,0.0,0.0,0.0,0.5229599252715825,0.007402425897474827,2.3527625597185655,calm,,0,0.8220764002434506,0.058569541242655565
2024-07-01 00:00:00+00:00,2.0,0.0,0.0,0.7573608389861258,0.009540154382396342,2.135468134062947,normal,pair_untradeable,0,0.8710231332603335,0.06795723979096613
2024-07-02 00:00:00+00:00,0.0,0.0,0.0,0.7078011024830795,0.009540154382394191,2.1348459063960563,calm,,0,0.8710231332603335,0.06795723979096613
2024-07-03 00:00:00+00:00,0.0,0.0,0.0,0.7064049767071988,0.009540154382392885,2.1353472699988467,calm,,0,0.8710231332603335,0.06795723979096613
2024-07-05 00:00:00+00:00,0.0,0.0,0.0,0.6624178953544184,0.00954015438239209,2.1348486423571487,calm,,0,0.8710231332603335,0.06795723979096613
2024-07-08 00:00:00+00:00,0.0,0.0,0.0,0.14440166000581117,0.00954015438239161,2.1245348253482907,calm,,0,0.8710231332603335,0.06795723979096613
2024-07-09 00:00:00+00:00,0.0,0.0,0.0,0.16077486877905095,0.009540154382391317,2.1256982293341817,calm,,0,0.8710231332603335,0.06795723979096613
2024-07-10 00:00:00+00:00,0.0,0.0,0.0,0.4166263302896673,0.009540154382391138,2.130817953859652,calm,,0,0.8710231332603335,0.06795723979096613
2024-07-11 00:00:00+00:00,0.0,0.0,0.0,-0.04633788196167319,0.00954015438239103,2.1231519000423287,calm,,0,0.8710231332603335,0.06795723979096613
2024-07-12 00:00:00+00:00,0.0,0.0,0.0,0.14506956209151994,0.009540154382390965,2.126845183515986,calm,,0,0.8710231332603335,0.06795723979096613
2024-07-15 00:00:00+00:00,0.0,0.0,0.0,0.8077027677733125,0.009540154382390925,2.13812079038059,calm,,0,0.8710231332603335,0.06795723979096613
2024-07-16 00:00:00+00:00,0.0,0.0,0.0,2.130622260224446,0.009540154382390902,2.157938766494528,calm,,0,0.8710231332603335,0.06795723979096613
2024-07-17 00:00:00+00:00,0.0,0.0,0.0,1.738079532224165,0.009540154382390887,2.151650185402506,calm,,0,0.8710231332603335,0.06795723979096613
2024-07-18 00:00:00+00:00,0.0,0.0,0.0,0.5238192603403117,0.009540154382390878,2.135386937933041,calm,,0,0.8710231332603335,0.06795723979096613
2024-07-19 00:00:00+00:00,0.0,0.0,0.0,1.8974235329908615,0.009540154382390873,2.1515360075292405,calm,,0,0.8710231332603335,0.06795723979096613
2024-07-22 00:00:00+00:00,0.0,0.0,0.0,2.302276309531436,0.00954015438239087,2.15538789793961,calm,,0,0.8710231332603335,0.06795723979096613
2024-07-23 00:00:00+00:00,0.0,0.0,0.0,2.4849951515206423,0.009540154382390868,2.157079745727131,calm,,0,0.8710231332603335,0.06795723979096613
2024-07-24 00:00:00+00:00,0.0,0.0,0.0,2.9044292241039362,0.009540154382390866,2.1606612072593334,calm,,0,0.8710231332603335,0.06795723979096613
2024-07-25 00:00:00+00:00,0.0,0.0,0.0,2.820149586875003,0.009540154382390866,2.1613219981524,calm,,0,0.8710231332603335,0.06795723979096613
2024-07-26 00:00:00+00:00,0.0,0.0,0.0,3.110238011976202,0.009540154382390864,2.166613951127851,calm,,0,0.8710231332603335,0.06795723979096613
2024-07-29 00:00:00+00:00,0.0,0.0,0.0,2.7953456550368863,0.009540154382390864,2.1661343188051863,calm,,0,0.8710231332603335,0.06795723979096613
2024-07-30 00:00:00+00:00,0.0,0.0,0.0,3.905274782404369,0.009540154382390864,2.1818227824365213,calm,,0,0.8710231332603335,0.06795723979096613
2024-07-31 00:00:00+00:00,0.0,0.0,0.0,4.108531151249244,0.009540154382390864,2.190597711040575,calm,,0,0.8710231332603335,0.06795723979096613
2024-08-01 00:00:00+00:00,0.0,0.0,0.0,3.935476373901092,0.009540154382390864,2.196085602917936,calm,,0,0.8710231332603335,0.06795723979096613
2024-08-02 00:00:00+00:00,0.0,0.0,0.0,2.4774937086519406,0.009540154382390864,2.17982731726546,calm,,0,0.8710231332603335,0.06795723979096613
2024-08-05 00:00:00+00:00,0.0,0.0,0.0,2.987663260471125,0.009540154382390864,2.1913695954455115,calm,,0,0.8710231332603335,0.06795723979096613
2024-08-06 00:00:00+00:00,0.0,0.0,0.0,3.4929818142440725,0.009540154382390864,2.2054021914448967,calm,,0,0.8710231332603335,0.06795723979096613
2024-08-07 00:00:00+00:00,0.0,0.0,0.0,3.627775140608023,0.009540154382390864,2.215466638065925,calm,,0,0.8710231332603335,0.06795723979096613
2024-08-08 00:00:00+00:00,0.0,0.0,0.0,3.72269674508295,0.009540154382390864,2.226323308211761,calm,,0,0.8710231332603335,0.06795723979096613
2024-08-09 00:00:00+00:00,0.0,0.0,0.0,3.5264066001652026,0.009540154382390864,2.231548481047478,calm,,0,0.8710231332603335,0.06795723979096613
2024-08-12 00:00:00+00:00,0.0,0.0,0.0,2.863697356209388,0.009540154382390864,2.2235290130924006,calm,,0,0.8710231332603335,0.06795723979096613
2024-08-13 00:00:00+00:00,0.0,0.0,0.0,2.386814933244077,0.009540154382390864,2.2162944139363057,calm,,0,0.8710231332603335,0.06795723979096613
2024-08-14 00:00:00+00:00,0.0,0.0,0.0,1.802280178608689,0.009540154382390864,2.2032844797156494,calm,,0,0.8710231332603335,0.06795723979096613
2024-08-15 00:00:00+00:00,0.0,0.0,0.0,1.4282417808080141,0.009540154382390864,2.1943492113402243,calm,,0,0.8710231332603335,0.06795723979096613
2024-08-16 00:00:00+00:00,0.0,0.0,0.0,1.5188394705911883,0.009540154382390864,2.198709113393239,calm,,0,0.8710231332603335,0.06795723979096613
2024-08-19 00:00:00+00:00,0.0,0.0,0.0,1.3990756742271528,0.009540154382390864,2.196796315451903,calm,,0,0.8710231332603335,0.06795723979096613
2024-08-20 00:00:00+00:00,0.0,0.0,0.0,1.1255876690860762,0.009540154382390864,2.1897663755559327,calm,,0,0.8710231332603335,0.06795723979096613
2024-08-21 00:00:00+00:00,0.0,0.0,0.0,1.1414681883299946,0.009540154382390864,2.1914350757302374,calm,,0,0.8710231332603335,0.06795723979096613
2024-08-22 00:00:00+00:00,0.0,0.0,0.0,1.1993850347083992,0.009540154382390864,2.1944583152780064,calm,,0,0.8710231332603335,0.06795723979096613
2024-08-23 00:00:00+00:00,0.0,0.0,0.0,1.4773309964890364,0.009540154382390864,2.2045702372336864,calm,,0,0.8710231332603335,0.06795723979096613
2024-08-26 00:00:00+00:00,0.0,0.0,0.0,1.2691142376790112,0.009540154382390864,2.1996470145883453,calm,,0,0.8710231332603335,0.06795723979096613
2024-08-27 00:00:00+00:00,0.0,0.0,0.0,1.2551150851483601,0.009540154382390864,2.2005719220626236,calm,,0,0.8710231332603335,0.06795723979096613
2024-08-28 00:00:00+00:00,0.0,0.0,0.0,0.7204435299974515,0.009540154382390864,2.1845748614891827,calm,,0,0.8710231332603335,0.06795723979096613
2024-08-29 00:00:00+00:00,0.0,0.0,0.0,1.2565674686698436,0.009540154382390864,2.2027830547474965,calm,,0,0.8710231332603335,0.06795723979096613
2024-08-30 00:00:00+00:00,0.0,0.0,0.0,0.9827402217381573,0.009540154382390864,2.1952290517494006,calm,,0,0.8710231332603335,0.06795723979096613
2024-09-03 00:00:00+00:00,0.0,0.0,0.0,0.537567057277078,0.009540154382390864,2.1815230625052866,calm,,0,0.8710231332603335,0.06795723979096613
2024-09-04 00:00:00+00:00,0.0,0.0,0.0,0.4636655908792943,0.009540154382390864,2.1796682612839193,calm,,0,0.8710231332603335,0.06795723979096613
2024-09-05 00:00:00+00:00,0.0,0.0,0.0,0.572103859769189,0.009540154382390864,2.1839006284654836,calm,,0,0.8710231332603335,0.06795723979096613
2024-09-06 00:00:00+00:00,0.0,0.0,0.0,0.7336847722925548,0.009540154382390864,2.189884488077327,calm,,0,0.8710231332603335,0.06795723979096613
2024-09-09 00:00:00+00:00,0.0,0.0,0.0,0.6193228722500357,0.009540154382390864,2.187038113919062,calm,,0,0.8710231332603335,0.06795723979096613
2024-09-10 00:00:00+00:00,0.0,0.0,0.0,0.17806742722758487,0.009540154382390864,2.1735795285792907,calm,,0,0.8710231332603335,0.06795723979096613
2024-09-11 00:00:00+00:00,0.0,0.0,0.0,0.14345663106170978,0.009540154382390864,2.1731111427224397,calm,,0,0.8710231332603335,0.06795723979096613
2024-09-12 00:00:00+00:00,0.0,0.0,0.0,0.3477437379423839,0.009540154382390864,2.1801907948423316,calm,,0,0.8710231332603335,0.06795723979096613
2024-09-13 00:00:00+00:00,0.0,0.0,0.0,0.14449994025893537,0.009540154382390864,2.174626865508056,calm,,0,0.8710231332603335,0.06795723979096613
2024-09-16 00:00:00+00:00,0.0,0.0,0.0,-0.01718268890321872,0.009540154382390864,2.1702955718071264,calm,,0,0.8710231332603335,0.06795723979096613
2024-09-17 00:00:00+00:00,0.0,0.0,0.0,0.11724552376281973,0.009540154382390864,2.174890425584951,calm,,0,0.8710231332603335,0.06795723979096613
2024-09-18 00:00:00+00:00,0.0,0.0,0.0,0.301022664356173,0.009540154382390864,2.1810297495052327,calm,,0,0.8710231332603335,0.06795723979096613
2024-09-19 00:00:00+00:00,0.0,0.0,0.0,1.078736725525208,0.009540154382390864,2.2047362885812314,calm,,0,0.8710231332603335,0.06795723979096613
2024-09-20 00:00:00+00:00,0.0,0.0,0.0,0.2223462763297463,0.009540154382390864,2.1803753068938656,calm,,0,0.8710231332603335,0.06795723979096613
2024-09-23 00:00:00+00:00,0.0,0.0,0.0,0.1021481750162487,0.009540154382390864,2.177612129839951,calm,,0,0.8710231332603335,0.06795723979096613
2024-09-24 00:00:00+00:00,0.0,0.0,0.0,0.05709691487686111,0.009540154382390864,2.1771042725219827,calm,,0,0.8710231332603335,0.06795723979096613
2024-09-25 00:00:00+00:00,0.0,0.0,0.0,-0.36041455659127725,0.009540154382390864,2.1663084844678,calm,,0,0.8710231332603335,0.06795723979096613
2024-09-26 00:00:00+00:00,0.0,0.0,0.0,-0.605378420199437,0.009540154382390864,2.1603341347799674,calm,,0,0.8710231332603335,0.06795723979096613
2024-09-27 00:00:00+00:00,0.0,0.0,0.0,-0.48331824970743664,0.009540154382390864,2.1643075020952027,calm,,0,0.8710231332603335,0.06795723979096613
2024-09-30 00:00:00+00:00,0.0,0.0,0.0,-0.859452622051551,0.009540154382390864,2.1551748146834777,calm,,0,0.8710231332603335,0.06795723979096613
2024-10-01 00:00:00+00:00,2.0,0.0,0.0,-1.1416834315365458,0.009054690039508288,1.8600913929637368,normal,pair_untradeable,0,0.9332362611730717,0.08178727371312716
2024-10-02 00:00:00+00:00,0.0,0.0,0.0,-1.1294669455984023,0.009054690039508288,1.8614799392009154,calm,,0,0.9332362611730717,0.08178727371312716
2024-10-03 00:00:00+00:00,0.0,0.0,0.0,-1.849072219312022,0.009054690039508288,1.8439554585880407,calm,,0,0.9332362611730717,0.08178727371312716
2024-10-04 00:00:00+00:00,0.0,0.0,0.0,-2.1450200635912626,0.009054690039508288,1.8364351535797416,calm,,0,0.9332362611730717,0.08178727371312716
2024-10-07 00:00:00+00:00,0.0,0.0,0.0,-1.9618075202460585,0.009054690039508288,1.8413945473467042,calm,,0,0.9332362611730717,0.08178727371312716
2024-10-08 00:00:00+00:00,0.0,0.0,0.0,-1.9834427934688361,0.009054690039508288,1.8411439088397623,calm,,0,0.9332362611730717,0.08178727371312716
2024-10-09 00:00:00+00:00,0.0,0.0,0.0,-1.7700190653108314,0.009054690039508288,1.846126048380535,calm,,0,0.9332362611730717,0.08178727371312716
2024-10-10 00:00:00+00:00,0.0,0.0,0.0,-1.4982483912835083,0.009054690039508288,1.8520658219396076,calm,,0,0.9332362611730717,0.08178727371312716
2024-10-11 00:00:00+00:00,0.0,0.0,0.0,-1.2936158059654106,0.009054690039508288,1.857052322315762,calm,,0,0.9332362611730717,0.08178727371312716
2024-10-14 00:00:00+00:00,0.0,0.0,0.0,-1.5100258073438424,0.009054690039508288,1.8519238199203016,calm,,0,0.9332362611730717,0.08178727371312716
2024-10-15 00:00:00+00:00,0.0,0.0,0.0,-1.5101080216272518,0.009054690039508288,1.851345106421693,calm,,0,0.9332362611730717,0.08178727371312716
2024-10-16 00:00:00+00:00,0.0,0.0,0.0,-3.0385920573301237,0.009054690039508288,1.809556696068717,calm,,0,0.9332362611730717,0.08178727371312716
2024-10-17 00:00:00+00:00,0.0,0.0,0.0,-2.863029770863828,0.009054690039508288,1.8079688786147168,calm,,0,0.9332362611730717,0.08178727371312716
2024-10-18 00:00:00+00:00,0.0,0.0,0.0,-3.0950246182715873,0.009054690039508288,1.7945725121906664,calm,,0,0.9332362611730717,0.08178727371312716
2024-10-21 00:00:00+00:00,0.0,0.0,0.0,-2.8427682816922046,0.009054690039508288,1.7944640193636676,calm,,0,0.9332362611730717,0.08178727371312716
2024-10-22 00:00:00+00:00,0.0,0.0,0.0,-2.604264800446052,0.009054690039508288,1.7953778346493365,calm,,0,0.9332362611730717,0.08178727371312716
2024-10-23 00:00:00+00:00,0.0,0.0,0.0,-2.4610975947363047,0.009054690039508288,1.7942964132407555,calm,,0,0.9332362611730717,0.08178727371312716
2024-10-24 00:00:00+00:00,0.0,0.0,0.0,-2.116415108786942,0.009054690039508288,1.8015529856465156,calm,,0,0.9332362611730717,0.08178727371312716
2024-10-25 00:00:00+00:00,0.0,0.0,0.0,-2.124375616620655,0.009054690039508288,1.7967438575308812,calm,,0,0.9332362611730717,0.08178727371312716
2024-10-28 00:00:00+00:00,0.0,0.0,0.0,-1.9569078240800142,0.009054690039508288,1.7990159391037883,calm,,0,0.9332362611730717,0.08178727371312716
2024-10-29 00:00:00+00:00,0.0,0.0,0.0,-1.8355702395187365,0.009054690039508288,1.8001410251517145,calm,,0,0.9332362611730717,0.08178727371312716
2024-10-30 00:00:00+00:00,0.0,0.0,0.0,-1.4893886056478547,0.009054690039508288,1.8115959265499333,calm,,0,0.9332362611730717,0.08178727371312716
2024-10-31 00:00:00+00:00,0.0,0.0,0.0,-1.4312014876209784,0.009054690039508288,1.811770717020277,calm,,0,0.9332362611730717,0.08178727371312716
2024-11-01 00:00:00+00:00,0.0,0.0,0.0,-1.4324922954483277,0.009054690039508288,1.809640260362051,calm,,0,0.9332362611730717,0.08178727371312716
2024-11-04 00:00:00+00:00,0.0,0.0,0.0,-1.6724453458689672,0.009054690039508288,1.7973336457035822,calm,,0,0.9332362611730717,0.08178727371312716
2024-11-05 00:00:00+00:00,0.0,0.0,0.0,-1.1688894294247048,0.009054690039508288,1.8170329104219487,calm,,0,0.9332362611730717,0.08178727371312716
2024-11-06 00:00:00+00:00,0.0,0.0,0.0,-0.5742253536355761,0.009054690039508288,1.8410911107009618,calm,,0,0.9332362611730717,0.08178727371312716
2024-11-07 00:00:00+00:00,0.0,0.0,0.0,-0.7470256262848699,0.009054690039508288,1.832775111139858,calm,,0,0.9332362611730717,0.08178727371312716
2024-11-08 00:00:00+00:00,0.0,0.0,0.0,-0.5604766224148295,0.009054690039508288,1.8394213415868572,calm,,0,0.9332362611730717,0.08178727371312716
2024-11-11 00:00:00+00:00,0.0,0.0,0.0,-0.7177180604079101,0.009054690039508288,1.831973984902639,calm,,0,0.9332362611730717,0.08178727371312716
2024-11-12 00:00:00+00:00,0.0,0.0,0.0,-0.876518117594501,0.009054690039508288,1.824404997311941,calm,,0,0.9332362611730717,0.08178727371312716
2024-11-13 00:00:00+00:00,0.0,0.0,0.0,-0.8172497548062805,0.009054690039508288,1.8256254341330624,calm,,0,0.9332362611730717,0.08178727371312716
2024-11-14 00:00:00+00:00,0.0,0.0,0.0,-1.0902696005154031,0.009054690039508288,1.8134473380415992,calm,,0,0.9332362611730717,0.08178727371312716
2024-11-15 00:00:00+00:00,0.0,0.0,0.0,-1.031653638098363,0.009054690039508288,1.8143872891061816,calm,,0,0.9332362611730717,0.08178727371312716
2024-11-18 00:00:00+00:00,0.0,0.0,0.0,-1.192409282764029,0.009054690039508288,1.806607316293749,calm,,0,0.9332362611730717,0.08178727371312716
2024-11-19 00:00:00+00:00,0.0,0.0,0.0,-1.2540728619166608,0.009054690039508288,1.8027694088789161,calm,,0,0.9332362611730717,0.08178727371312716
2024-11-20 00:00:00+00:00,0.0,0.0,0.0,-0.978570338397394,0.009054690039508288,1.812166136814752,calm,,0,0.9332362611730717,0.08178727371312716
2024-11-21 00:00:00+00:00,0.0,0.0,0.0,-0.9446284084620288,0.009054690039508288,1.8123429162467204,calm,,0,0.9332362611730717,0.08178727371312716
2024-11-22 00:00:00+00:00,0.0,0.0,0.0,-0.5934815719062937,0.009054690039508288,1.8247588191307953,calm,,0,0.9332362611730717,0.08178727371312716
2024-11-25 00:00:00+00:00,0.0,0.0,0.0,-0.3386114043698356,0.009054690039508288,1.8334451184243576,calm,,0,0.9332362611730717,0.08178727371312716
2024-11-26 00:00:00+00:00,0.0,0.0,0.0,0.23671944947148563,0.009054690039508288,1.8538134484812838,calm,,0,0.9332362611730717,0.08178727371312716
2024-11-27 00:00:00+00:00,0.0,0.0,0.0,0.31697849126090644,0.009054690039508288,1.8559136583099836,calm,,0,0.9332362611730717,0.08178727371312716
2024-11-29 00:00:00+00:00,0.0,0.0,0.0,0.20966327163410495,0.009054690039508288,1.8512686622960066,calm,,0,0.9332362611730717,0.08178727371312716
2024-12-02 00:00:00+00:00,0.0,0.0,0.0,0.17641577559157273,0.009054690039508288,1.8491756118822638,calm,,0,0.9332362611730717,0.08178727371312716
2024-12-03 00:00:00+00:00,0.0,0.0,0.0,0.35377341183211214,0.009054690039508288,1.8541475703651082,calm,,0,0.9332362611730717,0.08178727371312716
2024-12-04 00:00:00+00:00,0.0,0.0,0.0,0.37625767464905235,0.009054690039508288,1.8538198522363754,calm,,0,0.9332362611730717,0.08178727371312716
2024-12-05 00:00:00+00:00,0.0,0.0,0.0,0.20356678349960602,0.009054690039508288,1.8473264313445528,calm,,0,0.9332362611730717,0.08178727371312716
2024-12-06 00:00:00+00:00,0.0,0.0,0.0,0.4957930810691839,0.009054690039508288,1.855950664305123,calm,,0,0.9332362611730717,0.08178727371312716
2024-12-09 00:00:00+00:00,0.0,0.0,0.0,0.6193682913041645,0.009054690039508288,1.858799198274757,calm,,0,0.9332362611730717,0.08178727371312716
2024-12-10 00:00:00+00:00,0.0,0.0,0.0,0.4640894401353262,0.009054690039508288,1.8531313166494163,calm,,0,0.9332362611730717,0.08178727371312716
2024-12-11 00:00:00+00:00,0.0,0.0,0.0,0.6928259789848368,0.009054690039508288,1.8593499821900528,calm,,0,0.9332362611730717,0.08178727371312716
2024-12-12 00:00:00+00:00,0.0,0.0,0.0,0.6767465849175945,0.009054690039508288,1.8579769073768801,calm,,0,0.9332362611730717,0.08178727371312716
2024-12-13 00:00:00+00:00,0.0,0.0,0.0,0.34059911951053506,0.009054690039508288,1.847044572751594,calm,,0,0.9332362611730717,0.08178727371312716
2024-12-16 00:00:00+00:00,0.0,0.0,0.0,0.01278127877997466,0.009054690039508288,1.8363277045223834,calm,,0,0.9332362611730717,0.08178727371312716
2024-12-17 00:00:00+00:00,0.0,0.0,0.0,-0.14810283774962352,0.009054690039508288,1.831192199448652,calm,,0,0.9332362611730717,0.08178727371312716
2024-12-18 00:00:00+00:00,0.0,0.0,0.0,-0.1343224803180238,0.009054690039508288,1.8307123542022286,calm,,0,0.9332362611730717,0.08178727371312716
2024-12-19 00:00:00+00:00,0.0,0.0,0.0,0.5272289251964286,0.009054690039508288,1.8457316841586007,calm,,0,0.9332362611730717,0.08178727371312716
2024-12-20 00:00:00+00:00,0.0,0.0,0.0,0.9094440820378117,0.009054690039508288,1.8537217423967238,calm,,0,0.9332362611730717,0.08178727371312716
2024-12-23 00:00:00+00:00,0.0,0.0,0.0,0.5761443965004113,0.009054690039508288,1.8454534611378417,calm,,0,0.9332362611730717,0.08178727371312716
2024-12-24 00:00:00+00:00,0.0,0.0,0.0,0.7360620560186053,0.009054690039508288,1.8481512625184875,calm,,0,0.9332362611730717,0.08178727371312716
2024-12-26 00:00:00+00:00,0.0,0.0,0.0,0.26224272900402124,0.009054690039508288,1.8372156995194997,calm,,0,0.9332362611730717,0.08178727371312716
2024-12-27 00:00:00+00:00,0.0,0.0,0.0,0.3789808622407713,0.009054690039508288,1.8392740244730108,calm,,0,0.9332362611730717,0.08178727371312716
2024-12-30 00:00:00+00:00,0.0,0.0,0.0,0.44690575952671047,0.009054690039508288,1.8402177903924217,calm,,0,0.9332362611730717,0.08178727371312716
2024-12-31 00:00:00+00:00,0.0,0.0,0.0,0.3466525111859061,0.009054690039508288,1.8380131686337853,calm,,0,0.9332362611730717,0.08178727371312716
2025-01-02 00:00:00+00:00,2.0,0.0,0.0,1.042168320363479,0.008695230404878053,1.7976828478857074,normal,pair_untradeable,0,0.944653795123979,0.0840219186096947
2025-01-03 00:00:00+00:00,0.0,0.0,0.0,0.8711432343630601,0.008695230404878053,1.7943410763008378,calm,,0,0.944653795123979,0.0840219186096947
2025-01-06 00:00:00+00:00,0.0,0.0,0.0,0.23926030649053978,0.008695230404878053,1.7810182543855184,calm,,0,0.944653795123979,0.0840219186096947
2025-01-07 00:00:00+00:00,0.0,0.0,0.0,0.6224784488158351,0.008695230404878053,1.7889519455763736,calm,,0,0.944653795123979,0.0840219186096947
2025-01-08 00:00:00+00:00,0.0,0.0,0.0,0.2604569556632533,0.008695230404878053,1.7810553922039238,calm,,0,0.944653795123979,0.0840219186096947
2025-01-10 00:00:00+00:00,0.0,0.0,0.0,0.11713263129075843,0.008695230404878053,1.777620189855197,calm,,0,0.944653795123979,0.0840219186096947
2025-01-13 00:00:00+00:00,0.0,0.0,0.0,0.28635097201399706,0.008695230404878053,1.7807435377286804,calm,,0,0.944653795123979,0.0840219186096947
2025-01-14 00:00:00+00:00,0.0,0.0,0.0,0.6185057602191811,0.008695230404878053,1.7871888658314647,calm,,0,0.944653795123979,0.0840219186096947
2025-01-15 00:00:00+00:00,0.0,0.0,0.0,1.135155241300832,0.008695230404878053,1.7981578699845002,calm,,0,0.944653795123979,0.0840219186096947
2025-01-16 00:00:00+00:00,0.0,0.0,0.0,0.24690813198243794,0.008695230404878053,1.7808652543516725,calm,,0,0.944653795123979,0.0840219186096947
2025-01-17 00:00:00+00:00,0.0,0.0,0.0,0.4292148898447013,0.008695230404878053,1.7850182249185558,calm,,0,0.944653795123979,0.0840219186096947
2025-01-21 00:00:00+00:00,0.0,0.0,0.0,1.263547182320826,0.008695230404878053,1.8015522563983826,calm,,0,0.944653795123979,0.0840219186096947
2025-01-22 00:00:00+00:00,0.0,0.0,0.0,1.6739363147736648,0.008695230404878053,1.8098512700906948,calm,,0,0.944653795123979,0.0840219186096947
2025-01-23 00:00:00+00:00,0.0,0.0,0.0,1.4375261799339096,0.008695230404878053,1.8061926351826774,calm,,0,0.944653795123979,0.0840219186096947
2025-01-24 00:00:00+00:00,0.0,0.0,0.0,1.2074241797549978,0.008695230404878053,1.8026800436995654,calm,,0,0.944653795123979,0.0840219186096947
2025-01-27 00:00:00+00:00,0.0,0.0,0.0,1.242480291935618,0.008695230404878053,1.8037425568376708,calm,,0,0.944653795123979,0.0840219186096947
2025-01-28 00:00:00+00:00,0.0,0.0,0.0,0.9007046197354102,0.008695230404878053,1.7981980626497238,calm,,0,0.944653795123979,0.0840219186096947
2025-01-29 00:00:00+00:00,0.0,0.0,0.0,0.7812718132175838,0.008695230404878053,1.7965401711244677,calm,,0,0.944653795123979,0.0840219186096947
2025-01-30 00:00:00+00:00,0.0,0.0,0.0,1.0814590133673296,0.008695230404878053,1.8019837232766847,calm,,0,0.944653795123979,0.0840219186096947
2025-01-31 00:00:00+00:00,0.0,0.0,0.0,1.0915765807946236,0.008695230404878053,1.8026640142674033,calm,,0,0.944653795123979,0.0840219186096947
2025-02-03 00:00:00+00:00,0.0,0.0,0.0,1.23353865614408,0.008695230404878053,1.8054141020509213,calm,,0,0.944653795123979,0.0840219186096947
2025-02-04 00:00:00+00:00,0.0,0.0,0.0,1.2164030129289285,0.008695230404878053,1.8052120253759485,calm,,0,0.944653795123979,0.0840219186096947
2025-02-05 00:00:00+00:00,0.0,0.0,0.0,1.3649629391453775,0.008695230404878053,1.8080077035971582,calm,,0,0.944653795123979,0.0840219186096947
2025-02-06 00:00:00+00:00,0.0,0.0,0.0,1.9591967739058112,0.008695230404878053,1.8178707658222333,calm,,0,0.944653795123979,0.0840219186096947
2025-02-07 00:00:00+00:00,0.0,0.0,0.0,1.860961371677018,0.008695230404878053,1.817817116152697,calm,,0,0.944653795123979,0.0840219186096947
2025-02-10 00:00:00+00:00,0.0,0.0,0.0,2.4805135177742246,0.008695230404878053,1.8292937093685566,calm,,0,0.944653795123979,0.0840219186096947
2025-02-11 00:00:00+00:00,0.0,0.0,0.0,1.7536830059694581,0.008695230404878053,1.8196068868275441,calm,,0,0.944653795123979,0.0840219186096947
2025-02-12 00:00:00+00:00,0.0,0.0,0.0,2.0773554226628397,0.008695230404878053,1.826376012179832,calm,,0,0.944653795123979,0.0840219186096947
2025-02-13 00:00:00+00:00,0.0,0.0,0.0,2.034643316123181,0.008695230404878053,1.827368780958972,calm,,0,0.944653795123979,0.0840219186096947
2025-02-14 00:00:00+00:00,0.0,0.0,0.0,2.1437715429687474,0.008695230404878053,1.8305027492318775,calm,,0,0.944653795123979,0.0840219186096947
2025-02-18 00:00:00+00:00,0.0,0.0,0.0,2.440555613266683,0.008695230404878053,1.837129767063316,calm,,0,0.944653795123979,0.0840219186096947
2025-02-19 00:00:00+00:00,0.0,0.0,0.0,2.0589122648542375,0.008695230404878053,1.8316894468556821,calm,,0,0.944653795123979,0.0840219186096947
2025-02-20 00:00:00+00:00,0.0,0.0,0.0,2.260892384543153,0.008695230404878053,1.8354012410805858,calm,,0,0.944653795123979,0.0840219186096947
2025-02-21 00:00:00+00:00,0.0,0.0,0.0,1.7770145402118094,0.008695230404878053,1.8282392654094863,calm,,0,0.944653795123979,0.0840219186096947
2025-02-24 00:00:00+00:00,0.0,0.0,0.0,2.58039108845727,0.008695230404878053,1.841865393808071,calm,,0,0.944653795123979,0.0840219186096947
2025-02-25 00:00:00+00:00,0.0,0.0,0.0,1.5325719499970984,0.008695230404878053,1.8264099307295423,calm,,0,0.944653795123979,0.0840219186096947
2025-02-26 00:00:00+00:00,0.0,0.0,0.0,0.8009620184582127,0.008695230404878053,1.8149004363017465,calm,,0,0.944653795123979,0.0840219186096947
2025-02-27 00:00:00+00:00,0.0,0.0,0.0,0.9571494136690796,0.008695230404878053,1.817909473316714,calm,,0,0.944653795123979,0.0840219186096947
2025-02-28 00:00:00+00:00,0.0,0.0,0.0,0.6910367146758883,0.008695230404878053,1.8137582479689565,calm,,0,0.944653795123979,0.0840219186096947
2025-03-03 00:00:00+00:00,0.0,0.0,0.0,0.6162403255065062,0.008695230404878053,1.8128073670145373,calm,,0,0.944653795123979,0.0840219186096947
2025-03-04 00:00:00+00:00,0.0,0.0,0.0,1.3790645912354258,0.008695230404878053,1.826281869238061,calm,,0,0.944653795123979,0.0840219186096947
2025-03-05 00:00:00+00:00,0.0,0.0,0.0,1.8733127071785811,0.008695230404878053,1.8357499725111595,calm,,0,0.944653795123979,0.0840219186096947
2025-03-06 00:00:00+00:00,0.0,0.0,0.0,1.0527783529975585,0.008695230404878053,1.8225397460528274,calm,,0,0.944653795123979,0.0840219186096947
2025-03-07 00:00:00+00:00,0.0,0.0,0.0,0.40234075506671807,0.008695230404878053,1.811394971157326,calm,,0,0.944653795123979,0.0840219186096947
2025-03-10 00:00:00+00:00,0.0,0.0,0.0,0.8821630509490788,0.008695230404878053,1.820267383223383,calm,,0,0.944653795123979,0.0840219186096947
2025-03-11 00:00:00+00:00,0.0,0.0,0.0,0.8708524263716767,0.008695230404878053,1.8204448786413492,calm,,0,0.944653795123979,0.0840219186096947
2025-03-12 00:00:00+00:00,0.0,0.0,0.0,0.2903660127887939,0.008695230404878053,1.8102774663109784,calm,,0,0.944653795123979,0.0840219186096947
2025-03-13 00:00:00+00:00,0.0,0.0,0.0,0.3647622266510513,0.008695230404878053,1.8117484176491399,calm,,0,0.944653795123979,0.0840219186096947
2025-03-14 00:00:00+00:00,0.0,0.0,0.0,0.3112929288299188,0.008695230404878053,1.810926795950233,calm,,0,0.944653795123979,0.0840219186096947
2025-03-17 00:00:00+00:00,0.0,0.0,0.0,0.09212508187874174,0.008695230404878053,1.8072229863485765,calm,,0,0.944653795123979,0.0840219186096947
2025-03-18 00:00:00+00:00,0.0,0.0,0.0,0.06770172789466439,0.008695230404878053,1.8071975377825211,calm,,0,0.944653795123979,0.0840219186096947
2025-03-19 00:00:00+00:00,0.0,0.0,0.0,0.01274048507024115,0.008695230404878053,1.8067264527237406,calm,,0,0.944653795123979,0.0840219186096947
2025-03-20 00:00:00+00:00,0.0,0.0,0.0,0.00276957503942301,0.008695230404878053,1.807064716927095,calm,,0,0.944653795123979,0.0840219186096947
2025-03-21 00:00:00+00:00,0.0,0.0,0.0,-0.014905774685396838,0.008695230404878053,1.8070326080897186,calm,,0,0.944653795123979,0.0840219186096947
2025-03-24 00:00:00+00:00,0.0,0.0,0.0,0.014387339354587832,0.008695230404878053,1.8076657948881794,calm,,0,0.944653795123979,0.0840219186096947
2025-03-25 00:00:00+00:00,0.0,0.0,0.0,0.22714931556205023,0.008695230404878053,1.811514900126097,calm,,0,0.944653795123979,0.0840219186096947
2025-03-26 00:00:00+00:00,0.0,0.0,0.0,0.4618766852614273,0.008695230404878053,1.8157068329701183,calm,,0,0.944653795123979,0.0840219186096947
2025-03-27 00:00:00+00:00,0.0,0.0,0.0,0.27321219584084633,0.008695230404878053,1.8130418041513456,calm,,0,0.944653795123979,0.0840219186096947
2025-03-28 00:00:00+00:00,0.0,0.0,0.0,0.1295151604891123,0.008695230404878053,1.8111424213836491,calm,,0,0.944653795123979,0.0840219186096947
2025-03-31 00:00:00+00:00,0.0,0.0,0.0,0.06935260702266367,0.008695230404878053,1.8105940175375554,calm,,0,0.944653795123979,0.0840219186096947
2025-04-01 00:00:00+00:00,2.0,0.0,0.0,0.8772475798148023,0.008383216580609455,1.6066102820875283,normal,pair_untradeable,0,0.9893147551549504,0.09009752170416437
2025-04-02 00:00:00+00:00,0.0,0.0,0.0,0.6889793637393791,0.008383216580609455,1.6041269269442946,calm,,0,0.9893147551549504,0.09009752170416437
2025-04-03 00:00:00+00:00,0.0,0.0,0.0,0.7327491900219337,0.008383216580609455,1.6051845381695964,calm,,0,0.9893147551549504,0.09009752170416437
2025-04-04 00:00:00+00:00,0.0,0.0,0.0,0.3291595182298252,0.008383216580609455,1.599499511412926,calm,,0,0.9893147551549504,0.09009752170416437
2025-04-07 00:00:00+00:00,0.0,0.0,0.0,-1.212133456950801,0.03947386729578636,1.5771788483314744,elevated,,1,0.9893147551549504,0.09009752170416437
2025-04-08 00:00:00+00:00,0.0,0.0,0.0,-1.4404860148557679,0.024002262392658298,1.574556731208486,elevated,,0,0.9893147551549504,0.09009752170416437
2025-04-09 00:00:00+00:00,0.0,0.0,0.0,-0.6309961571879753,0.016229774515783002,1.586621004769384,normal,,0,0.9893147551549504,0.09009752170416437
2025-04-10 00:00:00+00:00,0.0,0.0,0.0,-1.7565974221667993,0.01232510087821103,1.5721627008388142,normal,,0,0.9893147551549504,0.09009752170416437
2025-04-11 00:00:00+00:00,0.0,0.0,0.0,-1.3351468248182745,0.010363505510360941,1.5778769967674808,normal,,0,0.9893147551549504,0.09009752170416437
2025-04-14 00:00:00+00:00,0.0,0.0,0.0,-1.1896493374987884,0.009378056598537514,1.5797317930081576,normal,,0,0.9893147551549504,0.09009752170416437
2025-04-15 00:00:00+00:00,0.0,0.0,0.0,-1.882885892978767,0.00888299549993882,1.5718008387640712,normal,,0,0.9893147551549504,0.09009752170416437
2025-04-16 00:00:00+00:00,0.0,0.0,0.0,-0.4086738043739364,0.008634291088776344,1.5910169491008341,calm,,0,0.9893147551549504,0.09009752170416437
2025-04-17 00:00:00+00:00,0.0,0.0,0.0,-0.8436012328972858,0.008509349168866347,1.5857843015922581,calm,,0,0.9893147551549504,0.09009752170416437
2025-04-21 00:00:00+00:00,0.0,0.0,0.0,0.4731636327838089,0.008446581953448532,1.6021950214297247,calm,,0,0.9893147551549504,0.09009752170416437
2025-04-22 00:00:00+00:00,0.0,0.0,0.0,-0.200569144188845,0.008415049515543428,1.5940133094920066,calm,,0,0.9893147551549504,0.09009752170416437
2025-04-23 00:00:00+00:00,0.0,0.0,0.0,0.6855619765921643,0.008399208528594737,1.6051976196982016,calm,,0,0.9893147551549504,0.09009752170416437
2025-04-24 00:00:00+00:00,0.0,0.0,0.0,0.4082528722567792,0.00839125047383653,1.6020906648575064,calm,,0,0.9893147551549504,0.09009752170416437
2025-04-25 00:00:00+00:00,0.0,0.0,0.0,0.39739497427741677,0.008387252576752229,1.6022623831494167,calm,,0,0.9893147551549504,0.09009752170416437
2025-04-28 00:00:00+00:00,0.0,0.0,0.0,0.34914846690409174,0.008385244148614666,1.6020053135009835,calm,,0,0.9893147551549504,0.09009752170416437
2025-04-29 00:00:00+00:00,0.0,0.0,0.0,0.2756565518410191,0.008384235172270675,1.601433627335882,calm,,0,0.9893147551549504,0.09009752170416437
2025-04-30 00:00:00+00:00,0.0,0.0,0.0,1.039387009074268,0.008383728291669031,1.610391691750925,calm,,0,0.9893147551549504,0.09009752170416437
2025-05-01 00:00:00+00:00,0.0,0.0,0.0,1.0277891519817988,0.008383473649480586,1.610643097453793,calm,,0,0.9893147551549504,0.09009752170416437
2025-05-02 00:00:00+00:00,0.0,0.0,0.0,0.2941669083577257,0.0083833457245927,1.6027223323540811,calm,,0,0.9893147551549504,0.09009752170416437
2025-05-05 00:00:00+00:00,0.0,0.0,0.0,-0.5518624774526303,0.008383281458820243,1.5934631795875562,calm,,0,0.9893147551549504,0.09009752170416437
2025-05-06 00:00:00+00:00,0.0,0.0,0.0,-2.0512049611153875,0.008383249173550524,1.5765515797832519,calm,,0,0.9893147551549504,0.09009752170416437
2025-05-07 00:00:00+00:00,0.0,0.0,0.0,-1.2683750755861962,0.008383232954362592,1.5845147119719138,calm,,0,0.9893147551549504,0.09009752170416437
2025-05-08 00:00:00+00:00,0.0,0.0,0.0,-1.1891900402282911,0.008383224806310574,1.5849303745024015,calm,,0,0.9893147551549504,0.09009752170416437
2025-05-09 00:00:00+00:00,0.0,0.0,0.0,-0.7487982336659205,0.008383220712964348,1.589731246697224,calm,,0,0.9893147551549504,0.09009752170416437
2025-05-12 00:00:00+00:00,0.0,0.0,0.0,-0.6500505853492606,0.008383218656585317,1.5906135910947272,calm,,0,0.9893147551549504,0.09009752170416437
2025-05-13 00:00:00+00:00,0.0,0.0,0.0,-0.5215167318044824,0.008383217623519826,1.5918629378583855,calm,,0,0.9893147551549504,0.09009752170416437
2025-05-14 00:00:00+00:00,0.0,0.0,0.0,-0.6536455385640771,0.008383217104537533,1.5900522763010985,calm,,0,0.9893147551549504,0.09009752170416437
2025-05-15 00:00:00+00:00,0.0,0.0,0.0,-0.7440183489421415,0.008383216843815804,1.588716299288671,calm,,0,0.9893147551549504,0.09009752170416437
2025-05-16 00:00:00+00:00,0.0,0.0,0.0,0.08838863414820766,0.00838321671283673,1.5979243395403842,calm,,0,0.9893147551549504,0.09009752170416437
2025-05-19 00:00:00+00:00,0.0,0.0,0.0,0.2660231964033345,0.008383216647036623,1.5995654114650195,calm,,0,0.9893147551549504,0.09009752170416437
2025-05-20 00:00:00+00:00,0.0,0.0,0.0,0.12814568299510448,0.008383216613980548,1.5978343551880654,calm,,0,0.9893147551549504,0.09009752170416437
2025-05-21 00:00:00+00:00,0.0,0.0,0.0,1.134888785514674,0.008383216597374128,1.607750401642444,calm,,0,0.9893147551549504,0.09009752170416437
2025-05-22 00:00:00+00:00,0.0,0.0,0.0,1.3020229052546548,0.008383216589031543,1.6094285324151665,calm,,0,0.9893147551549504,0.09009752170416437
2025-05-23 00:00:00+00:00,0.0,0.0,0.0,1.0736116832798324,0.00838321658484047,1.6074273036257543,calm,,0,0.9893147551549504,0.09009752170416437
2025-05-27 00:00:00+00:00,0.0,0.0,0.0,1.5332196465624746,0.008383216582734995,1.6124874678878314,calm,,0,0.9893147551549504,0.09009752170416437
2025-05-28 00:00:00+00:00,0.0,0.0,0.0,1.2506910950870234,0.008383216581677264,1.6100414498583442,calm,,0,0.9893147551549504,0.09009752170416437
2025-05-29 00:00:00+00:00,0.0,0.0,0.0,0.36147377037503503,0.008383216581145892,1.6007506222427947,calm,,0,0.9893147551549504,0.09009752170416437
2025-05-30 00:00:00+00:00,0.0,0.0,0.0,-0.10144090901511735,0.008383216580878946,1.5955403155762253,calm,,0,0.9893147551549504,0.09009752170416437
2025-06-02 00:00:00+00:00,0.0,0.0,0.0,-0.47777070731510396,0.00838321658074484,1.591296475544115,calm,,0,0.9893147551549504,0.09009752170416437
2025-06-03 00:00:00+00:00,0.0,0.0,0.0,0.28788626545055934,0.008383216580677469,1.5988520890423281,calm,,0,0.9893147551549504,0.09009752170416437
2025-06-04 00:00:00+00:00,0.0,0.0,0.0,-0.21483503641594376,0.008383216580643622,1.593750832265962,calm,,0,0.9893147551549504,0.09009752170416437
2025-06-05 00:00:00+00:00,0.0,0.0,0.0,-1.1225769740596305,0.00838321658062662,1.5844209737250576,calm,,0,0.9893147551549504,0.09009752170416437
2025-06-06 00:00:00+00:00,0.0,0.0,0.0,-0.49621508699137495,0.008383216580618079,1.590312125189893,calm,,0,0.9893147551549504,0.09009752170416437
2025-06-09 00:00:00+00:00,0.0,0.0,0.0,-0.578316514643156,0.008383216580613787,1.5893506528559058,calm,,0,0.9893147551549504,0.09009752170416437
2025-06-10 00:00:00+00:00,0.0,0.0,0.0,-0.23843619863126556,0.008383216580611632,1.5925445019212852,calm,,0,0.9893147551549504,0.09009752170416437
2025-06-11 00:00:00+00:00,0.0,0.0,0.0,1.47245031666735,0.008383216580610548,1.6094691887653738,calm,,0,0.9893147551549504,0.09009752170416437
2025-06-12 00:00:00+00:00,0.0,0.0,0.0,1.130642256572027,0.008383216580610005,1.6065227071120978,calm,,0,0.9893147551549504,0.09009752170416437
2025-06-13 00:00:00+00:00,0.0,0.0,0.0,1.208491618022603,0.008383216580609731,1.6076472606893493,calm,,0,0.9893147551549504,0.09009752170416437
2025-06-16 00:00:00+00:00,0.0,0.0,0.0,2.695090083955019,0.008383216580609594,1.6234310799658358,calm,,0,0.9893147551549504,0.09009752170416437
2025-06-17 00:00:00+00:00,0.0,0.0,0.0,1.9784643727904494,0.008383216580609525,1.6177077343444521,calm,,0,0.9893147551549504,0.09009752170416437
2025-06-18 00:00:00+00:00,0.0,0.0,0.0,1.8921730238801944,0.00838321658060949,1.617824059740177,calm,,0,0.9893147551549504,0.09009752170416437
2025-06-20 00:00:00+00:00,0.0,0.0,0.0,2.4306710668995724,0.008383216580609473,1.625106498653242,calm,,0,0.9893147551549504,0.09009752170416437
2025-06-23 00:00:00+00:00,0.0,0.0,0.0,2.1632833519897985,0.008383216580609464,1.6236939062314582,calm,,0,0.9893147551549504,0.09009752170416437
2025-06-24 00:00:00+00:00,0.0,0.0,0.0,3.0050124598560353,0.00838321658060946,1.6356788340344162,calm,,0,0.9893147551549504,0.09009752170416437
2025-06-25 00:00:00+00:00,0.0,0.0,0.0,2.741260561111067,0.008383216580609457,1.6354593482250888,calm,,0,0.9893147551549504,0.09009752170416437
2025-06-26 00:00:00+00:00,0.0,0.0,0.0,3.24312148134905,0.008383216580609457,1.6455342341964494,calm,,0,0.9893147551549504,0.09009752170416437
2025-06-27 00:00:00+00:00,0.0,0.0,0.0,4.249462574685526,0.008383216580609455,1.6659165687009718,calm,,0,0.9893147551549504,0.09009752170416437
2025-06-30 00:00:00+00:00,0.0,0.0,0.0,3.6320120898405035,0.008383216580609455,1.665183880347545,calm,,0,0.9893147551549504,0.09009752170416437
2025-07-01 00:00:00+00:00,2.0,0.0,0.0,3.0873001657455568,0.009206200662823722,1.3643850808257465,normal,pair_untradeable,0,1.0495682362873673,0.09887726355581837
2025-07-02 00:00:00+00:00,0.0,0.0,0.0,2.8707729926249312,0.009206200662817961,1.3649828844370289,calm,,0,1.0495682362873673,0.09887726355581837
2025-07-03 00:00:00+00:00,0.0,0.0,0.0,2.643797261542829,0.009206200662814655,1.3646703580384747,calm,,0,1.0495682362873673,0.09887726355581837
2025-07-07 00:00:00+00:00,0.0,0.0,0.0,1.8173760239459755,0.009206200662812754,1.3515491608871342,calm,,0,1.0495682362873673,0.09887726355581837
2025-07-08 00:00:00+00:00,0.0,0.0,0.0,1.5687396113693617,0.009206200662811664,1.3480498470259823,calm,,0,1.0495682362873673,0.09887726355581837
2025-07-09 00:00:00+00:00,0.0,0.0,0.0,1.5779653584265763,0.009206200662811036,1.3495530370441413,calm,,0,1.0495682362873673,0.09887726355581837
2025-07-10 00:00:00+00:00,0.0,0.0,0.0,1.6578053153481402,0.009206200662810677,1.3524996394568003,calm,,0,1.0495682362873673,0.09887726355581837
2025-07-11 00:00:00+00:00,0.0,0.0,0.0,1.5414783154166103,0.009206200662810471,1.3514108305215418,calm,,0,1.0495682362873673,0.09887726355581837
2025-07-14 00:00:00+00:00,0.0,0.0,0.0,1.5803810618120615,0.009206200662810351,1.3535419237302904,calm,,0,1.0495682362873673,0.09887726355581837
2025-07-15 00:00:00+00:00,0.0,0.0,0.0,1.7065240711429315,0.009206200662810284,1.357515377504562,calm,,0,1.0495682362873673,0.09887726355581837
2025-07-16 00:00:00+00:00,0.0,0.0,0.0,2.666658729816006,0.009206200662810244,1.3806671008229312,calm,,0,1.0495682362873673,0.09887726355581837
2025-07-17 00:00:00+00:00,0.0,0.0,0.0,1.861580414959942,0.009206200662810221,1.3660665747236447,calm,,0,1.0495682362873673,0.09887726355581837
2025-07-18 00:00:00+00:00,0.0,0.0,0.0,1.7952050408063327,0.009206200662810209,1.3664553273742621,calm,,0,1.0495682362873673,0.09887726355581837
2025-07-21 00:00:00+00:00,0.0,0.0,0.0,1.75158280003242,0.009206200662810202,1.3673516762596645,calm,,0,1.0495682362873673,0.09887726355581837
2025-07-22 00:00:00+00:00,0.0,0.0,0.0,1.6602782478113254,0.009206200662810197,1.3668927635679102,calm,,0,1.0495682362873673,0.09887726355581837
2025-07-23 00:00:00+00:00,0.0,0.0,0.0,1.796695145604411,0.009206200662810195,1.3722015027688776,calm,,0,1.0495682362873673,0.09887726355581837
2025-07-24 00:00:00+00:00,0.0,0.0,0.0,1.7259546845387237,0.009206200662810193,1.3724314828358128,calm,,0,1.0495682362873673,0.09887726355581837
2025-07-25 00:00:00+00:00,0.0,0.0,0.0,2.0009071126864946,0.009206200662810193,1.3819313165650033,calm,,0,1.0495682362873673,0.09887726355581837
2025-07-28 00:00:00+00:00,0.0,0.0,0.0,1.8210210846655612,0.009206200662810192,1.379674160757138,calm,,0,1.0495682362873673,0.09887726355581837
2025-07-29 00:00:00+00:00,0.0,0.0,0.0,1.8540578847224671,0.009206200662810192,1.3829304248762995,calm,,0,1.0495682362873673,0.09887726355581837
2025-07-30 00:00:00+00:00,0.0,0.0,0.0,1.4182713895631567,0.009206200662810192,1.372474088551483,calm,,0,1.0495682362873673,0.09887726355581837
2025-07-31 00:00:00+00:00,0.0,0.0,0.0,1.646870860769667,0.009206200662810192,1.3809067324601125,calm,,0,1.0495682362873673,0.09887726355581837
2025-08-01 00:00:00+00:00,0.0,0.0,0.0,1.617573085499463,0.009206200662810192,1.382044889574881,calm,,0,1.0495682362873673,0.09887726355581837
2025-08-04 00:00:00+00:00,0.0,0.0,0.0,1.9005126882128678,0.009206200662810192,1.3924148111249632,calm,,0,1.0495682362873673,0.09887726355581837
2025-08-05 00:00:00+00:00,0.0,0.0,0.0,1.8132927293688723,0.009206200662810192,1.3922450035830716,calm,,0,1.0495682362873673,0.09887726355581837
2025-08-06 00:00:00+00:00,0.0,0.0,0.0,1.8217724099375894,0.009206200662810192,1.3948157809830697,calm,,0,1.0495682362873673,0.09887726355581837
2025-08-07 00:00:00+00:00,0.0,0.0,0.0,1.5376176778987007,0.009206200662810192,1.3881639094170755,calm,,0,1.0495682362873673,0.09887726355581837
2025-08-08 00:00:00+00:00,0.0,0.0,0.0,0.9453352466599123,0.009206200662810192,1.3708740555521777,calm,,0,1.0495682362873673,0.09887726355581837
2025-08-11 00:00:00+00:00,0.0,0.0,0.0,0.6461950344270496,0.009206200662810192,1.3622999802288307,calm,,0,1.0495682362873673,0.09887726355581837
2025-08-12 00:00:00+00:00,0.0,0.0,0.0,0.9051483692812594,0.009206200662810192,1.371254999427289,calm,,0,1.0495682362873673,0.09887726355581837
2025-08-13 00:00:00+00:00,0.0,0.0,0.0,0.9032318168994549,0.009206200662810192,1.3720762806586295,calm,,0,1.0495682362873673,0.09887726355581837
2025-08-14 00:00:00+00:00,0.0,0.0,0.0,0.7674712270077908,0.009206200662810192,1.3688103201763981,calm,,0,1.0495682362873673,0.09887726355581837
2025-08-15 00:00:00+00:00,0.0,0.0,0.0,0.93850047269478,0.009206200662810192,1.3748528465902004,calm,,0,1.0495682362873673,0.09887726355581837
2025-08-18 00:00:00+00:00,0.0,0.0,0.0,0.8355524577217452,0.009206200662810192,1.37265253160907,calm,,0,1.0495682362873673,0.09887726355581837
2025-08-19 00:00:00+00:00,0.0,0.0,0.0,0.35317472951090384,0.009206200662810192,1.3589654648844753,calm,,0,1.0495682362873673,0.09887726355581837
2025-08-20 00:00:00+00:00,0.0,0.0,0.0,0.4056943275694712,0.009206200662810192,1.3611348359677518,calm,,0,1.0495682362873673,0.09887726355581837
2025-08-21 00:00:00+00:00,0.0,0.0,0.0,0.25269592835319854,0.009206200662810192,1.357241412658583,calm,,0,1.0495682362873673,0.09887726355581837
2025-08-22 00:00:00+00:00,0.0,0.0,0.0,0.49176377816831873,0.009206200662810192,1.3648275270553363,calm,,0,1.0495682362873673,0.09887726355581837
2025-08-25 00:00:00+00:00,0.0,0.0,0.0,0.44563918496533317,0.009206200662810192,1.3641488577790888,calm,,0,1.0495682362873673,0.09887726355581837
2025-08-26 00:00:00+00:00,0.0,0.0,0.0,0.5638487632873337,0.009206200662810192,1.3682333074747257,calm,,0,1.0495682362873673,0.09887726355581837
2025-08-27 00:00:00+00:00,0.0,0.0,0.0,0.39478104267188585,0.009206200662810192,1.3642229954598593,calm,,0,1.0495682362873673,0.09887726355581837
2025-08-28 00:00:00+00:00,0.0,0.0,0.0,0.2875817683644655,0.009206200662810192,1.362062150392906,calm,,0,1.0495682362873673,0.09887726355581837
2025-08-29 00:00:00+00:00,0.0,0.0,0.0,-0.11528136616213759,0.009206200662810192,1.3521892911175728,calm,,0,1.0495682362873673,0.09887726355581837
2025-09-02 00:00:00+00:00,0.0,0.0,0.0,-0.395524920783944,0.009206200662810192,1.3460495312290757,calm,,0,1.0495682362873673,0.09887726355581837
2025-09-03 00:00:00+00:00,0.0,0.0,0.0,-0.4910425894309542,0.009206200662810192,1.345258475907512,calm,,0,1.0495682362873673,0.09887726355581837
2025-09-04 00:00:00+00:00,0.0,0.0,0.0,-0.20786333652750333,0.009206200662810192,1.3531140544432265,calm,,0,1.0495682362873673,0.09887726355581837
2025-09-05 00:00:00+00:00,0.0,0.0,0.0,-0.03908267894963428,0.009206200662810192,1.3579498701136794,calm,,0,1.0495682362873673,0.09887726355581837
2025-09-08 00:00:00+00:00,0.0,0.0,0.0,-0.06643281886656514,0.009206200662810192,1.3584690153071977,calm,,0,1.0495682362873673,0.09887726355581837
2025-09-09 00:00:00+00:00,0.0,0.0,0.0,0.19135549472875707,0.009206200662810192,1.3640388426297356,calm,,0,1.0495682362873673,0.09887726355581837
2025-09-10 00:00:00+00:00,0.0,0.0,0.0,-0.06781487566958384,0.009206200662810192,1.3601545901805823,calm,,0,1.0495682362873673,0.09887726355581837
2025-09-11 00:00:00+00:00,0.0,0.0,0.0,-0.0016197679352216534,0.009206200662810192,1.3620741882614213,calm,,0,1.0495682362873673,0.09887726355581837
2025-09-12 00:00:00+00:00,0.0,0.0,0.0,-0.5168734720405946,0.009206200662810192,1.3544454499615508,calm,,0,1.0495682362873673,0.09887726355581837
2025-09-15 00:00:00+00:00,0.0,0.0,0.0,0.03497967349017279,0.009206200662810192,1.3636609976022003,calm,,0,1.0495682362873673,0.09887726355581837
2025-09-16 00:00:00+00:00,0.0,0.0,0.0,0.4174276671759286,0.009206200662810192,1.3697045933965866,calm,,0,1.0495682362873673,0.09887726355581837
2025-09-17 00:00:00+00:00,0.0,0.0,0.0,0.597434735959515,0.009206200662810192,1.3724962672917513,calm,,0,1.0495682362873673,0.09887726355581837
2025-09-18 00:00:00+00:00,0.0,0.0,0.0,0.13980931718331574,0.009206200662810192,1.3669642502752337,calm,,0,1.0495682362873673,0.09887726355581837
2025-09-19 00:00:00+00:00,0.0,0.0,0.0,0.018662877147290282,0.009206200662810192,1.365882440351326,calm,,0,1.0495682362873673,0.09887726355581837
2025-09-22 00:00:00+00:00,0.0,0.0,0.0,-0.5348566392302386,0.009206200662810192,1.3598853563522324,calm,,0,1.0495682362873673,0.09887726355581837
2025-09-23 00:00:00+00:00,0.0,0.0,0.0,-0.5783742246251706,0.009206200662810192,1.3597084225777065,calm,,0,1.0495682362873673,0.09887726355581837
2025-09-24 00:00:00+00:00,0.0,0.0,0.0,-0.4129558474443906,0.009206200662810192,1.3614489260353997,calm,,0,1.0495682362873673,0.09887726355581837
2025-09-25 00:00:00+00:00,0.0,0.0,0.0,-0.6014656696242247,0.009206200662810192,1.3591903907312552,calm,,0,1.0495682362873673,0.09887726355581837
2025-09-26 00:00:00+00:00,0.0,0.0,0.0,-0.34126195101528184,0.009206200662810192,1.3620745178500426,calm,,0,1.0495682362873673,0.09887726355581837
2025-09-29 00:00:00+00:00,0.0,0.0,0.0,-1.1031084590650486,0.009206200662810192,1.3532591585468206,calm,,0,1.0495682362873673,0.09887726355581837
2025-09-30 00:00:00+00:00,0.0,0.0,0.0,-0.995837124365971,0.009206200662810192,1.3541881237851934,calm,,0,1.0495682362873673,0.09887726355581837
2025-10-01 00:00:00+00:00,2.0,0.0,0.0,-0.6406752293021234,0.008871832005586479,1.280894817560224,normal,pair_untradeable,0,1.0650417101242027,0.10212040829679596
2025-10-02 00:00:00+00:00,0.0,0.0,0.0,-0.34835194567894023,0.008871832005586479,1.2845784497074249,calm,,0,1.0650417101242027,0.10212040829679596
2025-10-03 00:00:00+00:00,0.0,0.0,0.0,-0.3559123224683961,0.008871832005586479,1.2847444260716534,calm,,0,1.0650417101242027,0.10212040829679596
2025-10-06 00:00:00+00:00,0.0,0.0,0.0,-0.010112539445656698,0.008871832005586479,1.2888797324031307,calm,,0,1.0650417101242027,0.10212040829679596
2025-10-07 00:00:00+00:00,0.0,0.0,0.0,0.34840433288761524,0.008871832005586479,1.2931503291470712,calm,,0,1.0650417101242027,0.10212040829679596
2025-10-08 00:00:00+00:00,0.0,0.0,0.0,-0.7147988403326402,0.008871832005586479,1.2815487064924058,calm,,0,1.0650417101242027,0.10212040829679596
2025-10-09 00:00:00+00:00,0.0,0.0,0.0,-1.0069358445201613,0.008871832005586479,1.2783154444539324,calm,,0,1.0650417101242027,0.10212040829679596
2025-10-10 00:00:00+00:00,0.0,0.0,0.0,0.19221026000775684,0.008871832005586479,1.2912092899580916,calm,,0,1.0650417101242027,0.10212040829679596
2025-10-13 00:00:00+00:00,0.0,0.0,0.0,1.2294769462891015,0.008871832005586479,1.302700774900476,calm,,0,1.0650417101242027,0.10212040829679596
2025-10-14 00:00:00+00:00,0.0,0.0,0.0,-1.9888433756240236,0.034735305536814254,1.2670764560399892,elevated,,1,1.0650417101242027,0.10212040829679596
2025-10-15 00:00:00+00:00,0.0,0.0,0.0,-5.891570939257983,0.04971462249985112,1.2208917133745887,elevated,,1,1.0650417101242027,0.10212040829679596
2025-10-16 00:00:00+00:00,0.0,0.0,0.0,-4.320724220163957,0.03252670201868855,1.2250950117631376,elevated,,0,1.0650417101242027,0.10212040829679596
2025-10-17 00:00:00+00:00,0.0,0.0,0.0,-3.6475920950979392,0.022571994716440696,1.226154576426497,elevated,,0,1.0650417101242027,0.10212040829679596
2025-10-20 00:00:00+00:00,0.0,0.0,0.0,-3.9131579386613167,0.01680653882071247,1.2139495400894962,normal,,0,1.0650417101242027,0.10212040829679596
2025-10-21 00:00:00+00:00,0.0,0.0,0.0,-2.524278442900264,0.013467366640523764,1.2327164140167906,normal,,0,1.0650417101242027,0.10212040829679596
2025-10-22 00:00:00+00:00,0.0,0.0,0.0,-2.9937162275809093,0.011533422291524828,1.2193575777725885,normal,,0,1.0650417101242027,0.10212040829679596
2025-10-23 00:00:00+00:00,0.0,0.0,0.0,-2.8700289271247215,0.010413342061096715,1.2167997115814257,normal,,0,1.0650417101242027,0.10212040829679596
2025-10-24 00:00:00+00:00,0.0,0.0,0.0,-1.8823479028364494,0.009764626536658123,1.2350337452302584,normal,,0,1.0650417101242027,0.10212040829679596
2025-10-27 00:00:00+00:00,0.0,0.0,0.0,-2.141209831029883,0.009388910743971746,1.226678954826932,normal,,0,1.0650417101242027,0.10212040829679596
2025-10-28 00:00:00+00:00,0.0,0.0,0.0,-1.5890910039616453,0.009171307878684814,1.2377771521381442,calm,,0,1.0650417101242027,0.10212040829679596
2025-10-29 00:00:00+00:00,0.0,0.0,0.0,-1.7935130103453218,0.00904527908803292,1.2313545460720006,calm,,0,1.0650417101242027,0.10212040829679596
2025-10-30 00:00:00+00:00,0.0,0.0,0.0,-1.4794221458154364,0.008972287144419328,1.2376396982182385,calm,,0,1.0650417101242027,0.10212040829679596
2025-10-31 00:00:00+00:00,0.0,0.0,0.0,-1.3653556202335162,0.008930012487930673,1.2394461398031433,calm,,0,1.0650417101242027,0.10212040829679596
2025-11-03 00:00:00+00:00,0.0,0.0,0.0,-1.4337649490668327,0.00890552832580595,1.2367254883061918,calm,,0,1.0650417101242027,0.10212040829679596
2025-11-04 00:00:00+00:00,0.0,0.0,0.0,-1.3859407578436718,0.008891347862976864,1.2366094394030789,calm,,0,1.0650417101242027,0.10212040829679596
2025-11-05 00:00:00+00:00,0.0,0.0,0.0,-1.4303149386938647,0.008883134981317988,1.2342201955550376,calm,,0,1.0650417101242027,0.10212040829679596
2025-11-06 00:00:00+00:00,0.0,0.0,0.0,-1.0481399963336138,0.00887837833649224,1.2426727890302285,calm,,0,1.0650417101242027,0.10212040829679596
2025-11-07 00:00:00+00:00,0.0,0.0,0.0,-0.833694887717295,0.008875623436210208,1.2472844909657166,calm,,0,1.0650417101242027,0.10212040829679596
2025-11-10 00:00:00+00:00,0.0,0.0,0.0,-1.1378322358111614,0.00887402788391611,1.2387948760099725,calm,,0,1.0650417101242027,0.10212040829679596
2025-11-11 00:00:00+00:00,0.0,0.0,0.0,-0.7139652248808189,0.008873103789806495,1.248679288446226,calm,,0,1.0650417101242027,0.10212040829679596
2025-11-12 00:00:00+00:00,0.0,0.0,0.0,-0.14987069467252123,0.008872568583328723,1.2623329213877623,calm,,0,1.0650417101242027,0.10212040829679596
2025-11-13 00:00:00+00:00,0.0,0.0,0.0,-0.6023041434218777,0.008872258608434533,1.250576769284172,calm,,0,1.0650417101242027,0.10212040829679596
2025-11-14 00:00:00+00:00,0.0,0.0,0.0,-0.8040585624058406,0.008872079080646626,1.2449480218192672,calm,,0,1.0650417101242027,0.10212040829679596
2025-11-17 00:00:00+00:00,0.0,0.0,0.0,-0.5398556241957503,0.0088719751037529,1.2509986293977553,calm,,0,1.0650417101242027,0.10212040829679596
2025-11-18 00:00:00+00:00,0.0,0.0,0.0,-0.48003262597075763,0.008871914883579995,1.2519614372966306,calm,,0,1.0650417101242027,0.10212040829679596
2025-11-19 00:00:00+00:00,0.0,0.0,0.0,-0.654023781021691,0.00887188000593464,1.2470856689973457,calm,,0,1.0650417101242027,0.10212040829679596
2025-11-20 00:00:00+00:00,0.0,0.0,0.0,-0.3180926833387698,0.008871859805890586,1.2548265626679695,calm,,0,1.0650417101242027,0.10212040829679596
2025-11-21 00:00:00+00:00,0.0,0.0,0.0,-0.024079596813201314,0.008871848106655285,1.2616124471256533,calm,,0,1.0650417101242027,0.10212040829679596
2025-11-24 00:00:00+00:00,0.0,0.0,0.0,-0.4685121284016667,0.008871841330823199,1.250337953305583,calm,,0,1.0650417101242027,0.10212040829679596
2025-11-25 00:00:00+00:00,0.0,0.0,0.0,-0.5853663935648189,0.008871837406472653,1.2470766155556285,calm,,0,1.0650417101242027,0.10212040829679596
2025-11-26 00:00:00+00:00,0.0,0.0,0.0,-0.5598276383891674,0.00887183513361125,1.2473137905619813,calm,,0,1.0650417101242027,0.10212040829679596
2025-11-28 00:00:00+00:00,0.0,0.0,0.0,-0.4307149463830435,0.008871833817240837,1.2501212475745964,calm,,0,1.0650417101242027,0.10212040829679596
2025-12-01 00:00:00+00:00,0.0,0.0,0.0,-0.7390947839901237,0.008871833054840161,1.2421418206299384,calm,,0,1.0650417101242027,0.10212040829679596
2025-12-02 00:00:00+00:00,0.0,0.0,0.0,-0.8114144070957756,0.008871832613281476,1.2397547049947928,calm,,0,1.0650417101242027,0.10212040829679596
2025-12-03 00:00:00+00:00,0.0,0.0,0.0,-0.975184576587779,0.008871832357544462,1.2350806329336708,calm,,0,1.0650417101242027,0.10212040829679596
2025-12-04 00:00:00+00:00,0.0,0.0,0.0,-1.141822790807652,0.008871832209429562,1.2302328233561477,calm,,0,1.0650417101242027,0.10212040829679596
2025-12-05 00:00:00+00:00,0.0,0.0,0.0,-0.669949537443318,0.008871832123646032,1.2408525757297646,calm,,0,1.0650417101242027,0.10212040829679596
2025-12-08 00:00:00+00:00,0.0,0.0,0.0,-0.16310424734362844,0.00887183207396289,1.2525637672990948,calm,,0,1.0650417101242027,0.10212040829679596
2025-12-09 00:00:00+00:00,0.0,0.0,0.0,-0.17539515589152543,0.008871832045187962,1.2518936360879245,calm,,0,1.0650417101242027,0.10212040829679596
2025-12-10 00:00:00+00:00,0.0,0.0,0.0,0.21417474406181788,0.008871832028522422,1.2606854989425127,calm,,0,1.0650417101242027,0.10212040829679596
2025-12-11 00:00:00+00:00,0.0,0.0,0.0,1.1996795202031896,0.008871832018870263,1.2831383701742833,calm,,0,1.0650417101242027,0.10212040829679596
2025-12-12 00:00:00+00:00,0.0,0.0,0.0,0.6037620544970961,0.008871832013280031,1.2688414974173003,calm,,0,1.0650417101242027,0.10212040829679596
2025-12-15 00:00:00+00:00,0.0,0.0,0.0,0.7948331016011808,0.008871832010042345,1.2726586889780416,calm,,0,1.0650417101242027,0.10212040829679596
2025-12-16 00:00:00+00:00,0.0,0.0,0.0,0.6440538844915203,0.008871832008167177,1.2687948268097848,calm,,0,1.0650417101242027,0.10212040829679596
2025-12-17 00:00:00+00:00,0.0,0.0,0.0,0.7915161891976941,0.008871832007081139,1.2717492475569516,calm,,0,1.0650417101242027,0.10212040829679596
2025-12-18 00:00:00+00:00,0.0,0.0,0.0,1.5643616445656812,0.008871832006452139,1.2885841799184083,calm,,0,1.0650417101242027,0.10212040829679596
2025-12-19 00:00:00+00:00,0.0,0.0,0.0,1.0877508020176307,0.008871832006087842,1.278264932792621,calm,,0,1.0650417101242027,0.10212040829679596
2025-12-22 00:00:00+00:00,0.0,0.0,0.0,0.5536328010023228,0.008871832005876852,1.2662958278675207,calm,,0,1.0650417101242027,0.10212040829679596
2025-12-23 00:00:00+00:00,0.0,0.0,0.0,0.942804473200773,0.008871832005754655,1.274398061858455,calm,,0,1.0650417101242027,0.10212040829679596
2025-12-24 00:00:00+00:00,0.0,0.0,0.0,0.9048921574618374,0.00887183200568388,1.2735598467108176,calm,,0,1.0650417101242027,0.10212040829679596
2025-12-26 00:00:00+00:00,0.0,0.0,0.0,0.7816421207217472,0.00887183200564289,1.2707915420312519,calm,,0,1.0650417101242027,0.10212040829679596
2025-12-29 00:00:00+00:00,0.0,0.0,0.0,0.3700144996476086,0.00887183200561915,1.2615372766466821,calm,,0,1.0650417101242027,0.10212040829679596
2025-12-30 00:00:00+00:00,0.0,0.0,0.0,0.22088108970979067,0.008871832005605401,1.2578318554978996,calm,,0,1.0650417101242027,0.10212040829679596
2025-12-31 00:00:00+00:00,0.0,0.0,0.0,0.5451922027957303,0.008871832005597439,1.2641021934699355,calm,,0,1.0650417101242027,0.10212040829679596
2026-01-02 00:00:00+00:00,2.0,0.0,0.0,1.154150308968306,0.008623568707616864,1.2425334240936907,normal,pair_untradeable,0,1.0715459074502525,0.10232512701642686
2026-01-05 00:00:00+00:00,0.0,0.0,0.0,1.7140317151723952,0.008623568707616864,1.2528465002475517,calm,,0,1.0715459074502525,0.10232512701642686
2026-01-06 00:00:00+00:00,0.0,0.0,0.0,1.5964671780184387,0.008623568707616864,1.2507490321659338,calm,,0,1.0715459074502525,0.10232512701642686
2026-01-07 00:00:00+00:00,0.0,0.0,0.0,1.6981573068841354,0.008623568707616864,1.253100236123096,calm,,0,1.0715459074502525,0.10232512701642686
2026-01-08 00:00:00+00:00,0.0,0.0,0.0,1.1542261447026059,0.008623568707616864,1.2418277456357538,calm,,0,1.0715459074502525,0.10232512701642686
2026-01-09 00:00:00+00:00,0.0,0.0,0.0,1.3206801841867382,0.008623568707616864,1.2434950381173602,calm,,0,1.0715459074502525,0.10232512701642686
2026-01-12 00:00:00+00:00,0.0,0.0,0.0,1.7394386233191688,0.008623568707616864,1.2519488284943332,calm,,0,1.0715459074502525,0.10232512701642686
2026-01-13 00:00:00+00:00,0.0,0.0,0.0,2.2200551799719643,0.008623568707616864,1.2624033827398504,calm,,0,1.0715459074502525,0.10232512701642686
2026-01-14 00:00:00+00:00,0.0,0.0,0.0,2.0821002555281694,0.008623568707616864,1.2618197831774118,calm,,0,1.0715459074502525,0.10232512701642686
2026-01-15 00:00:00+00:00,0.0,0.0,0.0,1.5686288764154581,0.008623568707616864,1.253384091895943,calm,,0,1.0715459074502525,0.10232512701642686
2026-01-16 00:00:00+00:00,0.0,0.0,0.0,1.4585214309460819,0.008623568707616864,1.251901769469355,calm,,0,1.0715459074502525,0.10232512701642686
2026-01-20 00:00:00+00:00,0.0,0.0,0.0,2.4281359028963485,0.008623568707616864,1.2722458760918984,calm,,0,1.0715459074502525,0.10232512701642686
2026-01-21 00:00:00+00:00,0.0,0.0,0.0,2.451999726442741,0.008623568707616864,1.2749956045866657,calm,,0,1.0715459074502525,0.10232512701642686
2026-01-22 00:00:00+00:00,0.0,0.0,0.0,2.552250233120458,0.008623568707616864,1.2791935880080025,calm,,0,1.0715459074502525,0.10232512701642686
2026-01-23 00:00:00+00:00,0.0,0.0,0.0,1.774733358747649,0.008623568707616864,1.2659785895487392,calm,,0,1.0715459074502525,0.10232512701642686
2026-01-26 00:00:00+00:00,0.0,0.0,0.0,1.5932816479569247,0.008623568707616864,1.2634062982228071,calm,,0,1.0715459074502525,0.10232512701642686
2026-01-27 00:00:00+00:00,0.0,0.0,0.0,1.101020762891833,0.008623568707616864,1.254067353132485,calm,,0,1.0715459074502525,0.10232512701642686
2026-01-28 00:00:00+00:00,0.0,0.0,0.0,1.5178629077706782,0.008623568707616864,1.2636892676058817,calm,,0,1.0715459074502525,0.10232512701642686
2026-01-29 00:00:00+00:00,0.0,0.0,0.0,1.6050522110655154,0.008623568707616864,1.2667185809957724,calm,,0,1.0715459074502525,0.10232512701642686
2026-01-30 00:00:00+00:00,0.0,0.0,0.0,1.2449672949154358,0.008623568707616864,1.2602079825189545,calm,,0,1.0715459074502525,0.10232512701642686
2026-02-02 00:00:00+00:00,0.0,0.0,0.0,1.1304826775109156,0.008623568707616864,1.2585797044177287,calm,,0,1.0715459074502525,0.10232512701642686
2026-02-03 00:00:00+00:00,0.0,0.0,0.0,1.400239254443714,0.008623568707616864,1.2651046357523263,calm,,0,1.0715459074502525,0.10232512701642686
2026-02-04 00:00:00+00:00,0.0,0.0,0.0,0.6235653661438656,0.008623568707616864,1.2494395257744575,calm,,0,1.0715459074502525,0.10232512701642686
2026-02-05 00:00:00+00:00,0.0,0.0,0.0,0.7146386679854174,0.008623568707616864,1.251885830588309,calm,,0,1.0715459074502525,0.10232512701642686
2026-02-06 00:00:00+00:00,0.0,0.0,0.0,1.7958248030732948,0.008623568707616864,1.2750886046300831,calm,,0,1.0715459074502525,0.10232512701642686
2026-02-09 00:00:00+00:00,0.0,0.0,0.0,1.5278740686417502,0.008623568707616864,1.2708275524802355,calm,,0,1.0715459074502525,0.10232512701642686
2026-02-10 00:00:00+00:00,0.0,0.0,0.0,2.940425748767992,0.008623568707616864,1.3020706147222167,calm,,0,1.0715459074502525,0.10232512701642686
2026-02-11 00:00:00+00:00,0.0,0.0,0.0,3.008256482561925,0.008623568707616864,1.3090346268340127,calm,,0,1.0715459074502525,0.10232512701642686
2026-02-12 00:00:00+00:00,0.0,0.0,0.0,3.0116710129394555,0.008623568707616864,1.3149721438768722,calm,,0,1.0715459074502525,0.10232512701642686
2026-02-13 00:00:00+00:00,0.0,0.0,0.0,2.1073188527622286,0.008623568707616864,1.2978643967505885,calm,,0,1.0715459074502525,0.10232512701642686
2026-02-17 00:00:00+00:00,0.0,0.0,0.0,2.332856920336118,0.008623568707616864,1.3065783096483052,calm,,0,1.0715459074502525,0.10232512701642686
