ts_event,equity,returns,exposure,cash_credit,financing,spread
2020-07-01 00:00:00+00:00,1000000.0,0.0,0.0,0.0,0.0,2.0154647111670596
2020-07-02 00:00:00+00:00,1000079.3650793651,7.936507936508861e-05,0.0,79.36507936507937,0.0,2.0196468703550385
2020-07-06 00:00:00+00:00,1000158.736457546,7.936507936509753e-05,0.0,79.37137818090198,0.0,2.013361623118693
2020-07-07 00:00:00+00:00,1000238.1141350426,7.936507936508781e-05,0.0,79.37767749663064,0.0,1.9995431908704306
2020-07-08 00:00:00+00:00,1000317.498112355,7.93650793651362e-05,0.0,79.38397731230498,0.0,1.9743310896435178
2020-07-09 00:00:00+00:00,1000566.3829058363,0.00024880579811008095,0.13332154679901906,68.80584301380087,0.0,1.9824867848472238
2020-07-10 00:00:00+00:00,1000775.0815133281,0.00020858047107848483,0.1332883838762899,68.82559577518828,5.197083992915386,1.985449748574999
2020-07-13 00:00:00+00:00,1002595.8883707324,0.0018193966766747978,0.13326058832000193,68.84215915673524,5.236380742143025,2.014224956765323
2020-07-14 00:00:00+00:00,1001141.7627833188,-0.0014503606131645872,0.13301857476713458,68.98666763748162,5.225929389981969,1.9878892522915703
2020-07-15 00:00:00+00:00,1001165.6881589872,2.389808971901481e-05,0.13321177988589064,68.87126084482975,5.233450785706479,1.9867476265809265
2020-07-16 00:00:00+00:00,1001345.6686143024,0.00017977089850748553,0.1332085964549012,68.87315968416851,5.196704502755603,1.9910170919347903
2020-07-17 00:00:00+00:00,1000206.0539292005,-0.0011380832022561593,0.13318465373003274,68.88744384728876,5.2021891749585185,1.9698766560325889
2020-07-20 00:00:00+00:00,999254.1256867109,-0.0009517321343437512,0.13333640164899876,68.79699823736004,5.207798976007275,1.9526156596254025
2020-07-21 00:00:00+00:00,999173.8693086404,-8.031628392368524e-05,0.13346342307750114,68.721448376845,5.267821599463758,1.947428728042489
2020-07-22 00:00:00+00:00,999605.2050842945,0.00043169241000331164,0.13347414322468484,68.71507882302987,5.344643984205727,1.9497772265644935
2020-07-23 00:00:00+00:00,1001685.493025675,0.0020811095528508955,0.1334165483134091,68.74931182109766,5.423439996860166,1.9783640653411245
2020-07-24 00:00:00+00:00,1001482.3580281409,-0.00020279319102497302,0.0,79.49884865283134,5.469399570885447,1.9676672202793624
2020-07-27 00:00:00+00:00,1001561.8407549685,7.936507936506225e-05,0.0,79.48272682763023,0.0,1.9428806473279865
2020-07-28 00:00:00+00:00,1001641.329789949,7.936507936506184e-05,0.0,79.48903498055306,0.0,1.960362809585789
2020-07-29 00:00:00+00:00,1001720.8251335832,7.936507936511661e-05,0.0,79.49534363412293,0.0,1.9743177881408602
2020-07-30 00:00:00+00:00,1001800.3267863715,7.936507936507061e-05,0.0,79.50165278837962,0.0,1.9960576575121505
2020-07-31 00:00:00+00:00,1001879.8347488149,7.936507936511665e-05,0.0,79.50796244336281,0.0,1.9789151264313225
2020-08-03 00:00:00+00:00,1001959.3490214141,7.936507936509883e-05,0.0,79.5142725991123,0.0,1.9927193271264643
2020-08-04 00:00:00+00:00,1002038.8696046697,7.936507936509369e-05,0.0,79.52058325566779,0.0,1.9743717009912585
2020-08-05 00:00:00+00:00,1002118.3964990828,7.936507936506157e-05,0.0,79.52689441306903,0.0,1.9795278857108531
2020-08-06 00:00:00+00:00,1002197.9297051542,7.936507936507897e-05,0.0,79.53320607135578,0.0,2.000165457352172
2020-08-07 00:00:00+00:00,1001431.542054223,-0.0007647068789661223,0.14198379036195913,68.24619594862762,0.0,2.0146323936501926
2020-08-10 00:00:00+00:00,1001512.3603420052,8.070275838961169e-05,0.1420924494354916,68.18537153188706,0.46567601036333295,2.0149681738247134
2020-08-11 00:00:00+00:00,1001877.339092696,0.00036442760483373535,0.14208098310824005,68.19178568171104,0.33248454046966835,2.028682053018576
2020-08-12 00:00:00+00:00,1001897.1806053456,1.9804333200746774e-05,0.14202922373841667,68.2207522492262,0.3476290973575308,2.0270742602298593
2020-08-13 00:00:00+00:00,1002274.1713422863,0.00037627687175730473,0.14202641100004992,68.22232697245235,0.41796792588507514,2.016453548291378
2020-08-14 00:00:00+00:00,1002790.893588057,0.0005155497971964338,0.14197298984755605,68.25224687220954,0.44432530601926845,2.0102716780842123
2020-08-17 00:00:00+00:00,1004078.6131124296,0.0012841356384530479,0.1418998334172156,68.29325657425484,0.5841843741658205,1.986573599329347
2020-08-18 00:00:00+00:00,1002782.3243085231,-0.0012910232196743144,0.1417178484773809,68.39545653650664,0.5046969622085027,2.0047384373913397
2020-08-19 00:00:00+00:00,1003900.893931834,0.0011154660350462925,0.14190104602269227,68.29257647270452,0.4874965170691167,1.998853647685885
2020-08-20 00:00:00+00:00,1002867.0639341301,-0.0010298128071734708,0.0,79.67467412157413,0.5352188483347858,1.9923063902074407
2020-08-21 00:00:00+00:00,1002946.6565582519,7.936507936513409e-05,0.0,79.59262412175636,0.0,2.0065529831738425
2020-08-24 00:00:00+00:00,1003026.2554992486,7.93650793650787e-05,0.0,79.59894099668666,0.0,2.0041716776102123
2020-08-25 00:00:00+00:00,1003105.8607576216,7.936507936508465e-05,0.0,79.60525837295624,0.0,2.0058035914783456
2020-08-26 00:00:00+00:00,1003185.4723338722,7.936507936511226e-05,0.0,79.61157625060488,0.0,1.9948367091938088
2020-08-27 00:00:00+00:00,1003265.0902285019,7.936507936512184e-05,0.0,79.61789462967239,0.0,2.00507740188362
2020-08-28 00:00:00+00:00,1003344.7144420121,7.936507936507374e-05,0.0,79.62421351019857,0.0,1.9960356890050082
2020-08-31 00:00:00+00:00,1003424.3449749043,7.936507936504436e-05,0.0,79.63053289222319,0.0,1.9918285659681114
2020-09-01 00:00:00+00:00,1003503.9818276801,7.936507936511001e-05,0.0,79.63685277578605,0.0,2.0061118089122494
2020-09-02 00:00:00+00:00,1003583.6250008411,7.936507936511501e-05,0.0,79.64317316092699,0.0,1.9911408872476795
2020-09-03 00:00:00+00:00,1003663.2744948888,7.93650793651357e-05,0.0,79.6494940476858,0.0,1.996938574854398
2020-09-04 00:00:00+00:00,1003742.930310325,7.936507936513242e-05,0.0,79.65581543610229,0.0,2.006464341667304
2020-09-08 00:00:00+00:00,1003822.5924476512,7.93650793650655e-05,0.0,79.66213732621627,0.0,2.0096016390875606
2020-09-09 00:00:00+00:00,1003902.2609073693,7.936507936512726e-05,0.0,79.66845971806755,0.0,1.9801117966641932
2020-09-10 00:00:00+00:00,1003981.935689981,7.936507936504604e-05,0.0,79.67478261169597,0.0,1.9917130620441368
2020-09-11 00:00:00+00:00,1004061.6167959882,7.93650793651301e-05,0.0,79.68110600714135,0.0,2.001992894157118
2020-09-14 00:00:00+00:00,1004141.3042258926,7.936507936510783e-05,0.0,79.6874299044435,0.0,1.9756336346195913
2020-09-15 00:00:00+00:00,1004220.9979801963,7.936507936505553e-05,0.0,79.69375430364228,0.0,1.9724915945341164
2020-09-16 00:00:00+00:00,1004300.698059401,7.936507936504947e-05,0.0,79.70007920477748,0.0,1.9730604992025182
2020-09-17 00:00:00+00:00,1004380.4044640089,7.936507936504996e-05,0.0,79.70640460788897,0.0,1.990418683856488
2020-09-18 00:00:00+00:00,1004460.1171945219,7.936507936513326e-05,0.0,79.71273051301658,0.0,2.00093335139114
2020-09-21 00:00:00+00:00,1004539.8362514421,7.936507936502788e-05,0.0,79.71905692020016,0.0,2.013379416857396
2020-09-22 00:00:00+00:00,1004619.5616352715,7.936507936504185e-05,0.0,79.72538382947953,0.0,2.009353866801444
2020-09-23 00:00:00+00:00,1004699.2933465125,7.936507936513551e-05,0.0,79.73171124089457,0.0,2.04020199523396
2020-09-24 00:00:00+00:00,1004779.0313856669,7.93650793650374e-05,0.0,79.73803915448512,0.0,2.0136755337773313
2020-09-25 00:00:00+00:00,1004858.7757532372,7.936507936505551e-05,0.0,79.74436757029103,0.0,2.018595631457366
2020-09-28 00:00:00+00:00,1004938.5264497255,7.936507936503429e-05,0.0,79.75069648835216,0.0,2.0174143551122325
2020-09-29 00:00:00+00:00,1005018.2834756342,7.93650793650499e-05,0.0,79.75702590870837,0.0,2.014517841910322
2020-09-30 00:00:00+00:00,1005098.0468314656,7.936507936506271e-05,0.0,79.76335583139954,0.0,2.01652980304789
2020-10-01 00:00:00+00:00,1005177.816517722,7.936507936503302e-05,0.0,79.76968625646552,0.0,2.0134558901797677
2020-10-02 00:00:00+00:00,1005257.5925349059,7.9365079365037e-05,0.0,79.7760171839462,0.0,2.029753404427103
2020-10-05 00:00:00+00:00,1005337.3748835197,7.936507936503498e-05,0.0,79.78234861388142,0.0,2.0176481984135446
2020-10-06 00:00:00+00:00,1005417.163564066,7.93650793651031e-05,0.0,79.78868054631108,0.0,2.0333784309213665
2020-10-07 00:00:00+00:00,1005496.9585770473,7.936507936508586e-05,0.0,79.79501298127508,0.0,2.03181930342345
2020-10-08 00:00:00+00:00,1005576.7599229661,7.936507936505943e-05,0.0,79.80134591881328,0.0,2.0236223964404583
2020-10-09 00:00:00+00:00,1005656.5676023251,7.93650793650999e-05,0.0,79.80767935896557,0.0,1.9996514481646703
2020-10-12 00:00:00+00:00,1005736.3816156269,7.936507936505181e-05,0.0,79.81401330177184,0.0,2.002044604188689
2020-10-13 00:00:00+00:00,1005816.2019633742,7.936507936510705e-05,0.0,79.82034774727197,0.0,1.9950722518813282
2020-10-14 00:00:00+00:00,1005896.0286460697,7.936507936511017e-05,0.0,79.82668269550588,0.0,1.9836261775550121
2020-10-15 00:00:00+00:00,1005975.8616642162,7.936507936502152e-05,0.0,79.83301814651347,0.0,1.9982619113154931
2020-10-16 00:00:00+00:00,1006055.7010183164,7.936507936503292e-05,0.0,79.83935410033462,0.0,2.0065073460931164
2020-10-19 00:00:00+00:00,1006135.5467088735,7.936507936510465e-05,0.0,79.84569055700923,0.0,2.017853739047637
2020-10-20 00:00:00+00:00,1006215.39873639,7.936507936508134e-05,0.0,79.85202751657727,0.0,2.017773468435949
2020-10-21 00:00:00+00:00,1006295.2571013691,7.936507936503906e-05,0.0,79.85836497907857,0.0,2.017787348429869
2020-10-22 00:00:00+00:00,1006375.1218043136,7.93650793650538e-05,0.0,79.8647029445531,0.0,2.0245219068324136
2020-10-23 00:00:00+00:00,1006454.9928457267,7.936507936508591e-05,0.0,79.87104141304076,0.0,2.0292989237526724
2020-10-26 00:00:00+00:00,1006534.8702261113,7.936507936509571e-05,0.0,79.87738038458149,0.0,2.0422191680663317
2020-10-27 00:00:00+00:00,1007314.4728434565,0.000774541091825415,0.17778812723103626,65.68134290919657,0.0,2.0316493673123914
2020-10-28 00:00:00+00:00,1004610.9202285563,-0.002683921146559793,0.1776505295958797,65.74321613279541,0.5218094557470083,2.0687037270145394
2020-10-29 00:00:00+00:00,1005951.3028802874,0.0013342306207722611,0.17812861274643724,65.52864846494617,0.6018640111243214,2.054820988423226
2020-10-30 00:00:00+00:00,1006447.3320271375,0.0004930945915869436,0.17789126477380812,65.63502804048039,0.6610275700610968,2.047501938330532
2020-11-02 00:00:00+00:00,1007768.1014342206,0.0013123085183432478,0.17780359078482738,65.67439543308754,0.7860315749911586,2.030610595845431
2020-11-03 00:00:00+00:00,1008753.2956882995,0.0009776001568980086,0.17757056342184188,65.77921840190366,0.8908298741844847,2.017754330939982
2020-11-04 00:00:00+00:00,1007189.879029422,-0.00154985036040031,0.1773971399499935,65.85740842206866,0.7462696705522418,2.0377261188679014
2020-11-05 00:00:00+00:00,1009909.6480520214,0.0027003538054019656,0.17767250574705884,65.73332773485615,1.0344945385494224,2.002417081445892
2020-11-06 00:00:00+00:00,1009834.2283926175,-7.467961074470924e-05,0.0,80.15155936920804,1.0492672466125177,2.001374657711942
2020-11-09 00:00:00+00:00,1009914.3739662995,7.936507936504483e-05,0.0,80.14557368195378,0.0,2.015866062480732
2020-11-10 00:00:00+00:00,1009994.5259007412,7.936507936507076e-05,0.0,80.1519344417698,0.0,2.0400779476785083
2020-11-11 00:00:00+00:00,1010074.6841964476,7.936507936505177e-05,0.0,80.15829570640804,0.0,2.04766832231288
2020-11-12 00:00:00+00:00,1010154.8488539235,7.936507936506344e-05,0.0,80.16465747590854,0.0,2.044489880879999
2020-11-13 00:00:00+00:00,1010235.0198736738,7.936507936506611e-05,0.0,80.17101975031139,0.0,2.0411862030948393
2020-11-16 00:00:00+00:00,1010315.1972562035,7.936507936513535e-05,0.0,80.17738252965665,0.0,2.0455091474438385
2020-11-17 00:00:00+00:00,1010395.3810020175,7.936507936511625e-05,0.0,80.1837458139844,0.0,2.060390950262058
2020-11-18 00:00:00+00:00,1008354.1990258415,-0.0020201814206154884,0.19717909469080605,64.37829638859267,0.0,2.081535934627307
2020-11-19 00:00:00+00:00,1008167.1607234089,-0.0001854886929744773,0.19757823857749826,64.2162978190549,0.5811565924910376,2.085668929416537
2020-11-20 00:00:00+00:00,1008585.4200440184,0.000414871002452989,0.19761489390588116,64.20145350933802,0.6244083633425865,2.0805421135919286
2020-11-23 00:00:00+00:00,1007393.0260022864,-0.0011822439805644121,0.19753294321571177,64.23464869351336,0.45983598459064035,2.1000829176287494
2020-11-24 00:00:00+00:00,1007139.7635008871,-0.0002514038660802589,0.1977667517675447,64.14001424575686,0.3802218191515818,2.1087770735669182
2020-11-25 00:00:00+00:00,1008641.8693143033,0.0014914571620077471,0.19781648359629522,64.11991404723311,0.4903451174418494,2.092320024857769
2020-11-27 00:00:00+00:00,1010449.4505389121,0.0017920941808985684,0.1975218881615434,64.23912879432963,0.5900392766292266,2.075472142047697
2020-11-30 00:00:00+00:00,1012128.0964064491,0.001661286338115896,0.19716854356196975,64.38258762167953,0.6988542980219523,2.0585377912430447
2020-12-01 00:00:00+00:00,1011718.1463626876,-0.00040503770739795116,0.0,80.32762669892453,0.8244937918444868,2.0452674570302163
2020-12-02 00:00:00+00:00,1011798.4414536688,7.936507936509061e-05,0.0,80.29509098116569,0.0,2.056336825660472
2020-12-03 00:00:00+00:00,1011878.7429172762,7.936507936511082e-05,0.0,80.30146360743403,0.0,2.07350638119592
2020-12-04 00:00:00+00:00,1011959.0507540157,7.936507936507584e-05,0.0,80.30783673946637,0.0,2.0781128662473214
2020-12-07 00:00:00+00:00,1012039.364964393,7.936507936506108e-05,0.0,80.31421037730283,0.0,2.0607672090863884
2020-12-08 00:00:00+00:00,1012119.6855489139,7.936507936502685e-05,0.0,80.32058452098357,0.0,2.069080990171851
2020-12-09 00:00:00+00:00,1012200.0125080844,7.936507936504853e-05,0.0,80.32695917054872,0.0,2.0746864667760074
2020-12-10 00:00:00+00:00,1012280.3458424105,7.936507936508643e-05,0.0,80.33333432603844,0.0,2.078279045938727
2020-12-11 00:00:00+00:00,1012360.685552398,7.936507936510086e-05,0.0,80.3397099874929,0.0,2.084534109426585
2020-12-14 00:00:00+00:00,1012441.0316385529,7.936507936505219e-05,0.0,80.34608615495222,0.0,2.094999618667717
2020-12-15 00:00:00+00:00,1012521.3841013814,7.936507936513073e-05,0.0,80.35246282845658,0.0,2.082980817953213
2020-12-16 00:00:00+00:00,1012601.7429413894,7.936507936506682e-05,0.0,80.35884000804614,0.0,2.072358471299275
2020-12-17 00:00:00+00:00,1012682.1081590832,7.936507936505078e-05,0.0,80.36521769376107,0.0,2.053985069673861
2020-12-18 00:00:00+00:00,1012762.4797549688,7.936507936504292e-05,0.0,80.37159588564153,0.0,2.0695600490789174
2020-12-21 00:00:00+00:00,1012842.8577295525,7.936507936511855e-05,0.0,80.37797458372768,0.0,2.0724265083408504
2020-12-22 00:00:00+00:00,1012923.2420833407,7.936507936512299e-05,0.0,80.38435378805973,0.0,2.0892362780989444
2020-12-23 00:00:00+00:00,1013003.6328168394,7.936507936513156e-05,0.0,80.39073349867783,0.0,2.078642963753218
2020-12-24 00:00:00+00:00,1013084.029930555,7.936507936510459e-05,0.0,80.39711371562217,0.0,2.079892221339782
2020-12-28 00:00:00+00:00,1013164.433424994,7.936507936511733e-05,0.0,80.40349443893294,0.0,2.087711847024216
2020-12-29 00:00:00+00:00,1013244.8433006627,7.936507936513009e-05,0.0,80.40987566865032,0.0,2.0912549954101314
2020-12-30 00:00:00+00:00,1013325.2595580675,7.936507936510323e-05,0.0,80.4162574048145,0.0,2.076817165042989
2020-12-31 00:00:00+00:00,1013405.682197715,7.936507936511199e-05,0.0,80.42263964746567,0.0,2.0929789175071245
2021-01-04 00:00:00+00:00,1013486.1112201117,7.936507936511665e-05,0.0,80.42902239664404,0.0,2.055352136708515
2021-01-05 00:00:00+00:00,1013566.5466257641,7.936507936507756e-05,0.0,80.43540565238982,0.0,2.062398324997503
2021-01-06 00:00:00+00:00,1013646.9884151788,7.936507936506996e-05,0.0,80.44178941474318,0.0,2.0475817068688897
2021-01-07 00:00:00+00:00,1013727.4365888626,7.936507936505413e-05,0.0,80.44817368374436,0.0,2.047455869151199
2021-01-08 00:00:00+00:00,1013807.891147322,7.936507936510528e-05,0.0,80.45455845943354,0.0,2.0561855154589574
2021-01-11 00:00:00+00:00,1013888.3520910639,7.936507936506886e-05,0.0,80.46094374185095,0.0,2.0691332059816383
2021-01-12 00:00:00+00:00,1013968.819420595,7.93650793651349e-05,0.0,80.46732953103681,0.0,2.0715641292919207
2021-01-13 00:00:00+00:00,1014049.2931364219,7.936507936503407e-05,0.0,80.47371582703134,0.0,2.0728246553876546
2021-01-14 00:00:00+00:00,1014129.7732390518,7.936507936507118e-05,0.0,80.48010262987475,0.0,2.0738710579665116
2021-01-15 00:00:00+00:00,1014210.2597289914,7.93650793650917e-05,0.0,80.48648993960728,0.0,2.090291356166907
2021-01-19 00:00:00+00:00,1014290.7526067477,7.936507936505597e-05,0.0,80.49287775626917,0.0,2.0876238535916936
2021-01-20 00:00:00+00:00,1014371.2518728275,7.936507936503914e-05,0.0,80.49926607990061,0.0,2.073133014447681
2021-01-21 00:00:00+00:00,1014451.7575277381,7.93650793651163e-05,0.0,80.50565491054186,0.0,2.0845375057382167
2021-01-22 00:00:00+00:00,1014532.2695719864,7.936507936513298e-05,0.0,80.51204424823318,0.0,2.086929524653809
2021-01-25 00:00:00+00:00,1014612.7880060794,7.936507936504954e-05,0.0,80.51843409301479,0.0,2.089635786816382
2021-01-26 00:00:00+00:00,1014693.3128305243,7.936507936505584e-05,0.0,80.52482444492694,0.0,2.0873066516359082
2021-01-27 00:00:00+00:00,1014773.8440458283,7.936507936511216e-05,0.0,80.53121530400986,0.0,2.1137882355482254
2021-01-28 00:00:00+00:00,1014854.3816524986,7.936507936506412e-05,0.0,80.53760667030383,0.0,2.099705104574725
2021-01-29 00:00:00+00:00,1014934.9256510425,7.936507936510151e-05,0.0,80.5439985438491,0.0,2.1007298142854465
2021-02-01 00:00:00+00:00,1015015.4760419672,7.936507936506992e-05,0.0,80.55039092468591,0.0,2.0749486822821726
2021-02-02 00:00:00+00:00,1015096.03282578,7.93650793650444e-05,0.0,80.55678381285453,0.0,2.091493545556661
2021-02-03 00:00:00+00:00,1015176.5960029884,7.936507936509998e-05,0.0,80.56317720839523,0.0,2.091143544332249
2021-02-04 00:00:00+00:00,1015257.1655740998,7.936507936508229e-05,0.0,80.56957111134828,0.0,2.090455592710457
2021-02-05 00:00:00+00:00,1015337.7415396215,7.936507936506634e-05,0.0,80.57596552175394,0.0,2.0798101630437453
2021-02-08 00:00:00+00:00,1015418.3239000612,7.936507936512714e-05,0.0,80.5823604396525,0.0,2.0743028089143984
2021-02-09 00:00:00+00:00,1015498.9126559263,7.936507936511033e-05,0.0,80.58875586508422,0.0,2.0792388815179548
2021-02-10 00:00:00+00:00,1015579.5078077244,7.936507936509094e-05,0.0,80.59515179808939,0.0,2.079715527129573
2021-02-11 00:00:00+00:00,1015660.1093559631,7.936507936502927e-05,0.0,80.60154823870829,0.0,2.0824618940387185
2021-02-12 00:00:00+00:00,1015740.7173011501,7.936507936511494e-05,0.0,80.6079451869812,0.0,2.0825185225713567
2021-02-16 00:00:00+00:00,1015821.331643793,7.936507936507899e-05,0.0,80.61434264294842,0.0,2.07887968294276
2021-02-17 00:00:00+00:00,1015901.9523843997,7.9365079365111e-05,0.0,80.62074060665024,0.0,2.096124073397836
2021-02-18 00:00:00+00:00,1015982.5795234778,7.93650793650567e-05,0.0,80.62713907812696,0.0,2.099922412153164
2021-02-19 00:00:00+00:00,1016063.2130615353,7.936507936510562e-05,0.0,80.63353805741887,0.0,2.1116276123875712
2021-02-22 00:00:00+00:00,1016143.8529990799,7.936507936510347e-05,0.0,80.6399375445663,0.0,2.090825979104029
2021-02-23 00:00:00+00:00,1016224.4993366195,7.93650793651252e-05,0.0,80.64633753960952,0.0,2.1077166374440637
2021-02-24 00:00:00+00:00,1016305.1520746622,7.936507936513111e-05,0.0,80.65273804258885,0.0,2.0977502484273227
2021-02-25 00:00:00+00:00,1016385.8112137157,7.936507936508153e-05,0.0,80.65913905354462,0.0,2.1145783709229344
2021-02-26 00:00:00+00:00,1016466.4767542882,7.936507936505138e-05,0.0,80.66554057251712,0.0,2.124848353795142
2021-03-01 00:00:00+00:00,1016547.1486968878,7.936507936511551e-05,0.0,80.67194259954668,0.0,2.128251505170358
2021-03-02 00:00:00+00:00,1016627.8270420225,7.936507936511968e-05,0.0,80.67834513467363,0.0,2.1004522296986474
2021-03-03 00:00:00+00:00,1016708.5117902004,7.936507936502427e-05,0.0,80.68474817793829,0.0,2.1150333559608283
2021-03-04 00:00:00+00:00,1016789.2029419298,7.936507936513314e-05,0.0,80.69115172938098,0.0,2.0959228851984846
2021-03-05 00:00:00+00:00,1016869.9004977188,7.936507936506309e-05,0.0,80.69755578904204,0.0,2.0914288848597686
2021-03-08 00:00:00+00:00,1016950.6044580758,7.936507936511795e-05,0.0,80.70396035696182,0.0,2.0901941443794834
2021-03-09 00:00:00+00:00,1017031.314823509,7.936507936502907e-05,0.0,80.71036543318063,0.0,2.08285367948347
2021-03-10 00:00:00+00:00,1017112.0315945267,7.936507936510024e-05,0.0,80.71677101773881,0.0,2.0868251718087287
2021-03-11 00:00:00+00:00,1017192.7547716374,7.936507936506282e-05,0.0,80.72317711067673,0.0,2.07003613559273
2021-03-12 00:00:00+00:00,1016065.5430222179,-0.001108159435988625,0.24613539693391645,60.85917558076322,0.0,2.0681914880884262
2021-03-15 00:00:00+00:00,1014974.6300545133,-0.0010736639729556612,0.24640845679041615,60.769714330809286,9.884928782206678,2.057956586240086
2021-03-16 00:00:00+00:00,1015486.6955092672,0.0005045105952316382,0.2466733010268187,60.683133936547016,9.893527391844737,2.0617480734465206
2021-03-17 00:00:00+00:00,1014447.4487343866,-0.0010233977259144513,0.24654891448721702,60.72377405200367,9.958275638452792,2.050711725087499
2021-03-18 00:00:00+00:00,1015468.7210665232,0.0010067276855107317,0.24680149057142012,60.64129414923537,9.90832125458136,2.0603165189968733
2021-03-19 00:00:00+00:00,1015593.3341728213,0.00012271486429158478,0.2465532785599404,60.722347508928756,9.96460184353516,2.0594915089888937
2021-03-22 00:00:00+00:00,1016651.1217481676,0.0010415463943625096,0.24652302652019623,60.73223743800003,9.953021898695987,2.0685573753946422
2021-03-23 00:00:00+00:00,1018304.7312491692,0.0016265260182452934,0.24626652850537928,60.816188832868775,9.923362360649953,2.0836847818372424
2021-03-24 00:00:00+00:00,1019580.8252458733,0.0012531553252617096,0.24586662005084853,60.947427682154625,9.986982480600673,2.092841101284995
2021-03-25 00:00:00+00:00,1018535.214144869,-0.0010255303700441253,0.0,80.91911311475185,9.952878273550395,2.0930031788204713
2021-03-26 00:00:00+00:00,1018616.0502729757,7.936507936503457e-05,0.0,80.83612810673563,0.0,2.081780051751586
2021-03-29 00:00:00+00:00,1018696.8928166481,7.936507936504268e-05,0.0,80.84254367245839,0.0,2.0666672396838064
2021-03-30 00:00:00+00:00,1018777.7417763955,7.936507936507899e-05,0.0,80.84895974735302,0.0,2.078277088400083
2021-03-31 00:00:00+00:00,1018858.597152727,7.936507936510383e-05,0.0,80.85537633145996,0.0,2.074920313915989
2021-04-01 00:00:00+00:00,1018939.4589461518,7.936507936507754e-05,0.0,80.8617934248196,0.0,2.0581611466687795
2021-04-05 00:00:00+00:00,1019020.3271571792,7.936507936507472e-05,0.0,80.86821102747237,0.0,2.055001663645846
2021-04-06 00:00:00+00:00,1019101.2017863187,7.936507936505569e-05,0.0,80.87462913945868,0.0,2.0459581770871496
2021-04-07 00:00:00+00:00,1019182.0828340795,7.936507936509505e-05,0.0,80.88104776081894,0.0,2.0523628162371335
2021-04-08 00:00:00+00:00,1019262.9703009711,7.936507936503886e-05,0.0,80.88746689159362,0.0,2.0445484401443985
2021-04-09 00:00:00+00:00,1019343.8641875029,7.936507936507592e-05,0.0,80.8938865318231,0.0,2.0333672597438173
2021-04-12 00:00:00+00:00,1019424.7644941844,7.936507936505234e-05,0.0,80.90030668154785,0.0,2.0487716926802517
2021-04-13 00:00:00+00:00,1019505.6712215252,7.936507936504268e-05,0.0,80.90672734080829,0.0,2.0421698523657956
2021-04-14 00:00:00+00:00,1019586.5843700349,7.936507936512143e-05,0.0,80.91314850964486,0.0,2.043912519695951
2021-04-15 00:00:00+00:00,1019667.503940223,7.936507936513474e-05,0.0,80.919570188098,0.0,2.032491031414852
2021-04-16 00:00:00+00:00,1019748.4299325992,7.936507936504296e-05,0.0,80.92599237620817,0.0,2.0240934088483957
2021-04-19 00:00:00+00:00,1019829.3623476732,7.936507936503476e-05,0.0,80.93241507401581,0.0,2.027148159061068
2021-04-20 00:00:00+00:00,1019910.3011859547,7.936507936507049e-05,0.0,80.93883828156136,0.0,2.020395343827066
2021-04-21 00:00:00+00:00,1019991.2464479536,7.936507936511043e-05,0.0,80.9452619988853,0.0,2.015842602611372
2021-04-22 00:00:00+00:00,1020072.1981341797,7.936507936511493e-05,0.0,80.95168622602806,0.0,2.0251238419269484
2021-04-23 00:00:00+00:00,1020153.1562451427,7.936507936504433e-05,0.0,80.95811096303014,0.0,2.019910289452794
2021-04-26 00:00:00+00:00,1020234.1207813526,7.936507936508723e-05,0.0,80.96453620993196,0.0,2.0290100814200396
2021-04-27 00:00:00+00:00,1020315.0917433194,7.93650793650898e-05,0.0,80.97096196677401,0.0,2.044123003630973
2021-04-28 00:00:00+00:00,1020396.069131553,7.936507936512651e-05,0.0,80.97738823359678,0.0,2.039684352316213
2021-04-29 00:00:00+00:00,1020477.0529465635,7.936507936504359e-05,0.0,80.98381501044072,0.0,2.0550347916562424
2021-04-30 00:00:00+00:00,1020558.0431888608,7.936507936502956e-05,0.0,80.99024229734631,0.0,2.0606066687712272
2021-05-03 00:00:00+00:00,1020639.0398589551,7.936507936504474e-05,0.0,80.99667009435403,0.0,2.0407614217220122
2021-05-04 00:00:00+00:00,1020720.0429573565,7.936507936504944e-05,0.0,81.00309840150437,0.0,2.0431270291382275
2021-05-05 00:00:00+00:00,1020801.0524845754,7.936507936511808e-05,0.0,81.00952721883782,0.0,2.0374848417441314
2021-05-06 00:00:00+00:00,1020882.0684411218,7.93650793650969e-05,0.0,81.01595654639488,0.0,2.0265590480989006
2021-05-07 00:00:00+00:00,1020963.090827506,7.936507936506032e-05,0.0,81.02238638421602,0.0,2.0226776625156067
2021-05-10 00:00:00+00:00,1021044.1196442384,7.93650793650827e-05,0.0,81.02881673234175,0.0,2.0269146824716016
2021-05-11 00:00:00+00:00,1021125.1548918292,7.936507936512433e-05,0.0,81.03524759081257,0.0,2.018803915470233
2021-05-12 00:00:00+00:00,1021206.1965707889,7.936507936503158e-05,0.0,81.04167895966899,0.0,2.0263336521441935
2021-05-13 00:00:00+00:00,1021287.2446816278,7.936507936510677e-05,0.0,81.0481108389515,0.0,2.0301452621552905
2021-05-14 00:00:00+00:00,1021368.2992248565,7.936507936508224e-05,0.0,81.05454322870062,0.0,2.0204941936431444
2021-05-17 00:00:00+00:00,1021449.3602009855,7.936507936503231e-05,0.0,81.06097612895687,0.0,1.993456458345749
2021-05-18 00:00:00+00:00,1021530.4276105252,7.936507936503131e-05,0.0,81.06740953976075,0.0,1.9946451688124163
2021-05-19 00:00:00+00:00,1021611.5014539863,7.936507936503955e-05,0.0,81.07384346115279,0.0,2.0043702273207633
2021-05-20 00:00:00+00:00,1021692.5817318795,7.936507936513133e-05,0.0,81.08027789317352,0.0,1.998509344430265
2021-05-21 00:00:00+00:00,1021773.6684447153,7.936507936503905e-05,0.0,81.08671283586345,0.0,2.0068076788639337
2021-05-24 00:00:00+00:00,1021854.7615930046,7.93650793650649e-05,0.0,81.09314828926313,0.0,2.004154298277427
2021-05-25 00:00:00+00:00,1021935.861177258,7.936507936505528e-05,0.0,81.09958425341306,0.0,2.0089342739214135
2021-05-26 00:00:00+00:00,1022016.9671979863,7.936507936508445e-05,0.0,81.10602072835381,0.0,2.0105954291817305
2021-05-27 00:00:00+00:00,1022098.0796557005,7.93650793651127e-05,0.0,81.1124577141259,0.0,2.01708327479808
2021-05-28 00:00:00+00:00,1022179.1985509113,7.93650793651004e-05,0.0,81.11889521076988,0.0,2.015544347221763
2021-06-01 00:00:00+00:00,1022260.3238841296,7.936507936512177e-05,0.0,81.12533321832629,0.0,2.010903741757729
2021-06-02 00:00:00+00:00,1022341.4556558664,7.936507936502324e-05,0.0,81.13177173683569,0.0,2.014694521714203
2021-06-03 00:00:00+00:00,1022422.5938666328,7.936507936510684e-05,0.0,81.1382107663386,0.0,2.027008350715185
2021-06-04 00:00:00+00:00,1022503.7385169397,7.936507936510506e-05,0.0,81.14465030687562,0.0,2.026333217417785
2021-06-07 00:00:00+00:00,1022584.8896072982,7.936507936509217e-05,0.0,81.15109035848728,0.0,2.0288221813312566
2021-06-08 00:00:00+00:00,1022666.0471382194,7.936507936502848e-05,0.0,81.15753092121415,0.0,2.039483072726352
2021-06-09 00:00:00+00:00,1022747.2111102145,7.936507936510201e-05,0.0,81.16397199509677,0.0,2.039264842001431
2021-06-10 00:00:00+00:00,1022828.3815237946,7.936507936504542e-05,0.0,81.17041358017575,0.0,2.0224907944645194
2021-06-11 00:00:00+00:00,1022909.5583794711,7.936507936504669e-05,0.0,81.17685567649164,0.0,2.025455656055568
2021-06-14 00:00:00+00:00,1022990.7416777551,7.936507936506616e-05,0.0,81.18329828408501,0.0,2.0259624123187154
2021-06-15 00:00:00+00:00,1023071.9314191581,7.936507936506415e-05,0.0,81.18974140299645,0.0,2.030770241168849
2021-06-16 00:00:00+00:00,1023153.1276041914,7.936507936511478e-05,0.0,81.19618503326652,0.0,2.0346681748100073
2021-06-17 00:00:00+00:00,1023234.3302333663,7.93650793650646e-05,0.0,81.20262917493582,0.0,2.0479467430382465
2021-06-18 00:00:00+00:00,1023315.5393071944,7.936507936510154e-05,0.0,81.20907382804495,0.0,2.067478419327295
2021-06-21 00:00:00+00:00,1023396.754826187,7.93650793650721e-05,0.0,81.21551899263447,0.0,2.0562070686648166
2021-06-22 00:00:00+00:00,1023477.9767908558,7.936507936505042e-05,0.0,81.221964668745,0.0,2.0598789809596925
2021-06-23 00:00:00+00:00,1023559.2052017122,7.936507936511055e-05,0.0,81.22841085641713,0.0,2.0628468500538983
2021-06-24 00:00:00+00:00,1023640.4400592679,7.93650793650991e-05,0.0,81.23485755569145,0.0,2.0600632501223153
2021-06-25 00:00:00+00:00,1023721.6813640345,7.936507936509013e-05,0.0,81.24130476660856,0.0,2.0654290463543172
2021-06-28 00:00:00+00:00,1023802.9291165237,7.936507936504397e-05,0.0,81.24775248920909,0.0,2.0736859101905076
2021-06-29 00:00:00+00:00,1023968.0952369926,0.00016132608705407732,0.21016749754791966,64.1772086922122,0.0,2.0730240070986397
2021-06-30 00:00:00+00:00,1024659.6835343707,0.0006754002401003428,0.2101335975168737,64.19031711447164,0.9222001953317489,2.0658254228162973
2021-07-01 00:00:00+00:00,1023884.1430597446,-0.0007568761483335017,0.20999176902565467,64.24520507458101,0.873229718636169,2.072951140089145
2021-07-02 00:00:00+00:00,1024226.3071490013,0.00033418242833036936,0.21015082717429542,64.18365424326149,0.9217796297528396,2.068591255484536
2021-07-06 00:00:00+00:00,1023551.8116315341,-0.0006585414890822807,0.21008062192191643,64.21081012336121,0.8825441344232137,2.074554929792425
2021-07-07 00:00:00+00:00,1023621.0552883673,6.765036810673667e-05,0.21021905989465292,64.15727873308605,0.9008737712385175,2.0733884934760995
2021-07-08 00:00:00+00:00,1021214.6379533048,-0.0023508869054912136,0.21020483945988563,64.16277426140614,0.7053411274742962,2.0975110827448504
2021-07-09 00:00:00+00:00,1022778.6204534381,0.0015314924424387763,0.21070017173460126,63.9717887586234,0.836685081096108,2.0819634686416353
2021-07-12 00:00:00+00:00,1021871.4651945371,-0.0008869517222592024,0.21037797944901954,64.09591435387209,0.7511009092095131,2.0920170966942737
2021-07-13 00:00:00+00:00,1022839.4070016191,0.0009472246168433415,0.2105647402079941,64.02391790475295,0.8253517445077423,2.082997647402009
2021-07-14 00:00:00+00:00,1023011.64531167,0.00016839232911041444,0.21036547684978799,64.10073868309279,0.8772946643431516,2.079191879132229
2021-07-15 00:00:00+00:00,1023564.8691749461,0.0005407796341433885,0.21033005888129103,64.11440839023969,0.9252358263196934,2.0739646125473103
2021-07-16 00:00:00+00:00,1022023.0009081562,-0.001506370835131122,0.2102163781452267,64.15831504605525,0.7528301299478697,2.0923488753215986
2021-07-19 00:00:00+00:00,1020061.2353279791,-0.0019194925930569814,0.21053351969911896,64.03594454869096,0.5940560314061463,2.1123239495574984
2021-07-20 00:00:00+00:00,1020338.9009551022,0.00027220486134228207,0.21093841442319547,63.88024886772453,0.6108270216357918,2.110191104998167
2021-07-21 00:00:00+00:00,1021731.9101588842,0.0013652416883038832,0.2108810115866768,63.90228582225811,0.6987572781135709,2.0982007448137003
2021-07-22 00:00:00+00:00,1020947.2655174927,-0.0007679555014285182,0.21059350056042586,64.01284210827257,0.6419714692614691,2.1058931183784373
2021-07-23 00:00:00+00:00,1020720.8901714473,-0.0002217306943180998,0.21075535129190598,63.950568724035136,0.6035689903769652,2.1099416066455086
2021-07-26 00:00:00+00:00,1022195.5541203353,0.0014447279007293212,0.21080209258625884,63.93260242672994,0.7060491482063131,2.0964964418570995
2021-07-27 00:00:00+00:00,1021143.4403665811,-0.0010292685675585736,0.0,81.12663127939169,0.7365054294183508,2.092849419095257
2021-07-28 00:00:00+00:00,1021224.4834967689,7.93650793650397e-05,0.0,81.04313018782389,0.0,2.0860211387575798
2021-07-29 00:00:00+00:00,1021305.5330589511,7.936507936507369e-05,0.0,81.04956218228324,0.0,2.0760336859882984
2021-07-30 00:00:00+00:00,1021386.5890536384,7.936507936511299e-05,0.0,81.05599468721834,0.0,2.0722627478758073
2021-08-02 00:00:00+00:00,1021467.6514813411,7.936507936511792e-05,0.0,81.06242770266971,0.0,2.0710486410247047
2021-08-03 00:00:00+00:00,1021548.7203425698,7.936507936504886e-05,0.0,81.06886122867786,0.0,2.0651064609202576
2021-08-04 00:00:00+00:00,1021629.795637835,7.936507936509407e-05,0.0,81.07529526528332,0.0,2.074469646475019
2021-08-05 00:00:00+00:00,1021710.8773676476,7.93650793650999e-05,0.0,81.08172981252659,0.0,2.08009800431682
2021-08-06 00:00:00+00:00,1021791.965532518,7.936507936502669e-05,0.0,81.08816487044822,0.0,2.084954962270718
2021-08-09 00:00:00+00:00,1021873.0601329571,7.936507936506265e-05,0.0,81.09460043908872,0.0,2.0853695101516023
2021-08-10 00:00:00+00:00,1021954.1611694755,7.93650793650542e-05,0.0,81.10103651848866,0.0,2.096973346433211
2021-08-11 00:00:00+00:00,1022035.2686425842,7.936507936507556e-05,0.0,81.10747310868854,0.0,2.0953941798851354
2021-08-12 00:00:00+00:00,1022116.382552794,7.936507936508708e-05,0.0,81.1139102097289,0.0,2.108134649239785
2021-08-13 00:00:00+00:00,1022197.5029006156,7.936507936504909e-05,0.0,81.12034782165031,0.0,2.1063350630270183
2021-08-16 00:00:00+00:00,1022278.62968656,7.936507936503582e-05,0.0,81.12678594449329,0.0,2.1146393154863197
2021-08-17 00:00:00+00:00,1022359.7629111384,7.936507936512149e-05,0.0,81.13322457829841,0.0,2.1237000123908536
2021-08-18 00:00:00+00:00,1022440.9025748614,7.936507936503864e-05,0.0,81.13966372310622,0.0,2.1439767634459144
2021-08-19 00:00:00+00:00,1020640.6834619362,-0.0017607072529978547,0.2370338021052644,61.911733969016176,0.0,2.157682306405842
2021-08-20 00:00:00+00:00,1020644.6368416895,3.873429520631103e-06,0.2374518853620594,61.768859436244334,0.8388100368889035,2.1576499007619403
2021-08-23 00:00:00+00:00,1022834.9461165451,0.0021460057651734735,0.2374509656124795,61.76917319654221,1.0626940651323478,2.1359644464347025
2021-08-24 00:00:00+00:00,1022872.7989834058,3.7007795836861824e-05,0.2369424856722124,61.9430072659752,1.0526355017256002,2.136600782304434
2021-08-25 00:00:00+00:00,1022471.9381354281,-0.0003918970651835583,0.2369337172775765,61.94601146175779,0.9888236496572835,2.1420685961297674
2021-08-26 00:00:00+00:00,1021715.497203926,-0.0007398158358082544,0.23702660730935146,61.91419710874369,0.9299841108569575,2.1488429293660447
2021-08-27 00:00:00+00:00,1023378.3758902198,0.0016275359342640433,0.23720209317416857,61.854162114180035,1.1207853031782922,2.131631591640598
2021-08-30 00:00:00+00:00,1022524.6319526044,-0.0008342407439210976,0.23681666554116773,61.986136613092235,1.028437479178218,2.1404392872051874
2021-08-31 00:00:00+00:00,1023591.677261735,0.0010435399557005755,0.237014392604374,61.918379157725944,1.1181744297518996,2.1313650205834116
2021-09-01 00:00:00+00:00,1023325.818318107,-0.00025973144324417327,0.236767316449455,62.003065293371215,1.088673622394091,2.13431518150452
2021-09-02 00:00:00+00:00,1024074.1527590627,0.000731276810923806,0.23682882834284233,61.98196537721027,1.1333597622762301,2.129003838481974
2021-09-03 00:00:00+00:00,1024942.7243708874,0.0008481530458361544,0.23665576746792166,62.04135699950833,1.2484963649844243,2.1197633658910338
2021-09-07 00:00:00+00:00,1023980.4021288133,-0.0009389034325452088,0.0,81.34466066435614,1.1602965348983318,2.1240941462844662
2021-09-08 00:00:00+00:00,1024061.6704146966,7.936507936508149e-05,0.0,81.26828588323916,0.0,2.1274895541267496
2021-09-09 00:00:00+00:00,1024142.9451504438,7.936507936513436e-05,0.0,81.27473574719814,0.0,2.136685113925375
2021-09-10 00:00:00+00:00,1024224.2263365668,7.936507936505811e-05,0.0,81.2811861230511,0.0,2.14449847956961
2021-09-13 00:00:00+00:00,1024305.5139735776,7.936507936504046e-05,0.0,81.28763701083864,0.0,2.1314549548874986
2021-09-14 00:00:00+00:00,1024386.8080619882,7.936507936504172e-05,0.0,81.2940884106014,0.0,2.1317476315646147
2021-09-15 00:00:00+00:00,1024468.1086023106,7.936507936513585e-05,0.0,81.30054032238002,0.0,2.126843517614123
2021-09-16 00:00:00+00:00,1024549.4155950568,7.93650793650559e-05,0.0,81.30699274621513,0.0,2.141064513582436
2021-09-17 00:00:00+00:00,1024630.729040739,7.936507936510315e-05,0.0,81.31344568214737,0.0,2.1514601120721975
2021-09-20 00:00:00+00:00,1024712.0489398693,7.936507936512424e-05,0.0,81.31989913021738,0.0,2.1607437764251607
2021-09-21 00:00:00+00:00,1024793.3752929597,7.936507936507954e-05,0.0,81.32635309046582,0.0,2.1668077534061374
2021-09-22 00:00:00+00:00,1024874.7081005226,7.9365079365043e-05,0.0,81.33280756293331,0.0,2.162075656994973
2021-09-23 00:00:00+00:00,1024956.0473630703,7.936507936508854e-05,0.0,81.33926254766052,0.0,2.1661456768692315
2021-09-24 00:00:00+00:00,1025037.393081115,7.936507936506289e-05,0.0,81.34571804468811,0.0,2.173156792102444
2021-09-27 00:00:00+00:00,1025118.745255169,7.936507936503997e-05,0.0,81.35217405405675,0.0,2.1737520873096328
2021-09-28 00:00:00+00:00,1025200.1038857448,7.936507936509368e-05,0.0,81.35863057580707,0.0,2.173373083361209
2021-09-29 00:00:00+00:00,1025281.4689733548,7.936507936507077e-05,0.0,81.36508760997975,0.0,2.1833476047468676
2021-09-30 00:00:00+00:00,1025362.8405185114,7.936507936504517e-05,0.0,81.37154515661545,0.0,2.180548394903228
2021-10-01 00:00:00+00:00,1025444.2185217271,7.936507936509072e-05,0.0,81.37800321575487,0.0,2.1903042357100166
2021-10-04 00:00:00+00:00,1025525.6029835145,7.936507936505421e-05,0.0,81.38446178743867,0.0,2.183679560012612
2021-10-05 00:00:00+00:00,1025606.9939043863,7.936507936512306e-05,0.0,81.39092087170751,0.0,2.1781996713617056
2021-10-06 00:00:00+00:00,1025688.3912848548,7.936507936503054e-05,0.0,81.3973804686021,0.0,2.1629348524844465
2021-10-07 00:00:00+00:00,1025769.795125433,7.936507936507751e-05,0.0,81.40384057816308,0.0,2.157178536604557
2021-10-08 00:00:00+00:00,1025851.2054266335,7.936507936511081e-05,0.0,81.41030120043119,0.0,2.1476806680427507
2021-10-11 00:00:00+00:00,1025932.6221889689,7.936507936509074e-05,0.0,81.4167623354471,0.0,2.150339538998947
2021-10-12 00:00:00+00:00,1026014.0454129522,7.936507936509116e-05,0.0,81.4232239832515,0.0,2.139687157622265
2021-10-13 00:00:00+00:00,1026095.4750990961,7.936507936507237e-05,0.0,81.42968614388509,0.0,2.128474994338245
2021-10-14 00:00:00+00:00,1026176.9112479135,7.936507936510818e-05,0.0,81.43614881738857,0.0,2.1131396061846326
2021-10-15 00:00:00+00:00,1026258.3538599173,7.936507936504546e-05,0.0,81.44261200380265,0.0,2.1065322586916775
2021-10-18 00:00:00+00:00,1026339.8029356204,7.936507936507144e-05,0.0,81.44907570316803,0.0,2.111816461954082
2021-10-19 00:00:00+00:00,1026421.2584755359,7.936507936503302e-05,0.0,81.45553991552543,0.0,2.107789197377752
2021-10-20 00:00:00+00:00,1026502.7204801769,7.936507936511737e-05,0.0,81.46200464091555,0.0,2.1047969878644635
2021-10-21 00:00:00+00:00,1026584.1889500562,7.936507936505797e-05,0.0,81.46846987937911,0.0,2.1087430647965673
2021-10-22 00:00:00+00:00,1026665.6638856871,7.9365079365042e-05,0.0,81.47493563095684,0.0,2.1078155447740854
2021-10-25 00:00:00+00:00,1026747.1452875828,7.936507936502979e-05,0.0,81.48140189568946,0.0,2.1023486542325793
2021-10-26 00:00:00+00:00,1026828.6331562564,7.936507936509505e-05,0.0,81.48786867361768,0.0,2.098617252568537
2021-10-27 00:00:00+00:00,1026910.1274922212,7.936507936508472e-05,0.0,81.49433596478225,0.0,2.1066731443686977
2021-10-28 00:00:00+00:00,1026991.6282959904,7.936507936507252e-05,0.0,81.50080376922391,0.0,2.121072567636508
2021-10-29 00:00:00+00:00,1027073.1355680774,7.936507936513214e-05,0.0,81.50727208698336,0.0,2.135287151459072
2021-11-01 00:00:00+00:00,1027154.6493089956,7.936507936511055e-05,0.0,81.51374091810139,0.0,2.137696107354489
2021-11-02 00:00:00+00:00,1027236.1695192582,7.936507936508144e-05,0.0,81.52021026261869,0.0,2.145518968050449
2021-11-03 00:00:00+00:00,1027317.6961993788,7.936507936511848e-05,0.0,81.52668012057605,0.0,2.125009674151362
2021-11-04 00:00:00+00:00,1027399.2293498708,7.936507936506866e-05,0.0,81.53315049201419,0.0,2.1401711500449854
2021-11-05 00:00:00+00:00,1027480.7689712478,7.936507936511897e-05,0.0,81.53962137697387,0.0,2.1260948893248903
2021-11-08 00:00:00+00:00,1027562.3150640234,7.936507936511639e-05,0.0,81.54609277549586,0.0,2.1269044971105235
2021-11-09 00:00:00+00:00,1027643.867628711,7.93650793651346e-05,0.0,81.5525646876209,0.0,2.120357340174366
2021-11-10 00:00:00+00:00,1027725.4266658245,7.93650793651339e-05,0.0,81.55903711338976,0.0,2.1138831924939256
2021-11-11 00:00:00+00:00,1027806.9921758773,7.936507936507465e-05,0.0,81.56551005284321,0.0,2.1006444250650067
2021-11-12 00:00:00+00:00,1027888.5641593833,7.936507936503044e-05,0.0,81.57198350602201,0.0,2.0998848451132237
2021-11-15 00:00:00+00:00,1027970.1426168563,7.936507936507489e-05,0.0,81.57845747296693,0.0,2.0963378770504
2021-11-16 00:00:00+00:00,1028051.72754881,7.936507936505504e-05,0.0,81.58493195371875,0.0,2.10824427554229
2021-11-17 00:00:00+00:00,1028133.3189557582,7.936507936504448e-05,0.0,81.59140694831825,0.0,2.1049270973394907
2021-11-18 00:00:00+00:00,1028214.9168382151,7.936507936511677e-05,0.0,81.5978824568062,0.0,2.1134360956843365
2021-11-19 00:00:00+00:00,1028296.5211966943,7.936507936511902e-05,0.0,81.60435847922342,0.0,2.120453109509833
2021-11-22 00:00:00+00:00,1028378.13203171,7.936507936512478e-05,0.0,81.61083501561066,0.0,2.1161191597321136
2021-11-23 00:00:00+00:00,1028459.749343776,7.936507936509438e-05,0.0,81.61731206600874,0.0,2.118867678724094
2021-11-24 00:00:00+00:00,1028541.3731334065,7.936507936510136e-05,0.0,81.62378963045842,0.0,2.119949838752953
2021-11-26 00:00:00+00:00,1028623.0034011155,7.936507936510606e-05,0.0,81.63026770900052,0.0,2.1293043072983875
2021-11-29 00:00:00+00:00,1028704.6401474172,7.936507936506881e-05,0.0,81.63674630167584,0.0,2.1251776578205837
2021-11-30 00:00:00+00:00,1028786.2833728257,7.93650793650631e-05,0.0,81.64322540852517,0.0,2.1268916805218856
2021-12-01 00:00:00+00:00,1028867.9330778553,7.936507936504928e-05,0.0,81.64970502958934,0.0,2.156664910594463
2021-12-02 00:00:00+00:00,1028949.5892630202,7.936507936510083e-05,0.0,81.65618516490915,0.0,2.1608430044602667
2021-12-03 00:00:00+00:00,1029031.2519288347,7.936507936506492e-05,0.0,81.66266581452541,0.0,2.1630597058799887
2021-12-06 00:00:00+00:00,1029112.9210758132,7.936507936512817e-05,0.0,81.66914697847895,0.0,2.149240407616131
2021-12-07 00:00:00+00:00,1029194.59670447,7.936507936502465e-05,0.0,81.67562865681057,0.0,2.1461337407621324
2021-12-08 00:00:00+00:00,1029276.2788153195,7.936507936505409e-05,0.0,81.68211084956111,0.0,2.1439701587977087
2021-12-09 00:00:00+00:00,1029357.9674088763,7.936507936506366e-05,0.0,81.6885935567714,0.0,2.160759526424163
2021-12-10 00:00:00+00:00,1029439.6624856548,7.93650793651268e-05,0.0,81.69507677848225,0.0,2.171306203562202
2021-12-13 00:00:00+00:00,1029521.3640461696,7.936507936509075e-05,0.0,81.70156051473451,0.0,2.168968085805876
2021-12-14 00:00:00+00:00,1029603.0720909351,7.936507936502895e-05,0.0,81.70804476556901,0.0,2.1726484016394383
2021-12-15 00:00:00+00:00,1029684.7866204662,7.936507936512788e-05,0.0,81.7145295310266,0.0,2.189662701420138
2021-12-16 00:00:00+00:00,1031416.3468030001,0.001681641027461509,0.18117043047713718,66.9155833787839,0.0,2.1593640390978295
2021-12-17 00:00:00+00:00,1031673.884628578,0.00024969337200846396,0.1808662783230249,67.05300879009611,0.9230642994923965,2.1578510548348544
2021-12-20 00:00:00+00:00,1030545.3061946257,-0.0010939294391062383,0.18082112848572293,67.07344830006261,0.8189592930953704,2.1717219189638297
2021-12-21 00:00:00+00:00,1031526.9305303968,0.0009525290444491052,0.18101915066367594,66.98387858308229,0.8865599874898042,2.1618578819217933
2021-12-22 00:00:00+00:00,1031468.4557511833,-5.668759339454426e-05,0.18084688874954374,67.06178527639743,0.907029834488053,2.1612652933096634
2021-12-23 00:00:00+00:00,1031603.2311498013,0.00013066361638738362,0.18085714110562123,67.05714442090432,0.9207001630232949,2.159989098546034
2021-12-27 00:00:00+00:00,1031460.7774175638,-0.00013808965301385977,0.18083351274488196,67.06784088111209,0.9123666692720871,2.161745291753509
2021-12-28 00:00:00+00:00,1031291.2454304377,-0.00016436106038908595,0.18085848743065586,67.05653502934722,0.8835395646528896,2.1649829001713132
2021-12-29 00:00:00+00:00,1031752.8098854366,0.00044755975292525094,0.18088821841004563,67.04308010973402,0.9119713919064176,2.1608326171584737
2021-12-30 00:00:00+00:00,1032591.3961701551,0.0008127782901911431,0.1808072963411681,67.07971220933712,0.9943650733962903,2.1511456171889916
2021-12-31 00:00:00+00:00,1032364.484893835,-0.00021974933856869021,0.1806604594418378,67.14626667637826,1.0004134467950265,2.152552634520442
2022-01-03 00:00:00+00:00,1031961.9854481218,-0.0003898811433392474,0.18070016818427556,67.12825784492428,0.9100817457021202,2.1608903050993615
2022-01-04 00:00:00+00:00,1031820.4220892456,-0.00013717885045415006,0.1807706472509079,67.09631344447087,0.9129912704802434,2.1619237540206564
2022-01-05 00:00:00+00:00,1030383.9876155206,-0.001392136114941902,0.1807954485627091,67.08507825725846,0.7878233042539637,2.1788960047721218
2022-01-06 00:00:00+00:00,1029472.8980939841,-0.0008842232919835055,0.18104749131388678,66.97107552124855,0.6716688820164429,2.1928205206373375
2022-01-07 00:00:00+00:00,1029692.5530437251,0.00021336642290210083,0.18120771940006755,66.8987668290631,0.6941786829448462,2.1902669826168606
2022-01-10 00:00:00+00:00,1030737.2402175901,0.001014562231004768,0.1811690640049403,66.91619976158223,0.7823836894835563,2.1784255670783046
2022-01-11 00:00:00+00:00,1031163.9526113354,0.00041398755870626614,0.18098544301010058,66.9991114420477,0.8491619472044929,2.171783121654023
2022-01-12 00:00:00+00:00,1032414.307508841,0.0012125665315774333,0.18091054829386818,67.03297750504336,0.9511638261345599,2.1583751353808425
2022-01-13 00:00:00+00:00,1031623.9483878905,-0.0007655445252959168,0.18069144789161254,67.13221202071843,0.8751664644521131,2.168191200136578
2022-01-14 00:00:00+00:00,1031190.3523941344,-0.0004203043118896768,0.18082988121718827,67.06948510635726,0.8289608337157977,2.1741223138504817
2022-01-18 00:00:00+00:00,1030565.877246232,-0.0006055866857680811,0.18090591675404635,67.03507272590043,0.7648627769304959,2.1824470284139217
2022-01-19 00:00:00+00:00,1034325.4375948803,0.003648054366688562,0.18101553735338471,66.98551120622564,1.1079814843516147,2.1393791308328196
2022-01-20 00:00:00+00:00,1033581.2208433184,-0.0007195189487870423,0.18035758308484665,67.28388901167392,1.0421834987549314,2.147985884186119
2022-01-21 00:00:00+00:00,1032346.7566262849,-0.0011943562751906883,0.1804874472231419,67.22482419012138,0.9250327650308245,2.162722625856398
2022-01-24 00:00:00+00:00,1031028.5302241858,-0.0012769221132704473,0.18070327130917752,67.12685083956316,0.8374996906572498,2.1762867761991846
2022-01-25 00:00:00+00:00,1031506.6374151713,0.0004637186818501582,0.18093431033108862,67.02222969653943,0.8843220013118083,2.170884542530975
2022-01-26 00:00:00+00:00,1030760.7184609602,-0.0007231353896861348,0.18085044660037908,67.060174711697,0.7648310917708419,2.183549915539645
2022-01-27 00:00:00+00:00,1029840.6567367329,-0.0008926045664613849,0.18098132059817573,67.00097479469613,0.6418454659106574,2.1980938224783193
2022-01-28 00:00:00+00:00,1029319.795701059,-0.0005057685694060059,0.1811430096757949,66.92795402293206,0.5842781940788107,2.205776864952591
2022-01-31 00:00:00+00:00,1031099.5190567244,0.0017290285906268676,0.1812346724768203,66.88661584549762,0.7282873701011843,2.1854667565953103
2022-02-01 00:00:00+00:00,1030495.7148173326,-0.0005855925914350054,0.0,81.8332951632321,0.7915473444156691,2.176984121751122
2022-02-02 00:00:00+00:00,1030577.5001915244,7.936507936505093e-05,0.0,81.78537419185179,0.0,2.1795066446113336
2022-02-03 00:00:00+00:00,1030659.292056619,7.936507936507881e-05,0.0,81.79186509456542,0.0,2.1858873549261317
2022-02-04 00:00:00+00:00,1030741.0904131314,7.936507936509387e-05,0.0,81.79835651243008,0.0,2.1846702713992494
2022-02-07 00:00:00+00:00,1030822.8952615769,7.936507936505645e-05,0.0,81.80484844548661,0.0,2.1696297218618135
2022-02-08 00:00:00+00:00,1030904.7066024706,7.936507936503982e-05,0.0,81.81134089377593,0.0,2.161723110927642
2022-02-09 00:00:00+00:00,1030986.524436328,7.936507936511724e-05,0.0,81.81783385733894,0.0,2.1668339707407056
2022-02-10 00:00:00+00:00,1031068.3487636641,7.93650793650232e-05,0.0,81.82432733621651,0.0,2.1875494804048636
2022-02-11 00:00:00+00:00,1031150.1795849946,7.936507936505679e-05,0.0,81.83082133044954,0.0,2.1584682008506064
2022-02-14 00:00:00+00:00,1031232.0169008346,7.936507936506542e-05,0.0,81.83731584007893,0.0,2.1463577445066515
2022-02-15 00:00:00+00:00,1031313.8607116998,7.93650793651223e-05,0.0,81.8438108651456,0.0,2.152048991278318
2022-02-16 00:00:00+00:00,1031395.7110181055,7.936507936507488e-05,0.0,81.85030640569046,0.0,2.135393689115162
2022-02-17 00:00:00+00:00,1031477.5678205673,7.936507936510929e-05,0.0,81.8568024617544,0.0,2.1173035960042674
2022-02-18 00:00:00+00:00,1031559.4311196007,7.936507936507294e-05,0.0,81.86329903337835,0.0,2.118384673426299
2022-02-22 00:00:00+00:00,1031641.3009157212,7.936507936503907e-05,0.0,81.86979612060323,0.0,2.1353409377537167
2022-02-23 00:00:00+00:00,1031723.1772094447,7.936507936508084e-05,0.0,81.87629372346994,0.0,2.1242425064363855
2022-02-24 00:00:00+00:00,1031805.0600012867,7.936507936504574e-05,0.0,81.88279184201942,0.0,2.1385214704027304
2022-02-25 00:00:00+00:00,1031886.949291763,7.936507936511977e-05,0.0,81.88929047629259,0.0,2.1233734213700424
2022-02-28 00:00:00+00:00,1031968.8450813893,7.93650793650376e-05,0.0,81.8957896263304,0.0,2.1315286913569853
2022-03-01 00:00:00+00:00,1032050.7473706815,7.936507936509803e-05,0.0,81.90228929217375,0.0,2.1164583855398087
2022-03-02 00:00:00+00:00,1032132.6561601553,7.936507936503577e-05,0.0,81.9087894738636,0.0,2.109056590059787
2022-03-03 00:00:00+00:00,1031992.7194721637,-0.00013558013803401185,0.17458957593532662,67.6137343977898,0.0,2.107044620468735
2022-03-04 00:00:00+00:00,1030733.0208825666,-0.001220646779602701,0.1746132500238674,67.60262831144126,7.155618732705993,2.087697435102122
2022-03-07 00:00:00+00:00,1030888.7789281348,0.0001511138601486535,0.17482665161314773,67.50265223290181,7.251569335367336,2.0854709035332517
2022-03-08 00:00:00+00:00,1032931.438675942,0.0019814550216862826,0.1748002368745987,67.51501398255009,7.452498385880945,2.101603248075553
2022-03-09 00:00:00+00:00,1030820.4057848695,-0.002043729924397095,0.17445456300467702,67.67712983555066,7.215998051999453,2.0844698442527676
2022-03-10 00:00:00+00:00,1029768.5034629224,-0.001020451589863628,0.1748118311751884,67.50958754260839,7.211256614588724,2.0716500900771235
2022-03-11 00:00:00+00:00,1030331.3137166336,0.0005465405591825317,0.17499040040749508,67.42610323134275,7.189404980945173,2.078201189136221
2022-03-14 00:00:00+00:00,1031872.0007022066,0.0014953316132996417,0.17489481329843684,67.47077071179602,7.111991616631254,2.0987670739572524
2022-03-15 00:00:00+00:00,1029588.4352146323,-0.002213031738452361,0.17463367803891847,67.59304745668277,6.947733172208377,2.076113408900317
2022-03-16 00:00:00+00:00,1029847.1229717984,0.0002512535575559135,0.17502100507805202,67.41181210052606,6.985258220257277,2.077212493328921
2022-03-17 00:00:00+00:00,1029132.5339652846,-0.0006938787229426394,0.1749770414738911,67.43234287490432,7.019384156739317,2.0667880405138472
2022-03-18 00:00:00+00:00,1029081.1602885375,-4.99193981839628e-05,0.1750985386242608,67.37562946168896,6.949983328175062,2.067712345534307
2022-03-21 00:00:00+00:00,1028058.0687970214,-0.0009941795953481835,0.17510727987428978,67.37155218575664,6.976574170091105,2.0540703269953715
2022-03-22 00:00:00+00:00,1028387.511986942,0.0003204519276874326,0.17528154120599795,67.29035444833472,6.931349404705792,2.0585990218154513
2022-03-23 00:00:00+00:00,1027932.0956041447,-0.00044284511187556885,0.17522538989202727,67.31650073324907,7.004210946565352,2.050411876651271
2022-03-24 00:00:00+00:00,1029023.7039964942,0.0010619460147393055,0.17530302197840741,67.2803565758842,7.0642774474455585,2.060578257912326
2022-03-25 00:00:00+00:00,1028039.1388307385,-0.000956795418737062,0.0,81.6685479362297,7.0448241654115265,2.0549662679679366
2022-03-28 00:00:00+00:00,1028350.8688583765,0.000303227781767705,0.16959249138335478,67.75328730451072,0.0,2.0597693621836606
2022-03-29 00:00:00+00:00,1027339.6140918924,-0.000983375224456984,0.16954108181719685,67.77802778289468,6.754205489229899,2.047565177031909
2022-03-30 00:00:00+00:00,1027604.6339573818,0.0002579671433420879,0.1697079684287426,67.69776946809435,6.8142903360983444,2.0476925163321313
2022-03-31 00:00:00+00:00,1028105.1334298722,0.00048705451099703077,0.16966420063957618,67.71880279075225,6.8305296066164045,2.0527241637440556
2022-04-01 00:00:00+00:00,1025436.0190860445,-0.0025961492234974517,0.1695816051538039,67.75852497110863,6.736726064789726,2.021465159915801
2022-04-04 00:00:00+00:00,1026569.0631300621,0.001104938799621476,0.17002301025986677,67.54669049937627,6.781235259702955,2.033365587967492
2022-04-05 00:00:00+00:00,1027634.0427453688,0.0010374164326163665,0.1698353525892435,67.63661462985385,6.767674047070493,2.0468637286827898
2022-04-06 00:00:00+00:00,1028017.0554340911,0.0003727131184746567,0.16965934519658965,67.72113682154486,6.782264574485497,2.0504587349761394
2022-04-07 00:00:00+00:00,1027349.7875198198,-0.0006490825329639793,0.16959613449242172,67.75153465398314,6.791391105085635,2.0406183035779715
2022-04-08 00:00:00+00:00,1026315.2455008095,-0.001007000762133637,0.16970628787961853,67.69857688300924,6.828424649655387,2.0253416316494595
2022-04-11 00:00:00+00:00,1027501.7742671289,0.0011561055645630596,0.1698773545050744,67.61647037356396,6.865111807332464,2.038085638653036
2022-04-12 00:00:00+00:00,1027408.4133428447,-9.086205651644434e-05,0.16968118514272923,67.71063932327186,6.898953609586151,2.0348514961237507
2022-04-13 00:00:00+00:00,1026262.0364613866,-0.0011157947186048141,0.1696966041251639,67.70322972610644,6.913952726182101,2.0194570258568056
2022-04-14 00:00:00+00:00,1025913.6877723744,-0.0003394344491328518,0.16988616220771932,67.61224743392724,6.888069157558217,2.0153696172737603
2022-04-18 00:00:00+00:00,1025957.4201503746,4.262773615511041e-05,0.16994384700381057,67.58460071257706,6.902083149613949,2.014703003898169
2022-04-19 00:00:00+00:00,1026972.5512548286,0.0009894475974501404,0.16993660299113517,67.58807153622789,6.8308172256555,2.028908304007189
2022-04-20 00:00:00+00:00,1026673.4474061858,-0.000291248143173174,0.1697686258321831,67.66863749689881,6.8527182430298,2.0236398497499297
2022-04-21 00:00:00+00:00,1030171.7931665517,0.003407457131772774,0.16981808503412651,67.64489909621288,6.897349056725419,2.0657088333442353
2022-04-22 00:00:00+00:00,1031395.6769917372,0.0011880385711430616,0.16924140221117084,67.92254558513082,6.851402606489236,2.08355729955346
2022-04-25 00:00:00+00:00,1031897.6535691825,0.0004866964140371359,0.1690405754874036,68.0196792220503,6.76789518951411,2.0941076412129602
2022-04-26 00:00:00+00:00,1033729.4422853075,0.001775165114281503,0.1689583440672244,68.05951863295866,6.822842277260829,2.1163997407267243
2022-04-27 00:00:00+00:00,1033104.8709265414,-0.0006041922897980853,0.1686589465890281,68.20489868979396,6.73987063983733,2.1113548793983714
2022-04-28 00:00:00+00:00,1032570.0615230923,-0.000517671940670863,0.16876091063005008,68.15532953433635,6.759475170438064,2.1015493388070827
2022-04-29 00:00:00+00:00,1033191.2880369921,0.0006016313440110846,0.16884831866685338,68.11288434358642,6.769900622813898,2.1090391495787153
2022-05-02 00:00:00+00:00,1032493.7060494373,-0.0006751721541130663,0.1687467953055961,68.16218803516576,6.653703825663083,2.1048015894269385
2022-05-03 00:00:00+00:00,1031464.047176288,-0.000997254382391372,0.16886080541933635,68.10682438535983,6.655971997086658,2.0888078368246603
2022-05-04 00:00:00+00:00,1031801.0469007954,0.00032671979738897435,0.16902937070001978,68.02510542717337,6.734902315406988,2.088449359859163
2022-05-05 00:00:00+00:00,1033429.4225612786,0.0015781876412844023,0.16897416349555855,68.0518514370549,6.718843431524904,2.1119778955102118
2022-05-06 00:00:00+00:00,1034448.0066014504,0.0009856348367238573,0.16870791075581681,68.18108760058533,6.759701884469969,2.1236491707769116
2022-05-09 00:00:00+00:00,1036645.0509502891,0.0021238808860552147,0.16854179009605433,68.26192760377356,6.705378956759526,2.1604201202726325
2022-05-10 00:00:00+00:00,1036771.8960711504,0.00012236118886115643,0.1681845860683746,68.43629620288775,6.6567855497818815,2.1651755246149165
2022-05-11 00:00:00+00:00,1037706.7528275513,0.0009016995541097718,0.1681640093202705,68.44636327597198,6.715110338068925,2.1748708408265482
2022-05-12 00:00:00+00:00,1038662.2905141282,0.0009208166796382287,0.168012512512653,68.52055825663872,6.636831197853782,2.196413489810447
2022-05-13 00:00:00+00:00,1037001.5199596683,-0.0015989514297643564,0.1678579461160595,68.59639458097021,6.573606507653492,2.1724989023027104
2022-05-16 00:00:00+00:00,1037268.1251622556,0.00025709239326639595,0.16812677265958523,68.46458739410832,6.622770229761581,2.1719441438765252
2022-05-17 00:00:00+00:00,1036714.6321326658,-0.0005336065151941154,0.1680835596549648,68.4857465371708,6.575025750930502,2.1655465757122303
2022-05-18 00:00:00+00:00,1038200.1925971531,0.001432950224143447,0.16817329802247127,68.44181851894939,6.604640924497296,2.187038094659582
2022-05-19 00:00:00+00:00,1036497.9624393877,-0.001639597227878718,0.16793265888128633,68.55972014311504,6.658815215356436,2.153610752090976
2022-05-20 00:00:00+00:00,1036596.8445392053,9.540018736255433e-05,0.16820845299452192,68.42462251154636,6.674927295503817,2.153017958632564
2022-05-23 00:00:00+00:00,1036941.0574499986,0.00033206054273324335,0.1681924074073423,68.43247029724618,6.696248991724705,2.1559480298980254
2022-05-24 00:00:00+00:00,1036964.6195867277,2.272273487470393e-05,0.1681365758847007,68.45978878222977,6.7382010988941845,2.152284570868604
2022-05-25 00:00:00+00:00,1036533.688633723,-0.0004155695815123279,0.1681327554486749,68.46165879308128,6.682640803055776,2.148521361469483
2022-05-26 00:00:00+00:00,1036927.505438918,0.0003799363296278017,0.16820265535577036,68.4274579237952,6.68376277263018,2.1537017068637008
2022-05-27 00:00:00+00:00,1036767.7927439567,-0.0001540249382175859,0.16813877332736424,68.45871322579481,6.684834980373969,2.1501101789977404
2022-05-31 00:00:00+00:00,1037454.2222948377,0.0006620861061514037,0.16816467488102316,68.44603761508358,6.6521275881523385,2.1625554605258186
2022-06-01 00:00:00+00:00,1037655.2892418042,0.00019380801836412526,0.16805340905379726,68.5005161508678,6.6774408416457804,2.1628760671787104
2022-06-02 00:00:00+00:00,1036320.0909431337,-0.001286745523791502,0.16802084526673225,68.51647384507149,6.724549368623468,2.1374583902427267
2022-06-03 00:00:00+00:00,1036941.5233895038,0.0005996529950553995,0.16823732389018262,68.41050572612939,6.677911633114995,2.1494491800283178
2022-06-06 00:00:00+00:00,1036936.3430701126,-4.995768106824221e-06,0.1681365003341791,68.45982576155558,6.639681476224918,2.1511663322962398
2022-06-07 00:00:00+00:00,1037081.1323100497,0.00013963175358325768,0.16813734030934135,68.45941462509596,6.6802793281997985,2.1495314752778865
2022-06-08 00:00:00+00:00,1037486.1552968837,0.0003905412741737647,0.16811386627539168,68.47090583461478,6.687772990589215,2.1544313380827362
2022-06-09 00:00:00+00:00,1039484.1534512392,0.0019258070521276708,0.16804823650298514,68.50305051610954,6.7097894065170784,2.184240105032
2022-06-10 00:00:00+00:00,1039008.25136089,-0.0004578252480032237,0.0,82.49874233739993,6.751065454666063,2.1569548039646693
2022-06-13 00:00:00+00:00,1039090.7123332202,7.936507936503544e-05,0.0,82.46097233022937,0.0,2.1909683683518257
2022-06-14 00:00:00+00:00,1039173.179850072,7.93650793650807e-05,0.0,82.46751685184287,0.0,2.2077228294819258
2022-06-15 00:00:00+00:00,1039255.6539119649,7.936507936505118e-05,0.0,82.47406189286286,0.0,2.200520107806517
2022-06-16 00:00:00+00:00,1039338.1345194182,7.936507936513122e-05,0.0,82.48060745333055,0.0,2.1950188062340823
2022-06-17 00:00:00+00:00,1039420.6216729515,7.936507936505714e-05,0.0,82.48715353328716,0.0,2.197781732798512
2022-06-21 00:00:00+00:00,1039503.1153730843,7.936507936512531e-05,0.0,82.49370013277392,0.0,2.1944967723439146
2022-06-22 00:00:00+00:00,1039585.6156203361,7.936507936507205e-05,0.0,82.50024725183209,0.0,2.20764938196846
2022-06-23 00:00:00+00:00,1039668.1224152267,7.936507936508167e-05,0.0,82.50679489050287,0.0,2.234124217579747
2022-06-24 00:00:00+00:00,1039750.6357582755,7.93650793651145e-05,0.0,82.51334304882751,0.0,2.2143668668588745
2022-06-27 00:00:00+00:00,1039833.1556500024,7.936507936513088e-05,0.0,82.51989172684726,0.0,2.2173698790502625
2022-06-28 00:00:00+00:00,1039915.682090927,7.936507936509113e-05,0.0,82.52644092460336,0.0,2.232479726858137
2022-06-29 00:00:00+00:00,1039998.2150815692,7.936507936506756e-05,0.0,82.53299064213707,0.0,2.2475940753403814
2022-06-30 00:00:00+00:00,1040080.7546224487,7.936507936513242e-05,0.0,82.53954087948962,0.0,2.272687263683926
2022-07-01 00:00:00+00:00,1042422.2422303694,0.002251255585217153,0.25,61.90956872752671,0.0,2.246505592542891
2022-07-05 00:00:00+00:00,1041160.6855289466,-0.0012102165996799488,0.2494384502956041,62.09540107736168,1.0543652934587564,2.2629470725167335
2022-07-06 00:00:00+00:00,1042610.3149621459,0.0013923205642967919,0.24974069062501403,61.99527752962972,1.0860940401514352,2.255537249077937
2022-07-07 00:00:00+00:00,1044285.3936157394,0.001606620066534029,0.2493934549890318,62.11032748464553,1.2194757078936076,2.241930148072638
2022-07-08 00:00:00+00:00,1043983.2854072958,-0.00028929659486818935,0.24899341716857387,62.24327023493073,1.1935822774797018,2.2447695663087543
2022-07-11 00:00:00+00:00,1042985.5393385509,-0.0009557107692156806,0.2490654709612222,62.219293392990764,1.0878725575466843,2.2546337110474157
2022-07-12 00:00:00+00:00,1042280.9819929102,-0.0006755197642409799,0.24930373322386992,62.140107197058626,1.0010382396139303,2.2624750604420707
2022-07-13 00:00:00+00:00,1044040.0201123797,0.0016876812969436892,0.24947225666387618,62.0841899474046,1.1642171822018328,2.246760719519581
2022-07-14 00:00:00+00:00,1041565.9766681725,-0.002369682575904386,0.24905193636889877,62.2237961473625,0.8997392423663078,2.2716259674611226
2022-07-15 00:00:00+00:00,1041271.8586550994,-0.0002823805881351382,0.2496435122500653,62.027443493060346,0.8607061279832857,2.2753525773953127
2022-07-18 00:00:00+00:00,1041964.9896371714,0.0006656580376302689,0.2497140266437746,62.0041007936101,0.9129180542184143,2.2697440272532154
2022-07-19 00:00:00+00:00,1042738.8866218454,0.000742728395263568,0.2495479130696659,62.05911118901265,0.9800339534968145,2.263008475624676
2022-07-20 00:00:00+00:00,1041642.7333626293,-0.0010512250701297907,0.2493627043084563,62.12053158462169,0.8401446926748484,2.275853371009938
2022-07-21 00:00:00+00:00,1041519.1590178442,-0.00011863409672733628,0.24962511648904365,62.03353529420771,0.8878640833783218,2.273728721818748
2022-07-22 00:00:00+00:00,1039347.7231614665,-0.0020848736555411774,0.24965473405291172,62.02372780652635,0.7373143894256877,2.291516349242225
2022-07-25 00:00:00+00:00,1037115.5633711636,-0.0021476544765145953,0.2501763200718698,61.851391627448756,0.5298130223125586,2.313658260158392
2022-07-26 00:00:00+00:00,1039358.6371555337,0.0021628002351820256,0.2507147687673413,61.674236088535835,0.7000669065984575,2.294334646273007
2022-07-27 00:00:00+00:00,1039430.7700486232,6.940135051647242e-05,0.25017369304518683,61.85225781745409,0.7521934629070561,2.2909410057222925
2022-07-28 00:00:00+00:00,1039884.2077725816,0.0004362365796975473,0.25015633185791564,61.857982650238974,0.8372243638826571,2.284244103908679
2022-07-29 00:00:00+00:00,1039573.7857726035,-0.0002985159286561859,0.2500472520998968,61.89396977118804,0.8367352710304441,2.2856685662960046
2022-08-01 00:00:00+00:00,1039029.8142848872,-0.0005232639521705816,0.2501219174763695,61.86933310452311,0.8042382063693927,2.289867917328114
2022-08-02 00:00:00+00:00,1039197.5176254105,0.00016140378092876584,0.25025286577995953,61.82616076422817,0.7687727980176833,2.291656273862864
2022-08-03 00:00:00+00:00,1037317.379902521,-0.0018092207602512214,0.2502124805395649,61.83947055315859,0.6357841819603747,2.3070978154000388
2022-08-04 00:00:00+00:00,1038413.0868377647,0.0010562889974393827,0.2506659906537446,61.690253273564196,0.793177607393319,2.293448923236847
2022-08-05 00:00:00+00:00,1039990.5242309967,0.0015190846621894174,0.2504014943103622,61.77721414144068,0.8678504270613856,2.2834094250688795
2022-08-08 00:00:00+00:00,1040800.0573537856,0.0007784043257389074,0.2500216901955714,61.90240758534798,0.9673851352348459,2.274891474641885
2022-08-09 00:00:00+00:00,1040134.5623905709,-0.000639407116201301,0.2498272236040307,61.96665624588678,0.9217306012033248,2.280225874564257
2022-08-10 00:00:00+00:00,1041183.4784890368,0.001008442692313922,0.2499870671137015,61.91383918531418,0.9945786614326071,2.2723863653707927
2022-08-11 00:00:00+00:00,1040218.3196476212,-0.0009269824784544005,0.24973522345259733,61.99708649471624,0.9063944485921922,2.2812419305127145
2022-08-12 00:00:00+00:00,1040788.6800364703,0.000548308348426568,0.24996693842470993,61.92048658666739,0.9761105394382936,2.275398961787746
2022-08-15 00:00:00+00:00,1040691.5537697602,-9.331987229790733e-05,0.24982995457492946,61.965753284195095,0.9046906298826582,2.280005832053624
2022-08-16 00:00:00+00:00,1041436.57551354,0.0007158910256175634,0.24985327085025844,61.95804485032921,0.9507773434820455,2.274763543569107
2022-08-17 00:00:00+00:00,1038849.3525532756,-0.0024842827888856573,0.24967453109412288,62.017173560153,0.6981105351896049,2.299803270601418
2022-08-18 00:00:00+00:00,1039257.177954618,0.0003925741497937189,0.25029633797868445,61.81183840457646,0.7183073754553535,2.2972731125753008
2022-08-19 00:00:00+00:00,1038254.1353725109,-0.0009651533839595249,0.25019811666575437,61.84420549992111,0.6086546832075204,2.3082250565047246
2022-08-22 00:00:00+00:00,1039383.5609809682,0.0010878122898610725,0.25043982951468874,61.7645989457856,0.6582984315973952,2.3011724343162907
2022-08-23 00:00:00+00:00,1040040.7235764187,0.0006322618714791873,0.25016769402260475,61.85423589883778,0.7345968142090091,2.294071276383176
2022-08-24 00:00:00+00:00,1040711.3752436502,0.0006448321224627353,0.25000962247081354,61.90639166038147,0.7955661583700302,2.288018592703486
2022-08-25 00:00:00+00:00,1040777.2453106944,6.329330937586442e-05,0.24984851212444617,61.959617983177615,0.8179061110737162,2.2866391045449994
2022-08-26 00:00:00+00:00,1038056.2506726111,-0.0026143871326386567,0.24983269938611172,61.96484576627637,0.5367492378799441,2.314916332160692
2022-08-29 00:00:00+00:00,1036871.706871993,-0.0011411171599328127,0.25048757086827567,61.74889381087293,0.4393362996627812,2.326031227757692
2022-08-30 00:00:00+00:00,1036306.1442296202,-0.0005454509353707506,0.25077373307835177,61.654882398125466,0.3468267340635043,2.3350477387050197
2022-08-31 00:00:00+00:00,1036364.9607410326,5.675592269705938e-05,0.250910592495723,61.60999647412763,0.3135364518721766,2.337704091379792
2022-09-01 00:00:00+00:00,1034628.7220713536,-0.0016753158737029964,0.0,82.25118736039941,0.15124321090162884,2.3559499347601047
2022-09-02 00:00:00+00:00,1034710.8354619942,7.936507936508407e-05,0.0,82.11339064058362,0.0,2.341009962603247
2022-09-06 00:00:00+00:00,1034792.9553695705,7.936507936508826e-05,0.0,82.11990757634874,0.0,2.3460205624036914
2022-09-07 00:00:00+00:00,1034875.0817945999,7.936507936510806e-05,0.0,82.12642502933099,0.0,2.3214747283330386
2022-09-08 00:00:00+00:00,1034957.2147375995,7.93650793651038e-05,0.0,82.13294299957143,0.0,2.317589281319214
2022-09-09 00:00:00+00:00,1035039.3541990865,7.936507936503582e-05,0.0,82.13946148711106,0.0,2.296798314522315
2022-09-12 00:00:00+00:00,1035121.5001795786,7.936507936508942e-05,0.0,82.145980491991,0.0,2.289160302783383
2022-09-13 00:00:00+00:00,1035203.6526795928,7.936507936511242e-05,0.0,82.15250001425227,0.0,2.3106847582799848
2022-09-14 00:00:00+00:00,1035285.8116996468,7.936507936506519e-05,0.0,82.15902005393593,0.0,2.3067105672227646
2022-09-15 00:00:00+00:00,1035367.9772402579,7.936507936513297e-05,0.0,82.16554061108307,0.0,2.313325977487982
2022-09-16 00:00:00+00:00,1035450.1493019436,7.936507936505116e-05,0.0,82.17206168573475,0.0,2.310117179481199
2022-09-19 00:00:00+00:00,1035532.3278852216,7.936507936511746e-05,0.0,82.17858327793203,0.0,2.2949458630871025
2022-09-20 00:00:00+00:00,1035614.5129906093,7.936507936506732e-05,0.0,82.18510538771599,0.0,2.311366691192342
2022-09-21 00:00:00+00:00,1035696.7046186244,7.93650793650859e-05,0.0,82.19162801512772,0.0,2.319480323336357
2022-09-22 00:00:00+00:00,1035778.9027697847,7.936507936513353e-05,0.0,82.19815116020828,0.0,2.3116363942256415
2022-09-23 00:00:00+00:00,1035861.1074446077,7.936507936505816e-05,0.0,82.20467482299878,0.0,2.346211707132086
2022-09-26 00:00:00+00:00,1035943.3186436112,7.93650793650449e-05,0.0,82.21119900354029,0.0,2.3613950018300764
2022-09-27 00:00:00+00:00,1036025.536367313,7.936507936505409e-05,0.0,82.21772370187391,0.0,2.3520522627113896
2022-09-28 00:00:00+00:00,1036107.760616231,7.936507936504605e-05,0.0,82.22424891804071,0.0,2.3165296135835547
2022-09-29 00:00:00+00:00,1036189.9913908831,7.936507936509347e-05,0.0,82.23077465208182,0.0,2.3104936514979793
2022-09-30 00:00:00+00:00,1036272.2286917871,7.936507936504433e-05,0.0,82.23730090403834,0.0,2.2924734705108323
2022-10-03 00:00:00+00:00,1036354.4725194611,7.936507936508367e-05,0.0,82.24382767395136,0.0,2.2878744204469523
2022-10-04 00:00:00+00:00,1036436.7228744229,7.936507936505947e-05,0.0,82.25035496186199,0.0,2.279525384643556
2022-10-05 00:00:00+00:00,1036518.9797571907,7.93650793650444e-05,0.0,82.25688276781135,0.0,2.286010067264119
2022-10-06 00:00:00+00:00,1036601.2431682826,7.936507936511109e-05,0.0,82.26341109184052,0.0,2.274188294061096
2022-10-07 00:00:00+00:00,1036683.5131082166,7.936507936510758e-05,0.0,82.26993993399068,0.0,2.308152470117128
2022-10-10 00:00:00+00:00,1036765.7895775109,7.93650793651065e-05,0.0,82.2764692943029,0.0,2.304952072627204
2022-10-11 00:00:00+00:00,1036848.0725766837,7.936507936506818e-05,0.0,82.28299917281832,0.0,2.3119224029117427
2022-10-12 00:00:00+00:00,1036930.3621062533,7.936507936506527e-05,0.0,82.28952956957808,0.0,2.310476953351647
2022-10-13 00:00:00+00:00,1037012.6581667379,7.936507936505806e-05,0.0,82.29606048462328,0.0,2.3153797512837526
2022-10-14 00:00:00+00:00,1037094.9607586559,7.936507936511917e-05,0.0,82.30259191799507,0.0,2.339688958921863
2022-10-17 00:00:00+00:00,1037177.2698825257,7.936507936509664e-05,0.0,82.30912386973459,0.0,2.309812318184103
2022-10-18 00:00:00+00:00,1037259.5855388655,7.936507936506309e-05,0.0,82.31565633988299,0.0,2.3049707360321534
2022-10-19 00:00:00+00:00,1037341.907728194,7.936507936509109e-05,0.0,82.32218932848139,0.0,2.3232059778575906
2022-10-20 00:00:00+00:00,1037424.2364510295,7.936507936502872e-05,0.0,82.32872283557096,0.0,2.310381190702922
2022-10-21 00:00:00+00:00,1037506.5717078907,7.936507936506078e-05,0.0,82.33525686119282,0.0,2.2865677463888296
2022-10-24 00:00:00+00:00,1037588.9134992961,7.936507936503539e-05,0.0,82.34179140538815,0.0,2.2962255532449296
2022-10-25 00:00:00+00:00,1037671.2618257642,7.936507936502506e-05,0.0,82.3483264681981,0.0,2.287122716568692
2022-10-26 00:00:00+00:00,1037753.6166878139,7.936507936510232e-05,0.0,82.35486204966382,0.0,2.2555959239178276
2022-10-27 00:00:00+00:00,1038627.268948203,0.0008418686731996062,0.24999999999999997,61.771048612369874,0.0,2.2725954405014557
2022-10-28 00:00:00+00:00,1037902.7187099311,-0.000697603712066566,0.24978970986837418,61.84038609335314,10.054237359694373,2.2694282059295374
2022-10-31 00:00:00+00:00,1038604.3467635245,0.0006760056033627377,0.24996408574247145,61.78288210618871,10.003709806865643,2.276903998697463
2022-11-01 00:00:00+00:00,1037538.0469609896,-0.0010266660310614371,0.24979522277218422,61.83856687234691,10.054430552385142,2.26523165985399
2022-11-02 00:00:00+00:00,1042590.721667803,0.004869869323455653,0.2500519426076604,61.753939903891755,10.077788147656019,2.3107474998414785
2022-11-03 00:00:00+00:00,1044925.9837534457,0.002239864634424343,0.24884012372269834,62.154945833003936,10.107086491471843,2.3318920572780772
2022-11-04 00:00:00+00:00,1039387.8878862748,-0.005299988662620501,0.2482840011691861,62.34028409376923,10.310907314548535,2.2725722674864244
2022-11-07 00:00:00+00:00,1038601.2566837153,-0.0007568215982959757,0.2496069149887381,61.900752675739795,10.221961952281728,2.267850113030315
2022-11-08 00:00:00+00:00,1035924.0070568341,-0.00257774541447191,0.2497959659709521,61.83832162791761,10.388906842951174,2.240273625264894
2022-11-09 00:00:00+00:00,1036652.919615737,0.0007036351642954017,0.2504415405035785,61.62584149880005,10.355526994669315,2.246689273254652
2022-11-10 00:00:00+00:00,1033879.3991186965,-0.002675457180083638,0.2502654449361134,61.68369170188759,10.572135368884096,2.2191881384346637
2022-11-11 00:00:00+00:00,1034031.4384568955,0.00014705713096583073,0.2509368156412682,61.463571027519286,10.639935889503475,2.2186323443669203
2022-11-14 00:00:00+00:00,1034647.898279916,0.0005961712575591082,0.25089991901901765,61.47563764166207,10.67486821046634,2.2222796958136675
2022-11-15 00:00:00+00:00,1037467.5571182452,0.0027252351674581965,0.2507504288205342,61.52456302444148,10.782559399221165,2.2414804373954387
2022-11-16 00:00:00+00:00,1038090.517069235,0.0006004621028537946,0.2500689321722896,61.74834547192793,10.760715558525963,2.24649169691903
2022-11-17 00:00:00+00:00,1038988.6701853,0.0008651973034112358,0.2499188653648498,61.79778673787948,10.715879316641086,2.2543527137565937
2022-11-18 00:00:00+00:00,1037131.6741505566,-0.0017873111498052316,0.24970282315560138,61.86906873121799,10.621708642795618,2.2412707624571575
2022-11-21 00:00:00+00:00,1036671.2962442157,-0.00044389532960502516,0.2501499188947649,61.72168809353993,10.53628273372752,2.2391450702505207
2022-11-22 00:00:00+00:00,1032247.8686073616,-0.004266952941477084,0.2502610085876592,61.685150164465256,10.457576186235787,2.2056959399685905
2022-11-23 00:00:00+00:00,1031425.7754005347,-0.0007964106604898515,0.25133343653396933,61.334084479000644,10.495379363991571,2.1984164984830534
2022-11-25 00:00:00+00:00,1032896.8070903624,0.0014262118757468827,0.2515337607024659,61.26883898639534,10.550825457001054,2.2081651184163342
2022-11-28 00:00:00+00:00,1036325.030314929,0.003319037488579084,0.25117553117700425,61.38558753320705,10.532484631586065,2.234827336423904
2022-11-29 00:00:00+00:00,1033682.3824129091,-0.0025500184061141794,0.25034462797170176,61.657668741505994,10.522898077712128,2.2139145976187256
2022-11-30 00:00:00+00:00,1032082.834344722,-0.0015474270389065569,0.25098464343210564,61.44793478102822,10.623515306459549,2.199640924433776
2022-12-01 00:00:00+00:00,1031443.1161043926,-0.0006198322644670049,0.2513736257775017,61.32098652164831,10.770447478057537,2.1922613392855608
2022-12-02 00:00:00+00:00,1030633.128069404,-0.0007852958852910135,0.2515295318968377,61.270215232733264,10.732035510887787,2.186660092195039
2022-12-05 00:00:00+00:00,1032900.0434237483,0.002199536665962516,0.25172721224082617,61.20593046805163,10.616567698582433,2.2047184647339626
2022-12-06 00:00:00+00:00,1033056.3220431507,0.00015130081598632247,0.2511747441814353,61.38584438506309,10.629923143256175,2.2052744654632592
2022-12-07 00:00:00+00:00,1032219.9743697166,-0.0008095857462833779,0.2511367469866921,61.39824745009502,10.696489647129116,2.1975864065269732
2022-12-08 00:00:00+00:00,1031969.7202588246,-0.00024244261601773557,0.2513402284531154,61.33187065061611,10.700003258059496,2.195331676753549
2022-12-09 00:00:00+00:00,1034667.6492960986,0.0026143490301220465,0.2514011788125766,61.31200921324375,10.800541961709769,2.2131261688234543
2022-12-12 00:00:00+00:00,1033533.5828148389,-0.0010960683674910412,0.25074564218612,61.526130565408344,10.694050824977895,2.2062019398103456
2022-12-13 00:00:00+00:00,1033240.5662580079,-0.00028350946858729726,0.251020778120601,61.43612528911789,10.846083044910753,2.2011249382875118
2022-12-14 00:00:00+00:00,1033480.4873837291,0.00023220258046012133,0.25109196507018455,61.41287000682972,10.836207246443903,2.2026601747498167
2022-12-15 00:00:00+00:00,1036351.3121345,0.0027778219190557393,0.2510336744032058,61.43191136601394,10.711381126565364,2.2260439287188616
2022-12-16 00:00:00+00:00,1036345.8474941023,-5.272961334356548e-06,0.25033827924394325,61.659754600202106,10.801542978773618,2.2238088010370847
2022-12-19 00:00:00+00:00,1036076.5829521191,-0.00025982112306846246,0.0,82.24967043603986,10.852509497398861,2.2542490925447485
2022-12-20 00:00:00+00:00,1036158.8112523534,7.93650793650868e-05,0.0,82.22830023429516,0.0,2.2286429898669438
2022-12-21 00:00:00+00:00,1036241.0460786432,7.936507936502774e-05,0.0,82.23482628986932,0.0,2.22478323706789
2022-12-22 00:00:00+00:00,1036323.2874315066,7.936507936507221e-05,0.0,82.24135286338438,0.0,2.219068169104496
2022-12-23 00:00:00+00:00,1036405.5353114614,7.936507936506816e-05,0.0,82.24787995488147,0.0,2.220506735865205
2022-12-27 00:00:00+00:00,1036487.7897190258,7.936507936508828e-05,0.0,82.2544075644017,0.0,2.208583228634263
2022-12-28 00:00:00+00:00,1036570.0506547178,7.936507936509289e-05,0.0,82.26093569198618,0.0,2.229662233345337
2022-12-29 00:00:00+00:00,1036652.3181190555,7.936507936504235e-05,0.0,82.26746433767602,0.0,2.2315175226017883
2022-12-30 00:00:00+00:00,1036734.592112557,7.936507936512158e-05,0.0,82.27399350151234,0.0,2.240081354035244
2023-01-03 00:00:00+00:00,1036816.8726357406,7.936507936506631e-05,0.0,82.28052318353627,0.0,2.2183454443373076
2023-01-04 00:00:00+00:00,1036899.1596891243,7.936507936506149e-05,0.0,82.28705338378893,0.0,2.190709541483059
2023-01-05 00:00:00+00:00,1036981.4532732266,7.936507936506741e-05,0.0,82.29358410231146,0.0,2.188029378009603
2023-01-06 00:00:00+00:00,1037063.7533885657,7.936507936504443e-05,0.0,82.30011533914497,0.0,2.1817204852807968
2023-01-09 00:00:00+00:00,1037146.06003566,7.936507936506513e-05,0.0,82.30664709433061,0.0,2.191640158033206
2023-01-10 00:00:00+00:00,1037228.373215028,7.936507936508983e-05,0.0,82.31317936790953,0.0,2.1785124402692744
2023-01-11 00:00:00+00:00,1037310.6929271879,7.936507936507888e-05,0.0,82.31971215992286,0.0,2.1859671820456166
2023-01-12 00:00:00+00:00,1037393.0191726583,7.936507936510483e-05,0.0,82.32624547041173,0.0,2.180364520558388
2023-01-13 00:00:00+00:00,1037475.3519519578,7.936507936512802e-05,0.0,82.33277929941733,0.0,2.1801904928551434
2023-01-17 00:00:00+00:00,1037557.6912656048,7.936507936510877e-05,0.0,82.33931364698078,0.0,2.204470284945996
2023-01-18 00:00:00+00:00,1037640.037114118,7.936507936511966e-05,0.0,82.34584851314324,0.0,2.2111944454282417
2023-01-19 00:00:00+00:00,1037722.389498016,7.936507936512098e-05,0.0,82.35238389794587,0.0,2.2036004567841387
2023-01-20 00:00:00+00:00,1037804.7484178174,7.936507936507309e-05,0.0,82.35891980142983,0.0,2.189177831358251
2023-01-23 00:00:00+00:00,1037887.113874041,7.93650793650485e-05,0.0,82.3654562236363,0.0,2.1927055242047038
2023-01-24 00:00:00+00:00,1037969.4858672057,7.936507936511971e-05,0.0,82.37199316460642,0.0,2.1873009997883748
2023-01-25 00:00:00+00:00,1038051.8643978301,7.936507936513486e-05,0.0,82.3785306243814,0.0,2.1778936837179304
2023-01-26 00:00:00+00:00,1038134.2494664331,7.936507936505432e-05,0.0,82.3850686030024,0.0,2.180734485404819
2023-01-27 00:00:00+00:00,1038216.6410735336,7.936507936506271e-05,0.0,82.39160710051056,0.0,2.1929556582356526
2023-01-30 00:00:00+00:00,1038299.0392196506,7.936507936512036e-05,0.0,82.3981461169471,0.0,2.202550717529506
2023-01-31 00:00:00+00:00,1038381.4439053029,7.936507936507543e-05,0.0,82.40468565235322,0.0,2.200472854807454
2023-02-01 00:00:00+00:00,1038463.8551310097,7.936507936511257e-05,0.0,82.41122570677007,0.0,2.192763493165831
2023-02-02 00:00:00+00:00,1038546.27289729,7.936507936507992e-05,0.0,82.41776628023887,0.0,2.2033004027508416
2023-02-03 00:00:00+00:00,1038628.6972046627,7.936507936504998e-05,0.0,82.42430737280078,0.0,2.2137164698801555
2023-02-06 00:00:00+00:00,1038711.1280536472,7.936507936509514e-05,0.0,82.43084898449705,0.0,2.2189821978027786
2023-02-07 00:00:00+00:00,1038793.5654447626,7.936507936506366e-05,0.0,82.43739111536883,0.0,2.209935365254889
2023-02-08 00:00:00+00:00,1038876.009378528,7.936507936502793e-05,0.0,82.44393376545734,0.0,2.2193608694790794
2023-02-09 00:00:00+00:00,1038958.4598554628,7.936507936506039e-05,0.0,82.4504769348038,0.0,2.227130883426529
2023-02-10 00:00:00+00:00,1039040.9168760863,7.936507936512131e-05,0.0,82.45702062344942,0.0,2.2345445790203433
2023-02-13 00:00:00+00:00,1039123.3804409177,7.9365079365059e-05,0.0,82.46356483143542,0.0,2.2292935831111893
2023-02-14 00:00:00+00:00,1039205.8505504765,7.93650793650579e-05,0.0,82.47010955880299,0.0,2.2290588477931297
2023-02-15 00:00:00+00:00,1039288.327205282,7.93650793650783e-05,0.0,82.47665480559337,0.0,2.245048066480741
2023-02-16 00:00:00+00:00,1039370.8104058539,7.936507936508054e-05,0.0,82.48320057184779,0.0,2.246565567286153
2023-02-17 00:00:00+00:00,1038068.3273652428,-0.001253145679646852,0.25,61.867310143205586,0.0,2.2579677378319833
2023-02-21 00:00:00+00:00,1037613.71609792,-0.0004379396378238949,0.2503136795060295,61.76393847331582,0.9481343647795881,2.2633447774079674
2023-02-22 00:00:00+00:00,1036049.7352641703,-0.0015072861985972847,0.25042334981715103,61.72785821400448,0.7933936589824337,2.2782932285947126
2023-02-23 00:00:00+00:00,1035833.0364990915,-0.00020915865107917704,0.250801379274721,61.60373275100848,0.7647048162347794,2.2810301853610944
2023-02-24 00:00:00+00:00,1035876.141695933,4.161403944703029e-05,0.2508538475270878,61.58653443631968,0.7317238696963886,2.2831421175774356
2023-02-27 00:00:00+00:00,1036175.8493486157,0.00028932769142854027,0.25084340891957396,61.58995548368806,0.7669035689774453,2.280110423776796
2023-02-28 00:00:00+00:00,1036433.9036705926,0.00024904491080260957,0.2507708539673181,61.61374180532954,0.8048612995694397,2.2770966678501536
2023-03-01 00:00:00+00:00,1038011.0038108283,0.0015216601219338172,0.25070841631214014,61.63422230707374,0.9556258482084414,2.262807850589455
2023-03-02 00:00:00+00:00,1038361.5994802017,0.0003377571799203184,0.250327502933503,61.75938898487022,0.9777580014387697,2.260490832762812
2023-03-03 00:00:00+00:00,1038303.0938475458,-5.6344179797495903e-05,0.2502429815697531,61.78721403799509,1.014925736223703,2.258945682405958
2023-03-06 00:00:00+00:00,1037156.4471222329,-0.0011043468252260504,0.25025708209978254,61.78257073381606,0.8991039053537204,2.26984508147189
2023-03-07 00:00:00+00:00,1035481.0742658951,-0.001615352111040159,0.25053375826032925,61.691567025457886,0.6712126375468905,2.2898482655764916
2023-03-08 00:00:00+00:00,1035348.3767242512,-0.0001281506199791642,0.25093911328671953,61.558600925748536,0.6596133309920411,2.2912611554596922
2023-03-09 00:00:00+00:00,1033762.0368098908,-0.0015321798440245487,0.25097127541126046,61.548069374824415,0.5752188054699721,2.3023078333856235
2023-03-10 00:00:00+00:00,1032631.7708822952,-0.001093352132646953,0.2513563986188909,61.42216938162121,0.5780098827671432,2.3059080388498017
2023-03-13 00:00:00+00:00,1036230.7770041033,0.003485275413067176,0.2516315204784472,61.33246573657395,0.9738474188133488,2.2702057701474914
2023-03-14 00:00:00+00:00,1037093.1319433333,0.0008322035577086555,0.25075756131535415,61.61810114306666,1.0215480864241548,2.264746492767533
2023-03-15 00:00:00+00:00,1036087.1464640695,-0.0009700049573935358,0.2505490535016495,61.68654201125952,0.9826554757702379,2.2706907966105794
2023-03-16 00:00:00+00:00,1034864.0308587154,-0.0011805142159405147,0.2507923232985253,61.606701893857625,0.8810529663745519,2.280779301529414
2023-03-17 00:00:00+00:00,1036909.5477521863,0.001976604493416929,0.25108873712216057,61.50962922676602,1.2219615971663838,2.256247593999501
2023-03-20 00:00:00+00:00,1037926.9874799222,0.000981223222354877,0.2505934130558936,61.67197183735896,1.2663444374582546,2.2506153768901855
2023-03-21 00:00:00+00:00,1037026.4654489385,-0.0008676159709173398,0.2503477660142158,61.7527210220999,1.0967919994819069,2.2622675922655344
2023-03-22 00:00:00+00:00,1036613.7235410537,-0.00039800518273769666,0.25056516034909015,61.681251019640875,1.1301942081970804,2.262363533319498
2023-03-23 00:00:00+00:00,1037781.7594100299,0.0011267802484672491,0.2506649262888837,61.6484937253643,1.2745863479834978,2.2514859039260124
2023-03-24 00:00:00+00:00,1040227.7628947628,0.002356953629753012,0.2503827998954056,61.74119498480686,1.4369897718880202,2.235231578242272
2023-03-27 00:00:00+00:00,1041284.2644129941,0.001015644415499257,0.24979404690985074,61.935322245499954,1.4534737652393008,2.23052964079982
2023-03-28 00:00:00+00:00,1043345.2949183601,0.001979315904219291,0.24954060239059242,62.01917157234371,1.6499113772745622,2.2146610096368526
2023-03-29 00:00:00+00:00,1043049.541790286,-0.00028346620195114956,0.2490476583994139,62.182745421975916,1.5996170451679546,2.2180105954051723
2023-03-30 00:00:00+00:00,1042577.5302205982,-0.0004525303456608482,0.0,82.78170966589572,1.6895411967378509,2.2123703261304057
2023-03-31 00:00:00+00:00,1042660.2744690285,7.936507936511621e-05,0.0,82.74424843020621,0.0,2.2102309576707935
2023-04-03 00:00:00+00:00,1042743.0252844625,7.936507936506233e-05,0.0,82.75081543404988,0.0,2.201042339908685
2023-04-04 00:00:00+00:00,1042825.7826674216,7.93650793651207e-05,0.0,82.75738295908432,0.0,2.1883400796631145
2023-04-05 00:00:00+00:00,1042908.5466184269,7.936507936502834e-05,0.0,82.76395100535092,0.0,2.185502365217382
2023-04-06 00:00:00+00:00,1042991.3171379998,7.936507936508052e-05,0.0,82.77051957289102,0.0,2.177763753960344
2023-04-10 00:00:00+00:00,1043074.0942266616,7.93650793651259e-05,0.0,82.77708866174602,0.0,2.1820461315474624
2023-04-11 00:00:00+00:00,1043156.8778849336,7.936507936512482e-05,0.0,82.78365827195726,0.0,2.172675013417835
2023-04-12 00:00:00+00:00,1043239.6681133371,7.936507936503764e-05,0.0,82.79022840356616,0.0,2.1700572484284684
2023-04-13 00:00:00+00:00,1043322.4649123937,7.93650793650479e-05,0.0,82.79679905661406,0.0,2.1566040468304863
2023-04-14 00:00:00+00:00,1043405.2682826249,7.936507936511588e-05,0.0,82.80337023114235,0.0,2.1619756948501867
2023-04-17 00:00:00+00:00,1043488.0782245521,7.936507936509034e-05,0.0,82.80994192719245,0.0,2.1754002907373904
2023-04-18 00:00:00+00:00,1043570.8947386969,7.936507936504322e-05,0.0,82.81651414480572,0.0,2.1744942243723595
2023-04-19 00:00:00+00:00,1043653.7178255809,7.93650793650464e-05,0.0,82.82308688402357,0.0,2.181010317132567
2023-04-20 00:00:00+00:00,1043736.5474857257,7.93650793650602e-05,0.0,82.82966014488737,0.0,2.185309501599161
2023-04-21 00:00:00+00:00,1043819.3837196531,7.936507936504497e-05,0.0,82.83623392743856,0.0,2.188864487305743
2023-04-24 00:00:00+00:00,1043902.2265278848,7.936507936507255e-05,0.0,82.84280823171851,0.0,2.1884178341321197
2023-04-25 00:00:00+00:00,1043985.0759109426,7.936507936510329e-05,0.0,82.84938305776863,0.0,2.188130027428339
2023-04-26 00:00:00+00:00,1044067.9318693483,7.936507936509748e-05,0.0,82.85595840563036,0.0,2.197677600580555
2023-04-27 00:00:00+00:00,1044150.7944036237,7.936507936512703e-05,0.0,82.8625342753451,0.0,2.183692121277094
2023-04-28 00:00:00+00:00,1044233.6635142906,7.936507936504073e-05,0.0,82.86911066695426,0.0,2.1901109193925086
2023-05-01 00:00:00+00:00,1044316.5392018711,7.93650793651334e-05,0.0,82.87568758049925,0.0,2.189662254794538
2023-05-02 00:00:00+00:00,1044399.4214668871,7.936507936503091e-05,0.0,82.88226501602152,0.0,2.1728064404347633
2023-05-03 00:00:00+00:00,1044482.3103098606,7.936507936502804e-05,0.0,82.88884297356248,0.0,2.17803337772708
2023-05-04 00:00:00+00:00,1044565.2057313138,7.936507936508511e-05,0.0,82.89542145316354,0.0,2.166156216736512
2023-05-05 00:00:00+00:00,1044648.1077317686,7.936507936505099e-05,0.0,82.90200045486617,0.0,2.1584209631765003
2023-05-08 00:00:00+00:00,1044731.0163117474,7.936507936510888e-05,0.0,82.9085799787118,0.0,2.162360346469383
2023-05-09 00:00:00+00:00,1044813.9314717721,7.93650793651077e-05,0.0,82.91516002474185,0.0,2.1714983898088667
2023-05-10 00:00:00+00:00,1044896.8532123652,7.936507936511922e-05,0.0,82.92174059299779,0.0,2.175677159770778
2023-05-11 00:00:00+00:00,1044979.7815340487,7.936507936510375e-05,0.0,82.92832168352105,0.0,2.2032540751831866
2023-05-12 00:00:00+00:00,1045062.7164373451,7.936507936513305e-05,0.0,82.93490329635307,0.0,2.2002916954559106
2023-05-15 00:00:00+00:00,1045145.6579227766,7.936507936505604e-05,0.0,82.94148543153533,0.0,2.1917962595064746
2023-05-16 00:00:00+00:00,1045228.6059908657,7.936507936505586e-05,0.0,82.94806808910926,0.0,2.2041238199908593
2023-05-17 00:00:00+00:00,1045311.5606421349,7.936507936509284e-05,0.0,82.95465126911633,0.0,2.209004727716835
2023-05-18 00:00:00+00:00,1045394.5218771065,7.936507936512727e-05,0.0,82.961234971598,0.0,2.2188754033318308
2023-05-19 00:00:00+00:00,1045477.4896963031,7.936507936511951e-05,0.0,82.96781919659576,0.0,2.2213506782731662
2023-05-22 00:00:00+00:00,1045560.4641002472,7.93650793650299e-05,0.0,82.97440394415105,0.0,2.224413548437603
2023-05-23 00:00:00+00:00,1045643.4450894615,7.936507936504147e-05,0.0,82.98098921430534,0.0,2.233437211224118
2023-05-24 00:00:00+00:00,1045726.4326644687,7.936507936511455e-05,0.0,82.98757500710012,0.0,2.2474475881209255
2023-05-25 00:00:00+00:00,1045809.4268257912,7.936507936509811e-05,0.0,82.99416132257687,0.0,2.2535516732629017
2023-05-26 00:00:00+00:00,1045892.427573952,7.936507936506385e-05,0.0,83.00074816077708,0.0,2.253064494004104
2023-05-30 00:00:00+00:00,1045975.4349094738,7.936507936508339e-05,0.0,83.00733552174222,0.0,2.2627116926043773
2023-05-31 00:00:00+00:00,1046058.4488328793,7.936507936511705e-05,0.0,83.0139234055138,0.0,2.246880501799985
2023-06-01 00:00:00+00:00,1046141.4693446915,7.936507936512519e-05,0.0,83.02051181213328,0.0,2.2236981803889577
2023-06-02 00:00:00+00:00,1046224.4964454331,7.936507936506812e-05,0.0,83.02710074164219,0.0,2.226056185432387
2023-06-05 00:00:00+00:00,1046307.5301356273,7.936507936512876e-05,0.0,83.033690194082,0.0,2.2290563088570745
2023-06-06 00:00:00+00:00,1046390.5704157967,7.936507936504486e-05,0.0,83.04028016949422,0.0,2.228567678219744
2023-06-07 00:00:00+00:00,1046473.6172864647,7.936507936511059e-05,0.0,83.04687066792037,0.0,2.2345627778218473
2023-06-08 00:00:00+00:00,1046556.670748154,7.936507936506373e-05,0.0,83.05346168940196,0.0,2.2304812717975184
2023-06-09 00:00:00+00:00,1046639.730801388,7.93650793650871e-05,0.0,83.06005323398048,0.0,2.240897496424479
2023-06-12 00:00:00+00:00,1046722.7974466897,7.936507936502983e-05,0.0,83.06664530169746,0.0,2.236246983858839
2023-06-13 00:00:00+00:00,1046805.8706845823,7.936507936507469e-05,0.0,83.07323789259442,0.0,2.237961006268184
2023-06-14 00:00:00+00:00,1046888.950515589,7.936507936507079e-05,0.0,83.07983100671288,0.0,2.2392464938370544
2023-06-15 00:00:00+00:00,1046972.0369402331,7.936507936508965e-05,0.0,83.08642464409436,0.0,2.2421300484385047
2023-06-16 00:00:00+00:00,1047055.1299590379,7.936507936509163e-05,0.0,83.0930188047804,0.0,2.2310789404565874
2023-06-20 00:00:00+00:00,1047138.2295725266,7.936507936503705e-05,0.0,83.09961348881254,0.0,2.255936682720721
2023-06-21 00:00:00+00:00,1047221.3357812229,7.936507936510862e-05,0.0,83.10620869623227,0.0,2.257947909255846
2023-06-22 00:00:00+00:00,1047304.44858565,7.93650793650443e-05,0.0,83.11280442708119,0.0,2.2536957471356853
2023-06-23 00:00:00+00:00,1047387.5679863313,7.936507936502678e-05,0.0,83.11940068140079,0.0,2.2592785115174596
2023-06-26 00:00:00+00:00,1047470.6939837906,7.936507936512754e-05,0.0,83.12599745923264,0.0,2.2484727954255974
2023-06-27 00:00:00+00:00,1047553.8265785512,7.936507936508458e-05,0.0,83.1325947606183,0.0,2.2583841065159636
2023-06-28 00:00:00+00:00,1047636.9657711368,7.936507936508054e-05,0.0,83.1391925855993,0.0,2.2676738522151023
2023-06-29 00:00:00+00:00,1047720.111562071,7.936507936507577e-05,0.0,83.1457909342172,0.0,2.2555384002982297
2023-06-30 00:00:00+00:00,1047803.2639518775,7.936507936503058e-05,0.0,83.15238980651357,0.0,2.2474076236360285
2023-07-03 00:00:00+00:00,1047886.4229410801,7.936507936512752e-05,0.0,83.15898920252995,0.0,2.232308766718869
2023-07-05 00:00:00+00:00,1047969.5885302024,7.936507936510471e-05,0.0,83.16558912230794,0.0,2.253278142880086
2023-07-06 00:00:00+00:00,1048052.7607197682,7.936507936503358e-05,0.0,83.17218956588908,0.0,2.2738712961863956
2023-07-07 00:00:00+00:00,1048135.9395103016,7.936507936509669e-05,0.0,83.17879053331494,0.0,2.26720895089186
2023-07-10 00:00:00+00:00,1048219.1249023261,7.936507936503212e-05,0.0,83.1853920246271,0.0,2.2514169724950404
2023-07-11 00:00:00+00:00,1048302.3168963661,7.936507936513348e-05,0.0,83.19199403986715,0.0,2.250458472900114
2023-07-12 00:00:00+00:00,1048385.5154929451,7.936507936502788e-05,0.0,83.19859657907668,0.0,2.2202170343049388
2023-07-13 00:00:00+00:00,1048468.7206925874,7.93650793651199e-05,0.0,83.20519964229723,0.0,2.210957859343988
2023-07-14 00:00:00+00:00,1048551.932495817,7.936507936503669e-05,0.0,83.21180322957044,0.0,2.214943354301918
2023-07-17 00:00:00+00:00,1048635.150903158,7.936507936507172e-05,0.0,83.21840734093786,0.0,2.2139686387734803
2023-07-18 00:00:00+00:00,1048718.3759151343,7.93650793650743e-05,0.0,83.2250119764411,0.0,2.207262523292617
2023-07-19 00:00:00+00:00,1048801.6075322705,7.936507936511573e-05,0.0,83.23161713612177,0.0,2.21725546293553
2023-07-20 00:00:00+00:00,1048884.8457550905,7.936507936504538e-05,0.0,83.23822282002146,0.0,2.237433865934516
2023-07-21 00:00:00+00:00,1048968.0905841186,7.936507936504558e-05,0.0,83.24482902818178,0.0,2.2312985758626978
2023-07-24 00:00:00+00:00,1049051.3420198793,7.936507936507664e-05,0.0,83.25143576064434,0.0,2.23289136831085
2023-07-25 00:00:00+00:00,1049134.6000628967,7.936507936509888e-05,0.0,83.25804301745073,0.0,2.2243830580525286
2023-07-26 00:00:00+00:00,1049217.8647136954,7.936507936507266e-05,0.0,83.26465079864259,0.0,2.229026256172358
2023-07-27 00:00:00+00:00,1049301.1359727997,7.936507936518021e-05,0.0,83.27125910426153,0.0,2.2537708554231513
2023-07-28 00:00:00+00:00,1049384.4138407342,7.936507936515995e-05,0.0,83.27786793434919,0.0,2.2510884478146744
2023-07-31 00:00:00+00:00,1049467.698318023,7.936507936497225e-05,0.0,83.28447728894716,0.0,2.2327249762313395
2023-08-01 00:00:00+00:00,1049550.989405191,7.936507936502121e-05,0.0,83.29108716809706,0.0,2.2507510567949116
2023-08-02 00:00:00+00:00,1049634.2871027628,7.936507936504524e-05,0.0,83.29769757184056,0.0,2.2796167921738673
2023-08-03 00:00:00+00:00,1049717.591411263,7.93650793650047e-05,0.0,83.30430850021928,0.0,2.279544969105552
2023-08-04 00:00:00+00:00,1049800.9023312163,7.936507936508174e-05,0.0,83.31091995327483,0.0,2.274633664395363
2023-08-07 00:00:00+00:00,1049884.2198631472,7.936507936501487e-05,0.0,83.3175319310489,0.0,2.278034399903785
2023-08-08 00:00:00+00:00,1049967.5440075807,7.936507936498625e-05,0.0,83.32414443358311,0.0,2.278984021300655
2023-08-09 00:00:00+00:00,1050050.8747650417,7.936507936517792e-05,0.0,83.3307574609191,0.0,2.2735684442101753
2023-08-10 00:00:00+00:00,1050134.2121360549,7.936507936510671e-05,0.0,83.33737101309855,0.0,2.273784989629232
2023-08-11 00:00:00+00:00,1050217.5561211451,7.936507936517647e-05,0.0,83.34398509016309,0.0,2.2636791584697606
2023-08-14 00:00:00+00:00,1050300.9067208373,7.936507936512577e-05,0.0,83.35059969215438,0.0,2.2735250935871285
2023-08-15 00:00:00+00:00,1050384.2639356565,7.936507936513667e-05,0.0,83.35721481911408,0.0,2.2941639185006606
2023-08-16 00:00:00+00:00,1049212.1843859171,-0.0011158578721921603,0.25,62.52287285331289,0.0,2.300837673990819
2023-08-17 00:00:00+00:00,1048791.5431459288,-0.00040091150889043256,0.2502792761004833,62.42985066682563,0.8986571943403898,2.30509540270079
2023-08-18 00:00:00+00:00,1048082.8212677217,-0.0006757509467336012,0.25037965618624036,62.39646644142974,0.8344393660948202,2.3116677620481294
2023-08-21 00:00:00+00:00,1048947.231789904,0.0008247540219547541,0.25054896488646555,62.340218673318056,0.9121871577826066,2.304203777293642
2023-08-22 00:00:00+00:00,1049755.548604127,0.0007705981671201656,0.25034249390774893,62.40882268301506,0.9812773997000057,2.2975388365942853
2023-08-23 00:00:00+00:00,1051161.7078927774,0.0013395111752637708,0.2501497289850874,62.47297481112801,1.1351131748799697,2.284268064154352
2023-08-24 00:00:00+00:00,1050867.7653088495,-0.00027963593205572516,0.24981509886840356,62.584574754671685,1.1038207884906144,2.2872508329990975
2023-08-25 00:00:00+00:00,1049941.5649873645,-0.0008813671444311985,0.24988497568648638,62.56124597816947,1.022064199001087,2.295341319422227
2023-08-28 00:00:00+00:00,1052092.9006320618,0.0020490051222262023,0.2501054103778379,62.48773801614685,1.2042034167973705,2.2778885396130963
2023-08-29 00:00:00+00:00,1052320.4213839069,0.0002162553817333097,0.24959399101177787,62.658478940329175,1.2600055532767016,2.274596392403829
2023-08-30 00:00:00+00:00,1052014.007423028,-0.00029117933535491503,0.24954002663805952,62.67653614285656,1.2484757105214606,2.276632948986732
2023-08-31 00:00:00+00:00,1051439.3404484577,-0.0005462541092754251,0.24961270870067512,62.65221757453284,1.187054195288387,2.28209639134924
2023-09-01 00:00:00+00:00,1050804.2880073886,-0.0006039839072392864,0.24974913519206177,62.60660908448759,1.1323350581684364,2.287527886574632
2023-09-05 00:00:00+00:00,1050043.9801941828,-0.0007235484493953742,0.2499000708132509,62.55620809710114,1.030941132260763,2.2958941036644775
2023-09-06 00:00:00+00:00,1050580.9298907681,0.000511359244672786,0.25008101654499526,62.495866207164184,1.0440055759956473,2.293377377968223
2023-09-07 00:00:00+00:00,1049678.6201115418,-0.0008588674642325079,0.24995320066509963,62.53848126244873,0.9753583792707221,2.300721619901333
2023-09-08 00:00:00+00:00,1050081.1915729884,0.00038351877777962636,0.25016806187403334,62.46686937520854,0.9987851300013175,2.29816493987492
2023-09-11 00:00:00+00:00,1051368.545722785,0.0012259567737501502,0.2500721545069801,62.498819491196365,1.1050557477947145,2.287880846617955
2023-09-12 00:00:00+00:00,1052296.244729148,0.0008823727988983019,0.249765952245972,62.60099045546594,1.151094860629423,2.2821298684263747
2023-09-13 00:00:00+00:00,1052447.0495713262,0.00014331025405973962,0.24954575985539518,62.67461736073285,1.1469651338256124,2.2819730868439017
2023-09-14 00:00:00+00:00,1054263.3714440987,0.0017258083183493411,0.24951000251354452,62.68658599900097,1.2868054258560235,2.2680904128921946
2023-09-15 00:00:00+00:00,1055408.242940963,0.0010859444877575047,0.24908013793955283,62.83073852858607,1.4078409663957372,2.2581580632209697
2023-09-18 00:00:00+00:00,1054588.9856845904,-0.0007762467858785012,0.2488099441522015,62.921601345797534,1.3670948379104757,2.263681162144739
2023-09-19 00:00:00+00:00,1053365.1854588068,-0.0011604523111809011,0.2490032321108009,62.8565809286251,1.2591911646502174,2.2738761355803927
2023-09-20 00:00:00+00:00,1054601.4818212192,0.0011736635874043152,0.249292524196665,62.75945392657878,1.3462674912179424,2.2650539740250704
2023-09-21 00:00:00+00:00,1052605.3542279487,-0.0018927790522571023,0.24900028163285912,62.8575726855004,1.1596764304274487,2.282198264035476
2023-09-22 00:00:00+00:00,1052165.1700889303,-0.00041818535052130074,0.24947247791316782,62.69914986063766,1.1321916546515043,2.2855598032483826
2023-09-25 00:00:00+00:00,1051748.1798752295,-0.00039631630617991136,0.2495768472945357,62.66421461150922,1.0686940387590937,2.2906629219537984
2023-09-26 00:00:00+00:00,1050224.9469751702,-0.0014482866994264918,0.2496757978844958,62.6311201501044,0.907015102435232,2.3054645006436147
2023-09-27 00:00:00+00:00,1048970.3086546275,-0.0011946377051470878,0.25003792448487944,62.51022865009969,0.7377701721281518,2.3203187693037437
2023-09-28 00:00:00+00:00,1050824.987094436,0.0017680943154504431,0.25033698648793085,62.41065418021535,0.8542864461290838,2.3067367463711905
2023-09-29 00:00:00+00:00,1050883.653193724,5.5828610861499196e-05,0.24989514829676868,62.55785088178746,0.8038532739715563,2.309770280924748
2023-10-02 00:00:00+00:00,1049692.410924987,-0.0011335624691818993,0.2498811977766164,62.56250692141349,0.6471987112642452,2.3242886103721365
2023-10-03 00:00:00+00:00,1050571.960228172,0.000837911462472997,0.25016477517686825,62.467963884212125,0.7064948985943775,2.3174793373346816
2023-10-04 00:00:00+00:00,1049852.3549023683,-0.0006849652884770849,0.249955334736786,62.53776938446491,0.6405455603947288,2.3246071727727116
2023-10-05 00:00:00+00:00,1051684.2550447078,0.0017449121619676536,0.2501266628185393,62.480657850670966,0.7799160545039157,2.3091859152991576
2023-10-06 00:00:00+00:00,1053258.8243262095,0.0014971882235079762,0.24969097400127094,62.626046750856645,0.9285840525503961,2.2945124722469865
2023-10-09 00:00:00+00:00,1053148.216762737,-0.00010501460886723982,0.24931769847919577,62.751012566848836,0.9934108040202292,2.291578375785118
2023-10-10 00:00:00+00:00,1054186.6622700007,0.000986039277981055,0.24934388322956658,62.74223418879545,1.0602772635474704,2.284082655839521
2023-10-11 00:00:00+00:00,1055354.897865714,0.0011081866594648286,0.24909826255860695,62.824650498895764,1.1895990104235599,2.272984130788485
2023-10-12 00:00:00+00:00,1053174.2337320491,-0.002066285131262443,0.24882252076052572,62.91736760966666,0.9989991518313264,2.291903208880086
2023-10-13 00:00:00+00:00,1053202.3532751617,2.669980162060804e-05,0.24933772359144554,62.74429902762976,1.1578421877722604,2.2838528740404116
2023-10-16 00:00:00+00:00,1054208.2094422092,0.0009550454990150648,0.2493310665014321,62.7465307374006,1.1980200638490799,2.2780979669399297
2023-10-17 00:00:00+00:00,1055791.6483472416,0.0015020172399057327,0.24909317118945223,62.826360591928186,1.3339500125649708,2.2655176030423347
2023-10-18 00:00:00+00:00,1053342.9728492026,-0.0023192790943859084,0.24871959007725392,62.952030346295835,1.2000383808370185,2.281994552311115
2023-10-19 00:00:00+00:00,1051607.4063636614,-0.0016476746228691454,0.24929778120948987,62.75769102105464,1.1300224611642342,2.292412776453947
2023-10-20 00:00:00+00:00,1051149.765399122,-0.0004351823330362032,0.24970922075562535,62.619947649186294,1.088537924024849,2.296452832342556
2023-10-23 00:00:00+00:00,1050665.8907574709,-0.0004603289251245064,0.24981793710833045,62.5836269377149,1.0326330548444047,2.3013570179004716
2023-10-24 00:00:00+00:00,1051151.06255421,0.0004617755282693339,0.24993298849227624,62.54522418837751,1.0659790673782403,2.2980560230095346
2023-10-25 00:00:00+00:00,1048057.1863135973,-0.002943322183487922,0.2498176288247547,62.58372988653142,0.8390849232949575,2.321697892456655
2023-10-26 00:00:00+00:00,1047580.9257126959,-0.00045442234175838153,0.25055509318872293,62.338184153149456,0.8050946783803239,2.325493641039402
2023-10-27 00:00:00+00:00,1048705.1883908976,0.0010731988819257998,0.2506690027839743,62.30038569276046,0.9502953783047554,2.313685094637196
2023-10-30 00:00:00+00:00,1047875.9190290207,-0.0007907554678443893,0.2504002734904304,62.38961288944313,0.8420246398243845,2.3227763516702136
2023-10-31 00:00:00+00:00,1045788.3510849624,-0.0019921900161544975,0.2505984355735935,62.32379786072274,0.6450937465530346,2.3416619401376844
2023-11-01 00:00:00+00:00,1046690.7363058093,0.0008628755712480337,0.2510986718407042,62.15811786516255,0.7126761402195421,2.3347740579711003
2023-11-02 00:00:00+00:00,1046539.5860045406,-0.000144407794992301,0.2508821917262025,62.22973573983295,0.6977592575285048,2.3363764471964252
2023-11-03 00:00:00+00:00,1051437.4768197364,0.004680081748168683,0.2509184263028678,62.2177396841767,1.0992940489694243,2.2971435150823956
2023-11-06 00:00:00+00:00,1050808.0502393786,-0.0005986343403524535,0.24974957786190352,62.60646117744621,1.0077209303777745,2.3044048435649414
2023-11-07 00:00:00+00:00,1049273.3309360894,-0.0014605134619396758,0.24989917609033696,62.55650668694163,0.8574691041080411,2.318357530979232
2023-11-08 00:00:00+00:00,1047546.5328972135,-0.0016457084993624937,0.25026469104065,62.43470356763295,0.6681352357625523,2.335769503204824
2023-11-09 00:00:00+00:00,1046876.818150492,-0.0006393174199805703,0.2506772326930897,62.2976561042301,0.6297156223685612,2.340567561938408
2023-11-10 00:00:00+00:00,1047235.4127882381,0.00034253756653016134,0.2508375975387823,62.2445041402046,0.6067404732582287,2.341116370567142
2023-11-13 00:00:00+00:00,1045932.7592099948,-0.001243897563371212,0.2507517056597224,62.272964032089206,0.5130334703358455,2.3516125325204196
2023-11-14 00:00:00+00:00,1049359.5223413222,0.0032762747902796534,0.25106400356200337,62.16957882746672,0.8241498443029569,2.321049012259388
2023-11-15 00:00:00+00:00,1049266.4883051128,-8.865792345578985e-05,0.2502441350110513,62.44154415534984,0.8012196442223389,2.32292480079452
2023-11-16 00:00:00+00:00,1049010.837070207,-0.00024364757452480568,0.2502663231035686,62.43416050168243,0.8352013327091856,2.3220283498295227
2023-11-17 00:00:00+00:00,1048453.0424673947,-0.0005317338802430816,0.25032731474664394,62.41387072113436,0.7829563924113316,2.327174548424902
2023-11-20 00:00:00+00:00,1048833.9850701357,0.00036333778177080037,0.25046049307647505,62.369601308212744,0.8077433096619941,2.324642031438056
2023-11-21 00:00:00+00:00,1050134.2659890014,0.0012397394986955418,0.2503695243688679,62.39983484811282,0.956532236710546,2.3120006060535454
2023-11-22 00:00:00+00:00,1050888.7353192423,0.0007184503493278775,0.25005951571021723,62.503031746435504,0.9871354416893865,2.307887506363359
2023-11-24 00:00:00+00:00,1050424.2222897753,-0.0004420192298721048,0.24987998934458258,62.56291026470859,0.9728585131652587,2.31053273101715
2023-11-27 00:00:00+00:00,1051207.9746122302,0.0007461293312015104,0.24999048994842493,62.52604415125882,1.0683152223426822,2.302967587685662
2023-11-28 00:00:00+00:00,1054114.9585398873,0.00276537469070234,0.24980410377954052,62.588246716533014,1.364264299186826,2.2783687816635285
2023-11-29 00:00:00+00:00,1054270.2094033055,0.00014728077062226914,0.24911520689133412,62.81895972666454,1.37591507094414,2.2775023691551737
2023-11-30 00:00:00+00:00,1055481.8975443018,0.0011493145971392437,0.24907852241460746,62.831281223761216,1.4450588183190436,2.270019281875438
2023-12-01 00:00:00+00:00,1054295.4305401833,-0.0011240998134396593,0.2487925814690651,62.927446949237115,1.4419050799596063,2.27514518893849
2023-12-04 00:00:00+00:00,1054649.3446359946,0.00033568778310077665,0.24907256389166865,62.83328290129121,1.358850385835306,2.277459065313147
2023-12-05 00:00:00+00:00,1053450.362113671,-0.0011368541861063296,0.0,83.70232893936465,1.2305666892888825,2.287807903312137
2023-12-06 00:00:00+00:00,1053533.9692852672,7.936507936502018e-05,0.0,83.60717159632308,0.0,2.2923033539040443
2023-12-07 00:00:00+00:00,1053617.5830923533,7.936507936508128e-05,0.0,83.61380708613231,0.0,2.2928175719232073
2023-12-08 00:00:00+00:00,1053701.203535456,7.936507936517723e-05,0.0,83.62044310256772,0.0,2.302649601867513
2023-12-11 00:00:00+00:00,1053784.8306151016,7.93650793650474e-05,0.0,83.6270796456711,0.0,2.2950260183592244
2023-12-12 00:00:00+00:00,1053868.464331817,7.936507936509408e-05,0.0,83.63371671548425,0.0,2.3154781535593667
2023-12-13 00:00:00+00:00,1053952.1046861291,7.936507936505662e-05,0.0,83.64035431204898,0.0,2.2840517825651143
2023-12-14 00:00:00+00:00,1054035.7516785646,7.936507936511631e-05,0.0,83.64699243540707,0.0,2.2708021630318913
2023-12-15 00:00:00+00:00,1054119.40530965,7.936507936501254e-05,0.0,83.65363108560037,0.0,2.2705880164159082
2023-12-18 00:00:00+00:00,1054203.0655799129,7.936507936514745e-05,0.0,83.66027026267065,0.0,2.282917090918357
2023-12-19 00:00:00+00:00,1054286.7324898795,7.936507936503959e-05,0.0,83.66690996665974,0.0,2.266159615004929
2023-12-20 00:00:00+00:00,1054370.406040077,7.936507936509106e-05,0.0,83.67355019760949,0.0,2.2849078709035653
2023-12-21 00:00:00+00:00,1054454.0862310326,7.93650793650413e-05,0.0,83.68019095556167,0.0,2.277243493870517
2023-12-22 00:00:00+00:00,1054537.7730632732,7.936507936507149e-05,0.0,83.68683224055815,0.0,2.2722307994114197
2023-12-26 00:00:00+00:00,1054621.4665373259,7.936507936514195e-05,0.0,83.69347405264072,0.0,2.2746493448030534
2023-12-27 00:00:00+00:00,1054705.1666537176,7.936507936499224e-05,0.0,83.70011639185125,0.0,2.2727662737505363
2023-12-28 00:00:00+00:00,1054788.8734129758,7.936507936502423e-05,0.0,83.70675925823156,0.0,2.2907114215847915
2023-12-29 00:00:00+00:00,1054872.5868156275,7.936507936497749e-05,0.0,83.71340265182347,0.0,2.2913463102638376
2024-01-02 00:00:00+00:00,1054956.3068622001,7.93650793650331e-05,0.0,83.72004657266885,0.0,2.3027215419052776
2024-01-03 00:00:00+00:00,1055040.033553221,7.936507936515136e-05,0.0,83.72669102080954,0.0,2.3162523721858936
2024-01-04 00:00:00+00:00,1055123.7668892173,7.936507936507188e-05,0.0,83.73333599628738,0.0,2.3151243516055064
2024-01-05 00:00:00+00:00,1055207.5068707163,7.936507936497576e-05,0.0,83.73998149914424,0.0,2.319493700328772
2024-01-08 00:00:00+00:00,1055291.2534982457,7.936507936504395e-05,0.0,83.74662752942193,0.0,2.310909046897662
2024-01-09 00:00:00+00:00,1055375.0067723328,7.936507936501613e-05,0.0,83.75327408716235,0.0,2.3289240500264463
2024-01-10 00:00:00+00:00,1055084.5387444857,-0.00027522731349822533,0.23177785779314786,64.34622607414386,0.0,2.3282812918906797
2024-01-11 00:00:00+00:00,1054122.6275080908,-0.000911691149923907,0.2318416669523001,64.32317305606075,0.8853501341934196,2.3359811863598234
2024-01-12 00:00:00+00:00,1055667.3891715629,0.0014654477791865733,0.2320532278264207,64.24683089444211,1.0345062376622038,2.321365355858625
2024-01-16 00:00:00+00:00,1052689.236091515,-0.0028211092912370046,0.23171366355276016,64.3694310264637,0.7453689936101746,2.3508036228110756
2024-01-17 00:00:00+00:00,1051201.9064143458,-0.0014128858034983373,0.23236920246884232,64.13306967090436,0.5767591994207841,2.3680021958494666
2024-01-18 00:00:00+00:00,1050421.9101604517,-0.0007420042231037679,0.2326979781386572,64.01502763303377,0.5462853669266976,2.373164496129683
2024-01-19 00:00:00+00:00,1050335.71728034,-8.20554857795955e-05,0.23287076923286543,63.953123168439,0.548852860420247,2.3734992810144138
2024-01-22 00:00:00+00:00,1050567.234365389,0.00022042198626601162,0.23288987912503017,63.946282463668226,0.5428599201205409,2.3733477289425027
2024-01-23 00:00:00+00:00,1052519.119354001,0.001857934385123952,0.23283855638795184,63.96465683549752,0.7081703565443713,2.3550800800149765
2024-01-24 00:00:00+00:00,1051668.4492923853,-0.0008082229063334,0.23240675987744028,64.11956834253021,0.6064908221709204,2.365362364298402
2024-01-25 00:00:00+00:00,1053472.3753086603,0.0017152991681825612,0.23259474828089374,64.05205484557658,0.7561393447190714,2.3488041977173757
2024-01-26 00:00:00+00:00,1052766.5480011054,-0.00067000077467441,0.23219646188297097,64.195223577027,0.6904309808379099,2.3560424668108104
2024-01-29 00:00:00+00:00,1052788.2385358033,2.060336618695715e-05,0.23235213799542515,64.13920553674485,0.7196709803142147,2.354266897804719
2024-01-30 00:00:00+00:00,1051922.0051153044,-0.000822799295044977,0.23234735085787286,64.14092700775262,0.6549394965364497,2.362025197449634
2024-01-31 00:00:00+00:00,1051163.6975360687,-0.0007208781407253849,0.23253868352274606,64.07217832358604,0.5953477745789832,2.3690782146984515
2024-02-01 00:00:00+00:00,1053852.4117811758,0.0025578454159037077,0.23270643650602935,64.01199518237686,0.837744292835358,2.343457327554723
2024-02-02 00:00:00+00:00,1051520.2073042598,-0.0022130276031481553,0.23211272802866834,64.2253852018298,0.6138245851961945,2.3669767951723895
2024-02-05 00:00:00+00:00,1050327.331177164,-0.0011344300554658755,0.23262753919415743,64.04028960842376,0.4786184680055434,2.3810631785131475
2024-02-06 00:00:00+00:00,1050867.0679042037,0.000513874780764438,0.23289173858207463,63.94561689992412,0.5411424218842658,2.374849191298152
2024-02-07 00:00:00+00:00,1050056.3982558998,-0.000771429301634356,0.23277212285847265,63.988453148101854,0.47151778372864994,2.382921304842054
2024-02-08 00:00:00+00:00,1049771.4490423412,-0.000271365627629015,0.23295182872502046,63.924114287125356,0.4409274118603743,2.386376006197236
2024-02-09 00:00:00+00:00,1049145.8594598838,-0.0005959293168319036,0.2330150610032966,63.901499270176274,0.3693474218868995,2.3941392956907013
2024-02-12 00:00:00+00:00,1050618.4782287348,0.0014036358772927594,0.23315400430980157,63.85184930331456,0.4655272308455469,2.3821351214411797
2024-02-13 00:00:00+00:00,1048274.160523011,-0.002231369192816933,0.23282719969909432,63.96872380877894,0.21518082886054168,2.4099469273243592
2024-02-14 00:00:00+00:00,1048518.1206391575,0.00023272548855421906,0.23334788498084957,63.78266684800721,0.22484821082544793,2.4085855619750904
2024-02-15 00:00:00+00:00,1050419.23118319,0.0018131403803241235,0.23329359161576424,63.80202876198708,0.39957862596620464,2.3885016909381127
2024-02-16 00:00:00+00:00,1050308.5062772261,-0.00010541020449428938,0.23287136314382703,63.952910551196,0.4031245911742154,2.388787577871997
2024-02-20 00:00:00+00:00,1049417.647793686,-0.0008481874403719124,0.23289591274961585,63.94412286024651,0.3555211372327556,2.3955811659898827
2024-02-21 00:00:00+00:00,1049067.988291132,-0.0003331938464053055,0.23309361983038682,63.87341980599729,0.3261534571047937,2.399218184216264
2024-02-22 00:00:00+00:00,1047011.7442517899,-0.001960067471596053,0.23317131107639574,63.84566905182633,0.15521243139236396,2.4198010400287244
2024-02-23 00:00:00+00:00,1047940.0401242939,0.0008866145748607452,0.2336292401504283,63.68247508044997,0.24808253711351513,2.409383888388812
2024-02-26 00:00:00+00:00,1046293.8827461774,-0.0015708507310411186,0.2334222845508482,63.756149356045526,0.10528570398320647,2.4264995553516115
2024-02-27 00:00:00+00:00,1046206.3409317521,-8.366847581627183e-05,0.23378953300968625,63.625501945083904,0.08840030256168196,2.4284192179677975
2024-02-28 00:00:00+00:00,1045332.5071335004,-0.0008352403957650074,0.2338090954603354,63.61855418203428,0.02330169293960993,2.4367693846557246
2024-02-29 00:00:00+00:00,1046670.8997539572,0.0012803510952958692,0.2340045455095376,63.54920229328414,0.14431599124287686,2.422531155065958
2024-03-01 00:00:00+00:00,1047292.1160946038,0.0005935163964075469,0.23370532064627167,63.65542392982832,0.279636260391118,2.4095584300064017
2024-03-04 00:00:00+00:00,1048927.7252211454,0.001561750634236513,0.23356669498314445,63.704726814006634,0.47834321156388726,2.389578692552608
2024-03-05 00:00:00+00:00,1048446.7579480858,-0.0004585323292491368,0.23320249084516148,63.834537062144854,0.4642671362451616,2.3923119276859723
2024-03-06 00:00:00+00:00,1049265.33391403,0.0007807511060898911,0.23330947078023423,63.79636505634647,0.5648437014746215,2.382802329158171
2024-03-07 00:00:00+00:00,1049602.9082714578,0.0003217244928586531,0.23312745626089862,63.86133140285,0.6199022326487476,2.3781845374996906
2024-03-08 00:00:00+00:00,1048959.9140474328,-0.0006126071288082213,0.2330524775707427,63.88812301851885,0.6088828866807998,2.38123983896897
2024-03-11 00:00:00+00:00,1049926.5235294614,0.0009214932516332674,0.2331953346951818,63.83709173089782,0.6874390635016414,2.373132833083975
2024-03-12 00:00:00+00:00,1049672.3840454433,-0.00024205454222050248,0.23298064460341858,63.91380676915405,0.6098685206450636,2.3792505329294085
2024-03-13 00:00:00+00:00,1051412.87917794,0.0016581317742102876,0.23303705228042873,63.89363696883517,0.7694262577673734,2.3633138694099194
2024-03-14 00:00:00+00:00,1050958.2461253332,-0.0004324020198062387,0.23265128579114755,64.0317715031603,0.7038431871212716,2.3692132164771365
2024-03-15 00:00:00+00:00,1051138.7057037898,0.00017170956041489497,0.23275192819501286,63.99568951485817,0.7126534115791054,2.3682492510744386
2024-03-18 00:00:00+00:00,1050286.260433807,-0.0008109731525983924,0.23271196932505678,64.01001170362457,0.6399696566561106,2.3760572359579255
2024-03-19 00:00:00+00:00,1048686.1530301594,-0.0015234964637038256,0.23290084565810296,63.942357317117995,0.4993755785916434,2.3910269064888032
2024-03-20 00:00:00+00:00,1051084.6724841702,0.002287166133623758,0.23325621067019597,63.81536466603485,0.7828766627163384,2.364760038018892
2024-03-21 00:00:00+00:00,1049911.037540672,-0.0011165940996211618,0.0,83.41941845112461,0.691111117750246,2.37240823541654
2024-03-22 00:00:00+00:00,1049994.3638134927,7.936507936498406e-05,0.0,83.32627282068826,0.0,2.3803803663089247
2024-03-25 00:00:00+00:00,1050077.6966995096,7.936507936506393e-05,0.0,83.33288601694386,0.0,2.3755590350802533
2024-03-26 00:00:00+00:00,1050161.0361992477,7.936507936508991e-05,0.0,83.33949973805632,0.0,2.3774744305480846
2024-03-27 00:00:00+00:00,1050244.3823132317,7.936507936502234e-05,0.0,83.34611398406727,0.0,2.358273875777698
2024-03-28 00:00:00+00:00,1050327.7350419867,7.936507936504327e-05,0.0,83.35272875501839,0.0,2.348088401597372
2024-04-01 00:00:00+00:00,1050411.0943860377,7.936507936511304e-05,0.0,83.35934405095132,0.0,2.3488100820219513
2024-04-02 00:00:00+00:00,1050494.4603459095,7.936507936497028e-05,0.0,83.36595987190775,0.0,2.3505106087012244
2024-04-03 00:00:00+00:00,1050577.8329221273,7.936507936501868e-05,0.0,83.37257621792932,0.0,2.3399439703702045
2024-04-04 00:00:00+00:00,1050661.2121152163,7.936507936499688e-05,0.0,83.37919308905772,0.0,2.347644278740796
2024-04-05 00:00:00+00:00,1050744.5979257016,7.936507936508687e-05,0.0,83.38581048533463,0.0,2.3321789134485216
2024-04-08 00:00:00+00:00,1050827.9903541084,7.936507936502735e-05,0.0,83.39242840680171,0.0,2.3484259773740117
2024-04-09 00:00:00+00:00,1050911.3894009618,7.936507936500025e-05,0.0,83.39904685350066,0.0,2.3408286897647126
2024-04-10 00:00:00+00:00,1050994.7950667874,7.936507936518747e-05,0.0,83.40566582547316,0.0,2.3442167598112365
2024-04-11 00:00:00+00:00,1051078.2073521102,7.93650793651062e-05,0.0,83.41228532276091,0.0,2.3399377433789623
2024-04-12 00:00:00+00:00,1051161.6262574557,7.936507936515988e-05,0.0,83.41890534540558,0.0,2.342570638735352
2024-04-15 00:00:00+00:00,1051245.0517833491,7.936507936508733e-05,0.0,83.42552589344886,0.0,2.3668431928399642
2024-04-16 00:00:00+00:00,1051328.483930316,7.936507936507038e-05,0.0,83.43214696693246,0.0,2.3828753891170145
2024-04-17 00:00:00+00:00,1053346.9741094182,0.0019199424442075314,0.25,62.579076424423576,0.0,2.362666197646831
2024-04-18 00:00:00+00:00,1053380.9292524797,3.2235477858732014e-05,0.249520934167773,62.73927405768565,1.2124484360943126,2.3615172886384745
2024-04-19 00:00:00+00:00,1053833.448242495,0.000429587224762559,0.24951289100049967,62.74196891030957,1.2699939253725254,2.3571982862347145
2024-04-22 00:00:00+00:00,1053008.0609515072,-0.0007832236605930511,0.24940574947674213,62.77788311586636,1.0751276942001675,2.3703835767360713
2024-04-23 00:00:00+00:00,1055320.598590858,0.0021961252958132478,0.2496012430760327,62.712376188010175,1.2355857665930665,2.3529846156706284
2024-04-24 00:00:00+00:00,1055362.2349312576,3.9453736101713054e-05,0.24905428865269177,62.89591092129199,1.2202910194020191,2.3537957413582524
2024-04-25 00:00:00+00:00,1059203.4152858343,0.0036396795597172294,0.2490444629181742,62.89921539275227,1.5488094852192837,2.3226128221548685
2024-04-26 00:00:00+00:00,1059068.8422837087,-0.0001270511406813078,0.24814130807126572,63.20407097644883,1.5527816459990063,2.3233887632525434
2024-04-29 00:00:00+00:00,1060146.011545173,0.0010170908806470137,0.24817283871351037,63.19339057945474,1.6185567445788656,2.3161077836409496
2024-04-30 00:00:00+00:00,1057569.2932612987,-0.002430531507748281,0.24792068084989416,63.27888020338046,1.3228682804571903,2.3403824402892277
2024-05-01 00:00:00+00:00,1057025.0881181126,-0.0005145810744067921,0.2485247280318301,63.07437875227934,1.3349866238789176,2.3425745683496295
2024-05-02 00:00:00+00:00,1058612.4228634993,0.001501700161358181,0.24865267999505608,63.03118786789949,1.4178832370955115,2.332057320104001
2024-05-03 00:00:00+00:00,1058384.3928945824,-0.00021540458433322868,0.24827983812208615,63.157166815946056,1.3876941256442918,2.334672517837561
2024-05-06 00:00:00+00:00,1059520.7753720805,0.0010736954221237595,0.24833333025986687,63.13906919936534,1.5228678045872883,2.324152072475061
2024-05-07 00:00:00+00:00,1059983.3254445377,0.00043656536351987835,0.24806698187704543,63.22925828488107,1.535810288510396,2.321749629976975
2024-05-08 00:00:00+00:00,1060638.039157708,0.0006176641626845281,0.24795873168321023,63.26596860809195,1.5691707948795868,2.317636888596798
2024-05-09 00:00:00+00:00,1062098.601208563,0.001377059842219978,0.24780567100092296,63.317930013899115,1.7597328824469431,2.304126288495941
2024-05-10 00:00:00+00:00,1060195.422558636,-0.0017919039228197788,0.2474648970288654,63.43384763698285,1.637481652021656,2.317851104140144
2024-05-13 00:00:00+00:00,1061093.9017082127,0.0008474655996989558,0.2479091263649015,63.28280171238548,1.6558210116221868,2.313177936299539
2024-05-14 00:00:00+00:00,1061384.6689527943,0.0002740259312710253,0.2476992098055187,63.35410958139949,1.7077043728861787,2.3102722928997266
2024-05-15 00:00:00+00:00,1061230.060584126,-0.0001456666684480967,0.24763135239356715,63.377186346842485,1.7568183917801896,2.30968513327031
2024-05-16 00:00:00+00:00,1060642.2040098826,-0.0005539388640384255,0.24766742928287389,63.36491584139262,1.6951589326597116,2.3148751391131692
2024-05-17 00:00:00+00:00,1062674.3944933417,0.001916000019399665,0.2478046979357518,63.31826055772252,1.918070551566373,2.2982493097586585
2024-05-20 00:00:00+00:00,1063141.098414283,0.00043917866409479806,0.2473308120949797,63.47954551672719,1.9762900241978447,2.294592144094625
2024-05-21 00:00:00+00:00,1062402.0516390852,-0.000695153988779251,0.24722223736304005,63.5165855104527,1.9012876982233804,2.300687218461105
2024-05-22 00:00:00+00:00,1060508.39935689,-0.001782425287369898,0.24739421443800755,63.457931004484614,1.664766290508823,2.31773851588828
2024-05-23 00:00:00+00:00,1061758.6818790315,0.001178946364686654,0.2478359635265169,63.307641140818326,1.651713720248384,2.3124868863657526
2024-05-24 00:00:00+00:00,1062916.1924156728,0.0010901823139254781,0.24754412228345127,63.406869912416866,1.7530647882541852,2.303649112654234
2024-05-28 00:00:00+00:00,1063886.4550982364,0.0009128308416851988,0.24727454794459816,63.49873582802332,1.8721329364416837,2.295382683344166
2024-05-29 00:00:00+00:00,1062798.8051196572,-0.001022336522254928,0.24704903396698458,63.57574080282995,1.7323765046199522,2.3055258572956405
2024-05-30 00:00:00+00:00,1063536.0526161944,0.000693684912878841,0.24730185969016738,63.48941937595859,1.798348455431015,2.300025310662388
2024-05-31 00:00:00+00:00,1064128.90557956,0.0005574356994360975,0.24713042904002905,63.54793108203297,1.8072503784688025,2.2970639570533735
2024-06-03 00:00:00+00:00,1063160.2781542733,-0.0009102538425634997,0.2469927464656473,63.594982904522304,1.773546201954517,2.303307811897396
2024-06-04 00:00:00+00:00,1060113.3462108232,-0.002865919660523649,0.2472177773974734,63.518107712039225,1.4820951509493672,2.328764694553347
2024-06-05 00:00:00+00:00,1060513.344780138,0.00037731679423200714,0.2479283200442889,63.27628771652732,1.5637605622652344,2.324012753777093
2024-06-06 00:00:00+00:00,1063482.2690261824,0.002799516159468857,0.24783480780910727,63.3080336347269,1.8374211241317409,2.300623262128425
2024-06-07 00:00:00+00:00,1061027.7307820823,-0.002308019903658239,0.24714292719073835,63.54366254314312,1.4655992549656924,2.3260030333504917
2024-06-10 00:00:00+00:00,1061114.9062938746,8.216138868306973e-05,0.24771465755079347,63.348857920595506,1.5026566520751077,2.3244055558335606
2024-06-11 00:00:00+00:00,1059984.0825803392,-0.0010656939289308812,0.24769430664259084,63.35577661200758,1.4192261949506761,2.3333631244448036
2024-06-12 00:00:00+00:00,1060367.9621900546,0.0003621560134949772,0.2479585545688213,63.266028698234926,1.4519761092208585,2.330521355885925
2024-06-13 00:00:00+00:00,1059042.3686698605,-0.0012501259633082606,0.2478687873969078,63.296495333926636,1.3070280020384948,2.343079381201691
2024-06-14 00:00:00+00:00,1058288.045826545,-0.0007122688058863616,0.24817904246143782,63.19128949899059,1.2968415035484329,2.3471685417271897
2024-06-17 00:00:00+00:00,1058120.444687213,-0.00015837005812631568,0.24835593864929434,63.13142260666396,1.261330594993858,2.3498033260898827
2024-06-18 00:00:00+00:00,1059329.2697064674,0.0011424266729972176,0.2483952770237549,63.118120928939206,1.3692179658325712,2.3398799533644405
2024-06-20 00:00:00+00:00,1060042.8337882448,0.0006735998921044411,0.24811182745418517,63.21405942253083,1.4883495052743152,2.3319797186600852
2024-06-21 00:00:00+00:00,1061111.180490341,0.0010078335214798494,0.24794481185567133,63.27069149251316,1.4799430791468633,2.3276553795046664
2024-06-24 00:00:00+00:00,1061001.412091108,-0.00010344665219932406,0.24769517635383306,63.355480913314445,1.4932809371494982,2.327926529127056
2024-06-25 00:00:00+00:00,1060540.1030045294,-0.0004347864963435626,0.24772080224150508,63.34676913559755,1.4263680810312585,2.3330684716764054
2024-06-26 00:00:00+00:00,1062037.675186438,0.0014120844442053605,0.24782855475051896,63.31015730332939,1.4926887108387676,2.323647114300396
2024-06-27 00:00:00+00:00,1061638.539482556,-0.0003758206636237292,0.2474790933725016,63.429012238401505,1.5199016099861016,2.3247642556299213
2024-06-28 00:00:00+00:00,1060652.1527574493,-0.0009291172922071088,0.2475721360969843,63.39733480158549,1.4331045753296126,2.333128433712677
2024-07-01 00:00:00+00:00,1060460.962558132,-0.0001802572113961778,0.24780237356731566,63.31905014086273,1.4251502360674662,2.334619237759609
2024-07-02 00:00:00+00:00,1060965.7771310706,0.0004760331504527638,0.24784704978536273,63.303876315520064,1.456487122759767,2.3312938781446624
2024-07-03 00:00:00+00:00,1062757.1594162984,0.0016884449280464026,0.24772912251071508,63.343940964165995,1.6494798914033566,2.3158086289587314
2024-07-05 00:00:00+00:00,1064024.8307538563,0.0011928137357872083,0.2473115505774952,63.48611416140629,1.817535275976375,2.304361366056023
2024-07-08 00:00:00+00:00,1065915.2168125496,0.0017766371648995794,0.2470169054197389,63.58672299772043,1.894372717482106,2.292904742842665
2024-07-09 00:00:00+00:00,1065367.6424912866,-0.0005137128287749172,0.24657882431638117,63.73675363729926,1.863302752743724,2.296906659020955
2024-07-10 00:00:00+00:00,1068390.8790050787,0.002837740131399568,0.2467055601275488,63.69329535783394,2.1077901870402496,2.275019515394161
2024-07-11 00:00:00+00:00,1068672.1551687573,0.00026327083954568207,0.24600745490015516,63.93323476369044,2.2135071202881798,2.271429201832249
2024-07-12 00:00:00+00:00,1069645.7946955964,0.0009110741045605187,0.24594270535763552,63.955558268744305,2.280493385363364,2.2651533901588854
2024-07-15 00:00:00+00:00,1067960.3879725721,-0.0015756680682355812,0.24571883728797972,64.03283124706488,2.164511535817078,2.2769160169593876
2024-07-16 00:00:00+00:00,1069308.786701,0.001262592455313589,0.24610661962991195,63.89906880872961,2.3610010037354563,2.265997392495169
2024-07-17 00:00:00+00:00,1067349.2286919511,-0.001832546438802298,0.24579627910237314,64.00608458082708,2.1848478012206343,2.280231860297691
2024-07-18 00:00:00+00:00,1066712.0251079358,-0.0005969963409223331,0.24624753915331238,63.85056410391843,2.0952263810255003,2.285943807818345
2024-07-19 00:00:00+00:00,1068376.6326508024,0.001560503213318678,0.24639463584933732,63.79999239090134,2.1285351834602624,2.276876324666283
2024-07-22 00:00:00+00:00,1067778.7761734372,-0.0005595933672582852,0.24601073530638085,63.932104100652644,2.0674145770989703,2.2818100165148505
2024-07-23 00:00:00+00:00,1068235.5404854212,0.00042777054777286304,0.24614847836223305,63.88465517387763,2.1261729024896265,2.2783153157061853
2024-07-24 00:00:00+00:00,1067705.9239082986,-0.0004957863289981235,0.24604322831568065,63.920906309749384,2.062156171249856,2.282959107175118
2024-07-25 00:00:00+00:00,1066833.3286207765,-0.000817261820865398,0.24616527369305174,63.878873248072985,1.9131725120335226,2.291774993010624
2024-07-26 00:00:00+00:00,1066340.8480271553,-0.00046162842911737104,0.2463666197252889,63.809619653825195,1.9154547055787492,2.294519239387406
2024-07-29 00:00:00+00:00,1067145.3676047605,0.0007544675598741542,0.24648040208611213,63.77053389242669,1.9672112843342506,2.289297388962823
2024-07-30 00:00:00+00:00,1066594.8043762022,-0.0005159214904282805,0.24629458081471461,63.834384652554085,1.9718507499987672,2.2922745837150624
2024-07-31 00:00:00+00:00,1067345.638302493,0.0007039542319258385,0.2464217150732291,63.79068915822406,2.1060751755490044,2.285282518963749
2024-08-01 00:00:00+00:00,1065251.1233977613,-0.0019623586114642013,0.2462483674928277,63.850279152374114,1.9306610172588041,2.3007083734462968
2024-08-02 00:00:00+00:00,1062867.9231143505,-0.0022372192162625365,0.2467325452276837,63.68404781072874,1.7363769946944745,2.3184227614597477
2024-08-05 00:00:00+00:00,1062076.2298944527,-0.0007448650981751636,0.2472857777215107,63.494904931092975,1.5902243994852496,2.3275258138828208
2024-08-06 00:00:00+00:00,1064007.3393226194,0.0018182399472009227,0.24747010956897023,63.432072135862995,1.6905094492924964,2.3151930653516133
2024-08-07 00:00:00+00:00,1060879.0998329136,-0.0029400544282874056,0.24702096618046473,63.58533478889209,1.4382028063278982,2.3394420428647105
2024-08-08 00:00:00+00:00,1061541.1383193466,0.0006240470629850775,0.2477493627916457,63.337061813518616,1.567170495646143,2.3316658263306915
2024-08-09 00:00:00+00:00,1062176.2614856502,0.0005983029233413939,0.24759485195147515,63.389604550537115,1.629300407420207,2.3267682564115746
2024-08-12 00:00:00+00:00,1062839.2865148198,0.0006242137517197617,0.2474468038053869,63.4400111510374,1.7695873439155425,2.319172604432109
2024-08-13 00:00:00+00:00,1064611.1087485105,0.001667065055057072,0.24729244046335333,63.49263218509848,1.8797068739821698,2.3076844516587554
2024-08-14 00:00:00+00:00,1065183.5749261945,0.0005377232803412855,0.24688087398557004,63.633252997296154,1.889686502538324,2.304936177418462
2024-08-15 00:00:00+00:00,1065320.558361585,0.00012860077700691972,0.24674819173849014,63.67868682092186,1.9127303886747333,2.303891713559962
2024-08-16 00:00:00+00:00,1065286.9347764538,-3.156194149014053e-05,0.24671646380954382,63.68955852214334,2.0208679852961997,2.3012923642987557
2024-08-19 00:00:00+00:00,1068455.6254747333,0.002974495034940488,0.24672425090591513,63.68688998364086,2.2477050698995042,2.2804054326708707
2024-08-20 00:00:00+00:00,1068813.7951193263,0.00033522182489692764,0.24599254729535272,63.9383733723932,2.2946036257367672,2.2778851115771035
2024-08-21 00:00:00+00:00,1069873.9600804849,0.0009919080068012877,0.24591011285855968,63.96679953466248,2.369811152028017,2.271244396939496
2024-08-22 00:00:00+00:00,1068535.8584129359,-0.001250709632607875,0.24566643435532032,64.05093961094491,2.2027634032506556,2.281951054659376
2024-08-23 00:00:00+00:00,1068641.4751730568,9.884250424485458e-05,0.2459740765021734,63.94474106590134,2.260168753083441,2.280436918856666
2024-08-26 00:00:00+00:00,1067748.2089827075,-0.0008358895018600142,0.24594976621136264,63.95312334845062,2.1983024240290594,2.2866139277946367
2024-08-27 00:00:00+00:00,1067542.0610482232,-0.00019306792814075718,0.2461555250305605,63.882229206359405,2.1968159874942357,2.2879720552624367
2024-08-28 00:00:00+00:00,1065491.266189887,-0.0019210436133284842,0.24620305894505295,63.8658682591781,1.9835369877643994,2.3037050150386538
2024-08-29 00:00:00+00:00,1067220.364441411,0.0016228178553797704,0.2466769360976989,63.70310676248475,2.1428406064477565,2.2914576479819546
2024-08-30 00:00:00+00:00,1067224.5061297445,3.8808183120890855e-06,0.2462772729417947,63.840336782447,2.103222406519377,2.2927291654929713
2024-09-03 00:00:00+00:00,1063363.7709228485,-0.0036175473714493366,0.24627631718815313,63.84066548787027,1.773017312701849,2.3209014015771436
2024-09-04 00:00:00+00:00,1062311.2994403145,-0.0009897567618093346,0.2471704680652023,63.53425793176742,1.6861518779397644,2.3288774088288897
2024-09-05 00:00:00+00:00,1062437.932288471,0.00011920502796411992,0.24741534907992957,63.450728449026634,1.7353376361736024,2.326898595731585
2024-09-06 00:00:00+00:00,1060299.9957893945,-0.0020122930800026647,0.2473858594416369,63.46077867507078,1.5209792613082858,2.3443031933818395
2024-09-09 00:00:00+00:00,1061596.168145262,0.001222458135447275,0.24788467605991096,63.29110117514409,1.6391765739113215,2.3345293370636186
2024-09-10 00:00:00+00:00,1062154.221018015,0.0005256734052911947,0.24758201740853944,63.39397199703832,1.699688257790718,2.330204231723691
2024-09-11 00:00:00+00:00,1063024.5926549383,0.0008194399831026425,0.24745193850537942,63.43826190757429,1.7515132366518114,2.3248317675759216
2024-09-12 00:00:00+00:00,1065780.9722293736,0.0025929593665854427,0.24724933251651995,63.50733902161583,2.066270086895938,2.3029998970164636
2024-09-13 00:00:00+00:00,1067151.023247721,0.0012854902217680122,0.24660988311021675,63.726099305301155,2.221795057796539,2.2928869608239033
2024-09-16 00:00:00+00:00,1066627.0959839665,-0.0004909588730561515,0.24629327551285776,63.8348335131065,2.1723990903945647,2.296869517316844
2024-09-17 00:00:00+00:00,1066280.4555045129,-0.0003249875057166345,0.24641425477768839,63.793251984237095,2.1150554621989057,2.3002423453615823
2024-09-18 00:00:00+00:00,1066375.3392489736,8.898572975893942e-05,0.24649436236568684,63.76574083507412,2.0941019262278697,2.30062552049827
2024-09-19 00:00:00+00:00,1065563.3606923115,-0.000761437860363462,0.24647242983665235,63.77327129098371,2.0791308137765205,2.3051207568203247
2024-09-20 00:00:00+00:00,1066033.8288600731,0.0004415205938161235,0.24666024628682173,63.70882854839147,2.1897691611969337,2.3003989426285427
2024-09-23 00:00:00+00:00,1065384.9843145013,-0.0006086528663594586,0.24655138877124524,63.74616729186461,2.1405733852603914,2.3049214203545723
2024-09-24 00:00:00+00:00,1066821.370117844,0.001348231695105979,0.24670154437336342,63.6946716930097,2.314627889524259,2.294372774222783
2024-09-25 00:00:00+00:00,1066895.3397060072,6.933643272903793e-05,0.24636938136470385,63.80867056629087,2.311124511781006,2.294392394144769
2024-09-26 00:00:00+00:00,1066930.922527319,3.335174500031088e-05,0.24635230017501514,63.81454116852604,2.3416456060575066,2.293839059359196
2024-09-27 00:00:00+00:00,1063995.740073538,-0.0027510520051554485,0.24634408416993755,63.81736520196349,2.069870194039586,2.3142023519336417
2024-09-30 00:00:00+00:00,1063970.318165845,-2.3892866047713498e-05,0.2470236591026327,63.584414213568174,2.017584780227601,2.316032002300899
2024-10-01 00:00:00+00:00,1064126.9706085962,0.0001472338467310528,0.24702956134685178,63.582396601846504,2.081526432893306,2.3138513885804546
2024-10-02 00:00:00+00:00,1064083.7780436585,-4.0589672220269934e-05,0.24699319558854888,63.59482933539819,2.0714183522115417,2.314591546941451
2024-10-03 00:00:00+00:00,1061722.1765610576,-0.0022193755147200548,0.24700322136834157,63.59140135405393,1.8710034185965219,2.3310101739451072
2024-10-04 00:00:00+00:00,1061747.2523982162,2.361807797951364e-05,0.24755263362200672,63.40397266495861,1.8579992130362837,2.3315730769405256
2024-10-07 00:00:00+00:00,1060855.41346119,-0.0008399729172943741,0.24754678704268676,63.405962810764855,1.7654766591113287,2.338608813993938
2024-10-08 00:00:00+00:00,1062200.1077047458,0.0012675565647241546,0.24775489444414697,63.33518194274689,1.8235076275971762,2.3312544774138533
2024-10-09 00:00:00+00:00,1062258.5020278268,5.497487964597582e-05,0.2474412486650181,63.44190370810848,1.789549886065902,2.332369840332217
2024-10-10 00:00:00+00:00,1064591.0577894608,0.002195845697804359,0.24742764635993836,63.446538178194274,2.025739310955183,2.3152299945992074
2024-10-11 00:00:00+00:00,1063704.886241702,-0.0008324055901793163,0.24688552384455412,63.631661651339826,1.9990435595445204,2.3201919885059947
2024-10-14 00:00:00+00:00,1064134.4259160305,0.0004038147045147984,0.24709120394400125,63.56133057612087,2.0165671267292478,2.318070750866341
2024-10-15 00:00:00+00:00,1065445.3986957937,0.001231961628000757,0.2469914651584806,63.595421026464415,2.137527103233796,2.3092188929155832
2024-10-16 00:00:00+00:00,1065974.3500196866,0.0004964602827516153,0.2466875555559304,63.699466485175776,2.2038327064872556,2.305431304574937
2024-10-17 00:00:00+00:00,1066084.925497931,0.00010373183767723671,0.2465651457539527,63.74144674897679,2.2481671202713263,2.3041357640570648
2024-10-18 00:00:00+00:00,1069645.6215768415,0.0033399741369079163,0.2465395717511148,63.75022258058349,2.578702527297016,2.280945374764666
2024-10-21 00:00:00+00:00,1069662.9393315678,1.619017960440201e-05,0.24571887705679504,64.03281750748114,2.572503216140733,2.281267556541507
2024-10-22 00:00:00+00:00,1071102.9543516396,0.001346232506635807,0.24571489888845055,64.03419193245944,2.738539989888207,2.2718652657727625
2024-10-23 00:00:00+00:00,1069870.126077795,-0.0011509895186414907,0.2453845542249266,64.14847883881433,2.5836890023408636,2.2806642956824468
2024-10-24 00:00:00+00:00,1065078.6147668478,-0.004478591554390889,0.2456673147292528,64.05063532501714,2.226586296030112,2.3105470360958176
2024-10-25 00:00:00+00:00,1062264.8549388798,-0.002641832996134201,0.24677250799943493,63.67035664954514,2.0671291809644035,2.327121482090249
2024-10-28 00:00:00+00:00,1062959.0560031815,0.0006535103379105932,0.24742616661049352,63.44704237748419,2.06141200978152,2.324599115817888
2024-10-29 00:00:00+00:00,1063031.741192191,6.838004587186443e-05,0.2472645766534514,63.50213770004782,2.132629009504761,2.32262332051034
2024-10-30 00:00:00+00:00,1060459.8497394177,-0.0024193929053227168,0.24724766984644558,63.50790636584221,1.944742819945045,2.3388798612209727
2024-10-31 00:00:00+00:00,1059641.7312547872,-0.0007714752093929017,0.24784730986954728,63.3037879965745,1.7942777330452317,2.347163177485353
2024-11-01 00:00:00+00:00,1058921.3020825577,-0.0006798799546865551,0.24803866555099077,63.238857958111765,1.7140203404558934,2.3529776753555125
2024-11-04 00:00:00+00:00,1059404.4761254634,0.0004562889064139449,0.24820741679827646,63.18168103968085,1.7443462521183029,2.3502694587909683
2024-11-05 00:00:00+00:00,1059335.6921086353,-6.492705890729759e-05,0.24809421416060948,63.2200281859432,1.748386813003623,2.3506495554384044
2024-11-06 00:00:00+00:00,1059632.069875473,0.00027977700463169616,0.2481103232341816,63.2145691369886,1.5987475362223105,2.355016557284138
2024-11-07 00:00:00+00:00,1060242.8719735988,0.0005764284750250139,0.24804092708657527,63.238091181975705,1.730409489336472,2.348128306297128
2024-11-08 00:00:00+00:00,1059978.3325359628,-0.00024950833872960183,0.24789803160225707,63.28656753896982,1.6616131529867664,2.3518409084033993
2024-11-11 00:00:00+00:00,1056302.814409899,-0.0034675408102637275,0.24795989966489404,63.26557234550665,1.2398464459568546,2.383247502851459
2024-11-12 00:00:00+00:00,1056074.4380133613,-0.00021620352935000018,0.24882270254047323,62.973864557723815,1.1655931819097143,2.3877559810464035
2024-11-13 00:00:00+00:00,1056358.9797585374,0.00026943341769671084,0.24887651052042006,62.955739446887485,1.1239580407729113,2.38895070948479
2024-11-14 00:00:00+00:00,1057091.056307916,0.0006930187212930471,0.2488094729337722,62.978322125076055,1.1681673416656093,2.3843654089141344
2024-11-15 00:00:00+00:00,1056551.5538544194,-0.0005103651670093499,0.24863716272519445,63.03642343851882,1.1139200298138583,2.3891915685657623
2024-11-18 00:00:00+00:00,1058403.2363013502,0.001752571789020274,0.24876412326851233,62.993605783479396,1.3620276066594292,2.371158435974382
2024-11-19 00:00:00+00:00,1059325.4378878754,0.0008713140274852845,0.24832890902815138,63.140564707838976,1.473683607578196,2.363228247965445
2024-11-20 00:00:00+00:00,1058081.7492656533,-0.0011740382867627198,0.24811272493052183,63.21375530994416,1.4033224168853713,2.371119014983424
2024-11-21 00:00:00+00:00,1058241.1955593508,0.00015069373780251012,0.24840436116112383,63.115049863736054,1.4479270918575904,2.36892146147161
2024-11-22 00:00:00+00:00,1056315.9287895123,-0.001819308091498827,0.24836693381952002,63.12770433148982,1.3830128111594946,2.3789990306936155
2024-11-25 00:00:00+00:00,1058238.5831012072,0.001820150827317518,0.24881961335542113,62.974905381502644,1.315934825535265,2.3749464915339904
2024-11-26 00:00:00+00:00,1058107.9932127066,-0.00012340306863298906,0.24836754695934427,63.12749699354192,1.3467228417656831,2.374340363732704
2024-11-27 00:00:00+00:00,1058553.204652854,0.00042076181543207334,0.24839820005947452,63.11713271667679,1.3854702061095945,2.371244345901323
2024-11-29 00:00:00+00:00,1058294.72145997,-0.00024418535766340205,0.24829372753991444,63.15246695795834,1.3917312389030094,2.372197658296935
2024-12-02 00:00:00+00:00,1056429.5331062495,-0.0017624469969456777,0.24835437204107855,63.131952418840555,1.2169944032003035,2.386975358784912
2024-12-03 00:00:00+00:00,1059170.0137903518,0.002594097001476632,0.24879285626346162,62.98392159711671,1.431629717722239,2.367682304293757
2024-12-04 00:00:00+00:00,1058549.9245653916,-0.0005854482442730176,0.24814913334074337,63.201420064108945,1.3930124751210506,2.371879473858983
2024-12-05 00:00:00+00:00,1059355.920502289,0.0007614151380042542,0.24829449691802669,63.15220663355655,1.4141128290059757,2.3681616930905642
2024-12-06 00:00:00+00:00,1057347.4560049274,-0.0018959298366966791,0.24810558556935078,63.21617456505634,1.254061818012418,2.3828500025138566
2024-12-09 00:00:00+00:00,1059358.9633973346,0.0019024090718555511,0.2485768698736569,63.056772620821306,1.459590009179775,2.3667735013397526
2024-12-10 00:00:00+00:00,1057119.4200972663,-0.0021140551762417587,0.24810487291265632,63.21641606466314,1.3551209198075491,2.379718247845914
2024-12-11 00:00:00+00:00,1059125.1732996893,0.0018973761755681651,0.24863049149016261,63.0386745329117,1.5552589137659574,2.3644097019196235
2024-12-12 00:00:00+00:00,1057252.8364412216,-0.0017678145186885,0.24815963930281187,63.19786129500876,1.3197484810812847,2.381197123690923
2024-12-13 00:00:00+00:00,1056079.822559765,-0.001109492300257155,0.24859911643017027,63.0492631316383,1.157487015882325,2.3929795020030573
2024-12-16 00:00:00+00:00,1055044.89635472,-0.0009799696793151352,0.24887524159444394,62.95616679184016,1.0796502866665216,2.4005502544240103
2024-12-17 00:00:00+00:00,1054981.1221661551,-6.0446895468812115e-05,0.24911937102457807,62.87402979143977,1.0521587782454538,2.4023429386108983
2024-12-18 00:00:00+00:00,1053041.208332445,-0.0018388137881813244,0.24913443042745181,62.868968347902864,0.7775689983915881,2.423704156174342
2024-12-19 00:00:00+00:00,1052345.7255555766,-0.0006604516246517354,0.2495933861874121,62.71500693252904,0.7322803223634113,2.4287160073061944
2024-12-20 00:00:00+00:00,1052026.7025990216,-0.00030315413348268734,0.24975833948849757,62.65980988674585,0.7602356049696004,2.428258825851238
2024-12-23 00:00:00+00:00,1051489.2503397998,-0.0005108732106267285,0.2498340777218438,62.63449060447957,0.6937932015049473,2.43398993760433
2024-12-24 00:00:00+00:00,1051322.1846128772,-0.00015888486436604378,0.24996177649713686,62.59183566327149,0.6767434262080405,2.4356991717676895
2024-12-26 00:00:00+00:00,1050578.44148013,-0.0007074359731323549,0.2500014979512301,62.57857647859509,0.6496456222493832,2.4397180705868116
2024-12-27 00:00:00+00:00,1050769.4963915155,0.00018185687412008126,0.25017848320995656,62.51954924583738,0.6342858141869718,2.4402775900235025
2024-12-30 00:00:00+00:00,1049891.6909427952,-0.0008353929684243159,0.25013299480540696,62.534712334042574,0.5239761103576055,2.4499177941058137
2024-12-31 00:00:00+00:00,1049052.8738129204,-0.0007989558705065881,0.2503421288595566,62.46504523493779,0.4933732590385782,2.4543953954942586
2025-01-02 00:00:00+00:00,1051801.6182459646,0.0026202153405800706,0.2505423011018321,62.39847244685249,0.7801014177195684,2.429140084269408
2025-01-03 00:00:00+00:00,1052048.1769938162,0.00023441563843825983,0.24988754193104457,62.61662676693536,0.7561182958931036,2.4299491155030495
2025-01-06 00:00:00+00:00,1051348.8100426914,-0.0006647670386380542,0.24982897811164015,62.63619492152675,0.6840137644142299,2.4364732956368136
2025-01-07 00:00:00+00:00,1051466.5850954286,0.00011202281451427086,0.2499951666582534,62.58068960794542,0.7194546032460969,2.4342110424727186
2025-01-08 00:00:00+00:00,1053401.288493243,0.0018400046423147419,0.24996716463293506,62.59003683435314,0.8977615471805347,2.4184186919439563
2025-01-10 00:00:00+00:00,1051819.3448545777,-0.0015017483421993327,0.24950806862836386,62.74358472306858,0.8317745698154204,2.4271439973854836
2025-01-13 00:00:00+00:00,1052000.0155601935,0.00017176971169013326,0.24988333050569406,62.61803364063482,0.7821200285451106,2.4295522317922877
2025-01-14 00:00:00+00:00,1054610.3198708973,0.002481277825185095,0.24984041548955685,62.63237258552496,1.0007959039523628,2.409706487849481
2025-01-15 00:00:00+00:00,1054495.3515957769,-0.00010901493466758031,0.24922202640189814,62.83953959431097,1.0272046980037146,2.408954183712744
2025-01-16 00:00:00+00:00,1052892.2666686112,-0.0015202389699866252,0.24924919828696535,62.83041512803157,0.934603726270463,2.4190650646762357
2025-01-17 00:00:00+00:00,1054531.961334664,0.0015573242562040611,0.2496286935549344,62.703186165558115,1.0353558894970667,2.4088330445230395
2025-01-21 00:00:00+00:00,1054060.1141700062,-0.0004474470020429481,0.24924054520825206,62.83332066286388,1.0806245301198447,2.4083607522272015
2025-01-22 00:00:00+00:00,1053162.3099312119,-0.0008517580987317079,0.24935211706548607,62.79587247519263,1.0246872510335998,2.414208761777092
2025-01-23 00:00:00+00:00,1053452.9736315154,0.0002759913619796301,0.2495646858077803,62.72461817052642,1.0417370263305084,2.412631347789757
2025-01-24 00:00:00+00:00,1053602.2187728682,0.00014167233382831928,0.24949582711464668,62.74768671816955,1.086880554061913,2.4101525786500497
2025-01-27 00:00:00+00:00,1054125.8021667688,0.0004969459864183596,0.24946048546547284,62.75953157065787,1.0617563354628308,2.4098703601784943
2025-01-28 00:00:00+00:00,1053485.9996583331,-0.0006069508090216136,0.24933657865344372,62.801085808269036,1.0519084982665214,2.41262084698947
2025-01-29 00:00:00+00:00,1054979.5340351346,0.0014177069057261708,0.249488005600284,62.75030783140906,1.1518498779286719,2.4031598977941933
2025-01-30 00:00:00+00:00,1056709.2068469909,0.0016395321009124487,0.24913480546611794,62.86884230575838,1.3644482158367799,2.3880757868168048
2025-01-31 00:00:00+00:00,1055632.5034180486,-0.0010189212150000211,0.24872700954959742,63.00611792574697,1.2866782171094555,2.3953073278104764
2025-02-03 00:00:00+00:00,1056605.9040918972,0.0009221018400786145,0.24898070126824523,62.920665272656315,1.3792675015228912,2.388248625941698
2025-02-04 00:00:00+00:00,1055881.534998222,-0.0006855622241650518,0.24875132721170132,62.99791929439033,1.3838368974646933,2.3907720140350723
2025-02-05 00:00:00+00:00,1057828.2691631806,0.0018437050942100859,0.24892197871707417,62.94042968378119,1.584243482994133,2.376341966000599
2025-02-06 00:00:00+00:00,1059255.1753136548,0.001348901510831243,0.24846388458733326,63.094932395285845,1.6656553292930165,2.3684417316807154
2025-02-07 00:00:00+00:00,1058036.842974238,-0.0011501783213435466,0.2481291827578299,63.208178915164744,1.5811454970331047,2.3761509083438934
2025-02-10 00:00:00+00:00,1058112.2391109834,7.126040765593703e-05,0.24841490419533402,63.11148587235389,1.6934621243682004,2.372059470164768
2025-02-11 00:00:00+00:00,1057440.0141170947,-0.0006353059430193831,0.2483972033093656,63.117469692730516,1.5950138597093404,2.3781984538169523
2025-02-12 00:00:00+00:00,1059781.397492041,0.0022141997122185255,0.24855511184909118,63.06411850273933,1.784511598695261,2.3633286608294193
2025-02-13 00:00:00+00:00,1059061.435519349,-0.0006793495096213527,0.24800597708599886,63.24994258011604,1.78315194466893,2.366240565599534
2025-02-14 00:00:00+00:00,1057396.9667784518,-0.0015716451237609466,0.2481745743613918,63.192802741013494,1.5473078595418603,2.380776685690493
2025-02-18 00:00:00+00:00,1055760.7001381088,-0.0015474478287262187,0.24856523069414874,63.0607020472915,1.5197245763755611,2.3876928573706393
2025-02-19 00:00:00+00:00,1055419.9569046455,-0.0003227466540653456,0.2489504685561764,62.93083961551823,1.4862322786465278,2.390342319462778
2025-02-20 00:00:00+00:00,1057895.977990831,0.0023460055591967306,0.24903084242732887,62.903796501751316,1.691363426117244,2.374437994350436
2025-02-21 00:00:00+00:00,1053626.5221622938,-0.004035799282123972,0.24844798208019753,63.10030611176604,1.329417723442305,2.4029862346548696
2025-02-24 00:00:00+00:00,1053256.7603747626,-0.00035094198917122856,0.2494547313057236,62.76146041108847,1.3273223644255863,2.4044616186857173
2025-02-25 00:00:00+00:00,1053941.9964230487,0.0006505878472047654,0.24954230617903644,62.73211423747488,1.3078602738407246,2.4032700774890614
2025-02-26 00:00:00+00:00,1055205.1417890126,0.0011984960939509812,0.24938006254101208,62.78649805083093,1.4050356503671302,2.395304559172458
2025-02-27 00:00:00+00:00,1053573.4806151188,-0.001546297595866043,0.2490815392890988,62.88674768305028,1.1902135013166908,2.409982704267744
2025-02-28 00:00:00+00:00,1055459.5761326097,0.0017901888688293594,0.24946728995981088,62.757250764487274,1.2914411260482312,2.3996031888651426
2025-03-03 00:00:00+00:00,1053374.7355315567,-0.001975291757446849,0.24902149445234303,62.90694088492308,1.1922971730135972,2.4109103474898785
2025-03-04 00:00:00+00:00,1053763.4549984143,0.00036902296376175713,0.24951435810727698,62.74147734515696,1.2724127565403984,2.406348938023181
2025-03-05 00:00:00+00:00,1058083.7441362762,0.0040998661676575465,0.2494223155451662,62.77232809649486,1.6104387286431168,2.378615030142038
2025-03-06 00:00:00+00:00,1057465.8008502228,-0.0005840211509513395,0.24840389282904196,63.11520818680137,1.5432539417196054,2.3834787761152363
2025-03-07 00:00:00+00:00,1058526.655242074,0.001003204445002649,0.24854905073171818,63.06616506886061,1.6205501485591096,2.3771192271535475
2025-03-10 00:00:00+00:00,1056615.5734745816,-0.0018054167630341036,0.2482999551130548,63.15035986186468,1.4098336212653537,2.3920280354178467
2025-03-11 00:00:00+00:00,1058301.5845267894,0.001595671211492273,0.24874905081919257,62.9986867057145,1.609090761936597,2.37876366824569
2025-03-12 00:00:00+00:00,1058075.9600136888,-0.00021319491192247053,0.2483527614674244,63.13249710668337,1.6200012780972273,2.3793736427224648
2025-03-13 00:00:00+00:00,1059287.62130246,0.0011451552956137827,0.24840572030308547,63.11459039929442,1.8222829957725506,2.3683562520190953
2025-03-14 00:00:00+00:00,1061017.7247240022,0.001633270687535105,0.2481215825588621,63.21075399364136,1.941699822956494,2.358532507163578
2025-03-17 00:00:00+00:00,1062336.9121685743,0.0012433227210367844,0.24771699365432218,63.348063789001834,2.083546604943596,2.3496933161583127
2025-03-18 00:00:00+00:00,1061285.7004887,-0.0009895275856774634,0.2474093839458646,63.452761205237714,2.0612951365833596,2.354472417132705
2025-03-19 00:00:00+00:00,1061460.3375233787,0.0001645523298751525,0.24765444485076005,63.369331706835,2.101520589376515,2.3529193214392166
2025-03-20 00:00:00+00:00,1061958.0812931685,0.0004689235689683509,0.24761369943960826,63.383191788952345,2.125378598311609,2.3506388929307445
2025-03-21 00:00:00+00:00,1061306.7230975032,-0.0006133558443965321,0.24749764196202817,63.422695262745194,2.018710742053797,2.3563017361333913
2025-03-24 00:00:00+00:00,1061089.7069889195,-0.00020448010349946824,0.2476495392542919,63.37100016785113,1.973699005682235,2.3586555386203645
2025-03-25 00:00:00+00:00,1063004.1318729352,0.001804206441176689,0.24770018901457844,63.353776667169875,2.1459417690544664,2.3468421691212207
2025-03-26 00:00:00+00:00,1061864.6636336036,-0.0010719320886589205,0.2472540915899246,63.505715150028266,2.050855073076317,2.3539902060203284
2025-03-27 00:00:00+00:00,1063300.2570247795,0.0013519551411225782,0.24751941559406598,63.415281162779735,2.232051463420762,2.3439072445496607
2025-03-28 00:00:00+00:00,1060908.6597142962,-0.0022492210405131957,0.24718523224851802,63.52921714620639,2.095778373936883,2.3566755869446103
2025-03-31 00:00:00+00:00,1059499.5404365608,-0.0013282192249377536,0.24774245980173257,63.339407835850565,2.055464485632733,2.3630949631810996
2025-04-01 00:00:00+00:00,1059043.4209785906,-0.00043050463031083435,0.24807195373985771,63.22757297253824,2.0031723933522847,2.366442863732979
2025-04-02 00:00:00+00:00,1056625.4273432787,-0.0022831864939755263,0.2481787958606207,63.19137301555647,1.9137928508543176,2.377669083818067
2025-04-03 00:00:00+00:00,1059766.8295891883,0.0029730519109390017,0.2487467310373457,62.99946875878569,2.0481891385751947,2.363007115359204
2025-04-04 00:00:00+00:00,1051080.3592989305,-0.008196586312882694,0.24800938625760174,63.24878639734995,1.1880613753180058,2.422620822279805
2025-04-07 00:00:00+00:00,1054931.8453953043,0.0036643117363002542,0.2500590165702342,62.55938399336124,1.3787953250560032,2.402876069011474
2025-04-08 00:00:00+00:00,1054348.4273275738,-0.0005530386349384297,0.24914606771027042,62.86505749307344,1.311206815967389,2.4077180712791186
2025-04-09 00:00:00+00:00,1057952.9524765986,0.003418722934088378,0.2492839313553793,62.818754471824974,1.8200207834365374,2.37717915487428
2025-04-10 00:00:00+00:00,1060540.4155660246,0.0024457260442148836,0.24843460228293351,63.104827896350756,2.2425098385199025,2.3560228450757528
2025-04-11 00:00:00+00:00,1065270.6575728955,0.004460218523917662,0.24782848171071536,63.310182109797275,2.7209545384777973,2.327955478298677
2025-04-14 00:00:00+00:00,1067285.5716800147,0.0018914574364696797,0.24672802082187612,63.685598142088615,2.8160529217757624,2.318639983126749
2025-04-15 00:00:00+00:00,1068739.7793978944,0.001362529164139834,0.24626222630261443,63.84551196011395,3.001224812134165,2.3100037610873176
2025-04-16 00:00:00+00:00,1065430.1301202646,-0.0030967774770153905,0.24592714339748178,63.96092527105677,2.9390514903150704,2.3240200086035454
2025-04-17 00:00:00+00:00,1063623.5863540513,-0.0016956004107087036,0.2466910908112865,63.69825469346711,2.7313011576224966,2.3348104244775194
2025-04-21 00:00:00+00:00,1059702.3400554548,-0.003686686106724997,0.24711009078270796,63.55487820408509,2.6502529626779223,2.3506554824494876
2025-04-22 00:00:00+00:00,1056882.328037534,-0.002661135973119842,0.2480244791842442,63.24366818038697,2.218056209843668,2.3707357484515468
2025-04-23 00:00:00+00:00,1058477.28632681,0.0015091162440360787,0.24868626715579337,63.0198577027742,2.2962366092045676,2.363530213017604
2025-04-24 00:00:00+00:00,1058543.981937945,6.301090443454011e-05,0.24831153618295812,63.146441693986596,2.3712939783476914,2.361632277564957
2025-04-25 00:00:00+00:00,1057529.4233499619,-0.000958447268412598,0.24829589083430928,63.15173499645761,2.2084285995181907,2.369439246900584
2025-04-28 00:00:00+00:00,1057021.1533786892,-0.0004806201700399182,0.24853409766132015,63.071214473601806,2.2171786957907385,2.3711065868523877
2025-04-29 00:00:00+00:00,1056704.4226558972,-0.00029964463982539504,0.24865360559952443,63.03087558699288,2.1326154899792806,2.374655598743607
2025-04-30 00:00:00+00:00,1059321.3494805908,0.002476498412031098,0.24872813565214638,63.00573822804113,2.2492162797101627,2.3628919968675284
2025-05-01 00:00:00+00:00,1057827.2149227734,-0.0014104639338666893,0.2481136825114037,63.21343083317554,2.058382261337536,2.3734155022334984
2025-05-02 00:00:00+00:00,1057136.5969961274,-0.00065286458592053,0.2484641322087436,63.09484872541225,1.9928807631800618,2.3778434385751948
2025-05-05 00:00:00+00:00,1056745.5108158854,-0.0003699485774622596,0.24862645161412555,63.04003777885305,2.154711792340042,2.3747151090306766
2025-05-06 00:00:00+00:00,1055597.4398934443,-0.0010864213859349038,0.24871846465631375,63.00899919311956,2.2036756540859312,2.3773285775811814
2025-05-07 00:00:00+00:00,1057208.5077598337,0.0015262142607621648,0.24898897159992184,62.91788245324328,2.270334945187184,2.370502850600685
2025-05-08 00:00:00+00:00,1058921.0134376734,0.0016198372083369304,0.24860954017434625,63.04574498232181,2.278310989471849,2.3647582906443216
2025-05-09 00:00:00+00:00,1062151.529561785,0.003050762127785222,0.24820748445563728,63.181658131356706,2.5572983572930608,2.3470718075607486
2025-05-12 00:00:00+00:00,1056486.6102663565,-0.005333437967900631,0.24745256554026376,63.438048299936995,1.910733211890788,2.383678663151077
2025-05-13 00:00:00+00:00,1054786.8478984053,-0.0016088820733115414,0.2487794151184888,62.98845153045853,1.8125385122489126,2.3924504296656197
2025-05-14 00:00:00+00:00,1056157.5623854839,0.0012995179924831825,0.2491803168633123,62.8535497552243,1.7724698950723474,2.389575158329801
2025-05-15 00:00:00+00:00,1056305.6631016508,0.00014022596764103073,0.24885692281456076,62.96233661927817,1.8851919141896674,2.3856594191277067
2025-05-16 00:00:00+00:00,1058424.4378273645,0.002005834863643889,0.24882203150442267,62.97409064437077,2.013912716959391,2.3749559054147458
2025-05-19 00:00:00+00:00,1059128.5570854405,0.0006652522682878554,0.2483239346987267,63.142247368633775,2.068093298322659,2.3712121573432396
2025-05-20 00:00:00+00:00,1059631.8382354646,0.0004751841942673173,0.24815884646322137,63.19812984943345,2.2530483010444584,2.364655030284217
2025-05-21 00:00:00+00:00,1060466.8869953514,0.0007880555583128892,0.2480409813093726,63.23807279784807,2.3657136073759997,2.359148392743108
2025-05-22 00:00:00+00:00,1061362.379286872,0.0008444321105186077,0.24784566515534318,63.304346508950196,2.387017491960595,2.355730897071419
2025-05-23 00:00:00+00:00,1061597.5817522842,0.00022160429840205865,0.2476365528983377,63.37541732573753,2.535652472180484,2.351655334413955
2025-05-27 00:00:00+00:00,1062677.0081385444,0.001016794315298347,0.2475816877321306,63.39408418807184,2.505281535052112,2.348753720987109
2025-05-28 00:00:00+00:00,1064432.6437581177,0.001652087705038978,0.24733020378691847,63.47975294888614,2.5337406626542185,2.3420111352408526
2025-05-29 00:00:00+00:00,1063509.9408531585,-0.0008668494999378136,0.24692226654625704,63.61908910916974,2.5729384442463217,2.3447108526354135
2025-05-30 00:00:00+00:00,1066060.2653816876,0.0023980260367695103,0.24713649669483334,63.54585871988726,2.7222157392904336,2.332516181901764
2025-06-02 00:00:00+00:00,1070589.651558295,0.004248714940131135,0.24654527470684384,63.74826542850068,3.270998255301526,2.3063954065039427
2025-06-03 00:00:00+00:00,1070213.2130887671,-0.0003516178855080755,0.24550220581715337,64.1077405218822,3.1846149605128438,2.309308408164685
2025-06-04 00:00:00+00:00,1069489.6908371123,-0.0006760543065682283,0.24558855914702563,64.07786445287208,3.1585281315840716,2.3127124541495334
2025-06-05 00:00:00+00:00,1070482.9717647994,0.0009287428726028419,0.24575470267212648,64.02044205194707,3.1988336718026407,2.3085296005620015
2025-06-06 00:00:00+00:00,1068653.923917777,-0.001708619282385375,0.2455266715259129,64.0992738716048,2.9346889643071714,2.319965184753054
2025-06-09 00:00:00+00:00,1069183.4074156673,0.0004954676963607442,0.24594690114364987,63.95411134406332,3.012313814737721,2.3168718247263063
2025-06-10 00:00:00+00:00,1067351.0368820373,-0.0017138037505268233,0.24582510274628452,63.99613384389589,2.8606875956598987,2.3266630216431903
2025-06-11 00:00:00+00:00,1067758.382458019,0.0003816416173368021,0.24624712198750315,63.850707611068124,2.954009245829487,2.323712666108323
2025-06-12 00:00:00+00:00,1070306.698482638,0.0023866036235207114,0.2461531796898937,63.88303662503493,3.2107518237589288,2.310215422819376
2025-06-13 00:00:00+00:00,1070162.4344407923,-0.00013478757261839832,0.24556710833931358,64.0852839285761,3.296249256409097,2.3097974026866983
2025-06-16 00:00:00+00:00,1070434.693559259,0.00025440915295153824,0.24560021219575,64.07383440144551,3.243833720854387,2.3097195014605822
2025-06-17 00:00:00+00:00,1070039.1898733587,-0.0003694795098476954,0.2455377451459898,64.09544226799046,3.179077945390001,2.3124022049977997
2025-06-18 00:00:00+00:00,1070210.3105625066,0.0001599200204696269,0.24562849984371668,64.06405308656981,3.1597426373136335,2.312266959123201
2025-06-20 00:00:00+00:00,1068369.4869455604,-0.0017200578230073043,0.245589225209794,64.07763409364505,2.9872296127532545,2.3222239980661903
2025-06-23 00:00:00+00:00,1069458.566239844,0.0010193844990812025,0.246012380729825,63.931536981189,3.0238983142516114,2.3177259838159103
2025-06-24 00:00:00+00:00,1069318.5613347082,-0.00013091194886407409,0.24576185490446995,64.01797184581469,2.9641323530653008,2.3194844907713597
2025-06-25 00:00:00+00:00,1068990.8691617867,-0.0003064495322259017,0.2457940322802549,64.00686034540709,2.964058944108358,2.3209629118381097
2025-06-26 00:00:00+00:00,1071491.938122129,0.002339654184608193,0.245869378836388,63.98085303009586,3.120207864044907,2.3090771396163867
2025-06-27 00:00:00+00:00,1068779.0906903653,-0.0025318411975345746,0.24529547225825352,64.17935056663096,2.8067973108901767,2.325026614341642
2025-06-30 00:00:00+00:00,1070914.9184479944,0.00199838093412689,0.24591809782955773,63.96404521490367,3.046958896559187,2.3129286415071606
2025-07-01 00:00:00+00:00,1069245.3843175264,-0.0015589792444833785,0.24542763991324734,64.13355535439806,2.9635200913491735,2.3209334477061017
2025-07-02 00:00:00+00:00,1070474.8555191795,0.001149849435579157,0.245810853932597,64.00105264563075,3.08164900384661,2.3145516375947723
2025-07-03 00:00:00+00:00,1071710.3335684869,0.0011541401864204996,0.24552853308740785,64.09862972512703,3.1283590555382514,2.3092945845929256
2025-07-07 00:00:00+00:00,1073227.6914080903,0.0014158283186008647,0.24524548541714972,64.19668353856412,3.26326915176157,2.301658108071779
2025-07-08 00:00:00+00:00,1067693.389672079,-0.005156689284405548,0.2448987508305339,64.31710876392947,2.7427672227134803,2.3317071513372216
2025-07-09 00:00:00+00:00,1068813.928218313,0.001049494693020707,0.24616816356173446,63.87787846742063,2.8659476711261247,2.3254263526925216
2025-07-10 00:00:00+00:00,1070266.5555109028,0.0013591021357770333,0.24591008223546806,63.96681009807412,2.9865055950826824,2.3180545518477906
2025-07-11 00:00:00+00:00,1069447.388840093,-0.0007653856570512895,0.245576318935906,64.08209797843838,2.989658624212372,2.3213438712860355
2025-07-14 00:00:00+00:00,1070704.3427749837,0.001175330313587429,0.2457644235006669,64.01708475059635,3.0466102175627388,2.3158652936797988
2025-07-15 00:00:00+00:00,1068987.090685433,-0.0016038527359476785,0.24547590822447526,64.11684299939719,2.8789502070692494,2.3254592664501157
2025-07-16 00:00:00+00:00,1068116.84796561,-0.000814081598745061,0.24587024789424858,63.98055315102015,2.8499639140277724,2.3294602045814314
2025-07-17 00:00:00+00:00,1067019.9071689807,-0.0010269857635132173,0.24607056941680353,63.91148626849453,2.740526715399985,2.335809173768861
2025-07-18 00:00:00+00:00,1066233.2539390586,-0.0007372432553851841,0.24632354018579253,63.82442747511125,2.695034508672133,2.3397995092549304
2025-07-21 00:00:00+00:00,1069672.4810941345,0.003225586092320889,0.2465052745368617,63.76199467908569,3.0525859626139566,2.320834856929207
2025-07-22 00:00:00+00:00,1072503.543218905,0.0026466625764503125,0.2457127070463066,64.03494921520281,3.3391806603179877,2.306096282475124
2025-07-23 00:00:00+00:00,1072550.7030651884,4.397173937693645e-05,0.2450641050506378,64.2596366854227,3.26169761894998,2.307196432737778
2025-07-24 00:00:00+00:00,1073820.9455168247,0.0011843192568949813,0.2450533296294939,64.26337953036581,3.317234515105347,2.3017344873807084
2025-07-25 00:00:00+00:00,1076421.2462649324,0.0024215403498729577,0.24476345156042678,64.36419242335283,3.452498299176457,2.28994413842407
2025-07-28 00:00:00+00:00,1073672.577763257,-0.0025535249431511593,0.2441721787772014,64.57056549859948,3.179378259686248,2.304681776033658
2025-07-29 00:00:00+00:00,1074921.1337650563,0.0011628833851752573,0.24479727472422513,64.35241720481572,3.3014826721976442,2.2983050647112564
2025-07-30 00:00:00+00:00,1073704.3735393456,-0.0011319530219382934,0.24451293469500787,64.45150895099026,3.109507557052407,2.3060574975711585
2025-07-31 00:00:00+00:00,1072486.346849414,-0.0011344153194760953,0.2447900255041176,64.35494067910847,3.0178558387119168,2.3125057736527284
2025-08-01 00:00:00+00:00,1070714.0176860099,-0.001652542401691787,0.24506803443669647,64.25827189419326,3.0237565051890676,2.31945492886344
2025-08-04 00:00:00+00:00,1077043.7030010158,0.0059116488721100745,0.24547369011811643,64.11761084947864,3.552758304726954,2.287818962010386
2025-08-05 00:00:00+00:00,1081923.3099278226,0.004530556107621693,0.24403106415295678,64.61996682686006,3.945098319169899,2.2645724710507134
2025-08-06 00:00:00+00:00,1086055.9485225878,0.0038197149066331823,0.24293045410040487,65.00723721787647,4.2404047661489805,2.2455773468237514
2025-08-07 00:00:00+00:00,1086947.5881944627,0.0008209887097325601,0.2420060599457346,65.3352244079372,4.381369025231805,2.2415380651738754
2025-08-08 00:00:00+00:00,1086630.570841895,-0.00029165836146189246,0.24180753868654473,65.40598946126062,4.3387812914680115,2.2433028213510107
2025-08-11 00:00:00+00:00,1088605.0424329117,0.0018170587539120778,0.2418780844523296,65.38082935391397,4.38482904712621,2.2346905627128644
2025-08-12 00:00:00+00:00,1090181.1407535458,0.0014478146427759503,0.24143937492258746,65.53753344843909,4.510239985149653,2.227699610572857
2025-08-13 00:00:00+00:00,1089255.9091499906,-0.0008486952938074288,0.24109032082586423,65.6626206167434,4.447901533824568,2.2322230707161896
2025-08-14 00:00:00+00:00,1090348.0683357555,0.0010026653760520981,0.24129510684746444,65.58918953709616,4.474463824258276,2.2275087287350384
2025-08-15 00:00:00+00:00,1091733.988890602,0.0012710808549071073,0.2410534109385371,65.67586883755368,4.592864667560981,2.221418048277143
2025-08-18 00:00:00+00:00,1091308.4764457776,-0.00038975835611460913,0.2407474015255893,65.78586253238278,4.538956017002978,2.2236451037155467
2025-08-19 00:00:00+00:00,1087694.658043575,-0.003311454533893307,0.24084127142362394,65.75209170342846,4.211315065238642,2.2408216742946614
2025-08-20 00:00:00+00:00,1091212.2803389507,0.003234016338466524,0.24164145611906598,65.46528071912667,4.556200974913974,2.224655520113973
2025-08-21 00:00:00+00:00,1095017.8491619786,0.0034874688377277154,0.24086250284952668,65.74445709177553,4.831828443671595,2.207611345022695
2025-08-22 00:00:00+00:00,1095624.8717124811,0.0005543494573783577,0.24002542167118596,66.04648636344442,4.95513567459273,2.205428618829514
2025-08-25 00:00:00+00:00,1096188.5726919062,0.0005145018098612818,0.2398924374286682,66.09466275634145,4.953459064295169,2.2030434801599865
2025-08-26 00:00:00+00:00,1099302.5311595674,0.002840714221289713,0.23976907580521767,66.13940092931168,5.269905881773788,2.1899982310066064
2025-08-27 00:00:00+00:00,1098163.8944724635,-0.0010357810109859692,0.2390898897552234,66.38654049023718,5.186138432972728,2.1952729064456573
2025-08-28 00:00:00+00:00,1096859.8450204933,-0.0011874816305053467,0.23933779129465774,66.29617249919718,5.1139571533026835,2.2013907818095357
2025-08-29 00:00:00+00:00,1100291.771471013,0.003128865065213233,0.23962233841978997,66.19267651094557,5.4619410489390425,2.187367948248376
2025-09-02 00:00:00+00:00,1100557.4439820386,0.0002414564190281812,0.23887493099324997,66.4650516260662,5.634562490219627,2.1875889739383503
2025-09-03 00:00:00+00:00,1099344.999628188,-0.0011016638526960395,0.23881726703115053,66.48613674598886,5.592365121684011,2.1932272573643012
2025-09-04 00:00:00+00:00,1098280.8971252765,-0.0009679422776939696,0.23908065354504004,66.38991100361977,5.487577406423441,2.197782466467778
2025-09-05 00:00:00+00:00,1101550.4062484019,0.002976933434500415,0.23931229403200555,66.30545842402361,5.820668607416744,2.1851711598282915
2025-09-08 00:00:00+00:00,1102050.2083524407,0.0004537260403190106,0.23860199178512204,66.5649432750653,5.946062849269016,2.1841139435713233
2025-09-09 00:00:00+00:00,1100435.9141764126,-0.001464810009374683,0.23849378094625256,66.60461010871919,5.828397710956697,2.1909045328243226
2025-09-10 00:00:00+00:00,1105615.6693555433,0.00470700302707526,0.23884364150300166,66.47649152332014,6.243246098011099,2.1707638889814267
2025-09-11 00:00:00+00:00,1110205.2149473357,0.00415112205714988,0.23772467075813267,66.88758320420352,6.579793981664576,2.152996566951837
2025-09-12 00:00:00+00:00,1109321.359191378,-0.0007961192616082867,0.23674192612673584,67.25183285434576,6.5266193664798475,2.15688326446026
2025-09-15 00:00:00+00:00,1109838.7107141847,0.0004663675845777289,0.2369305511021317,67.18168557212692,6.635439294540154,2.1560053839412
2025-09-16 00:00:00+00:00,1104294.9013452523,-0.0049951486782840076,0.23682010588137237,67.22274521679411,6.222065656700765,2.177807489418799
2025-09-17 00:00:00+00:00,1104766.6318854056,0.0004271780478010678,0.2380089962041814,66.78276034624392,6.2088662685264415,2.1757949902349987
2025-09-18 00:00:00+00:00,1106572.383686199,0.00163450972239426,0.2379073673994182,66.82019927800212,6.276606604380292,2.168314689306791
2025-09-19 00:00:00+00:00,1115510.424041107,0.008077230632788519,0.23751914005574237,66.96351291298572,7.079399087527408,2.1358511849095887
2025-09-22 00:00:00+00:00,1117894.1782337583,0.0021369178998935172,0.23561601516051234,67.67288119512126,7.393880667732027,2.1293607160726733
2025-09-23 00:00:00+00:00,1116513.08702012,-0.0012354400269089104,0.23511359670720036,67.86206803580788,7.312939274086737,2.1350648340071663
2025-09-24 00:00:00+00:00,1113167.4015528453,-0.0029965483666689312,0.23540442475605547,67.75245762202705,6.998104006034316,2.146835290387139
2025-09-25 00:00:00+00:00,1114555.492436548,0.001246974068560021,0.23611194562105725,67.48692702938621,7.106398438272372,2.1420072167447213
2025-09-26 00:00:00+00:00,1118341.624777494,0.003396988635055825,0.23581788683127605,67.59709297253723,7.447717578950207,2.1292125755564455
2025-09-29 00:00:00+00:00,1117536.175726079,-0.0007202173589625037,0.23501952816508306,67.89757966626308,7.521211763367322,2.1344776184867
2025-09-30 00:00:00+00:00,1117549.2073205584,1.1661004594316363e-05,0.23518891530452096,67.833655138373,7.576324901952185,2.1355282140094762
2025-10-01 00:00:00+00:00,1120062.9372988932,0.0022493237540401364,0.23518617279747944,67.83468939190313,7.76589271066082,2.1269035420975535
2025-10-02 00:00:00+00:00,1120027.25364928,-3.185861117710284e-05,0.23465835019629902,68.03419177113605,7.760298982752196,2.127268624631039
2025-10-03 00:00:00+00:00,1118463.05130637,-0.0013965752510159905,0.23466582632361643,68.03135973545245,7.68191505269162,2.1336905433365065
2025-10-06 00:00:00+00:00,1118825.208623657,0.0003237990891733566,0.23499401314651377,67.90721669236436,7.8806800356867655,2.1353020370313325
2025-10-07 00:00:00+00:00,1112558.8294543885,-0.005600856256159291,0.2349179469292676,67.9359593365935,7.42370268020234,2.1575652628091455
2025-10-08 00:00:00+00:00,1115291.4255501581,0.0024561362720115776,0.23624109936862833,67.43862765649281,7.674923269562983,2.148905798063373
2025-10-09 00:00:00+00:00,1108389.8163745916,-0.006188166623949533,0.2356622806930731,67.65550036250629,7.0709208136677635,2.1723836460155805
2025-10-10 00:00:00+00:00,1105794.8594592772,-0.002341195197734763,0.23712967865608053,67.10775360254067,6.923999121125815,2.182368463526376
2025-10-13 00:00:00+00:00,1110579.7335851234,0.004327090223756287,0.23768614832510734,66.90180464100779,7.523924284559162,2.1683688928854603
2025-10-14 00:00:00+00:00,1106593.4429901799,-0.003589378118827365,0.23666209010866443,67.28155655575749,7.274905801318326,2.182781631026483
2025-10-15 00:00:00+00:00,1112782.4495336032,0.005592845848335832,0.2375146198881927,66.96518428631754,7.85463984764489,2.1633522322553276
2025-10-16 00:00:00+00:00,1116417.4120094806,0.003266552664809728,0.2361936253512436,67.45637528182732,8.461284809205424,2.1559316194390576
2025-10-17 00:00:00+00:00,1101315.7060925923,-0.01352693513594185,0.0,88.60455650868894,7.158218245693567,2.197228452863303
2025-10-20 00:00:00+00:00,1101403.1121010124,7.936507936507882e-05,0.0,87.40600842004702,0.0,2.2151174479278635
2025-10-21 00:00:00+00:00,1101490.5250464173,7.93650793651151e-05,0.0,87.41294540484225,0.0,2.2396433608849375
2025-10-22 00:00:00+00:00,1101577.9449293574,7.936507936502181e-05,0.0,87.41988294019184,0.0,2.235632439740495
2025-10-23 00:00:00+00:00,1101665.3717503836,7.936507936518204e-05,0.0,87.42682102613948,0.0,2.2327214794137706
2025-10-24 00:00:00+00:00,1101752.8055100464,7.936507936513337e-05,0.0,87.43375966272886,0.0,2.239487751764585
2025-10-27 00:00:00+00:00,1101840.2462088964,7.936507936504753e-05,0.0,87.44069885000368,0.0,2.2474783231538344
2025-10-28 00:00:00+00:00,1101927.6938474844,7.936507936509617e-05,0.0,87.44763858800765,0.0,2.2283728764811666
2025-10-29 00:00:00+00:00,1102015.1484263611,7.936507936502829e-05,0.0,87.45457887678448,0.0,2.2245794428270957
2025-10-30 00:00:00+00:00,1102102.6099460775,7.936507936501553e-05,0.0,87.46151971637786,0.0,2.219304083420092
2025-10-31 00:00:00+00:00,1102190.0784071842,7.936507936501822e-05,0.0,87.46846110683154,0.0,2.2200963369357063
2025-11-03 00:00:00+00:00,1102277.5538102323,7.936507936499668e-05,0.0,87.47540304818922,0.0,2.2311768182177314
2025-11-04 00:00:00+00:00,1102365.0361557729,7.936507936512248e-05,0.0,87.48234554049463,0.0,2.251117001327757
2025-11-05 00:00:00+00:00,1102452.5254443567,7.93650793651447e-05,0.0,87.48928858379149,0.0,2.2304715616704294
2025-11-06 00:00:00+00:00,1102540.0216765348,7.936507936502372e-05,0.0,87.49623217812355,0.0,2.231124556711795
2025-11-07 00:00:00+00:00,1102627.5248528584,7.936507936514225e-05,0.0,87.5031763235345,0.0,2.2126574883451458
2025-11-10 00:00:00+00:00,1102715.0349738784,7.936507936503823e-05,0.0,87.51012102006813,0.0,2.2017687721708787
2025-11-11 00:00:00+00:00,1102802.5520401462,7.936507936509438e-05,0.0,87.51706626776813,0.0,2.1968395856019467
2025-11-12 00:00:00+00:00,1102890.0760522129,7.936507936505982e-05,0.0,87.52401206667827,0.0,2.1841023928240975
2025-11-13 00:00:00+00:00,1102977.6070106297,7.936507936510605e-05,0.0,87.5309584168423,0.0,2.2028241138139935
2025-11-14 00:00:00+00:00,1103065.144915948,7.936507936498227e-05,0.0,87.53790531830394,0.0,2.1965760430808956
2025-11-17 00:00:00+00:00,1103152.689768719,7.936507936507104e-05,0.0,87.54485277110697,0.0,2.1967977995606227
2025-11-18 00:00:00+00:00,1103240.2415694944,7.936507936512154e-05,0.0,87.55180077529516,0.0,2.198400501666228
2025-11-19 00:00:00+00:00,1103327.8003188253,7.936507936509414e-05,0.0,87.55874933091225,0.0,2.192110845525025
2025-11-20 00:00:00+00:00,1103415.3660172634,7.93650793651602e-05,0.0,87.565698438002,0.0,2.223874368554654
2025-11-21 00:00:00+00:00,1103502.93866536,7.936507936506905e-05,0.0,87.5726480966082,0.0,2.2156552971502603
2025-11-24 00:00:00+00:00,1103590.5182636667,7.936507936499203e-05,0.0,87.5795983067746,0.0,2.185297071013064
2025-11-25 00:00:00+00:00,1103678.1048127352,7.936507936510048e-05,0.0,87.58654906854497,0.0,2.186482326367481
2025-11-26 00:00:00+00:00,1103765.6983131173,7.936507936514369e-05,0.0,87.59350038196311,0.0,2.1544552974920297
2025-11-28 00:00:00+00:00,1103853.2987653643,7.936507936508202e-05,0.0,87.6004522470728,0.0,2.149179978232639
2025-12-01 00:00:00+00:00,1103940.9061700283,7.936507936508678e-05,0.0,87.6074046639178,0.0,2.1559518871066037
2025-12-02 00:00:00+00:00,1104028.5205276608,7.936507936511826e-05,0.0,87.61435763254192,0.0,2.162846720751109
2025-12-03 00:00:00+00:00,1104116.141838814,7.936507936513681e-05,0.0,87.62131115298895,0.0,2.1671684409324867
2025-12-04 00:00:00+00:00,1104203.7701040392,7.936507936510274e-05,0.0,87.62826522530268,0.0,2.165087634198628
2025-12-05 00:00:00+00:00,1104291.4053238886,7.936507936497643e-05,0.0,87.63521984952692,0.0,2.1636367164379733
2025-12-08 00:00:00+00:00,1104379.0474989144,7.93650793651399e-05,0.0,87.64217502570544,0.0,2.1850062017345326
2025-12-09 00:00:00+00:00,1104466.6966296684,7.936507936513177e-05,0.0,87.64913075388209,0.0,2.163125007785746
2025-12-10 00:00:00+00:00,1104554.3527167025,7.936507936512322e-05,0.0,87.65608703410066,0.0,2.1492303498938155
2025-12-11 00:00:00+00:00,1104642.015760569,7.936507936507458e-05,0.0,87.66304386640496,0.0,2.1286846319212285
2025-12-12 00:00:00+00:00,1104729.6857618198,7.936507936515698e-05,0.0,87.67000125083881,0.0,2.142786291808414
2025-12-15 00:00:00+00:00,1104817.3627210073,7.936507936511995e-05,0.0,87.67695918744602,0.0,2.154017315797356
2025-12-16 00:00:00+00:00,1104905.0466386836,7.936507936513463e-05,0.0,87.68391767627043,0.0,2.1524394552312747
2025-12-17 00:00:00+00:00,1104992.737515401,7.936507936516129e-05,0.0,87.69087671735585,0.0,2.1526012394471827
2025-12-18 00:00:00+00:00,1105080.435351712,7.93650793651603e-05,0.0,87.69783631074611,0.0,2.1495125417471908
2025-12-19 00:00:00+00:00,1105168.1401481684,7.9365079365092e-05,0.0,87.70479645648507,0.0,2.1298161316976616
2025-12-22 00:00:00+00:00,1105255.851905323,7.936507936512738e-05,0.0,87.71175715461654,0.0,2.1322250352761563
2025-12-23 00:00:00+00:00,1105343.5706237282,7.936507936501613e-05,0.0,87.71871840518438,0.0,2.1448585668501647
2025-12-24 00:00:00+00:00,1105431.2963039365,7.93650793651399e-05,0.0,87.7256802082324,0.0,2.1429792404668593
2025-12-26 00:00:00+00:00,1105519.0289465003,7.936507936503769e-05,0.0,87.73264256380449,0.0,2.139669784570325
2025-12-29 00:00:00+00:00,1105606.7685519722,7.936507936509113e-05,0.0,87.73960547194447,0.0,2.150736831654393
2025-12-30 00:00:00+00:00,1105694.515120905,7.936507936504992e-05,0.0,87.7465689326962,0.0,2.1409366647112082
2025-12-31 00:00:00+00:00,1105782.268653851,7.936507936508498e-05,0.0,87.75353294610356,0.0,2.143828955362254
2026-01-02 00:00:00+00:00,1105870.0291513633,7.936507936515664e-05,0.0,87.76049751221039,0.0,2.1503922819803045
2026-01-05 00:00:00+00:00,1105957.7966139943,7.936507936501467e-05,0.0,87.76746263106058,0.0,2.144620714349479
2026-01-06 00:00:00+00:00,1106045.571042297,7.936507936504052e-05,0.0,87.77442830269796,0.0,2.1255266681994454
2026-01-07 00:00:00+00:00,1106133.352436824,7.936507936498397e-05,0.0,87.78139452716643,0.0,2.129545527671232
2026-01-08 00:00:00+00:00,1106221.1407981284,7.936507936501587e-05,0.0,87.78836130450985,0.0,2.127897581649488
2026-01-09 00:00:00+00:00,1106308.9361267632,7.936507936509652e-05,0.0,87.7953286347721,0.0,2.121388913057932
2026-01-12 00:00:00+00:00,1106396.738423281,7.93650793649758e-05,0.0,87.80229651799708,0.0,2.113490016503618
2026-01-13 00:00:00+00:00,1105164.6758885495,-0.001113581134094253,0.25,65.85694871567149,0.0,2.1041116456549256
2026-01-14 00:00:00+00:00,1106224.3930205205,0.0009588771294367567,0.25027870564487165,65.75916597481978,10.873006782757749,2.110829212485869
2026-01-15 00:00:00+00:00,1105134.1244331195,-0.0009855763390137786,0.2500389490151926,65.84327050910318,10.830119443114423,2.1026308873800175
2026-01-16 00:00:00+00:00,1104558.1141807307,-0.0005212129818942639,0.25028562460479836,65.75674125613486,10.797436710247528,2.0983580025458797
2026-01-20 00:00:00+00:00,1104090.0286906883,-0.00042377624502766033,0.25041614475031815,65.71102615673891,11.171332401434068,2.085558357329204
2026-01-21 00:00:00+00:00,1107510.810640174,0.003098281716702277,0.25052231015421095,65.67387651467207,11.242992131965602,2.109798873553635
2026-01-22 00:00:00+00:00,1107595.870842237,7.680304449027815e-05,0.24974851888437802,65.94536714558363,11.620450739384749,2.101126047295356
2026-01-23 00:00:00+00:00,1107512.980364245,-7.483819701232462e-05,0.2497293389108511,65.95211795527116,11.686099854010077,2.098675306270529
2026-01-26 00:00:00+00:00,1108212.4817389504,0.0006315965474963606,0.24974802960309397,65.94553934590672,11.821508284014305,2.1004557590529807
2026-01-27 00:00:00+00:00,1111847.7965936146,0.003280341012727011,0.24959038917500279,66.0010553280262,12.164197135531726,2.1187472168558728
2026-01-28 00:00:00+00:00,1120102.1571710678,0.007424002280475955,0.24877432455525073,66.28957237998368,13.056511991221694,2.1558535485883974
2026-01-29 00:00:00+00:00,1121019.2079296694,0.0008187206432293079,0.24694103375749202,66.94468036232124,12.90583787762542,2.1659410558743524
2026-01-30 00:00:00+00:00,1117488.0687394687,-0.003149936383982328,0.2467390234255233,67.01746216855945,11.64503069080937,2.1758764311860808
2026-02-02 00:00:00+00:00,1112671.8908825282,-0.004309824857793079,0.24751869155777684,66.73721302648003,11.315448829038349,2.1458299233101985
2026-02-03 00:00:00+00:00,1116844.4072984941,0.0037499971466489535,0.24859007122614785,66.35497668862762,11.775856828982946,2.1653887686712086
2026-02-04 00:00:00+00:00,1117022.3666247446,0.00015934119836883976,0.24766134190068503,66.68612878513285,11.908784226697243,2.162280861936504
2026-02-05 00:00:00+00:00,1118846.4124922606,0.0016329537545676876,0.2476218855327019,66.70025254118447,11.290764371518467,2.1987254233371267
2026-02-06 00:00:00+00:00,1118419.6399999212,-0.00038143974684489687,0.2472181896616964,66.84501808622542,11.840452601138931,2.174852882078534
2026-02-09 00:00:00+00:00,1115983.0713019096,-0.0021785818228404353,0.24731252448842883,66.81114725350007,11.939116652258132,2.1518694979813002
2026-02-10 00:00:00+00:00,1114428.440218829,-0.0013930597363514727,0.2478524914209843,66.61776878540391,11.920627867120011,2.1399149986595907
2026-02-11 00:00:00+00:00,1113134.418464709,-0.0011611528451893392,0.24819824640468371,66.49438536611181,11.933965511237767,2.129319672858415
2026-02-12 00:00:00+00:00,1115191.4628543027,0.0018479748316747107,0.24848677753340856,66.39168522689594,11.667765192827964,2.1522074942256277
2026-02-13 00:00:00+00:00,1113774.1946167408,-0.0012708743608334828,0.24802842724232488,66.55494271813353,11.900917593485818,2.1341818604239693
2026-02-17 00:00:00+00:00,1112010.1577699636,-0.001583837060782515,0.24834404131710056,66.44246111197782,11.47615750061943,2.13139718982802
2026-02-18 00:00:00+00:00,1113289.324739047,0.001150319500362062,0.24873800178274907,66.30245818763042,11.738245364152519,2.133907736967859
2026-02-19 00:00:00+00:00,1110874.3608891764,-0.0021692149526690054,0.2484522023694556,66.40397937565292,11.752434237841594,2.1238855871318627
