ts_event,equity,returns,exposure,cash_credit,financing,spread
2020-07-01 00:00:00+00:00,1000000.0,0.0,0.0,0.0,0.0,2.716408902231381
2020-07-02 00:00:00+00:00,1000079.3650793651,7.936507936508861e-05,0.0,79.36507936507937,0.0,2.7202693661374533
2020-07-06 00:00:00+00:00,1000158.736457546,7.936507936509753e-05,0.0,79.37137818090198,0.0,2.716648835312143
2020-07-07 00:00:00+00:00,1000238.1141350426,7.936507936508781e-05,0.0,79.37767749663064,0.0,2.7070714277668624
2020-07-08 00:00:00+00:00,1000317.498112355,7.93650793651362e-05,0.0,79.38397731230498,0.0,2.6893778757077653
2020-07-09 00:00:00+00:00,1000832.9853998341,0.0005153236731856153,0.14714168332428568,67.70865853820358,0.0,2.6950762811715814
2020-07-10 00:00:00+00:00,1001048.4731918641,0.00021530844324029667,0.14706589678615348,67.74957022768605,5.815964086659782,2.696875056889269
2020-07-13 00:00:00+00:00,1003025.1346157943,0.001974591118078002,0.14703423907303564,67.76667243340272,5.858891872877393,2.7193560384142295
2020-07-14 00:00:00+00:00,1001443.2398108239,-0.0015771237931901888,0.14674447872871096,67.92355032419083,5.848179768107351,2.699922830126835
2020-07-15 00:00:00+00:00,1001465.4916776349,2.221979831344067e-05,0.14697627851459086,67.79800311744715,5.85664848295701,2.6994380289424598
2020-07-16 00:00:00+00:00,1001637.4407129611,0.00017169741419467802,0.14697301280388883,67.79976913862262,5.815326158075822,2.700862198610735
2020-07-17 00:00:00+00:00,1000402.047198024,-0.0012333739382363656,0.14694778224965493,67.81341588745804,5.822289655884717,2.6859175860420215
2020-07-20 00:00:00+00:00,999369.4317247169,-0.0010322004799963056,0.14712924762923316,67.71536878309794,5.829267589334376,2.6737942838322297
2020-07-21 00:00:00+00:00,999301.520668098,-6.795390619633366e-05,0.14728127142829592,67.63341517410532,5.896733829049321,2.6727640891801343
2020-07-22 00:00:00+00:00,999793.3537929367,0.0004921769002311041,0.1472912804461509,67.628025407707,5.982712880733959,2.6778353216142583
2020-07-23 00:00:00+00:00,1002067.1128019706,0.002274228969824515,0.1472188227423179,67.6670597826942,6.06980060081997,2.701751539064372
2020-07-24 00:00:00+00:00,1001589.5043178425,-0.00047662325010601345,0.14688477313602585,67.84751684690323,6.121733175796176,2.6960513649422757
2020-07-27 00:00:00+00:00,1000352.1285885157,-0.0012354120365604298,0.14695481521767362,67.80961141165497,6.264423860693109,2.68366070367343
2020-07-28 00:00:00+00:00,1001657.695579786,0.001305107425634637,0.14713658953139916,67.71140698869253,6.25948882857251,2.696009802172468
2020-07-29 00:00:00+00:00,1002895.6898845582,0.0012359454834075325,0.14694481076770774,67.81502341657112,6.31800560652287,2.70820820675533
2020-07-30 00:00:00+00:00,1003255.5065528322,0.00035877775914603386,0.0,79.59489602258398,6.315028472266119,2.7237424556544414
2020-07-31 00:00:00+00:00,1003335.1300057332,7.936507936508622e-05,0.0,79.62345290101842,0.0,2.7120348790392454
2020-08-03 00:00:00+00:00,1003414.759777956,7.936507936511929e-05,0.0,79.62977222267725,0.0,2.7232786558214905
2020-08-04 00:00:00+00:00,1003494.3958700019,7.936507936513614e-05,0.0,79.63609204586952,0.0,2.715370001245874
2020-08-05 00:00:00+00:00,1003574.0382823725,7.936507936509713e-05,0.0,79.64241237063507,0.0,2.7201768783709617
2020-08-06 00:00:00+00:00,1003653.6870155695,7.936507936507859e-05,0.0,79.6487331970137,0.0,2.7398506151866866
2020-08-07 00:00:00+00:00,1003733.3420700945,7.936507936504086e-05,0.0,79.6550545250452,0.0,2.7467502710802227
2020-08-10 00:00:00+00:00,1003813.0034464493,7.936507936506027e-05,0.0,79.6613763547694,0.0,2.7465831767438647
2020-08-11 00:00:00+00:00,1003892.6711451355,7.936507936509713e-05,0.0,79.66769868622613,0.0,2.743329758027716
2020-08-12 00:00:00+00:00,1003972.345166655,7.936507936511176e-05,0.0,79.6740215194552,0.0,2.7438080876116984
2020-08-13 00:00:00+00:00,1004052.0255115095,7.936507936506451e-05,0.0,79.68034485449643,0.0,2.739697726787731
2020-08-14 00:00:00+00:00,1004131.7121802008,7.936507936503167e-05,0.0,79.68666869138964,0.0,2.734088406771652
2020-08-17 00:00:00+00:00,1004211.405173231,7.936507936508953e-05,0.0,79.69299303017468,0.0,2.719557035320401
2020-08-18 00:00:00+00:00,1004291.1044911019,7.936507936508244e-05,0.0,79.69931787089135,0.0,2.736124431578955
2020-08-19 00:00:00+00:00,1004370.8101343155,7.93650793650867e-05,0.0,79.70564321357952,0.0,2.722670376373325
2020-08-20 00:00:00+00:00,1004450.5221033738,7.936507936506261e-05,0.0,79.71196905827901,0.0,2.720457697932255
2020-08-21 00:00:00+00:00,1004530.2403987788,7.936507936508644e-05,0.0,79.71829540502966,0.0,2.7297493731850917
2020-08-24 00:00:00+00:00,1004609.9650210327,7.936507936511849e-05,0.0,79.72462225387133,0.0,2.726985337542778
2020-08-25 00:00:00+00:00,1004689.6959706376,7.93650793651191e-05,0.0,79.73094960484387,0.0,2.7281857802545653
2020-08-26 00:00:00+00:00,1004769.4332480956,7.936507936504863e-05,0.0,79.7372774579871,0.0,2.7224280713436606
2020-08-27 00:00:00+00:00,1004849.1768539089,7.936507936509912e-05,0.0,79.74360581334092,0.0,2.7274115904349845
2020-08-28 00:00:00+00:00,1004928.9267885799,7.936507936511506e-05,0.0,79.74993467094515,0.0,2.724977510632832
2020-08-31 00:00:00+00:00,1005008.6830526107,7.936507936505677e-05,0.0,79.75626403083967,0.0,2.7218809795632124
2020-09-01 00:00:00+00:00,1005088.4456465038,7.936507936511628e-05,0.0,79.76259389306435,0.0,2.733422594161191
2020-09-02 00:00:00+00:00,1005168.2145707614,7.936507936502223e-05,0.0,79.76892425765904,0.0,2.7185920114105517
2020-09-03 00:00:00+00:00,1005247.9898258861,7.936507936508247e-05,0.0,79.7752551246636,0.0,2.7210885164600787
2020-09-04 00:00:00+00:00,1005327.7714123802,7.936507936502566e-05,0.0,79.78158649411795,0.0,2.729469460537676
2020-09-08 00:00:00+00:00,1005407.5593307462,7.936507936504378e-05,0.0,79.78791836606192,0.0,2.7309250838821733
2020-09-09 00:00:00+00:00,1005487.3535814867,7.93650793650971e-05,0.0,79.79425074053542,0.0,2.7104408727495293
2020-09-10 00:00:00+00:00,1005567.1541651043,7.936507936503022e-05,0.0,79.80058361757831,0.0,2.7188365714923783
2020-09-11 00:00:00+00:00,1005646.9610821015,7.936507936503502e-05,0.0,79.8069169972305,0.0,2.7266178686712617
2020-09-14 00:00:00+00:00,1005726.774332981,7.936507936507182e-05,0.0,79.81325087953186,0.0,2.707888434872677
2020-09-15 00:00:00+00:00,1005806.5939182455,7.936507936510094e-05,0.0,79.8195852645223,0.0,2.7052476241874563
2020-09-16 00:00:00+00:00,1005886.4198383978,7.936507936508273e-05,0.0,79.82592015224171,0.0,2.706180251810441
2020-09-17 00:00:00+00:00,1005966.2520939405,7.936507936509326e-05,0.0,79.83225554272998,0.0,2.7182435520963786
2020-09-18 00:00:00+00:00,1006046.0906853765,7.936507936509285e-05,0.0,79.83859143602703,0.0,2.7267880228556534
2020-09-21 00:00:00+00:00,1006125.9356132087,7.936507936504185e-05,0.0,79.84492783217274,0.0,2.732470372864037
2020-09-22 00:00:00+00:00,1006205.78687794,7.936507936513202e-05,0.0,79.85126473120704,0.0,2.727956098460809
2020-09-23 00:00:00+00:00,1006285.6444800731,7.936507936509225e-05,0.0,79.85760213316983,0.0,2.7459089962268264
2020-09-24 00:00:00+00:00,1007773.590957131,0.0014786521950501132,0.13699075321645274,68.92331873744796,0.0,2.7268696845783764
2020-09-25 00:00:00+00:00,1007609.6125925472,-0.00016271349641943405,0.13678849061454793,69.04140972769065,0.5415826977191717,2.7294616876512765
2020-09-28 00:00:00+00:00,1007522.2590053759,-8.669388032785603e-05,0.1368107515702837,69.0283955717713,0.5650687546820992,2.731612115501179
2020-09-29 00:00:00+00:00,1007653.3716228035,0.0001301337178962515,0.13682261325354325,69.02146274739263,0.590530622301169,2.7311033984099775
2020-09-30 00:00:00+00:00,1007676.364329558,2.281807157301369e-05,0.13680481033494826,69.03186851068054,0.5729126078129274,2.7314768953919244
2020-10-01 00:00:00+00:00,1007809.5393823038,0.00013216054028860328,0.13680168878422228,69.03369332867692,0.6003456570667463,2.7996982846294007
2020-10-02 00:00:00+00:00,1006802.9366400776,-0.0009988025543429255,0.13678361138823858,69.04426277730754,0.5121553217236259,2.8116932525098783
2020-10-05 00:00:00+00:00,1007586.3334465405,0.0007781034182093943,0.13692036780134015,68.96437367078164,0.5836654164556212,2.803944504012594
2020-10-06 00:00:00+00:00,1006914.3348250912,-0.0006669389998082922,0.13681391242842098,69.02654802050093,0.47909715593341884,2.811544148396592
2020-10-07 00:00:00+00:00,1007009.9266115521,9.493537151554805e-05,0.13690521985882217,68.97321479657639,0.4920949241513819,2.811380329758926
2020-10-08 00:00:00+00:00,1007539.5334195279,0.0005259201463463721,0.1368922239446844,68.9808014462955,0.5407467134702744,2.806331064616116
2020-10-09 00:00:00+00:00,1008949.9800605155,0.0013998921076581097,0.13682026740962516,69.0228337326428,0.6945652140065179,2.792633991304339
2020-10-12 00:00:00+00:00,1008904.8843853278,-4.469565001125853e-05,0.13662900154867996,69.13477394224498,0.676514556966489,2.793611890181404
2020-10-13 00:00:00+00:00,1009714.6382933626,0.0008026067873862097,0.13663510854367067,69.13119492040468,0.691211280026226,2.784312917277538
2020-10-14 00:00:00+00:00,1010521.9262522394,0.0007995209025010316,0.1365255322248555,69.19546110358205,0.7596419820815987,2.776608720694681
2020-10-15 00:00:00+00:00,1009511.3205145865,-0.0010000829387254702,0.13641646441011432,69.25953157650878,0.6848388695893657,2.7886161699087295
2020-10-16 00:00:00+00:00,1009092.9140752231,-0.00041446433621972325,0.1365530287644129,69.17932477193315,0.6330860936344196,2.7936106909478213
2020-10-19 00:00:00+00:00,1008348.4391287148,-0.000737766499124186,0.1366096485917377,69.14611791166622,0.5756387902433948,2.8027981684457166
2020-10-20 00:00:00+00:00,1008359.2678584075,1.0739075177198175e-05,0.13671050902537482,69.08703259845127,0.5808528581874284,2.803638103505199
2020-10-21 00:00:00+00:00,1008298.1747042063,-6.058669379904609e-05,0.1367090408967072,69.08789202144276,0.5906031110747092,2.80548059081957
2020-10-22 00:00:00+00:00,1008081.34107108,-0.00021504911797539644,0.13671732414736237,69.08304335841092,0.5418934834096132,2.8081604385701873
2020-10-23 00:00:00+00:00,1007880.888981565,-0.00019884515400508607,0.1367467314113384,69.06583433990882,0.5131625065004326,2.8110736641598186
2020-10-26 00:00:00+00:00,1007077.5546027694,-0.0007970528934300246,0.13677392824416398,69.04992544391557,0.4468232917936068,2.8210557709893185
2020-10-27 00:00:00+00:00,1007822.9074209869,0.00074011461660614,0.13688303126029147,68.98616874718577,0.5034053100810572,2.8133690434647347
2020-10-28 00:00:00+00:00,1005774.8566139007,-0.0020321534587134154,0.1367817970530069,69.04532373275858,0.29864918724248446,2.837833862143003
2020-10-29 00:00:00+00:00,1006846.8557827015,0.0010658440721115518,0.13706032466582893,68.88278001791048,0.3614185283747009,2.825812229184053
2020-10-30 00:00:00+00:00,1007233.0883035973,0.0003836060257600231,0.13691439526924448,68.96785931702165,0.40651509454632284,2.822167454936713
2020-11-02 00:00:00+00:00,1008258.7890715724,0.0010183350605593926,0.13686189422192402,68.99851269169591,0.502669588734072,2.8113366811833402
2020-11-03 00:00:00+00:00,1009019.9009773977,0.0007548775315176509,0.13672266473884734,69.07991751455108,0.5829466600466726,2.803996725389615
2020-11-04 00:00:00+00:00,1007835.6188343812,-0.001173695525597954,0.13661953372247382,69.1403232213626,0.47130419761669806,2.81789820638555
2020-11-05 00:00:00+00:00,1009911.5954058063,0.0020598364779229384,0.13678007188083133,69.04633257509147,0.6924020012475813,2.7969612162343758
2020-11-06 00:00:00+00:00,1010386.4850802447,0.0004702289552855115,0.0,80.15171392109573,0.7034694612389596,2.797056749794373
2020-11-09 00:00:00+00:00,1010466.6744838225,7.936507936510601e-05,0.0,80.1894035777972,0.0,2.7970343142249074
2020-11-10 00:00:00+00:00,1010546.8702516387,7.936507936505933e-05,0.0,80.19576781617639,0.0,2.8161617413593047
2020-11-11 00:00:00+00:00,1010627.0723841983,7.936507936504017e-05,0.0,80.20213255965386,0.0,2.820389749365622
2020-11-12 00:00:00+00:00,1010667.1411189315,3.964739895461907e-05,0.13994350019841287,68.98383987932371,0.0,2.8192692067243326
2020-11-13 00:00:00+00:00,1010814.9667689953,0.0001462654162280848,0.13993795202260015,68.98701993763588,0.37181809924464404,2.8183978792549262
2020-11-16 00:00:00+00:00,1010599.5188607189,-0.00021314277623431726,0.13991748693313627,68.99875213208539,0.3492706873620224,2.8216494768676763
2020-11-17 00:00:00+00:00,1009780.8671421697,-0.0008100654149054907,0.13994731569252952,68.98165309174598,0.2690406545954538,2.831960477815849
2020-11-18 00:00:00+00:00,1008654.6190766493,-0.0011153390821395507,0.14006077408159792,68.91668073313097,0.15754707899913778,2.8463587558018086
2020-11-19 00:00:00+00:00,1008577.1947695395,-7.675997873351776e-05,0.14021716376433105,68.82729596602617,0.13350050931977853,2.8483351956371608
2020-11-20 00:00:00+00:00,1008865.9963052212,0.00028634549460311397,0.14022792765707584,68.82115117974762,0.16202141053599117,2.845484107574639
2020-11-23 00:00:00+00:00,1008172.1142892732,-0.000687784124441975,0.14018778551629485,68.84407193654776,0.054026657665741995,2.855835056550047
2020-11-24 00:00:00+00:00,1008105.2673116383,-6.630512457879865e-05,0.14028427081066736,68.78900193528204,0.0034225054177952074,2.8586660489248086
2020-11-25 00:00:00+00:00,1009164.2623758897,0.001050480637875675,0.14029357299350229,68.78369661959674,0.07906013377966759,2.8460100522327108
2020-11-27 00:00:00+00:00,1010484.0305453967,0.0013077833002130756,0.1401463519642949,68.86774384691827,0.15002634135751924,2.8306638576384966
2020-11-30 00:00:00+00:00,1011686.6872039632,0.001190178787800655,0.13996331028446232,68.9724873524347,0.22585744535745034,2.8165785735704634
2020-12-01 00:00:00+00:00,1011864.3632117555,0.00017562355029441333,0.0,80.29259422253676,0.30725826937742295,2.811041804807261
2020-12-02 00:00:00+00:00,1011944.6699072486,7.936507936513679e-05,0.0,80.30669549299647,0.0,2.8220518270020345
2020-12-03 00:00:00+00:00,1012024.9829762889,7.936507936512597e-05,0.0,80.31306904025783,0.0,2.8362328465547297
2020-12-04 00:00:00+00:00,1012105.3024193823,7.936507936510278e-05,0.0,80.31944309335626,0.0,2.839511016938333
2020-12-07 00:00:00+00:00,1012185.6282370345,7.936507936502758e-05,0.0,80.32581765233192,0.0,2.830072513105312
2020-12-08 00:00:00+00:00,1012265.9604297518,7.936507936509074e-05,0.0,80.33219271722497,0.0,2.8368633716725475
2020-12-09 00:00:00+00:00,1012346.2989980398,7.936507936502253e-05,0.0,80.33856828807554,0.0,2.836387233067208
2020-12-10 00:00:00+00:00,1012426.6439424048,7.936507936512832e-05,0.0,80.34494436492379,0.0,2.8394347951975263
2020-12-11 00:00:00+00:00,1012506.9952633525,7.936507936502342e-05,0.0,80.3513209478099,0.0,2.844412719937803
2020-12-14 00:00:00+00:00,1011844.8761814306,-0.0006539402542593384,0.1315136551112248,69.78956345163377,0.0,2.8506273460340714
2020-12-15 00:00:00+00:00,1012353.8298907237,0.0005029957864823754,0.13159971346130614,69.7370143181479,0.3247943712039739,2.8451045273704976
2020-12-16 00:00:00+00:00,1012965.8056049879,0.0006045077286172396,0.13153355263854788,69.77740746967909,0.3835478019857227,2.83860699811048
2020-12-17 00:00:00+00:00,1014012.5874525094,0.0010333832018113998,0.13145408762661925,69.82597697081118,0.48876948849820623,2.82739466749721
2020-12-18 00:00:00+00:00,1013056.2663274888,-0.0009431057729008821,0.13131838541304444,69.90905489521765,0.4103440498732246,2.8393899998097076
2020-12-21 00:00:00+00:00,1013015.6421398078,-4.010062326377887e-05,0.1314423494516159,69.83315639323187,0.391745532502379,2.8406199763712707
2020-12-22 00:00:00+00:00,1012227.760861378,-0.0007777582553074,0.13144762058312784,69.82993225135243,0.29844125217745654,2.850876555546265
2020-12-23 00:00:00+00:00,1012846.454703405,0.0006112199901536939,0.13154993463077205,69.7674019911596,0.35608262327725826,2.84423922275242
2020-12-24 00:00:00+00:00,1012788.6348179254,-5.708652600908509e-05,0.13146957779672563,69.81650467703477,0.352406713064344,2.845785212562173
2020-12-28 00:00:00+00:00,1012371.6583594803,-0.00041171123382524637,0.13147708336666483,69.81191579723479,0.3134987125525308,2.8516387472233733
2020-12-29 00:00:00+00:00,1012212.8383718053,-0.00015687913264227681,0.13153123625422963,69.77882242751693,0.2964255676066563,2.8544023805271332
2020-12-30 00:00:00+00:00,1012982.6681681724,0.0007605414268459602,0.13155187399811993,69.76621766659034,0.3789157483343645,2.846064095385937
2020-12-31 00:00:00+00:00,1011990.5260406091,-0.0009794265575712032,0.13145189938300156,69.8273152694766,0.29973726579928495,2.858693918848687
2021-01-04 00:00:00+00:00,1014079.2777842669,0.0020640032588347865,0.13158077308662836,69.74857383078113,0.5175517438548607,2.754879730563508
2021-01-05 00:00:00+00:00,1013572.7752551371,-0.0004994703473641905,0.13130974933608192,69.91434777869046,0.4867871768885299,2.761577783955066
2021-01-06 00:00:00+00:00,1014893.1846294723,0.0013027277434546566,0.1313753674364905,69.87414916526747,0.5482707669416171,2.7469601775235177
2021-01-07 00:00:00+00:00,1015045.190688376,0.00014977542583374408,0.13120444376753002,69.97894356005597,0.543615871842315,2.745937154366086
2021-01-08 00:00:00+00:00,1015185.805606901,0.00013853069776097385,0.13118479550891976,69.99100753298482,0.4554076980397861,2.7448258570372337
2021-01-11 00:00:00+00:00,1014470.5818196428,-0.000704525007449813,0.13116662490484873,70.00216744715348,0.3889346779687597,2.754538118787376
2021-01-12 00:00:00+00:00,1014267.4669238215,-0.0002002176302214615,0.13125910022341147,69.94540365451395,0.3835828143521166,2.757822980502508
2021-01-13 00:00:00+00:00,1014359.6711296416,9.090719048669761e-05,0.13128538587225352,69.92928342468686,0.3717809767769177,2.7576402694058
2021-01-14 00:00:00+00:00,1014372.031667833,1.2185557591844683e-05,0.13127345217153114,69.93660121879957,0.36619441909238426,2.7583644704937256
2021-01-15 00:00:00+00:00,1013670.1033922525,-0.0006919830729425828,0.1312718525508117,69.93758221389413,0.27506871425178303,2.768557657307792
2021-01-19 00:00:00+00:00,1013752.3422343992,8.112978953556117e-05,0.13136275335254677,69.88187362059408,0.29475303202977965,2.7680982338372115
2021-01-20 00:00:00+00:00,1014393.3666133885,0.000632328382666405,0.1313520967845796,69.88840051282794,0.38255308933772025,2.7604539628689877
2021-01-21 00:00:00+00:00,1013751.1008470963,-0.0006331525692409348,0.13126909161218636,69.93927546354139,0.3257558499071649,2.7692994571306593
2021-01-22 00:00:00+00:00,1013842.0720734196,8.973724047970303e-05,0.1313522576315814,69.88830199002612,0.3057843195116854,2.7693153123326435
2021-01-25 00:00:00+00:00,1013730.2622030998,-0.00011028332064689978,0.1313404715001057,69.89552192862322,0.293329278877139,2.7715863599002764
2021-01-26 00:00:00+00:00,1014000.4562706292,0.0002665344792432265,0.131354957761031,69.88664812939149,0.3019280122020561,2.7691482663885396
2021-01-27 00:00:00+00:00,1012606.2602914433,-0.0013749461063494507,0.13131995646482042,69.90809210300493,0.17020084726271656,2.7884112174397284
2021-01-28 00:00:00+00:00,1013464.2748776989,0.0008473328873244245,0.13150076292678858,69.79744162846636,0.23875438038889563,2.77797140571561
2021-01-29 00:00:00+00:00,1013413.1369425291,-5.045854741738261e-05,0.13138943233972025,69.86553802420094,0.2363428892582684,2.7793843712964423
2021-02-01 00:00:00+00:00,1014969.3821615919,0.0015356473705856804,0.13139606239416501,69.86147945791762,0.366294259943133,2.7603535950879103
2021-02-02 00:00:00+00:00,1014241.0664572554,-0.0007175740639440808,0.13119459376122056,69.98499098324007,0.2748638363018534,2.770811858615704
2021-02-03 00:00:00+00:00,1014374.9972265462,0.000132050233144863,0.13128880320128405,69.92718814956257,0.2745853767759705,2.7700749459371714
2021-02-04 00:00:00+00:00,1014917.4542701994,0.0005347697302638539,0.13127146877322726,69.93781757569676,0.2584578437553605,2.764852090695947
2021-02-05 00:00:00+00:00,1015431.3806208423,0.0005063725611187543,0.13120130628605442,69.98086972201844,0.3177769466804711,2.758686227730417
2021-02-08 00:00:00+00:00,1015654.1874576445,0.00021942086984345254,0.13113490316928453,70.02165752762502,0.3536920561566793,2.7564711129011843
2021-02-09 00:00:00+00:00,1015343.681148824,-0.0003057205027605883,0.1311061357469371,70.03934060991091,0.3336785387247916,2.761189454601849
2021-02-10 00:00:00+00:00,1015335.8663537176,-7.696699404850203e-06,0.1311462298382584,70.01469725206802,0.3338046388503332,2.7621013148084077
2021-02-11 00:00:00+00:00,1015398.7121693742,6.189657800849947e-05,0.13114723923913663,70.01407703023416,0.31248813312660095,2.7624416710340287
2021-02-12 00:00:00+00:00,1015483.6307055126,8.363073058950923e-05,0.1311391221762309,70.01906479338152,0.31130427029028307,2.762278065289811
2021-02-16 00:00:00+00:00,1016179.109296665,0.0006848742511675575,0.13112815583275772,70.02580435974171,0.3086632813402004,2.754855973315611
2021-02-17 00:00:00+00:00,1015349.3568979388,-0.0008165414847983673,0.1310384109991505,70.08100107332524,0.22336758134362011,2.7670330931023357
2021-02-18 00:00:00+00:00,1015283.757331376,-6.460787719728048e-05,0.1311454967377814,70.01514770834696,0.20260799467165047,2.7690927021472675
2021-02-19 00:00:00+00:00,1014524.7536897695,-0.0007475778432636696,0.1311539703173896,70.00994139354039,0.1555058204863462,2.779864085828041
2021-02-22 00:00:00+00:00,1015499.8166891922,0.0009611032119979454,0.1312520914728567,69.94970300928591,0.2639743767071051,2.7669146147828543
2021-02-23 00:00:00+00:00,1014630.0305779277,-0.0008565103577273217,0.13112606578984942,70.02708896162105,0.18297455603797452,2.779489139036926
2021-02-24 00:00:00+00:00,1015297.2195862549,0.0006575687573008004,0.13123847290122165,69.95805831786988,0.22859868009946482,2.771579362285893
2021-02-25 00:00:00+00:00,1014796.8478483142,-0.0004928327668863407,0.13115223129147408,70.01100982646729,0.13656579352684695,2.780519410255063
2021-02-26 00:00:00+00:00,1014757.992434886,-3.828885900714423e-05,0.131216899279008,69.97129778377358,0.07652688063644975,2.783856109040412
2021-03-01 00:00:00+00:00,1014790.625746335,3.215871339989667e-05,0.13122192361674,69.9682140208031,0.05757810058535273,2.7850362326654055
2021-03-02 00:00:00+00:00,1016240.7020957423,0.0014289414117723536,0.13121770382420975,69.9708039661562,0.18341398903948192,2.764907235656741
2021-03-03 00:00:00+00:00,1015809.9411159381,-0.0004238769210049091,0.13103046896090753,70.08588939071232,0.10900241337290362,2.7730562826038136
2021-03-04 00:00:00+00:00,1017120.3743004963,0.0012900377634802176,0.13108603330509166,70.05170201136279,0.18429655090197472,2.756032553786638
2021-03-05 00:00:00+00:00,1017347.278412076,0.00022308481602847775,0.13091714524384007,70.15570464505788,0.20751317258414614,2.753542410194681
2021-03-08 00:00:00+00:00,1017676.352982357,0.0003234633612965644,0.1308879461304572,70.17371290788167,0.2050631122439588,2.750425857407061
2021-03-09 00:00:00+00:00,1017806.9023661129,0.00012828182886760365,0.13084562236563588,70.19982993726904,0.2523142280027513,2.7486762594789877
2021-03-10 00:00:00+00:00,1017523.4486486043,-0.0002784945915081107,0.13082883940284867,70.21019099947189,0.2402549939280304,2.753239317256502
2021-03-11 00:00:00+00:00,1018593.9793434474,0.0010520943731221455,0.13086528467684733,70.18769467268551,0.31414288448765537,2.7396716322300563
2021-03-12 00:00:00+00:00,1018741.5931058164,0.00014491913889396558,0.13072774675008064,70.27265742624446,0.324042827682837,2.7385805440681956
2021-03-15 00:00:00+00:00,1019344.3165325761,0.0005916352398277941,0.13070880454268044,70.28437280421026,0.37469836879867646,2.731387528852576
2021-03-16 00:00:00+00:00,1019193.5947105533,-0.00014786154155988065,0.13063151833300243,70.33220799681024,0.35703329243464466,2.7343229946379433
2021-03-17 00:00:00+00:00,1019746.3235774806,0.0005423198004735287,0.13065083656710333,70.32024594744335,0.41866582406121644,2.7278643676193193
2021-03-18 00:00:00+00:00,1019382.9154816112,-0.00035637107726415516,0.1305800204364744,70.36411331783441,0.36558826030156866,2.7336335462083285
2021-03-19 00:00:00+00:00,1019392.5691436558,9.470103822674385e-06,0.1306265719686462,70.33527140546383,0.3755967974390939,2.734340707311997
2021-03-22 00:00:00+00:00,1018994.5767494339,-0.0003904211255495824,0.1306253349331625,70.33603756911815,0.32993588258962836,2.74061684144746
2021-03-23 00:00:00+00:00,1018324.8847790376,-0.0006572085717400196,0.13067635374227327,70.30445087116404,0.25463818821739403,2.7508652411661476
2021-03-24 00:00:00+00:00,1017790.2071626694,-0.0005250560252037658,0.13076229184133176,70.25130071478337,0.21725556013055136,2.7589596923751114
2021-03-25 00:00:00+00:00,1017827.3526322393,3.649619470549057e-05,0.0,80.77700056846582,0.21356036531285938,2.758291783351481
2021-03-26 00:00:00+00:00,1017908.132580861,7.936507936511154e-05,0.0,80.7799486216063,0.0,2.750191962915687
2021-03-29 00:00:00+00:00,1017988.9189405896,7.936507936510242e-05,0.0,80.78635972863977,0.0,2.7355462007378057
2021-03-30 00:00:00+00:00,1018069.7117119342,7.936507936512607e-05,0.0,80.79277134449124,0.0,2.74111412258836
2021-03-31 00:00:00+00:00,1018150.5108954033,7.936507936502845e-05,0.0,80.79918346920113,0.0,2.7414525535359338
2021-04-01 00:00:00+00:00,1018231.3164915062,7.936507936511296e-05,0.0,80.80559610280979,0.0,2.735534902561867
2021-04-05 00:00:00+00:00,1018312.1285007516,7.936507936511123e-05,0.0,80.81200924535763,0.0,2.7328334181396428
2021-04-06 00:00:00+00:00,1018392.9469236485,7.936507936509792e-05,0.0,80.81842289688504,0.0,2.727583528156874
2021-04-07 00:00:00+00:00,1018473.7717607059,7.936507936503338e-05,0.0,80.82483705743242,0.0,2.7317890476100746
2021-04-08 00:00:00+00:00,1018554.6030124329,7.936507936510658e-05,0.0,80.83125172704015,0.0,2.728070707486362
2021-04-09 00:00:00+00:00,1018635.4406793386,7.936507936504921e-05,0.0,80.83766690574865,0.0,2.7181622280141187
2021-04-12 00:00:00+00:00,1019194.7670509361,0.0005490937672701185,0.20986699405767503,63.87757799232942,0.0,2.7283679809730725
2021-04-13 00:00:00+00:00,1018826.4476018631,-0.0003613827905914332,0.20975182064028788,63.92196897420224,8.505137530635068,2.7250247499652804
2021-04-14 00:00:00+00:00,1018897.0244684125,6.927270755050104e-05,0.20982764874153334,63.89273727189485,8.463283632967503,2.7251450004552082
2021-04-15 00:00:00+00:00,1018240.1373112643,-0.0006447041667345457,0.20981311441901795,63.89833861050989,8.568589929614571,2.71975201568538
2021-04-16 00:00:00+00:00,1017619.6855010348,-0.0006093374121627149,0.2099484690718281,63.84620470914892,8.609984195114949,2.7148081345489627
2021-04-19 00:00:00+00:00,1017919.4192835634,0.0002945440097112248,0.21007647652839215,63.79696250198785,8.593758771526065,2.7165749747343098
2021-04-20 00:00:00+00:00,1017353.2890248748,-0.00055616412062071,0.21001461798071414,63.82075089742662,8.605318000886843,2.7120171591020723
2021-04-21 00:00:00+00:00,1017172.1699539875,-0.00017802967055911717,0.21013148557360292,63.77581992451482,8.674167163180158,2.7105798348057806
2021-04-22 00:00:00+00:00,1018045.9520597536,0.0008590306848501827,0.2101689018739653,63.76144539507933,8.642635448757206,2.716425995275397
2021-04-23 00:00:00+00:00,1017442.7283569647,-0.0005925309182443753,0.20998851529586005,63.830793181251245,8.596315631746467,2.7114256096598575
2021-04-26 00:00:00+00:00,1018537.1504267891,0.0010756596310750226,0.2101130137528341,63.7829182842045,8.643165742957976,2.7192428490022555
2021-04-27 00:00:00+00:00,1020074.8346063574,0.0015096986682557342,0.20988724651468077,63.869777178635005,8.652439312175979,2.730401365157733
2021-04-28 00:00:00+00:00,1019766.1082741227,-0.00030265067008914163,0.20957085766995123,63.991815605584875,8.669572025724303,2.7276519053284143
2021-04-29 00:00:00+00:00,1021224.1600489535,0.0014297903833050826,0.20963430363241925,63.967313515724975,8.656186505228828,2.7383904331161966
2021-04-30 00:00:00+00:00,1021769.5438762255,0.0005340490840383605,0.2093349984647252,64.08303191055282,8.64904595560928,2.7422320198409516
2021-05-03 00:00:00+00:00,1020199.3547406523,-0.001536735113102403,0.20922326297277508,64.1263163412887,8.717494304973613,2.7297030432978793
2021-05-04 00:00:00+00:00,1020278.0126469592,7.710052544279778e-05,0.20954527856012323,64.00169815592574,8.658472296951158,2.729842730587256
2021-05-05 00:00:00+00:00,1019864.1761918229,-0.0004056114608043623,0.20952912375458618,64.00794084690249,8.679139954292463,2.726318476306504
2021-05-06 00:00:00+00:00,1019224.0659500811,-0.0006276426377990168,0.20961414565441033,63.97509668379642,8.793212948388403,2.721453353651174
2021-05-07 00:00:00+00:00,1019103.3357707681,-0.00011845303044375056,0.20974579105597593,63.92429428365819,8.860919149030774,2.720429185832519
2021-05-10 00:00:00+00:00,1019687.0551067994,0.0005727773774675746,0.20977063902386645,63.914712523395245,8.89248639183985,2.724304904023703
2021-05-11 00:00:00+00:00,1019747.410150508,5.918977141704972e-05,0.0,80.92754405609519,8.874540472797309,2.71799390960288
2021-05-12 00:00:00+00:00,1019828.342484647,7.936507936504619e-05,0.0,80.9323341389292,0.0,2.7216461951271382
2021-05-13 00:00:00+00:00,1019909.281241987,7.936507936510209e-05,0.0,80.93875734005134,0.0,2.7256144104459503
2021-05-14 00:00:00+00:00,1019990.2264230379,7.936507936504856e-05,0.0,80.94518105095135,0.0,2.7206542132947944
2021-05-17 00:00:00+00:00,1020071.1780283096,7.936507936507424e-05,0.0,80.95160527166968,0.0,2.7022798564682757
2021-05-18 00:00:00+00:00,1020152.1360583118,7.936507936502532e-05,0.0,80.95803000224679,0.0,2.7034198738656916
2021-05-19 00:00:00+00:00,1020233.1005135545,7.936507936509038e-05,0.0,80.96445524272316,0.0,2.7104476863722033
2021-05-20 00:00:00+00:00,1020314.0713945477,7.936507936511563e-05,0.0,80.97088099313925,0.0,2.706942853050971
2021-05-21 00:00:00+00:00,1020395.0487018012,7.936507936506141e-05,0.0,80.97730725353553,0.0,2.714262998477919
2021-05-24 00:00:00+00:00,1020476.0324358252,7.936507936511624e-05,0.0,80.98373402395248,0.0,2.7117076605394383
2021-05-25 00:00:00+00:00,1020557.0225971297,7.936507936512637e-05,0.0,80.99016130443057,0.0,2.7177576720439403
2021-05-26 00:00:00+00:00,1020638.0191862247,7.936507936505211e-05,0.0,80.9965890950103,0.0,2.718833696832809
2021-05-27 00:00:00+00:00,1020719.0222036204,7.936507936508198e-05,0.0,81.00301739573212,0.0,2.724047631546394
2021-05-28 00:00:00+00:00,1020800.031649827,7.936507936506221e-05,0.0,81.00944620663654,0.0,2.723831443663306
2021-06-01 00:00:00+00:00,1020881.0475253548,7.93650793650672e-05,0.0,81.01587552776405,0.0,2.7193372503784348
2021-06-02 00:00:00+00:00,1020962.0698307139,7.936507936505727e-05,0.0,81.02230535915514,0.0,2.723371803701431
2021-06-03 00:00:00+00:00,1021043.0985664148,7.93650793651068e-05,0.0,81.0287357008503,0.0,2.7286901167892164
2021-06-04 00:00:00+00:00,1021124.1337329677,7.936507936506206e-05,0.0,81.03516655289006,0.0,2.7305248238751045
2021-06-07 00:00:00+00:00,1021205.175330883,7.936507936511146e-05,0.0,81.0415979153149,0.0,2.7332131699279754
2021-06-08 00:00:00+00:00,1021286.2233606712,7.936507936510129e-05,0.0,81.04802978816532,0.0,2.7409626322545084
2021-06-09 00:00:00+00:00,1021367.2778228427,7.936507936510589e-05,0.0,81.05446217148184,0.0,2.740237954929181
2021-06-10 00:00:00+00:00,1021448.338717908,7.93650793650856e-05,0.0,81.06089506530498,0.0,2.728271711543301
2021-06-11 00:00:00+00:00,1021529.4060463777,7.936507936511472e-05,0.0,81.06732846967525,0.0,2.7280447350193717
2021-06-14 00:00:00+00:00,1021610.4798087623,7.936507936503963e-05,0.0,81.07376238463316,0.0,2.7272395528991233
2021-06-15 00:00:00+00:00,1021691.5600055725,7.936507936504857e-05,0.0,81.08019681021923,0.0,2.7299090458150648
2021-06-16 00:00:00+00:00,1021772.646637319,7.936507936510188e-05,0.0,81.08663174647401,0.0,2.7281441896054712
2021-06-17 00:00:00+00:00,1021853.7397045124,7.936507936504592e-05,0.0,81.09306719343802,0.0,2.7331824269278306
2021-06-18 00:00:00+00:00,1021934.8392076636,7.936507936506892e-05,0.0,81.09950315115178,0.0,2.74752746041702
2021-06-21 00:00:00+00:00,1022015.9451472833,7.93650793651312e-05,0.0,81.10593961965584,0.0,2.740615582216351
2021-06-22 00:00:00+00:00,1022097.0575238822,7.936507936507916e-05,0.0,81.11237659899074,0.0,2.7426224252185705
2021-06-23 00:00:00+00:00,1022178.1763379715,7.936507936510097e-05,0.0,81.118814089197,0.0,2.7447523331987402
2021-06-24 00:00:00+00:00,1022259.3015900617,7.936507936504306e-05,0.0,81.1252520903152,0.0,2.7424160992731594
2021-06-25 00:00:00+00:00,1022340.4332806641,7.936507936509354e-05,0.0,81.13169060238586,0.0,2.747334529499159
2021-06-28 00:00:00+00:00,1022421.5714102896,7.936507936509884e-05,0.0,81.13812962544954,0.0,2.7531688438797435
2021-06-29 00:00:00+00:00,1022993.9846194069,0.0005598602622670464,0.21464566052978762,63.72723951389084,0.0,2.7506841396539397
2021-06-30 00:00:00+00:00,1023680.1990879873,0.0006707903261383653,0.21452555619563293,63.77266913366205,0.8085178838252265,2.7459874860913955
2021-07-01 00:00:00+00:00,1022886.5153983418,-0.0007753238661376831,0.2143817509909676,63.82713059942241,0.7586250416241593,2.769943992871969
2021-07-02 00:00:00+00:00,1023214.0286572775,0.00032018533239545893,0.21454809524964902,63.764139830402925,0.8067765869334278,2.76806815202017
2021-07-06 00:00:00+00:00,1022521.1290718477,-0.0006771795206317452,0.2144794220845969,63.790132946191456,0.7666461053313778,2.7737445828795053
2021-07-07 00:00:00+00:00,1022578.8959159991,5.6494523691515986e-05,0.2146247615777578,63.735140915601804,0.7845894993682143,2.773838907001341
2021-07-08 00:00:00+00:00,1020151.9220558623,-0.002373385437377716,0.21461263713904447,63.73972558577255,0.5874633132499032,2.792458735793764
2021-07-09 00:00:00+00:00,1021720.0317861885,0.0015371335351366947,0.2151232074267932,63.54710861274581,0.7195019288536719,2.7811531217287158
2021-07-12 00:00:00+00:00,1020810.1122270586,-0.0008905762154228551,0.21479304183906833,63.67156176594631,0.6334828224132802,2.7884277629526038
2021-07-13 00:00:00+00:00,1021783.5153681091,0.00095355946163861,0.21498450192316565,63.59934592792012,0.708260040012932,2.7816115582172585
2021-07-14 00:00:00+00:00,1021929.1248169675,0.00014250518497155721,0.21477969671119881,63.67660014546382,0.7593270136972983,2.7810652806768386
2021-07-15 00:00:00+00:00,1022480.3107602746,0.0005393582880866051,0.21474909385185698,63.688156450928766,0.8073845098687418,2.7775321860258466
2021-07-16 00:00:00+00:00,1020953.4503594846,-0.0014932907604398645,0.2146333295866448,63.73190136706425,0.6349332652494377,2.7892254279056203
2021-07-19 00:00:00+00:00,1018973.7959464443,-0.0019390251458999705,0.21495431888495234,63.610721970176165,0.47481853451913136,2.8047296073975834
2021-07-20 00:00:00+00:00,1019253.0389416595,0.00027404335256321665,0.2153719304738622,63.45360654056979,0.4917322672399773,2.8030721742091593
2021-07-21 00:00:00+00:00,1020667.5431418829,0.0013877851192792292,0.21531292539793592,63.475768683047185,0.5808994852999791,2.792854491217882
2021-07-22 00:00:00+00:00,1019869.1360532546,-0.0007822401074600304,0.2150145314307875,63.58803092116014,0.5233404403190864,2.7993668482498606
2021-07-23 00:00:00+00:00,1019649.7962210895,-0.00021506664375966797,0.21518285609125987,63.52466527920553,0.4850889328550061,2.801631996459544
2021-07-26 00:00:00+00:00,1021141.5432744016,0.0014629994129754795,0.21522914470105,63.50725735601782,0.588682029702059,2.790737983352417
2021-07-27 00:00:00+00:00,1021552.2738791812,0.0004022269072146662,0.21491472458514213,63.62564997929655,0.6192964197918791,2.7880905424017426
2021-07-28 00:00:00+00:00,1022163.8656674384,0.0005986886857338206,0.21482831485647527,63.65824764634256,0.6834551710493939,2.783941937762045
2021-07-29 00:00:00+00:00,1022880.4833812946,0.0007010790910597793,0.21469977652943753,63.70678667715662,0.7906520825024128,2.7792072495755313
2021-07-30 00:00:00+00:00,1023583.4598034816,0.0006872517694962173,0.21454936045881962,63.76366109889125,0.8062462567121405,2.7744195217731313
2021-08-02 00:00:00+00:00,1024360.0933716764,0.0007587398572695944,0.0,81.23678252408584,0.8130495608277122,2.773092114728521
2021-08-03 00:00:00+00:00,1024441.3917917853,7.936507936507113e-05,0.0,81.29842010886321,0.0,2.768336359745769
2021-08-04 00:00:00+00:00,1024522.6966641496,7.936507936504075e-05,0.0,81.3048723644274,0.0,2.7756612921882082
2021-08-05 00:00:00+00:00,1024604.0079892817,7.936507936503696e-05,0.0,81.31132513207537,0.0,2.77894241332981
2021-08-06 00:00:00+00:00,1024685.3257676936,7.93650793651337e-05,0.0,81.31777841184775,0.0,2.777479580199957
2021-08-09 00:00:00+00:00,1024766.6499998973,7.936507936506404e-05,0.0,81.3242322037852,0.0,2.7737480570530817
2021-08-10 00:00:00+00:00,1024847.9806864053,7.936507936512918e-05,0.0,81.33068650792836,0.0,2.781983610421228
2021-08-11 00:00:00+00:00,1024929.3178277296,7.936507936506222e-05,0.0,81.33714132431788,0.0,2.7840761070183384
2021-08-12 00:00:00+00:00,1025010.6614243826,7.936507936505073e-05,0.0,81.34359665299442,0.0,2.7940077554307208
2021-08-13 00:00:00+00:00,1025092.0114768766,7.9365079365055e-05,0.0,81.35005249399862,0.0,2.7962258757768206
2021-08-16 00:00:00+00:00,1025173.3679857239,7.936507936503536e-05,0.0,81.35650884737116,0.0,2.8033818628261513
2021-08-17 00:00:00+00:00,1024686.6140054748,-0.00047480162424179206,0.1464829922505594,69.44467503711041,0.0,2.810187136416892
2021-08-18 00:00:00+00:00,1023356.2871459123,-0.001298276801296668,0.14655257565151558,69.40604376883668,0.30419827231473295,2.826062480905884
2021-08-19 00:00:00+00:00,1022615.0810404714,-0.0007242893943692284,0.14674308879945452,69.300462272046,0.22775758865202378,2.835650780988391
2021-08-20 00:00:00+00:00,1022640.2598830031,2.462201369650745e-05,0.14684945029887495,69.2416363906618,0.22974709838690033,2.836065914036471
2021-08-23 00:00:00+00:00,1023889.0773771452,0.0012211698904607718,0.14684583465872272,69.24363471149765,0.3575694684483879,2.8220833887047965
2021-08-24 00:00:00+00:00,1023954.4440758822,6.38415822390357e-05,0.14666672966452404,69.34274721103273,0.3521553050951909,2.8221661627876204
2021-08-25 00:00:00+00:00,1023785.8660323339,-0.00016463431993834,0.14665736682617886,69.34793504426584,0.31637977623925573,2.8250299892468433
2021-08-26 00:00:00+00:00,1023369.5838074405,-0.000406610638713688,0.1466815156377534,69.33455583446042,0.28162058477760077,2.8305521663652113
2021-08-27 00:00:00+00:00,1024299.4102715439,0.0009085930232985863,0.14674118216355853,69.30151756264348,0.389592477024719,2.820434740600455
2021-08-30 00:00:00+00:00,1023857.082383711,-0.0004318345626261989,0.14660797518014992,69.3753133137628,0.3367041077204205,2.8262508865706186
2021-08-31 00:00:00+00:00,1024502.7650288524,0.0006306374749473065,0.1466713129224156,69.34020792583955,0.3886282778466901,2.819743567484891
2021-09-01 00:00:00+00:00,1024384.9240968095,-0.00011502256125155636,0.14657887479093681,69.39145258021586,0.37157654877714497,2.821841778025914
2021-09-02 00:00:00+00:00,1024867.8386903413,0.00047141907516615183,0.14659573660803002,69.3821001252918,0.3982763338281632,2.8172609027845694
2021-09-03 00:00:00+00:00,1025348.1910416172,0.0004686968730423697,0.1465266611449459,69.42042668033402,0.46271132902092416,2.812644435102026
2021-09-07 00:00:00+00:00,1025514.5775909241,0.00016227321680637133,0.14645801673047232,69.45854988281623,0.41609559133465823,2.811681718336859
2021-09-08 00:00:00+00:00,1025409.3188874337,-0.00010263989005172139,0.1464342543729646,69.47175516450724,0.3943986818295495,2.8136699076703415
2021-09-09 00:00:00+00:00,1024790.5279766314,-0.0006034574675737317,0.1464492859115687,69.46340129915087,0.3476636303470173,2.8213863048525036
2021-09-10 00:00:00+00:00,1024432.4227776012,-0.0003494423389502847,0.14653771519008135,69.41429090940467,0.3011119130009414,2.8263960464373965
2021-09-13 00:00:00+00:00,1025311.4938469083,0.0008581054735886676,0.14658893957198962,69.38586986186259,0.374630170680498,2.8170819188521494
2021-09-14 00:00:00+00:00,1025224.3528861093,-8.498974343115645e-05,0.1464632586480641,69.45563740704569,0.38000407794137825,2.818724600159001
2021-09-15 00:00:00+00:00,1025755.1211160598,0.0005177093466970453,0.14647570758087028,69.44872145777592,0.40024353379585076,2.813636936730379
2021-09-16 00:00:00+00:00,1025498.486960769,-0.00025019046944806464,0.0,81.40913659651268,0.2998065105570096,2.8194166547665214
2021-09-17 00:00:00+00:00,1025579.8757295754,7.936507936502558e-05,0.0,81.38876880641024,0.0,2.8274990023531386
2021-09-20 00:00:00+00:00,1025661.2709578079,7.936507936506368e-05,0.0,81.39522823250599,0.0,2.8360055273740086
2021-09-21 00:00:00+00:00,1024703.1515439982,-0.0009341479891455784,0.1470315372658761,69.43307282339755,0.0,2.841939683541016
2021-09-22 00:00:00+00:00,1025191.1141951093,0.00047619903420413525,0.14716901490521433,69.35703160007932,0.43040536800587215,2.8373374079438207
2021-09-23 00:00:00+00:00,1025235.632248365,4.342415052102524e-05,0.14709896651942536,69.39575879461195,0.39422678091773933,2.8377398201996984
2021-09-24 00:00:00+00:00,1024774.9752425698,-0.00044931817750513606,0.14709257914912785,69.39929197344176,0.35899946943283556,2.8436904248690116
2021-09-27 00:00:00+00:00,1024822.5396545643,4.641449405346449e-05,0.1471587002281184,69.36273189361674,0.3548522173574651,2.8439531401859135
2021-09-28 00:00:00+00:00,1025112.7203416874,0.0002831521320958705,0.14715187024851178,69.36650684694966,0.347252133651891,2.8416340586259285
2021-09-29 00:00:00+00:00,1024584.8582604793,-0.0005149307688155548,0.14711021567728966,69.38953706021339,0.29131546837904043,2.848628161642142
2021-09-30 00:00:00+00:00,1024521.995308933,-6.135455842384092e-05,0.14718600628066267,69.34764324424448,0.320672929970113,2.849681415827619
2021-10-01 00:00:00+00:00,1023845.0362676709,-0.0006607559860712567,0.1471950373671825,69.34265412110588,0.27264319874206255,2.7773804758286063
2021-10-04 00:00:00+00:00,1024263.0680347759,0.0004082959357100367,0.14729236167686308,69.28892721306921,0.3123982725436283,2.772934116483203
2021-10-05 00:00:00+00:00,1024809.2986974154,0.000533291377660939,0.14723224734866516,69.32210433744262,0.3369999322472048,2.7676296570329573
2021-10-06 00:00:00+00:00,1025876.0363336204,0.0010409133070522676,0.147153771511128,69.36545597733465,0.42265281362984286,2.7558940152766627
2021-10-07 00:00:00+00:00,1026441.9778397791,0.0005516665621523785,0.14700075646757413,69.45011769449378,0.4488175406167798,2.750366635672967
2021-10-08 00:00:00+00:00,1027177.401444645,0.0007164784963429296,0.14691970577857483,69.49503368704606,0.5011847790408461,2.742746070059578
2021-10-11 00:00:00+00:00,1027086.2896292915,-8.870114862862498e-05,0.14681451633467005,69.55340063981319,0.484803963585946,2.7446109851569958
2021-10-12 00:00:00+00:00,1027817.1414598895,0.0007115778274693501,0.14682754010612778,69.54616954335657,0.5500831571070894,2.737001217464704
2021-10-13 00:00:00+00:00,1028343.6693796423,0.0005122778152979659,0.1467231351763595,69.60417365689608,0.6400216415062581,2.7317729417413115
2021-10-14 00:00:00+00:00,1029526.7967722398,0.001150517504825239,0.14664801065384395,69.64596158703522,0.7324687417970512,2.7198044263632655
2021-10-15 00:00:00+00:00,1030359.0384290945,0.0008083729918093112,0.14647948344404382,69.7398605864477,0.7469309773178832,2.711334653661503
2021-10-18 00:00:00+00:00,1030074.7581601638,-0.00027590408617575956,0.146361169027952,69.8059115115949,0.7125973102617558,2.7151144093571484
2021-10-19 00:00:00+00:00,1030391.7596184245,0.00030774606964148774,0.14640156181707983,69.78334958548928,0.7406607704585062,2.7124845627116123
2021-10-20 00:00:00+00:00,1030553.0015531146,0.00015648604832580384,0.14635652117292247,69.80850843138299,0.77068574590584,2.711673391154165
2021-10-21 00:00:00+00:00,1030304.0803066138,-0.00024154143079071206,0.14633362200267805,69.82130541032666,0.7492909405356971,2.7150900264563904
2021-10-22 00:00:00+00:00,1030360.7294039002,5.498289133198335e-05,0.14636897617460665,69.80154975584246,0.7624559327941958,2.7153251559621814
2021-10-25 00:00:00+00:00,1030711.0616899155,0.00034000935402298265,0.14636092882756166,69.80604571594456,0.8083646182365569,2.712575811228575
2021-10-26 00:00:00+00:00,1031201.3745458715,0.0004757034965280469,0.14631118165720006,69.83384986562832,0.8171722565747856,2.707908522516671
2021-10-27 00:00:00+00:00,1030624.9239313145,-0.0005590087724726717,0.14624161401007757,69.87276358435498,0.7720514982039086,2.7147611760314305
2021-10-28 00:00:00+00:00,1029596.0998768917,-0.0009982526431617268,0.14632341007993035,69.82701353558062,0.6878809643379193,2.726462450085727
2021-10-29 00:00:00+00:00,1028775.6974080546,-0.000796819713026491,0.14646962376900066,69.74536083284865,0.5930021499255693,2.73613961131059
2021-11-01 00:00:00+00:00,1028586.5020039108,-0.00018390345399919424,0.14658642672347605,69.68024952579809,0.5850791871531509,2.7389312441766163
2021-11-02 00:00:00+00:00,1028146.1394871097,-0.0004281239506285408,0.14661338943219515,69.6652340175327,0.5364338462483274,2.74461123448004
2021-11-03 00:00:00+00:00,1029802.2101577854,0.0016107347069375267,0.14667618501998905,69.63028461143738,0.6470221442626727,2.727170675675974
2021-11-04 00:00:00+00:00,1028618.8673171478,-0.0011490972042644495,0.14644030853254103,69.76171879164974,0.5704965384170959,2.7408593471379383
2021-11-05 00:00:00+00:00,1029437.0372713803,0.0007954063261220163,0.14660877626747063,69.66780269318643,0.6743213421088332,2.7326538212561906
2021-11-08 00:00:00+00:00,1029386.2327658515,-4.935173661851904e-05,0.14649225540079694,69.73273681653822,0.6742406223421216,2.7339394188316186
2021-11-09 00:00:00+00:00,1029902.4631562798,0.0005014933889694249,0.1464994854048154,69.72870471292482,0.7174197121866681,2.7292310368161163
2021-11-10 00:00:00+00:00,1030280.9233912457,0.0003674719194340521,0.1464260537069085,69.76967537883182,0.7734210684986158,2.7261722260529835
2021-11-11 00:00:00+00:00,1031258.2295976282,0.0009485822596478859,0.14637226600936612,69.79971190541642,0.8685708577983213,2.7171353520825865
2021-11-12 00:00:00+00:00,1031371.5581989777,0.00010989352433455243,0.146233551456689,69.87727589004996,0.8750582263672475,2.7167255460115154
2021-11-15 00:00:00+00:00,1031744.3500569433,0.00036145252891839233,0.14621748310215157,69.8862702234904,0.8951519704784212,2.713627255138582
2021-11-16 00:00:00+00:00,1030983.2950475235,-0.0007376391345179583,0.14616465151922148,69.91585687888448,0.8093536782899731,2.721809667186965
2021-11-17 00:00:00+00:00,1031156.6970637058,0.00016819090766579363,0.14627254787483962,69.8554556876607,0.8455860785559124,2.7210174187421754
2021-11-18 00:00:00+00:00,1030626.1969756555,-0.0005144708748543271,0.14624795029933452,69.86921775243707,0.7857731360950448,2.727001487329012
2021-11-19 00:00:00+00:00,1030267.7136525142,-0.00034783059482992954,0.14632322933914413,69.82711457084577,0.7322752448083985,2.731301402496973
2021-11-22 00:00:00+00:00,1031050.7188596227,0.0007600016934750382,0.1463741427442826,69.7986635134536,0.725007009032635,2.72352339638181
2021-11-23 00:00:00+00:00,1031085.581728346,3.3812952249125277e-05,0.14626298262979123,69.86080678385905,0.6939878226655543,2.723777037445217
2021-11-24 00:00:00+00:00,1031088.4239598596,2.756542777889743e-06,0.14625803721376288,69.86357367820216,0.6864524299990746,2.7244845359214183
2021-11-26 00:00:00+00:00,1030498.7351755217,-0.0005719090338278382,0.14625763404833803,69.86379925213181,0.6294408340397679,2.7316281858308584
2021-11-29 00:00:00+00:00,1030896.8983284204,0.0003863790796704315,0.14634132797582977,69.81699855496214,0.651359651458687,2.7280433597059925
2021-11-30 00:00:00+00:00,1030958.5006641315,5.9756058836740345e-05,0.14628480658689097,69.8485988051922,0.6322402715430071,2.728126817344013
2021-12-01 00:00:00+00:00,1028801.0039077769,-0.002092709604668612,0.14627606570570226,69.85348787945497,0.4693026728305312,2.7528582789772127
2021-12-02 00:00:00+00:00,1028726.2116221765,-7.26984959349328e-05,0.1465828209830529,69.682257978157,0.4374346863495111,2.754773070138186
2021-12-03 00:00:00+00:00,1028448.3067310335,-0.0002701446585139,0.14659347810842524,69.67632208247441,0.435909403516342,2.758351287699002
2021-12-06 00:00:00+00:00,1029573.0936009648,0.0010936737049103131,0.1466330902545189,69.65426613873291,0.5086862052537722,2.74655446745857
2021-12-07 00:00:00+00:00,1029798.168714537,0.00021861013557093775,0.14647289669891725,69.7435349379338,0.5304884274541113,2.744727723123499
2021-12-08 00:00:00+00:00,1030027.2586750977,0.0002224610292778377,0.14644088323757956,69.76139804218558,0.5424779225351881,2.7429518188527853
2021-12-09 00:00:00+00:00,1028995.9555839687,-0.0010012386395051318,0.14640831309355393,69.77957978508722,0.4425492427557227,2.7554851057606573
2021-12-10 00:00:00+00:00,1028210.0655703469,-0.0007637445116834963,0.14655504967210023,69.6977303334103,0.3905714834359162,2.76500830907821
2021-12-13 00:00:00+00:00,1028450.1731369317,0.00023351995338777935,0.14666706583867925,69.63535811010699,0.4030849905657681,2.7630689255599448
2021-12-14 00:00:00+00:00,1028428.1234970414,-2.143967735749887e-05,0.146632824148419,69.65441426618516,0.37435210751443715,2.764515978907123
2021-12-15 00:00:00+00:00,1027234.771837853,-0.0011603646690743472,0.1466359679762614,69.65266429476529,0.28671271329062753,2.778975753972243
2021-12-16 00:00:00+00:00,1029161.388511999,0.0018755368558047074,0.14680631683951892,69.55795384562335,0.46644942214948526,2.757012901757711
2021-12-17 00:00:00+00:00,1029393.9426219648,0.00022596466653498917,0.1465314916264375,69.71085993087304,0.47172541808911816,2.7552767873087043
2021-12-20 00:00:00+00:00,1028543.3902539421,-0.0008262651768246237,0.14649838816700742,69.72931660626715,0.39103271344391555,2.7658227587178983
2021-12-21 00:00:00+00:00,1029335.4983229176,0.000770126060291862,0.1466195347828407,69.66181245007486,0.44421287653004904,2.7576572944242224
2021-12-22 00:00:00+00:00,1029262.3820945297,-7.103245589708233e-05,0.14650670615042674,69.72467816983483,0.4580652293690666,2.758914155969545
2021-12-23 00:00:00+00:00,1029373.0802899958,0.00010755099709444785,0.1465171136208382,69.71887529456595,0.4681668691016194,2.7583611618370125
2021-12-27 00:00:00+00:00,1029267.1532376596,-0.00010290443218732807,0.14650135725378985,69.72766086563468,0.4610747687172052,2.7602283500073774
2021-12-28 00:00:00+00:00,1029167.2530496742,-9.70595317951649e-05,0.14651643444428245,69.71925395671911,0.43926357765389934,2.7622410967731184
2021-12-29 00:00:00+00:00,1029549.8682309894,0.00037177162427335525,0.14653065664120968,69.71132537037107,0.4616884693956598,2.758759990229793
2021-12-30 00:00:00+00:00,1030191.4676116365,0.0006231843647840826,0.14647620094606656,69.74169165460243,0.5245827021084069,2.7522168527804522
2021-12-31 00:00:00+00:00,1029988.3035923999,-0.0001972099610838197,0.14638497611771073,69.79261224036807,0.527240546802481,2.754985012968081
2022-01-03 00:00:00+00:00,1029770.1104957483,-0.00021184036351729816,0.14641385038744775,69.77648811185725,0.46040534586262316,2.6961653655536835
2022-01-04 00:00:00+00:00,1029648.3270822873,-0.00011826271924170698,0.1464448733226477,69.75917119942457,0.4613098681526906,2.6979949725469976
2022-01-05 00:00:00+00:00,1028552.2308093349,-0.001064534602856487,0.14646219434001645,69.74950584914988,0.36392052885039505,2.7116057771277577
2022-01-06 00:00:00+00:00,1027915.0722383421,-0.0006194712839146736,0.14661827456670382,69.66251408145524,0.27588077766103836,2.7210541714996688
2022-01-07 00:00:00+00:00,1028088.9855520633,0.00016919035280072732,0.14670915667635215,69.61194594090027,0.2927407608498733,2.7194892264287462
2022-01-10 00:00:00+00:00,1028907.2657391402,0.0007959235032923621,0.14668433910126927,69.62574858484639,0.3609199583652223,2.710321749064115
2022-01-11 00:00:00+00:00,1029201.7292866197,0.0002861905608839712,0.14656768243799376,69.69069145683662,0.41040703951933843,2.7068085449559325
2022-01-12 00:00:00+00:00,1030184.4679180016,0.000954855208087399,0.14652574815194622,69.71406157965247,0.4895456457441485,2.6962229532692428
2022-01-13 00:00:00+00:00,1029596.3455533631,-0.0005708903433839208,0.14638597074538906,69.79205670912721,0.43072691420302633,2.7038648488427337
2022-01-14 00:00:00+00:00,1029284.811634784,-0.0003025786949658151,0.14646958881924538,69.7453803309813,0.3950832170249592,2.7083964136080048
2022-01-18 00:00:00+00:00,1028828.188941834,-0.0004436310414652992,0.14651392081019846,69.72065541680834,0.34565185804697185,2.7147505373436625
2022-01-19 00:00:00+00:00,1031709.4405204845,0.0028005177245520943,0.14657894778145963,69.68441552054247,0.6102374924893674,2.6819629300780945
2022-01-20 00:00:00+00:00,1031848.3917895396,0.00013468062188617315,0.0,81.88170162860987,0.5589272470258231,2.6889428668515096
2022-01-21 00:00:00+00:00,1031930.2845190467,7.936507936503517e-05,0.0,81.89272950710632,0.0,2.7003249035270107
2022-01-24 00:00:00+00:00,1032012.1837479768,7.936507936511911e-05,0.0,81.89922893008307,0.0,2.7125563993475277
2022-01-25 00:00:00+00:00,1032094.0894768457,7.9365079365099e-05,0.0,81.90572886888705,0.0,2.7088304681172803
2022-01-26 00:00:00+00:00,1032176.0017061692,7.936507936504803e-05,0.0,81.91222932355919,0.0,2.7164624225216465
2022-01-27 00:00:00+00:00,1031988.752667597,-0.0001814119280652436,0.1279576285045978,71.43660383559445,0.0,2.7261185457446775
2022-01-28 00:00:00+00:00,1031628.2699727505,-0.0003493087438353984,0.12798084575658192,71.42174280078714,0.5749933962717619,2.7318555916739085
2022-01-31 00:00:00+00:00,1032935.4393387313,0.0012670933940337084,0.12802556620629227,71.3931330631009,0.6786353079095205,2.7156198036040067
2022-02-01 00:00:00+00:00,1033519.7648837686,0.0005656941593671697,0.12786355114529835,71.49687666357558,0.7243239944924833,2.7090331763253452
2022-02-02 00:00:00+00:00,1033389.212376981,-0.00012631834554443008,0.12779126037568567,71.5432517068325,0.7158822485859881,2.71165753086702
2022-02-03 00:00:00+00:00,1033058.1803001296,-0.0003203363000955192,0.12780740479560776,71.53289039677,0.6829717465852914,2.7168118403207817
2022-02-04 00:00:00+00:00,1033196.1549216411,0.00013355939108041816,0.1278483592659883,71.5066180097183,0.6901869576896905,2.715953456648476
2022-02-07 00:00:00+00:00,1034137.1327193565,0.000910744579558281,0.1278312861972428,71.51756837650491,0.7786855584269862,2.7050543725892076
2022-02-08 00:00:00+00:00,1034698.4197447209,0.0005427587963005549,0.12771497048014954,71.59224915410138,0.8238512564958197,2.6990302279588976
2022-02-09 00:00:00+00:00,1034600.105424995,-9.501736723461822e-05,0.0,82.11892220196198,0.8027562341332801,2.7038946921484652
2022-02-10 00:00:00+00:00,1034682.2165444731,7.936507936503283e-05,0.0,82.1111194781742,0.0,2.7202592527604996
2022-02-11 00:00:00+00:00,1034764.3341807068,7.936507936507576e-05,0.0,82.11763623368834,0.0,2.699665490596538
2022-02-14 00:00:00+00:00,1034846.4583342131,7.93650793650356e-05,0.0,82.12415350640529,0.0,2.690786891014153
2022-02-15 00:00:00+00:00,1034928.5890055095,7.936507936509772e-05,0.0,82.13067129636612,0.0,2.693582088654531
2022-02-16 00:00:00+00:00,1035010.7261951132,7.936507936510993e-05,0.0,82.13718960361187,0.0,2.681739504277738
2022-02-17 00:00:00+00:00,1035092.8699035413,7.936507936503257e-05,0.0,82.14370842818359,0.0,2.669753894176433
2022-02-18 00:00:00+00:00,1034869.9778397456,-0.0002153353291057606,0.14551018592619994,70.19653285341215,0.0,2.6707008924831257
2022-02-22 00:00:00+00:00,1036149.7624131184,0.0012366621902050996,0.14554152615863386,70.17884300707915,5.800818253778457,2.6844953887313054
2022-02-23 00:00:00+00:00,1035507.071089412,-0.0006202687555606176,0.14536176276272364,70.28041321131509,5.816782477648232,2.6764245307425725
2022-02-24 00:00:00+00:00,1036582.3997372395,0.0010384561128068302,0.14545198208264387,70.22940596340189,5.830307022676731,2.687903905016304
2022-02-25 00:00:00+00:00,1035402.9964672046,-0.0011377805279481706,0.14530109327413582,70.31474950688025,5.7563264050380525,2.6738002995624464
2022-02-28 00:00:00+00:00,1036192.7296590817,0.0007627302553417281,0.14546660234174705,70.22114607275051,5.814967975872529,2.6820008214920446
2022-03-01 00:00:00+00:00,1035445.2831386047,-0.0007213392828213232,0.14535573512477995,70.28382331020107,5.8968638828537046,2.6729653288725954
2022-03-02 00:00:00+00:00,1034860.479035297,-0.0005647851343096933,0.14546066161410737,70.22450215778225,5.850721502671865,2.6657810020565167
2022-03-03 00:00:00+00:00,1034832.1223938033,-2.740141503911282e-05,0.1455428620590032,70.17808913371022,5.870265550551317,2.6648518399230694
2022-03-04 00:00:00+00:00,1033634.4342566066,-0.0011573743327818007,0.1455468502486545,70.17583860660754,5.9358064835485465,2.652013538277056
2022-03-07 00:00:00+00:00,1033706.1221002634,6.935512332104881e-05,0.14571549762549477,70.08078399254433,6.01495464719271,2.6527797778430506
2022-03-08 00:00:00+00:00,1035399.4011468916,0.0016380661876974323,0.1457053922100495,70.08647350394564,6.1830038226992485,2.670367082839569
2022-03-09 00:00:00+00:00,1033692.5128021716,-0.0016485313231100185,0.14546710745989727,70.22086072986853,5.98541389694752,2.6510868958815355
2022-03-10 00:00:00+00:00,1032753.8692014558,-0.0009080491433291709,0.14570731052530436,70.0853934009225,5.980070151606459,2.6410562324765374
2022-03-11 00:00:00+00:00,1033290.7431306865,0.0005198469308526855,0.14583974017643492,70.01089787705617,5.962723329323357,2.645550663264573
2022-03-14 00:00:00+00:00,1034758.3217009193,0.0014202958654079703,0.14576396522648302,70.05350691905859,5.900880834714098,2.659439599017018
2022-03-15 00:00:00+00:00,1032835.9361897943,-0.0018578111147393194,0.14555723089326508,70.16998140875961,5.762565683155941,2.6375468098220813
2022-03-16 00:00:00+00:00,1033048.7787828483,0.00020607589801641628,0.14582815205499475,70.0174111300989,5.793727661473637,2.6394030675390963
2022-03-17 00:00:00+00:00,1032383.5107605782,-0.000643985101123575,0.14579810657925232,70.0343033993889,5.82083115556071,2.632258871093921
2022-03-18 00:00:00+00:00,1032403.5507872367,1.94114168325718e-05,0.14589205889155074,69.98150435000238,5.7635282280861775,2.6311151126605212
2022-03-21 00:00:00+00:00,1031465.2513710825,-0.0009088494663144831,0.14588922697495454,69.98309482830861,5.784026794602333,2.6212979698735563
2022-03-22 00:00:00+00:00,1031810.109604846,0.0003343381983106865,0.14602193893622695,69.90862662067732,5.7471278981462515,2.6235760181686043
2022-03-23 00:00:00+00:00,1031347.6036618708,-0.0004482471519418409,0.1459731345414226,69.93599632176966,5.806469305371203,2.619215933414664
2022-03-24 00:00:00+00:00,1032295.8077259929,0.000919383591676936,0.14603859592612006,69.89928950089862,5.857274069773835,2.6286567230844238
2022-03-25 00:00:00+00:00,1031891.7713149393,-0.0003913959623101199,0.14590445376537559,69.97454379170196,5.84056045084983,2.623810536336082
2022-03-28 00:00:00+00:00,1032171.3770445044,0.00027096420122513367,0.14596158253943392,69.94247740987231,5.755443364799039,2.6247463585368136
2022-03-29 00:00:00+00:00,1031227.554341956,-0.0009144050334459673,0.1459220428896412,69.96466834079018,5.715247229045841,2.6140598223580045
2022-03-30 00:00:00+00:00,1031386.8919819377,0.00015451258969056934,0.1460555968625753,69.88976177709587,5.76584126625563,2.615811381038072
2022-03-31 00:00:00+00:00,1031195.9270521346,-0.0001851535357755798,0.0,81.85610253824902,5.7806496714919735,2.6201548057426485
2022-04-01 00:00:00+00:00,1029190.8750636776,-0.001944394790414767,0.14358312496621414,70.08996772964737,0.0,2.5732225603165433
2022-04-04 00:00:00+00:00,1030173.1813003912,0.000954445147653376,0.14386285114451375,69.93083661945238,5.647478323248514,2.583709132674155
2022-04-05 00:00:00+00:00,1031122.7844784865,0.0009217898459525203,0.14372567287344648,70.00879743188996,5.636962072274793,2.593907888401282
2022-04-06 00:00:00+00:00,1031462.3948659676,0.0003293597936086886,0.14359331001832487,70.08416276348483,5.649298728150473,2.597109920716451
2022-04-07 00:00:00+00:00,1030885.1664830875,-0.0005596213548387369,0.14354603172694194,70.11111596884047,5.6563377885754536,2.5896507834100664
2022-04-08 00:00:00+00:00,1029973.5280128453,-0.0008843259170681892,0.14362640813205144,70.06530419242141,5.686256267400183,2.5786879760447645
2022-04-11 00:00:00+00:00,1031006.277505954,0.001002695181012296,0.1437535331070481,69.99295193287838,5.717506464420916,2.5896146678526284
2022-04-12 00:00:00+00:00,1030919.9863647872,-8.369603856880403e-05,0.14360953651683528,70.0749161783632,5.745463668853886,2.5879718756385506
2022-04-13 00:00:00+00:00,1029920.6546879059,-0.0009693591065249606,0.1436215570722153,70.068067675096,5.757024560922826,2.5763365489595444
2022-04-14 00:00:00+00:00,1029638.8048625368,-0.00027366168848656205,0.14376091302241592,69.98875563724827,5.735257646024971,2.5724695210971724
2022-04-18 00:00:00+00:00,1029681.7001766502,4.166054533956708e-05,0.14380026564591739,69.96638660348881,5.746868988856385,2.572315874692572
2022-04-19 00:00:00+00:00,1030614.3858084509,0.0009057999492859454,0.1437942750980001,69.96979099349781,5.688454168130251,2.5815379229538293
2022-04-20 00:00:00+00:00,1030353.5278520675,-0.0002531091744646578,0.14366414412353878,70.04381366268835,5.706357296745107,2.5779988479032445
2022-04-21 00:00:00+00:00,1033406.2679669326,0.002962808426763034,0.14370051604252446,70.02311065027698,5.745881326091571,2.612084323921771
2022-04-22 00:00:00+00:00,1033566.2377895169,0.0001547985797483289,0.0,82.01637047356608,5.7086192980968775,2.6248816827182546
2022-04-25 00:00:00+00:00,1033648.2668560081,7.936507936502333e-05,0.0,82.0290664912315,0.0,2.6309629718453396
2022-04-26 00:00:00+00:00,1033730.3024327427,7.936507936505192e-05,0.0,82.03557673460382,0.0,2.6499426184413672
2022-04-27 00:00:00+00:00,1033812.3445202373,7.936507936504685e-05,0.0,82.04208749466211,0.0,2.6437771618081842
2022-04-28 00:00:00+00:00,1033894.3931190087,7.936507936508109e-05,0.0,82.0485987714474,0.0,2.6365876206875063
2022-04-29 00:00:00+00:00,1033976.4482295738,7.936507936511493e-05,0.0,82.05511056500069,0.0,2.642753686516109
2022-05-02 00:00:00+00:00,1034058.5098524492,7.936507936510873e-05,0.0,82.061622875363,0.0,2.6363126288441876
2022-05-03 00:00:00+00:00,1034140.5779881518,7.936507936513542e-05,0.0,82.06813570257533,0.0,2.623803598955773
2022-05-04 00:00:00+00:00,1034222.6526371985,7.936507936504275e-05,0.0,82.07464904667872,0.0,2.625640332831343
2022-05-05 00:00:00+00:00,1034304.7338001062,7.936507936512876e-05,0.0,82.08116290771416,0.0,2.643706399798082
2022-05-06 00:00:00+00:00,1034386.821477392,7.936507936512864e-05,0.0,82.08767728572272,0.0,2.6539804249639
2022-05-09 00:00:00+00:00,1034468.9156695728,7.936507936511529e-05,0.0,82.0941921807454,0.0,2.681524477071862
2022-05-10 00:00:00+00:00,1033818.6304721668,-0.0006286174360155176,0.151856332470939,69.63319524450813,0.0,2.6839765067345644
2022-05-11 00:00:00+00:00,1033052.5826581982,-0.0007409885945068975,0.15195185205457534,69.58158530820607,0.6826012557234986,2.6931973725704115
2022-05-12 00:00:00+00:00,1031877.8006769614,-0.0011371947575155158,0.15206453013703594,69.520787862653,0.536738023001557,2.7081340471243176
2022-05-13 00:00:00+00:00,1033740.3012975323,0.0018049623892954754,0.15223765399906014,69.42755119747548,0.6648352216649329,2.6875102081916187
2022-05-16 00:00:00+00:00,1033713.4819335742,-2.5944005399056904e-05,0.1519633658391697,69.57536870704459,0.6793882919897793,2.688405856932047
2022-05-17 00:00:00+00:00,1034352.125476337,0.0006178148528819174,0.15196730847984138,69.57324018609553,0.7071575834596224,2.682056395153018
2022-05-18 00:00:00+00:00,1032874.9682375875,-0.0014280990026189562,0.15187347878888674,69.62392618155292,0.58511480899218,2.6998471707266525
2022-05-19 00:00:00+00:00,1035115.879433748,0.0021695861213329483,0.15209067933635464,69.50669148006484,0.8013077498246148,2.6749015883849157
2022-05-20 00:00:00+00:00,1035187.6970680248,6.938125064422756e-05,0.15176141986605945,69.68454157499822,0.8090922314156281,2.6748668475168995
2022-05-23 00:00:00+00:00,1034993.3835066819,-0.00018770853043679537,0.15175089119944166,69.69024138724241,0.7959214913229944,2.6777504935542384
2022-05-24 00:00:00+00:00,1035224.2444055872,0.00022305543454116862,0.15177938148409065,69.67481967602473,0.8297548209904702,2.675978793056929
2022-05-25 00:00:00+00:00,1035700.3820287881,0.0004599367004530345,0.15174553381810515,69.69314196958864,0.8395938288220168,2.6715262392322865
2022-05-26 00:00:00+00:00,1035392.3475917003,-0.00029741655254045095,0.15167577256373355,69.73093066984268,0.8069917063315029,2.6756434031537357
2022-05-27 00:00:00+00:00,1035717.7834665284,0.00031431164773923053,0.1517208968698289,69.70648349229602,0.8300383568887992,2.672838430194665
2022-05-31 00:00:00+00:00,1034979.4952057021,-0.0007128276376169014,0.1516732242088099,69.73231173633,0.7438192470648313,2.681782169656954
2022-06-01 00:00:00+00:00,1034960.4303582008,-1.8420507449333486e-05,0.15178141819857854,69.67371742991521,0.747910624916184,2.682715591625074
2022-06-02 00:00:00+00:00,1036761.1907107693,0.0017399315952062275,0.15178421414082582,69.67220434678019,0.9221198349063238,2.6639237833959784
2022-06-03 00:00:00+00:00,1036057.9349264682,-0.0006783199357789987,0.15152057869862415,69.81512183507928,0.8324729648200802,2.672131277197534
2022-06-06 00:00:00+00:00,1036095.7413221259,3.649061928220551e-05,0.15162342789249478,69.75930788394427,0.8118791146150075,2.6724571685901792
2022-06-07 00:00:00+00:00,1036184.1645049689,8.534267569731193e-05,0.15161789526160244,69.76230839153615,0.8325553485055592,2.672259726474811
2022-06-08 00:00:00+00:00,1035881.3622416729,-0.00029222822898537396,0.15160495688893255,69.76932610446019,0.8033855343825593,2.676326637842055
2022-06-09 00:00:00+00:00,1033796.2170059953,-0.0020129189612653063,0.1516492730874338,69.74529417880179,0.6243576554786858,2.700461054645474
2022-06-10 00:00:00+00:00,1035680.4985804817,0.0018226818240286498,0.1519551464830514,69.57980646168451,0.8031798340644738,2.680005736636236
2022-06-13 00:00:00+00:00,1033731.6008413341,-0.0018817557555818013,0.15167868450171754,69.72935261838978,0.5656606860681184,2.7034319529569864
2022-06-14 00:00:00+00:00,1032742.9491241362,-0.0009563911138957191,0.15196464484680294,69.57467819464792,0.4656026704572065,2.716281877213576
2022-06-15 00:00:00+00:00,1033053.7278757878,0.00030092556130748065,0.15211012161544957,69.49621377264808,0.5217093607760046,2.712587868915534
2022-06-16 00:00:00+00:00,1033317.2023819224,0.00025504433992644437,0.15206436156209163,69.52087875293789,0.5660089310222125,2.7097870092780596
2022-06-17 00:00:00+00:00,1033355.2551047965,3.682579055722807e-05,0.15202558829627266,69.54178942802794,0.5390538624054684,2.7105908088655823
2022-06-21 00:00:00+00:00,1033693.719135098,0.00032753888716346893,0.15201999003995895,69.5448094853989,0.5550711288567816,2.7075521421068203
2022-06-22 00:00:00+00:00,1032880.8851219969,-0.0007863393170089933,0.0,82.03918405834112,0.484819256326529,2.7188725366604585
2022-06-23 00:00:00+00:00,1031873.7422081172,-0.0009750813751972507,0.13107409352247096,71.22991741174155,0.0,2.739401911189134
2022-06-24 00:00:00+00:00,1033185.4577766019,0.001271197739442216,0.13120202617458193,71.14998543444952,0.7071021165988152,2.723432208405819
2022-06-27 00:00:00+00:00,1033103.9370407574,-7.890232603538127e-05,0.1310354542014143,71.25408984464673,0.6872629117255582,2.7253700242194556
2022-06-28 00:00:00+00:00,1032218.8651361873,-0.0008567113848247582,0.13104579401937957,71.24761994497653,0.6093607725534704,2.7377055758895823
2022-06-29 00:00:00+00:00,1031356.886210088,-0.0008350737960844461,0.13115815870715666,71.17737614302652,0.5325579866902951,2.749993389474675
2022-06-30 00:00:00+00:00,1030007.7351519787,-0.0013081321084373288,0.13126777698798958,71.10896511714563,0.40316076381841714,2.769543038688179
2022-07-01 00:00:00+00:00,1031636.5081344369,0.0015813211171835594,0.1314397175027789,71.0018896363433,0.5325522934942287,2.5984223415099827
2022-07-05 00:00:00+00:00,1031106.958134959,-0.0005133106431407097,0.13123219725800042,71.13115733336379,0.4259876569972396,2.609913313656891
2022-07-06 00:00:00+00:00,1031885.9649467111,0.0007555053388070903,0.1312995947374192,71.08912955562745,0.44292319442467776,2.6014060585966927
2022-07-07 00:00:00+00:00,1032742.6857018427,0.0008302475120647745,0.13120047208030852,71.1509554930681,0.5079487652552579,2.5895958874297644
2022-07-08 00:00:00+00:00,1032634.968689683,-0.00010430188821568777,0.13109163357767814,71.2189492037928,0.49525260865485066,2.5921638305991253
2022-07-11 00:00:00+00:00,1032197.1206103083,-0.00042401050966765796,0.131105308108869,71.2104002345738,0.44403943059589845,2.6002658608314353
2022-07-12 00:00:00+00:00,1031904.1205959973,-0.00028386052282115755,0.1311609217181352,71.17565038700437,0.40212285531087544,2.606475638022973
2022-07-13 00:00:00+00:00,1032792.907651269,0.0008613077877413074,0.13119816369747553,71.15239641761461,0.4812709938083629,2.59341457439392
2022-07-14 00:00:00+00:00,1031650.3476361783,-0.0011062818176095918,0.13108525894308976,71.22293507279491,0.3533056784731564,2.6136019808322635
2022-07-15 00:00:00+00:00,1031551.8675692041,-9.545876391146399e-05,0.13123043678922666,71.13225570651787,0.33444745014676824,2.616590110069461
2022-07-18 00:00:00+00:00,1031930.4284993876,0.0003669819638595244,0.1312429650804453,71.12443982818658,0.35990179832663816,2.6117200406243564
2022-07-19 00:00:00+00:00,1032345.144355961,0.00040188354284358054,0.13119481894813953,71.1544843464551,0.39247661872098294,2.606082586858929
2022-07-20 00:00:00+00:00,1031869.4579650642,-0.000460782320232208,0.13114211509031104,71.187398303326,0.3250605431393414,2.6160981347299606
2022-07-21 00:00:00+00:00,1031825.9677875481,-4.21469762288472e-05,0.13120257091535784,71.14964541515961,0.3472113349222976,2.615868140879404
2022-07-22 00:00:00+00:00,1030796.4331716049,-0.0009977793233395232,0.13120810094006918,71.14619381376944,0.27321621907537663,2.632175905044705
2022-07-25 00:00:00+00:00,1029757.396183798,-0.0010079943569555664,0.13133914842671437,71.06448471726601,0.1723741097066993,2.650952796142249
2022-07-26 00:00:00+00:00,1030894.6476293985,0.0011043877420206904,0.13147167112931224,70.98202146426546,0.25555314476157176,2.633912324390869
2022-07-27 00:00:00+00:00,1030951.022385067,5.468527341575675e-05,0.13132663560275176,71.0722795155036,0.28006047884508123,2.632260848091278
2022-07-28 00:00:00+00:00,1031192.5504553425,0.00023427695887704648,0.13131945436248513,71.0767537024614,0.3205846055141147,2.627762325116112
2022-07-29 00:00:00+00:00,1031070.7511993443,-0.00011811494947712755,0.13128869644594685,71.09592259692772,0.31981230996278953,2.6297493221704507
2022-08-01 00:00:00+00:00,1030840.1315186057,-0.00022367008323171303,0.131304205435538,71.08625598930881,0.3036602577529145,2.63382838285125
2022-08-02 00:00:00+00:00,1030979.9563742173,0.0001356416493074993,0.13133358082849303,71.06795284004386,0.2871528785310117,2.6342843936587763
2022-08-03 00:00:00+00:00,1030094.8206204752,-0.0008585382754238435,0.1313157689410138,71.07905005080667,0.22183421239335244,2.6483765109659463
2022-08-04 00:00:00+00:00,1030641.6862418612,0.000530888623492521,0.13142860542926038,71.00880118146208,0.2972953949533522,2.6382883426610637
2022-08-05 00:00:00+00:00,1031470.4909585239,0.0008041637823566944,0.13135886850037867,71.05220321490539,0.33459448961504545,2.6283283866913147
2022-08-08 00:00:00+00:00,1031891.2199110456,0.000407892379093382,0.13125331933465564,71.11798136702149,0.3824532659642682,2.6218577157820424
2022-08-09 00:00:00+00:00,1031602.6440122393,-0.00027965728677409275,0.13119980393449224,71.15137255372956,0.3599418474250039,2.6268406158976174
2022-08-10 00:00:00+00:00,1032157.9088735968,0.000538254593064931,0.13123650517945643,71.12846970461796,0.3956117399466147,2.619819454701004
2022-08-11 00:00:00+00:00,1031730.2731421633,-0.00041431231380109363,0.13116590452889024,71.17253834440822,0.35268042239010755,2.6274254610262076
2022-08-12 00:00:00+00:00,1032038.4273403825,0.0002986770924930724,0.13122027070286274,71.13859900064367,0.3861798775483347,2.6230259618272926
2022-08-15 00:00:00+00:00,1032054.7507482573,1.581666674646812e-05,0.13118108991633645,71.163055683042,0.35239282355320156,2.6255984867727142
2022-08-16 00:00:00+00:00,1032462.6735130373,0.0003952530275009624,0.13117901510157048,71.16435119160349,0.37504519491288524,2.620789831194018
2022-08-17 00:00:00+00:00,1031256.896713447,-0.0011678647863245016,0.1311271866840459,71.19672601420508,0.25246396255626924,2.641697485915348
2022-08-18 00:00:00+00:00,1031499.8536105955,0.0002355929913514296,0.13128050456245532,71.10102944280904,0.2624596362362278,2.6392900011534524
2022-08-19 00:00:00+00:00,1031060.8712730173,-0.00042557673279507933,0.13124958308056375,71.1203117362335,0.20938599898327515,2.648261809696029
2022-08-22 00:00:00+00:00,1031666.9011317664,0.0005877731137259449,0.1313054636307739,71.08547186817175,0.23427084268540144,2.6411675360355056
2022-08-23 00:00:00+00:00,1032017.5735947334,0.0003399086106012459,0.13122833114596716,71.13356947600897,0.2709894399290038,2.6356786969447823
2022-08-24 00:00:00+00:00,1032381.1719214222,0.00035231796046105693,0.13118374066294494,71.16140062386351,0.30052552997907456,2.6306873353416287
2022-08-25 00:00:00+00:00,1032445.8722375109,6.26709570537847e-05,0.13113753855282212,71.19025763391818,0.3110286731577214,2.630036390535993
2022-08-26 00:00:00+00:00,1031181.7086406482,-0.0012244357121821855,0.13112932055280527,71.1953925796395,0.17486610835749983,2.6533163413288423
2022-08-29 00:00:00+00:00,1030643.8322962205,-0.0005216116033872953,0.13129007681150842,71.09506213544405,0.1272780479828749,2.6631118354128342
2022-08-30 00:00:00+00:00,1030425.2593126385,-0.00021207421684652482,0.13135859497885405,71.05237353667994,0.0828977433014918,2.669921079968734
2022-08-31 00:00:00+00:00,1030507.8040974062,8.01074935048976e-05,0.13138645865917842,71.0350264744909,0.06725296386441348,2.67138987020813
2022-09-01 00:00:00+00:00,1029796.8268441434,-0.0006899290334685958,0.1313759344623618,71.04157764788516,-0.011376515468145887,2.68653853326921
2022-09-02 00:00:00+00:00,1030453.304335008,0.0006374825341775242,0.131466637112238,70.9851508817532,0.05429747768154225,2.6744300094579287
2022-09-06 00:00:00+00:00,1030378.4741147005,-7.261873972626409e-05,0.1313828828191509,71.03725226991705,0.030556942679185295,2.6781915799281544
2022-09-07 00:00:00+00:00,1031568.1767337116,0.0011546268181052163,0.13139242437141832,71.03131336354343,0.1378204533563102,2.6576088522627628
2022-09-08 00:00:00+00:00,1031925.4226171247,0.0003463134007722924,0.13124089012005372,71.12573420632211,0.15145243438683686,2.6537234052489382
2022-09-09 00:00:00+00:00,1033025.2094942394,0.0010657619756333195,0.13119545537573668,71.15408705421203,0.2448358241172095,2.6360828081816003
2022-09-12 00:00:00+00:00,1033438.9154739475,0.0004004800424092879,0.13105578110754532,71.2413717269989,0.2821519983671045,2.629902621242904
2022-09-13 00:00:00+00:00,1033782.2187494234,0.00033219503381911794,0.0,82.01896154555139,0.17716041895310253,2.6470778592021436
2022-09-14 00:00:00+00:00,1033864.2649572607,7.936507936511705e-05,0.0,82.04620783725582,0.0,2.64331899670094
2022-09-15 00:00:00+00:00,1033946.3176767017,7.936507936503802e-05,0.0,82.05271944105243,0.0,2.6467016703945316
2022-09-16 00:00:00+00:00,1034028.3769082633,7.936507936504612e-05,0.0,82.05923156164299,0.0,2.6445522432828534
2022-09-19 00:00:00+00:00,1034110.4426524624,7.936507936510166e-05,0.0,82.06574419906852,0.0,2.631382064969672
2022-09-20 00:00:00+00:00,1034192.5149098157,7.93650793650524e-05,0.0,82.07225735337003,0.0,2.64505247002068
2022-09-21 00:00:00+00:00,1034274.5936808403,7.936507936508381e-05,0.0,82.07877102458855,0.0,2.652277707910801
2022-09-22 00:00:00+00:00,1034356.6789660531,7.936507936504368e-05,0.0,82.0852852127651,0.0,2.645807613041233
2022-09-23 00:00:00+00:00,1034438.770765971,7.936507936511743e-05,0.0,82.09179991794072,0.0,2.6742178943835198
2022-09-26 00:00:00+00:00,1034520.8690811112,7.93650793650403e-05,0.0,82.09831514015643,0.0,2.686129629930114
2022-09-27 00:00:00+00:00,1034305.9621662752,-0.00020773569800172151,0.19812493120129782,65.83781691016739,0.0,2.677984016451166
2022-09-28 00:00:00+00:00,1037877.3902865172,0.0034529706401013886,0.19816609737385607,65.82076080581534,1.7681818590467417,2.6489695306011742
2022-09-29 00:00:00+00:00,1038571.6265924671,0.0006689001152228673,0.19748419026299374,66.10420748202502,1.8284040661670065,2.6440023502268124
2022-09-30 00:00:00+00:00,1040631.9476088065,0.0019838025260706777,0.19735218136613844,66.15930560154486,1.98390679528685,2.6280877213132796
2022-10-03 00:00:00+00:00,1041057.8180986223,0.00040924218288155857,0.19696144874657645,66.32282314252417,2.1043939558194236,2.612959153008231
2022-10-04 00:00:00+00:00,1042020.9257677895,0.0009251240924603313,0.19688087678679259,66.35662238774765,2.2290594371758923,2.60719433413447
2022-10-05 00:00:00+00:00,1041349.9781817696,-0.0006438907026032133,0.19669890588999317,66.43305950434821,2.151231054745372,2.612335529700607
2022-10-06 00:00:00+00:00,1042814.9394430921,0.0014067905046489348,0.19682564008968084,66.37980969593394,2.2519395056500247,2.6015821015426
2022-10-07 00:00:00+00:00,1039037.9137845442,-0.0036219520028788347,0.196549136630572,66.49607646270556,1.9090697704640966,2.63041956118157
2022-10-10 00:00:00+00:00,1039599.0551503504,0.0005400586045627028,0.19726361597956432,66.19631252155096,1.8873923264223578,2.6257172544275407
2022-10-11 00:00:00+00:00,1038905.7869473319,-0.0006668611322644185,0.19715713956988862,66.24084755058321,1.82360665323228,2.6317586249682465
2022-10-12 00:00:00+00:00,1039084.6598007474,0.00017217427765143503,0.1972887037382465,66.18582626462936,1.8504695487077796,2.63103175755664
2022-10-13 00:00:00+00:00,1038665.8680914305,-0.0004030390645909458,0.19725474154560754,66.20002252283695,1.7909392142121996,2.634705640541279
2022-10-14 00:00:00+00:00,1036283.3609444383,-0.0022938148062669663,0.19733427496720207,66.16678508558957,1.549735127745965,2.6547031281145475
2022-10-17 00:00:00+00:00,1039481.9361584033,0.0030865835875719754,0.19778796392736003,65.97769721678065,1.813592466431276,2.6287965461895557
2022-10-18 00:00:00+00:00,1040071.0030928958,0.0005666928053310485,0.19717935337143572,66.23155239249218,1.8562084982412832,2.624552114276616
2022-10-19 00:00:00+00:00,1038324.2525042256,-0.0016794532137477949,0.1970676765369789,66.27830373649951,1.6591311394998485,2.6389737669069073
2022-10-20 00:00:00+00:00,1039751.3904482651,0.0013744626888927758,0.19739919925656157,66.1396727373987,1.7655827772947497,2.6275960161305103
2022-10-21 00:00:00+00:00,1042266.2100954207,0.0024186739928968777,0.19712825382675012,66.25293765359231,2.032139063321692,2.6088348374532715
2022-10-24 00:00:00+00:00,1041283.4422046255,-0.0009429144697162127,0.1966526152605842,66.45252651447767,1.9344134953113168,2.6169066366271165
2022-10-25 00:00:00+00:00,1042361.2146599732,0.001035042344537642,0.19683821686345787,66.37452906282726,2.0128952414312256,2.608808384896009
2022-10-26 00:00:00+00:00,1045987.6791702795,0.00347908619325341,0.19663469163121447,66.46006655928342,2.3248350497669197,2.5818815999962452
2022-10-27 00:00:00+00:00,1044090.4870241266,-0.00181378058645766,0.19595295441298902,66.74788120295854,2.1671911087619358,2.5968309274120798
2022-10-28 00:00:00+00:00,1044566.6293036531,0.0004560354542484836,0.19630901589496594,66.5973103977083,2.155312459125666,2.59264327872744
2022-10-31 00:00:00+00:00,1043825.349047018,-0.0007096533967673514,0.19621953283117882,66.63509946751199,2.0653058302899625,2.5984229291166487
2022-11-01 00:00:00+00:00,1045167.9112999245,0.0012861943371390821,0.1963588795770561,66.57626770111239,2.1966945440707577,2.589060218407049
2022-11-02 00:00:00+00:00,1040156.2400619367,-0.004795087166189942,0.0,82.94983423015273,1.771187589660061,2.628266623010532
2022-11-03 00:00:00+00:00,1040238.7921444812,7.93650793650253e-05,0.0,82.55208254459815,0.0,2.646728083271919
2022-11-04 00:00:00+00:00,1040321.3507787784,7.936507936512043e-05,0.0,82.55863429718104,0.0,2.5983792797618306
2022-11-07 00:00:00+00:00,1040403.9159653481,7.936507936503678e-05,0.0,82.56518656974433,0.0,2.5932966316247312
2022-11-08 00:00:00+00:00,1040486.4877047105,7.936507936507043e-05,0.0,82.57173936232921,0.0,2.5717178139675445
2022-11-09 00:00:00+00:00,1040569.0659973854,7.936507936506982e-05,0.0,82.57829267497702,0.0,2.5768013161355485
2022-11-10 00:00:00+00:00,1040651.6508438932,7.936507936510713e-05,0.0,82.584846507729,0.0,2.5558635600956072
2022-11-11 00:00:00+00:00,1040734.2422447538,7.936507936503085e-05,0.0,82.59140086062644,0.0,2.5561657358793823
2022-11-14 00:00:00+00:00,1040816.8402004874,7.936507936502505e-05,0.0,82.59795573371062,0.0,2.559670597932971
2022-11-15 00:00:00+00:00,1040899.4447116144,7.936507936505005e-05,0.0,82.6045111270228,0.0,2.577254315666229
2022-11-16 00:00:00+00:00,1040982.055778655,7.936507936506615e-05,0.0,82.61106704060431,0.0,2.581282776226708
2022-11-17 00:00:00+00:00,1041064.6734021294,7.936507936503373e-05,0.0,82.61762347449643,0.0,2.587484221838679
2022-11-18 00:00:00+00:00,1041147.2975825581,7.936507936502492e-05,0.0,82.62418042874043,0.0,2.5752539050948657
2022-11-21 00:00:00+00:00,1041229.9283204615,7.936507936511189e-05,0.0,82.63073790337764,0.0,2.572462328607648
2022-11-22 00:00:00+00:00,1041312.5656163599,7.936507936503133e-05,0.0,82.63729589844932,0.0,2.5430511882822096
2022-11-23 00:00:00+00:00,1041395.2094707739,7.936507936507901e-05,0.0,82.64385441399682,0.0,2.5372935985803835
2022-11-25 00:00:00+00:00,1041477.859884224,7.936507936510343e-05,0.0,82.65041345006142,0.0,2.546231060483577
2022-11-28 00:00:00+00:00,1041560.5168572307,7.936507936506495e-05,0.0,82.65697300668445,0.0,2.5687367085203596
2022-11-29 00:00:00+00:00,1041643.1803903145,7.936507936503567e-05,0.0,82.6635330839072,0.0,2.550805196538033
2022-11-30 00:00:00+00:00,1041725.8504839963,7.936507936508771e-05,0.0,82.670093681771,0.0,2.5398094028818887
2022-12-01 00:00:00+00:00,1041808.5271387966,7.936507936506961e-05,0.0,82.67665480031717,0.0,2.535200493627291
2022-12-02 00:00:00+00:00,1041891.2103552362,7.936507936505347e-05,0.0,82.68321643958703,0.0,2.530003323536836
2022-12-05 00:00:00+00:00,1041973.9001338359,7.936507936511136e-05,0.0,82.68977859962192,0.0,2.544051177776446
2022-12-06 00:00:00+00:00,1042056.5964751163,7.936507936509187e-05,0.0,82.69634128046316,0.0,2.544677090594399
2022-12-07 00:00:00+00:00,1042139.2993795985,7.936507936506707e-05,0.0,82.70290448215209,0.0,2.5388928765879752
2022-12-08 00:00:00+00:00,1042222.0088478032,7.9365079365109e-05,0.0,82.70946820473004,0.0,2.5370146434544982
2022-12-09 00:00:00+00:00,1042304.7248802515,7.936507936506629e-05,0.0,82.71603244823835,0.0,2.553294647271567
2022-12-12 00:00:00+00:00,1042387.4474774642,7.936507936512267e-05,0.0,82.72259721271837,0.0,2.5461968703292923
2022-12-13 00:00:00+00:00,1042470.1766399625,7.936507936512676e-05,0.0,82.72916249821145,0.0,2.5435906154392964
2022-12-14 00:00:00+00:00,1042552.9123682672,7.936507936503891e-05,0.0,82.73572830475892,0.0,2.5447862886743096
2022-12-15 00:00:00+00:00,1042635.6546628996,7.936507936504283e-05,0.0,82.74229463240216,0.0,2.563292139975313
2022-12-16 00:00:00+00:00,1042718.4035243808,7.93650793650988e-05,0.0,82.7488614811825,0.0,2.562404498105265
2022-12-19 00:00:00+00:00,1042801.1589532319,7.93650793650555e-05,0.0,82.75542885114133,0.0,2.588930378808844
2022-12-20 00:00:00+00:00,1042883.9209499742,7.936507936509658e-05,0.0,82.76199674232,0.0,2.568289926606795
2022-12-21 00:00:00+00:00,1042966.689515129,7.93650793650707e-05,0.0,82.76856515475986,0.0,2.5647434221583856
2022-12-22 00:00:00+00:00,1043049.4646492174,7.936507936504986e-05,0.0,82.7751340885023,0.0,2.5582959231193807
2022-12-23 00:00:00+00:00,1043132.246352761,7.9365079365106e-05,0.0,82.78170354358869,0.0,2.5600141384024755
2022-12-27 00:00:00+00:00,1043215.0346262811,7.93650793650878e-05,0.0,82.7882735200604,0.0,2.550266195335212
2022-12-28 00:00:00+00:00,1043297.8294702991,7.936507936506724e-05,0.0,82.79484401795882,0.0,2.5683283547680427
2022-12-29 00:00:00+00:00,1043380.6308853364,7.936507936511621e-05,0.0,82.80141503732533,0.0,2.570710266001946
2022-12-30 00:00:00+00:00,1043463.4388719146,7.936507936508348e-05,0.0,82.80798657820131,0.0,2.5788178507020425
2023-01-03 00:00:00+00:00,1043546.2534305552,7.936507936504096e-05,0.0,82.81455864062815,0.0,2.3576957330501185
2023-01-04 00:00:00+00:00,1043629.0745617799,7.936507936506055e-05,0.0,82.82113122464725,0.0,2.3318350099326133
2023-01-05 00:00:00+00:00,1043711.9022661102,7.936507936510255e-05,0.0,82.8277043303,0.0,2.328688017197781
2023-01-06 00:00:00+00:00,1043794.7365440679,7.936507936512731e-05,0.0,82.83427795762779,0.0,2.3235689948320486
2023-01-09 00:00:00+00:00,1043877.5773961745,7.936507936509517e-05,0.0,82.84085210667205,0.0,2.333109013455385
2023-01-10 00:00:00+00:00,1043960.424822952,7.936507936507797e-05,0.0,82.84742677747417,0.0,2.3207629460030748
2023-01-11 00:00:00+00:00,1044043.278824922,7.936507936503608e-05,0.0,82.85400197007556,0.0,2.327867783543142
2023-01-12 00:00:00+00:00,1044126.1394026065,7.936507936504132e-05,0.0,82.86057768451762,0.0,2.323064216993936
2023-01-13 00:00:00+00:00,1044209.0065565273,7.936507936505402e-05,0.0,82.86715392084179,0.0,2.323347148736458
2023-01-17 00:00:00+00:00,1044291.8802872064,7.936507936503452e-05,0.0,82.87373067908948,0.0,2.3462927237446403
2023-01-18 00:00:00+00:00,1044374.7605951657,7.936507936505462e-05,0.0,82.88030795930209,0.0,2.3526238253806593
2023-01-19 00:00:00+00:00,1044457.6474809272,7.936507936507466e-05,0.0,82.88688576152109,0.0,2.346069754073229
2023-01-20 00:00:00+00:00,1044540.5409450129,7.936507936505497e-05,0.0,82.89346408578787,0.0,2.3321700595632984
2023-01-23 00:00:00+00:00,1044623.4409879451,7.936507936506734e-05,0.0,82.90004293214389,0.0,2.335659713961772
2023-01-24 00:00:00+00:00,1044706.3476102457,7.936507936507211e-05,0.0,82.90662230063056,0.0,2.3306214281534783
2023-01-25 00:00:00+00:00,1044789.2608124369,7.936507936502961e-05,0.0,82.91320219128934,0.0,2.3219369419098315
2023-01-26 00:00:00+00:00,1044872.1805950411,7.936507936512303e-05,0.0,82.91978260416167,0.0,2.324192982594582
2023-01-27 00:00:00+00:00,1044955.1069585804,7.936507936508984e-05,0.0,82.92636353928899,0.0,2.3358209544679545
2023-01-30 00:00:00+00:00,1045038.0399035772,7.936507936511323e-05,0.0,82.93294499671273,0.0,2.3447883168288755
2023-01-31 00:00:00+00:00,1045120.9794305536,7.936507936504211e-05,0.0,82.93952697647438,0.0,2.3429293141954224
2023-02-01 00:00:00+00:00,1045203.9255400322,7.936507936505962e-05,0.0,82.94610947861537,0.0,2.3362345190982934
2023-02-02 00:00:00+00:00,1045286.8782325354,7.936507936512608e-05,0.0,82.95269250317716,0.0,2.345317970291251
2023-02-03 00:00:00+00:00,1045369.8375085857,7.936507936509044e-05,0.0,82.95927605020123,0.0,2.3539436033714227
2023-02-06 00:00:00+00:00,1045452.8033687053,7.93650793650244e-05,0.0,82.96586011972902,0.0,2.3590599486940524
2023-02-07 00:00:00+00:00,1045535.7758134172,7.936507936511104e-05,0.0,82.97244471180201,0.0,2.3505403133314378
2023-02-08 00:00:00+00:00,1045618.7548432436,7.936507936508794e-05,0.0,82.97902982646168,0.0,2.359628649626148
2023-02-09 00:00:00+00:00,1045701.7404587073,7.936507936502682e-05,0.0,82.9856154637495,0.0,2.366647011799882
2023-02-10 00:00:00+00:00,1045784.7326603311,7.936507936511068e-05,0.0,82.99220162370693,0.0,2.373825569891569
2023-02-13 00:00:00+00:00,1045867.7314486374,7.936507936507716e-05,0.0,82.99878830637549,0.0,2.368505159103379
2023-02-14 00:00:00+00:00,1045950.7368241493,7.936507936510925e-05,0.0,83.00537551179663,0.0,2.368298203806727
2023-02-15 00:00:00+00:00,1046033.7487873893,7.936507936505597e-05,0.0,83.01196324001185,0.0,2.383061291110857
2023-02-16 00:00:00+00:00,1045805.2464431397,-0.00021844643589597883,0.16255300522810148,69.52363645650652,0.0,2.3844785291794057
2023-02-17 00:00:00+00:00,1044846.3975381061,-0.0009168522612549326,0.16258852211127428,69.50550134982005,1.5456319584446963,2.395535072964362
2023-02-21 00:00:00+00:00,1044472.2673402351,-0.00035807196038819286,0.16273772856570123,69.42940223037294,1.4975387385235868,2.400446708670279
2023-02-22 00:00:00+00:00,1043296.2506843276,-0.0011259434000121854,0.16279602125617584,69.39970935752602,1.3833686982053304,2.414433267132075
2023-02-23 00:00:00+00:00,1043143.8000737691,-0.0001461239896707246,0.16297952697891485,69.30637470229527,1.3618876187927014,2.4169751141577973
2023-02-24 00:00:00+00:00,1043088.5671159456,-5.2948555912932504e-05,0.163003345678115,69.29427544748904,1.333204004246562,2.418678834601018
2023-02-27 00:00:00+00:00,1043382.9281863568,0.00028220141576764437,0.1630119769268898,69.28989187940782,1.3608881370932981,2.415949908579159
2023-02-28 00:00:00+00:00,1043669.0236077317,0.00027419982984788966,0.16296598769444046,69.313253869123,1.3915593463593754,2.4132965542904934
2023-03-01 00:00:00+00:00,1044920.0889840081,0.0011987185093907725,0.16292131469767177,69.3359598549464,1.5036792359750641,2.3999828494978686
2023-03-02 00:00:00+00:00,1045190.7369666459,0.0002590130915188154,0.16272625172776192,69.43525075782547,1.5192487185316357,2.3977679086372143
2023-03-03 00:00:00+00:00,1045337.3002306486,0.0001402263326864438,0.16268411441234698,69.45673075644753,1.5534174067343045,2.396743758018655
2023-03-06 00:00:00+00:00,1044477.9144110483,-0.0008221134167992415,0.16266130501407486,69.4683627615271,1.4678471016444672,2.40693238360427
2023-03-07 00:00:00+00:00,1042997.5971896447,-0.0014172795814819089,0.16279514108374954,69.4001575377493,1.2910124265252878,2.4251105714464654
2023-03-08 00:00:00+00:00,1042941.3274943515,-5.394997595850354e-05,0.16302619478085914,69.28267204398712,1.2834046915273418,2.42649285779876
2023-03-09 00:00:00+00:00,1042002.0739153652,-0.0009005814174062226,0.1630349905146778,69.27820619515433,1.231212584223746,2.4374629270536623
2023-03-10 00:00:00+00:00,1041565.213253382,-0.000419251240394963,0.16318194914573458,69.20366226031413,1.2494279133405004,2.4418228683847363
2023-03-13 00:00:00+00:00,1044548.1636111498,0.002863911274888258,0.16325039207510703,69.16899077920435,1.5496639912789218,2.40889999963087
2023-03-14 00:00:00+00:00,1045129.4555701005,0.0005565008672659812,0.1627841925905733,69.40573287109069,1.580875467030914,2.4035531340546137
2023-03-15 00:00:00+00:00,1044600.2750344843,-0.0005063301324020777,0.1626936534313401,69.45186715354708,1.560894317178715,2.4096375216737176
2023-03-16 00:00:00+00:00,1043757.6488068122,-0.0008066494407578809,0.16277607186135754,69.40986869833947,1.4888021112953482,2.4192477808256982
2023-03-17 00:00:00+00:00,1045877.0379839194,0.002030537624830772,0.16290748108987396,69.34299360090517,1.7614393497274035,2.3975451145506974
2023-03-20 00:00:00+00:00,1046513.6901777047,0.0006087256634035448,0.162577361640118,69.51119909115177,1.7876861089963354,2.3918996882045316
2023-03-21 00:00:00+00:00,1045572.4369258522,-0.0008994180015864263,0.1624784568336931,69.5617270430395,1.6517421186647543,2.4021544312138454
2023-03-22 00:00:00+00:00,1045552.7627248975,-1.8816679036199418e-05,0.162624724438356,69.48702440400358,1.6872955791188193,2.4028878129891735
2023-03-23 00:00:00+00:00,1046604.7656619835,0.0010061691524245369,0.1626277845531803,69.48546295948337,1.799239169465494,2.393033596725512
2023-03-24 00:00:00+00:00,1048271.9776139528,0.0015929718712056377,0.16246431796807115,69.5689552560775,1.91005675212486,2.377313983373202
2023-03-27 00:00:00+00:00,1047902.7124869315,-0.00035226080149720744,0.0,83.19618869952006,1.9113249530445742,2.3722737679708836
2023-03-28 00:00:00+00:00,1047985.8793688748,7.936507936502891e-05,0.0,83.16688194340726,0.0,2.3575008723658013
2023-03-29 00:00:00+00:00,1048069.0528513644,7.93650793650279e-05,0.0,83.17348248959324,0.0,2.360492726586672
2023-03-30 00:00:00+00:00,1048152.232934924,7.936507936504224e-05,0.0,83.1800835596321,0.0,2.35552698201172
2023-03-31 00:00:00+00:00,1048235.4196200775,7.936507936503226e-05,0.0,83.18668515356539,0.0,2.3532611891518793
2023-04-03 00:00:00+00:00,1048318.6129073489,7.936507936506932e-05,0.0,83.19328727143473,0.0,2.150491566742572
2023-04-04 00:00:00+00:00,1048401.8127972622,7.936507936511379e-05,0.0,83.19988991328165,0.0,2.1372660688616203
2023-04-05 00:00:00+00:00,1048485.0192903414,7.936507936512597e-05,0.0,83.20649307914779,0.0,2.134403103900544
2023-04-06 00:00:00+00:00,1048568.2323871105,7.936507936506623e-05,0.0,83.21309676907471,0.0,2.12663508937805
2023-04-10 00:00:00+00:00,1048651.4520880936,7.936507936511695e-05,0.0,83.219700983104,0.0,2.1311117929877725
2023-04-11 00:00:00+00:00,1048734.678393815,7.936507936512742e-05,0.0,83.22630572127727,0.0,2.1214835426236696
2023-04-12 00:00:00+00:00,1048434.5026145055,-0.0002862266171737602,0.13540122621940312,71.96307277464135,0.0,2.118716147418039
2023-04-13 00:00:00+00:00,1047419.1351162171,-0.0009684605912494784,0.13543999275035812,71.93924930009298,4.720641034765053,2.104863299973608
2023-04-14 00:00:00+00:00,1047955.3860683623,0.0005119736065216157,0.135571288200285,71.8586645780066,4.651923070031403,2.110613933891266
2023-04-17 00:00:00+00:00,1049062.6141317708,0.0010565603060284183,0.13550191479627618,71.9012241773832,4.650161642463932,2.1243473557959693
2023-04-18 00:00:00+00:00,1049054.1788268697,-8.040802128935106e-06,0.1353588999555155,71.98909942051087,4.674907624796038,2.123327843308699
2023-04-19 00:00:00+00:00,1049622.3443783927,0.0005415979107564725,0.13535998835839808,71.98842995186791,4.658836713695786,2.1300504829788753
2023-04-20 00:00:00+00:00,1050012.572065949,0.000371779135273075,0.13528671735492553,72.03352245595705,4.68787981138792,2.134336936500732
2023-04-21 00:00:00+00:00,1050346.946251472,0.00031844779235844895,0.1352364392684769,72.06449290735041,4.649829739816342,2.138114195814836
2023-04-24 00:00:00+00:00,1050381.7123416367,3.309962511790453e-05,0.13519338723277116,72.09103054112207,4.672300209967146,2.137573086141488
2023-04-25 00:00:00+00:00,1050427.661781674,4.374546843064319e-05,0.1351889125304463,72.0937897546272,4.6819886432176165,2.1372425479675785
2023-04-26 00:00:00+00:00,1051204.889315662,0.0007399153337885907,0.13518299888683613,72.09743653558255,4.676806830211204,2.147022387204074
2023-04-27 00:00:00+00:00,1050230.2156248807,-0.0009271966870471332,0.13508304886764405,72.15912126050223,4.64649588862279,2.1328388168754815
2023-04-28 00:00:00+00:00,1050777.4969426154,0.0005211060485524081,0.1352084136608513,72.08176620567832,4.661796532114913,2.1393434079954887
2023-05-01 00:00:00+00:00,1050810.5750301424,3.147963067663458e-05,0.13513799243560387,72.12520123089536,4.644256812834734,2.138950783298823
2023-05-02 00:00:00+00:00,1049591.931276536,-0.0011597178240915626,0.1351337384754247,72.12782647593718,4.694837286295778,2.121527497126056
2023-05-03 00:00:00+00:00,1050042.4884039552,0.00042926885582207506,0.13529063743909553,72.03110871771446,4.783356821032016,2.126544180322315
2023-05-04 00:00:00+00:00,1049176.5303615418,-0.0008246885740116115,0.13523258630150403,72.06686721989058,4.757133489919601,2.1144961373115265
2023-05-05 00:00:00+00:00,1048674.617678571,-0.0004783872574787733,0.13534420311937528,71.99814039112762,4.670945258950399,2.106907229961392
2023-05-08 00:00:00+00:00,1049043.9090297187,0.0003521505574009096,0.135408981050458,71.9583060512093,4.6892193823205375,2.1108670568681545
2023-05-09 00:00:00+00:00,1049811.5266567266,0.0007317306934443491,0.13536131348846253,71.98761488860197,4.736829795645436,2.120033769953865
2023-05-10 00:00:00+00:00,1050208.3829706565,0.00037802624933423826,0.13526233788416564,72.04853692249148,4.731086647039842,2.1243277912353626
2023-05-11 00:00:00+00:00,1052372.4930651146,0.0020606482766178454,0.13521122449210302,72.08003345534306,4.738011678171402,2.152495171173683
2023-05-12 00:00:00+00:00,1052534.1382174832,0.00015360070073456504,0.0,83.52162643373926,4.723707888372211,2.149519882287378
2023-05-15 00:00:00+00:00,1052617.6726728973,7.936507936515251e-05,0.0,83.53445541408597,0.0,2.1408534174153337
2023-05-16 00:00:00+00:00,1052701.2137580302,7.936507936516842e-05,0.0,83.54108513276962,0.0,2.15359927527283
2023-05-17 00:00:00+00:00,1052784.7614734077,7.936507936499081e-05,0.0,83.54771537762144,0.0,2.1586164604385774
2023-05-18 00:00:00+00:00,1052868.3158195564,7.936507936502238e-05,0.0,83.55434614868315,0.0,2.168858465507452
2023-05-19 00:00:00+00:00,1052951.8767970023,7.936507936500225e-05,0.0,83.56097744599654,0.0,2.171198421012588
2023-05-22 00:00:00+00:00,1053035.444406272,7.93650793651119e-05,0.0,83.56760926960335,0.0,2.1743920794858487
2023-05-23 00:00:00+00:00,1053119.0186478915,7.936507936509053e-05,0.0,83.57424161954539,0.0,2.183520319436734
2023-05-24 00:00:00+00:00,1053202.5995223874,7.936507936511958e-05,0.0,83.5808744958644,0.0,2.1978864161295104
2023-05-25 00:00:00+00:00,1053286.187030286,7.936507936515939e-05,0.0,83.58750789860217,0.0,2.204278657781503
2023-05-26 00:00:00+00:00,1053369.781172114,7.936507936517028e-05,0.0,83.59414182780048,0.0,2.2037248342551887
2023-05-30 00:00:00+00:00,1053453.3819483975,7.93650793651126e-05,0.0,83.6007762835011,0.0,2.2134339066096387
2023-05-31 00:00:00+00:00,1053536.9893596633,7.93650793651677e-05,0.0,83.60741126574584,0.0,2.197300633591767
2023-06-01 00:00:00+00:00,1053620.603406438,7.93650793650749e-05,0.0,83.61404677457645,0.0,2.1736044060024886
2023-06-02 00:00:00+00:00,1053704.2240892479,7.936507936501557e-05,0.0,83.62068281003475,0.0,2.176263031907174
2023-06-05 00:00:00+00:00,1053787.8514086201,7.9365079365171e-05,0.0,83.62731937216253,0.0,2.1791851225792365
2023-06-06 00:00:00+00:00,1053871.485365081,7.936507936505954e-05,0.0,83.6339564610016,0.0,2.1786781923833884
2023-06-07 00:00:00+00:00,1053955.1259591577,7.936507936508347e-05,0.0,83.64059407659374,0.0,2.184936274648934
2023-06-08 00:00:00+00:00,1054038.7731913766,7.936507936498218e-05,0.0,83.64723221898078,0.0,2.180614664033272
2023-06-09 00:00:00+00:00,1054122.4270622649,7.936507936515783e-05,0.0,83.6538708882045,0.0,2.1912477320977426
2023-06-12 00:00:00+00:00,1054206.0875723492,7.936507936512893e-05,0.0,83.66051008430674,0.0,2.1865091671373826
2023-06-13 00:00:00+00:00,1054289.7547221566,7.93650793650767e-05,0.0,83.66714980732931,0.0,2.1883951579538543
2023-06-14 00:00:00+00:00,1054373.428512214,7.936507936518235e-05,0.0,83.67379005731401,0.0,2.1897040422881915
2023-06-15 00:00:00+00:00,1054457.1089430484,7.936507936518535e-05,0.0,83.6804308343027,0.0,2.192517519955881
2023-06-16 00:00:00+00:00,1054540.7960151867,7.936507936504604e-05,0.0,83.68707213833717,0.0,2.181253604739347
2023-06-20 00:00:00+00:00,1054624.4897291563,7.936507936516639e-05,0.0,83.69371396945927,0.0,2.206730620352611
2023-06-21 00:00:00+00:00,1054421.334602192,-0.0001926326658850688,0.14337661259466528,71.69968276447719,0.0,2.2088091117226623
2023-06-22 00:00:00+00:00,1054824.8458446318,0.00038268501328453554,0.1434042369351253,71.68355934170225,1.7487393059686078,2.2046535887555883
2023-06-23 00:00:00+00:00,1054448.0374243876,-0.0003572236866893443,0.14334937927601274,71.71558404348318,1.7252312190711057,2.2102509049259202
2023-06-26 00:00:00+00:00,1055396.4400539214,0.0008994304089657815,0.14340060536893612,71.68567861330507,1.793104504444874,2.199276323167045
2023-06-27 00:00:00+00:00,1054656.344972928,-0.0007012484151979505,0.1432717424070697,71.76094866326805,1.7195592846870897,2.2094148540913428
2023-06-28 00:00:00+00:00,1053981.699957626,-0.0006396823178638646,0.1433722819926003,71.70221095842733,1.6543383206396443,2.2189008337005762
2023-06-29 00:00:00+00:00,1055021.822166145,0.0009868503490724338,0.14346405341081628,71.64866770324461,1.7280658402555273,2.206583773317259
2023-06-30 00:00:00+00:00,1055761.5429241527,0.0007011426137981012,0.14332261543774158,71.73121708487311,1.79715969249056,2.198211151377476
2023-07-03 00:00:00+00:00,1057082.0997536234,0.001250809748016694,0.14322219625270705,71.78992508154039,1.8991223596598221,2.040260720442642
2023-07-05 00:00:00+00:00,1055419.1557930994,-0.0015731455115090092,0.1430432763282874,71.89473117911743,1.7526117454870007,2.062824296980158
2023-07-06 00:00:00+00:00,1053840.6134510995,-0.0014956544358091925,0.1432686587757804,71.76275149971077,1.6160719184469388,2.0849036129579255
2023-07-07 00:00:00+00:00,1054439.366557651,0.0005681628691370046,0.14348326015028856,71.6374703614568,1.6769637959923565,2.077322055567707
2023-07-10 00:00:00+00:00,1055788.2380539186,0.001279230972446691,0.1434017845809217,71.68499044927835,1.778042056940045,2.0605136564150333
2023-07-11 00:00:00+00:00,1055943.9203037238,0.00014745594257817535,0.14321857494402362,71.79204374263293,1.7955140584065323,2.05922040218279
2023-07-12 00:00:00+00:00,1058606.3613365523,0.002521384878150277,0.14319745962763944,71.80439947674445,2.03429224574898,2.0261761487387826
2023-07-13 00:00:00+00:00,1059485.1245132494,0.0008301132590848819,0.14283731178965736,72.01570432061972,2.100336251173037,2.0162681237060354
2023-07-14 00:00:00+00:00,1059195.4087686727,-0.0002734495632581453,0.1427188389890913,72.0854474298814,2.0660943546035377,2.020656074345696
2023-07-17 00:00:00+00:00,1059349.1516357593,0.0001451506169813144,0.14275787606795376,72.06245411681977,2.072314534569432,2.0196287005445055
2023-07-18 00:00:00+00:00,1060074.9149453687,0.0006851030262201222,0.14273715768145012,72.07465593166789,2.153392099752622,2.0117592501283106
2023-07-19 00:00:00+00:00,1059264.402660612,-0.0007645801945972923,0.14263943497289186,72.13225619433531,2.0839331991321974,2.0223916432573366
2023-07-20 00:00:00+00:00,1057575.580552162,-0.001594334808389866,0.1427485777082145,72.06792982252922,1.936934806884064,2.044067273096437
2023-07-21 00:00:00+00:00,1058151.6411367,0.0005446992112255357,0.14297653016704262,71.93389632185858,1.9640103037519427,2.037860621904636
2023-07-24 00:00:00+00:00,1058072.218299137,-7.505808664415372e-05,0.14289869336148348,71.97961541586953,1.9427574613653078,2.0397931911999128
2023-07-25 00:00:00+00:00,1058893.6640010674,0.0007763607131193014,0.14290941986910227,71.97331201606295,2.016485878319581,2.030377460208669
2023-07-26 00:00:00+00:00,1058579.6564675267,-0.0002965430280829406,0.14279855667980593,72.03850611939076,1.995965824718902,2.035073631572865
2023-07-27 00:00:00+00:00,1056521.8173243003,-0.0019439624884662761,0.1428409151573208,72.01358488657007,1.7912156543269842,2.062329191622983
2023-07-28 00:00:00+00:00,1056824.2935167837,0.00028629431737574833,0.14311913338400112,71.85026431964734,1.8246042757665886,2.059095257124962
2023-07-31 00:00:00+00:00,1058454.2834176987,0.0015423471157072393,0.14307817091672714,71.87427036666983,1.95766829143452,2.0393048540434933
2023-08-01 00:00:00+00:00,1056987.566137981,-0.0013857162304467523,0.14285783454765638,72.00363464452023,1.8197558314283793,2.058904410493564
2023-08-02 00:00:00+00:00,1054705.9416998322,-0.0021586104806183156,0.14305606966525544,71.8872285112093,1.6110425202582166,2.0902067729813862
2023-08-03 00:00:00+00:00,1054781.5431243884,7.168009733061842e-05,0.14336554002250754,71.70614720659431,1.6120487588313173,2.090115796819922
2023-08-04 00:00:00+00:00,1055242.333031214,0.0004368581435931491,0.1433552643032094,71.71214731965433,1.650742471592764,2.084689815436862
2023-08-07 00:00:00+00:00,1055042.3668812197,-0.0001894978468310653,0.1432926657352658,71.74871794718018,1.6207691940187234,2.0885286805810406
2023-08-08 00:00:00+00:00,1055041.6646075137,-6.656355498312284e-07,0.1433198245334231,71.73284761781555,1.6017724934813473,2.08988134442642
2023-08-09 00:00:00+00:00,1055544.1008989848,0.0004762241230141704,0.1433199199322568,71.73279188180713,1.6238474799062033,2.0844272573222473
2023-08-10 00:00:00+00:00,1055598.1146627634,5.1171489407792404e-05,0.1432517000170459,71.77266777795563,1.617870964643365,2.08477870362378
2023-08-11 00:00:00+00:00,1056472.1897714005,0.0008280377697684185,0.14324436998928425,71.77695458460474,1.6866593386611872,2.073887314571067
2023-08-14 00:00:00+00:00,1055760.585918067,-0.0006735661006727356,0.14312585637437583,71.84632562497276,1.6122297126818301,2.0846927296830158
2023-08-15 00:00:00+00:00,1054231.511257386,-0.00144831572714121,0.14322232607808152,71.78984912867645,1.4780376260892698,2.106861907290471
2023-08-16 00:00:00+00:00,1053806.648505134,-0.00040300706980887915,0.14343005808695364,71.66849399687638,1.4269337871493173,2.114276463772536
2023-08-17 00:00:00+00:00,1053559.1570825714,-0.00023485467937947002,0.1434878847189273,71.63477473082463,1.3991561839179651,2.1188778688709715
2023-08-18 00:00:00+00:00,1053139.6989442722,-0.00039813439566194203,0.14352159143626808,71.61513255443077,1.35872478980505,2.125918579515685
2023-08-21 00:00:00+00:00,1053759.1412115935,0.0005881862282299752,0.14357875507715062,71.58184222599432,1.4094320005987415,2.117783825948073
2023-08-22 00:00:00+00:00,1054328.6411518669,0.0005404460260421096,0.1434943536744905,71.63100431070237,1.4540408637780649,2.1105559718083744
2023-08-23 00:00:00+00:00,1055403.4397238658,0.00101941513305066,0.14341684461075313,71.67620271866056,1.5576816421306172,2.095804649761973
2023-08-24 00:00:00+00:00,1055241.7397569465,-0.00015321152161649438,0.1432707921970633,71.76150419262873,1.537709834111815,2.0990216960071444
2023-08-25 00:00:00+00:00,1054686.1564442553,-0.0005264986133122035,0.14329274629676003,71.74867086192084,1.4863320967155191,2.1076824257816975
2023-08-28 00:00:00+00:00,1056113.3511202584,0.001353193712919109,0.1433682294707694,71.70457694821519,1.6022905053099414,2.0888822536076446
2023-08-29 00:00:00+00:00,1056439.674163039,0.00030898486647714816,0.14317448665557667,71.81784636694562,1.644247495832136,2.0848235781347464
2023-08-30 00:00:00+00:00,1056344.686289801,-8.99132014455057e-05,0.14313026157081638,71.84374502113455,1.6401011578574023,2.0867650510658904
2023-08-31 00:00:00+00:00,1055980.3987048927,-0.0003448567400739182,0.14314313202808196,71.83620630103628,1.6000659432215532,2.09272469797495
2023-09-01 00:00:00+00:00,1055619.836273818,-0.00034144803399465627,0.14319251293129442,71.80729458794833,1.5661597586225497,2.0985023091389845
2023-09-05 00:00:00+00:00,1055049.6550747072,-0.0005401387692026202,0.1432414224333709,71.77867852199002,1.4969743077892728,2.107880583978112
2023-09-06 00:00:00+00:00,1055326.823812284,0.00026270681786743266,0.1433188344922371,71.7334260458701,1.5008765323917543,2.1055211931192157
2023-09-07 00:00:00+00:00,1054826.3472842986,-0.0004742384223471992,0.14328119354582042,71.7554235647254,1.4595611807264643,2.1132408836347496
2023-09-08 00:00:00+00:00,1055095.4692965727,0.00025513394974156133,0.14334917523252746,71.71570320536149,1.4734955573066646,2.110565369172486
2023-09-11 00:00:00+00:00,1055959.6607317436,0.0008190646821249057,0.14331261131995363,71.73706209522452,1.5410642618016122,2.099495416016714
2023-09-12 00:00:00+00:00,1056486.6887375645,0.0004990986165662045,0.14319532508652985,71.80564871706348,1.5657920182219884,2.0936664540339955
2023-09-13 00:00:00+00:00,1056572.2082209634,8.094705244329143e-05,0.14312389214996024,71.84747633657307,1.561309519607561,2.09364621532166
2023-09-14 00:00:00+00:00,1057734.919800593,0.0011004563347236228,0.14311230763048918,71.85426359716028,1.6483008892010411,2.0788530664869023
2023-09-15 00:00:00+00:00,1058604.1411014933,0.0008217761223805329,0.142954991904068,71.9465422939563,1.7294998380665638,2.0678171499083353
2023-09-18 00:00:00+00:00,1058231.7497982082,-0.00035177578551463665,0.14283761136566983,72.01552811148805,1.7091629816623701,2.0733214109368006
2023-09-19 00:00:00+00:00,1058200.2392271229,-2.9776626047546704e-05,0.0,83.98664680938161,1.6411064990921131,2.084255791218967
2023-09-20 00:00:00+00:00,1058284.2233730932,7.936507936499434e-05,0.0,83.98414597040657,0.0,2.074939610328031
2023-09-21 00:00:00+00:00,1058368.214184472,7.936507936518423e-05,0.0,83.99081137881691,0.0,2.0935015467095437
2023-09-22 00:00:00+00:00,1058452.2116617884,7.936507936514518e-05,0.0,83.99747731622794,0.0,2.096921320742778
2023-09-25 00:00:00+00:00,1058536.215805571,7.936507936505752e-05,0.0,84.00414378268162,0.0,2.1026886946212224
2023-09-26 00:00:00+00:00,1058620.2266163493,7.93650793651016e-05,0.0,84.01081077821992,0.0,2.1189234484966146
2023-09-27 00:00:00+00:00,1058704.2440946521,7.936507936501777e-05,0.0,84.01747830288487,0.0,2.135601437665218
2023-09-28 00:00:00+00:00,1058788.2682410087,7.93650793649863e-05,0.0,84.02414635671842,0.0,2.1214804838861183
2023-09-29 00:00:00+00:00,1058872.2990559486,7.936507936518743e-05,0.0,84.03081493976259,0.0,2.1253871913642617
2023-10-02 00:00:00+00:00,1058956.3365400007,7.936507936514165e-05,0.0,84.03748405205941,0.0,1.9204149129466046
2023-10-03 00:00:00+00:00,1059040.3806936943,7.936507936502923e-05,0.0,84.04415369365086,0.0,1.9127961470870107
2023-10-04 00:00:00+00:00,1059124.4315175589,7.936507936503039e-05,0.0,84.05082386457892,0.0,1.9210683377887552
2023-10-05 00:00:00+00:00,1059208.4890121238,7.936507936510541e-05,0.0,84.05749456488563,0.0,1.903462928686566
2023-10-06 00:00:00+00:00,1059292.5531779183,7.936507936499481e-05,0.0,84.064165794613,0.0,1.8858132678931665
2023-10-09 00:00:00+00:00,1059376.6240154721,7.936507936509856e-05,0.0,84.07083755380305,0.0,1.8801074363810741
2023-10-10 00:00:00+00:00,1059460.7015253147,7.936507936515714e-05,0.0,84.07750984249779,0.0,1.8718501765421403
2023-10-11 00:00:00+00:00,1059544.7857079755,7.936507936513092e-05,0.0,84.08418266073926,0.0,1.8579259002722712
2023-10-12 00:00:00+00:00,1059628.876563984,7.936507936498026e-05,0.0,84.09085600856949,0.0,1.8799389747235455
2023-10-13 00:00:00+00:00,1059712.97409387,7.936507936510497e-05,0.0,84.09752988603047,0.0,1.8660318450402347
2023-10-16 00:00:00+00:00,1059797.0782981631,7.936507936502589e-05,0.0,84.10420429316429,0.0,1.8604478213588185
2023-10-17 00:00:00+00:00,1059881.1891773932,7.936507936514279e-05,0.0,84.11087923001294,0.0,1.845622140127872
2023-10-18 00:00:00+00:00,1059965.3067320897,7.936507936497662e-05,0.0,84.11755469661851,0.0,1.8626039148770137
2023-10-19 00:00:00+00:00,1060049.4309627828,7.936507936514676e-05,0.0,84.124230693023,0.0,1.8724753373597758
2023-10-20 00:00:00+00:00,1060133.5618700022,7.936507936517416e-05,0.0,84.13090721926848,0.0,1.8771043566024748
2023-10-23 00:00:00+00:00,1060217.6994542775,7.936507936501919e-05,0.0,84.137584275397,0.0,1.8830672699642768
2023-10-24 00:00:00+00:00,1060301.843716139,7.936507936508148e-05,0.0,84.1442618614506,0.0,1.8792993209569353
2023-10-25 00:00:00+00:00,1060385.9946561165,7.936507936510167e-05,0.0,84.15093997747135,0.0,1.9056829918113265
2023-10-26 00:00:00+00:00,1060470.15227474,7.936507936504014e-05,0.0,84.1576186235013,0.0,1.909782335703004
2023-10-27 00:00:00+00:00,1060554.3165725395,7.936507936507679e-05,0.0,84.16429779958253,0.0,1.8945898905067837
2023-10-30 00:00:00+00:00,1060638.4875500454,7.936507936517192e-05,0.0,84.17097750575711,0.0,1.906027227543091
2023-10-31 00:00:00+00:00,1060722.6652077874,7.936507936506633e-05,0.0,84.1776577420671,0.0,1.928362244888441
2023-11-01 00:00:00+00:00,1061450.7353901493,0.000686390709129657,0.21197552472832346,66.3393191792969,0.0,1.9204601603405758
2023-11-02 00:00:00+00:00,1061310.6830518083,-0.00013194426615526365,0.21183012649758176,66.3971025271034,3.5254184297158844,1.9222383378614771
2023-11-03 00:00:00+00:00,1066694.2102902932,0.005072527135036988,0.21185807995647069,66.3859872621557,3.960072400018054,1.8768707770431523
2023-11-06 00:00:00+00:00,1065609.1789778674,-0.0010171905893541602,0.2107888478062105,66.81325132870211,3.843292795512383,1.88620018559556
2023-11-07 00:00:00+00:00,1063715.055129749,-0.0017775033149913346,0.21100347855892163,66.72713773247784,3.67150196851804,1.9028200429407547
2023-11-08 00:00:00+00:00,1061347.3988283498,-0.002225836975777716,0.21137920579794772,66.57681044294463,3.44546812847876,1.9240740956458087
2023-11-09 00:00:00+00:00,1060858.5312713562,-0.0004606103124512209,0.21185075103294312,66.38890121267485,3.415387153014626,1.9290067865132206
2023-11-10 00:00:00+00:00,1060708.2748641572,-0.0001416366110747031,0.21194837664093122,66.35010220021505,3.3659369380641397,1.9309554196792216
2023-11-13 00:00:00+00:00,1059492.072602517,-0.001146594488287537,0.21197840054320521,66.33817708853259,3.2745968832358634,1.9425462731542562
2023-11-14 00:00:00+00:00,1063616.7987653846,0.003893116588155038,0.21222173281234266,66.24165309951353,3.627749627736942,1.9063404996252902
2023-11-15 00:00:00+00:00,1063395.2263551163,-0.00020831977317906054,0.21139873289858024,66.56901231878874,3.5977210010262377,1.908786691459572
2023-11-16 00:00:00+00:00,1063792.9021053994,0.00037396796640335546,0.21144278061067742,66.55142720686268,3.665635379388143,1.9061001148912609
2023-11-17 00:00:00+00:00,1063165.105885065,-0.0005901489087697243,0.2113637373436516,66.58298877434547,3.6086569584892967,1.912072672431635
2023-11-20 00:00:00+00:00,1063559.7864479802,0.0003712316748645699,0.2114885470789275,66.53316367749353,3.6345969790956367,1.9091915434885656
2023-11-21 00:00:00+00:00,1065506.268849642,0.0018301579530028726,0.2114100649664268,66.56448753169316,3.81936948509336,1.8933286740806414
2023-11-22 00:00:00+00:00,1066026.2686571332,0.00048803073496002055,0.21102385797448145,66.71897026198377,3.838601857948505,1.8893004024524247
2023-11-24 00:00:00+00:00,1065843.68520851,-0.00017127481187992328,0.2109209220818594,66.76024008797513,3.8383196137572138,1.8915643569183458
2023-11-27 00:00:00+00:00,1067103.4708211895,0.001181960948085086,0.21095705371154858,66.7457493380844,3.9599677025111917,1.881860546992685
2023-11-28 00:00:00+00:00,1070973.5434518296,0.0036267079401980625,0.21070800507809737,66.84573232321769,4.3111387429255865,1.851812177291022
2023-11-29 00:00:00+00:00,1071183.3662688348,0.00019591783409414774,0.20994659011271807,67.15288094469706,4.3257441956705,1.8507072673596174
2023-11-30 00:00:00+00:00,1072212.9067799463,0.0009611244381973649,0.20990546588847667,67.16953354922128,4.38699160633443,1.84274855678642
2023-12-01 00:00:00+00:00,1072041.5364405224,-0.00015982864815397582,0.20970391433162688,67.25124311359522,4.4354175420266095,1.846028973020522
2023-12-04 00:00:00+00:00,1071209.430412166,-0.000776188235317058,0.20973743638255118,67.23764229300603,4.290119555320983,1.851540705497655
2023-12-05 00:00:00+00:00,1069629.6885960635,-0.0014747273233906226,0.2099003585714632,67.17160213202537,4.135835466909681,1.8643126480294656
2023-12-06 00:00:00+00:00,1069165.0941806827,-0.00043435071065637035,0.21021036153527908,67.04622579741405,4.1094473241278315,1.8688488875123066
2023-12-07 00:00:00+00:00,1069154.3128877468,-1.0083842986003207e-05,0.21030170623083272,67.00935322476477,4.103403188313503,1.8694447235809868
2023-12-08 00:00:00+00:00,1068727.854416399,-0.0003988745742379899,0.0,84.85351689585292,3.930093285084494,1.8823768638282696
2023-12-11 00:00:00+00:00,1068812.6740873845,7.936507936510213e-05,0.0,84.81967098542849,0.0,1.8750885792650531
2023-12-12 00:00:00+00:00,1068897.5004900899,7.936507936512391e-05,0.0,84.82640270534797,0.0,1.898599910605625
2023-12-13 00:00:00+00:00,1068982.3336250493,7.936507936500537e-05,0.0,84.83313495953094,0.0,1.8590969908607646
2023-12-14 00:00:00+00:00,1069067.1734927974,7.936507936514249e-05,0.0,84.83986774801978,0.0,1.843689776453708
2023-12-15 00:00:00+00:00,1069152.0200938683,7.936507936505996e-05,0.0,84.84660107085693,0.0,1.8446696566004164
2023-12-18 00:00:00+00:00,1069236.8734287964,7.93650793651537e-05,0.0,84.85333492808478,0.0,1.8582043655662623
2023-12-19 00:00:00+00:00,1069321.7334981163,7.936507936516626e-05,0.0,84.86006931974575,0.0,1.8380216232923652
2023-12-20 00:00:00+00:00,1069406.600302362,7.936507936505799e-05,0.0,84.86680424588224,0.0,1.860114404258407
2023-12-21 00:00:00+00:00,1069491.4738420686,7.936507936500698e-05,0.0,84.87353970653668,0.0,1.849775129501798
2023-12-22 00:00:00+00:00,1069576.3541177702,7.936507936497356e-05,0.0,84.88027570175147,0.0,1.8441320976157898
2023-12-26 00:00:00+00:00,1069661.2411300018,7.936507936513572e-05,0.0,84.88701223156906,0.0,1.8460017136557578
2023-12-27 00:00:00+00:00,1069746.1348792978,7.936507936501842e-05,0.0,84.8937492960319,0.0,1.8429117339180903
2023-12-28 00:00:00+00:00,1069831.035366193,7.936507936501738e-05,0.0,84.90048689518237,0.0,1.8643140706810581
2023-12-29 00:00:00+00:00,1069915.942591222,7.936507936509288e-05,0.0,84.90722502906293,0.0,1.8652281459556912
2024-01-02 00:00:00+00:00,1070000.8565549196,7.936507936498761e-05,0.0,84.91396369771603,0.0,1.4400586196350176
2024-01-03 00:00:00+00:00,1070085.7772578208,7.93650793650972e-05,0.0,84.9207029011841,0.0,1.459857703708746
2024-01-04 00:00:00+00:00,1070170.7047004604,7.936507936516431e-05,0.0,84.9274426395096,0.0,1.4583069189241096
2024-01-05 00:00:00+00:00,1070255.6388833732,7.936507936514928e-05,0.0,84.93418291273495,0.0,1.4636920945568317
2024-01-08 00:00:00+00:00,1070340.579807094,7.936507936501248e-05,0.0,84.94092372090263,0.0,1.4551074411257217
2024-01-09 00:00:00+00:00,1070425.5274721582,7.936507936514934e-05,0.0,84.94766506405509,0.0,1.4780042840855772
2024-01-10 00:00:00+00:00,1070510.4818791004,7.936507936508508e-05,0.0,84.95440694223478,0.0,1.4779676163019237
2024-01-11 00:00:00+00:00,1070595.4430284558,7.93650793649976e-05,0.0,84.96114935548417,0.0,1.4865358880197341
2024-01-12 00:00:00+00:00,1070680.4109207597,7.936507936506471e-05,0.0,84.9678923038457,0.0,1.4656485872630802
2024-01-16 00:00:00+00:00,1070765.385556547,7.936507936502925e-05,0.0,84.97463578736188,0.0,1.50672115540817
2024-01-17 00:00:00+00:00,1069330.0267024378,-0.0013404979965458432,0.1454658527931754,72.6194909210437,0.0,1.5318628440669273
2024-01-18 00:00:00+00:00,1069075.8498310982,-0.00023769731045838053,0.14566111122094172,72.50557355166995,2.868173670271755,1.5362012023790559
2024-01-19 00:00:00+00:00,1069175.5513704899,9.325955628630415e-05,0.14569574270712843,72.48540078410333,2.8779273763533815,1.5357147276942635
2024-01-22 00:00:00+00:00,1069177.2450672206,1.5841147214778318e-06,0.1456821564538587,72.49331360468996,2.862673559462785,1.5367502994208122
2024-01-23 00:00:00+00:00,1071037.5505655892,0.0017399411621892612,0.1456819256769756,72.49344802506542,3.012667135010074,1.5121553987366294
2024-01-24 00:00:00+00:00,1070002.623128993,-0.000966284922549847,0.14542888796862757,72.64109131858673,2.9101404227303167,1.5273046508631651
2024-01-25 00:00:00+00:00,1071692.9008497407,0.0015796949317796007,0.14556954962961705,72.55895422044418,3.044639702536433,1.505166404044337
2024-01-26 00:00:00+00:00,1071051.0202149022,-0.0005989408293453637,0.14533995683641748,72.69310324590035,2.9857925963135985,1.5148195507260795
2024-01-29 00:00:00+00:00,1071442.183098743,0.00036521405279297414,0.14542705903976802,72.64216033837347,3.0279154367402397,1.510451140567592
2024-01-30 00:00:00+00:00,1070813.0600026993,-0.0005871740967153338,0.1453739664243196,72.67320501169417,2.9770725027198552,1.51990518460997
2024-01-31 00:00:00+00:00,1070238.9876056514,-0.0005361088863133958,0.1454593764022674,72.62327460724627,2.9288511119380214,1.5286654224409943
2024-02-01 00:00:00+00:00,1072936.1488046034,0.002520148518403461,0.14553740029585693,72.57771330589325,3.154753885400456,1.4934038514131034
2024-02-02 00:00:00+00:00,1070578.1812363742,-0.0021976774394788373,0.14517154643818642,72.7917737185085,2.9448429108616323,1.5259336819047027
2024-02-05 00:00:00+00:00,1069179.6007665843,-0.0013063786412821734,0.14549128936245898,72.6046334353157,2.810204088568724,1.5463952904237472
2024-02-06 00:00:00+00:00,1069929.57865556,0.0007014517377978744,0.1456816046992658,72.49363498533236,2.876809372983003,1.5367914778629155
2024-02-07 00:00:00+00:00,1069246.0675902886,-0.0006388374327685461,0.14557948771462065,72.55315704001299,2.8169030043123264,1.5472408641222821
2024-02-08 00:00:00+00:00,1068984.3753583992,-0.00024474462878232734,0.1456725487917156,72.49891013007081,2.789103230494369,1.5518926560397177
2024-02-09 00:00:00+00:00,1068277.0618369717,-0.0006616687182078097,0.14570821009350549,72.47814090531769,2.7188171403936954,1.5630009228297674
2024-02-12 00:00:00+00:00,1069384.6607143185,0.0010368086303774542,0.14580468449220213,72.4220049115536,2.7932062529593766,1.5484838666229357
2024-02-13 00:00:00+00:00,1066736.8345245942,-0.0024760278382482035,0.14565366951060738,72.5099095843589,2.5472985641512524,1.5882427306760971
2024-02-14 00:00:00+00:00,1066910.4173974975,0.00016272323902695915,0.14601520722851277,72.2997646486665,2.553167665976725,1.586784284955558
2024-02-15 00:00:00+00:00,1068874.9052821554,0.001841286627840673,0.14599145102673144,72.31354106715088,2.7182865462486796,1.558958442160042
2024-02-16 00:00:00+00:00,1068985.7951940908,0.00010374451807918514,0.14572313297062559,72.46945280402849,2.7304158015578563,1.5582110389663155
2024-02-20 00:00:00+00:00,1068545.1083926775,-0.000412247574658645,0.14570801656266702,72.47825359069004,2.704259110094862,1.5651921834806721
2024-02-21 00:00:00+00:00,1068297.7177845915,-0.0002315209775824502,0.14576810911211108,72.44327844772073,2.6808359285550685,1.5696749354381931
2024-02-22 00:00:00+00:00,1066517.9151452288,-0.0016660174497550593,0.14580186530249925,72.4236442724758,2.5326616581303534,1.5964515366434653
2024-02-23 00:00:00+00:00,1067596.1433925687,0.0010109799676389062,0.1460451791193647,72.28239009474862,2.625065673311979,1.5814459142801072
2024-02-26 00:00:00+00:00,1066120.0789984686,-0.0013826055884854727,0.14589767948807725,72.3679637651724,2.4987523036363477,1.6040197598091082
2024-02-27 00:00:00+00:00,1066006.3937730996,-0.00010663454108822423,0.14609967771896742,72.2508157973867,2.481695727104466,1.6068121390653483
2024-02-28 00:00:00+00:00,1065373.4533573096,-0.0005937491740080441,0.14611525865251984,72.24179316045263,2.430665539995614,1.6170146825755367
2024-02-29 00:00:00+00:00,1066755.430925981,0.0012971766513576216,0.14620206600845062,72.1915597941201,2.5449304559263206,1.5973553897547572
2024-03-01 00:00:00+00:00,1068303.5539823035,0.0014512445978163376,0.14601266179277045,72.30124055353846,2.7087129146190394,1.5748905419170014
2024-03-04 00:00:00+00:00,1070534.5648080083,0.0020883678776395234,0.1458010687793486,72.42410746277041,2.9179611935286767,1.5445206933458402
2024-03-05 00:00:00+00:00,1070456.644639279,-7.278622408912177e-05,0.1454972170649442,72.60117181401681,2.921102300591386,1.5462821546429262
2024-03-06 00:00:00+00:00,1071620.7842819807,0.001087516854168351,0.14550780802886612,72.59498767364148,3.02869587658064,1.5315368785566528
2024-03-07 00:00:00+00:00,1071946.2383160694,0.00030370261463966424,0.0,85.049268593808,3.093369889187702,1.5235732564111388
2024-03-08 00:00:00+00:00,1072031.3134143485,7.936507936518383e-05,0.0,85.07509827905312,0.0,1.5248451704918224
2024-03-11 00:00:00+00:00,1072116.3952646195,7.936507936507328e-05,0.0,85.08185027098004,0.0,1.5139609254554913
2024-03-12 00:00:00+00:00,1072201.4838674183,7.936507936505954e-05,0.0,85.08860279877932,0.0,1.5249803787915992
2024-03-13 00:00:00+00:00,1072286.5792232808,7.936507936510292e-05,0.0,85.0953558624935,0.0,1.5028063486461938
2024-03-14 00:00:00+00:00,1072371.681332743,7.936507936516374e-05,0.0,85.10210946216515,0.0,1.5118894002032177
2024-03-15 00:00:00+00:00,1072456.7901963408,7.936507936498519e-05,0.0,85.10886359783674,0.0,1.5106726236803465
2024-03-18 00:00:00+00:00,1072541.9058146104,7.9365079365179e-05,0.0,85.11561826955085,0.0,1.5207650817390732
2024-03-19 00:00:00+00:00,1072627.0281880877,7.936507936505414e-05,0.0,85.12237347735004,0.0,1.5406265573580047
2024-03-20 00:00:00+00:00,1072712.157317309,7.936507936500516e-05,0.0,85.1291292212768,0.0,1.5008619410516069
2024-03-21 00:00:00+00:00,1072797.2932028102,7.936507936499238e-05,0.0,85.13588550137372,0.0,1.5134875444145934
2024-03-22 00:00:00+00:00,1072882.4358451278,7.936507936497614e-05,0.0,85.14264231768335,0.0,1.525769085220373
2024-03-25 00:00:00+00:00,1072967.585244798,7.936507936513375e-05,0.0,85.14939967024824,0.0,1.5189106230695901
2024-03-26 00:00:00+00:00,1073052.7414023571,7.936507936499153e-05,0.0,85.15615755911097,0.0,1.5205725299798667
2024-03-27 00:00:00+00:00,1073137.9043183415,7.936507936516083e-05,0.0,85.16291598431405,0.0,1.493801427158357
2024-03-28 00:00:00+00:00,1073223.0739932875,7.936507936516797e-05,0.0,85.16967494590013,0.0,1.475788827694132
2024-04-01 00:00:00+00:00,1073308.2504277313,7.936507936497334e-05,0.0,85.1764344439117,0.0,0.6013192259767246
2024-04-02 00:00:00+00:00,1073393.4336222096,7.936507936497118e-05,0.0,85.18319447839137,0.0,0.5953727195914462
2024-04-03 00:00:00+00:00,1071850.9616450767,-0.001437005229226812,0.1523320809335564,72.21279192207327,0.0,0.5746860310222557
2024-04-04 00:00:00+00:00,1072904.1328335982,0.0009825724155763454,0.15255129794643077,72.09037351118971,3.6345188712304255,0.5886490905730515
2024-04-05 00:00:00+00:00,1070486.8964349811,-0.0022529845161775876,0.15240155238496628,72.17395852615174,3.657577910878707,0.5540319778337928
2024-04-08 00:00:00+00:00,1072271.7438127585,0.0016673229571715171,0.15274568605055108,71.98211436753132,3.7053302760701023,0.5778826777623625
2024-04-09 00:00:00+00:00,1071140.1375586423,-0.0010553353295428896,0.1524914335825669,72.12376892132318,3.7141890373562174,0.5613517636074841
2024-04-10 00:00:00+00:00,1071989.2813601536,0.0007927476263252032,0.15265253319399072,72.03395890115523,3.691143910513875,0.572023729643858
2024-04-11 00:00:00+00:00,1070803.0861299122,-0.0011065364653052685,0.15253161411895838,72.10135126635454,3.7407832855936394,0.5550296556820564
2024-04-12 00:00:00+00:00,1071767.336196432,0.000900492423872908,0.15270058288219088,72.00720878776394,3.7008519418149612,0.5670942599213094
2024-04-15 00:00:00+00:00,1073925.1483882912,0.002013321472846111,0.15256320087564057,72.08373657082107,3.81116942626511,0.5961496943791129
2024-04-16 00:00:00+00:00,1075797.413438214,0.0017433850513069505,0.15225665927414012,72.25499150668293,3.8467646158910376,0.6215799129087936
2024-04-17 00:00:00+00:00,1073876.6960420783,-0.0017853894907565576,0.1519916792526081,72.4035839709625,3.7773635980946816,0.5936273535844636
2024-04-18 00:00:00+00:00,1073575.5461676477,-0.00028043245145419873,0.1522635289570335,72.2511460823803,3.794873927873036,0.588426676337563
2024-04-19 00:00:00+00:00,1072924.163604816,-0.0006067412443930834,0.15230624056944814,72.22724529869534,3.80367526203136,0.5784598103704264
2024-04-22 00:00:00+00:00,1075514.8893214867,0.0024146401064977503,0.15239870715066864,72.17554826989917,3.7453471313797477,0.6141626647557006
2024-04-23 00:00:00+00:00,1073801.7076286057,-0.0015928944451543987,0.1520316055384802,72.3811614220159,3.694147344799284,0.588790432376677
2024-04-24 00:00:00+00:00,1074077.8593538608,0.00025717199301632883,0.15227416220559803,72.24519462099357,3.6863334091851834,0.5917358296405686
2024-04-25 00:00:00+00:00,1070337.4830572316,-0.0034824070378653158,0.15223501162425174,72.26711142458528,3.6356016425384112,0.5388740905156428
2024-04-26 00:00:00+00:00,1070312.8041166426,-2.3057158120430364e-05,0.15276700852990993,71.97025616294803,3.65077540663886,0.5377512033849143
2024-04-29 00:00:00+00:00,1069668.7378165706,-0.0006017552042681333,0.152770530984199,71.96829751686954,3.623729326942793,0.527997886398496
2024-04-30 00:00:00+00:00,1073313.5296922284,0.003407402447880903,0.15286251679922044,71.91718114384794,3.619573298528406,0.5769494597298683
2024-05-01 00:00:00+00:00,1073096.9320185133,-0.00020180279827200297,0.15234342145204618,72.20645034032873,3.6663420579574257,0.5730839158887697
2024-05-02 00:00:00+00:00,1072315.3386099199,-0.0007283530362194327,0.15237417098613557,72.18926004876404,3.6162182156776255,0.5610635581640473
2024-05-03 00:00:00+00:00,1072745.042758153,0.00040072554477324767,0.1524852340693486,72.1272288258598,3.617124912820391,0.5660858875648573
2024-05-06 00:00:00+00:00,1071153.0694810576,-0.0014840183022447934,0.15242415381727356,72.16133232968782,3.6276060640732095,0.5433486562662591
2024-05-07 00:00:00+00:00,1071120.3206851569,-3.057340433761958e-05,0.15265069023543326,72.03498524420407,3.6091665214347923,0.5418301524363276
2024-05-08 00:00:00+00:00,1070842.5536087067,-0.00025932387901341435,0.15265535742940026,72.03238613341829,3.590364451650546,0.5369806878804306
2024-05-09 00:00:00+00:00,1068547.5005291807,-0.0021432217759666736,0.15269495487740484,72.01034112735081,3.612720194168088,0.5059620662433035
2024-05-10 00:00:00+00:00,1069924.7531876073,0.0012889016704867747,0.15302291692518083,71.82819405754717,3.668037304970599,0.5236845749648964
2024-05-13 00:00:00+00:00,1069901.8689281093,-2.1388662548278277e-05,0.15282593931670183,71.93749982408896,3.624365076921645,0.5220306250909799
2024-05-14 00:00:00+00:00,1069297.228682008,-0.000565136171513518,0.152829208129062,71.93568361301769,3.6403562338520485,0.5133895885328972
2024-05-15 00:00:00+00:00,1068644.373741272,-0.0006105458082416384,0.15291562628066285,71.88769629189855,3.6837575147370893,0.5046003540499546
2024-05-16 00:00:00+00:00,1069439.0554162264,0.0007436352957835165,0.1530090453119011,71.83588240771313,3.689369978977054,0.5140161440241444
2024-05-17 00:00:00+00:00,1066807.4601297695,-0.0024607248754653435,0.1528953469353589,71.89895238191588,3.6937061331298056,0.4798753084077685
2024-05-20 00:00:00+00:00,1066149.069262778,-0.0006171599764698961,0.1532725084095272,71.69009561314945,3.7019858130084904,0.47105312857459225
2024-05-21 00:00:00+00:00,1067098.6990628128,0.0008907101524663628,0.15336716048268192,71.63784236973741,3.7095032515159083,0.4820400505806193
2024-05-22 00:00:00+00:00,1070057.6775105416,0.0027729191782611437,0.1532306763635756,71.71320981418464,3.6960490260499608,0.5185798054642348
2024-05-23 00:00:00+00:00,1070537.1332377617,0.00044806531208251054,0.15280695502740843,71.94804937352818,3.6106996070886854,0.5230729981377342
2024-05-24 00:00:00+00:00,1069416.7720703944,-0.0010465411545126548,0.1527385181955861,71.98610141537107,3.599633047186188,0.5073370194264974
2024-05-28 00:00:00+00:00,1068015.0071889122,-0.0013107751047968825,0.15289853280262863,71.89718386240538,3.611350028429846,0.48861746166195097
2024-05-29 00:00:00+00:00,1069792.5631162557,0.0016643548221500007,0.153099211437545,71.78593268133538,3.6030121628670013,0.510500006113805
2024-05-30 00:00:00+00:00,1069079.7784938137,-0.000666283022538191,0.15284482341864752,71.92700854858487,3.598273001472041,0.5002992010962108
2024-05-31 00:00:00+00:00,1069128.0491051646,4.5151552131027024e-05,0.15294672922768468,71.87043834045454,3.568923750395828,0.499611286852808
2024-06-03 00:00:00+00:00,1069462.389532996,0.00031272252945879493,0.1529398237572594,71.8742693413554,3.616065915551143,0.5037234922420621
2024-06-04 00:00:00+00:00,1072957.2932774788,0.0032679071079898315,0.15289201098085142,71.9008042959452,3.6451265138756592,0.5494353719217795
2024-06-05 00:00:00+00:00,1072285.7008958776,-0.0006259264798413002,0.0,85.15534073630783,3.6717556735235783,0.5353228884214252
2024-06-06 00:00:00+00:00,1072370.8029356312,7.936507936512707e-05,0.0,85.10203975364108,0.0,0.49315950639846484
2024-06-07 00:00:00+00:00,1072455.911729515,7.936507936511388e-05,0.0,85.10879388378025,0.0,0.554109552811406
2024-06-10 00:00:00+00:00,1072541.027278065,7.936507936503922e-05,0.0,85.11554854996152,0.0,0.5472954892526927
2024-06-11 00:00:00+00:00,1072626.1495818172,7.936507936508052e-05,0.0,85.12230375222738,0.0,0.560123070412696
2024-06-12 00:00:00+00:00,1072711.2786413077,7.936507936498101e-05,0.0,85.12905949062042,0.0,0.5547475487748068
2024-06-13 00:00:00+00:00,1072796.414457073,7.936507936513517e-05,0.0,85.13581576518315,0.0,0.5788851979077396
2024-06-14 00:00:00+00:00,1072881.557029649,7.93650793650692e-05,0.0,85.14257257595817,0.0,0.5787327395970951
2024-06-17 00:00:00+00:00,1072966.706359572,7.936507936517753e-05,0.0,85.149329922988,0.0,0.5850010072955794
2024-06-18 00:00:00+00:00,1073051.8624473782,7.936507936498642e-05,0.0,85.15608780631524,0.0,0.5672379323123407
2024-06-20 00:00:00+00:00,1073137.0252936042,7.936507936510726e-05,0.0,85.16284622598239,0.0,0.5466338209734936
2024-06-21 00:00:00+00:00,1073222.1948987863,7.936507936506637e-05,0.0,85.16960518203209,0.0,0.5503970581103257
2024-06-24 00:00:00+00:00,1073307.3712634607,7.936507936504105e-05,0.0,85.17636467450684,0.0,0.5475648884627713
2024-06-25 00:00:00+00:00,1073392.554388164,7.936507936499167e-05,0.0,85.18312470344927,0.0,0.5587835644214483
2024-06-26 00:00:00+00:00,1073477.744273433,7.936507936509544e-05,0.0,85.1898852689019,0.0,0.5496605155683634
2024-06-27 00:00:00+00:00,1073562.940919804,7.936507936509579e-05,0.0,85.19664637090737,0.0,0.543666537377856
2024-06-28 00:00:00+00:00,1073648.1443278135,7.936507936516994e-05,0.0,85.20340800950825,0.0,0.5573546266015592
2024-07-01 00:00:00+00:00,1073733.3544979983,7.936507936506134e-05,0.0,85.2101701847471,0.0,0.5340742327162733
2024-07-02 00:00:00+00:00,1073818.571430895,7.936507936516408e-05,0.0,85.21693289666653,0.0,0.5292459249442754
2024-07-03 00:00:00+00:00,1073903.7951270402,7.936507936500479e-05,0.0,85.22369614530913,0.0,0.4978044958673822
2024-07-05 00:00:00+00:00,1073989.0255869708,7.936507936497746e-05,0.0,85.23045993071747,0.0,0.47088437753784795
2024-07-08 00:00:00+00:00,1074074.2628112237,7.936507936504242e-05,0.0,85.2372242529342,0.0,0.460840899651914
2024-07-09 00:00:00+00:00,1074159.5068003358,7.936507936515996e-05,0.0,85.24398911200188,0.0,0.4651259145961646
2024-07-10 00:00:00+00:00,1074244.7575548438,7.936507936507366e-05,0.0,85.25075450796317,0.0,0.4291348212471693
2024-07-11 00:00:00+00:00,1073009.541732104,-0.0011498458000868555,0.203189042666251,67.93412648238382,0.0,0.41289329289593013
2024-07-12 00:00:00+00:00,1072192.8776966035,-0.0007610967132521433,0.2034229476882917,67.83609348057908,4.823846951298663,0.40353642053056493
2024-07-15 00:00:00+00:00,1073762.1942297695,0.0014636513315937642,0.20357789015137673,67.77127887458697,4.8788591739371165,0.4195908170534697
2024-07-16 00:00:00+00:00,1071107.2925534225,-0.002472522957703336,0.2032803585838486,67.89582780579063,4.929404499076634,0.39119642121383524
2024-07-17 00:00:00+00:00,1073520.6273121985,0.0022531213964782524,0.20378421974558722,67.68512132354086,4.9586316721191706,0.41568507616789496
2024-07-18 00:00:00+00:00,1074812.1173875055,0.0012030416951936025,0.20332610135615917,67.87665582820563,4.945199181655315,0.42875330843004456
2024-07-19 00:00:00+00:00,1074551.7246327333,-0.00024226816069503998,0.2030817855006675,67.97915504053158,4.834805997460449,0.4253755610567609
2024-07-22 00:00:00+00:00,1075434.5679369317,0.000821592189524624,0.2031309976738541,67.95848894888299,4.841369501363251,0.43427519427865136
2024-07-23 00:00:00+00:00,1074685.996801012,-0.000696063859427358,0.20296424383636535,68.02855587778762,4.85560988727469,0.42545409400871304
2024-07-24 00:00:00+00:00,1075617.5382283917,0.0008668033547962851,0.20310561831692242,67.96914547017495,4.8539362394399665,0.4348754246012936
2024-07-25 00:00:00+00:00,1077745.6097482536,0.001978464876434605,0.20292971815643657,68.0430773294908,4.812074497144338,0.457874822049277
2024-07-26 00:00:00+00:00,1077720.9883672511,-2.2845262165558267e-05,0.20252902160074082,68.2119718945592,4.861569700437737,0.4566861790854677
2024-07-29 00:00:00+00:00,1077108.4548759595,-0.0005683599910395737,0.20253364853503894,68.21001781670186,4.840199203946154,0.4492304832425118
2024-07-30 00:00:00+00:00,1077043.8609968652,-5.996970760180879e-05,0.20264882601997986,68.16140404755173,4.896613976163418,0.4476309929969702
2024-07-31 00:00:00+00:00,1075231.6439381815,-0.001682584270065321,0.20266097953966514,68.15627754921091,4.9474575093844395,0.4271498609706974
2024-08-01 00:00:00+00:00,1077621.1933940593,0.0022223578234042765,0.2030025484344441,68.01245079852173,4.988892655822553,0.45221343226169
2024-08-02 00:00:00+00:00,1080255.532323839,0.002444587157276038,0.2025524045136239,68.20209758073426,5.039659321258669,0.48044979927822595
2024-08-05 00:00:00+00:00,1082350.8154851508,0.0019396180798116499,0.20205845500948869,68.41117209897074,4.993163447593896,0.5041678537763792
2024-08-06 00:00:00+00:00,1081147.4552039632,-0.001111802443321654,0.2016672974732029,68.57746441336057,4.914793498990652,0.4902541871706587
2024-08-07 00:00:00+00:00,1084548.5235001568,0.003145795034546869,0.20189176122662117,68.48195962913933,4.982010057736308,0.5287631243306921
2024-08-08 00:00:00+00:00,1082804.1303918897,-0.0016084048527745306,0.20125864278748068,68.75188568439279,5.036179176121347,0.506726948149737
2024-08-09 00:00:00+00:00,1082024.8083058163,-0.0007197258157774158,0.2015828696532672,68.61344178691128,5.0378618605646,0.4969736083350069
2024-08-12 00:00:00+00:00,1080116.3436233506,-0.0017637901347694945,0.20172805854476852,68.5515908276991,5.101217912211158,0.4741149774546072
2024-08-13 00:00:00+00:00,1078754.4950043978,-0.0012608351192838565,0.2020844931802297,68.40012537670975,5.044583561729084,0.4587785826787467
2024-08-14 00:00:00+00:00,1078723.8619578623,-2.839668031734816e-05,0.2023396100666239,68.29204215298334,5.008891349849288,0.45795080585109904
2024-08-15 00:00:00+00:00,1078460.8841002805,-0.00024378607617384665,0.20234535600301204,68.28961095881385,5.021322538798047,0.4543016986224666
2024-08-16 00:00:00+00:00,1076948.6550349267,-0.001402210397844281,0.202394697012035,68.26873970027562,5.118166694246455,0.43687838966148096
2024-08-19 00:00:00+00:00,1074034.7860450058,-0.002705671227962527,0.20267889546668197,68.14872152048564,5.0372104003469085,0.40586483433610354
2024-08-20 00:00:00+00:00,1073447.8936980753,-0.0005464370005105817,0.20322876569070564,67.91746207684112,5.050187423095867,0.39919438766965154
2024-08-21 00:00:00+00:00,1072520.5903241222,-0.0008638550407495735,0.20333987812379178,67.87088331914823,5.026064285066063,0.3890780400779992
2024-08-22 00:00:00+00:00,1074863.6972378753,0.002184673128788125,0.20351568617516583,67.79728781327894,5.009372165357987,0.4125144354268846
2024-08-23 00:00:00+00:00,1074099.6943636062,-0.000710790471603462,0.203072040145851,67.98324867944982,5.052662629429724,0.4039467505049128
2024-08-26 00:00:00+00:00,1074963.801839667,0.0008044946671106911,0.20321648448669688,67.9226135306983,5.083982771587758,0.41220356571554095
2024-08-27 00:00:00+00:00,1075021.6773647973,5.3839510717828716e-05,0.20305312932701317,67.99119348911582,5.105772589360111,0.4121309172484029
2024-08-28 00:00:00+00:00,1077963.7419533248,0.0027367490818783454,0.20304219763443745,67.99578678476108,5.112404748842788,0.44235522727317367
2024-08-29 00:00:00+00:00,1075885.2057668513,-0.0019282060291814932,0.2024880386804873,68.22928397432676,5.09976031857767,0.41978994515903434
2024-08-30 00:00:00+00:00,1076516.2022392736,0.0005864905187282646,0.20287923163812763,68.0643207849241,5.072226628618704,0.42579769581347726
2024-09-03 00:00:00+00:00,1080972.2302752146,0.004139304198740376,0.20276031463601926,68.11439987003698,5.138496105500449,0.47281771900331915
2024-09-04 00:00:00+00:00,1081676.224439011,0.0006512601749418385,0.0,85.79144684723926,5.163005118036986,0.48533955817476215
2024-09-05 00:00:00+00:00,1081762.071758411,7.93650793650946e-05,0.0,85.8473193999215,0.0,0.4771718614810547
2024-09-06 00:00:00+00:00,1081847.9258910902,7.936507936512753e-05,0.0,85.85413267923896,0.0,0.5094169578731309
2024-09-09 00:00:00+00:00,1081933.7868375895,7.93650793650646e-05,0.0,85.86094649929287,0.0,0.4915452552551578
2024-09-10 00:00:00+00:00,1082019.6545984496,7.936507936508138e-05,0.0,85.86776086012615,0.0,0.48225770896008857
2024-09-11 00:00:00+00:00,1082105.5291742114,7.936507936513817e-05,0.0,85.87457576178171,0.0,0.47510503332539145
2024-09-12 00:00:00+00:00,1082191.4105654156,7.936507936498012e-05,0.0,85.88139120430249,0.0,0.42898044303712357
2024-09-13 00:00:00+00:00,1082277.2987726033,7.936507936499793e-05,0.0,85.8882071877314,0.0,0.4071410478043225
2024-09-16 00:00:00+00:00,1082363.1937963155,7.93650793651519e-05,0.0,85.89502371211137,0.0,0.41380591722614213
2024-09-17 00:00:00+00:00,1082449.0956370928,7.936507936497207e-05,0.0,85.90184077748535,0.0,0.4219392666302646
2024-09-18 00:00:00+00:00,1082535.0042954767,7.936507936506417e-05,0.0,85.90865838389625,0.0,0.42517419685653035
2024-09-19 00:00:00+00:00,1082620.9197720082,7.936507936517338e-05,0.0,85.91547653138704,0.0,0.42630088319404447
2024-09-20 00:00:00+00:00,1082706.8420672282,7.936507936504497e-05,0.0,85.92229522000065,0.0,0.41021357029691075
2024-09-23 00:00:00+00:00,1082792.771181678,7.936507936506943e-05,0.0,85.92911444978002,0.0,0.4166339512960935
2024-09-24 00:00:00+00:00,1082878.7071158986,7.936507936499202e-05,0.0,85.93593422076809,0.0,0.39282218418198855
2024-09-25 00:00:00+00:00,1082964.6498704315,7.936507936498812e-05,0.0,85.94275453300783,0.0,0.3933360970405584
2024-09-26 00:00:00+00:00,1083050.599445818,7.936507936501804e-05,0.0,85.94957538654218,0.0,0.38896444357126825
2024-09-27 00:00:00+00:00,1083136.5558425994,7.936507936504211e-05,0.0,85.95639678141413,0.0,0.4250283171460829
2024-09-30 00:00:00+00:00,1083222.519061317,7.936507936502064e-05,0.0,85.96321871766662,0.0,0.4328403531532281
2024-10-01 00:00:00+00:00,1083308.4891025124,7.936507936512895e-05,0.0,85.97004119534262,0.0,0.732603626870211
2024-10-02 00:00:00+00:00,1083394.465966727,7.93650793651124e-05,0.0,85.9768642144851,0.0,0.7338718670563091
2024-10-03 00:00:00+00:00,1083480.449654502,7.936507936514627e-05,0.0,85.98368777513706,0.0,0.759153360595147
2024-10-04 00:00:00+00:00,1083566.4401663793,7.9365079364976e-05,0.0,85.99051187734143,0.0,0.7609047788222814
2024-10-07 00:00:00+00:00,1083652.4375029004,7.936507936499171e-05,0.0,85.99733652114122,0.0,0.7729468043549419
2024-10-08 00:00:00+00:00,1083738.441664607,7.93650793651537e-05,0.0,86.0041617065794,0.0,0.7659210113898913
2024-10-09 00:00:00+00:00,1083824.4526520406,7.936507936499256e-05,0.0,86.01098743369897,0.0,0.7706671265173632
2024-10-10 00:00:00+00:00,1083910.4704657432,7.93650793651132e-05,0.0,86.01781370254291,0.0,0.7399343622818897
2024-10-11 00:00:00+00:00,1083996.4951062563,7.936507936504627e-05,0.0,86.02464051315422,0.0,0.7429741142298409
2024-10-14 00:00:00+00:00,1084082.526574122,7.936507936518173e-05,0.0,86.0314678655759,0.0,0.7408528765901874
2024-10-15 00:00:00+00:00,1084168.5648698818,7.936507936505031e-05,0.0,86.03829575985095,0.0,0.7256552938270255
2024-10-16 00:00:00+00:00,1084254.6099940778,7.936507936504192e-05,0.0,86.04512419602237,0.0,0.7173772203408326
2024-10-17 00:00:00+00:00,1084340.661947252,7.936507936511688e-05,0.0,86.05195317413316,0.0,0.7118435637973208
2024-10-18 00:00:00+00:00,1084426.7207299462,7.936507936502076e-05,0.0,86.05878269422635,0.0,0.672504972044309
2024-10-21 00:00:00+00:00,1084998.5379332055,0.0005272990717846094,0.20335814706113706,68.56346922053326,0.0,0.6732235090910379
2024-10-22 00:00:00+00:00,1083221.8846718743,-0.0016374706501590852,0.20325097301172865,68.60885153825225,5.190055755955287,0.6542148138784274
2024-10-23 00:00:00+00:00,1085001.459279242,0.0016428532626135868,0.20358433638739512,68.46784731116249,5.171358035844039,0.6719268676110248
2024-10-24 00:00:00+00:00,1089059.930250655,0.0037405212100903233,0.20325042576230393,68.6090833911123,5.2790485033741685,0.7141602098632367
2024-10-25 00:00:00+00:00,1090921.537389985,0.0017093707036872272,0.2024929964143214,68.93118426185937,5.384300863985501,0.7329818427031061
2024-10-28 00:00:00+00:00,1091035.093781967,0.0001040921717006139,0.20214745148293145,69.07893086021889,5.328672859005559,0.7340590844965966
2024-10-29 00:00:00+00:00,1090321.1042762592,-0.0006544147936000637,0.20212641170577894,69.08794327228094,5.384410624157039,0.7250157193035855
2024-10-30 00:00:00+00:00,1092488.2856153026,0.001987654215390036,0.2022587728388601,69.03127743849463,5.447521863660359,0.7475143846773875
2024-10-31 00:00:00+00:00,1094212.2244712212,0.0015779929895977298,0.2018575498290341,69.20327595746633,5.398833634233206,0.7668664334925017
2024-11-01 00:00:00+00:00,1095167.905789508,0.0008733966747160406,0.2015395218763863,69.34009650158684,5.398109549730103,0.777147218897392
2024-11-04 00:00:00+00:00,1094892.4668982367,-0.0002515038012119227,0.20136365153272892,69.41594422526039,5.388190859038418,0.7733713582233657
2024-11-05 00:00:00+00:00,1094914.9438129049,2.052887872349566e-05,0.2014143079968086,69.39408399579442,5.401919104411382,0.7726864718909718
2024-11-06 00:00:00+00:00,1096607.9929519023,0.0015462837077568929,0.2014101732717878,69.39586787791094,5.263935475714015,0.7940879854313101
2024-11-07 00:00:00+00:00,1095223.9172606198,-0.0012621426254215006,0.2010992168291622,69.53023685719646,5.324330488741773,0.7759479253813071
2024-11-08 00:00:00+00:00,1096045.5813743167,0.0007502247720740506,0.20135335347936006,69.42038958011054,5.295932529904504,0.785304015530035
2024-11-11 00:00:00+00:00,1100788.645212581,0.00432743301817516,0.2012024064498405,69.48560101770553,5.262119131382611,0.8435365298664532
2024-11-12 00:00:00+00:00,1101669.6762423867,0.0008003634790724353,0.20033546813034167,69.86203465566301,5.226476094390731,0.8549640520983299
2024-11-13 00:00:00+00:00,1102184.5217122177,0.00046733197884421784,0.20017525516669224,69.93195775326664,5.1753795918403345,0.8622312858334524
2024-11-14 00:00:00+00:00,1101753.3566730518,-0.0003911913392651097,0.2000817505662695,69.97281850484053,5.156443715360317,0.8562093766234318
2024-11-15 00:00:00+00:00,1102422.3271068684,0.000607187107499837,0.20016005144486157,69.93859905728768,5.161837827882636,0.8640339412137177
2024-11-18 00:00:00+00:00,1099742.879805594,-0.002430508921482188,0.20003859059165188,69.99169194886043,5.214709643199021,0.8272800622439878
2024-11-19 00:00:00+00:00,1098571.3449764946,-0.0010652806675197812,0.20052597075255485,69.77903740114024,5.234067506712582,0.8114742150174363
2024-11-20 00:00:00+00:00,1099429.8817822312,0.0007815030035713967,0.20073981499667232,69.6860584464498,5.283475547133155,0.8202706971605709
2024-11-21 00:00:00+00:00,1099005.43288202,-0.00038606272873271713,0.2005830587338063,69.75419628817492,5.311064707585999,0.8136758051757331
2024-11-22 00:00:00+00:00,1099817.9822611166,0.0007393497382135578,0.2006605262841325,69.72050986752325,5.419816532771451,0.8205126481102445
2024-11-25 00:00:00+00:00,1100577.7569685206,0.0006908185896742149,0.20051227758419202,69.78499791348331,5.216240389331712,0.8337259307974234
2024-11-26 00:00:00+00:00,1100310.069451424,-0.0002432245385676806,0.20037385559985893,69.84529749343601,5.2562593495108425,0.8286227794129193
2024-11-27 00:00:00+00:00,1099943.996915532,-0.000332699432692212,0.20042260329506392,69.8240524523966,5.256127748181348,0.8232388259925374
2024-11-29 00:00:00+00:00,1099946.5342030171,2.306742427071163e-06,0.20048930597342213,69.79499907653215,5.286957958054657,0.8218029190201808
2024-12-02 00:00:00+00:00,1100814.5617330535,0.0007891542934542209,0.0,87.29734398436644,5.303513258452144,0.8458707310161708
2024-12-03 00:00:00+00:00,1100901.9279681118,7.936507936517945e-05,0.0,87.36623505817886,0.0,0.816833986470904
2024-12-04 00:00:00+00:00,1100989.3011369982,7.936507936512321e-05,0.0,87.37316888635809,0.0,0.8217117045478854
2024-12-05 00:00:00+00:00,1101076.6812402632,7.936507936516491e-05,0.0,87.38010326484113,0.0,0.8195860984470436
2024-12-06 00:00:00+00:00,1101164.0682784568,7.93650793650534e-05,0.0,87.38703819367169,0.0,0.8411660242152665
2024-12-09 00:00:00+00:00,1101251.4622521298,7.936507936517194e-05,0.0,87.3939736728934,0.0,0.8125386060758135
2024-12-10 00:00:00+00:00,1101338.8631618323,7.936507936505795e-05,0.0,87.40090970254998,0.0,0.8249215235065464
2024-12-11 00:00:00+00:00,1101426.271008115,7.936507936509465e-05,0.0,87.4078462826851,0.0,0.7979820715325463
2024-12-12 00:00:00+00:00,1101513.6857915283,7.936507936503093e-05,0.0,87.41478341334246,0.0,0.8303488058680699
2024-12-13 00:00:00+00:00,1101601.1075126228,7.936507936503853e-05,0.0,87.42172109456574,0.0,0.853734092616607
2024-12-16 00:00:00+00:00,1101688.5361719492,7.936507936507777e-05,0.0,87.42865932639864,0.0,0.8642261674412408
2024-12-17 00:00:00+00:00,1101775.9717700582,7.936507936510896e-05,0.0,87.43559810888486,0.0,0.8684882929196691
2024-12-18 00:00:00+00:00,1101863.4143075002,7.936507936509247e-05,0.0,87.4425374420681,0.0,0.9110028659471832
2024-12-19 00:00:00+00:00,1100516.4756248079,-0.0012224189179916487,0.19391277298252316,70.49190668183667,0.0,0.9171314415575367
2024-12-20 00:00:00+00:00,1101128.0380576814,0.0005557049316561296,0.19415010574471558,70.38500678638489,5.04758376453632,0.911119597800301
2024-12-23 00:00:00+00:00,1100246.6527351686,-0.0008004385430667378,0.19404227549527306,70.43354348740661,4.9621436939731725,0.9214125838393308
2024-12-24 00:00:00+00:00,1100086.6520099929,-0.00014542259663136842,0.19419771883440376,70.36359227133417,4.944865922720258,0.9238661926688367
2024-12-26 00:00:00+00:00,1099896.944221409,-0.0001724480414676455,0.1942259636783751,70.35089380108212,4.944714076552068,0.9265213936951158
2024-12-27 00:00:00+00:00,1099680.962910571,-0.00019636504308230714,0.19425946334236505,70.33583762738499,4.908411369702039,0.9296881244633273
2024-12-30 00:00:00+00:00,1098161.6014806863,-0.0013816383852487612,0.19429761660221995,70.31869625350896,4.763141674677045,0.9473736797566046
2024-12-31 00:00:00+00:00,1097936.8008490305,-0.00020470633042781676,0.19456643706014332,70.19811201304192,4.762407920097304,0.9503311931487364
2025-01-02 00:00:00+00:00,1102064.4950565132,0.003759500732911774,0.1946062741964123,70.18027069306923,5.124907630482301,-0.2759424246906068
2025-01-03 00:00:00+00:00,1101694.503590974,-0.00033572578301801917,0.19387739199909668,70.50786547144088,5.069274137034469,-0.268231373105829
2025-01-06 00:00:00+00:00,1100758.336296888,-0.0008497521690763811,0.19394250349794398,70.47850106941397,4.983405443337498,-0.2540855197453915
2025-01-07 00:00:00+00:00,1101390.3573412935,0.0005741687558157599,0.19410744672182975,70.40420207781983,5.045288083144233,-0.26331915131228456
2025-01-08 00:00:00+00:00,1103934.813197227,0.0023102216566301573,0.19399606024528554,70.45436247816947,5.258228988946907,-0.29774739969684916
2025-01-10 00:00:00+00:00,1103304.7194472803,-0.0005707707940850221,0.19354891934020843,70.65630341911657,5.23819640002349,-0.29155701520051736
2025-01-13 00:00:00+00:00,1102530.2195687387,-0.0007019818413625255,0.19365945450083594,70.60629597864462,5.139306372822034,-0.27767434649639533
2025-01-14 00:00:00+00:00,1105577.1929506557,0.0027636189265713134,0.19379549541955834,70.54482773431592,5.384903091063382,-0.31759216013693603
2025-01-15 00:00:00+00:00,1106115.7938768684,0.000487167182578424,0.1932613945717443,70.78665101859504,5.444519123513082,-0.32540105545981124
2025-01-16 00:00:00+00:00,1105055.3329079573,-0.0009587250944083631,0.19316728980740253,70.82939712385001,5.376726579711802,-0.3125998094258007
2025-01-17 00:00:00+00:00,1106400.1637129355,0.0012169805121335754,0.19335266185639488,70.74523355488881,5.464922187500221,-0.3279971703601312
2025-01-21 00:00:00+00:00,1107330.5123311006,0.0008408789592392998,0.1931176414502008,70.85196615845852,5.581366762920226,-0.3425460079048097
2025-01-22 00:00:00+00:00,1106704.9871940243,-0.0005648946995595387,0.19295538932324705,70.92580335037638,5.537560273009175,-0.3346740290819401
2025-01-23 00:00:00+00:00,1106995.7279660024,0.00026270846823896204,0.1930644504079559,70.87615849822747,5.55483804426209,-0.33746647236100014
2025-01-24 00:00:00+00:00,1107778.9716285102,0.0007075399143110276,0.19301374406290406,70.89923316267017,5.632650840076314,-0.34799609294845
2025-01-27 00:00:00+00:00,1107325.5530696202,-0.0004093041757449539,0.19287727569178853,70.96139535810731,5.557778099464452,-0.33901243068053777
2025-01-28 00:00:00+00:00,1107393.6320788073,6.148057271725822e-05,0.19295625349207896,70.9254097581954,5.582991874686058,-0.3409090278934741
2025-01-29 00:00:00+00:00,1108759.2864688162,0.001233214956677393,0.19294439116040782,70.93081285416262,5.678723937344392,-0.35658874409779884
2025-01-30 00:00:00+00:00,1111912.3680522637,0.0028437927167126384,0.1927067423235219,71.03919812321095,5.967548115304306,-0.3972103758840051
2025-01-31 00:00:00+00:00,1110971.4869710323,-0.0008461827642762396,0.1921602783235838,71.28944269332584,5.894546750279325,-0.385522784932685
2025-02-03 00:00:00+00:00,1112338.2787847565,0.0012302672298554198,0.19232301874722127,71.21476959164082,6.008875125400948,-0.40185157162603424
2025-02-04 00:00:00+00:00,1112661.8164988863,0.0002908626991451274,0.19208670077396803,71.32324513241257,6.065888186348339,-0.40715767563746486
2025-02-05 00:00:00+00:00,1115564.710410763,0.0026089633605033673,0.1920308461637337,71.34892272877208,6.31880776744746,-0.44183320530389825
2025-02-06 00:00:00+00:00,1116642.7322383048,0.0009663462975131385,0.19153114841512353,71.57931113447658,6.384486989169439,-0.4526873533516049
2025-02-07 00:00:00+00:00,1115624.6179825221,-0.0009117636522308953,0.19134624168293016,71.66486842237673,6.3078096556980405,-0.440728300851295
2025-02-10 00:00:00+00:00,1117523.627979724,0.0017021944179001628,0.19152086344486308,71.58406570366381,6.514013924383111,-0.4647528370052223
2025-02-11 00:00:00+00:00,1116149.9701126874,-0.001229198052411515,0.19119541168236923,71.73478078280681,6.37787312418497,-0.4473400516465489
2025-02-12 00:00:00+00:00,1118782.2599121598,0.0023583656945370514,0.1914307179480427,71.62576031716898,6.586279376164042,-0.47654581209157065
2025-02-13 00:00:00+00:00,1119007.6957166803,0.0002015010539568269,0.1909803165212272,71.83467220601601,6.632080013795105,-0.47989972022238625
2025-02-14 00:00:00+00:00,1115618.526291506,-0.003028727539718779,0.19094184153891264,71.85256393653351,6.303981841083434,-0.4381380428173349
2025-02-18 00:00:00+00:00,1115629.0216735073,9.40767991392094e-06,0.19152190921982626,71.58358223612284,6.358086079527826,-0.44077109029218864
2025-02-19 00:00:00+00:00,1115240.355147853,-0.00034838330493701207,0.1915201074599582,71.58441520294834,6.321202183821011,-0.43556248368128525
2025-02-20 00:00:00+00:00,1118096.8749866574,0.0025613490631135527,0.191586853121031,71.55356865329324,6.550103039220996,-0.4674113151131971
2025-02-21 00:00:00+00:00,1113253.4235093887,-0.004331871044113695,0.19109738601040976,71.78027657700788,6.150568306515763,-0.41110843699136534
2025-02-24 00:00:00+00:00,1113385.0612128978,0.000118245945378815,0.1919287968078332,71.39587566611354,6.173361469547836,-0.4129732738961138
2025-02-25 00:00:00+00:00,1112986.3521099063,-0.0003581053104459275,0.19190610468906028,71.40632310289998,6.098917352069801,-0.4052246747878323
2025-02-26 00:00:00+00:00,1114360.428887124,0.0012345854687371657,0.19197485190299882,71.37467952329747,6.20377902910976,-0.4204620609222971
2025-02-27 00:00:00+00:00,1111307.4966054058,-0.0027396273257540107,0.1917381347879868,71.48373323577508,5.912412186381946,-0.38107664603868674
2025-02-28 00:00:00+00:00,1112602.4946821528,0.0011652923072170693,0.19226486887654348,71.24143702294029,5.98623956497522,-0.39413535686734225
2025-03-03 00:00:00+00:00,1111547.4169531474,-0.0009482971088490865,0.1920410848776659,71.34421464807893,5.936154854670214,-0.38340108285309515
2025-03-04 00:00:00+00:00,1112846.6764698823,0.0011688745769355042,0.19222336974344686,71.2604783203801,6.063626615874693,-0.39989422319341017
2025-03-05 00:00:00+00:00,1117446.2701222517,0.004133178226276472,0.19199894705543538,71.3635941550416,6.423519756983534,-0.4520356211395038
2025-03-06 00:00:00+00:00,1116571.3665139722,-0.0007829491508203062,0.19120864763634904,71.72864127030901,6.341664115433023,-0.44095977414639176
2025-03-07 00:00:00+00:00,1117667.590884239,0.0009817772541394101,0.19135847158918207,71.65920447600111,6.422385733750244,-0.45262106333427354
2025-03-10 00:00:00+00:00,1114747.0933152346,-0.0026130287688612003,0.19117078446134195,71.74620641014927,6.155864349844625,-0.4166540482093506
2025-03-11 00:00:00+00:00,1117692.1368290598,0.002641893871251698,0.19167162793932185,71.51442088879973,6.42278456329425,-0.45188698303585184
2025-03-12 00:00:00+00:00,1118002.941772056,0.0002780774175239418,0.19116658610709739,71.74815450100807,6.460649916511388,-0.45563160088673005
2025-03-13 00:00:00+00:00,1121108.1221085982,0.0027774348532754525,0.19111344177475456,71.77282155997604,6.7624641952764275,-0.49226444106631106
2025-03-14 00:00:00+00:00,1122736.9124065342,0.001452839619850844,0.19058410683395358,72.01926444382858,6.879456568189547,-0.5088794279492728
2025-03-17 00:00:00+00:00,1124828.4962280176,0.0018629331576889279,0.19030762038310145,72.14853351509333,7.063203318433057,-0.5314619990616016
2025-03-18 00:00:00+00:00,1124789.5514262654,-3.462287973928434e-05,0.18995374924520525,72.31453223108409,7.090960477977325,-0.5317731606734348
2025-03-19 00:00:00+00:00,1125486.2139913288,0.0006193714763620131,0.18996032621873515,72.31144137380215,7.15811224574218,-0.539054239038208
2025-03-20 00:00:00+00:00,1125839.734727712,0.00031410490149815184,0.18984274303870266,72.3667320535691,7.17511395958423,-0.5418380079502443
2025-03-21 00:00:00+00:00,1124326.741036604,-0.0013438801673438109,0.1897831312269626,72.39478925486937,7.02252212125623,-0.5241722900346488
2025-03-24 00:00:00+00:00,1123720.7986963047,-0.0005389379423107816,0.19003852022532478,72.2747103904957,6.956749201436168,-0.5165176536972682
2025-03-25 00:00:00+00:00,1126170.553461109,0.002180038642736247,0.19014099442160728,72.22661972856719,7.159733759734165,-0.5422728049904011
2025-03-26 00:00:00+00:00,1124960.978928847,-0.0010740598114065507,0.18972738139857323,72.42104470990087,7.058670823273763,-0.5288656604056534
2025-03-27 00:00:00+00:00,1127668.9493390773,0.002407168302680847,0.18993137905974633,72.32504673114991,7.307761870203507,-0.5579045709270538
2025-03-28 00:00:00+00:00,1126078.026459006,-0.0014108066742494615,0.1894752801711767,72.53996501767612,7.208171479785976,-0.5419818804864702
2025-03-31 00:00:00+00:00,1125827.1443271902,-0.00022279284909284956,0.1897429708208026,72.41370129703553,7.224747448713274,-0.5403717834435664
2025-04-01 00:00:00+00:00,1125157.8233604678,-0.0005945148596700776,0.189785253618172,72.39379001673271,7.160322863693411,0.5209278906434571
2025-04-02 00:00:00+00:00,1124339.9428718395,-0.0007269029034394081,0.18989815089070042,72.34066930508807,7.148808187150238,0.5291990364025843
2025-04-03 00:00:00+00:00,1125884.0570094578,0.0013733516694908938,0.1900362888208031,72.27575815519693,7.206151855804755,0.5158013154024106
2025-04-04 00:00:00+00:00,1113923.764155756,-0.010623023551350802,0.18977566010117441,72.39830689627775,6.161236530112826,0.6233993387815113
2025-04-07 00:00:00+00:00,1116223.7547983192,0.002064764857859346,0.19181329727559532,71.44907730471412,6.278562388952151,0.602490895219141
2025-04-08 00:00:00+00:00,1115334.2318658994,-0.0007969037825937565,0.19141806398392183,71.6316162446001,6.193826998933695,0.611535368137103
2025-04-09 00:00:00+00:00,1122894.2770394033,0.006778277719366991,0.19157072742123807,71.56101918647153,6.91282497627537,0.5435601317078378
2025-04-10 00:00:00+00:00,1129279.7165351312,0.005686590114755581,0.19028095029543057,72.16102277167025,7.535538776136973,0.4914117742710076
2025-04-11 00:00:00+00:00,1136079.9263596798,0.006021723161213813,0.18920501890526176,72.66780368402961,8.128931330977661,0.4385520408282666
2025-04-14 00:00:00+00:00,1137244.2150304655,0.0010248298942455872,0.18807249838574497,73.2075028764541,8.183458436117725,0.42904324929223936
2025-04-15 00:00:00+00:00,1140012.6322285184,0.0024343207566711604,0.1878799533929784,73.29990673921486,8.438707089972597,0.40932615329407795
2025-04-16 00:00:00+00:00,1139847.7223519753,-0.0001446561835202898,0.18742370398008745,73.51962238985398,8.532455798232458,0.41436043171881565
2025-04-17 00:00:00+00:00,1136950.8036150206,-0.002541496271955651,0.187450819900292,73.50653430441406,8.2648926500821,0.43602526810556075
2025-04-21 00:00:00+00:00,1136619.8666827006,-0.0002910741003636826,0.18792843932823916,73.27662011894147,8.361644598497813,0.4419237729407941
2025-04-22 00:00:00+00:00,1130288.533251822,-0.005570317409070982,0.18798315635635912,73.25035528304305,7.742944570337439,0.48952140701085156
2025-04-23 00:00:00+00:00,1131274.0508400628,0.0008719168241099241,0.18903614770084082,72.74786850281458,7.792233780218746,0.48182452008765164
2025-04-24 00:00:00+00:00,1132565.3049216734,0.0011414158051726983,0.1888714674907413,72.826084184421,7.930244516894224,0.4728091937175467
2025-04-25 00:00:00+00:00,1130217.6320401228,-0.002072880805502852,0.1886561323994778,72.92856466708852,7.696470484861049,0.4912824911317655
2025-04-28 00:00:00+00:00,1130558.6527148604,0.0003017300961073042,0.18904800638322816,72.742241422521,7.747785075161728,0.4894991242445714
2025-04-29 00:00:00+00:00,1129328.7567897448,-0.0010878656513416247,0.18899098211603088,72.76930655543669,7.615227984421455,0.4994763391955024
2025-04-30 00:00:00+00:00,1130704.13960786,0.0012178763799700547,0.1891968028191615,72.6716957677291,7.672174262641511,0.488210775931889
2025-05-01 00:00:00+00:00,1128011.1422981992,-0.0023816993458560536,0.18896666478152235,72.78085313424617,7.41649698565281,0.510231155357113
2025-05-02 00:00:00+00:00,1127180.4715019576,-0.000736403006223157,0.18941780103433933,72.567123189035,7.342208312116814,0.5176279217743689
2025-05-05 00:00:00+00:00,1129997.9744310137,0.0024996023265926232,0.18955739166741506,72.50119693536503,7.66850261152371,0.49645941877970223
2025-05-06 00:00:00+00:00,1131146.0734686202,0.0010160186686923953,0.18908475497395894,72.72480827894091,7.833504800909586,0.48889278387874224
2025-05-07 00:00:00+00:00,1131939.3562735827,0.0007013088968517622,0.1888928363258696,72.81592725017953,7.860552962580552,0.4827455627290922
2025-05-08 00:00:00+00:00,1131749.2271577388,-0.00016796758129325045,0.18876045693804513,72.87888620295433,7.7731485378872165,0.48374062982826516
2025-05-09 00:00:00+00:00,1135637.2873879084,0.0034354432385468514,0.18879216790185474,72.86379659058576,8.091533029141402,0.45391297258675944
2025-05-12 00:00:00+00:00,1126464.3027000453,-0.008077389488471299,0.18814580367276618,73.1723727993294,7.253521615795848,0.5268638155518852
2025-05-13 00:00:00+00:00,1125334.5607322936,-0.0010029096927827567,0.18967790599686046,72.44435814156247,7.181348423003461,0.5370855545325419
2025-05-14 00:00:00+00:00,1124438.655854665,-0.0007961231343020954,0.18986832678214272,72.3546960806298,7.026516892689179,0.544695774289135
2025-05-15 00:00:00+00:00,1126197.4728346365,0.0015641733506881594,0.0,89.24116316306865,7.228952933939291,0.5296725941995577
2025-05-16 00:00:00+00:00,1126286.8535864488,7.936507936516121e-05,0.0,89.38075181227273,0.0,0.5158712870089026
2025-05-19 00:00:00+00:00,1126376.2414319715,7.936507936507054e-05,0.0,89.38784552273404,0.0,0.5097659453354506
2025-05-20 00:00:00+00:00,1126465.6363717678,7.936507936517914e-05,0.0,89.39493979618821,0.0,0.48709230731103137
2025-05-21 00:00:00+00:00,1126555.0384064005,7.936507936503391e-05,0.0,89.40203463267999,0.0,0.474309830412861
2025-05-22 00:00:00+00:00,1126644.4475364326,7.936507936500861e-05,0.0,89.40913003225401,0.0,0.47265207296217326
2025-05-23 00:00:00+00:00,1126733.8637624276,7.936507936506352e-05,0.0,89.41622599495497,0.0,0.4553415013768589
2025-05-27 00:00:00+00:00,1126823.2870849485,7.936507936515897e-05,0.0,89.42332252082758,0.0,0.45983386310202423
2025-05-28 00:00:00+00:00,1126912.7175045584,7.936507936504865e-05,0.0,89.43041960991654,0.0,0.458051640682676
2025-05-29 00:00:00+00:00,1127002.1550218207,7.936507936510617e-05,0.0,89.43751726226654,0.0,0.45260827962326555
2025-05-30 00:00:00+00:00,1127091.5996372986,7.936507936508523e-05,0.0,89.44461547792227,0.0,0.4375383170224829
2025-06-02 00:00:00+00:00,1127181.0513515556,7.936507936515277e-05,0.0,89.45171425692845,0.0,0.3810493108684181
2025-06-03 00:00:00+00:00,1127270.510165155,7.93650793650625e-05,0.0,89.45881359932982,0.0,0.38973981494347143
2025-06-04 00:00:00+00:00,1127359.97607866,7.936507936498141e-05,0.0,89.46591350517103,0.0,0.3921459220473569
2025-06-05 00:00:00+00:00,1127449.4490926345,7.93650793650763e-05,0.0,89.47301397449682,0.0,0.3883257168307912
2025-06-06 00:00:00+00:00,1127538.9292076419,7.936507936510097e-05,0.0,89.48011500735194,0.0,0.4154310766967573
2025-06-09 00:00:00+00:00,1127628.4164242456,7.936507936501576e-05,0.0,89.4872166037811,0.0,0.40730495441655457
2025-06-10 00:00:00+00:00,1127717.9107430093,7.936507936498753e-05,0.0,89.49431876382901,0.0,0.42269135992341234
2025-06-11 00:00:00+00:00,1127807.4121644967,7.93650793649766e-05,0.0,89.50142148754043,0.0,0.41275706190259687
2025-06-12 00:00:00+00:00,1127896.9206892718,7.936507936514972e-05,0.0,89.50852477496005,0.0,0.3869376715840751
2025-06-13 00:00:00+00:00,1127986.4363178979,7.936507936505433e-05,0.0,89.51562862613268,0.0,0.37821029507508186
2025-06-16 00:00:00+00:00,1128075.959050939,7.936507936506367e-05,0.0,89.52273304110301,0.0,0.38356645835814795
2025-06-17 00:00:00+00:00,1128165.488888959,7.936507936513803e-05,0.0,89.52983801991579,0.0,0.39002650371173164
2025-06-18 00:00:00+00:00,1128255.0258325215,7.936507936503138e-05,0.0,89.53694356261579,0.0,0.3920630753919907
2025-06-20 00:00:00+00:00,1128344.5698821908,7.936507936511678e-05,0.0,89.54404966924774,0.0,0.40933084952723764
2025-06-23 00:00:00+00:00,1128434.1210385307,7.936507936514821e-05,0.0,89.5511563398564,0.0,0.40593905165531474
2025-06-24 00:00:00+00:00,1128523.6793021052,7.936507936508599e-05,0.0,89.55826357448656,0.0,0.412241086256528
2025-06-25 00:00:00+00:00,1128613.2446734784,7.936507936509682e-05,0.0,89.56537137318296,0.0,0.41204548621507975
2025-06-26 00:00:00+00:00,1128702.8171532145,7.936507936514099e-05,0.0,89.57247973599036,0.0,0.39655244846176707
2025-06-27 00:00:00+00:00,1128792.3967418775,7.936507936517884e-05,0.0,89.57958866295353,0.0,0.42909410961125527
2025-06-30 00:00:00+00:00,1128881.9834400318,7.93650793651707e-05,0.0,89.58669815411727,0.0,0.4040112158841307
2025-07-01 00:00:00+00:00,1128971.5772482413,7.936507936507691e-05,0.0,89.59380820952633,0.0,0.8033208803582221
2025-07-02 00:00:00+00:00,1129061.1781670705,7.936507936506408e-05,0.0,89.60091882922549,0.0,0.7924618305227318
2025-07-03 00:00:00+00:00,1129150.7861970838,7.936507936509251e-05,0.0,89.60803001325957,0.0,0.7878620804518892
2025-07-07 00:00:00+00:00,1129240.4013388455,7.936507936512252e-05,0.0,89.61514176167331,0.0,0.7755757110068631
2025-07-08 00:00:00+00:00,1129330.02359292,7.936507936511445e-05,0.0,89.62225407451155,0.0,0.8239655045133967
2025-07-09 00:00:00+00:00,1129419.6529598718,7.936507936502864e-05,0.0,89.62936695181905,0.0,0.8123438371967238
2025-07-10 00:00:00+00:00,1129509.2894402654,7.93650793650316e-05,0.0,89.63648039364062,0.0,0.801033054108089
2025-07-11 00:00:00+00:00,1129598.9330346654,7.936507936508365e-05,0.0,89.64359440002106,0.0,0.8010826906671085
2025-07-14 00:00:00+00:00,1129688.5837436365,7.93650793651451e-05,0.0,89.65070897100519,0.0,0.7956041130608718
2025-07-15 00:00:00+00:00,1129778.2415677432,7.936507936517627e-05,0.0,89.65782410663782,0.0,0.8111833612906665
2025-07-16 00:00:00+00:00,1129867.9065075503,7.93650793651375e-05,0.0,89.66493980696374,0.0,0.8140688545422705
2025-07-17 00:00:00+00:00,1129957.5785636222,7.936507936498919e-05,0.0,89.6720560720278,0.0,0.8243736477068602
2025-07-18 00:00:00+00:00,1130047.257736524,7.936507936510376e-05,0.0,89.67917290187478,0.0,0.8287392860685951
2025-07-21 00:00:00+00:00,1130136.9440268206,7.936507936502942e-05,0.0,89.68629029654953,0.0,0.7956200371958344
2025-07-22 00:00:00+00:00,1130226.6374350768,7.93650793651386e-05,0.0,89.69340825609687,0.0,0.7701047345188643
2025-07-23 00:00:00+00:00,1130316.3379618572,7.936507936497956e-05,0.0,89.70052678056165,0.0,0.7765197689710623
2025-07-24 00:00:00+00:00,1130406.0456077273,7.93650793651307e-05,0.0,89.70764586998867,0.0,0.7712005656346301
2025-07-25 00:00:00+00:00,1130495.7603732517,7.936507936514028e-05,0.0,89.7147655244228,0.0,0.758412134878168
2025-07-28 00:00:00+00:00,1131612.5845614702,0.0009879065692822361,0.12837545997707026,78.20379739152443,0.0,0.7829569983609312
2025-07-29 00:00:00+00:00,1130986.3548556548,-0.0005533958479775274,0.12824876218240794,78.29243423185922,3.5281603156748362,0.7719339101875446
2025-07-30 00:00:00+00:00,1132137.1071404736,0.0010174767183337614,0.1283197738124492,78.24273346155641,3.4990605081470494,0.7890359998314569
2025-07-31 00:00:00+00:00,1132755.2951099533,0.0005460363109562896,0.128189344139249,78.33406300797061,3.51534974375846,0.7977089243547368
2025-08-01 00:00:00+00:00,1132880.0345865588,0.00011012040918638409,0.12811938630219058,78.3831255452309,3.6007150261556746,0.7979493354839864
2025-08-04 00:00:00+00:00,1129868.0547016184,-0.0026586927061872405,0.12810527929641552,78.39302550369166,3.5569944499923563,0.7502121441867677
2025-08-05 00:00:00+00:00,1127645.8119526801,-0.001966816160250791,0.12844677981303768,78.15397948107734,3.51692953768518,0.7159812662047464
2025-08-06 00:00:00+00:00,1125971.789866963,-0.0014845282694025811,0.12869990887363317,77.97761100893938,3.4667135968644476,0.6903021914629264
2025-08-07 00:00:00+00:00,1125260.8250873843,-0.0006314232612014354,0.12889125158028275,77.84475211324754,3.4929434016658267,0.6796932994544518
2025-08-08 00:00:00+00:00,1125578.016024346,0.00028188214668989727,0.12897268793550493,77.78832633709051,3.49075240587387,0.6830403990976137
2025-08-11 00:00:00+00:00,1125323.0696723387,-0.00022650260433108776,0.1289363430823305,77.81350022097635,3.4252562870147907,0.6773461454649237
2025-08-12 00:00:00+00:00,1124664.3762928294,-0.0005853371331852773,0.12896555411620686,77.79326638351544,3.413590420576749,0.6669090157732844
2025-08-13 00:00:00+00:00,1125113.4235320284,0.0003992722172629119,0.12904108665593314,77.74098913117344,3.429913731691369,0.6724233960555273
2025-08-14 00:00:00+00:00,1125001.0549768298,-9.987309087994151e-05,0.12898958469844676,77.77662780095115,3.3954130951242067,0.6691670442372706
2025-08-15 00:00:00+00:00,1124388.0162580833,-0.0005449227945471886,0.12900246857371436,77.76770966164968,3.3891597243969778,0.6595074928527014
2025-08-18 00:00:00+00:00,1124770.171447993,0.00033987839107493876,0.12907280328638124,77.71905579508248,3.3867548038737234,0.6637131585517322
2025-08-19 00:00:00+00:00,1126747.1596908956,0.0017576819630248986,0.12902894913474722,77.74938557205945,3.4044762106647792,0.6908707675429797
2025-08-20 00:00:00+00:00,1124837.1446280987,-0.0016951585334556017,0.12880255520666894,77.90628940086124,3.4044086759990897,0.6629423676247983
2025-08-21 00:00:00+00:00,1123282.0039698558,-0.0013825473897886187,0.12902126670792613,77.75470090381387,3.3600589545912505,0.6396958472399064
2025-08-22 00:00:00+00:00,1122677.3066326475,-0.0005383308332824882,0.12919989168093057,77.63127704204855,3.3911535061554554,0.6314093533874745
2025-08-25 00:00:00+00:00,1122738.1443837234,5.418988227199023e-05,0.12926948142858602,77.58328518988918,3.367729018481771,0.6306210877134699
2025-08-26 00:00:00+00:00,1120996.7419742232,-0.001551031661488685,0.1292624767101909,77.58811358283171,3.3730156084028713,0.607032574944796
2025-08-27 00:00:00+00:00,1121568.782413775,0.0005102962552277273,0.12946327835391797,77.44990704239517,3.3892805483934687,0.6139298125072781
2025-08-28 00:00:00+00:00,1122086.6517927009,0.0004617366202108786,0.12939724742312117,77.49530707728024,3.4182405885007023,0.6204857053222614
2025-08-29 00:00:00+00:00,1120163.5894904234,-0.0017138269127478208,0.12933752755028366,77.53640782163943,3.4234299959385526,0.5951728973147823
2025-09-02 00:00:00+00:00,1119311.8176360708,-0.0007603995187347175,0.1295595702285454,77.38378382939518,3.492191778272464,0.5858470330764929
2025-09-03 00:00:00+00:00,1119666.1136053305,0.0003165301783447148,0.12965816223270715,77.31618288857356,3.5305556889523806,0.5904193399911035
2025-09-04 00:00:00+00:00,1120346.1992116077,0.000607400365174349,0.129617134498008,77.34430161629258,3.533947258216925,0.5979429314878466
2025-09-05 00:00:00+00:00,1118509.1490628829,-0.0016397165001475,0.12953845279447648,77.39827666440982,3.53972164734332,0.5749831201762152
2025-09-08 00:00:00+00:00,1117897.538448409,-0.0005468087721824675,0.12975120799113363,77.25247903355864,3.5765738773360987,0.568053681132084
2025-09-09 00:00:00+00:00,1118670.1813179504,0.0006911571436267896,0.1298221959066794,77.20393850860039,3.5989561942114454,0.5769640272215124
2025-09-10 00:00:00+00:00,1116314.1705363744,-0.0021060816860249323,0.12973253034157303,77.2652593712624,3.555504448495739,0.5473472557168693
2025-09-11 00:00:00+00:00,1114399.9528859374,-0.0017147660586600566,0.13000633430131225,77.07827438859765,3.5032953422572604,0.5230224608979324
2025-09-12 00:00:00+00:00,1114797.5795281583,0.0003568078419163258,0.13022964768098688,76.92635235284868,3.521871177525207,0.5273502120317541
2025-09-15 00:00:00+00:00,1114272.9252112398,-0.000470627427394057,0.13018319729530617,76.95791002286622,3.5504393304620914,0.5218118375754628
2025-09-16 00:00:00+00:00,1116789.6295030983,0.002258606697619768,0.130244493926415,76.91627079136475,3.616445349187871,0.551487314422034
2025-09-17 00:00:00+00:00,1116915.011421218,0.00011226995201909192,0.12995098575961603,77.11600922722653,3.5919367221192786,0.5512590107915534
2025-09-18 00:00:00+00:00,1116551.535983084,-0.00032542801772494944,0.12993639780646876,77.12596017310906,3.5438319594126426,0.5446179134941742
2025-09-19 00:00:00+00:00,1111968.8746947797,-0.004104298942430261,0.12997869651602245,77.09711291611428,3.5061514455859877,0.49191805110864006
2025-09-22 00:00:00+00:00,1110269.2284590537,-0.0015285016284224725,0.13051436649238912,76.73340963926474,3.5434577074512132,0.4749969946402368
2025-09-23 00:00:00+00:00,1110835.9491360283,0.0005104353632867766,0.13071416330385693,76.59851708087379,3.5719056527323394,0.48132212993485357
2025-09-24 00:00:00+00:00,1112731.735162607,0.001706630063649911,0.13064747621187425,76.64349491237971,3.5832843994062795,0.5008883805798483
2025-09-25 00:00:00+00:00,1112171.0749830573,-0.0005038592518147821,0.13042488917496003,76.79395412083834,3.572334772643244,0.4937416822091363
2025-09-26 00:00:00+00:00,1110266.7500758222,-0.001712258977121944,0.13049063809023703,76.74945728119154,3.5585107154681497,0.47263175213640096
2025-09-29 00:00:00+00:00,1109987.8646677479,-0.00025118775110154076,0.13071445508940346,76.59832038379191,3.6307710294322595,0.47218139473509346
2025-09-30 00:00:00+00:00,1109770.2380263777,-0.00019606218076561165,0.13074729720895198,76.57618662124635,3.6578044765094964,0.4704058731002698
2025-10-01 00:00:00+00:00,1108727.821149365,-0.000939308733730813,0.1307729368361332,76.55891466558204,3.632795421286237,1.509531983634436
2025-10-02 00:00:00+00:00,1108834.6183425968,9.632408531162144e-05,0.13089588848739886,76.47618316740643,3.634595800356151,1.509915498895431
2025-10-03 00:00:00+00:00,1109395.654152474,0.000505968879936027,0.13088328127504748,76.48465913512324,3.6724491948286335,1.5163558527199408
2025-10-06 00:00:00+00:00,1108399.6416176572,-0.0008977974008539416,0.13081709189758356,76.5291857867008,3.7486361980559,1.514686969557105
2025-10-07 00:00:00+00:00,1111179.2073153388,0.0025077287950264755,0.13093464468126012,76.45013717282644,3.8275073862440063,1.5397152908307046
2025-10-08 00:00:00+00:00,1109799.6351816154,-0.0012415388306774788,0.13060711745199036,76.67073762502339,3.8204715116243877,1.528850313231259
2025-10-09 00:00:00+00:00,1113388.1142291103,0.0032334476726582242,0.1307694728303765,76.56124777314058,3.8615618840320813,1.5572225449561357
2025-10-10 00:00:00+00:00,1114358.8790925515,0.0008719015867286966,0.13034799939509675,76.84604769754495,3.9149283246982716,1.5675822668528117
2025-10-13 00:00:00+00:00,1111036.86012885,-0.0029811033285854507,0.13023444777343637,76.92309252797679,3.9728770904523607,1.5468737941191648
2025-10-14 00:00:00+00:00,1112611.0969300657,0.0014169078072109253,0.13062385097035675,76.65944022927032,4.0428552324455795,1.5622746980169993
2025-10-15 00:00:00+00:00,1109333.8322356008,-0.002945561754244174,0.13043903088912492,76.78437965793823,4.0283379607679874,1.5378673022574487
2025-10-16 00:00:00+00:00,1106026.528157255,-0.0029813424798203385,0.13082438218581408,76.52427928536166,4.141170200072156,1.5232176943991682
2025-10-17 00:00:00+00:00,1113616.6377838932,0.006862502330106024,0.1312155807707803,76.26179483469927,4.1617730058575315,1.5755901916870974
2025-10-20 00:00:00+00:00,1114770.3975750594,0.0010360475517519933,0.13032125088293384,76.86418448760708,4.308409547755859,1.5922680951594206
2025-10-21 00:00:00+00:00,1121322.4494100646,0.00587748997395135,0.13018637161135443,76.95575272500122,4.129388321027319,1.6312492098314824
2025-10-22 00:00:00+00:00,1120949.2234312482,-0.00033284447217903334,0.1294256735129104,77.47575683889052,4.11451862764618,1.6267874309402295
2025-10-23 00:00:00+00:00,1120310.9067073215,-0.0005694430314807579,0.12946876647615183,77.44613572946065,4.134073526732423,1.6222225611100942
2025-10-24 00:00:00+00:00,1121289.4544867962,0.0008734609059110798,0.12954253356917314,77.39547567200616,4.147779571211162,1.6302518522643776
2025-10-27 00:00:00+00:00,1123650.3327382656,0.0021055029475417777,0.12942948197659426,77.47313819418669,4.060971413240802,1.6442217917244726
2025-10-28 00:00:00+00:00,1121795.6109673078,-0.0016506218321833,0.1291575403945962,77.66050948398585,3.9812735576043305,1.6234568372625402
2025-10-29 00:00:00+00:00,1121630.069508326,-0.00014756828905674376,0.1293710831288619,77.51330934343363,3.9542467331721465,1.6198446006742353
2025-10-30 00:00:00+00:00,1119987.0297779797,-0.001464867762565008,0.12939017701590488,77.50017113240334,4.021963495640744,1.6100486675844632
2025-10-31 00:00:00+00:00,1120532.200323009,0.00048676505221430363,0.12957999457262767,77.36977115380442,3.9958974457103658,1.6122332856014463
2025-11-03 00:00:00+00:00,1122090.4056188785,0.001390593947608503,0.12951695024757778,77.41303865737817,4.0153431874715535,1.6254982620112335
2025-11-04 00:00:00+00:00,1125278.1445717537,0.0028408931552328614,0.1293370948662555,77.53670574435195,4.00577810292448,1.6513013412287334
2025-11-05 00:00:00+00:00,1122380.940046665,-0.002574656354133,0.12897070287922036,77.78970089934204,3.9954011370709797,1.6254951747423307
2025-11-06 00:00:00+00:00,1122369.328279512,-1.034565604129025e-05,0.12930361525384604,77.5597640322715,4.010110540988829,1.6256663086018648
2025-11-07 00:00:00+00:00,1120010.7439663864,-0.0021014333283154423,0.12930495299841419,77.55884246344985,3.973620512581996,1.603734215329287
2025-11-10 00:00:00+00:00,1117119.0787291378,-0.002581819194883926,0.12957725095215655,77.3716532322494,4.056750289694073,1.586047162771897
2025-11-11 00:00:00+00:00,1116242.839155412,-0.0007843743701186841,0.12991266195645418,77.14215599119792,4.063702535290915,1.5794127432992822
2025-11-12 00:00:00+00:00,1114018.9930498754,-0.001992260131513424,0.130014642109465,77.07261316788635,4.0665763115954,1.5629119939609915
2025-11-13 00:00:00+00:00,1116677.469208729,0.002386383154541602,0.13027418216876535,76.8961174452247,4.115250923911432,1.5848089117480209
2025-11-14 00:00:00+00:00,1117191.5993882974,0.0004604106322058564,0.12996403817736268,77.1071076165623,4.010710000648946,1.5814523879776088
2025-11-17 00:00:00+00:00,1117946.2071450923,0.0006754506185045348,0.1299042288892136,77.14791159906773,3.9663953170222594,1.583749019343446
2025-11-18 00:00:00+00:00,1117711.347019408,-0.00021008177690783197,0.12981654422412528,77.20780110357526,4.006350726067173,1.583990201190245
2025-11-19 00:00:00+00:00,1116681.3382433513,-0.0009215337920683159,0.129843822044981,77.18916141106062,4.008247017172034,1.5758309301825175
2025-11-20 00:00:00+00:00,1121121.5688588955,0.0039762736811999105,0.1299635878829536,77.10741468280217,4.074868319511492,1.6135302942165168
2025-11-21 00:00:00+00:00,1120327.3972523236,-0.0007083724268905166,0.12944886377287226,77.45981393800409,4.040003248632137,1.6045772122302369
2025-11-24 00:00:00+00:00,1115406.7820578197,-0.004392122522908971,0.12954062678104608,77.39678444541902,4.0282947594899525,1.5661670121801432
2025-11-25 00:00:00+00:00,1115753.6315108438,0.0003109622951944009,0.13011209504419255,77.00625942998221,4.024089459896783,1.567881190770919
2025-11-26 00:00:00+00:00,1110938.5368669839,-0.004315553638252347,0.13007164766609458,77.03378716434918,3.963530628725761,1.5293189660002513
2025-11-28 00:00:00+00:00,1109236.202513973,-0.0015323389157168958,0.13063541179274135,76.65163679578889,4.006928393236252,1.5204933992175906
2025-12-01 00:00:00+00:00,1110320.6797516402,0.0009776792672375194,0.13083589672887172,76.51653089475627,4.024628969814206,1.5284617794446032
2025-12-02 00:00:00+00:00,1111590.466974242,0.001143622059606902,0.13070810612345493,76.60260051679334,4.0319841529120986,1.5370487816636471
2025-12-03 00:00:00+00:00,1112431.734577251,0.0007568143376570555,0.13055879620404026,76.7033772804919,4.034840910348399,1.542504078178161
2025-12-04 00:00:00+00:00,1112181.6631520495,-0.00022479709759125498,0.13046006215850708,76.77014455057198,4.030689246023235,1.5400036663263164
2025-12-05 00:00:00+00:00,1112130.003151849,-4.6449246478498726e-05,0.13048939579594845,76.75029761206393,4.021711646294476,1.5385352918815913
2025-12-08 00:00:00+00:00,1115294.841585476,0.0028457450339957387,0.1304954572116048,76.74619761204801,4.074802017527269,1.5637081871027254
2025-12-09 00:00:00+00:00,1112034.811543084,-0.002923020819999122,0.1301251542002415,76.99737526551047,4.030327968948388,1.5374834870515937
2025-12-10 00:00:00+00:00,1109808.7460744362,-0.002001794768959447,0.1305066277904208,76.7386427224635,4.008001174130088,1.520509733585559
2025-12-11 00:00:00+00:00,1106200.1214333824,-0.003251573438953426,0.13076839928806083,76.5619708598724,3.982406174940344,1.494981457029203
2025-12-12 00:00:00+00:00,1107959.467408684,0.0015904409529642648,0.1311949894310185,76.27557207883639,4.047427123543507,1.5103539109549207
2025-12-15 00:00:00+00:00,1109633.7271458216,0.00151112002414065,0.13098666287808508,76.41520271179682,4.084218787452857,1.523269240407715
2025-12-16 00:00:00+00:00,1109456.7257210857,-0.00015951337851919598,0.13078902496352487,76.5480804687125,4.080520846829778,1.5213897408279289
2025-12-17 00:00:00+00:00,1109063.05128249,-0.00035483532567699304,0.13080989089116465,76.5340327365906,4.108828062412409,1.52033473379326
2025-12-18 00:00:00+00:00,1108797.3961238842,-0.00023953115947597666,0.13085632333727293,76.50278873352745,4.092731613148828,1.5170470090783779
2025-12-19 00:00:00+00:00,1105764.4396056086,-0.002735356818908687,0.1308876750138301,76.48170499078097,4.040380198593185,1.4937988108570206
2025-12-22 00:00:00+00:00,1104313.9535565532,-0.0013117495888841366,0.13124668151908245,76.24099415599719,4.146746104716765,1.4921600565615014
2025-12-23 00:00:00+00:00,1105602.7437734802,0.0011670505591061975,0.13141907043069145,76.12587621559597,4.227223615178648,1.5050766647356904
2025-12-24 00:00:00+00:00,1105772.9374692324,0.00015393747592494476,0.13126587651611177,76.22816115344732,4.200128639740041,1.5038126125623092
2025-12-26 00:00:00+00:00,1104512.5072044537,-0.0011398635488976587,0.13124567288850122,76.24166858961813,4.233028614400542,1.4980734272777028
2025-12-29 00:00:00+00:00,1109207.2596137202,0.0042505199159302105,0.1313954457676229,76.14163444161981,4.1079303948906425,1.517956741919563
2025-12-30 00:00:00+00:00,1107972.367705462,-0.0011133103372297157,0.13083931067182572,76.51423383918065,4.069472767135184,1.5069544499840077
2025-12-31 00:00:00+00:00,1108806.7869763358,0.0007531047661430364,0.13098513777973939,76.41622654487445,4.060182173402837,1.511131576311299
2026-01-02 00:00:00+00:00,1109560.3882798236,0.0006796506950889242,0.13088656648269717,76.4824502965311,4.09635666690947,1.7020562863104773
2026-01-05 00:00:00+00:00,1107158.4279021502,-0.002164785624149037,0.1307976697555318,76.54225992379203,4.167439432573494,1.6928287787596537
2026-01-06 00:00:00+00:00,1103202.6521173664,-0.003572908524283367,0.0,87.86971650017065,4.156218434466236,1.6699875591158975
2026-01-07 00:00:00+00:00,1103290.2078834076,7.936507936516724e-05,0.0,87.55576604106083,0.0,1.6753953259704666
2026-01-08 00:00:00+00:00,1103377.770598319,7.936507936500438e-05,0.0,87.56271491138156,0.0,1.6732049715389916
2026-01-09 00:00:00+00:00,1103465.3402626521,7.936507936512341e-05,0.0,87.56966433319991,0.0,1.6649995028565003
2026-01-12 00:00:00+00:00,1103552.9168769587,7.936507936506257e-05,0.0,87.57661430655969,0.0,1.6541692866900908
2026-01-13 00:00:00+00:00,1103640.50044179,7.936507936499323e-05,0.0,87.58356483150466,0.0,1.6434710442515073
2026-01-14 00:00:00+00:00,1103728.0909576982,7.93650793650867e-05,0.0,87.59051590807857,0.0,1.650543066749873
2026-01-15 00:00:00+00:00,1103815.6884252345,7.936507936509231e-05,0.0,87.59746753632525,0.0,1.6416267032295249
2026-01-16 00:00:00+00:00,1103903.292844951,7.936507936518135e-05,0.0,87.60441971628845,0.0,1.6370949175029903
2026-01-20 00:00:00+00:00,1103990.904217399,7.936507936510322e-05,0.0,87.61137244801198,0.0,1.6183024955627046
2026-01-21 00:00:00+00:00,1108370.9929342782,0.003967504351844481,0.17887940547868397,71.94521171564412,0.0,1.6453193810255522
2026-01-22 00:00:00+00:00,1107204.8818848613,-0.001052094521465058,0.17817250528857254,72.29283780428533,6.336357639308686,1.6313867350237148
2026-01-23 00:00:00+00:00,1106935.0436067942,-0.0002437112430426639,0.17836015703263422,72.20028930829986,6.36984700286973,1.6278954954533136
2026-01-26 00:00:00+00:00,1107099.1277545309,0.00014823286035106232,0.17840363600452822,72.17887357194533,6.443795196578209,1.6285436775172561
2026-01-27 00:00:00+00:00,1109073.0203094971,0.0017829411165464527,0.1783771946427449,72.191896123353,6.641168151754057,1.6460565138814012
2026-01-28 00:00:00+00:00,1113149.3935662413,0.0036754777928026494,0.17805972463848602,72.34855426263603,7.149197278957851,1.6800086939945809
2026-01-29 00:00:00+00:00,1114452.3677150765,0.001170529451272392,0.17740766669925995,72.67207594967923,7.075212120559282,1.692955311043633
2026-01-30 00:00:00+00:00,1115666.6361267108,0.0010895651055269683,0.17720024858951314,72.77548659641218,6.399387206060697,1.7167139870832981
2026-02-02 00:00:00+00:00,1112682.3529844757,-0.0026748878613021398,0.1770073875166545,72.87185710527204,6.2020720715024105,1.6858052047250789
2026-02-03 00:00:00+00:00,1114721.4061516025,0.0018325563999982745,0.1774821323179899,72.63500923684069,6.463603713937333,1.7033734789806356
2026-02-04 00:00:00+00:00,1114449.4855272963,-0.0002439359492027296,0.17715748124193242,72.79683885327933,6.533517933378102,1.6984647187671023
2026-02-05 00:00:00+00:00,1118082.7077622758,0.0032601049057512585,0.17720070686456083,72.77525785135026,6.220755758965618,1.7465479079024169
2026-02-06 00:00:00+00:00,1115906.5210355518,-0.0019463557674364162,0.17662489119031352,73.06360882238037,6.504665787014349,1.7135380966076266
2026-02-09 00:00:00+00:00,1113521.7779998065,-0.0021370455237884264,0.17696933647902888,72.8908955901007,6.543000837789353,1.686244504169478
2026-02-10 00:00:00+00:00,1112278.7686149646,-0.0011162865508339496,0.17734833795079794,72.70163026980345,6.524918714767164,1.6727468837688102
2026-02-11 00:00:00+00:00,1111151.67041248,-0.0010133234889380734,0.17754653075522722,72.60297873132393,6.5247898549295495,1.6604781100329138
2026-02-12 00:00:00+00:00,1113810.7254843449,0.002393062209840251,0.17772662531927294,72.51352649303149,6.396585231486407,1.689404823203577
2026-02-13 00:00:00+00:00,1111845.956481207,-0.0017640061800298778,0.17730232981407823,72.72456260984617,6.510352981356659,1.6663817287585232
2026-02-17 00:00:00+00:00,1111778.7534930496,-6.044271489727503e-05,0.17761564490936835,72.56862856197809,6.2794648707479706,1.6675810466586185
2026-02-18 00:00:00+00:00,1112014.342433959,0.00021190271910591786,0.17762638113008122,72.56329499148941,6.422465387658395,1.6677296146186391
2026-02-19 00:00:00+00:00,1110841.5212100542,-0.0010546817420877795,0.17758874959116025,72.58199252648222,6.42325056387829,1.6561048431265588
