total_return_pct,annualized_return_pct,annualized_volatility_pct,sharpe_ratio,sortino_ratio,max_drawdown_pct,calmar_ratio,total_trades,win_rate_pct,avg_win,avg_loss,profit_factor,avg_trade_duration_days,max_trade_duration_days,avg_max_adverse_excursion_pct,avg_max_favorable_excursion_pct
-19.51933353437003,-2.7575164737069113,4.416193180525643,-1.0642566936258189,-0.8023141262548885,-19.49699066348946,-0.14143292784515224,14,35.714285714285715,11402.893661603297,-27591.359136817984,0.22959872660493846,53.857142857142854,207,2.678200134814593,1.0180531946079527
