total_return_pct,annualized_return_pct,annualized_volatility_pct,sharpe_ratio,sortino_ratio,max_drawdown_pct,calmar_ratio,total_trades,win_rate_pct,avg_win,avg_loss,profit_factor,avg_trade_duration_days,max_trade_duration_days,avg_max_adverse_excursion_pct,avg_max_favorable_excursion_pct
-22.542542790526465,-3.2357718661080392,6.404291076032891,-0.7940489158977501,-0.5841093132080372,-26.96274845842025,-0.12000897724124758,14,35.714285714285715,17527.579168643282,-34525.496865176916,0.2820392135297863,53.857142857142854,207,3.3487516291743304,2.1061119564686535
