date,quarter,equity,returns,spread
2020-07-01 00:00:00+00:00,1,1000000.0,0.0,1.8634707083097632
2020-07-02 00:00:00+00:00,1,1000000.0,0.0,1.8059310558463055
2020-07-06 00:00:00+00:00,1,1000000.0,0.0,1.7557354720632445
2020-07-07 00:00:00+00:00,1,1000000.0,0.0,1.6905879679047402
2020-07-08 00:00:00+00:00,1,1000000.0,0.0,1.6561514995175521
2020-07-09 00:00:00+00:00,1,1000000.0,0.0,1.6176675138428034
2020-07-10 00:00:00+00:00,1,1000000.0,0.0,1.5685567788078685
2020-07-13 00:00:00+00:00,1,1000000.0,0.0,1.5413501231307563
2020-07-14 00:00:00+00:00,1,1000000.0,0.0,1.5289879192245373
2020-07-15 00:00:00+00:00,1,1000000.0,0.0,1.5343483486791714
2020-07-16 00:00:00+00:00,1,1000000.0,0.0,1.5545127504890686
2020-07-17 00:00:00+00:00,1,1000000.0,0.0,1.589626397021831
2020-07-20 00:00:00+00:00,1,1000000.0,0.0,1.612504906448276
2020-07-21 00:00:00+00:00,1,1000000.0,0.0,1.6304857833374777
2020-07-22 00:00:00+00:00,1,1000000.0,0.0,1.6866861710454852
2020-07-23 00:00:00+00:00,1,1000000.0,0.0,1.7831141475912826
2020-07-24 00:00:00+00:00,1,1000000.0,0.0,1.8544075459891691
2020-07-27 00:00:00+00:00,1,1000000.0,0.0,1.8745220969556815
2020-07-28 00:00:00+00:00,1,1000000.0,0.0,1.874015789226422
2020-07-29 00:00:00+00:00,1,1000000.0,0.0,1.8146376644438615
2020-07-30 00:00:00+00:00,1,1000000.0,0.0,1.7648591962489464
2020-07-31 00:00:00+00:00,1,1000000.0,0.0,1.7367944084184757
2020-08-03 00:00:00+00:00,1,1000000.0,0.0,1.5310255921964897
2020-08-04 00:00:00+00:00,1,1000000.0,0.0,1.3565443183197305
2020-08-05 00:00:00+00:00,1,1000000.0,0.0,1.2638126146733897
2020-08-06 00:00:00+00:00,1,1000000.0,0.0,1.0882608906411173
2020-08-07 00:00:00+00:00,1,1000000.0,0.0,0.9589447729700016
2020-08-10 00:00:00+00:00,1,1000000.0,0.0,0.7926329715177607
2020-08-11 00:00:00+00:00,1,1000000.0,0.0,0.7791549508562627
2020-08-12 00:00:00+00:00,1,1000000.0,0.0,0.8107851370043235
2020-08-13 00:00:00+00:00,1,999975.3684128028,-2.463158719718922e-05,0.6547688071605355
2020-08-14 00:00:00+00:00,1,999876.6706023787,-9.870024156774908e-05,0.7782851213146555
2020-08-17 00:00:00+00:00,1,1002151.3708245128,0.0022749807941450663,0.8347747784273882
2020-08-18 00:00:00+00:00,1,998218.1534854657,-0.003924773695425959,0.9818381202422599
2020-08-19 00:00:00+00:00,1,997889.7696376188,-0.00032897002193385153,1.0851638639067134
2020-08-20 00:00:00+00:00,1,997563.9525046359,-0.00032650613614488774,1.187858365017055
2020-08-21 00:00:00+00:00,1,998780.5562903819,0.0012195747277068722,1.4853904082917908
2020-08-24 00:00:00+00:00,1,1001037.616701081,0.0022598161292628318,1.666477985091773
2020-08-25 00:00:00+00:00,1,1000562.6632692956,-0.0004744611230002172,1.9601677724321447
2020-08-26 00:00:00+00:00,1,1001414.1741020365,0.0008510319883001132,1.9600978532895756
2020-08-27 00:00:00+00:00,1,1002031.0115924831,0.0006159664067065439,2.0264207945511217
2020-08-28 00:00:00+00:00,1,1000499.5119184351,-0.001528395485099905,2.090564135710846
2020-08-31 00:00:00+00:00,1,1000309.5496054847,-0.0001898674718852736,2.079842031014579
2020-09-01 00:00:00+00:00,1,1000807.7241828835,0.0004980204153757048,2.062672610846688
2020-09-02 00:00:00+00:00,1,1001500.606954429,0.0006923235650595603,2.072924814153288
2020-09-03 00:00:00+00:00,1,1000382.3737864946,-0.0011165576537541036,2.1145452063811256
2020-09-04 00:00:00+00:00,1,999640.7837884529,-0.000741306541852384,2.0925283064281626
2020-09-08 00:00:00+00:00,1,998687.5954688739,-0.000953530843316129,2.0329679977520994
2020-09-09 00:00:00+00:00,1,1000549.9853497138,0.001864837301764617,1.9108960956959486
2020-09-10 00:00:00+00:00,1,1000776.9585474165,0.00022684843438714922,1.862353449822138
2020-09-11 00:00:00+00:00,1,1000624.3010700145,-0.0001525389609524858,1.8120505284306185
2020-09-14 00:00:00+00:00,1,1000624.3010700145,0.0,1.7407091178246308
2020-09-15 00:00:00+00:00,1,1000624.3010700145,0.0,1.648744984008181
2020-09-16 00:00:00+00:00,1,1000624.3010700145,0.0,1.5749368067863476
2020-09-17 00:00:00+00:00,1,1000624.3010700145,0.0,1.5007646765646232
2020-09-18 00:00:00+00:00,1,1000624.3010700145,0.0,1.3946377460933292
2020-09-21 00:00:00+00:00,1,1000624.3010700145,0.0,1.3100811422590253
2020-09-22 00:00:00+00:00,1,1000624.3010700145,0.0,1.203431537787309
2020-09-23 00:00:00+00:00,1,1000624.3010700145,0.0,1.108690100713987
2020-09-24 00:00:00+00:00,1,1000624.3010700145,0.0,0.8895616991258919
2020-09-25 00:00:00+00:00,1,1000599.2854624877,-2.500000000000832e-05,0.8031139258572435
2020-09-28 00:00:00+00:00,1,1002623.2876417076,0.002022789950608787,0.7773832373898681
2020-09-29 00:00:00+00:00,1,1002739.5232472586,0.00011593148392198895,0.7876237806637936
2020-09-30 00:00:00+00:00,1,1001535.549735371,-0.0012006842095828294,0.8530278059584457
2020-10-01 00:00:00+00:00,2,1000000.0,0.0,0.8086715428647397
2020-10-02 00:00:00+00:00,2,1000000.0,0.0,0.8097918565905426
2020-10-05 00:00:00+00:00,2,1000000.0,0.0,0.8381138361080969
2020-10-06 00:00:00+00:00,2,1000000.0,0.0,0.873548233139049
2020-10-07 00:00:00+00:00,2,1000000.0,0.0,0.9834363715431063
2020-10-08 00:00:00+00:00,2,1000000.0,0.0,1.0576069919445983
2020-10-09 00:00:00+00:00,2,1000000.0,0.0,1.0964035251755155
2020-10-12 00:00:00+00:00,2,1000000.0,0.0,1.1617926851924048
2020-10-13 00:00:00+00:00,2,1000000.0,0.0,1.215472948734723
2020-10-14 00:00:00+00:00,2,1000000.0,0.0,1.2587052480878222
2020-10-15 00:00:00+00:00,2,1000000.0,0.0,1.3149217930953148
2020-10-16 00:00:00+00:00,2,1000000.0,0.0,1.4091531583138655
2020-10-19 00:00:00+00:00,2,1000000.0,0.0,1.459951670686165
2020-10-20 00:00:00+00:00,2,1000000.0,0.0,1.4932077563109183
2020-10-21 00:00:00+00:00,2,1000000.0,0.0,1.4459097247263837
2020-10-22 00:00:00+00:00,2,1000000.0,0.0,1.4760028854175538
2020-10-23 00:00:00+00:00,2,1000000.0,0.0,1.523053242891908
2020-10-26 00:00:00+00:00,2,1000000.0,0.0,1.5442728406044184
2020-10-27 00:00:00+00:00,2,1000000.0,0.0,1.535430598193043
2020-10-28 00:00:00+00:00,2,1000000.0,0.0,1.4949356791594055
2020-10-29 00:00:00+00:00,2,1000000.0,0.0,1.4119538973021397
2020-10-30 00:00:00+00:00,2,1000000.0,0.0,1.2594215911018938
2020-11-02 00:00:00+00:00,2,1000000.0,0.0,1.2972900296899108
2020-11-03 00:00:00+00:00,2,1000000.0,0.0,1.2187642057302184
2020-11-04 00:00:00+00:00,2,1000000.0,0.0,1.2797601905818197
2020-11-05 00:00:00+00:00,2,1000000.0,0.0,1.2627366091500036
2020-11-06 00:00:00+00:00,2,1000000.0,0.0,1.2696471512583516
2020-11-09 00:00:00+00:00,2,1000000.0,0.0,1.2256289362533561
2020-11-10 00:00:00+00:00,2,1000000.0,0.0,0.8607870900673147
2020-11-11 00:00:00+00:00,2,999975.0,-2.5e-05,0.3142675774606838
2020-11-12 00:00:00+00:00,2,1001104.392496353,0.0011294207318713122,-0.024558860815231398
2020-11-13 00:00:00+00:00,2,1001636.0649499751,0.0005310859263101652,-0.20174581700728478
2020-11-16 00:00:00+00:00,2,1003662.9386713903,0.0020235630408499774,-0.5058585440857808
2020-11-17 00:00:00+00:00,2,999026.4284502725,-0.004619588950106486,-0.8339010988149997
2020-11-18 00:00:00+00:00,2,999026.4284502725,0.0,-0.7673223040710262
2020-11-19 00:00:00+00:00,2,999026.4284502725,0.0,-0.8165055826184089
2020-11-20 00:00:00+00:00,2,999026.4284502725,0.0,-0.9336067115261164
2020-11-23 00:00:00+00:00,2,999026.4284502725,0.0,-1.0665985790250376
2020-11-24 00:00:00+00:00,2,999026.4284502725,0.0,-1.077775977557951
2020-11-25 00:00:00+00:00,2,999026.4284502725,0.0,-0.7602964748791852
2020-11-27 00:00:00+00:00,2,999026.4284502725,0.0,-0.6162264054667954
2020-11-30 00:00:00+00:00,2,999026.4284502725,0.0,-0.5394167589713827
2020-12-01 00:00:00+00:00,2,999026.4284502725,0.0,-0.5466976940975679
2020-12-02 00:00:00+00:00,2,999026.4284502725,0.0,-0.5538966161970675
2020-12-03 00:00:00+00:00,2,999026.4284502725,0.0,-0.5086509330001716
2020-12-04 00:00:00+00:00,2,999026.4284502725,0.0,-0.4438343873180548
2020-12-07 00:00:00+00:00,2,999026.4284502725,0.0,-0.3418924962963992
2020-12-08 00:00:00+00:00,2,999026.4284502725,0.0,-0.26692885149387724
2020-12-09 00:00:00+00:00,2,999026.4284502725,0.0,-0.1237684069331575
2020-12-10 00:00:00+00:00,2,999026.4284502725,0.0,0.1106354893416146
2020-12-11 00:00:00+00:00,2,999026.4284502725,0.0,0.38119928730460906
2020-12-14 00:00:00+00:00,2,999026.4284502725,0.0,0.676884978497895
2020-12-15 00:00:00+00:00,2,999026.4284502725,0.0,0.8463565701843629
2020-12-16 00:00:00+00:00,2,999026.4284502725,0.0,1.070960319310247
2020-12-17 00:00:00+00:00,2,999026.4284502725,0.0,1.3773740495365243
2020-12-18 00:00:00+00:00,2,999026.4284502725,0.0,1.6872356409312173
2020-12-21 00:00:00+00:00,2,999026.4284502725,0.0,2.0278921586705336
2020-12-22 00:00:00+00:00,2,999001.4527895612,-2.5000000000037264e-05,2.547953635735664
2020-12-23 00:00:00+00:00,2,998971.6783620572,-2.9804188393225334e-05,2.742556909342822
2020-12-24 00:00:00+00:00,2,998609.1503652447,-0.0003629011759441397,2.8543328594966764
2020-12-28 00:00:00+00:00,2,999675.4571552866,0.0010677919280549836,2.983555868025559
2020-12-29 00:00:00+00:00,2,998696.9789980836,-0.0009787958183822374,3.2634470782922147
2020-12-30 00:00:00+00:00,2,998868.91401121,0.0001721593403625175,3.4481052524488973
2020-12-31 00:00:00+00:00,2,998838.5036390133,-3.044480789233512e-05,3.395699893258146
2021-01-04 00:00:00+00:00,3,1000000.0,0.0,3.4080780087356146
2021-01-05 00:00:00+00:00,3,999975.9913588535,-2.4008641146472655e-05,3.5765789501863523
2021-01-06 00:00:00+00:00,3,999348.3101278363,-0.0006276963011524678,3.846293955955049
2021-01-07 00:00:00+00:00,3,999788.6838887354,0.00044066093516757006,3.9637316053989275
2021-01-08 00:00:00+00:00,3,999873.1526745571,8.448663920974464e-05,3.7474133493792765
2021-01-11 00:00:00+00:00,3,1002927.9528055944,0.0030551876734224654,3.7028948618722164
2021-01-12 00:00:00+00:00,3,1003756.3174629726,0.0008259463255171052,3.5461784810350254
2021-01-13 00:00:00+00:00,3,1005283.5097099621,0.00152147709600423,3.3006400105065627
2021-01-14 00:00:00+00:00,3,1007667.9030096387,0.0023718615461667367,3.1463024437512086
2021-01-15 00:00:00+00:00,3,1005075.1716344423,-0.0025730018465930696,2.9304150867948255
2021-01-19 00:00:00+00:00,3,1004667.0349356935,-0.00040607579439564957,2.8230406337346037
2021-01-20 00:00:00+00:00,3,1005136.2073067143,0.00046699289884713307,2.655652116211246
2021-01-21 00:00:00+00:00,3,1005707.764939786,0.0005686369955802214,2.477022308363741
2021-01-22 00:00:00+00:00,3,1004400.3439361878,-0.001300000904016618,2.3881894018495595
2021-01-25 00:00:00+00:00,3,1003919.4338978081,-0.0004788031398864923,2.3272987644584298
2021-01-26 00:00:00+00:00,3,1003919.4338978081,0.0,2.296980132459316
2021-01-27 00:00:00+00:00,3,1003919.4338978081,0.0,2.301091746891086
2021-01-28 00:00:00+00:00,3,1003919.4338978081,0.0,2.28612562517157
2021-01-29 00:00:00+00:00,3,1003919.4338978081,0.0,2.214879549366972
2021-02-01 00:00:00+00:00,3,1003919.4338978081,0.0,2.189631622689407
2021-02-02 00:00:00+00:00,3,1003919.4338978081,0.0,2.1875414866570857
2021-02-03 00:00:00+00:00,3,1003919.4338978081,0.0,2.1880071911963013
2021-02-04 00:00:00+00:00,3,1003919.4338978081,0.0,2.197112999094743
2021-02-05 00:00:00+00:00,3,1003919.4338978081,0.0,2.2592153632899823
2021-02-08 00:00:00+00:00,3,1003919.4338978081,0.0,2.4242589203555984
2021-02-09 00:00:00+00:00,3,1003919.4338978081,0.0,2.5972407035227354
2021-02-10 00:00:00+00:00,3,1003919.4338978081,0.0,2.693055266673941
2021-02-11 00:00:00+00:00,3,1003919.4338978081,0.0,2.7565422405793902
2021-02-12 00:00:00+00:00,3,1003919.4338978081,0.0,2.7890884739274218
2021-02-16 00:00:00+00:00,3,1003919.4338978081,0.0,2.8333401418361386
2021-02-17 00:00:00+00:00,3,1003919.4338978081,0.0,2.8545036924800793
2021-02-18 00:00:00+00:00,3,1003919.4338978081,0.0,2.8579107655558014
2021-02-19 00:00:00+00:00,3,1003919.4338978081,0.0,2.844653435147853
2021-02-22 00:00:00+00:00,3,1003919.4338978081,0.0,2.7359429147625507
2021-02-23 00:00:00+00:00,3,1003919.4338978081,0.0,2.5554375169054904
2021-02-24 00:00:00+00:00,3,1003919.4338978081,0.0,2.3918630003988963
2021-02-25 00:00:00+00:00,3,1003919.4338978081,0.0,2.168243200831488
2021-02-26 00:00:00+00:00,3,1003919.4338978081,0.0,2.011695084355426
2021-03-01 00:00:00+00:00,3,1003919.4338978081,0.0,1.9568124006082113
2021-03-02 00:00:00+00:00,3,1003919.4338978081,0.0,1.9340552701190323
2021-03-03 00:00:00+00:00,3,1003919.4338978081,0.0,1.8677124367663769
2021-03-04 00:00:00+00:00,3,1003919.4338978081,0.0,1.7698824674802012
2021-03-05 00:00:00+00:00,3,1003919.4338978081,0.0,1.762576475710497
2021-03-08 00:00:00+00:00,3,1003919.4338978081,0.0,1.6885351424479276
2021-03-09 00:00:00+00:00,3,1003919.4338978081,0.0,1.5901915944976777
2021-03-10 00:00:00+00:00,3,1003919.4338978081,0.0,1.4759482920416227
2021-03-11 00:00:00+00:00,3,1003919.4338978081,0.0,1.3755848125871508
2021-03-12 00:00:00+00:00,3,1003919.4338978081,0.0,1.2562508655688718
2021-03-15 00:00:00+00:00,3,1003894.3359119607,-2.4999999999942488e-05,1.176048731355679
2021-03-16 00:00:00+00:00,3,1003945.1225898516,5.0589664742741165e-05,1.0808462618006076
2021-03-17 00:00:00+00:00,3,1003583.1950596378,-0.0003605052926400858,0.9561137605555001
2021-03-18 00:00:00+00:00,3,1004659.0905446901,0.001072054106075818,0.8173240946986198
2021-03-19 00:00:00+00:00,3,1004275.2811599293,-0.0003820294748467447,0.7010406218033594
2021-03-22 00:00:00+00:00,3,1004441.713476738,0.00016572380096459627,0.6799348768884279
2021-03-23 00:00:00+00:00,3,1005478.9901607055,0.0010326897718904652,0.7468971014017436
2021-03-24 00:00:00+00:00,3,1006109.5932930092,0.0006271668910783492,0.8443796751076951
2021-03-25 00:00:00+00:00,3,1006843.335459026,0.0007292865219735016,0.919142739389017
2021-03-26 00:00:00+00:00,3,1006684.6901317354,-0.00015756704315702613,0.9663586000388413
2021-03-29 00:00:00+00:00,3,1006651.773258693,-3.2698295071963165e-05,0.9190486143427976
2021-03-30 00:00:00+00:00,3,1007162.1842642406,0.0005070383017309162,0.9421675966260432
2021-03-31 00:00:00+00:00,3,1007220.6713677255,5.8071186943587096e-05,0.985354670464877
2021-04-01 00:00:00+00:00,4,1000000.0,0.0,1.0787084146103822
2021-04-05 00:00:00+00:00,4,1000000.0,0.0,1.178308371142481
2021-04-06 00:00:00+00:00,4,1000000.0,0.0,1.3065189415654959
2021-04-07 00:00:00+00:00,4,1000000.0,0.0,1.423543248520759
2021-04-08 00:00:00+00:00,4,1000000.0,0.0,1.5324896977961342
2021-04-09 00:00:00+00:00,4,1000000.0,0.0,1.5343330140507176
2021-04-12 00:00:00+00:00,4,1000000.0,0.0,1.5210800187375013
2021-04-13 00:00:00+00:00,4,1000000.0,0.0,1.5718762491542728
2021-04-14 00:00:00+00:00,4,1000000.0,0.0,1.5836330400867062
2021-04-15 00:00:00+00:00,4,1000000.0,0.0,1.6077456469787723
2021-04-16 00:00:00+00:00,4,1000000.0,0.0,1.6024167689901185
2021-04-19 00:00:00+00:00,4,1000000.0,0.0,1.521159265456947
2021-04-20 00:00:00+00:00,4,1000000.0,0.0,1.4277765030098681
2021-04-21 00:00:00+00:00,4,1000000.0,0.0,1.3467162609617498
2021-04-22 00:00:00+00:00,4,1000000.0,0.0,1.3401328039313927
2021-04-23 00:00:00+00:00,4,1000000.0,0.0,1.254149836354204
2021-04-26 00:00:00+00:00,4,1000000.0,0.0,1.2084807580874268
2021-04-27 00:00:00+00:00,4,1000000.0,0.0,0.9260335451617125
2021-04-28 00:00:00+00:00,4,1000000.0,0.0,0.8171200386574453
2021-04-29 00:00:00+00:00,4,1000000.0,0.0,0.8984995962030728
2021-04-30 00:00:00+00:00,4,1000000.0,0.0,0.971106430747239
2021-05-03 00:00:00+00:00,4,1000000.0,0.0,1.1013877022907232
2021-05-04 00:00:00+00:00,4,1000000.0,0.0,1.4033200241314217
2021-05-05 00:00:00+00:00,4,1000000.0,0.0,1.619100195374867
2021-05-06 00:00:00+00:00,4,1000000.0,0.0,1.6759467480154124
2021-05-07 00:00:00+00:00,4,1000000.0,0.0,1.8047443687574485
2021-05-10 00:00:00+00:00,4,1000000.0,0.0,1.8997121821833312
2021-05-11 00:00:00+00:00,4,1000000.0,0.0,2.0299463638195734
2021-05-12 00:00:00+00:00,4,1000000.0,0.0,2.127844819682548
2021-05-13 00:00:00+00:00,4,1000000.0,0.0,2.091639155353715
2021-05-14 00:00:00+00:00,4,1000000.0,0.0,2.0302666995224445
2021-05-17 00:00:00+00:00,4,1000000.0,0.0,1.970784698736546
2021-05-18 00:00:00+00:00,4,1000000.0,0.0,1.8870362525908715
2021-05-19 00:00:00+00:00,4,1000000.0,0.0,1.9110887039487716
2021-05-20 00:00:00+00:00,4,1000000.0,0.0,1.9152508369837689
2021-05-21 00:00:00+00:00,4,1000000.0,0.0,1.9206724434424385
2021-05-24 00:00:00+00:00,4,1000000.0,0.0,1.8913569313065004
2021-05-25 00:00:00+00:00,4,1000000.0,0.0,1.8973498055102804
2021-05-26 00:00:00+00:00,4,1000000.0,0.0,1.8533043364612718
2021-05-27 00:00:00+00:00,4,1000000.0,0.0,1.8397267977432148
2021-05-28 00:00:00+00:00,4,1000000.0,0.0,1.8466926096295566
2021-06-01 00:00:00+00:00,4,1000000.0,0.0,1.8330766736652935
2021-06-02 00:00:00+00:00,4,1000000.0,0.0,1.810730427539867
2021-06-03 00:00:00+00:00,4,1000000.0,0.0,1.760899862517841
2021-06-04 00:00:00+00:00,4,1000000.0,0.0,1.7039936488235892
2021-06-07 00:00:00+00:00,4,1000000.0,0.0,1.6607626926384556
2021-06-08 00:00:00+00:00,4,1000000.0,0.0,1.5795594429454014
2021-06-09 00:00:00+00:00,4,1000000.0,0.0,1.5472043185969295
2021-06-10 00:00:00+00:00,4,1000000.0,0.0,1.6249713640670382
2021-06-11 00:00:00+00:00,4,1000000.0,0.0,1.679012307644061
2021-06-14 00:00:00+00:00,4,1000000.0,0.0,1.6836592845512408
2021-06-15 00:00:00+00:00,4,1000000.0,0.0,1.6797425360290674
2021-06-16 00:00:00+00:00,4,1000000.0,0.0,1.7987177259581606
2021-06-17 00:00:00+00:00,4,1000000.0,0.0,1.8905723825274334
2021-06-18 00:00:00+00:00,4,1000000.0,0.0,1.9137783483339232
2021-06-21 00:00:00+00:00,4,1000000.0,0.0,1.8922518783180546
2021-06-22 00:00:00+00:00,4,1000000.0,0.0,2.1162961832282465
2021-06-23 00:00:00+00:00,4,999975.0,-2.5e-05,2.3908175247699646
2021-06-24 00:00:00+00:00,4,999639.3234821197,-0.00033568491000303895,2.642629107417865
2021-06-25 00:00:00+00:00,4,999778.4530340501,0.0001391797507982304,2.7710805725225205
2021-06-28 00:00:00+00:00,4,1000082.0119086724,0.0003036261420728959,2.829567121648304
2021-06-29 00:00:00+00:00,4,999837.5552720957,-0.0002444365898653962,2.912445435494301
2021-06-30 00:00:00+00:00,4,999562.1304004092,-0.0002754696202740081,3.0650789590158087
2021-07-01 00:00:00+00:00,5,1000000.0,0.0,3.1409567706331734
2021-07-02 00:00:00+00:00,5,999975.0,-2.5e-05,3.2391483614525307
2021-07-06 00:00:00+00:00,5,998873.2134746178,-0.001101814070733963,3.32859177958033
2021-07-07 00:00:00+00:00,5,997770.1009132093,-0.0011043569359231572,3.3252251733756313
2021-07-08 00:00:00+00:00,5,997870.2820011714,0.00010040498093742051,3.202126252808125
2021-07-09 00:00:00+00:00,5,998428.5058151348,0.0005594152106063187,3.07943117035858
2021-07-12 00:00:00+00:00,5,997907.8779240028,-0.0005214473425986331,3.039065005014162
2021-07-13 00:00:00+00:00,5,997922.5763796751,1.4729271105488613e-05,3.0727048515749367
2021-07-14 00:00:00+00:00,5,997564.3785634884,-0.00035894349387924763,2.9214100319054994
2021-07-15 00:00:00+00:00,5,996879.4902941633,-0.0006865604707249791,2.499595435029408
2021-07-16 00:00:00+00:00,5,996874.783800098,-4.721226699088815e-06,2.1183708320980053
2021-07-19 00:00:00+00:00,5,996121.0350402219,-0.0007561117726369032,1.7560831678133462
2021-07-20 00:00:00+00:00,5,996766.3850240853,0.0006478630218238067,1.556953664820378
2021-07-21 00:00:00+00:00,5,996459.7158472885,-0.00030766404385656554,1.4379978665047375
2021-07-22 00:00:00+00:00,5,996430.076140615,-2.9745012469718587e-05,1.4749992670160363
2021-07-23 00:00:00+00:00,5,996258.4571963041,-0.00017223380588395022,1.5066407383904328
2021-07-26 00:00:00+00:00,5,996640.5610140926,0.00038353884479320864,1.5531274539500721
2021-07-27 00:00:00+00:00,5,995609.2224871804,-0.0010348149245128738,1.6036617788270497
2021-07-28 00:00:00+00:00,5,995410.1303175912,-0.0001999701942211506,1.6771719444038382
2021-07-29 00:00:00+00:00,5,995224.4292442118,-0.00018655734729185414,1.8157586639721854
2021-07-30 00:00:00+00:00,5,993757.9828115848,-0.0014734831556944034,1.942578568191728
2021-08-02 00:00:00+00:00,5,993881.4348979811,0.00012422751669074027,2.0551958856029766
2021-08-03 00:00:00+00:00,5,993968.1875366061,8.728670803060722e-05,2.113742538508734
2021-08-04 00:00:00+00:00,5,993956.2888584585,-1.1970884276560473e-05,2.1683154148358597
2021-08-05 00:00:00+00:00,5,993956.2888584585,0.0,2.2231427227765224
2021-08-06 00:00:00+00:00,5,993956.2888584585,0.0,2.255804968667979
2021-08-09 00:00:00+00:00,5,993956.2888584585,0.0,2.286187745277246
2021-08-10 00:00:00+00:00,5,993956.2888584585,0.0,2.3197358241168575
2021-08-11 00:00:00+00:00,5,993956.2888584585,0.0,2.2583392710234724
2021-08-12 00:00:00+00:00,5,993956.2888584585,0.0,2.1854270628873227
2021-08-13 00:00:00+00:00,5,993956.2888584585,0.0,2.155752384720365
2021-08-16 00:00:00+00:00,5,993956.2888584585,0.0,2.23484903426097
2021-08-17 00:00:00+00:00,5,993956.2888584585,0.0,2.344512248678191
2021-08-18 00:00:00+00:00,5,993956.2888584585,0.0,2.437064529242581
2021-08-19 00:00:00+00:00,5,993956.2888584585,0.0,2.342189471564577
2021-08-20 00:00:00+00:00,5,993956.2888584585,0.0,2.104777888586966
2021-08-23 00:00:00+00:00,5,993956.2888584585,0.0,1.9642053967925701
2021-08-24 00:00:00+00:00,5,993956.2888584585,0.0,1.8846415802154972
2021-08-25 00:00:00+00:00,5,993956.2888584585,0.0,1.787514943923946
2021-08-26 00:00:00+00:00,5,993956.2888584585,0.0,1.6937817453526423
2021-08-27 00:00:00+00:00,5,993956.2888584585,0.0,1.6199269282115591
2021-08-30 00:00:00+00:00,5,993956.2888584585,0.0,1.5885966419440476
2021-08-31 00:00:00+00:00,5,993956.2888584585,0.0,1.6603419819339367
2021-09-01 00:00:00+00:00,5,993956.2888584585,0.0,1.6753859577453674
2021-09-02 00:00:00+00:00,5,993956.2888584585,0.0,1.5812974991517765
2021-09-03 00:00:00+00:00,5,993956.2888584585,0.0,1.5305014136271278
2021-09-07 00:00:00+00:00,5,993956.2888584585,0.0,1.4879622169002658
2021-09-08 00:00:00+00:00,5,993956.2888584585,0.0,1.3688659602769584
2021-09-09 00:00:00+00:00,5,993956.2888584585,0.0,1.286683071463826
2021-09-10 00:00:00+00:00,5,993956.2888584585,0.0,1.1955589794078882
2021-09-13 00:00:00+00:00,5,993956.2888584585,0.0,1.1068893885310258
2021-09-14 00:00:00+00:00,5,993956.2888584585,0.0,1.0978482048143725
2021-09-15 00:00:00+00:00,5,993956.2888584585,0.0,1.0566659197661799
2021-09-16 00:00:00+00:00,5,993956.2888584585,0.0,1.0952954251631541
2021-09-17 00:00:00+00:00,5,993956.2888584585,0.0,1.107072862660273
2021-09-20 00:00:00+00:00,5,993956.2888584585,0.0,1.108276866633692
2021-09-21 00:00:00+00:00,5,993956.2888584585,0.0,1.0283728668365155
2021-09-22 00:00:00+00:00,5,993956.2888584585,0.0,0.9222656627708288
2021-09-23 00:00:00+00:00,5,993956.2888584585,0.0,0.7977849245686062
2021-09-24 00:00:00+00:00,5,993956.2888584585,0.0,0.8326491058593946
2021-09-27 00:00:00+00:00,5,993956.2888584585,0.0,1.1819441532729154
2021-09-28 00:00:00+00:00,5,993956.2888584585,0.0,1.4408716034932318
2021-09-29 00:00:00+00:00,5,993956.2888584585,0.0,1.5969411611099522
2021-09-30 00:00:00+00:00,5,993956.2888584585,0.0,1.6338455147520108
2021-10-01 00:00:00+00:00,6,1000000.0,0.0,1.6663864984099424
2021-10-04 00:00:00+00:00,6,1000000.0,0.0,1.6971503747965486
2021-10-05 00:00:00+00:00,6,1000000.0,0.0,1.754126028568301
2021-10-06 00:00:00+00:00,6,1000000.0,0.0,1.7336514335525557
2021-10-07 00:00:00+00:00,6,1000000.0,0.0,1.68260482015357
2021-10-08 00:00:00+00:00,6,1000000.0,0.0,1.6184714275456193
2021-10-11 00:00:00+00:00,6,1000000.0,0.0,1.527377183894901
2021-10-12 00:00:00+00:00,6,1000000.0,0.0,1.4825730775250516
2021-10-13 00:00:00+00:00,6,1000000.0,0.0,1.413159829907344
2021-10-14 00:00:00+00:00,6,1000000.0,0.0,1.3397084245190656
2021-10-15 00:00:00+00:00,6,1000000.0,0.0,1.262411502412034
2021-10-18 00:00:00+00:00,6,1000000.0,0.0,1.1997656088718855
2021-10-19 00:00:00+00:00,6,1000000.0,0.0,1.1419594220496436
2021-10-20 00:00:00+00:00,6,1000000.0,0.0,1.055624348876711
2021-10-21 00:00:00+00:00,6,1000000.0,0.0,0.9453796487831507
2021-10-22 00:00:00+00:00,6,1000000.0,0.0,0.8467723020341897
2021-10-25 00:00:00+00:00,6,1000000.0,0.0,0.6937433485735136
2021-10-26 00:00:00+00:00,6,1000000.0,0.0,0.5920999106174367
2021-10-27 00:00:00+00:00,6,1000000.0,0.0,0.6063891898202121
2021-10-28 00:00:00+00:00,6,1000000.0,0.0,0.6174777647883829
2021-10-29 00:00:00+00:00,6,1000000.0,0.0,0.6192443184418694
2021-11-01 00:00:00+00:00,6,1000000.0,0.0,0.5400618433834694
2021-11-02 00:00:00+00:00,6,1000000.0,0.0,0.5041668339208751
2021-11-03 00:00:00+00:00,6,999979.5992363355,-2.0400763664511034e-05,0.3153666552637482
2021-11-04 00:00:00+00:00,6,999901.8349899023,-7.776583291553689e-05,0.08117215372049902
2021-11-05 00:00:00+00:00,6,999890.5112214766,-1.1324880132705434e-05,-0.09470979291543458
2021-11-08 00:00:00+00:00,6,999152.8880482457,-0.0007377039435345992,-0.25607784417050894
2021-11-09 00:00:00+00:00,6,999004.1431070468,-0.00014887105164596866,-0.2349767219218375
2021-11-10 00:00:00+00:00,6,1000659.3635330661,0.0016568704318595789,-0.09826057189698911
2021-11-11 00:00:00+00:00,6,1000811.307199293,0.00015184354612987958,-0.08392634016342715
2021-11-12 00:00:00+00:00,6,1001708.8919882709,0.0008968571623053512,-0.053666912854509974
2021-11-15 00:00:00+00:00,6,1003557.7240536811,0.001845678001061272,0.0852256227836401
2021-11-16 00:00:00+00:00,6,1002429.7014227196,-0.0011240236649318605,0.13040736898211147
2021-11-17 00:00:00+00:00,6,1001848.2774882199,-0.0005800146720259135,0.1665544764302469
2021-11-18 00:00:00+00:00,6,1002079.2733456711,0.00023056970066402457,0.2580844708940244
2021-11-19 00:00:00+00:00,6,1004254.575460408,0.002170788452169185,0.4547304049568579
2021-11-22 00:00:00+00:00,6,1004896.5525279075,0.0006392572990819771,1.1396714300817279
2021-11-23 00:00:00+00:00,6,1004860.2251573235,-3.615035845493381e-05,1.7456815304946707
2021-11-24 00:00:00+00:00,6,1004637.1345189947,-0.000222011611907399,2.2610788432538182
2021-11-26 00:00:00+00:00,6,1006443.8476896511,0.0017983738691098449,2.7362980326001396
2021-11-29 00:00:00+00:00,6,1005388.8828110284,-0.00104821037064751,3.4469457261270504
2021-11-30 00:00:00+00:00,6,1006646.8666807107,0.001251241078143837,3.801685723280623
2021-12-01 00:00:00+00:00,6,1005860.4058810368,-0.0007812678166546878,4.073818549985415
2021-12-02 00:00:00+00:00,6,1006248.9593785087,0.00038628968314109914,4.036045166523998
2021-12-03 00:00:00+00:00,6,1006382.5173481989,0.0001327285543457096,4.125196830397752
2021-12-06 00:00:00+00:00,6,1006357.3577852652,-2.5000000000019276e-05,4.250587947652664
2021-12-07 00:00:00+00:00,6,1005623.0178514866,-0.000729700963676282,4.377704960368221
2021-12-08 00:00:00+00:00,6,1005400.2644424286,-0.00022150786637112249,4.4569775624732175
2021-12-09 00:00:00+00:00,6,1006348.0244437662,0.0009426693376326361,4.4707508809682945
2021-12-10 00:00:00+00:00,6,1006978.9425247546,0.0006269382615791036,4.450037990259823
2021-12-13 00:00:00+00:00,6,1006503.9342697277,-0.0004717161749538851,4.376862501052829
2021-12-14 00:00:00+00:00,6,1005938.033492408,-0.0005622439794338909,4.3898255009072
2021-12-15 00:00:00+00:00,6,1006286.5016555412,0.0003464111620508477,4.347706523491702
2021-12-16 00:00:00+00:00,6,1005255.5405779626,-0.0010245204282105173,4.278387247626555
2021-12-17 00:00:00+00:00,6,1005458.828306773,0.0002022249274979924,4.2239777708069575
2021-12-20 00:00:00+00:00,6,1004052.119017108,-0.0013990719958508209,4.052104093389449
2021-12-21 00:00:00+00:00,6,1004637.8191218784,0.0005833363564271182,3.9122031461830304
2021-12-22 00:00:00+00:00,6,1005064.7470588918,0.00042495706302059217,3.7972805870686814
2021-12-23 00:00:00+00:00,6,1004844.4872236681,-0.00021914989643026568,3.6761489895400863
2021-12-27 00:00:00+00:00,6,1004216.3700231485,-0.0006250889650149858,3.539984166729461
2021-12-28 00:00:00+00:00,6,1003934.4381364773,-0.0002807481485934436,3.3080658777643945
2021-12-29 00:00:00+00:00,6,1003708.2165525444,-0.00022533501724752856,3.110726128617862
2021-12-30 00:00:00+00:00,6,1003341.7138800614,-0.00036514862231756367,3.146178558824551
2021-12-31 00:00:00+00:00,6,1004199.9774092458,0.0008554050103881028,3.0598936669877776
2022-01-03 00:00:00+00:00,7,1000000.0,0.0,2.576725255500814
2022-01-04 00:00:00+00:00,7,1000000.0,0.0,1.8482030723754135
2022-01-05 00:00:00+00:00,7,1000000.0,0.0,2.079995746289104
2022-01-06 00:00:00+00:00,7,1000000.0,0.0,2.1275094937969503
2022-01-07 00:00:00+00:00,7,1000000.0,0.0,2.1933282627655726
2022-01-10 00:00:00+00:00,7,1000000.0,0.0,2.1475821630633645
2022-01-11 00:00:00+00:00,7,1000000.0,0.0,2.1470980730553615
2022-01-12 00:00:00+00:00,7,1000000.0,0.0,2.1614540633002797
2022-01-13 00:00:00+00:00,7,1000000.0,0.0,2.2066604337675173
2022-01-14 00:00:00+00:00,7,1000000.0,0.0,2.2801550445313294
2022-01-18 00:00:00+00:00,7,1000000.0,0.0,2.276601309848194
2022-01-19 00:00:00+00:00,7,1000000.0,0.0,2.3080061397046014
2022-01-20 00:00:00+00:00,7,1000000.0,0.0,2.3294932128848376
2022-01-21 00:00:00+00:00,7,1000000.0,0.0,2.361592846255603
2022-01-24 00:00:00+00:00,7,1000000.0,0.0,2.378989868929482
2022-01-25 00:00:00+00:00,7,1000000.0,0.0,2.4409250305980628
2022-01-26 00:00:00+00:00,7,1000000.0,0.0,2.4241955513705893
2022-01-27 00:00:00+00:00,7,1000000.0,0.0,2.3863514932571377
2022-01-28 00:00:00+00:00,7,1000000.0,0.0,2.2856620337080362
2022-01-31 00:00:00+00:00,7,1000000.0,0.0,2.325941598187814
2022-02-01 00:00:00+00:00,7,1000000.0,0.0,2.354360338102687
2022-02-02 00:00:00+00:00,7,1000000.0,0.0,2.453022385702553
2022-02-03 00:00:00+00:00,7,1000000.0,0.0,2.4979221691296143
2022-02-04 00:00:00+00:00,7,1000000.0,0.0,2.5463884140729713
2022-02-07 00:00:00+00:00,7,1000000.0,0.0,2.60331721674309
2022-02-08 00:00:00+00:00,7,1000000.0,0.0,2.6003372434597125
2022-02-09 00:00:00+00:00,7,1000000.0,0.0,2.6026737489725806
2022-02-10 00:00:00+00:00,7,1000000.0,0.0,2.539537140788131
2022-02-11 00:00:00+00:00,7,1000000.0,0.0,2.5081267491865367
2022-02-14 00:00:00+00:00,7,1000000.0,0.0,2.4294038254386647
2022-02-15 00:00:00+00:00,7,1000000.0,0.0,2.34916866326654
2022-02-16 00:00:00+00:00,7,1000000.0,0.0,2.337869400882766
2022-02-17 00:00:00+00:00,7,1000000.0,0.0,2.345553745128249
2022-02-18 00:00:00+00:00,7,1000000.0,0.0,2.3828518357071915
2022-02-22 00:00:00+00:00,7,1000000.0,0.0,2.4184904996760572
2022-02-23 00:00:00+00:00,7,1000000.0,0.0,2.4450203070969403
2022-02-24 00:00:00+00:00,7,1000000.0,0.0,2.4191019708833643
2022-02-25 00:00:00+00:00,7,1000000.0,0.0,2.4478005173743247
2022-02-28 00:00:00+00:00,7,1000000.0,0.0,2.4300133539535866
2022-03-01 00:00:00+00:00,7,1000000.0,0.0,2.374019020280455
2022-03-02 00:00:00+00:00,7,1000000.0,0.0,2.031026788079236
2022-03-03 00:00:00+00:00,7,1000000.0,0.0,1.570289384609449
2022-03-04 00:00:00+00:00,7,1000000.0,0.0,1.0243634122141216
2022-03-07 00:00:00+00:00,7,1000000.0,0.0,0.3483576914889923
2022-03-08 00:00:00+00:00,7,999990.0,-1e-05,-0.21452619526185757
2022-03-09 00:00:00+00:00,7,1001655.595947021,0.0016656126031470678,-0.9345247678656623
2022-03-10 00:00:00+00:00,7,1001606.3583770775,-4.915618715930412e-05,-1.4818838512880346
2022-03-11 00:00:00+00:00,7,1001894.8535222238,0.0002880324617884053,-2.302704131460538
2022-03-14 00:00:00+00:00,7,1002505.9692564767,0.0006099599494942476,-2.961484636821581
2022-03-15 00:00:00+00:00,7,1002474.5133995294,-3.137722658217629e-05,-3.232635114060705
2022-03-16 00:00:00+00:00,7,1002590.5738613479,0.00011577397755968516,-2.58378387098083
2022-03-17 00:00:00+00:00,7,1002308.4930480892,-0.0002813519502504953,-2.0198862066297627
2022-03-18 00:00:00+00:00,7,1002487.8446912832,0.00017893856476119255,-1.8511846170660498
2022-03-21 00:00:00+00:00,7,1001669.949138043,-0.0008158658058263786,-1.6852450481437566
2022-03-22 00:00:00+00:00,7,1001617.0433824533,-5.2817552962672585e-05,-1.9163421393134294
2022-03-23 00:00:00+00:00,7,1001452.128146834,-0.00016464899105787578,-2.4179851273879125
2022-03-24 00:00:00+00:00,7,1001386.9729146764,-6.506075560309267e-05,-2.6093316596263216
2022-03-25 00:00:00+00:00,7,1001295.4912938842,-9.135491400084133e-05,-2.6355195939430818
2022-03-28 00:00:00+00:00,7,1001863.0481557548,0.00056682254819421,-2.490874226424392
2022-03-29 00:00:00+00:00,7,1001473.1919206714,-0.0003891312647981966,-2.565554824561831
2022-03-30 00:00:00+00:00,7,1000939.6737651495,-0.0005327333370737802,-2.5009889765051714
2022-03-31 00:00:00+00:00,7,1000939.6737651495,0.0,-2.2567387155255387
2022-04-01 00:00:00+00:00,8,1000000.0,0.0,-1.9885639178300103
2022-04-04 00:00:00+00:00,8,1000000.0,0.0,-1.6686625796387187
2022-04-05 00:00:00+00:00,8,1000000.0,0.0,-1.2517953941363116
2022-04-06 00:00:00+00:00,8,1000000.0,0.0,-0.6782671432095082
2022-04-07 00:00:00+00:00,8,1000000.0,0.0,-0.10268365277813452
2022-04-08 00:00:00+00:00,8,1000000.0,0.0,0.8105722796087091
2022-04-11 00:00:00+00:00,8,1000000.0,0.0,1.5812168664375559
2022-04-12 00:00:00+00:00,8,1000000.0,0.0,2.21460416384979
2022-04-13 00:00:00+00:00,8,1000000.0,0.0,2.4818126753655503
2022-04-14 00:00:00+00:00,8,1000000.0,0.0,2.588613704794611
2022-04-18 00:00:00+00:00,8,1000000.0,0.0,2.6990991947912373
2022-04-19 00:00:00+00:00,8,1000000.0,0.0,2.5412133975895004
2022-04-20 00:00:00+00:00,8,1000000.0,0.0,2.2484553544545514
2022-04-21 00:00:00+00:00,8,1000000.0,0.0,2.131632894690731
2022-04-22 00:00:00+00:00,8,1000000.0,0.0,2.324428572518917
2022-04-25 00:00:00+00:00,8,1000000.0,0.0,2.42983318934909
2022-04-26 00:00:00+00:00,8,1000000.0,0.0,2.3730628438387043
2022-04-27 00:00:00+00:00,8,1000000.0,0.0,2.2211199921450753
2022-04-28 00:00:00+00:00,8,1000000.0,0.0,2.3057705872429275
2022-04-29 00:00:00+00:00,8,1000000.0,0.0,2.4417786538113546
2022-05-02 00:00:00+00:00,8,1000000.0,0.0,2.4554725125012973
2022-05-03 00:00:00+00:00,8,1000000.0,0.0,2.3919321320924074
2022-05-04 00:00:00+00:00,8,1000000.0,0.0,2.6502516322743603
2022-05-05 00:00:00+00:00,8,1000000.0,0.0,2.9401861549348163
2022-05-06 00:00:00+00:00,8,1000000.0,0.0,3.0856781541924434
2022-05-09 00:00:00+00:00,8,1000000.0,0.0,2.9724922266778
2022-05-10 00:00:00+00:00,8,1000000.0,0.0,2.8782052114493264
2022-05-11 00:00:00+00:00,8,1000000.0,0.0,2.6937427687948343
2022-05-12 00:00:00+00:00,8,1000000.0,0.0,2.6013363479868996
2022-05-13 00:00:00+00:00,8,1000000.0,0.0,2.5166856204164647
2022-05-16 00:00:00+00:00,8,1000000.0,0.0,2.4501002213342824
2022-05-17 00:00:00+00:00,8,1000000.0,0.0,2.1547086699509603
2022-05-18 00:00:00+00:00,8,1000000.0,0.0,1.873574571443846
2022-05-19 00:00:00+00:00,8,1000000.0,0.0,1.7876941540529518
2022-05-20 00:00:00+00:00,8,1000000.0,0.0,1.7860745890697487
2022-05-23 00:00:00+00:00,8,1000000.0,0.0,1.8621471718137452
2022-05-24 00:00:00+00:00,8,1000000.0,0.0,1.945957525063375
2022-05-25 00:00:00+00:00,8,1000000.0,0.0,1.868947137663704
2022-05-26 00:00:00+00:00,8,1000000.0,0.0,1.841847294223936
2022-05-27 00:00:00+00:00,8,1000000.0,0.0,1.740532656801491
2022-05-31 00:00:00+00:00,8,1000000.0,0.0,1.7205293780364341
2022-06-01 00:00:00+00:00,8,1000000.0,0.0,1.7286143115870116
2022-06-02 00:00:00+00:00,8,1000000.0,0.0,1.7409846711942398
2022-06-03 00:00:00+00:00,8,1000000.0,0.0,1.737264699456071
2022-06-06 00:00:00+00:00,8,1000000.0,0.0,1.766923629242659
2022-06-07 00:00:00+00:00,8,1000000.0,0.0,1.7869990798143252
2022-06-08 00:00:00+00:00,8,1000000.0,0.0,1.897741436965565
2022-06-09 00:00:00+00:00,8,1000000.0,0.0,2.0118454893686213
2022-06-10 00:00:00+00:00,8,1000000.0,0.0,2.210241351091838
2022-06-13 00:00:00+00:00,8,1000000.0,0.0,2.267129205104851
2022-06-14 00:00:00+00:00,8,1000000.0,0.0,2.4196714693561434
2022-06-15 00:00:00+00:00,8,1000000.0,0.0,2.5353695428448435
2022-06-16 00:00:00+00:00,8,1000000.0,0.0,2.5851722531639214
2022-06-17 00:00:00+00:00,8,1000000.0,0.0,2.473552396213092
2022-06-21 00:00:00+00:00,8,1000000.0,0.0,2.0928143388190508
2022-06-22 00:00:00+00:00,8,1000000.0,0.0,1.9640526480241345
2022-06-23 00:00:00+00:00,8,1000000.0,0.0,1.543682866881991
2022-06-24 00:00:00+00:00,8,1000000.0,0.0,0.9536412889998722
2022-06-27 00:00:00+00:00,8,1000000.0,0.0,0.49436610209122467
2022-06-28 00:00:00+00:00,8,1000000.0,0.0,-0.037921873562556385
2022-06-29 00:00:00+00:00,8,999992.0,-8e-06,-0.3558656985586284
2022-06-30 00:00:00+00:00,8,1000199.436605566,0.00020743826507206898,-0.6192994175199944
2022-07-01 00:00:00+00:00,9,1000000.0,0.0,-0.7872148356707198
2022-07-05 00:00:00+00:00,9,999990.0,-1e-05,-0.9868053937163719
2022-07-06 00:00:00+00:00,9,1000319.230579176,0.0003292338715147015,-1.0636311174702309
2022-07-07 00:00:00+00:00,9,999623.978463629,-0.0006950302406406939,-1.0585068976654837
2022-07-08 00:00:00+00:00,9,999379.2071074141,-0.0002448634301380872,-1.088664492126087
2022-07-11 00:00:00+00:00,9,999065.2661162469,-0.0003141360045661519,-1.0991472794215618
2022-07-12 00:00:00+00:00,9,999022.4548580371,-4.285131278389167e-05,-1.0819137752369379
2022-07-13 00:00:00+00:00,9,998441.5637546583,-0.0005814595062943561,-1.0490541536443878
2022-07-14 00:00:00+00:00,9,998615.3247956516,0.00017403225917382286,-1.0122810718425308
2022-07-15 00:00:00+00:00,9,998336.463793778,-0.00027924766919703095,-0.9802935682627192
2022-07-18 00:00:00+00:00,9,998240.3860487142,-9.62378401953861e-05,-0.9580672295109434
2022-07-19 00:00:00+00:00,9,998690.0350017501,0.0004504415562826133,-0.9119812683292103
2022-07-20 00:00:00+00:00,9,998805.2401737734,0.00011535628471857977,-0.8292572240276792
2022-07-21 00:00:00+00:00,9,999301.3096831312,0.0004966629022405702,-0.7122661045249652
2022-07-22 00:00:00+00:00,9,999226.111511458,-7.525074864263992e-05,-0.7291716963529868
2022-07-25 00:00:00+00:00,9,999009.3600856514,-0.00021691929715355915,-0.8390757800426041
2022-07-26 00:00:00+00:00,9,998524.874096646,-0.00048496641609432293,-0.9083942504659079
2022-07-27 00:00:00+00:00,9,998342.1690790422,-0.0001829749286607492,-0.7719630671083246
2022-07-28 00:00:00+00:00,9,997751.4836624184,-0.0005916662993096013,-0.3957717942819876
2022-07-29 00:00:00+00:00,9,1000438.372418621,0.0026929438845230743,0.39076633695884944
2022-08-01 00:00:00+00:00,9,1000716.3727892278,0.00027787855631196667,0.583544569395607
2022-08-02 00:00:00+00:00,9,1000437.4850213099,-0.0002786881233295916,0.4842501218434636
2022-08-03 00:00:00+00:00,9,1000912.2775844674,0.0004745849393551982,0.2657612696872711
2022-08-04 00:00:00+00:00,9,1001678.2291173382,0.0007652534093389867,0.24380318409268043
2022-08-05 00:00:00+00:00,9,1001799.4545903766,0.00012102236977358326,0.29292397475886656
2022-08-08 00:00:00+00:00,9,1001423.9558154378,-0.00037482429563937805,0.24371709220354454
2022-08-09 00:00:00+00:00,9,1001052.7357359632,-0.00037069223011780295,0.1946644260145476
2022-08-10 00:00:00+00:00,9,1001052.7357359632,0.0,0.10434490508977579
2022-08-11 00:00:00+00:00,9,1001052.7357359632,0.0,-0.026558336536476546
2022-08-12 00:00:00+00:00,9,1001052.7357359632,0.0,-0.1562007522070301
2022-08-15 00:00:00+00:00,9,1001052.7357359632,0.0,-0.2300799841114065
2022-08-16 00:00:00+00:00,9,1001052.7357359632,0.0,-0.26874708802199887
2022-08-17 00:00:00+00:00,9,1001052.7357359632,0.0,-0.369103337973991
2022-08-18 00:00:00+00:00,9,1001052.7357359632,0.0,-0.6234969752259945
2022-08-19 00:00:00+00:00,9,1001052.7357359632,0.0,-0.6325442347006209
2022-08-22 00:00:00+00:00,9,1001052.7357359632,0.0,-0.5943279423715726
2022-08-23 00:00:00+00:00,9,1001052.7357359632,0.0,-0.5235151731117771
2022-08-24 00:00:00+00:00,9,1001052.7357359632,0.0,-0.2757341262161086
2022-08-25 00:00:00+00:00,9,1001052.7357359632,0.0,0.04180389532900186
2022-08-26 00:00:00+00:00,9,1001052.7357359632,0.0,0.3341784257924312
2022-08-29 00:00:00+00:00,9,1001052.7357359632,0.0,0.6202341075530207
2022-08-30 00:00:00+00:00,9,1001052.7357359632,0.0,1.0465261686323446
2022-08-31 00:00:00+00:00,9,1001052.7357359632,0.0,1.1971203598589404
2022-09-01 00:00:00+00:00,9,1001052.7357359632,0.0,1.3498550218343786
2022-09-02 00:00:00+00:00,9,1001052.7357359632,0.0,1.5345381834422378
2022-09-06 00:00:00+00:00,9,1001052.7357359632,0.0,1.852116948783404
2022-09-07 00:00:00+00:00,9,1001052.7357359632,0.0,2.036591831243279
2022-09-08 00:00:00+00:00,9,1001052.7357359632,0.0,2.2634491181022858
2022-09-09 00:00:00+00:00,9,1001052.7357359632,0.0,2.4623594702775438
2022-09-12 00:00:00+00:00,9,1001052.7357359632,0.0,2.4746934675077914
2022-09-13 00:00:00+00:00,9,1001052.7357359632,0.0,2.5210935241113606
2022-09-14 00:00:00+00:00,9,1001052.7357359632,0.0,2.5379293923831363
2022-09-15 00:00:00+00:00,9,1001052.7357359632,0.0,2.4714986717438805
2022-09-16 00:00:00+00:00,9,1001052.7357359632,0.0,2.4470583901644347
2022-09-19 00:00:00+00:00,9,1001052.7357359632,0.0,2.464736141832944
2022-09-20 00:00:00+00:00,9,1001052.7357359632,0.0,2.366306627737914
2022-09-21 00:00:00+00:00,9,1001052.7357359632,0.0,2.296312245292522
2022-09-22 00:00:00+00:00,9,1001052.7357359632,0.0,2.257704616088479
2022-09-23 00:00:00+00:00,9,1001052.7357359632,0.0,2.2448639796861594
2022-09-26 00:00:00+00:00,9,1001052.7357359632,0.0,1.7683126085382996
2022-09-27 00:00:00+00:00,9,1001052.7357359632,0.0,1.4008206345215335
2022-09-28 00:00:00+00:00,9,1001052.7357359632,0.0,1.116106468480412
2022-09-29 00:00:00+00:00,9,1001052.7357359632,0.0,0.9482661073356278
2022-09-30 00:00:00+00:00,9,1001052.7357359632,0.0,0.7879024162859061
2022-10-03 00:00:00+00:00,10,1000000.0,0.0,0.7211262598215713
2022-10-04 00:00:00+00:00,10,1000000.0,0.0,0.7164788554652981
2022-10-05 00:00:00+00:00,10,1000000.0,0.0,0.6899164325858278
2022-10-06 00:00:00+00:00,10,1000000.0,0.0,0.8362833492648072
2022-10-07 00:00:00+00:00,10,1000000.0,0.0,1.0664657705333278
2022-10-10 00:00:00+00:00,10,1000000.0,0.0,1.2630066408620926
2022-10-11 00:00:00+00:00,10,1000000.0,0.0,1.424476280177922
2022-10-12 00:00:00+00:00,10,1000000.0,0.0,1.5269550001817263
2022-10-13 00:00:00+00:00,10,1000000.0,0.0,1.6359225135725355
2022-10-14 00:00:00+00:00,10,1000000.0,0.0,1.6144767806736477
2022-10-17 00:00:00+00:00,10,1000000.0,0.0,1.6322499399037014
2022-10-18 00:00:00+00:00,10,1000000.0,0.0,1.6761712216766034
2022-10-19 00:00:00+00:00,10,1000000.0,0.0,1.6954039294991747
2022-10-20 00:00:00+00:00,10,1000000.0,0.0,1.6723276286251534
2022-10-21 00:00:00+00:00,10,1000000.0,0.0,1.6329651601322337
2022-10-24 00:00:00+00:00,10,1000000.0,0.0,1.54625690810746
2022-10-25 00:00:00+00:00,10,1000000.0,0.0,1.5354603218387428
2022-10-26 00:00:00+00:00,10,1000000.0,0.0,1.4279798958077503
2022-10-27 00:00:00+00:00,10,1000000.0,0.0,1.347367396432738
2022-10-28 00:00:00+00:00,10,1000000.0,0.0,1.2076890695728162
2022-10-31 00:00:00+00:00,10,1000000.0,0.0,1.1562076297736175
2022-11-01 00:00:00+00:00,10,1000000.0,0.0,1.0836659102512378
2022-11-02 00:00:00+00:00,10,1000000.0,0.0,1.0027142796837332
2022-11-03 00:00:00+00:00,10,1000000.0,0.0,0.9170889098381032
2022-11-04 00:00:00+00:00,10,1000000.0,0.0,0.8282604061288392
2022-11-07 00:00:00+00:00,10,1000000.0,0.0,0.6993457477070022
2022-11-08 00:00:00+00:00,10,1000000.0,0.0,0.5482963425871361
2022-11-09 00:00:00+00:00,10,1000000.0,0.0,0.48359051460633484
2022-11-10 00:00:00+00:00,10,1000000.0,0.0,0.4331388286124547
2022-11-11 00:00:00+00:00,10,1000000.0,0.0,0.35827690037373383
2022-11-14 00:00:00+00:00,10,1000000.0,0.0,0.17231545300946927
2022-11-15 00:00:00+00:00,10,1000000.0,0.0,-0.04635860557743854
2022-11-16 00:00:00+00:00,10,999978.446257576,-2.1553742424002848e-05,-0.2965172767445967
2022-11-17 00:00:00+00:00,10,998693.9721065757,-0.0012845018368219982,-0.29137992304262816
2022-11-18 00:00:00+00:00,10,999587.3635922315,0.0008945598057143959,-0.18678325257120676
2022-11-21 00:00:00+00:00,10,999846.7796215634,0.00025952311801900863,-0.11414533541335281
2022-11-22 00:00:00+00:00,10,999139.3836090793,-0.0007075044165785497,-0.030780482395059927
2022-11-23 00:00:00+00:00,10,998815.9868093794,-0.00032367536002003944,0.053290534791401
2022-11-25 00:00:00+00:00,10,998737.881976313,-7.819741984303012e-05,0.16859327973932992
2022-11-28 00:00:00+00:00,10,999126.7228990013,0.0003893323060089844,0.20927557036140954
2022-11-29 00:00:00+00:00,10,999645.6767746733,0.0005194074623148831,0.24887196634511444
2022-11-30 00:00:00+00:00,10,1000540.401537161,0.0008950418966193036,0.42406339472972476
2022-12-01 00:00:00+00:00,10,1000502.316688348,-3.806427881822981e-05,0.6033171168341402
2022-12-02 00:00:00+00:00,10,1000371.1770657483,-0.00013107378205157202,0.7936094038863155
2022-12-05 00:00:00+00:00,10,1000559.0488305513,0.00018780205698661865,0.995736208294355
2022-12-06 00:00:00+00:00,10,1000718.8613895553,0.00015972326589892908,1.1363260243729405
2022-12-07 00:00:00+00:00,10,1001393.2501545408,0.0006739043211887308,1.3179764241387297
2022-12-08 00:00:00+00:00,10,1001569.3144444973,0.00017581932964838258,1.3054030836762904
2022-12-09 00:00:00+00:00,10,998905.4903076714,-0.0026596503091784714,1.3403164130004028
2022-12-12 00:00:00+00:00,10,997368.3139994846,-0.001538860606035173,1.0413607094502026
2022-12-13 00:00:00+00:00,10,998403.004439759,0.0010374206055586042,0.8540331813258533
2022-12-14 00:00:00+00:00,10,998563.0843767726,0.00016033599288246117,0.7872706944428236
2022-12-15 00:00:00+00:00,10,998945.415832126,0.0003828816239407017,0.7187698759218639
2022-12-16 00:00:00+00:00,10,998519.6308046426,-0.00042623452766815824,0.6532627951757632
2022-12-19 00:00:00+00:00,10,998592.1072789887,7.258392535329851e-05,0.560719987698973
2022-12-20 00:00:00+00:00,10,998434.2613420247,-0.00015806848042704773,0.4933700726305936
2022-12-21 00:00:00+00:00,10,998645.9994331438,0.00021207013753163484,0.4552605061487025
2022-12-22 00:00:00+00:00,10,999115.4584389543,0.000470095515404888,0.4161746231381729
2022-12-23 00:00:00+00:00,10,999576.5435577951,0.0004614933288703289,0.4039228059959328
2022-12-27 00:00:00+00:00,10,999036.7398752829,-0.0005400323626952369,0.4109791026083318
2022-12-28 00:00:00+00:00,10,999503.9844956468,0.00046769513243552594,0.432338146726682
2022-12-29 00:00:00+00:00,10,999380.7583330196,-0.00012328731504697633,0.4902093756412942
2022-12-30 00:00:00+00:00,10,999300.4808556206,-8.032721936020092e-05,0.5923869511828217
2023-01-03 00:00:00+00:00,11,1000000.0,0.0,0.6454880015007847
2023-01-04 00:00:00+00:00,11,1000000.0,0.0,0.5926405525045979
2023-01-05 00:00:00+00:00,11,1000000.0,0.0,0.5844350488056254
2023-01-06 00:00:00+00:00,11,1000000.0,0.0,0.6301416504920772
2023-01-09 00:00:00+00:00,11,1000000.0,0.0,0.7613298406535973
2023-01-10 00:00:00+00:00,11,1000000.0,0.0,0.7569137254376423
2023-01-11 00:00:00+00:00,11,1000000.0,0.0,0.8192477045730682
2023-01-12 00:00:00+00:00,11,1000000.0,0.0,1.167062093200193
2023-01-13 00:00:00+00:00,11,1000000.0,0.0,1.7004865738732473
2023-01-17 00:00:00+00:00,11,999975.0,-2.5e-05,2.1869074765785492
2023-01-18 00:00:00+00:00,11,999127.3566197363,-0.0008476645718780008,2.4029789187947204
2023-01-19 00:00:00+00:00,11,998649.1604093579,-0.0004786138696034436,2.503842898500067
2023-01-20 00:00:00+00:00,11,999563.3043790681,0.0009153805019327304,2.412424791784753
2023-01-23 00:00:00+00:00,11,999097.0735785953,-0.0004664344903721791,2.2709506103502206
2023-01-24 00:00:00+00:00,11,1000053.9158453763,0.0009577070057404702,2.043924549642984
2023-01-25 00:00:00+00:00,11,998375.6738001371,-0.0016781515662788306,1.8332312688251653
2023-01-26 00:00:00+00:00,11,999408.3546688877,0.0010343610084366749,1.7697678978248894
2023-01-27 00:00:00+00:00,11,1002757.1691318229,0.003350796946303989,1.6489522132800403
2023-01-30 00:00:00+00:00,11,1004535.7095386735,0.001773650153397033,1.8222414210117321
2023-01-31 00:00:00+00:00,11,1006947.274753692,0.002400676443972268,2.0373115158431165
2023-02-01 00:00:00+00:00,11,1007668.3853454205,0.0007161354023276571,2.4680264272970005
2023-02-02 00:00:00+00:00,11,1005245.6234134276,-0.002404324644126184,2.960159846178535
2023-02-03 00:00:00+00:00,11,1005835.074949291,0.0005863756301288688,3.136924714682599
2023-02-06 00:00:00+00:00,11,1005565.2315985293,-0.00026827792893908633,3.271871073870501
2023-02-07 00:00:00+00:00,11,1006085.7701838496,0.0005176577003292536,3.312342550365132
2023-02-08 00:00:00+00:00,11,1007823.1941697582,0.0017269143818534778,3.591185459081084
2023-02-09 00:00:00+00:00,11,1009312.7183928296,0.0014779618406167683,3.7041020715154005
2023-02-10 00:00:00+00:00,11,1012398.726382095,0.003057534035813352,3.9350988728722274
2023-02-13 00:00:00+00:00,11,1011349.3715502742,-0.001036503508425767,4.398026180504866
2023-02-14 00:00:00+00:00,11,1008981.5452102175,-0.002341254572025033,4.65136650930464
2023-02-15 00:00:00+00:00,11,1010787.4273572821,0.0017898069153370062,4.670775678599241
2023-02-16 00:00:00+00:00,11,1011949.4092977933,0.0011495809198469814,4.9284372262284055
2023-02-17 00:00:00+00:00,11,1009951.6628780733,-0.0019741564166792375,5.440857888097468
2023-02-21 00:00:00+00:00,11,1011095.0009253975,0.0011320720479493325,4.890352098754403
2023-02-22 00:00:00+00:00,11,1009897.1153401252,-0.001184740884067253,4.25501899664887
2023-02-23 00:00:00+00:00,11,1010003.5756035945,0.00010541693985680701,3.1493066238899514
2023-02-24 00:00:00+00:00,11,1009450.1253733227,-0.0005479685851023225,2.239510507634823
2023-02-27 00:00:00+00:00,11,1009450.1253733227,0.0,1.6260641537403187
2023-02-28 00:00:00+00:00,11,1009450.1253733227,0.0,1.217320230062609
2023-03-01 00:00:00+00:00,11,1009450.1253733227,0.0,0.765480340491127
2023-03-02 00:00:00+00:00,11,1009450.1253733227,0.0,0.43688403776458795
2023-03-03 00:00:00+00:00,11,1009450.1253733227,0.0,-0.22496743976330258
2023-03-06 00:00:00+00:00,11,1009450.1253733227,0.0,-0.6919317179344038
2023-03-07 00:00:00+00:00,11,1009450.1253733227,0.0,-0.6867297688707614
2023-03-08 00:00:00+00:00,11,1009450.1253733227,0.0,-0.8680014073328337
2023-03-09 00:00:00+00:00,11,1009450.1253733227,0.0,-0.7719082417156935
2023-03-10 00:00:00+00:00,11,1009450.1253733227,0.0,-0.6064329032816493
2023-03-13 00:00:00+00:00,11,1009450.1253733227,0.0,0.21763529019490857
2023-03-14 00:00:00+00:00,11,1009450.1253733227,0.0,0.665295234836579
2023-03-15 00:00:00+00:00,11,1009450.1253733227,0.0,0.9130763790205174
2023-03-16 00:00:00+00:00,11,1009450.1253733227,0.0,1.2648817951006586
2023-03-17 00:00:00+00:00,11,1009450.1253733227,0.0,1.5044642186011976
2023-03-20 00:00:00+00:00,11,1009450.1253733227,0.0,1.5674226085928127
2023-03-21 00:00:00+00:00,11,1009450.1253733227,0.0,1.6071508545684732
2023-03-22 00:00:00+00:00,11,1009450.1253733227,0.0,1.633318482621482
2023-03-23 00:00:00+00:00,11,1009450.1253733227,0.0,1.7460096541320071
2023-03-24 00:00:00+00:00,11,1009450.1253733227,0.0,1.7958569847297277
2023-03-27 00:00:00+00:00,11,1009450.1253733227,0.0,1.847080093601559
2023-03-28 00:00:00+00:00,11,1009450.1253733227,0.0,1.878174864645345
2023-03-29 00:00:00+00:00,11,1009450.1253733227,0.0,1.9352242451226043
2023-03-30 00:00:00+00:00,11,1009450.1253733227,0.0,2.1196256536611284
2023-03-31 00:00:00+00:00,11,1009450.1253733227,0.0,2.1936483437525847
2023-04-03 00:00:00+00:00,12,1000000.0,0.0,2.1728290014591547
2023-04-04 00:00:00+00:00,12,1000000.0,0.0,2.0135464620979007
2023-04-05 00:00:00+00:00,12,1000000.0,0.0,1.8795462138837493
2023-04-06 00:00:00+00:00,12,1000000.0,0.0,1.8335215853123898
2023-04-10 00:00:00+00:00,12,1000000.0,0.0,1.822892079335317
2023-04-11 00:00:00+00:00,12,1000000.0,0.0,1.7823601362126267
2023-04-12 00:00:00+00:00,12,1000000.0,0.0,1.744233550825773
2023-04-13 00:00:00+00:00,12,1000000.0,0.0,1.7102476126609965
2023-04-14 00:00:00+00:00,12,1000000.0,0.0,1.620736800234412
2023-04-17 00:00:00+00:00,12,1000000.0,0.0,1.5209395362000833
2023-04-18 00:00:00+00:00,12,1000000.0,0.0,1.4387595637448345
2023-04-19 00:00:00+00:00,12,1000000.0,0.0,1.4376775899819831
2023-04-20 00:00:00+00:00,12,1000000.0,0.0,1.435243626353445
2023-04-21 00:00:00+00:00,12,1000000.0,0.0,1.4269068295497869
2023-04-24 00:00:00+00:00,12,1000000.0,0.0,1.4532851984660526
2023-04-25 00:00:00+00:00,12,1000000.0,0.0,1.4765291232655215
2023-04-26 00:00:00+00:00,12,1000000.0,0.0,1.5031506649091897
2023-04-27 00:00:00+00:00,12,1000000.0,0.0,1.532747816925908
2023-04-28 00:00:00+00:00,12,1000000.0,0.0,1.593717229721754
2023-05-01 00:00:00+00:00,12,1000000.0,0.0,1.6306365117566264
2023-05-02 00:00:00+00:00,12,1000000.0,0.0,1.585292162770405
2023-05-03 00:00:00+00:00,12,1000000.0,0.0,1.5153131331150163
2023-05-04 00:00:00+00:00,12,1000000.0,0.0,1.4011150140514768
2023-05-05 00:00:00+00:00,12,1000000.0,0.0,1.3544424376646806
2023-05-08 00:00:00+00:00,12,1000000.0,0.0,1.3218878892284929
2023-05-09 00:00:00+00:00,12,1000000.0,0.0,1.163743581749288
2023-05-10 00:00:00+00:00,12,1000000.0,0.0,1.0333683768607722
2023-05-11 00:00:00+00:00,12,1000000.0,0.0,0.8724545837264355
2023-05-12 00:00:00+00:00,12,1000000.0,0.0,0.8619739465842562
2023-05-15 00:00:00+00:00,12,1000000.0,0.0,0.8543063577069621
2023-05-16 00:00:00+00:00,12,1000000.0,0.0,0.9321977111368662
2023-05-17 00:00:00+00:00,12,1000000.0,0.0,1.039599808656634
2023-05-18 00:00:00+00:00,12,1000000.0,0.0,1.057858863456187
2023-05-19 00:00:00+00:00,12,1000000.0,0.0,0.9898874250117657
2023-05-22 00:00:00+00:00,12,1000000.0,0.0,0.9386636068709713
2023-05-23 00:00:00+00:00,12,1000000.0,0.0,0.9133399846320458
2023-05-24 00:00:00+00:00,12,1000000.0,0.0,0.9281078326283012
2023-05-25 00:00:00+00:00,12,1000000.0,0.0,0.9375174753258682
2023-05-26 00:00:00+00:00,12,1000000.0,0.0,0.9791101280068917
2023-05-30 00:00:00+00:00,12,1000000.0,0.0,1.0595950811007295
2023-05-31 00:00:00+00:00,12,1000000.0,0.0,1.134574566443928
2023-06-01 00:00:00+00:00,12,1000000.0,0.0,1.1579821641235362
2023-06-02 00:00:00+00:00,12,1000000.0,0.0,1.2138581754880544
2023-06-05 00:00:00+00:00,12,1000000.0,0.0,1.2983940328778054
2023-06-06 00:00:00+00:00,12,1000000.0,0.0,1.3608671060934232
2023-06-07 00:00:00+00:00,12,1000000.0,0.0,1.4775247670038967
2023-06-08 00:00:00+00:00,12,1000000.0,0.0,1.559587416365252
2023-06-09 00:00:00+00:00,12,1000000.0,0.0,1.5545606680291484
2023-06-12 00:00:00+00:00,12,1000000.0,0.0,1.4430353211755924
2023-06-13 00:00:00+00:00,12,1000000.0,0.0,1.2084238365899136
2023-06-14 00:00:00+00:00,12,1000000.0,0.0,1.3452481169987283
2023-06-15 00:00:00+00:00,12,1000000.0,0.0,1.3041810619512684
2023-06-16 00:00:00+00:00,12,1000000.0,0.0,1.2343172193417953
2023-06-20 00:00:00+00:00,12,1000000.0,0.0,1.2987254197955167
2023-06-21 00:00:00+00:00,12,1000000.0,0.0,1.509620106106515
2023-06-22 00:00:00+00:00,12,1000000.0,0.0,1.566115078314271
2023-06-23 00:00:00+00:00,12,1000000.0,0.0,1.4075392907294755
2023-06-26 00:00:00+00:00,12,1000000.0,0.0,1.1864770837015728
2023-06-27 00:00:00+00:00,12,1000000.0,0.0,1.1820486860035335
2023-06-28 00:00:00+00:00,12,1000000.0,0.0,1.16975324098921
2023-06-29 00:00:00+00:00,12,1000000.0,0.0,1.1381424970025171
2023-06-30 00:00:00+00:00,12,1000000.0,0.0,1.0132504518523593
2023-07-03 00:00:00+00:00,13,1000000.0,0.0,1.0221901658524137
2023-07-05 00:00:00+00:00,13,1000000.0,0.0,1.041011364492542
2023-07-06 00:00:00+00:00,13,1000000.0,0.0,1.0140891612188776
2023-07-07 00:00:00+00:00,13,1000000.0,0.0,1.073531836037819
2023-07-10 00:00:00+00:00,13,1000000.0,0.0,1.1625406953184485
2023-07-11 00:00:00+00:00,13,1000000.0,0.0,1.0869591376978738
2023-07-12 00:00:00+00:00,13,1000000.0,0.0,1.0056910338947338
2023-07-13 00:00:00+00:00,13,1000000.0,0.0,0.9104380411711261
2023-07-14 00:00:00+00:00,13,1000000.0,0.0,1.061881882023778
2023-07-17 00:00:00+00:00,13,1000000.0,0.0,1.691021231417528
2023-07-18 00:00:00+00:00,13,999975.0,-2.5e-05,1.9814688775539953
2023-07-19 00:00:00+00:00,13,1000347.4283418749,0.0003724376528161732,2.1872396004767354
2023-07-20 00:00:00+00:00,13,1000964.169515126,0.0006165269743067782,2.3102740342648325
2023-07-21 00:00:00+00:00,13,999423.1673066368,-0.0015395178523080384,2.3367383255777145
2023-07-24 00:00:00+00:00,13,999122.6253978575,-0.0003007153712368242,2.4928526256077856
2023-07-25 00:00:00+00:00,13,998724.2899767695,-0.0003986852173720071,2.368574982352988
2023-07-26 00:00:00+00:00,13,999162.9219915995,0.00043919229684522573,2.227577923954682
2023-07-27 00:00:00+00:00,13,1001474.2865336476,0.0023133009554046563,2.05425686788847
2023-07-28 00:00:00+00:00,13,999789.728665258,-0.001682078003440512,2.020505552483782
2023-07-31 00:00:00+00:00,13,999719.7584743275,-6.998490675028368e-05,2.0617488656014427
2023-08-01 00:00:00+00:00,13,1000303.520492432,0.000583925658321917,1.6949965478373805
2023-08-02 00:00:00+00:00,13,1000507.967924777,0.00020438539718849522,1.4411650733812107
2023-08-03 00:00:00+00:00,13,1003025.44836527,0.0025162022904372987,1.430210795285698
2023-08-04 00:00:00+00:00,13,1003536.5838399549,0.0005095937251820771,1.4719070927398743
2023-08-07 00:00:00+00:00,13,1002802.3187785167,-0.0007316774228883533,1.6456122020596085
2023-08-08 00:00:00+00:00,13,1003779.5684950866,0.0009745188042248055,1.8548712477556202
2023-08-09 00:00:00+00:00,13,1005815.0939193566,0.0020278609847794713,1.8938416175685742
2023-08-10 00:00:00+00:00,13,1005755.0967150428,-5.9650332030674e-05,2.176476954874978
2023-08-11 00:00:00+00:00,13,1005190.263822944,-0.0005616008250354862,2.3255129807945023
2023-08-14 00:00:00+00:00,13,1005397.3056637618,0.00020597278770922121,2.2342615645688153
2023-08-15 00:00:00+00:00,13,1004427.5584133682,-0.000964541326031692,2.183006687880839
2023-08-16 00:00:00+00:00,13,1002596.9132250893,-0.001822575628222133,2.181415228282994
2023-08-17 00:00:00+00:00,13,1004137.0514352219,0.0015361489645708006,2.1689709522615024
2023-08-18 00:00:00+00:00,13,1005586.4062649631,0.0014433834780517268,2.338796079301253
2023-08-21 00:00:00+00:00,13,1004274.3692522389,-0.001304748159432155,2.511678337231696
2023-08-22 00:00:00+00:00,13,1004702.8730181776,0.00042667997815949623,2.5832441560206703
2023-08-23 00:00:00+00:00,13,1003212.8821093066,-0.0014830164707252524,2.6353275456422867
2023-08-24 00:00:00+00:00,13,1003378.5461517352,0.00016513348799936098,2.6367535780931988
2023-08-25 00:00:00+00:00,13,1004912.1689776129,0.0015284588570879246,2.6420648885739446
2023-08-28 00:00:00+00:00,13,1005016.5084439509,0.00010382943859083703,2.81154275606466
2023-08-29 00:00:00+00:00,13,1006034.9195570871,0.0010133277459422063,3.0596692158698255
2023-08-30 00:00:00+00:00,13,1007253.8571267861,0.001211625507229572,3.3842164651637194
2023-08-31 00:00:00+00:00,13,1006877.3839210968,-0.0003737619896172341,3.875111098958362
2023-09-01 00:00:00+00:00,13,1007204.4829190259,0.0003248647781275087,4.14146214083288
2023-09-05 00:00:00+00:00,13,1005312.1117252525,-0.0018788351579702006,3.9448160552097566
2023-09-06 00:00:00+00:00,13,1006236.2810511678,0.000919285976102766,3.4713558073357786
2023-09-07 00:00:00+00:00,13,1005681.1741740884,-0.0005516665295545256,3.0526866178415073
2023-09-08 00:00:00+00:00,13,1007421.282953573,0.001730278764454049,2.734846927623831
2023-09-11 00:00:00+00:00,13,1008166.5402622591,0.0007397672863343515,2.5925378900965854
2023-09-12 00:00:00+00:00,13,1010164.1470994368,0.001981425446492321,2.5231833905898218
2023-09-13 00:00:00+00:00,13,1009178.3129075755,-0.000975914849771725,2.4737721229907064
2023-09-14 00:00:00+00:00,13,1010732.5244084363,0.0015400761995993184,2.3831327862104805
2023-09-15 00:00:00+00:00,13,1010732.5244084363,0.0,2.329572807881297
2023-09-18 00:00:00+00:00,13,1010732.5244084363,0.0,2.3282248126499
2023-09-19 00:00:00+00:00,13,1010732.5244084363,0.0,2.332459377828218
2023-09-20 00:00:00+00:00,13,1010732.5244084363,0.0,2.300483481829715
2023-09-21 00:00:00+00:00,13,1010732.5244084363,0.0,2.294400597471128
2023-09-22 00:00:00+00:00,13,1010732.5244084363,0.0,2.312379210321652
2023-09-25 00:00:00+00:00,13,1010732.5244084363,0.0,2.311108199176455
2023-09-26 00:00:00+00:00,13,1010732.5244084363,0.0,2.2408697047989925
2023-09-27 00:00:00+00:00,13,1010732.5244084363,0.0,2.206074456391632
2023-09-28 00:00:00+00:00,13,1010732.5244084363,0.0,2.1655094573377425
2023-09-29 00:00:00+00:00,13,1010732.5244084363,0.0,2.073058523307932
2023-10-02 00:00:00+00:00,14,1000000.0,0.0,2.0471811455366
2023-10-03 00:00:00+00:00,14,1000000.0,0.0,2.0523224053632543
2023-10-04 00:00:00+00:00,14,1000000.0,0.0,2.0268871270429156
2023-10-05 00:00:00+00:00,14,1000000.0,0.0,2.079332213464496
2023-10-06 00:00:00+00:00,14,1000000.0,0.0,2.2067518557644323
2023-10-09 00:00:00+00:00,14,1000000.0,0.0,2.4863088747795183
2023-10-10 00:00:00+00:00,14,1000000.0,0.0,2.7381181952783913
2023-10-11 00:00:00+00:00,14,1000000.0,0.0,3.0176289164071743
2023-10-12 00:00:00+00:00,14,1000000.0,0.0,3.1833542646006676
2023-10-13 00:00:00+00:00,14,1000000.0,0.0,3.2849875227979455
2023-10-16 00:00:00+00:00,14,1000000.0,0.0,3.3856009045053606
2023-10-17 00:00:00+00:00,14,1000000.0,0.0,3.4411746091232427
2023-10-18 00:00:00+00:00,14,1000000.0,0.0,3.487103249546901
2023-10-19 00:00:00+00:00,14,1000000.0,0.0,3.5083159555828005
2023-10-20 00:00:00+00:00,14,1000000.0,0.0,3.521854133782713
2023-10-23 00:00:00+00:00,14,1000000.0,0.0,3.52843057679101
2023-10-24 00:00:00+00:00,14,1000000.0,0.0,3.41161789642573
2023-10-25 00:00:00+00:00,14,1000000.0,0.0,3.122253328498066
2023-10-26 00:00:00+00:00,14,1000000.0,0.0,2.8510543245430258
2023-10-27 00:00:00+00:00,14,1000000.0,0.0,2.473983771444905
2023-10-30 00:00:00+00:00,14,1000000.0,0.0,1.759179747389338
2023-10-31 00:00:00+00:00,14,999979.0542892216,-2.0945710778352804e-05,1.2007718172296569
2023-11-01 00:00:00+00:00,14,999596.5137477766,-0.00038254855419639637,0.7172158616560438
2023-11-02 00:00:00+00:00,14,999740.475421593,0.00014401978381913596,0.24733332255373774
2023-11-03 00:00:00+00:00,14,1000198.398387492,0.00045804183901427284,0.06217934564130534
2023-11-06 00:00:00+00:00,14,1001524.8891048633,0.0013262275959547423,-0.1206598155229699
2023-11-07 00:00:00+00:00,14,1001231.7902071384,-0.00029265263491039364,-0.3575151887087511
2023-11-08 00:00:00+00:00,14,1000932.177429795,-0.00029924417130361403,-0.661768424144066
2023-11-09 00:00:00+00:00,14,1000667.2861925706,-0.0002646445415558953,-1.365605462378408
2023-11-10 00:00:00+00:00,14,1000615.5678674676,-5.168383719199733e-05,-2.191218048110523
2023-11-13 00:00:00+00:00,14,1000303.3734407291,-0.00031200236810616065,-3.03251395447501
2023-11-14 00:00:00+00:00,14,1001618.9743464852,0.0013152019084279036,-3.7562478899679066
2023-11-15 00:00:00+00:00,14,1002568.6637931224,0.0009481544089725407,-4.778382329298594
2023-11-16 00:00:00+00:00,14,1001171.5843043276,-0.001393500055656107,-4.714941504843179
2023-11-17 00:00:00+00:00,14,1000498.339663901,-0.0006724568005936799,-4.50732090493379
2023-11-20 00:00:00+00:00,14,1000876.4900789454,0.00037796206155767034,-4.576277534369572
2023-11-21 00:00:00+00:00,14,1000606.484124789,-0.0002697695038626593,-4.511319315245677
2023-11-22 00:00:00+00:00,14,1001287.6309927368,0.000680734013575332,-4.340443719751636
2023-11-24 00:00:00+00:00,14,1001248.4192894646,-3.916127799692313e-05,-4.412296386572577
2023-11-27 00:00:00+00:00,14,1001572.2173035656,0.00032339428244068874,-4.431145932773701
2023-11-28 00:00:00+00:00,14,1002253.2499403568,0.0006799635862750986,-4.201065219835208
2023-11-29 00:00:00+00:00,14,1002554.6295830444,0.00030070208573088324,-3.8713262045604813
2023-11-30 00:00:00+00:00,14,1001825.8226377089,-0.0007269498577236549,-3.3751515991691976
2023-12-01 00:00:00+00:00,14,1002816.8367260522,0.0009892079700382654,-3.026178486656068
2023-12-04 00:00:00+00:00,14,1003229.0591182486,0.00041106449064240034,-2.4093438394608926
2023-12-05 00:00:00+00:00,14,1003832.7606416845,0.0006017584099552354,-1.1011216810040656
2023-12-06 00:00:00+00:00,14,1004697.0661651635,0.000861005495503568,0.376874550991392
2023-12-07 00:00:00+00:00,14,1004697.0661651635,0.0,1.5218554861858085
2023-12-08 00:00:00+00:00,14,1004697.0661651635,0.0,2.513508936202265
2023-12-11 00:00:00+00:00,14,1004697.0661651635,0.0,3.3230546113601847
2023-12-12 00:00:00+00:00,14,1004697.0661651635,0.0,3.4312199951263
2023-12-13 00:00:00+00:00,14,1004697.0661651635,0.0,3.5270721755484846
2023-12-14 00:00:00+00:00,14,1004697.0661651635,0.0,3.713672772314794
2023-12-15 00:00:00+00:00,14,1004697.0661651635,0.0,3.797471103610867
2023-12-18 00:00:00+00:00,14,1004697.0661651635,0.0,4.2224638003980965
2023-12-19 00:00:00+00:00,14,1004697.0661651635,0.0,4.595739598963138
2023-12-20 00:00:00+00:00,14,1004697.0661651635,0.0,4.628848808096385
2023-12-21 00:00:00+00:00,14,1004697.0661651635,0.0,4.74023638888189
2023-12-22 00:00:00+00:00,14,1004697.0661651635,0.0,4.750593242615074
2023-12-26 00:00:00+00:00,14,1004697.0661651635,0.0,4.7255645854507
2023-12-27 00:00:00+00:00,14,1004697.0661651635,0.0,4.587137364694137
2023-12-28 00:00:00+00:00,14,1004697.0661651635,0.0,4.456543303746322
2023-12-29 00:00:00+00:00,14,1004697.0661651635,0.0,4.555514531582148
2024-01-02 00:00:00+00:00,15,1000000.0,0.0,4.662080212013696
2024-01-03 00:00:00+00:00,15,1000000.0,0.0,4.545741366169076
2024-01-04 00:00:00+00:00,15,1000000.0,0.0,3.981357163755579
2024-01-05 00:00:00+00:00,15,1000000.0,0.0,3.553666986192414
2024-01-08 00:00:00+00:00,15,1000000.0,0.0,2.988800084330338
2024-01-09 00:00:00+00:00,15,1000000.0,0.0,2.613647973309971
2024-01-10 00:00:00+00:00,15,1000000.0,0.0,1.9776982929085891
2024-01-11 00:00:00+00:00,15,1000000.0,0.0,1.3424418887598173
2024-01-12 00:00:00+00:00,15,1000000.0,0.0,0.7514217011552011
2024-01-16 00:00:00+00:00,15,1000000.0,0.0,0.48361636618639814
2024-01-17 00:00:00+00:00,15,1000000.0,0.0,0.021574414809610865
2024-01-18 00:00:00+00:00,15,1000000.0,0.0,-0.3083906723711616
2024-01-19 00:00:00+00:00,15,1000000.0,0.0,-0.5781521095094613
2024-01-22 00:00:00+00:00,15,1000000.0,0.0,-0.5135722725460541
2024-01-23 00:00:00+00:00,15,1000000.0,0.0,-0.34980149975144936
2024-01-24 00:00:00+00:00,15,1000000.0,0.0,-0.3454451186007317
2024-01-25 00:00:00+00:00,15,1000000.0,0.0,-0.3467246540458184
2024-01-26 00:00:00+00:00,15,1000000.0,0.0,-0.21351537534692522
2024-01-29 00:00:00+00:00,15,1000000.0,0.0,0.05977942866260477
2024-01-30 00:00:00+00:00,15,1000000.0,0.0,0.25947346507950364
2024-01-31 00:00:00+00:00,15,1000000.0,0.0,0.6028011111338127
2024-02-01 00:00:00+00:00,15,1000000.0,0.0,0.7745946159536663
2024-02-02 00:00:00+00:00,15,1000000.0,0.0,0.9437333114264446
2024-02-05 00:00:00+00:00,15,1000000.0,0.0,0.9183810009016353
2024-02-06 00:00:00+00:00,15,1000000.0,0.0,0.8799982294649356
2024-02-07 00:00:00+00:00,15,1000000.0,0.0,0.8353194508732171
2024-02-08 00:00:00+00:00,15,1000000.0,0.0,0.8035334876665372
2024-02-09 00:00:00+00:00,15,1000000.0,0.0,0.7689153958217139
2024-02-12 00:00:00+00:00,15,1000000.0,0.0,0.7747745311843914
2024-02-13 00:00:00+00:00,15,1000000.0,0.0,0.7142986867613725
2024-02-14 00:00:00+00:00,15,1000000.0,0.0,0.6689510751183274
2024-02-15 00:00:00+00:00,15,1000000.0,0.0,0.6445812249937841
2024-02-16 00:00:00+00:00,15,1000000.0,0.0,0.5600882880386475
2024-02-20 00:00:00+00:00,15,1000000.0,0.0,0.45864534695802206
2024-02-21 00:00:00+00:00,15,1000000.0,0.0,0.3289238731039523
2024-02-22 00:00:00+00:00,15,1000000.0,0.0,0.2584740422840257
2024-02-23 00:00:00+00:00,15,1000000.0,0.0,0.22482637355275692
2024-02-26 00:00:00+00:00,15,1000000.0,0.0,0.17153743056188642
2024-02-27 00:00:00+00:00,15,1000000.0,0.0,0.18861733827677174
2024-02-28 00:00:00+00:00,15,1000000.0,0.0,0.2265645460290866
2024-02-29 00:00:00+00:00,15,1000000.0,0.0,0.2844964961785177
2024-03-01 00:00:00+00:00,15,1000000.0,0.0,0.32224299616477126
2024-03-04 00:00:00+00:00,15,1000000.0,0.0,0.5597198735519111
2024-03-05 00:00:00+00:00,15,1000000.0,0.0,0.882393042280678
2024-03-06 00:00:00+00:00,15,1000000.0,0.0,1.4833991873320227
2024-03-07 00:00:00+00:00,15,1000000.0,0.0,3.416024905261902
2024-03-08 00:00:00+00:00,15,1000000.0,0.0,5.008291453977004
2024-03-11 00:00:00+00:00,15,1000000.0,0.0,5.483051781219107
2024-03-12 00:00:00+00:00,15,1000000.0,0.0,5.381271089033454
2024-03-13 00:00:00+00:00,15,1000000.0,0.0,5.3813597160357745
2024-03-14 00:00:00+00:00,15,1000000.0,0.0,5.096997132142396
2024-03-15 00:00:00+00:00,15,1000000.0,0.0,4.779256972748066
2024-03-18 00:00:00+00:00,15,1000000.0,0.0,4.648602698781591
2024-03-19 00:00:00+00:00,15,1000000.0,0.0,4.509266087190895
2024-03-20 00:00:00+00:00,15,1000000.0,0.0,4.287317168034755
2024-03-21 00:00:00+00:00,15,1000000.0,0.0,4.24032315954434
2024-03-22 00:00:00+00:00,15,1000000.0,0.0,4.219188065008358
2024-03-25 00:00:00+00:00,15,1000000.0,0.0,4.192139978673885
2024-03-26 00:00:00+00:00,15,1000000.0,0.0,4.129083249994075
2024-03-27 00:00:00+00:00,15,1000000.0,0.0,4.121879772085719
2024-03-28 00:00:00+00:00,15,1000000.0,0.0,4.117357311440743
2024-04-01 00:00:00+00:00,16,1000000.0,0.0,4.038580952750533
2024-04-02 00:00:00+00:00,16,1000000.0,0.0,3.8310918967618988
2024-04-03 00:00:00+00:00,16,1000000.0,0.0,3.611551837797056
2024-04-04 00:00:00+00:00,16,1000000.0,0.0,3.390056968420647
2024-04-05 00:00:00+00:00,16,1000000.0,0.0,3.1842634231331806
2024-04-08 00:00:00+00:00,16,1000000.0,0.0,3.0199677956629642
2024-04-09 00:00:00+00:00,16,1000000.0,0.0,2.825046690767614
2024-04-10 00:00:00+00:00,16,1000000.0,0.0,2.682095312255997
2024-04-11 00:00:00+00:00,16,1000000.0,0.0,2.555296551268692
2024-04-12 00:00:00+00:00,16,1000000.0,0.0,2.434967867914769
2024-04-15 00:00:00+00:00,16,1000000.0,0.0,2.3784492818686176
2024-04-16 00:00:00+00:00,16,1000000.0,0.0,2.3162366800586742
2024-04-17 00:00:00+00:00,16,1000000.0,0.0,2.356301556692049
2024-04-18 00:00:00+00:00,16,1000000.0,0.0,2.3906032958480448
2024-04-19 00:00:00+00:00,16,1000000.0,0.0,2.5269026857127854
2024-04-22 00:00:00+00:00,16,1000000.0,0.0,2.6362091801253427
2024-04-23 00:00:00+00:00,16,1000000.0,0.0,2.7131500426048567
2024-04-24 00:00:00+00:00,16,1000000.0,0.0,2.6938211389249807
2024-04-25 00:00:00+00:00,16,1000000.0,0.0,2.6636052602567464
2024-04-26 00:00:00+00:00,16,1000000.0,0.0,2.4831175005275057
2024-04-29 00:00:00+00:00,16,1000000.0,0.0,2.3433713641494083
2024-04-30 00:00:00+00:00,16,1000000.0,0.0,2.0503692374635745
2024-05-01 00:00:00+00:00,16,1000000.0,0.0,1.9779743347766443
2024-05-02 00:00:00+00:00,16,1000000.0,0.0,1.9448796576850165
2024-05-03 00:00:00+00:00,16,1000000.0,0.0,2.048078498112444
2024-05-06 00:00:00+00:00,16,1000000.0,0.0,2.2633516969556107
2024-05-07 00:00:00+00:00,16,1000000.0,0.0,2.5569059080249135
2024-05-08 00:00:00+00:00,16,1000000.0,0.0,2.9265588490159797
2024-05-09 00:00:00+00:00,16,1000000.0,0.0,3.5332373313980163
2024-05-10 00:00:00+00:00,16,1000000.0,0.0,3.941082620897192
2024-05-13 00:00:00+00:00,16,1000000.0,0.0,4.385402748649941
2024-05-14 00:00:00+00:00,16,1000000.0,0.0,4.636568851884371
2024-05-15 00:00:00+00:00,16,1000000.0,0.0,4.696000865968713
2024-05-16 00:00:00+00:00,16,1000000.0,0.0,4.697707229358751
2024-05-17 00:00:00+00:00,16,1000000.0,0.0,4.672441851439042
2024-05-20 00:00:00+00:00,16,1000000.0,0.0,4.616661306542307
2024-05-21 00:00:00+00:00,16,1000000.0,0.0,4.5771074815488975
2024-05-22 00:00:00+00:00,16,1000000.0,0.0,4.495989296797781
2024-05-23 00:00:00+00:00,16,1000000.0,0.0,4.113199001949163
2024-05-24 00:00:00+00:00,16,1000000.0,0.0,3.585213258915374
2024-05-28 00:00:00+00:00,16,1000000.0,0.0,3.0847888437386777
2024-05-29 00:00:00+00:00,16,1000000.0,0.0,2.7725690660815814
2024-05-30 00:00:00+00:00,16,1000000.0,0.0,2.4968037432648456
2024-05-31 00:00:00+00:00,16,1000000.0,0.0,2.327628385666239
2024-06-03 00:00:00+00:00,16,1000000.0,0.0,2.2016143301950177
2024-06-04 00:00:00+00:00,16,1000000.0,0.0,1.831196645814706
2024-06-05 00:00:00+00:00,16,1000000.0,0.0,1.4874386178119896
2024-06-06 00:00:00+00:00,16,999979.7494951262,-2.0250504873809403e-05,1.0095787530815548
2024-06-07 00:00:00+00:00,16,1001339.5480064007,0.0013598260484385296,0.6167993813466719
2024-06-10 00:00:00+00:00,16,1001295.355494808,-4.413339279430909e-05,0.41794819958106455
2024-06-11 00:00:00+00:00,16,1001956.6080970429,0.0006603971531537387,0.5990033712520271
2024-06-12 00:00:00+00:00,16,1001702.1692985075,-0.0002539419336917424,0.8217415801769903
2024-06-13 00:00:00+00:00,16,1001542.9805452625,-0.00015891824748321063,0.7774189537609972
2024-06-14 00:00:00+00:00,16,1002185.8029844185,0.0006418321047051221,0.7851676966987959
2024-06-17 00:00:00+00:00,16,1003319.1697085008,0.00113089481082981,0.8846955560690493
2024-06-18 00:00:00+00:00,16,1002327.2908051485,-0.0009885975802101754,1.083924006131185
2024-06-20 00:00:00+00:00,16,1002415.4080639862,8.79126605112155e-05,1.1551658205930213
2024-06-21 00:00:00+00:00,16,1002427.4688538588,1.203172833888951e-05,1.2309121269552104
2024-06-24 00:00:00+00:00,16,1002046.2293939185,-0.00038031625407883974,1.3139985931141633
2024-06-25 00:00:00+00:00,16,1001401.9200080659,-0.0006429936732982489,1.432622755202238
2024-06-26 00:00:00+00:00,16,999565.22708629,-0.0018341216299655838,1.5864583289269163
2024-06-27 00:00:00+00:00,16,999565.22708629,0.0,1.7385527233008373
2024-06-28 00:00:00+00:00,16,999565.22708629,0.0,1.8976206587182465
2024-07-01 00:00:00+00:00,17,1000000.0,0.0,2.0520904170834413
2024-07-02 00:00:00+00:00,17,1000000.0,0.0,2.11480817831749
2024-07-03 00:00:00+00:00,17,1000000.0,0.0,2.203191015929092
2024-07-05 00:00:00+00:00,17,1000000.0,0.0,2.2806784769759845
2024-07-08 00:00:00+00:00,17,1000000.0,0.0,2.268551772043867
2024-07-09 00:00:00+00:00,17,1000000.0,0.0,2.1956689023651266
2024-07-10 00:00:00+00:00,17,1000000.0,0.0,2.1394873043194753
2024-07-11 00:00:00+00:00,17,1000000.0,0.0,2.1489502028852785
2024-07-12 00:00:00+00:00,17,1000000.0,0.0,2.24466848982773
2024-07-15 00:00:00+00:00,17,1000000.0,0.0,2.257449854610787
2024-07-16 00:00:00+00:00,17,1000000.0,0.0,2.2789074040402797
2024-07-17 00:00:00+00:00,17,1000000.0,0.0,2.7213333188340427
2024-07-18 00:00:00+00:00,17,1000000.0,0.0,2.4719244706639025
2024-07-19 00:00:00+00:00,17,1000000.0,0.0,2.269901639289154
2024-07-22 00:00:00+00:00,17,1000000.0,0.0,2.231833402062119
2024-07-23 00:00:00+00:00,17,1000000.0,0.0,2.2466662222585483
2024-07-24 00:00:00+00:00,17,1000000.0,0.0,2.2343977938240114
2024-07-25 00:00:00+00:00,17,1000000.0,0.0,2.318952760794727
2024-07-26 00:00:00+00:00,17,1000000.0,0.0,2.4018572127389715
2024-07-29 00:00:00+00:00,17,1000000.0,0.0,2.4479654610356865
2024-07-30 00:00:00+00:00,17,1000000.0,0.0,2.551634262465096
2024-07-31 00:00:00+00:00,17,1000000.0,0.0,2.5629990476489892
2024-08-01 00:00:00+00:00,17,1000000.0,0.0,2.259041736814514
2024-08-02 00:00:00+00:00,17,1000000.0,0.0,2.4615963460526413
2024-08-05 00:00:00+00:00,17,1000000.0,0.0,2.81079619312387
2024-08-06 00:00:00+00:00,17,1000000.0,0.0,2.639668966323467
2024-08-07 00:00:00+00:00,17,1000000.0,0.0,2.021884344228539
2024-08-08 00:00:00+00:00,17,1000000.0,0.0,2.0272841226289
2024-08-09 00:00:00+00:00,17,1000000.0,0.0,2.968965123709648
2024-08-12 00:00:00+00:00,17,1000000.0,0.0,4.047932066899787
2024-08-13 00:00:00+00:00,17,999978.144853031,-2.1855146968970075e-05,4.835240175730245
2024-08-14 00:00:00+00:00,17,1000737.3730682232,0.0007592448085990891,5.356235903639471
2024-08-15 00:00:00+00:00,17,998730.0331904519,-0.0020058608100314086,5.906482667196057
2024-08-16 00:00:00+00:00,17,997902.5808151596,-0.0008285045485705566,6.1687716986395
2024-08-19 00:00:00+00:00,17,998508.7274201047,0.0006074206206079991,6.356090692580224
2024-08-20 00:00:00+00:00,17,996478.6666526019,-0.0020330926628432415,6.553288221742813
2024-08-21 00:00:00+00:00,17,995516.5799388336,-0.0009654865136252005,6.355952942141847
2024-08-22 00:00:00+00:00,17,995962.8501884292,0.000448280077488064,5.480825208013174
2024-08-23 00:00:00+00:00,17,996047.6154022174,8.51088108076529e-05,4.7210681516681925
2024-08-26 00:00:00+00:00,17,997646.8708829593,0.0016056014351243286,3.9635110661246697
2024-08-27 00:00:00+00:00,17,997976.2469204321,0.00033015292994527314,3.8183889974842886
2024-08-28 00:00:00+00:00,17,997199.7397606809,-0.0007780818052005718,3.7520451964998256
2024-08-29 00:00:00+00:00,17,997650.222137331,0.00045174738689583287,4.053462759109933
2024-08-30 00:00:00+00:00,17,997285.4888289636,-0.000365592369223393,5.128589871119896
2024-09-03 00:00:00+00:00,17,997356.9412616236,7.164691902209253e-05,4.8478361796240845
2024-09-04 00:00:00+00:00,17,998149.8050023451,0.0007949648795931958,4.078749409291378
2024-09-05 00:00:00+00:00,17,998125.2086399837,-2.4641954782923415e-05,2.2816776823064027
2024-09-06 00:00:00+00:00,17,999401.8828283551,0.001279072181846762,0.9787619579774351
2024-09-09 00:00:00+00:00,17,1000534.8835150825,0.0011336787594606267,0.47104467881150036
2024-09-10 00:00:00+00:00,17,998280.0427410491,-0.002253635341640201,0.39191349155940713
2024-09-11 00:00:00+00:00,17,997010.5014977625,-0.0012717285620582979,-0.020178747020811016
2024-09-12 00:00:00+00:00,17,997643.3044104169,0.0006347003483952524,0.5836825580040186
2024-09-13 00:00:00+00:00,17,996526.4143410361,-0.0011195284571581493,1.0549733976099662
2024-09-16 00:00:00+00:00,17,996744.6455660881,0.00021899191221774218,1.2674282219918012
2024-09-17 00:00:00+00:00,17,997038.4258002187,0.0002947397163731102,1.3952535176377574
2024-09-18 00:00:00+00:00,17,997038.4258002187,0.0,1.4033776010013876
2024-09-19 00:00:00+00:00,17,997038.4258002187,0.0,1.3884369841349309
2024-09-20 00:00:00+00:00,17,997038.4258002187,0.0,1.401618602268671
2024-09-23 00:00:00+00:00,17,997038.4258002187,0.0,1.3443542901257501
2024-09-24 00:00:00+00:00,17,997038.4258002187,0.0,1.2001982094942343
2024-09-25 00:00:00+00:00,17,997038.4258002187,0.0,0.9969762701803706
2024-09-26 00:00:00+00:00,17,997038.4258002187,0.0,0.8691796021967733
2024-09-27 00:00:00+00:00,17,997038.4258002187,0.0,0.5982947634124169
2024-09-30 00:00:00+00:00,17,997038.4258002187,0.0,0.48077996490023267
2024-10-01 00:00:00+00:00,18,1000000.0,0.0,0.41968569375076914
2024-10-02 00:00:00+00:00,18,1000000.0,0.0,0.3546326544573253
2024-10-03 00:00:00+00:00,18,1000000.0,0.0,0.48695003695925543
2024-10-04 00:00:00+00:00,18,1000000.0,0.0,0.5704503758126442
2024-10-07 00:00:00+00:00,18,1000000.0,0.0,0.951040679495085
2024-10-08 00:00:00+00:00,18,1000000.0,0.0,1.2352852450924878
2024-10-09 00:00:00+00:00,18,1000000.0,0.0,1.3370805548597544
2024-10-10 00:00:00+00:00,18,1000000.0,0.0,1.3783692523662925
2024-10-11 00:00:00+00:00,18,1000000.0,0.0,1.4063107992759205
2024-10-14 00:00:00+00:00,18,1000000.0,0.0,1.4034738800305542
2024-10-15 00:00:00+00:00,18,1000000.0,0.0,1.4189730907704332
2024-10-16 00:00:00+00:00,18,1000000.0,0.0,1.4288725791676566
2024-10-17 00:00:00+00:00,18,1000000.0,0.0,1.4563488380614311
2024-10-18 00:00:00+00:00,18,1000000.0,0.0,1.4327483633518536
2024-10-21 00:00:00+00:00,18,1000000.0,0.0,1.5011530404657845
2024-10-22 00:00:00+00:00,18,1000000.0,0.0,1.5323231065762801
2024-10-23 00:00:00+00:00,18,1000000.0,0.0,1.6346514566547987
2024-10-24 00:00:00+00:00,18,1000000.0,0.0,1.7308460056852826
2024-10-25 00:00:00+00:00,18,1000000.0,0.0,1.8749331037370633
2024-10-28 00:00:00+00:00,18,1000000.0,0.0,1.9318360288932999
2024-10-29 00:00:00+00:00,18,1000000.0,0.0,2.0253465094996104
2024-10-30 00:00:00+00:00,18,1000000.0,0.0,2.141396732588808
2024-10-31 00:00:00+00:00,18,1000000.0,0.0,2.281671978972439
2024-11-01 00:00:00+00:00,18,1000000.0,0.0,2.489379912691696
2024-11-04 00:00:00+00:00,18,1000000.0,0.0,2.982077067998997
2024-11-05 00:00:00+00:00,18,1000000.0,0.0,3.094256922790543
2024-11-06 00:00:00+00:00,18,1000000.0,0.0,3.191394920979739
2024-11-07 00:00:00+00:00,18,1000000.0,0.0,3.387217972025276
2024-11-08 00:00:00+00:00,18,1000000.0,0.0,4.094320134858003
2024-11-11 00:00:00+00:00,18,1000000.0,0.0,4.452220477771816
2024-11-12 00:00:00+00:00,18,1000000.0,0.0,4.7797119498397445
2024-11-13 00:00:00+00:00,18,1000000.0,0.0,4.800384381718708
2024-11-14 00:00:00+00:00,18,1000000.0,0.0,4.570851874667907
2024-11-15 00:00:00+00:00,18,1000000.0,0.0,4.520335712273884
2024-11-18 00:00:00+00:00,18,1000000.0,0.0,4.460372167188682
2024-11-19 00:00:00+00:00,18,1000000.0,0.0,4.003092003796579
2024-11-20 00:00:00+00:00,18,1000000.0,0.0,4.040495675259294
2024-11-21 00:00:00+00:00,18,1000000.0,0.0,3.597330269793545
2024-11-22 00:00:00+00:00,18,1000000.0,0.0,2.4937087319397917
2024-11-25 00:00:00+00:00,18,1000000.0,0.0,1.0649119059085512
2024-11-26 00:00:00+00:00,18,1000000.0,0.0,0.30512780845269205
2024-11-27 00:00:00+00:00,18,1000000.0,0.0,0.8110690671223333
2024-11-29 00:00:00+00:00,18,1000000.0,0.0,1.207368682379868
2024-12-02 00:00:00+00:00,18,1000000.0,0.0,1.542209407428766
2024-12-03 00:00:00+00:00,18,1000000.0,0.0,1.9478613220458039
2024-12-04 00:00:00+00:00,18,1000000.0,0.0,2.320552597870202
2024-12-05 00:00:00+00:00,18,1000000.0,0.0,2.8463962997112553
2024-12-06 00:00:00+00:00,18,1000000.0,0.0,3.194028946499837
2024-12-09 00:00:00+00:00,18,1000000.0,0.0,3.194957470309229
2024-12-10 00:00:00+00:00,18,1000000.0,0.0,3.2734687491819487
2024-12-11 00:00:00+00:00,18,1000000.0,0.0,3.410806547074083
2024-12-12 00:00:00+00:00,18,1000000.0,0.0,3.62762831169065
2024-12-13 00:00:00+00:00,18,1000000.0,0.0,3.666473900861069
2024-12-16 00:00:00+00:00,18,1000000.0,0.0,3.6403986332328664
2024-12-17 00:00:00+00:00,18,1000000.0,0.0,3.326285210298155
2024-12-18 00:00:00+00:00,18,1000000.0,0.0,2.891670447743424
2024-12-19 00:00:00+00:00,18,1000000.0,0.0,2.366427235367891
2024-12-20 00:00:00+00:00,18,1000000.0,0.0,1.8561620066166538
2024-12-23 00:00:00+00:00,18,1000000.0,0.0,1.5037548088792771
2024-12-24 00:00:00+00:00,18,1000000.0,0.0,1.2270485342426847
2024-12-26 00:00:00+00:00,18,1000000.0,0.0,1.013425428313841
2024-12-27 00:00:00+00:00,18,1000000.0,0.0,0.791123065338053
2024-12-30 00:00:00+00:00,18,1000000.0,0.0,0.5866114879914326
2024-12-31 00:00:00+00:00,18,1000000.0,0.0,0.48909984118060645
2025-01-02 00:00:00+00:00,19,1000000.0,0.0,0.44314868679206754
2025-01-03 00:00:00+00:00,19,1000000.0,0.0,0.3765919746859403
2025-01-06 00:00:00+00:00,19,1000000.0,0.0,0.3306191157811922
2025-01-07 00:00:00+00:00,19,1000000.0,0.0,0.2530306863324885
2025-01-08 00:00:00+00:00,19,1000000.0,0.0,0.05280447106554398
2025-01-10 00:00:00+00:00,19,1000000.0,0.0,-0.11570053502471023
2025-01-13 00:00:00+00:00,19,1000000.0,0.0,-0.2600318931849497
2025-01-14 00:00:00+00:00,19,1000000.0,0.0,-0.27496236275757013
2025-01-15 00:00:00+00:00,19,1000000.0,0.0,-0.35103157322069745
2025-01-16 00:00:00+00:00,19,1000000.0,0.0,-0.5907851680228138
2025-01-17 00:00:00+00:00,19,1000000.0,0.0,-0.9354458490410584
2025-01-21 00:00:00+00:00,19,999977.335460587,-2.2664539412944577e-05,-1.5573176429227518
2025-01-22 00:00:00+00:00,19,1000624.679649631,0.0006473588611343942,-1.8500953623936889
2025-01-23 00:00:00+00:00,19,999791.5860830897,-0.0008325734748347753,-2.2171495312083653
2025-01-24 00:00:00+00:00,19,1001039.6674685839,0.0012483415572477976,-2.745952496411073
2025-01-27 00:00:00+00:00,19,1000519.4244965195,-0.0005197026541215871,-3.059340912492737
2025-01-28 00:00:00+00:00,19,1002104.3796925053,0.0015841323588329439,-3.4669498463689337
2025-01-29 00:00:00+00:00,19,1001169.8069309442,-0.000932610195604486,-3.689722273584233
2025-01-30 00:00:00+00:00,19,1000596.6812673883,-0.0005724560005588114,-4.349670130203427
2025-01-31 00:00:00+00:00,19,998296.4557635477,-0.0022988538208292475,-4.729303811707651
2025-02-03 00:00:00+00:00,19,998174.1830947475,-0.00012248132114891665,-4.650145970502753
2025-02-04 00:00:00+00:00,19,997991.790695649,-0.00018272602336097334,-4.614427035973935
2025-02-05 00:00:00+00:00,19,997982.1335992904,-9.676528853876385e-06,-4.410478463411646
2025-02-06 00:00:00+00:00,19,998554.7130469889,0.0005737371726620995,-4.059505068876973
2025-02-07 00:00:00+00:00,19,998528.4291399316,-2.6321949828032464e-05,-3.883112947330029
2025-02-10 00:00:00+00:00,19,998869.2022890379,0.00034127535998131016,-3.6235014541353756
2025-02-11 00:00:00+00:00,19,999189.3734612175,0.0003205336308757116,-3.2070027608918963
2025-02-12 00:00:00+00:00,19,1001918.3591348999,0.002731199656606774,-2.6231785991715153
2025-02-13 00:00:00+00:00,19,1001849.4356901941,-6.879147794566213e-05,-1.9829920979868945
2025-02-14 00:00:00+00:00,19,1001244.4161614219,-0.000603902649658535,-1.2517130518243311
2025-02-18 00:00:00+00:00,19,1000077.6823822648,-0.0011652836813114975,-0.6348722448097286
2025-02-19 00:00:00+00:00,19,1000524.6039080613,0.0004468868105644788,-0.26675905335950656
2025-02-20 00:00:00+00:00,19,999726.4424521171,-0.0007977429568713774,-0.03789308565112659
2025-02-21 00:00:00+00:00,19,999978.0951680611,0.00025172157628114325,0.40496429053267935
2025-02-24 00:00:00+00:00,19,999978.0951680611,0.0,0.5427678144784842
2025-02-25 00:00:00+00:00,19,999978.0951680611,0.0,0.7585038726787658
2025-02-26 00:00:00+00:00,19,999978.0951680611,0.0,0.47742612554281383
2025-02-27 00:00:00+00:00,19,999978.0951680611,0.0,0.4547532319702574
2025-02-28 00:00:00+00:00,19,999978.0951680611,0.0,0.4523545863303813
2025-03-03 00:00:00+00:00,19,999978.0951680611,0.0,0.37472996653050394
2025-03-04 00:00:00+00:00,19,999978.0951680611,0.0,0.4877011420919857
2025-03-05 00:00:00+00:00,19,999978.0951680611,0.0,0.7705544534072626
2025-03-06 00:00:00+00:00,19,999978.0951680611,0.0,0.9336247061714715
2025-03-07 00:00:00+00:00,19,999978.0951680611,0.0,0.9580419496985906
2025-03-10 00:00:00+00:00,19,999978.0951680611,0.0,0.942615289362406
2025-03-11 00:00:00+00:00,19,999978.0951680611,0.0,0.9145798303068586
2025-03-12 00:00:00+00:00,19,999978.0951680611,0.0,0.9403456958255996
2025-03-13 00:00:00+00:00,19,999978.0951680611,0.0,0.7993690233946102
2025-03-14 00:00:00+00:00,19,999978.0951680611,0.0,0.733617098240332
2025-03-17 00:00:00+00:00,19,999978.0951680611,0.0,0.8964096960316965
2025-03-18 00:00:00+00:00,19,999978.0951680611,0.0,1.3396421264914933
2025-03-19 00:00:00+00:00,19,999978.0951680611,0.0,1.460225596384292
2025-03-20 00:00:00+00:00,19,999978.0951680611,0.0,1.1326851351550573
2025-03-21 00:00:00+00:00,19,999978.0951680611,0.0,0.9115776749411504
2025-03-24 00:00:00+00:00,19,999978.0951680611,0.0,0.8102270537621425
2025-03-25 00:00:00+00:00,19,999978.0951680611,0.0,0.7363693105070306
2025-03-26 00:00:00+00:00,19,999978.0951680611,0.0,0.6931654280076884
2025-03-27 00:00:00+00:00,19,999978.0951680611,0.0,0.5905999621593825
2025-03-28 00:00:00+00:00,19,999978.0951680611,0.0,0.497379960653217
2025-03-31 00:00:00+00:00,19,999978.0951680611,0.0,0.4758231579310994
2025-04-01 00:00:00+00:00,20,1000000.0,0.0,0.4555964950409894
2025-04-02 00:00:00+00:00,20,1000000.0,0.0,0.4502584964956924
2025-04-03 00:00:00+00:00,20,1000000.0,0.0,0.4462966009466003
2025-04-04 00:00:00+00:00,20,1000000.0,0.0,0.4398182263093746
2025-04-07 00:00:00+00:00,20,1000000.0,0.0,0.1412001945760366
2025-04-08 00:00:00+00:00,20,1000000.0,0.0,-0.13897426548560432
2025-04-09 00:00:00+00:00,20,1000000.0,0.0,-0.45150143992004477
2025-04-10 00:00:00+00:00,20,1000000.0,0.0,-0.5049584830362637
2025-04-11 00:00:00+00:00,20,1000000.0,0.0,-0.712159110328308
2025-04-14 00:00:00+00:00,20,1000000.0,0.0,-0.9387664865510077
2025-04-15 00:00:00+00:00,20,1000000.0,0.0,-1.1777768418319852
2025-04-16 00:00:00+00:00,20,1000000.0,0.0,-1.3909123747389378
2025-04-17 00:00:00+00:00,20,1000000.0,0.0,-1.674827610482387
2025-04-21 00:00:00+00:00,20,1000000.0,0.0,-1.8376603881555837
2025-04-22 00:00:00+00:00,20,1000000.0,0.0,-2.0450619836988286
2025-04-23 00:00:00+00:00,20,1000000.0,0.0,-2.0604417573214926
2025-04-24 00:00:00+00:00,20,1000000.0,0.0,-2.162215627104975
2025-04-25 00:00:00+00:00,20,1000000.0,0.0,-2.221963545325246
2025-04-28 00:00:00+00:00,20,1000000.0,0.0,-2.2927031165918486
2025-04-29 00:00:00+00:00,20,1000000.0,0.0,-2.3140431227722775
2025-04-30 00:00:00+00:00,20,1000000.0,0.0,-2.3093486658695053
2025-05-01 00:00:00+00:00,20,1000000.0,0.0,-2.328967161045723
2025-05-02 00:00:00+00:00,20,1000000.0,0.0,-2.2923812907899572
2025-05-05 00:00:00+00:00,20,1000000.0,0.0,-2.2109920950433404
2025-05-06 00:00:00+00:00,20,1000000.0,0.0,-2.1121982442648513
2025-05-07 00:00:00+00:00,20,1000000.0,0.0,-2.0123955613513314
2025-05-08 00:00:00+00:00,20,1000000.0,0.0,-1.9256656971426773
2025-05-09 00:00:00+00:00,20,1000000.0,0.0,-1.787444178767485
2025-05-12 00:00:00+00:00,20,1000000.0,0.0,-1.5980761075787155
2025-05-13 00:00:00+00:00,20,1000000.0,0.0,-1.3300897271420808
2025-05-14 00:00:00+00:00,20,1000000.0,0.0,-0.870742573199843
2025-05-15 00:00:00+00:00,20,1000000.0,0.0,0.01225710506564237
2025-05-16 00:00:00+00:00,20,1000000.0,0.0,1.3269517702410498
2025-05-19 00:00:00+00:00,20,999992.0,-8e-06,2.4958706263427404
2025-05-20 00:00:00+00:00,20,999687.2413341157,-0.0003047611039730947,2.334911362405268
2025-05-21 00:00:00+00:00,20,999702.0441304868,1.4807427522325376e-05,2.0861249431308653
2025-05-22 00:00:00+00:00,20,999560.2273856222,-0.0001418590125900136,1.8370750802957065
2025-05-23 00:00:00+00:00,20,999280.8526310096,-0.0002794976700336301,1.9063179650625504
2025-05-27 00:00:00+00:00,20,999056.2831940389,-0.00022473105171532044,1.6232481988738932
2025-05-28 00:00:00+00:00,20,999059.5885415467,3.3084697663400426e-06,1.734706998584246
2025-05-29 00:00:00+00:00,20,998772.5247496786,-0.00028733400405797985,1.9299479402764042
2025-05-30 00:00:00+00:00,20,998787.6672495494,1.5161109757848664e-05,2.240127245153156
2025-06-02 00:00:00+00:00,20,998807.6580972988,2.0015112726064513e-05,2.4776373125420785
2025-06-03 00:00:00+00:00,20,998697.8183785246,-0.00010997084161672884,2.604857365670503
2025-06-04 00:00:00+00:00,20,998709.9679174657,1.2165380475973376e-05,2.7735852088248736
2025-06-05 00:00:00+00:00,20,998663.6078560167,-4.64199446668885e-05,2.742313524097194
2025-06-06 00:00:00+00:00,20,998595.0331871251,-6.866643417479805e-05,2.7427495666412742
2025-06-09 00:00:00+00:00,20,998745.4650399323,0.00015064350192795848,2.7437848251336896
2025-06-10 00:00:00+00:00,20,998845.7284196827,0.00010038932166406912,2.647554850228387
2025-06-11 00:00:00+00:00,20,999176.7970675258,0.0003314512325811166,2.440966170748295
2025-06-12 00:00:00+00:00,20,999132.3756961132,-4.445796934331517e-05,2.0033948691017565
2025-06-13 00:00:00+00:00,20,999913.5125341598,0.0007818151598804605,1.7599027017349558
2025-06-16 00:00:00+00:00,20,1000067.0831282998,0.0001535838772203139,1.595570010673741
2025-06-17 00:00:00+00:00,20,999763.3195015679,-0.0003037432506844763,1.5579019113404513
2025-06-18 00:00:00+00:00,20,999665.7126248223,-9.762998385882885e-05,1.467867731886055
2025-06-20 00:00:00+00:00,20,999873.4156207542,0.0002077724516394553,1.4101868587720272
2025-06-23 00:00:00+00:00,20,999397.7663506076,-0.0004757094875368007,1.402958394236126
2025-06-24 00:00:00+00:00,20,999144.8605026646,-0.00025305824813532204,1.4010748998427314
2025-06-25 00:00:00+00:00,20,999144.8605026646,0.0,1.3674766405525833
2025-06-26 00:00:00+00:00,20,999144.8605026646,0.0,1.3253391277965796
2025-06-27 00:00:00+00:00,20,999144.8605026646,0.0,1.2970836729239252
2025-06-30 00:00:00+00:00,20,999144.8605026646,0.0,1.2948077742653408
2025-07-01 00:00:00+00:00,21,1000000.0,0.0,1.2865314986031957
2025-07-02 00:00:00+00:00,21,1000000.0,0.0,1.257455664722499
2025-07-03 00:00:00+00:00,21,1000000.0,0.0,1.2055096763128805
2025-07-07 00:00:00+00:00,21,1000000.0,0.0,1.199532937361269
2025-07-08 00:00:00+00:00,21,1000000.0,0.0,1.2586507102440652
2025-07-09 00:00:00+00:00,21,1000000.0,0.0,1.2058159988728625
2025-07-10 00:00:00+00:00,21,1000000.0,0.0,1.1503458339743116
2025-07-11 00:00:00+00:00,21,1000000.0,0.0,1.0616752819338964
2025-07-14 00:00:00+00:00,21,1000000.0,0.0,0.9454420894169413
2025-07-15 00:00:00+00:00,21,1000000.0,0.0,0.9087124194892917
2025-07-16 00:00:00+00:00,21,1000000.0,0.0,0.875949153124921
2025-07-17 00:00:00+00:00,21,1000000.0,0.0,0.8682317634529229
2025-07-18 00:00:00+00:00,21,1000000.0,0.0,0.8161823966020201
2025-07-21 00:00:00+00:00,21,1000000.0,0.0,0.9803405273468444
2025-07-22 00:00:00+00:00,21,1000000.0,0.0,1.1976284595960816
2025-07-23 00:00:00+00:00,21,1000000.0,0.0,1.414667657938958
2025-07-24 00:00:00+00:00,21,1000000.0,0.0,1.696701884537795
2025-07-25 00:00:00+00:00,21,1000000.0,0.0,1.8787659753319859
2025-07-28 00:00:00+00:00,21,1000000.0,0.0,2.0992224149923295
2025-07-29 00:00:00+00:00,21,1000000.0,0.0,2.17022178656472
2025-07-30 00:00:00+00:00,21,1000000.0,0.0,1.8869934767691365
2025-07-31 00:00:00+00:00,21,1000000.0,0.0,1.6847099342966483
2025-08-01 00:00:00+00:00,21,1000000.0,0.0,1.4267338983972833
2025-08-04 00:00:00+00:00,21,1000000.0,0.0,1.3323173728606021
2025-08-05 00:00:00+00:00,21,1000000.0,0.0,1.3177395462248627
2025-08-06 00:00:00+00:00,21,1000000.0,0.0,1.9613396436897714
2025-08-07 00:00:00+00:00,21,1000000.0,0.0,2.697977256572719
2025-08-08 00:00:00+00:00,21,999975.0,-2.5e-05,3.4488128429261216
2025-08-11 00:00:00+00:00,21,999873.9158224014,-0.00010108670476620919,3.8833761430871094
2025-08-12 00:00:00+00:00,21,999583.103071728,-0.00029084942218358825,4.317195382273579
2025-08-13 00:00:00+00:00,21,1000423.4935577875,0.0008407409883950118,4.887022434213364
2025-08-14 00:00:00+00:00,21,1000339.6352620245,-8.38227973483551e-05,5.1308746152772216
2025-08-15 00:00:00+00:00,21,998644.5020309613,-0.0016945576995148503,5.190159035652168
2025-08-18 00:00:00+00:00,21,999668.4661311333,0.0010253539653895596,5.216595746463912
2025-08-19 00:00:00+00:00,21,1002931.5577922681,0.0032641738453184433,5.229349998705467
2025-08-20 00:00:00+00:00,21,1003575.2304443213,0.0006417912040479452,5.197005504770842
2025-08-21 00:00:00+00:00,21,1002586.4874776907,-0.0009852205760328082,5.1865041479182326
2025-08-22 00:00:00+00:00,21,1002716.6718059668,0.00012984847681679808,5.297870740975044
2025-08-25 00:00:00+00:00,21,1003306.0559381153,0.0005877873069439019,5.40491099784846
2025-08-26 00:00:00+00:00,21,1003400.5185516685,9.415134394343229e-05,4.940271439792039
2025-08-27 00:00:00+00:00,21,1003332.8819552803,-6.74073763543712e-05,4.435863510418749
2025-08-28 00:00:00+00:00,21,1004260.4430291743,0.000924479891545479,3.698960678485589
2025-08-29 00:00:00+00:00,21,1004250.0055717782,-1.0393177854043932e-05,3.1702419259932535
2025-09-02 00:00:00+00:00,21,1003510.4644507268,-0.0007364113686316088,2.986607412454438
2025-09-03 00:00:00+00:00,21,1003554.4204616278,4.3802244678215e-05,2.7972074643834333
2025-09-04 00:00:00+00:00,21,1004298.9115226883,0.0007418541993149833,2.798542389410285
2025-09-05 00:00:00+00:00,21,1003968.8329727276,-0.0003286656454304916,2.754930043754874
2025-09-08 00:00:00+00:00,21,1004419.0661067478,0.00044845329778525774,2.737691122850326
2025-09-09 00:00:00+00:00,21,1004654.3173663671,0.0002342162425601065,2.734902608856252
2025-09-10 00:00:00+00:00,21,1004570.4900266047,-8.343898823040327e-05,2.754045322199315
2025-09-11 00:00:00+00:00,21,1003733.4767647159,-0.0008332051062605946,2.701428359189675
2025-09-12 00:00:00+00:00,21,1004547.3788386966,0.0008108746921585048,2.573707189629326
2025-09-15 00:00:00+00:00,21,1004547.3788386966,0.0,2.420600564460482
2025-09-16 00:00:00+00:00,21,1004547.3788386966,0.0,2.437692978289402
2025-09-17 00:00:00+00:00,21,1004547.3788386966,0.0,2.573273617576851
2025-09-18 00:00:00+00:00,21,1004547.3788386966,0.0,2.651102665225102
2025-09-19 00:00:00+00:00,21,1004547.3788386966,0.0,2.719763892581005
2025-09-22 00:00:00+00:00,21,1004547.3788386966,0.0,2.8217357915714416
2025-09-23 00:00:00+00:00,21,1004547.3788386966,0.0,2.7987904850194893
2025-09-24 00:00:00+00:00,21,1004547.3788386966,0.0,2.840465043607836
2025-09-25 00:00:00+00:00,21,1004547.3788386966,0.0,2.7565699636103567
2025-09-26 00:00:00+00:00,21,1004547.3788386966,0.0,2.609810251752983
2025-09-29 00:00:00+00:00,21,1004547.3788386966,0.0,2.585977394252989
2025-09-30 00:00:00+00:00,21,1004547.3788386966,0.0,2.3465251016282744
2025-10-01 00:00:00+00:00,22,1000000.0,0.0,2.0148401888843934
2025-10-02 00:00:00+00:00,22,1000000.0,0.0,2.0539526702711517
2025-10-03 00:00:00+00:00,22,1000000.0,0.0,2.0348622436566393
2025-10-06 00:00:00+00:00,22,1000000.0,0.0,1.9293655622040333
2025-10-07 00:00:00+00:00,22,1000000.0,0.0,1.9456338849592045
2025-10-08 00:00:00+00:00,22,1000000.0,0.0,2.033334927933837
2025-10-09 00:00:00+00:00,22,1000000.0,0.0,2.103718468089839
2025-10-10 00:00:00+00:00,22,1000000.0,0.0,1.9873656986011028
2025-10-13 00:00:00+00:00,22,1000000.0,0.0,1.4959379423626822
2025-10-14 00:00:00+00:00,22,1000000.0,0.0,1.4936823967288184
2025-10-15 00:00:00+00:00,22,1000000.0,0.0,1.6526876203938414
2025-10-16 00:00:00+00:00,22,1000000.0,0.0,1.4017448299980457
2025-10-17 00:00:00+00:00,22,1000000.0,0.0,1.1651582158111777
2025-10-20 00:00:00+00:00,22,1000000.0,0.0,0.7345364860927797
2025-10-21 00:00:00+00:00,22,1000000.0,0.0,0.32772645620534746
2025-10-22 00:00:00+00:00,22,999975.3287132683,-2.467128673172556e-05,-0.05349000706799867
2025-10-23 00:00:00+00:00,22,999334.3972816631,-0.0006409472445983828,-0.002209448854839202
2025-10-24 00:00:00+00:00,22,999097.0907503508,-0.00023746458838783306,0.0877200869479875
2025-10-27 00:00:00+00:00,22,998394.7207011647,-0.0007030047987214807,0.12800870044486778
2025-10-28 00:00:00+00:00,22,998126.3764281529,-0.0002687757331322086,0.2636656190582638
2025-10-29 00:00:00+00:00,22,997522.9512294467,-0.0006045579126619262,0.632553449853372
2025-10-30 00:00:00+00:00,22,998000.748621161,0.0004789838580910948,1.2575148578076303
2025-10-31 00:00:00+00:00,22,1001907.7104205317,0.003914788445568373,1.4177676826074586
2025-11-03 00:00:00+00:00,22,999586.5135251307,-0.0023167771554794356,1.233917259041308
2025-11-04 00:00:00+00:00,22,998908.4579801175,-0.0006783360277860712,0.9975886591995025
2025-11-05 00:00:00+00:00,22,998551.1005208676,-0.0003577479561766001,1.0481660666552428
2025-11-06 00:00:00+00:00,22,997963.407629123,-0.0005885456352089639,1.2017368504739383
2025-11-07 00:00:00+00:00,22,996861.5127185044,-0.0011041436010528034,1.6756001922180679
2025-11-10 00:00:00+00:00,22,995920.8171526972,-0.000943657221996495,2.412914355537429
2025-11-11 00:00:00+00:00,22,994576.0766994093,-0.001350248363250931,2.7184435492394066
2025-11-12 00:00:00+00:00,22,994443.4330408664,-0.00013336703109035074,2.916738964562763
2025-11-13 00:00:00+00:00,22,995637.0331867482,0.0012002695238600989,3.1039675861981646
2025-11-14 00:00:00+00:00,22,996521.3575213742,0.0008881995196538822,3.0567769508015754
2025-11-17 00:00:00+00:00,22,996069.7921163224,-0.0004531417230986145,2.942425513333857
2025-11-18 00:00:00+00:00,22,993411.4832096456,-0.002668797836975653,2.974425541109878
2025-11-19 00:00:00+00:00,22,993864.5839776963,0.00045610582896294543,3.1767459646748737
2025-11-20 00:00:00+00:00,22,992989.2239597723,-0.0008807638706880733,3.3082365182877105
2025-11-21 00:00:00+00:00,22,992857.1655292782,-0.00013299079920266288,3.514583641066594
2025-11-24 00:00:00+00:00,22,993772.61711107,0.0009220375433396076,3.9460195535079956
2025-11-25 00:00:00+00:00,22,994384.0760402107,0.0006152905791651155,4.06217205430669
2025-11-26 00:00:00+00:00,22,994384.0760402107,0.0,3.9717534360391338
2025-11-28 00:00:00+00:00,22,994384.0760402107,0.0,3.9353290456575367
2025-12-01 00:00:00+00:00,22,994384.0760402107,0.0,4.093588632529003
2025-12-02 00:00:00+00:00,22,994384.0760402107,0.0,4.064270510939888
2025-12-03 00:00:00+00:00,22,994384.0760402107,0.0,3.7600198903556805
2025-12-04 00:00:00+00:00,22,994384.0760402107,0.0,3.6894858091996947
2025-12-05 00:00:00+00:00,22,994384.0760402107,0.0,3.5171543003693566
2025-12-08 00:00:00+00:00,22,994384.0760402107,0.0,3.4736600200286087
2025-12-09 00:00:00+00:00,22,994384.0760402107,0.0,3.255600571924642
2025-12-10 00:00:00+00:00,22,994384.0760402107,0.0,3.585328586502011
2025-12-11 00:00:00+00:00,22,994384.0760402107,0.0,3.7496043519823
2025-12-12 00:00:00+00:00,22,994384.0760402107,0.0,3.9915674984551885
2025-12-15 00:00:00+00:00,22,994384.0760402107,0.0,4.093255127893252
2025-12-16 00:00:00+00:00,22,994384.0760402107,0.0,3.549110379350835
2025-12-17 00:00:00+00:00,22,994384.0760402107,0.0,2.719432587206283
2025-12-18 00:00:00+00:00,22,994384.0760402107,0.0,2.2412724544110483
2025-12-19 00:00:00+00:00,22,994384.0760402107,0.0,1.4801285028465214
2025-12-22 00:00:00+00:00,22,994384.0760402107,0.0,0.7581588737849962
2025-12-23 00:00:00+00:00,22,994384.0760402107,0.0,0.8602951596006729
2025-12-24 00:00:00+00:00,22,994384.0760402107,0.0,1.2773788960707835
2025-12-26 00:00:00+00:00,22,994384.0760402107,0.0,1.8071256065189236
2025-12-29 00:00:00+00:00,22,994384.0760402107,0.0,2.076692990751378
2025-12-30 00:00:00+00:00,22,994384.0760402107,0.0,2.785534029663021
2025-12-31 00:00:00+00:00,22,994384.0760402107,0.0,3.320345271158733
2026-01-02 00:00:00+00:00,23,1000000.0,0.0,3.2994398013908253
2026-01-05 00:00:00+00:00,23,1000000.0,0.0,2.9909970996871396
2026-01-06 00:00:00+00:00,23,1000000.0,0.0,1.440277835322779
2026-01-07 00:00:00+00:00,23,1000000.0,0.0,1.2481202994376646
2026-01-08 00:00:00+00:00,23,1000000.0,0.0,1.2027442300770348
2026-01-09 00:00:00+00:00,23,1000000.0,0.0,0.8910131189810446
2026-01-12 00:00:00+00:00,23,1000000.0,0.0,0.41429447742117453
2026-01-13 00:00:00+00:00,23,1000000.0,0.0,-0.11460922963120002
2026-01-14 00:00:00+00:00,23,1000000.0,0.0,-0.39713041328083154
2026-01-15 00:00:00+00:00,23,1000000.0,0.0,-0.3763676213249294
2026-01-16 00:00:00+00:00,23,1000000.0,0.0,-0.4800174063237739
2026-01-20 00:00:00+00:00,23,1000000.0,0.0,-0.4200863659058296
2026-01-21 00:00:00+00:00,23,1000000.0,0.0,-0.36283017759022584
2026-01-22 00:00:00+00:00,23,1000000.0,0.0,-0.07417855406887419
2026-01-23 00:00:00+00:00,23,1000000.0,0.0,0.11765534328997607
2026-01-26 00:00:00+00:00,23,1000000.0,0.0,0.4472696453567444
2026-01-27 00:00:00+00:00,23,1000000.0,0.0,0.6021442463163957
2026-01-28 00:00:00+00:00,23,1000000.0,0.0,0.7630887283148828
2026-01-29 00:00:00+00:00,23,1000000.0,0.0,0.8653157328685808
2026-01-30 00:00:00+00:00,23,1000000.0,0.0,1.0583047974139506
2026-02-02 00:00:00+00:00,23,1000000.0,0.0,1.058258071282201
2026-02-03 00:00:00+00:00,23,1000000.0,0.0,1.0533799777025887
2026-02-04 00:00:00+00:00,23,1000000.0,0.0,1.116689235519062
2026-02-05 00:00:00+00:00,23,1000000.0,0.0,1.203779015321699
2026-02-06 00:00:00+00:00,23,1000000.0,0.0,1.2694121878175553
2026-02-09 00:00:00+00:00,23,1000000.0,0.0,1.3868175075758384
2026-02-10 00:00:00+00:00,23,1000000.0,0.0,1.4867695827891199
2026-02-11 00:00:00+00:00,23,1000000.0,0.0,1.6271110710791619
2026-02-12 00:00:00+00:00,23,1000000.0,0.0,1.7663861282812379
