ts_event,equity,returns,exposure,cash_credit,financing,spread
2020-07-01 00:00:00+00:00,1000000.0,0.0,0.0,0.0,0.0,2.0918882472288156
2020-07-02 00:00:00+00:00,1000079.3650793651,7.936507936508861e-05,0.0,79.36507936507937,0.0,2.0918422243539814
2020-07-06 00:00:00+00:00,1000158.736457546,7.936507936509753e-05,0.0,79.37137818090198,0.0,2.091355297204514
2020-07-07 00:00:00+00:00,1000238.1141350426,7.936507936508781e-05,0.0,79.37767749663064,0.0,2.0868991865005637
2020-07-08 00:00:00+00:00,1000317.498112355,7.93650793651362e-05,0.0,79.38397731230498,0.0,2.0840187479627255
2020-07-09 00:00:00+00:00,1000396.888389983,7.936507936508663e-05,0.0,79.39027762796468,0.0,2.069137244913691
2020-07-10 00:00:00+00:00,1001679.337413797,0.0012819402366174915,0.25,59.54743383273708,0.0,2.076862607141825
2020-07-13 00:00:00+00:00,1002201.7375387697,0.0005215243096872238,0.2496799252575367,59.64921550129376,7.428324587349941,2.0798117622448116
2020-07-14 00:00:00+00:00,1003381.0260610596,0.0011766977426979494,0.24954977898132089,59.69067582867253,7.680314638223027,2.0878419526823846
2020-07-15 00:00:00+00:00,1004502.237649738,0.0011174335168364902,0.24925647944460558,59.78427015583839,7.748136799362237,2.094259623535842
2020-07-16 00:00:00+00:00,1003987.6359981479,-0.0005122951769566114,0.24897826278880164,59.87325520255891,7.669086142966582,2.0906024949390254
2020-07-17 00:00:00+00:00,1003747.5632146274,-0.00023911926293969631,0.24910587852892355,59.83241380163906,7.597626867210185,2.088546115860857
2020-07-20 00:00:00+00:00,1002367.2277676531,-0.001375181865999935,0.2491654587897794,59.81336040612157,7.423593189092273,2.0792190239289474
2020-07-21 00:00:00+00:00,1008250.213578422,0.005869092332428662,0.24950857846229216,59.70380997382201,8.03543520531997,2.115605305789187
2020-07-22 00:00:00+00:00,1007588.0342675076,-0.0006567608932748888,0.0,80.01985822050968,8.135227814247349,2.1292714412442595
2020-07-23 00:00:00+00:00,1007668.0015718145,7.93650793650542e-05,0.0,79.96730430694505,0.0,2.1282823453824764
2020-07-24 00:00:00+00:00,1007747.9752227329,7.936507936502399e-05,0.0,79.97365091839798,0.0,2.1220957336097768
2020-07-27 00:00:00+00:00,1007827.9552207664,7.936507936502333e-05,0.0,79.97999803355023,0.0,2.1225862320725746
2020-07-28 00:00:00+00:00,1007907.9415664189,7.936507936512806e-05,0.0,79.98634565244177,0.0,2.1075204092731616
2020-07-29 00:00:00+00:00,1007987.934260194,7.936507936506748e-05,0.0,79.99269377511261,0.0,2.11263709598213
2020-07-30 00:00:00+00:00,1008067.9333025955,7.936507936503296e-05,0.0,79.9990424016027,0.0,2.1042317114488154
2020-07-31 00:00:00+00:00,1008147.9386941275,7.936507936510032e-05,0.0,80.00539153195203,0.0,2.0688417649531163
2020-08-03 00:00:00+00:00,1010296.4786461736,0.0021311752666272024,0.25000000000000006,60.00880587465045,0.0,2.078351267929434
2020-08-04 00:00:00+00:00,1011980.999015166,0.0016673525094828172,0.24946833924559325,60.179324918463635,7.618728829144851,2.0888900539553914
2020-08-05 00:00:00+00:00,1010830.7290236139,-0.001136651767841018,0.24905307996771467,60.3130170112408,7.557967715841574,2.0814413611419083
2020-08-06 00:00:00+00:00,1012133.1785875988,0.0012884942321085351,0.2493364887284151,60.22172574207,7.633555460659804,2.0892037781034736
2020-08-07 00:00:00+00:00,1011241.0222490907,-0.0008814614098048852,0.24901563352091854,60.32509475508467,7.545368050323386,2.083232132876868
2020-08-10 00:00:00+00:00,1014293.1465990718,0.0030181967333493677,0.2492353248417267,60.25428869647292,7.860513788770669,2.101986214769213
2020-08-11 00:00:00+00:00,1013348.5396631524,-0.0009312957886846115,0.0,80.4994560792914,7.813104636028074,2.0954366054456766
2020-08-12 00:00:00+00:00,1013428.9641504273,7.936507936506481e-05,0.0,80.42448727485336,0.0,2.119474305961574
2020-08-13 00:00:00+00:00,1013509.395020598,7.936507936511508e-05,0.0,80.43087017066883,0.0,2.127276080143984
2020-08-14 00:00:00+00:00,1013589.832274171,7.936507936511012e-05,0.0,80.43725357306333,0.0,2.1275899962563654
2020-08-17 00:00:00+00:00,1013670.2759116532,7.936507936512512e-05,0.0,80.44363748207707,0.0,2.142001004697064
2020-08-18 00:00:00+00:00,1015454.106504775,0.001759773997040129,0.25000000000000006,60.337516423312685,0.0,2.1076995749843617
2020-08-19 00:00:00+00:00,1016600.5365133254,0.0011289825913417748,0.24956082934184448,60.479090279909656,0.3838248321423998,2.1000960583675963
2020-08-20 00:00:00+00:00,1017769.248753809,0.001149627802176841,0.24927939724197812,60.570076788524766,0.40078987288583634,2.0921820991461804
2020-08-21 00:00:00+00:00,1016708.6344998515,-0.0010420969736078928,0.2489931477967195,60.662831728245685,0.3230649824020222,2.0996708221287728
2020-08-24 00:00:00+00:00,1013680.2071448702,-0.002978658046384232,0.2492528934826808,60.578655993804624,0.1836758465899193,2.1206429153889417
2020-08-25 00:00:00+00:00,1014641.9782053882,0.0009487913976607195,0.24999755069864565,60.338304616425155,0.2118087700067688,2.1145235602208095
2020-08-26 00:00:00+00:00,1014891.7427046297,0.00024616022656902904,0.2497605800088585,60.41463565297419,0.15276872607771375,2.112997719112471
2020-08-27 00:00:00+00:00,1014330.0040055717,-0.0005534961764108477,0.24969911401837766,60.43445823227907,0.11361684340208034,2.1172468521750414
2020-08-28 00:00:00+00:00,1015359.8138889786,0.0010152611865370737,0.24983739806292993,60.3898757958459,0.21356221340015513,2.110773664850328
2020-08-31 00:00:00+00:00,1016485.1530604592,0.001108315649375963,0.2495840051097615,60.47160673897343,0.22145867236124062,2.103244932376011
2020-09-01 00:00:00+00:00,1015315.697373761,-0.0011504896880954684,0.0,80.67342484606819,0.18691256043866966,2.102290381550276
2020-09-02 00:00:00+00:00,1015396.2779846636,7.936507936503138e-05,0.0,80.58061090267944,0.0,2.106740339312729
2020-09-03 00:00:00+00:00,1015476.8649908529,7.936507936509838e-05,0.0,80.58700618925901,0.0,2.0936886671117763
2020-09-04 00:00:00+00:00,1015557.4583928363,7.936507936505898e-05,0.0,80.59340198340102,0.0,2.0893183370660426
2020-09-08 00:00:00+00:00,1015638.0581911214,7.93650793651028e-05,0.0,80.59979828514574,0.0,2.0688883382865204
2020-09-09 00:00:00+00:00,1018094.975123742,0.0024190871076615705,0.25,60.45464632090008,0.0,2.086862220217025
2020-09-10 00:00:00+00:00,1017273.5413868757,-0.0008068340940063089,0.24939668768812018,60.649639728250925,7.338552941437949,2.081147087688561
2020-09-11 00:00:00+00:00,1016606.9109088124,-0.0006553109374636976,0.24959807192234534,60.58444657453137,7.253556957351427,2.076394253645223
2020-09-14 00:00:00+00:00,1016192.8901402585,-0.0004072574798688209,0.24976174352463706,60.5315393937327,7.209502210233187,2.073290209187029
2020-09-15 00:00:00+00:00,1016221.4320864648,2.8087134325864848e-05,0.24986350230489696,60.49868060257763,7.168845760538798,2.0730944354026484
2020-09-16 00:00:00+00:00,1016796.4568361996,0.0005658459185948978,0.24985648455225315,60.500945836403524,7.344902177985109,2.07676895671338
2020-09-17 00:00:00+00:00,1015940.8381459482,-0.0008414847283335963,0.24971518423444292,60.54658272130311,7.26502940663045,2.0708269930486582
2020-09-18 00:00:00+00:00,1017138.765247843,0.001179130769150807,0.24992549271978787,60.47867647604508,7.296300860988297,2.07816449083253
2020-09-21 00:00:00+00:00,1015109.0093333635,-0.0019955545731116736,0.24963114495583208,60.57375005556053,7.0891800250974635,2.064240323348946
2020-09-22 00:00:00+00:00,1016210.3084603185,0.0010849072531414344,0.25013029360711353,60.412658316316126,7.091879463420779,2.07124180126883
2020-09-23 00:00:00+00:00,1015724.2451800201,-0.00047830973200303317,0.0,80.65161178256496,6.65985350239408,2.040341894384539
2020-09-24 00:00:00+00:00,1015370.5305475729,-0.00034823883955289157,0.25000000000000006,60.45977649881072,0.0,2.0449798217396413
2020-09-25 00:00:00+00:00,1014258.4804046941,-0.0010952160905035055,0.25008709003802204,60.43170390893395,7.205707483275328,2.0374446344400967
2020-09-28 00:00:00+00:00,1017595.4212599503,0.00329003002659116,0.25036128975099653,60.343445961086424,7.511332881515401,2.058767576440701
2020-09-29 00:00:00+00:00,1016624.9399139216,-0.0009537005825232673,0.24954029468862654,60.60828253690042,7.364342143048925,2.051959231665278
2020-09-30 00:00:00+00:00,1015214.7889710102,-0.0013870906442948296,0.24977850859777803,60.53126020785052,7.249061691158499,2.042489937414061
2020-10-01 00:00:00+00:00,1015900.851065879,0.0006757802411094837,0.25012545527669233,60.41934346634962,7.196347789076398,2.0461796082323986
2020-10-02 00:00:00+00:00,1017500.4364415661,0.0015745487111353722,0.24995653958610392,60.47379283895825,7.2870715266046275,2.056373119004853
2020-10-05 00:00:00+00:00,1019249.9958894466,0.0017194680073053317,0.24956358955781935,60.60074405925088,7.4961038521613625,2.067380387580912
2020-10-06 00:00:00+00:00,1019574.3617682196,0.0003182397646123913,0.2491352095355297,60.73959798368584,7.482153938095801,2.069179273112938
2020-10-07 00:00:00+00:00,1022027.8411046317,0.002406376060846646,0.24905595002861727,60.76534130739798,7.703804566157816,2.0844235198918524
2020-10-08 00:00:00+00:00,1020265.321591857,-0.001724531800297811,0.2484580664853028,60.960061889652906,7.730974568253904,2.072912886928878
2020-10-09 00:00:00+00:00,1019305.6177645463,-0.0009406414263040285,0.24888728051524098,60.82017938863903,7.57878414174016,2.0664395071373605
2020-10-12 00:00:00+00:00,1019482.6949745608,0.00017372337297895377,0.24912161462614607,60.74401241821755,7.584293685648012,2.0672128078229557
2020-10-13 00:00:00+00:00,1019696.9927028994,0.00021020241873156607,0.24907834389610842,60.758066165044106,7.554692211168828,2.068188496783772
2020-10-14 00:00:00+00:00,1018513.148660004,-0.0011609763011631129,0.2490259980289957,60.775073921261445,7.460830223188646,2.0603042774463534
2020-10-15 00:00:00+00:00,1019593.7305303451,0.0010609405207608242,0.2493154473548886,60.68111804484118,7.55448478696673,2.0668693519959698
2020-10-16 00:00:00+00:00,1018855.2196461295,-0.0007243187772755828,0.24905121882509218,60.76687851074128,7.467421701723397,2.061790557089836
2020-10-19 00:00:00+00:00,1017692.0574461946,-0.001141636394952107,0.24923174205575627,60.70826653580353,7.317237655648033,2.0538296863822136
2020-10-20 00:00:00+00:00,1017864.4119588898,0.0001693582173842754,0.2495165992866466,60.615952075491236,7.3422591538011055,2.05463650880862
2020-10-21 00:00:00+00:00,1017181.302765909,-0.0006711200283210142,0.24947434875565824,60.62963100507022,7.238824925649634,2.0497194349375225
2020-10-22 00:00:00+00:00,1017714.2449893145,0.0005239402473839171,0.2496418884268894,60.57541598975428,7.428285118033954,2.0533687940062313
2020-10-23 00:00:00+00:00,1018304.9867523663,0.0005804593636773107,0.24951115948826208,60.61771299161186,7.407798782590578,2.0565591454463488
2020-10-26 00:00:00+00:00,1017284.358474872,-0.0010022815274129046,0.24936641241918672,60.66459725852073,7.245568771229548,2.049369265444267
2020-10-27 00:00:00+00:00,1015570.8100643604,-0.0016844340485884922,0.24961659852482382,60.583595014275154,7.053422307758491,2.037438866767517
2020-10-28 00:00:00+00:00,1015074.7033453243,-0.0004885003725192543,0.2500377706591552,60.44759910867899,6.938869121017967,2.033484328779842
2020-10-29 00:00:00+00:00,1013041.3478959026,-0.002003158430330759,0.2501599738995946,60.408225559549145,6.8614755858341425,2.0196337050662385
2020-10-30 00:00:00+00:00,1016913.1241803712,0.00382193312495123,0.2506620897778975,60.24684814292838,7.139458515531864,2.0453671718525075
2020-11-02 00:00:00+00:00,1018396.1909292839,0.0014584006378204886,0.2497077235576763,60.55413197502905,7.367125724023886,2.055020364715556
2020-11-03 00:00:00+00:00,1019186.7109508675,0.0007762401594042734,0.24934407999237862,60.67183568526023,7.410067644387991,2.0597616372250744
2020-11-04 00:00:00+00:00,1019700.8543029161,0.0005044643405612199,0.24915067922941792,60.734575369512896,7.404253366389822,2.0627416853242995
2020-11-05 00:00:00+00:00,1021151.9225623375,0.0014230332879473365,0.2490250549692796,60.77538039745326,7.504809264563237,2.0718236328284787
2020-11-06 00:00:00+00:00,1019555.7497650791,-0.001563110015259185,0.24867118759158338,60.89054454502639,7.3522539250319765,2.0611276318853258
2020-11-09 00:00:00+00:00,1026959.2868195625,0.007261532345032937,0.24906049654814322,60.7638641642916,8.278224771706949,2.106084330911257
2020-11-10 00:00:00+00:00,1028079.3914857983,0.0010907001675837062,0.0,81.50470530313989,8.827491599138895,2.144668128040006
2020-11-11 00:00:00+00:00,1028160.9850882972,7.936507936508324e-05,0.0,81.59360249887288,0.0,2.1455844953770074
2020-11-12 00:00:00+00:00,1027770.1400502039,-0.0003801399233795202,0.1392673958934151,70.23584778855887,0.0,2.1432059465706317
2020-11-13 00:00:00+00:00,1026652.7657593492,-0.0010871830648826685,0.13932035712329718,70.20482834109113,0.09633671817579992,2.1571162836826354
2020-11-16 00:00:00+00:00,1023597.091843774,-0.002976346061187662,0.13947198870744543,70.11614784181697,0.03453229792526891,2.1915110355442513
2020-11-17 00:00:00+00:00,1026510.9946956186,0.0028467283417110425,0.139888344831591,69.87363403899352,0.19649021571760605,2.161178503307519
2020-11-18 00:00:00+00:00,1027435.674394717,0.0009007986313605227,0.13949125113356833,70.1048961700923,0.17719053874961455,2.151075224265893
2020-11-19 00:00:00+00:00,1026480.888130395,-0.0009292905513374191,0.13936571069211828,70.17828344779853,0.11290167675702933,2.162386648539685
2020-11-20 00:00:00+00:00,1025542.5166721484,-0.0009141635943711824,0.13949534239576225,70.10250676015391,0.0638091225402595,2.1735306257471976
2020-11-23 00:00:00+00:00,1023413.9231039683,-0.0020755780804557196,0.1396229806416024,70.02803283489625,0.07211962711430653,2.1971072114090284
2020-11-24 00:00:00+00:00,1022914.7964106444,-0.0004877075463366845,0.13991338179000815,69.85909683742165,0.1668366845235194,2.2034102930219266
2020-11-25 00:00:00+00:00,1022991.2284327954,7.471983240358944e-05,0.0,81.1837140008448,0.19489414710279396,2.1847621581646584
2020-11-27 00:00:00+00:00,1023072.4182128297,7.936507936508801e-05,0.0,81.18978003434884,0.0,2.1839319527522165
2020-11-30 00:00:00+00:00,1023153.6144364974,7.936507936510034e-05,0.0,81.1962236676849,0.0,2.171217752413943
2020-12-01 00:00:00+00:00,1022937.0512339209,-0.0002116624517774564,0.25,60.90200085931532,0.0,2.167089337224121
2020-12-02 00:00:00+00:00,1021676.4524659805,-0.0012323326898949483,0.2500529268155639,60.884813303555276,0.3203645370651931,2.1762133285374046
2020-12-03 00:00:00+00:00,1022947.9463833757,0.0012445171994775574,0.25036145542136934,60.78476578229017,0.39814678277433724,2.1687116302575427
2020-12-04 00:00:00+00:00,1020523.6184895912,-0.002369942578560028,0.25005026356762555,60.88567799795644,0.37959622199061616,2.1849205080720235
2020-12-07 00:00:00+00:00,1023726.9269927037,0.0031388871801453513,0.2506442761096502,60.69327102225927,0.4839212620944753,2.1650636084810646
2020-12-08 00:00:00+00:00,1025300.6120498134,0.001537211746234456,0.2498599937783481,60.94750185583963,0.6606161470485703,2.15686893390801
2020-12-09 00:00:00+00:00,1028911.47986659,0.003521765006613678,0.24947649557893475,61.07239749529277,0.8821645600905297,2.1354923421684506
2020-12-10 00:00:00+00:00,1027488.0111252576,-0.001383470560088398,0.24860098134223385,61.35897430614806,0.9294312853119944,2.1469625800047956
2020-12-11 00:00:00+00:00,1028467.9603731039,0.0009537330238754496,0.24894538996031368,61.24600059651851,0.9311643194850245,2.140498239316864
2020-12-14 00:00:00+00:00,1029581.5629782722,0.001082778120539963,0.24870818874739703,61.32377434634758,0.8617607548291224,2.131541495044371
2020-12-15 00:00:00+00:00,1028617.9292823917,-0.0009359469230325264,0.0,81.71282245859304,1.0586393958133753,2.1179695255515165
2020-12-16 00:00:00+00:00,1028699.5656259855,7.936507936506476e-05,0.0,81.6363435938406,0.0,2.1002807115535553
2020-12-17 00:00:00+00:00,1028781.2084486543,7.936507936512044e-05,0.0,81.64282266872901,0.0,2.1025681483258967
2020-12-18 00:00:00+00:00,1028862.8577509121,7.936507936505729e-05,0.0,81.6493022578297,0.0,2.0989239159351367
2020-12-21 00:00:00+00:00,1028944.5135332732,7.936507936506199e-05,0.0,81.6557823611835,0.0,2.098678277797429
2020-12-22 00:00:00+00:00,1029026.1757962521,7.936507936509484e-05,0.0,81.66226297883121,0.0,2.087700007413845
2020-12-23 00:00:00+00:00,1029107.844540363,7.936507936511619e-05,0.0,81.66874411081366,0.0,2.0938832422251092
2020-12-24 00:00:00+00:00,1029189.5197661201,7.936507936508634e-05,0.0,81.67522575717166,0.0,2.093841646287461
2020-12-28 00:00:00+00:00,1029271.2014740381,7.93650793650788e-05,0.0,81.68170791794604,0.0,2.0873393744506137
2020-12-29 00:00:00+00:00,1029352.8896646312,7.936507936505386e-05,0.0,81.68819059317762,0.0,2.0910232877695494
2020-12-30 00:00:00+00:00,1029434.5843384141,7.936507936508498e-05,0.0,81.69467378290724,0.0,2.092843532415352
2020-12-31 00:00:00+00:00,1029516.2854959014,7.936507936513245e-05,0.0,81.70115748717572,0.0,2.089004020401664
2021-01-04 00:00:00+00:00,1029597.9931376074,7.936507936504355e-05,0.0,81.70764170602392,0.0,2.0891939463842513
2021-01-05 00:00:00+00:00,1029679.7072640469,7.936507936511784e-05,0.0,81.71412643949265,0.0,2.0878850211679993
2021-01-06 00:00:00+00:00,1029761.4278757345,7.93650793650895e-05,0.0,81.72061168762276,0.0,2.1024049275767394
2021-01-07 00:00:00+00:00,1029843.1549731849,7.936507936503194e-05,0.0,81.72709745045512,0.0,2.100479368920321
2021-01-08 00:00:00+00:00,1029924.888556913,7.93650793651316e-05,0.0,81.73358372803055,0.0,2.104193367530212
2021-01-11 00:00:00+00:00,1030006.6286274334,7.936507936512268e-05,0.0,81.74007052038992,0.0,2.0906599587414245
2021-01-12 00:00:00+00:00,1030088.375185261,7.936507936507858e-05,0.0,81.74655782757408,0.0,2.093154797807438
2021-01-13 00:00:00+00:00,1030170.1282309106,7.936507936507266e-05,0.0,81.75304564962389,0.0,2.08626428296343
2021-01-14 00:00:00+00:00,1030251.8877648972,7.936507936506524e-05,0.0,81.75953398658021,0.0,2.085151009898621
2021-01-15 00:00:00+00:00,1030333.6537877357,7.936507936512966e-05,0.0,81.7660228384839,0.0,2.082796483353846
2021-01-19 00:00:00+00:00,1030415.4262999411,7.936507936511323e-05,0.0,81.77251220537585,0.0,2.094891617097358
2021-01-20 00:00:00+00:00,1030497.2053020285,7.936507936508931e-05,0.0,81.77900208729692,0.0,2.0958416435057634
2021-01-21 00:00:00+00:00,1030578.9907945128,7.936507936513119e-05,0.0,81.78549248428797,0.0,2.0792582653303793
2021-01-22 00:00:00+00:00,1030660.7827779092,7.936507936508622e-05,0.0,81.79198339638991,0.0,2.0843815484810224
2021-01-25 00:00:00+00:00,1030742.5812527328,7.936507936502773e-05,0.0,81.79847482364359,0.0,2.0831453416072847
2021-01-26 00:00:00+00:00,1030824.3862194988,7.936507936502899e-05,0.0,81.8049667660899,0.0,2.0758966938700323
2021-01-27 00:00:00+00:00,1030906.1976787226,7.936507936505032e-05,0.0,81.81145922376975,0.0,2.069627657120962
2021-01-28 00:00:00+00:00,1030988.0156309193,7.936507936505204e-05,0.0,81.81795219672401,0.0,2.07067834980561
2021-01-29 00:00:00+00:00,1031069.8400766043,7.936507936510742e-05,0.0,81.82444568499359,0.0,2.050025156107161
2021-02-01 00:00:00+00:00,1031151.6710162929,7.936507936506385e-05,0.0,81.83093968861938,0.0,2.056671735279498
2021-02-02 00:00:00+00:00,1031233.5084505006,7.936507936510751e-05,0.0,81.83743420764229,0.0,2.0575834643511137
2021-02-03 00:00:00+00:00,1031315.3523797427,7.936507936508583e-05,0.0,81.84392924210321,0.0,2.0560734911964147
2021-02-04 00:00:00+00:00,1031397.2028045347,7.9365079365072e-05,0.0,81.85042479204307,0.0,2.0371843749270826
2021-02-05 00:00:00+00:00,1028391.2878441075,-0.0029144106191617003,0.25000000000000006,61.39269064312707,0.0,2.0252392419840963
2021-02-08 00:00:00+00:00,1027709.4311360631,-0.0006630323653109174,0.25073073230879095,61.15412596372808,7.351106226225312,2.0223803211954245
2021-02-09 00:00:00+00:00,1029802.9637482156,0.0020370861147379527,0.2508970851966385,61.10001035197851,7.414188300800793,2.033886741693296
2021-02-10 00:00:00+00:00,1031861.5517800533,0.0019990115627022383,0.25038702526416234,61.26616373389539,7.595059436991654,2.046545618538304
2021-02-11 00:00:00+00:00,1033737.1544810984,0.0018176883301926747,0.2498874972677494,61.42954373642219,7.6520243067946865,2.05729153933113
2021-02-12 00:00:00+00:00,1032999.9195635722,-0.0007131744412304859,0.24943410380810532,61.57840109364798,7.648271166756613,2.052693613626728
2021-02-16 00:00:00+00:00,1034506.0853565249,0.0014580502519197592,0.24961212079287615,61.519890385907814,7.858631133002567,2.0621042090248807
2021-02-17 00:00:00+00:00,1034314.8329113518,-0.00018487319492875546,0.2492487036577173,61.63942735360248,7.894495934346219,2.0610280610746017
2021-02-18 00:00:00+00:00,1034323.8984389706,8.76476613337252e-06,0.24929479158231624,61.62424858811255,7.827557956276447,2.0603148815272
2021-02-19 00:00:00+00:00,1035012.953413203,0.0006661887782660647,0.2492926065909207,61.6249680744315,7.906568187504183,2.0642958012926824
2021-02-22 00:00:00+00:00,1034298.4444952478,-0.0006903381407922982,0.0,82.14388519152405,8.089934480944997,2.0689646938023434
2021-02-23 00:00:00+00:00,1034380.5316733824,7.936507936512653e-05,0.0,82.08717813454348,0.0,2.071794295800344
2021-02-24 00:00:00+00:00,1034462.6253663723,7.936507936503346e-05,0.0,82.09369298995098,0.0,2.0913978770735318
2021-02-25 00:00:00+00:00,1034544.7255747347,7.936507936511565e-05,0.0,82.1002083624105,0.0,2.0954982964153595
2021-02-26 00:00:00+00:00,1034626.8322989867,7.936507936510829e-05,0.0,82.10672425196307,0.0,2.0808001653793706
2021-03-01 00:00:00+00:00,1034708.9455396454,7.936507936508428e-05,0.0,82.11324065864974,0.0,2.080283129756486
2021-03-02 00:00:00+00:00,1034791.0652972279,7.936507936511647e-05,0.0,82.11975758251154,0.0,2.087846917966567
2021-03-03 00:00:00+00:00,1034873.1915722515,7.936507936505268e-05,0.0,82.12627502358951,0.0,2.094183851336818
2021-03-04 00:00:00+00:00,1034955.3243652334,7.936507936507824e-05,0.0,82.13279298192472,0.0,2.0797274014893903
2021-03-05 00:00:00+00:00,1035037.4636766909,7.936507936504098e-05,0.0,82.13931145755821,0.0,2.0990637250142066
2021-03-08 00:00:00+00:00,1035119.6095071415,7.936507936512622e-05,0.0,82.14583045053102,0.0,2.108005439932728
2021-03-09 00:00:00+00:00,1035201.7618571024,7.936507936506931e-05,0.0,82.15234996088425,0.0,2.1127684250995036
2021-03-10 00:00:00+00:00,1035283.920727091,7.936507936505554e-05,0.0,82.15886998865892,0.0,2.112837225327675
2021-03-11 00:00:00+00:00,1034462.3553924974,-0.0007935652415200752,0.25,61.62404290042209,0.0,2.1148352425647503
2021-03-12 00:00:00+00:00,1035276.9831057304,0.0007874889878655007,0.2501985488718635,61.558839302438464,0.31236262081237,2.1102252661863043
2021-03-15 00:00:00+00:00,1034629.0739586212,-0.0006258316930465056,0.2500016753056124,61.62349229555218,0.20053933682056924,2.1144053965599547
2021-03-16 00:00:00+00:00,1036003.726027652,0.0013286424126582902,0.25015823225563444,61.57207093467052,0.19246064793730744,2.1055523669443788
2021-03-17 00:00:00+00:00,1036034.3136924402,2.952466677451583e-05,0.24982630243442247,61.68117030522852,0.21631238074628478,2.1058533385255873
2021-03-18 00:00:00+00:00,1037127.0916937345,0.00105477008517187,0.24981892661386024,61.683597897672016,0.14201270613363115,2.098535957395635
2021-03-19 00:00:00+00:00,1038010.312402513,0.0008516031601643803,0.24955570272404287,61.77032631047315,0.1642180350567486,2.0928525468218244
2021-03-22 00:00:00+00:00,1038353.0062017499,0.00033014488887275924,0.24934336112973876,61.840423192122245,0.15228532718451882,2.090834370838042
2021-03-23 00:00:00+00:00,1037906.7876770612,-0.0004297368255531771,0.24926106886185906,61.867621112696604,0.08608305507839065,2.09430656618906
2021-03-24 00:00:00+00:00,1036081.455883751,-0.001758666399509146,0.24936823157408952,61.83220694407051,0.05154136499535955,2.107321818076972
2021-03-25 00:00:00+00:00,1034937.5106661399,-0.0011041074146389345,0.0,82.22868697490088,0.006582375563114251,2.1132742444549653
2021-03-26 00:00:00+00:00,1035019.6485638118,7.93650793650629e-05,0.0,82.13789767191587,0.0,2.1202000206422262
2021-03-29 00:00:00+00:00,1034023.8662185124,-0.0009620902817459735,0.25000000000000006,61.60831241451261,0.0,2.1186082516040683
2021-03-30 00:00:00+00:00,1034152.2647155217,0.0001241736300331845,0.2502407541977104,61.52928206964757,0.2263158251645323,2.117986732763393
2021-03-31 00:00:00+00:00,1034899.6402156042,0.0007226938678010774,0.2502096847528852,61.539472426553075,0.2161260402216325,2.1133757025626445
2021-04-01 00:00:00+00:00,1036115.0472450957,0.001174420187486286,0.25002899033479775,61.59878794243264,0.3570787303603702,2.1063954213989216
2021-04-05 00:00:00+00:00,1036535.8291832511,0.00040611507310334187,0.24973569569224086,61.69524881778911,0.32489580237235516,2.1037026963460246
2021-04-06 00:00:00+00:00,1037741.0199574438,0.0011627101931848574,0.24963431543397926,61.728644209706204,0.3763695196441583,2.096170705086898
2021-04-07 00:00:00+00:00,1037229.5101815504,-0.0004929069643160003,0.24934440015830164,61.82429427115007,0.3632148265211792,2.1000521366116094
2021-04-08 00:00:00+00:00,1038072.620867219,0.0008128487257570216,0.24946736435956404,61.78369825719027,0.3693507645418841,2.0946474061940186
2021-04-09 00:00:00+00:00,1038205.5232323731,0.00012802800351576206,0.2492647498252924,61.85061180367191,0.35973224208825294,2.094065150282664
2021-04-12 00:00:00+00:00,1039118.7870064212,0.0008796560542317395,0.24923284104224322,61.861159610430164,0.3867172167745505,2.088255892343924
2021-04-13 00:00:00+00:00,1038512.5277864966,-0.000583435914647687,0.24901379455027983,61.93364086233875,0.3625400287813412,2.092790826860295
2021-04-14 00:00:00+00:00,1038745.7013294484,0.00022452646136951845,0.24915916295441098,61.885525051233614,0.4600260067638786,2.0925003829651567
2021-04-15 00:00:00+00:00,1039828.579663296,0.0010424864646483626,0.24910323268706006,61.904030887975836,0.4917424726339876,2.0855838893149876
2021-04-16 00:00:00+00:00,1039637.8931504685,-0.00018338264263641384,0.24884381637667594,61.98997361288436,0.4608067118557726,2.0870434452508597
2021-04-19 00:00:00+00:00,1038665.037593403,-0.0009357638495816679,0.2488894583832786,61.97483976265996,0.4005463913571674,2.0937823160537876
2021-04-20 00:00:00+00:00,1039916.2619915318,0.0012046466886263005,0.24912257828615336,61.8976290041627,0.3879654909650434,2.0851924353617717
2021-04-21 00:00:00+00:00,1039001.3427676448,-0.0008798008621721902,0.24882283468229874,61.996932527823716,0.38427298950919275,2.0921311230643114
2021-04-22 00:00:00+00:00,1040217.0569819973,0.0011700795411045159,0.24904194199758525,61.924319891007286,0.4073068618233697,2.0840954401382654
2021-04-23 00:00:00+00:00,1039913.7708013932,-0.0002915604763144945,0.2487508836777622,62.020805146114625,0.40236719315772285,2.08667468720095
2021-04-26 00:00:00+00:00,1040458.1509217229,0.0005234858270125197,0.24882343075575158,61.99673481432066,0.4363187599707634,2.083538402987276
2021-04-27 00:00:00+00:00,1039981.4956742062,-0.00045812053766356396,0.24869324336757487,62.03993958577539,0.4412054749603789,2.0874600004849286
2021-04-28 00:00:00+00:00,1039443.0143679767,-0.0005177796994170506,0.24880722706821395,62.00210980422644,0.5014640559178936,2.0923787743818827
2021-04-29 00:00:00+00:00,1038385.7763577964,-0.0010171197415984776,0.2489361211381909,61.95937319262094,0.5017748198096943,2.100184103945449
2021-04-30 00:00:00+00:00,1040956.2568906454,0.002475458149922948,0.2491895767761305,61.87546541403519,0.5262139296612587,2.0827536718794977
2021-05-03 00:00:00+00:00,1040175.7904997346,-0.0007497590659976992,0.24857424164379247,62.07947180553114,0.5655193061422186,2.089281580397903
2021-05-04 00:00:00+00:00,1039466.5390297902,-0.0006818573133716401,0.2487607522730736,62.01753002847473,0.5746691525165546,2.0948239348670845
2021-05-05 00:00:00+00:00,1038671.5167952626,-0.0007648367741300063,0.2489304873463919,61.961240229272796,0.5953612258352488,2.1010194759148977
2021-05-06 00:00:00+00:00,1039929.4867353314,0.0012111335679543301,0.2491210242669602,61.89814322653252,0.6894687871958274,2.0940351171438745
2021-05-07 00:00:00+00:00,1040517.4229516534,0.0005653616171301431,0.2488196704117572,61.99798211066495,0.7640264839360458,2.091516717576023
2021-05-10 00:00:00+00:00,1041304.5309475729,0.0007564582567841406,0.2486790768067473,62.04464371513495,0.8063490897127219,2.087119138925556
2021-05-11 00:00:00+00:00,1042234.4712619407,0.0008930531719875739,0.24849110365964655,62.10711260369999,0.7499382340168599,2.079939855777689
2021-05-12 00:00:00+00:00,1040194.6975400614,-0.0019571159639437635,0.24826938589706377,62.18091739055458,0.6067488615342,2.0927224479324935
2021-05-13 00:00:00+00:00,1040084.7740718428,-0.00010567585902774432,0.24875623068727232,62.01903058723083,0.570873906510633,2.0934539769230884
2021-05-14 00:00:00+00:00,1038905.3747602928,-0.0011339453676768234,0.24878252099388942,62.01030650245157,0.5925014343067252,2.102324474299667
2021-05-17 00:00:00+00:00,1039540.4661147813,0.0006113081806271784,0.24906494703683252,61.9167033824873,0.6904557720883575,2.0997162552527913
2021-05-18 00:00:00+00:00,1042925.3950396791,0.003256178124117444,0.24891278461533448,61.96710745824034,0.746351165492771,2.077093275747441
2021-05-19 00:00:00+00:00,1044244.345653588,0.0012646643951542077,0.24810491083219657,62.23575261101001,0.7387096174860941,2.067689602566154
2021-05-20 00:00:00+00:00,1043918.0100654186,-0.0003125088390736256,0.2477915376970506,62.34043123116151,0.7157805455432806,2.070176240255682
2021-05-21 00:00:00+00:00,1042396.1734723503,-0.0014578123745301002,0.24786899895015485,62.314531581306795,0.6066987543799602,2.0800794665955427
2021-05-24 00:00:00+00:00,1042571.0001393906,0.00016771614429269058,0.24823087298853797,62.19375089931725,0.683387700532339,2.080415037474043
2021-05-25 00:00:00+00:00,1042549.0223282194,-2.1080397563589595e-05,0.24818924764486805,62.20762603162203,0.6108061875385793,2.0799227300685854
2021-05-26 00:00:00+00:00,1043492.7168957712,0.0009051800417445874,0.24819447968317288,62.20588176089416,0.6856242247361612,2.0746304956074875
2021-05-27 00:00:00+00:00,1044503.1561508061,0.0009683242045433725,0.24797002216815528,62.280778155144304,0.719004370919833,2.068168733999716
2021-05-28 00:00:00+00:00,1043194.3820627441,-0.001253011137740435,0.2477301390782909,62.36097174681374,0.6320715791678295,2.0768806988480533
2021-06-01 00:00:00+00:00,1042601.1662455961,-0.0005686531938323865,0.24804093713513678,62.25710078744375,0.7159346623683862,2.0829365817725756
2021-06-02 00:00:00+00:00,1041395.5613567394,-0.0011563433150551135,0.2481820666599949,62.210020167035175,0.6778228668608028,2.091344490641852
2021-06-03 00:00:00+00:00,1040344.2556548602,-0.0010095162116012402,0.0,82.650441377519,0.7376673068160402,2.084560844737246
2021-06-04 00:00:00+00:00,1040426.8226592772,7.936507936509557e-05,0.0,82.56700441705239,0.0,2.0874555333269393
2021-06-07 00:00:00+00:00,1040509.3962166312,7.936507936509557e-05,0.0,82.57355735391089,0.0,2.084416831136925
2021-06-08 00:00:00+00:00,1040591.976327442,7.93650793650503e-05,0.0,82.58011081084375,0.0,2.082351291316959
2021-06-09 00:00:00+00:00,1040674.5629922298,7.936507936503196e-05,0.0,82.58666478789222,0.0,2.069467176309776
2021-06-10 00:00:00+00:00,1040757.156211515,7.936507936511276e-05,0.0,82.5932192850976,0.0,2.073547277650845
2021-06-11 00:00:00+00:00,1040839.7559858174,7.93650793650293e-05,0.0,82.59977430250119,0.0,2.0754282932508543
2021-06-14 00:00:00+00:00,1040922.3623156575,7.936507936507748e-05,0.0,82.60632984014424,0.0,2.0772291143396155
2021-06-15 00:00:00+00:00,1041004.9752015556,7.936507936510578e-05,0.0,82.61288589806806,0.0,2.075174928538428
2021-06-16 00:00:00+00:00,1041087.594644032,7.936507936507453e-05,0.0,82.61944247631394,0.0,2.0715350277705182
2021-06-17 00:00:00+00:00,1041170.2206436069,7.93650793650559e-05,0.0,82.62599957492317,0.0,2.0693852937751593
2021-06-18 00:00:00+00:00,1041252.8532008008,7.936507936512204e-05,0.0,82.63255719393705,0.0,2.0480092117848825
2021-06-21 00:00:00+00:00,1040373.0813467733,-0.000844916632231176,0.25,61.97933650004767,0.0,2.0503484844614404
2021-06-22 00:00:00+00:00,1039768.2642908617,-0.0005813463138903007,0.2502114077800073,61.909513337029615,7.529345462994872,2.046682515068129
2021-06-23 00:00:00+00:00,1038849.9409297424,-0.0008832000289464176,0.2503569518711344,61.86151198338583,7.478829119483507,2.0409872637284514
2021-06-24 00:00:00+00:00,1039547.7074714338,0.0006716721195237288,0.250578262599916,61.788629176947794,7.542488275121951,2.0450916033029167
2021-06-25 00:00:00+00:00,1039546.3181674434,-1.3364504393802368e-06,0.250410069138028,61.84400747390743,7.545620281865639,2.0448386790597137
2021-06-28 00:00:00+00:00,1037684.2950550019,-0.0017911882134544839,0.25041040379912216,61.84389721168597,7.301381588442656,2.0318063931329444
2021-06-29 00:00:00+00:00,1037906.058369527,0.00021370981095302855,0.25085974081009144,61.69611759958743,7.3056031462750575,2.0327507937641633
2021-06-30 00:00:00+00:00,1038692.1570223311,0.0007573890203888551,0.250806141077096,61.713717862644984,7.38633522553106,2.037622827950961
2021-07-01 00:00:00+00:00,1040354.7444844157,0.0016006546798724467,0.25061632702267883,61.776106644613556,7.525056747531988,2.047745686736128
2021-07-02 00:00:00+00:00,1040185.574569085,-0.0001626079144903124,0.25021581790277464,61.90805803049329,7.5012712330041715,2.0463020803385294
2021-07-06 00:00:00+00:00,1040051.7326738724,-0.0001286711703035283,0.2502565115922123,61.89463184673689,7.392179181370542,2.044260238168341
2021-07-07 00:00:00+00:00,1040772.1381748486,0.0006926631419806008,0.25028871653428253,61.88400947410097,7.400727051089319,2.048158423158165
2021-07-08 00:00:00+00:00,1040525.1790374309,-0.00023728453939092324,0.25011547076644347,61.94118451386099,7.366726927025163,2.046169804361644
2021-07-09 00:00:00+00:00,1040780.6324766859,0.00024550433223665676,0.2501748333865508,61.9215845823199,7.436545342097004,2.047828668300477
2021-07-12 00:00:00+00:00,1041403.714981837,0.0005986684280128596,0.25011342945606874,61.941858664800456,7.475632286370837,2.0513683589555183
2021-07-13 00:00:00+00:00,1041034.5687848515,-0.0003544698292073397,0.24996378403042313,61.99130965727275,7.418341898273736,2.048532996064386
2021-07-14 00:00:00+00:00,1040578.4048882762,-0.0004381832364199765,0.25005242006905787,61.96201234005168,7.320912611237575,2.044902479496027
2021-07-15 00:00:00+00:00,1040853.8940526097,0.00026474618638950106,0.2501620368800074,61.92580885619651,7.299676210769598,2.046116074097903
2021-07-16 00:00:00+00:00,1039571.3810790649,-0.001232173872695283,0.2500958249641162,61.94767307558806,7.115000353765126,2.036944471206563
2021-07-19 00:00:00+00:00,1039135.0903075604,-0.0004196833228052597,0.250404366682351,61.84588633165593,6.990434960701021,2.033286638620016
2021-07-20 00:00:00+00:00,1038614.5436792678,-0.0005009422096780313,0.0,82.47103891329844,6.9694319255929855,2.0299199799315537
2021-07-21 00:00:00+00:00,1038843.0906567083,0.00022004985278847668,0.25000000000000006,61.82229426662308,0.0,2.0438042924384994
2021-07-22 00:00:00+00:00,1038432.5451027299,-0.00039519496030809457,0.2499449996396241,61.840432915626295,7.503342128544391,2.0406994908806104
2021-07-23 00:00:00+00:00,1038517.2259059846,8.154675395534245e-05,0.25004381569544315,61.807849935151815,7.493339054993589,2.040810639267286
2021-07-26 00:00:00+00:00,1039406.237685242,0.0008560395119895777,0.2500234270965506,61.814570633822825,7.642170226967667,2.0465451608693512
2021-07-27 00:00:00+00:00,1040167.9581364904,0.0007328419088044075,0.24980958022540417,61.885127124240086,7.65568401812441,2.0506475406307234
2021-07-28 00:00:00+00:00,1040954.9578378808,0.0007566082912228319,0.24962664335959608,61.945581128307424,7.741906825636397,2.0552885378885635
2021-07-29 00:00:00+00:00,1041856.6216073886,0.0008661890341351413,0.2494379165637786,62.008041422068565,7.8453287048180895,2.060604452040452
2021-07-30 00:00:00+00:00,1042689.2500484145,0.0007991775679663707,0.2492220431629261,62.079602038696166,7.83262643106657,2.0650872570933063
2021-08-02 00:00:00+00:00,1041909.9424755728,-0.0007474015607291043,0.0,82.75311508320749,7.836658033769089,2.0648318048570644
2021-08-03 00:00:00+00:00,1041992.6337408486,7.936507936505939e-05,0.0,82.69126527583911,0.0,2.06625966170652
2021-08-04 00:00:00+00:00,1042075.3315689233,7.936507936509265e-05,0.0,82.69782807467053,0.0,2.059679131599055
2021-08-05 00:00:00+00:00,1042158.0359603177,7.93650793651116e-05,0.0,82.70439139435899,0.0,2.064042694261822
2021-08-06 00:00:00+00:00,1042240.7469155526,7.936507936507659e-05,0.0,82.71095523494584,0.0,2.0643707438328622
2021-08-09 00:00:00+00:00,1042323.4644351491,7.936507936505966e-05,0.0,82.71751959647243,0.0,2.0542086164380886
2021-08-10 00:00:00+00:00,1042406.1885196281,7.936507936513283e-05,0.0,82.72408447898009,0.0,2.0603966040051405
2021-08-11 00:00:00+00:00,1042488.9191695106,7.936507936503304e-05,0.0,82.73064988251016,0.0,2.0670041586007435
2021-08-12 00:00:00+00:00,1042571.6563853177,7.936507936505569e-05,0.0,82.73721580710402,0.0,2.0761989929295126
2021-08-13 00:00:00+00:00,1042654.4001675704,7.936507936504943e-05,0.0,82.74378225280299,0.0,2.075787189708085
2021-08-16 00:00:00+00:00,1042737.1505167901,7.936507936508624e-05,0.0,82.75034921964844,0.0,2.075368188094995
2021-08-17 00:00:00+00:00,1042819.9074334978,7.936507936512645e-05,0.0,82.75691670768175,0.0,2.077759162706664
2021-08-18 00:00:00+00:00,1042902.6709182148,7.936507936513039e-05,0.0,82.76348471694428,0.0,2.0550692811125457
2021-08-19 00:00:00+00:00,1042985.4409714623,7.93650793650584e-05,0.0,82.77005324747736,0.0,2.044610024216941
2021-08-20 00:00:00+00:00,1043068.2175937616,7.936507936509408e-05,0.0,82.7766222993224,0.0,2.0475119559858483
2021-08-23 00:00:00+00:00,1043151.0007856342,7.936507936508613e-05,0.0,82.78319187252076,0.0,2.04691408706076
2021-08-24 00:00:00+00:00,1043233.7905476013,7.936507936510648e-05,0.0,82.78976196711382,0.0,2.0493924355732482
2021-08-25 00:00:00+00:00,1043316.5868801845,7.936507936511547e-05,0.0,82.79633258314296,0.0,2.0556325789997665
2021-08-26 00:00:00+00:00,1043399.3897839051,7.936507936507343e-05,0.0,82.80290372064957,0.0,2.0520237979455835
2021-08-27 00:00:00+00:00,1043482.1992592848,7.936507936505229e-05,0.0,82.809475379675,0.0,2.054002907048485
2021-08-30 00:00:00+00:00,1043565.0153068451,7.936507936512393e-05,0.0,82.8160475602607,0.0,2.058929592529661
2021-08-31 00:00:00+00:00,1043647.8379271075,7.936507936502555e-05,0.0,82.82262026244803,0.0,2.048630500275495
2021-09-01 00:00:00+00:00,1043730.6671205937,7.936507936505219e-05,0.0,82.82919348627837,0.0,2.0467352216796826
2021-09-02 00:00:00+00:00,1043813.5028878255,7.936507936505259e-05,0.0,82.83576723179316,0.0,2.0519955994572077
2021-09-03 00:00:00+00:00,1043896.3452293245,7.936507936509862e-05,0.0,82.84234149903376,0.0,2.052621391794556
2021-09-07 00:00:00+00:00,1043979.1941456125,7.93650793650391e-05,0.0,82.84891628804164,0.0,2.051543974474755
2021-09-08 00:00:00+00:00,1044062.0496372114,7.936507936505741e-05,0.0,82.85549159885814,0.0,2.047338387517228
2021-09-09 00:00:00+00:00,1044144.9117046429,7.936507936511386e-05,0.0,82.86206743152471,0.0,2.045148129706429
2021-09-10 00:00:00+00:00,1044227.780348429,7.936507936505726e-05,0.0,82.86864378608277,0.0,2.0498641320550712
2021-09-13 00:00:00+00:00,1044310.6555690916,7.936507936507098e-05,0.0,82.87522066257372,0.0,2.051021807406325
2021-09-14 00:00:00+00:00,1044393.5373671526,7.93650793651153e-05,0.0,82.881798061039,0.0,2.0422051050388887
2021-09-15 00:00:00+00:00,1044476.4257431341,7.936507936503913e-05,0.0,82.88837598152006,0.0,2.0439625440535805
2021-09-16 00:00:00+00:00,1044559.3206975581,7.93650793650257e-05,0.0,82.89495442405827,0.0,2.040396626676792
2021-09-17 00:00:00+00:00,1044642.2222309468,7.936507936503535e-05,0.0,82.90153338869509,0.0,2.0400430669009575
2021-09-20 00:00:00+00:00,1044725.1303438222,7.936507936502841e-05,0.0,82.90811287547197,0.0,2.0341725943124875
2021-09-21 00:00:00+00:00,1044148.2537978227,-0.0005521802139569288,0.25000000000000006,62.186019663322746,0.0,2.0403069340141076
2021-09-22 00:00:00+00:00,1045441.2544041758,0.001238330478119449,0.25013812132135005,62.14023581046565,7.617797610448598,2.0485964038783986
2021-09-23 00:00:00+00:00,1046408.544002183,0.000925245291337297,0.24982875076496727,62.24285490620795,7.791898165728944,2.0547763019068044
2021-09-24 00:00:00+00:00,1046144.9789411061,-0.00025187586873941237,0.2495978115650886,62.31962392192281,7.795295546518076,2.053053484929952
2021-09-27 00:00:00+00:00,1047180.5740357891,0.0009899154663354725,0.2496606950695493,62.29870605993259,7.97426559490941,2.0596525012729874
2021-09-28 00:00:00+00:00,1045922.896694406,-0.00120101286498854,0.0,83.10956936791978,7.9268924586068366,2.05501415798672
2021-09-29 00:00:00+00:00,1046005.906448112,7.936507936510656e-05,0.0,83.00975370590524,0.0,2.056268641650457
2021-09-30 00:00:00+00:00,1046088.9227898936,7.936507936507625e-05,0.0,83.0163417815962,0.0,2.0488994424692955
2021-10-01 00:00:00+00:00,1046171.9457202738,7.936507936511714e-05,0.0,83.02293038015029,0.0,2.0539206104450702
2021-10-04 00:00:00+00:00,1046254.9752397754,7.936507936507825e-05,0.0,83.02951950160903,0.0,2.0508533262820556
2021-10-05 00:00:00+00:00,1046338.0113489213,7.936507936503124e-05,0.0,83.03610914601391,0.0,2.0609226668524627
2021-10-06 00:00:00+00:00,1046421.0540482347,7.936507936504768e-05,0.0,83.04269931340646,0.0,2.0669369669369235
2021-10-07 00:00:00+00:00,1046504.1033382386,7.93650793650879e-05,0.0,83.04929000382815,0.0,2.07059703182659
2021-10-08 00:00:00+00:00,1044801.6331942829,-0.0016268165012683323,0.25000000000000006,62.29191091299039,0.0,2.076768839380273
2021-10-11 00:00:00+00:00,1045308.3298945902,0.00048496928432067884,0.25040736683640863,62.15679423489867,0.2843465958943856,2.0738518453218453
2021-10-12 00:00:00+00:00,1044525.6765260492,-0.0007487296773191916,0.25028598582098954,62.19700825873258,0.2128559606752134,2.078991201146281
2021-10-13 00:00:00+00:00,1043710.0999768414,-0.0007808104362932358,0.25047352278087825,62.13489291202297,0.17885780822029806,2.0844777635031457
2021-10-14 00:00:00+00:00,1043623.20619714,-8.325470808728259e-05,0.2506692479457321,62.0701646144668,0.2196324579526221,2.085542150349472
2021-10-15 00:00:00+00:00,1043625.705584847,2.394913884759903e-06,0.2506901190784163,62.063268282744474,0.24477919876241305,2.0860113788773624
2021-10-18 00:00:00+00:00,1043578.8871866108,-4.486129268916739e-05,0.2506895186986072,62.0634666468482,0.23437401748982767,2.0866534894267916
2021-10-19 00:00:00+00:00,1041948.0983113111,-0.0015626886432095134,0.25070076545902387,62.05975090095644,0.20207735955992256,2.0970348355816073
2021-10-20 00:00:00+00:00,1040413.714236888,-0.0014726108497245636,0.25109314586645715,61.93032321244059,0.13243191636058627,2.1065277102876308
2021-10-21 00:00:00+00:00,1040483.6379010049,6.720755710930782e-05,0.2514634536766506,61.80854669859748,0.0751550905285876,2.106446695899123
2021-10-22 00:00:00+00:00,1039633.2202046982,-0.0008173292354911845,0.0,82.57806650007976,0.06449070608547736,2.1099468487949915
2021-10-25 00:00:00+00:00,1039511.977094601,-0.00011662104263391825,0.25000000000000006,61.88292977408918,0.0,2.107255979357948
2021-10-26 00:00:00+00:00,1041814.6654025079,0.0022151628443404588,0.250029158661172,61.87330730503384,0.5365026204132979,2.093730372809965
2021-10-27 00:00:00+00:00,1041790.2259416673,-2.3458549444684213e-05,0.2494765275268594,62.05606034534392,0.45783705220296755,2.093471014787109
2021-10-28 00:00:00+00:00,1040655.2741459655,-0.0010894244997124956,0.24948238002160672,62.05412070559466,0.4176819160321039,2.1012562710299285
2021-10-29 00:00:00+00:00,1038977.7667567396,-0.001611972216834783,0.24975446865867615,61.96404516625325,0.32325488366824673,2.1121323269023295
2021-11-01 00:00:00+00:00,1041170.113996063,0.0021101002441727226,0.2501577159466089,61.83090965917183,0.49279783601839555,2.099327445589082
2021-11-02 00:00:00+00:00,1040849.8110052649,-0.0003076375190686189,0.24963096957675196,62.00490547181654,0.42345662822972496,2.101240046621686
2021-11-03 00:00:00+00:00,1040644.4448765707,-0.00019730620741123512,0.24970778906147093,61.97948459953098,0.3790151491505718,2.1026665564434577
2021-11-04 00:00:00+00:00,1040452.9304769549,-0.0001840344226682824,0.24975706768126926,61.96318570042826,0.38758046429756465,2.10443514473109
2021-11-05 00:00:00+00:00,1040073.8672944271,-0.00036432516207534233,0.24980304003952372,61.94798614490321,0.39164357964698504,2.1074087003970976
2021-11-08 00:00:00+00:00,1038778.1052371345,-0.0012458365679962002,0.0,82.54554502336723,0.4522780776038091,2.1042335034097492
2021-11-09 00:00:00+00:00,1038860.5479438994,7.936507936513382e-05,0.0,82.44270676485195,0.0,2.1068083626192227
2021-11-10 00:00:00+00:00,1038942.9971937363,7.936507936510982e-05,0.0,82.44924983681742,0.0,2.1100997368850174
2021-11-11 00:00:00+00:00,1039025.4529871644,7.936507936512174e-05,0.0,82.4557934280743,0.0,2.1122492448596764
2021-11-12 00:00:00+00:00,1039107.9153247031,7.936507936512993e-05,0.0,82.46233753866385,0.0,2.1182103939985013
2021-11-15 00:00:00+00:00,1035424.1037694938,-0.003545167446884677,0.25,61.851661626470424,0.0,2.13943850219019
2021-11-16 00:00:00+00:00,1036784.4955148273,0.0013138497938970236,0.25088944509351246,61.55929563002524,0.2602070340955742,2.1314919800750403
2021-11-17 00:00:00+00:00,1038374.5003047251,0.0015335923683043578,0.250560246565204,61.66726322886124,0.2988177038031783,2.1217508665540774
2021-11-18 00:00:00+00:00,1038726.4656896492,0.00033895803953274734,0.2501765776749532,61.793454085202335,0.27601029795344845,2.119704855885457
2021-11-19 00:00:00+00:00,1037672.2077676278,-0.0010149524026245719,0.25009180704633355,61.821387845910586,0.09326559445816707,2.1264944523304425
2021-11-22 00:00:00+00:00,1036088.2597138011,-0.0015264435550743762,0.2503458962151844,61.7377165822581,0.05028272450056481,2.1370764784764202
2021-11-23 00:00:00+00:00,1035159.0491462889,-0.0008968449924998439,0.25072861930018786,61.61200641925597,0.06173075570085773,2.1432975208524834
2021-11-24 00:00:00+00:00,1034992.1429433365,-0.00016123725440069092,0.2509536858566978,61.538259548818495,0.08332387800386498,2.1447158640704624
2021-11-26 00:00:00+00:00,1034598.3579483847,-0.0003804714824519759,0.2509941554651956,61.525013024774665,-0.07237810162696334,2.147826233471522
2021-11-29 00:00:00+00:00,1035460.4356416899,0.0008332486579765281,0.2510896879309911,61.49376024739753,0.014090838953873641,2.1426162188577127
2021-11-30 00:00:00+00:00,1034778.9208959432,-0.0006581755538775314,0.0,82.17939965410237,-0.09135754891684922,2.1471253206098866
2021-12-01 00:00:00+00:00,1035917.2129558279,0.001100034062250889,0.25000000000000006,61.59398338666328,0.0,2.1389630261321315
2021-12-02 00:00:00+00:00,1034351.5157635814,-0.0015114115034145321,0.24972529367075658,61.684324026336675,0.31862156162803856,2.149871839903829
2021-12-03 00:00:00+00:00,1034588.4413480124,0.00022905712499114521,0.2501033026794683,61.560062344412344,0.30003430938861886,2.1485858369861486
2021-12-06 00:00:00+00:00,1033701.178920068,-0.0008575994013507463,0.25004602785521235,61.57886596222433,0.2857439286283605,2.154787330649452
2021-12-07 00:00:00+00:00,1032218.7859647758,-0.001434063330411235,0.2502606512398973,61.50844830921287,0.24292731065299633,2.1645926237571294
2021-12-08 00:00:00+00:00,1031953.4742133818,-0.0002570305394568944,0.25062005627246325,61.39079807466588,0.22921508970861426,2.1666223866397045
2021-12-09 00:00:00+00:00,1032938.4307218065,0.0009544582513039257,0.25068448984212083,61.36974158646,0.28993366418003275,2.160974831198281
2021-12-10 00:00:00+00:00,1033423.7773028661,0.00046986980697433185,0.25044545011575636,61.44791273792227,0.33132834026198155,2.158467828896795
2021-12-13 00:00:00+00:00,1034155.6800110352,0.0007082309544679401,0.25032782862723896,61.486432307847636,0.2951047537881686,2.1538615905160947
2021-12-14 00:00:00+00:00,1033638.8987973387,-0.0004997131705459951,0.25015066418358345,61.544519824369,0.25898512934312135,2.1574620091705046
2021-12-15 00:00:00+00:00,1032140.7261076245,-0.0014494159338018264,0.0,82.03483323788403,0.27991797932828777,2.1535530284411224
2021-12-16 00:00:00+00:00,1032222.6420382679,7.936507936506253e-05,0.0,81.91593064346226,0.0,2.161867578424429
2021-12-17 00:00:00+00:00,1032304.5644701758,7.936507936512814e-05,0.0,81.92243190779904,0.0,2.1520883061957825
2021-12-20 00:00:00+00:00,1032386.4934038639,7.936507936506096e-05,0.0,81.92893368810918,0.0,2.1593173223203164
2021-12-21 00:00:00+00:00,1032468.4288398483,7.936507936504688e-05,0.0,81.93543598443364,0.0,2.161201212258099
2021-12-22 00:00:00+00:00,1032550.370778645,7.936507936504623e-05,0.0,81.94193879681336,0.0,2.1611482720672415
2021-12-23 00:00:00+00:00,1032632.3192207704,7.936507936513208e-05,0.0,81.94844212528929,0.0,2.1630739674770654
2021-12-27 00:00:00+00:00,1032714.2741667402,7.936507936503926e-05,0.0,81.95494596990241,0.0,2.1730323302354644
2021-12-28 00:00:00+00:00,1032796.2356170709,7.936507936506635e-05,0.0,81.96145033069367,0.0,2.174261966404249
2021-12-29 00:00:00+00:00,1032878.2035722786,7.936507936506093e-05,0.0,81.96795520770404,0.0,2.1730185825446737
2021-12-30 00:00:00+00:00,1032960.1780328796,7.936507936509606e-05,0.0,81.9744606009745,0.0,2.1738508270781325
2021-12-31 00:00:00+00:00,1033042.1589993902,7.936507936513204e-05,0.0,81.980966510546,0.0,2.169441983675467
2022-01-03 00:00:00+00:00,1033124.1464723267,7.936507936512921e-05,0.0,81.98747293645954,0.0,2.1625035823015724
2022-01-04 00:00:00+00:00,1033206.1404522054,7.936507936504794e-05,0.0,81.9939798787561,0.0,2.156902020366619
2022-01-05 00:00:00+00:00,1033288.1409395429,7.936507936507392e-05,0.0,82.00048733747663,0.0,2.156429669386838
2022-01-06 00:00:00+00:00,1033370.1479348555,7.936507936505477e-05,0.0,82.00699531266214,0.0,2.1521453456772695
2022-01-07 00:00:00+00:00,1033452.1614386599,7.936507936506351e-05,0.0,82.01350380435362,0.0,2.158631569055693
2022-01-10 00:00:00+00:00,1033534.1814514725,7.936507936506047e-05,0.0,82.02001281259206,0.0,2.161585308178892
2022-01-11 00:00:00+00:00,1033616.2079738099,7.936507936511863e-05,0.0,82.02652233741844,0.0,2.159319678300156
2022-01-12 00:00:00+00:00,1033698.2410061888,7.936507936508565e-05,0.0,82.0330323788738,0.0,2.1570569121273806
2022-01-13 00:00:00+00:00,1033780.2805491257,7.936507936503455e-05,0.0,82.03954293699911,0.0,2.1557389649839136
2022-01-14 00:00:00+00:00,1033862.3266031375,7.936507936503825e-05,0.0,82.04605401183538,0.0,2.1597833021836257
2022-01-18 00:00:00+00:00,1033944.3791687409,7.936507936505708e-05,0.0,82.05256560342362,0.0,2.1545838018174077
2022-01-19 00:00:00+00:00,1034026.4382464527,7.936507936505138e-05,0.0,82.05907771180483,0.0,2.1518440435667134
2022-01-20 00:00:00+00:00,1034108.5038367898,7.936507936509406e-05,0.0,82.06559033702005,0.0,2.1451388946952514
2022-01-21 00:00:00+00:00,1034190.5759402688,7.936507936503287e-05,0.0,82.0721034791103,0.0,2.1447949523208556
2022-01-24 00:00:00+00:00,1034272.6545574069,7.936507936505329e-05,0.0,82.07861713811657,0.0,2.1393344087705337
2022-01-25 00:00:00+00:00,1034354.739688721,7.936507936511567e-05,0.0,82.08513131407992,0.0,2.1604465609990253
2022-01-26 00:00:00+00:00,1034436.831334728,7.936507936506775e-05,0.0,82.09164600704135,0.0,2.1746790253174306
2022-01-27 00:00:00+00:00,1034518.9294959451,7.936507936509499e-05,0.0,82.0981612170419,0.0,2.181617457304836
2022-01-28 00:00:00+00:00,1034601.0341728892,7.936507936504517e-05,0.0,82.10467694412263,0.0,2.1454919346835384
2022-01-31 00:00:00+00:00,1034683.1453660775,7.93650793651037e-05,0.0,82.11119318832453,0.0,2.141702717940411
2022-02-01 00:00:00+00:00,1034765.2630760273,7.936507936511836e-05,0.0,82.11770994968869,0.0,2.132196403613376
2022-02-02 00:00:00+00:00,1034847.3873032555,7.936507936504948e-05,0.0,82.12422722825613,0.0,2.1394665846470176
2022-02-03 00:00:00+00:00,1034929.5180482796,7.936507936508244e-05,0.0,82.13074502406789,0.0,2.1355660717908274
2022-02-04 00:00:00+00:00,1035011.6553116167,7.936507936506504e-05,0.0,82.13726333716504,0.0,2.135633294733242
2022-02-07 00:00:00+00:00,1035093.7990937843,7.936507936507011e-05,0.0,82.14378216758863,0.0,2.147337422144047
2022-02-08 00:00:00+00:00,1035175.9493952997,7.936507936505798e-05,0.0,82.15030151537971,0.0,2.146683130919827
2022-02-09 00:00:00+00:00,1035258.1062166803,7.936507936510144e-05,0.0,82.15682138057934,0.0,2.168457690296265
2022-02-10 00:00:00+00:00,1035340.2695584435,7.936507936504838e-05,0.0,82.16334176322859,0.0,2.1627038958207176
2022-02-11 00:00:00+00:00,1035422.4394211068,7.936507936508403e-05,0.0,82.16986266336853,0.0,2.1683406392241515
2022-02-14 00:00:00+00:00,1035504.6158051878,7.936507936505626e-05,0.0,82.17638408104023,0.0,2.168763357229936
2022-02-15 00:00:00+00:00,1035586.7987112041,7.936507936503785e-05,0.0,82.18290601628475,0.0,2.1524414084850814
2022-02-16 00:00:00+00:00,1035668.9881396733,7.936507936510155e-05,0.0,82.18942846914318,0.0,2.1504391770462328
2022-02-17 00:00:00+00:00,1035751.1840911129,7.936507936509528e-05,0.0,82.19595143965661,0.0,2.1433148693594677
2022-02-18 00:00:00+00:00,1035833.3865660408,7.936507936509175e-05,0.0,82.2024749278661,0.0,2.1504048674745495
2022-02-22 00:00:00+00:00,1035915.5955649746,7.936507936505134e-05,0.0,82.20899893381277,0.0,2.149668273379638
2022-02-23 00:00:00+00:00,1035997.8110884321,7.936507936504674e-05,0.0,82.21552345753767,0.0,2.171866510981539
2022-02-24 00:00:00+00:00,1033942.8894667545,-0.001983519269716078,0.25000000000000006,61.666536374311434,0.0,2.1733626843363605
2022-02-25 00:00:00+00:00,1030528.0724754897,-0.0033027133568527874,0.25049686535944393,61.50344735671798,-0.029414820596105784,2.1954342730710907
2022-02-28 00:00:00+00:00,1026932.0762738932,-0.0034894694260567886,0.25132692615539415,61.23243013518902,-0.1810814186622247,2.2178641565630834
2022-03-01 00:00:00+00:00,1025755.6447363067,-0.0011455787240136131,0.0,81.50254573602328,-0.44201619239449697,2.2546573268585206
2022-03-02 00:00:00+00:00,1025718.0055047645,-3.6694150049661936e-05,0.25,61.05688361525635,0.0,2.2697136243643254
2022-03-03 00:00:00+00:00,1024516.4159273265,-0.001171461913497997,0.25000917387413996,61.05389637465776,0.27594636474551315,2.2779136904906365
2022-03-04 00:00:00+00:00,1025684.9106895298,0.001140532981256001,0.250302393595094,60.95853212248015,0.435469607260736,2.2716770944365896
2022-03-07 00:00:00+00:00,1026655.0379060014,0.0009458335658066876,0.25001724068620873,61.051269802020094,0.6083106931101501,2.2674262260469162
2022-03-08 00:00:00+00:00,1019139.8932246888,-0.007320029030043762,0.2497809894422938,61.12826402554958,0.26164511625225284,2.3129539715036365
2022-03-09 00:00:00+00:00,1017129.3386485314,-0.0019727954812914098,0.25162287620070606,60.531823971477166,-0.03752076582768504,2.3250499138090888
2022-03-10 00:00:00+00:00,1015515.3581763569,-0.0015867996437099957,0.25212025790624554,60.37225614797259,-0.021238917677494085,2.334666698489925
2022-03-11 00:00:00+00:00,1014973.6459858788,-0.0005334357438482321,0.2525209580725444,60.244162459704775,-0.07201430166178913,2.338227925226127
2022-03-14 00:00:00+00:00,1015251.2986313608,0.0002735565071862429,0.2526557336717731,60.20116942871445,-0.18596754925333991,2.337573580519082
2022-03-15 00:00:00+00:00,1018496.5494582377,0.0031965000500386604,0.2525866369536061,60.22320535295906,-0.1937988310822718,2.3192082296120202
2022-03-16 00:00:00+00:00,1018311.3877816821,-0.00018179902195459668,0.2517818163649966,60.48076494239374,-0.21420987018202586,2.3208196999393325
2022-03-17 00:00:00+00:00,1017967.9820360615,-0.00033723058559591594,0.25182759837608254,60.466069571238535,-0.16030922794360736,2.322815082613691
2022-03-18 00:00:00+00:00,1017503.1736043945,-0.0004566041760343506,0.25191255099317295,60.43881514698291,-0.19122741673453825,2.3260938254678365
2022-03-21 00:00:00+00:00,1016820.0739629748,-0.0006713489049866134,0.0,80.7542201273329,-0.041389730907287925,2.3234012711828185
2022-03-22 00:00:00+00:00,1016335.9780597361,-0.0004760880667432363,0.25,60.525004402558025,0.0,2.3203891667909975
2022-03-23 00:00:00+00:00,1016204.2115384121,-0.00012964858488576818,0.250119078708638,60.48658409277717,0.3003934868062361,2.3218827377871634
2022-03-24 00:00:00+00:00,1016214.9320711615,1.0549585041656393e-05,0.2501515104979811,60.47612643235464,0.3134596603669144,2.322298419704729
2022-03-25 00:00:00+00:00,1015567.462347253,-0.0006371385653513737,0.2501488715311878,60.47697726828712,0.3386301997494914,2.3272024080277487
2022-03-28 00:00:00+00:00,1015246.9297339353,-0.0003156192229483966,0.2503083526358817,60.42559078226264,0.23349016557223612,2.329142653772023
2022-03-29 00:00:00+00:00,1016730.725780707,0.001461512468853807,0.25038737970610064,60.40015168596758,0.2932826960890804,2.3199042052916568
2022-03-30 00:00:00+00:00,1017690.6859616804,0.0009441636380530215,0.2500219694802179,60.51791327698121,0.3844729401195319,2.3144155525414773
2022-03-31 00:00:00+00:00,1018843.6195719129,0.0011328919740904054,0.24978613049851123,60.59410059293149,0.3993382564515511,2.3069589014151806
2022-04-01 00:00:00+00:00,1018175.1369240903,-0.0006561189911592751,0.24950347001981807,60.685603260410254,0.37798480783513955,2.311850514541327
2022-04-04 00:00:00+00:00,1018138.2395647231,-3.6238715746579905e-05,0.24966728146465814,60.632549082011636,0.38002294758982513,2.312539480334498
2022-04-05 00:00:00+00:00,1018591.0227321675,0.00044471678780867447,0.24967632941418844,60.62962072015709,0.3872236472988724,2.3098787801980314
2022-04-06 00:00:00+00:00,1018343.4942706046,-0.00024301064513507047,0.24956534351627152,60.66555589217649,0.3964970504769336,2.3120946049130766
2022-04-07 00:00:00+00:00,1017927.4443425155,-0.00040855559094725723,0.24962600529286022,60.645910776179434,0.4230373794312563,2.3156094244213223
2022-04-08 00:00:00+00:00,1017605.017544572,-0.0003167483102411057,0.2497280330769901,60.612890940616815,0.4701052449069687,2.3186668897097915
2022-04-11 00:00:00+00:00,1017744.0136341548,0.00013659139566566552,0.24980715907251244,60.5873015122086,0.370795825965327,2.3172391876899368
2022-04-12 00:00:00+00:00,1016608.7831435993,-0.0011154381409740218,0.2497730422240754,60.59833294788977,0.3825950163921543,2.3254007287058904
2022-04-13 00:00:00+00:00,1016212.0275667283,-0.0003902736071629466,0.2500519597171692,60.50823528990917,0.38699990697506914,2.3284721033289
2022-04-14 00:00:00+00:00,1017733.3356234197,0.0014970380348027655,0.25014958649862234,60.476746752062276,0.5060428599421771,2.319796641533609
2022-04-18 00:00:00+00:00,1016041.713988997,-0.0016621462373407178,0.24977566283119598,60.597485486720316,0.4433294577896081,2.330856296388345
2022-04-19 00:00:00+00:00,1017224.092815902,0.001163710909331553,0.2501915177209905,60.46322980144867,0.47085326075102496,2.3236702936533176
2022-04-20 00:00:00+00:00,1017078.5542012051,-0.0001430742898488964,0.24990070554369964,60.557069390885566,0.46678869908088894,2.3250047049779816
2022-04-21 00:00:00+00:00,1023859.066297886,0.006666655263423686,0.24993646502594058,60.54551870717948,0.7795877971415315,2.282109598434944
2022-04-22 00:00:00+00:00,1024575.1288266683,0.0006993760687898788,0.2482812594607471,61.08365458786843,0.721887866951866,2.2761733937276967
2022-04-25 00:00:00+00:00,1024671.4597318147,9.402034310236306e-05,0.24810773884571685,61.1404849472956,0.6197252292946813,2.2741788017569218
2022-04-26 00:00:00+00:00,1025071.4950425861,0.00039040348686605674,0.248084413864007,61.148130257227855,0.6466723604752027,2.2720310781973225
2022-04-27 00:00:00+00:00,1028547.9262868578,0.0033914036836301493,0.2479875986407981,61.17987909141606,0.9150114051835512,2.2507535399725165
2022-04-28 00:00:00+00:00,1025665.62396371,-0.0028023024007769073,0.24714941520366934,61.45578633302493,0.8758612303669251,2.272742738622107
2022-04-29 00:00:00+00:00,1028674.8569959673,0.002933931840893761,0.24784394889668054,61.22703218039415,0.9283039731832625,2.2510205944552073
2022-05-02 00:00:00+00:00,1027501.7955178035,-0.001140361767555492,0.24711891883223142,61.46586019882727,0.8941792830704727,2.2599667715196134
2022-05-03 00:00:00+00:00,1027181.2182531058,-0.0003119967927026381,0.2474010455258023,61.37276008151268,0.9525129997287567,2.2642374989700946
2022-05-04 00:00:00+00:00,1026895.4266561745,-0.0002782289939231225,0.2474782579485459,61.3473174414573,1.0439762146534959,2.2690098657776496
2022-05-05 00:00:00+00:00,1026267.8875401674,-0.0006111032338029449,0.2475471327382362,61.32463556868498,0.976291198566192,2.2726445658599643
2022-05-06 00:00:00+00:00,1023839.0003564968,-0.0023667184885735673,0.2476985020938739,61.27483087693839,0.8943190124362277,2.289289590657389
2022-05-09 00:00:00+00:00,1025907.1672320644,0.002020011813231874,0.24828612545745035,61.08206205283754,0.735870451402836,2.2713682967167217
2022-05-10 00:00:00+00:00,1025576.0504877131,-0.00032275507465719897,0.24778559562713484,61.2462022810572,0.7373767264217235,2.2743698129365417
2022-05-11 00:00:00+00:00,1025435.7950821618,-0.00013675768411771099,0.2478655955059173,61.21992317436265,0.7988805550298617,2.277027887612614
2022-05-12 00:00:00+00:00,1022945.3298027598,-0.0024286896277132914,0.2478994976671122,61.20879179296969,0.6459958312733296,2.293189219031209
2022-05-13 00:00:00+00:00,1023444.4257301459,0.00048790088076584956,0.24850303440923718,61.011135818413976,0.7615977657081445,2.291883517395109
2022-05-16 00:00:00+00:00,1020839.7437295939,-0.0025450155719923162,0.2483818486864968,61.05074660630176,0.7199903412680131,2.310002322446714
2022-05-17 00:00:00+00:00,1021351.6235025288,0.0005014300981902401,0.2490155972591904,60.844025812607164,0.7781307526931269,2.307792617596875
2022-05-18 00:00:00+00:00,1025594.2654288944,0.004153948384412753,0.2488907959229521,60.88465119141152,0.9062063424447964,2.2802189250156237
2022-05-19 00:00:00+00:00,1027241.1749133887,0.001605809958195819,0.24786119331940434,61.22136880461514,1.0148664710120716,2.2707306293013088
2022-05-20 00:00:00+00:00,1027466.5899477304,0.00021943730435138373,0.24746381346345164,61.352075906559115,1.0616733783344277,2.2705826500766513
2022-05-23 00:00:00+00:00,1026281.5283706919,-0.0011533821037419591,0.24740952258474477,61.36996598864974,1.0486198073180644,2.2795608402065715
2022-05-24 00:00:00+00:00,1026416.6745425247,0.00013168528137436354,0.24769520980691867,61.27591348253557,1.0938416586654944,2.2800481210741284
2022-05-25 00:00:00+00:00,1025963.6401764029,-0.0004413747139520925,0.24766259628824056,61.28663936918897,1.1308213369039823,2.284652456858268
2022-05-26 00:00:00+00:00,1024512.0845954521,-0.001414821660445227,0.24777195656469467,61.2506842607666,1.0673830596841323,2.2940702500683754
2022-05-27 00:00:00+00:00,1024975.659625731,0.00045248371127016185,0.2481230063685597,61.13548143688161,1.1278219792139037,2.2925343788012973
2022-05-31 00:00:00+00:00,1026140.4510756701,0.0011364088883480962,0.248010785527889,61.17227310595137,1.1277642747227987,2.28460623086401
2022-06-01 00:00:00+00:00,1027324.6645014682,0.0011540461391583733,0.2477292637906134,61.26471687181955,1.2239475040546124,2.2787319424634624
2022-06-02 00:00:00+00:00,1027418.5100256879,9.13494316475116e-05,0.24744370234126742,61.35870206434321,1.242221929319827,2.278943906583469
2022-06-03 00:00:00+00:00,1027403.1697836658,-1.4930860085130095e-05,0.24742110056435326,61.366150121820965,1.2774575151628516,2.280387535306225
2022-06-06 00:00:00+00:00,1027955.9144135513,0.000538001678544484,0.24742479482934646,61.36493264229541,1.3148890975743301,2.277757171645033
2022-06-07 00:00:00+00:00,1030480.4595640324,0.002455888540629975,0.24729175145197507,61.4088012637149,1.584032977912763,2.267169468552992
2022-06-08 00:00:00+00:00,1030968.6442497583,0.0004737447286797548,0.24668591833200873,61.609161989943544,1.6428074707081848,2.26578019450033
2022-06-09 00:00:00+00:00,1031826.5914879305,0.0008321758794095087,0.24656910751706723,61.647906806271,1.6094846672085574,2.2587543126633327
2022-06-10 00:00:00+00:00,1031367.2685433651,-0.0004451551727340961,0.24636408926442868,61.715997856919586,1.5086473069797084,2.259581103506925
2022-06-13 00:00:00+00:00,1033382.9030603177,0.0019543324462869805,0.24647380835516147,61.67954365496995,1.449372269244199,2.2425391044858185
2022-06-14 00:00:00+00:00,1033676.8422209246,0.00028444360724019725,0.24599305614397798,61.83951464837889,1.4645667864531429,2.241166024479411
2022-06-15 00:00:00+00:00,1035203.9864183635,0.0014773903555368305,0.24592310488891966,61.862843153188955,1.517475215593552,2.2310906141453977
2022-06-16 00:00:00+00:00,1039463.1826764008,0.004114354575443007,0.24556031644570023,61.98404507362062,1.584998246243394,2.197953244715438
2022-06-17 00:00:00+00:00,1039734.4043040925,0.0002609247082647233,0.2445541340254292,62.3220765226712,1.3861076170725928,2.188257453244629
2022-06-21 00:00:00+00:00,1041115.6231963392,0.001328434344895209,0.24449034045467252,62.34360204867848,1.6713984637330552,2.187836523390053
2022-06-22 00:00:00+00:00,1042963.975895356,0.0017753577583843735,0.2441659819783574,62.453222595682185,1.5904410714058963,2.1677953926311395
2022-06-23 00:00:00+00:00,1044320.6147044736,0.0013007532766920044,0.24373326822962957,62.599917254334315,1.583250025224236,2.154956692735179
2022-06-24 00:00:00+00:00,1044002.9460346502,-0.00030418691860577317,0.24341664323334242,62.70758700108968,1.6297857310624622,2.160801978588034
2022-06-27 00:00:00+00:00,1044180.7322031241,0.0001702927842772471,0.24349070992210275,62.682375201897344,1.7301366234039974,2.1643407520044677
2022-06-28 00:00:00+00:00,1045186.4658553118,0.0009631796691610463,0.24344925227110328,62.69648521526828,1.847742133879174,2.16093862229091
2022-06-29 00:00:00+00:00,1043634.3754148094,-0.0014849890342124375,0.24321499253505838,62.776305346394295,1.6305788488533095,2.166123016638535
2022-06-30 00:00:00+00:00,1043628.8284034673,-5.315090680036018e-06,0.24357670126542716,62.65312356540204,1.5612288162282704,2.163632426639876
2022-07-01 00:00:00+00:00,1043966.0401199694,0.00032311460485233336,0.24357799590456305,62.65268332640664,1.6499966692512351,2.165009461903837
2022-07-05 00:00:00+00:00,1044212.4584324086,0.0002360405443944438,0.24349931771873656,62.67944616104966,1.5491133223705187,2.158615950349235
2022-07-06 00:00:00+00:00,1044012.8848694869,-0.0001911235221434984,0.2434418555706193,62.69900316997341,1.4741022491628764,2.157770052168343
2022-07-07 00:00:00+00:00,1044992.8522648136,0.0009386545027643135,0.24348839192968594,62.68316399831295,1.6138771719204008,2.1551888786655806
2022-07-08 00:00:00+00:00,1045639.9847605245,0.0006192697819016929,0.24326005478392032,62.76093918841825,1.6498027742146841,2.151139329989642
2022-07-11 00:00:00+00:00,1046706.1795919911,0.0010196576709055694,0.24310950441414353,62.81229891030006,1.6830558604822787,2.142766527014789
2022-07-12 00:00:00+00:00,1047425.7214455702,0.0006874344181856171,0.24286186844701108,62.89691754771805,1.6612141745684001,2.134982212645983
2022-07-13 00:00:00+00:00,1048791.5585727096,0.0013039942586614264,0.24269503152921526,62.95402404403385,1.7508301957580883,2.126212852581084
2022-07-14 00:00:00+00:00,1048899.7558366256,0.00010316374405536569,0.2423789707429462,63.06242381602904,1.701905777921622,2.123086832731481
2022-07-15 00:00:00+00:00,1049274.4729269014,0.00035724776194361344,0.24235396860015873,63.07101090046681,1.760759641476467,2.1229882129573214
2022-07-18 00:00:00+00:00,1049045.215920008,-0.000218490979060892,0.24226741910689092,63.10075035207601,1.801203773925722,2.1282049793144076
2022-07-19 00:00:00+00:00,1047075.910312021,-0.0018772361554119604,0.2423203639204503,63.08255535152892,1.7834861235832355,2.1477724567909995
2022-07-20 00:00:00+00:00,1046548.1027820734,-0.0005040776172477516,0.24277611201559632,62.92626125565693,1.782422394111641,2.1534879363715307
2022-07-21 00:00:00+00:00,1045815.9791506884,-0.0006995604210057906,0.24289855173878974,62.884371769153155,1.689658222142112,2.156716094765083
2022-07-22 00:00:00+00:00,1046297.8734174016,0.00046078304053503386,0.24306859290597632,62.82626671904323,1.6885142372060151,2.152556570779645
2022-07-25 00:00:00+00:00,1045922.8540179104,-0.0003584250804852124,0.2429566426054784,62.86451229576651,1.76865507606385,2.1606241182616843
2022-07-26 00:00:00+00:00,1047171.1855578958,0.0011935216208250078,0.2430437555831347,62.83474885136244,1.8383776421024567,2.1525706911871025
2022-07-27 00:00:00+00:00,1047238.1220955258,6.392129439121236e-05,0.24275402340765542,62.93382278310731,1.8870302686514038,2.1549339045257168
2022-07-28 00:00:00+00:00,1047905.947684154,0.0006377017552530111,0.24273850724807353,62.93913520672874,2.014577237585889,2.155522424214825
2022-07-29 00:00:00+00:00,1039828.8058151203,-0.0077078881810757624,0.24258381112592256,62.99213723757225,1.7065236539226354,2.2148047299893743
2022-08-01 00:00:00+00:00,1040032.227074771,0.00019562956759132066,0.24446814424560276,62.351094232093395,1.62482060496496,2.2104703677652107
2022-08-02 00:00:00+00:00,1041094.3281341395,0.0010212193735148758,0.24442032840244687,62.3672387765101,1.6488685307780702,2.202778304188599
2022-08-03 00:00:00+00:00,1040915.8361277448,-0.00017144652657427747,0.24417097627102885,62.45153251138061,1.533775910105656,2.2003661354572017
2022-08-04 00:00:00+00:00,1040351.597763956,-0.0005420595443026454,0.24421284571517154,62.437366479127064,1.3602031388987348,2.199344276787039
2022-08-05 00:00:00+00:00,1037931.9778759727,-0.0023257712999948488,0.0,82.56758712412349,1.3707338716832538,2.207219152640165
2022-08-08 00:00:00+00:00,1038014.3534297724,7.936507936507583e-05,0.0,82.37555379968038,0.0,2.2028383496774273
2022-08-09 00:00:00+00:00,1038096.7355213144,7.936507936504273e-05,0.0,82.38209154204543,0.0,2.202566547454304
2022-08-10 00:00:00+00:00,1038179.1241511178,7.936507936511662e-05,0.0,82.38862980327892,0.0,2.197911790435675
2022-08-11 00:00:00+00:00,1038261.5193197011,7.936507936503354e-05,0.0,82.39516858342205,0.0,2.2151908988647615
2022-08-12 00:00:00+00:00,1038343.9210275837,7.936507936509025e-05,0.0,82.40170788251596,0.0,2.2075536627038033
2022-08-15 00:00:00+00:00,1038426.3292752843,7.936507936513492e-05,0.0,82.40824770060188,0.0,2.2018827463085993
2022-08-16 00:00:00+00:00,1038508.7440633221,7.936507936512788e-05,0.0,82.41478803772098,0.0,2.204949625443875
2022-08-17 00:00:00+00:00,1038591.165392216,7.93650793650295e-05,0.0,82.42132889391445,0.0,2.209124125684001
2022-08-18 00:00:00+00:00,1038673.5932624851,7.93650793650243e-05,0.0,82.42787026922349,0.0,2.2015027172214503
2022-08-19 00:00:00+00:00,1038756.0276746488,7.936507936507262e-05,0.0,82.43441216368929,0.0,2.1924712024588415
2022-08-22 00:00:00+00:00,1038838.4686292262,7.936507936513474e-05,0.0,82.44095457735308,0.0,2.187904007513843
2022-08-23 00:00:00+00:00,1038920.9161267364,7.936507936505894e-05,0.0,82.44749751025604,0.0,2.1974248988187277
2022-08-24 00:00:00+00:00,1039003.3701676988,7.936507936502971e-05,0.0,82.4540409624394,0.0,2.1984196835311227
2022-08-25 00:00:00+00:00,1039085.8307526328,7.936507936511941e-05,0.0,82.46058493394435,0.0,2.203513613957764
2022-08-26 00:00:00+00:00,1039168.2978820576,7.936507936506427e-05,0.0,82.46712942481213,0.0,2.202837452265311
2022-08-29 00:00:00+00:00,1039250.7715564927,7.936507936504872e-05,0.0,82.47367443508394,0.0,2.197051467255358
2022-08-30 00:00:00+00:00,1039333.2517764574,7.936507936503308e-05,0.0,82.48021996480101,0.0,2.196844309560927
2022-08-31 00:00:00+00:00,1039415.7385424714,7.93650793650897e-05,0.0,82.48676601400456,0.0,2.1852190606784605
2022-09-01 00:00:00+00:00,1039498.2318550542,7.93650793650669e-05,0.0,82.49331258273583,0.0,2.17987960015543
2022-09-02 00:00:00+00:00,1039580.7317147251,7.9365079365037e-05,0.0,82.49985967103605,0.0,2.183420477222087
2022-09-06 00:00:00+00:00,1039663.2381220041,7.936507936507236e-05,0.0,82.50640727894644,0.0,2.1831032743819536
2022-09-07 00:00:00+00:00,1039745.7510774106,7.936507936513325e-05,0.0,82.51295540650825,0.0,2.1775442809145185
2022-09-08 00:00:00+00:00,1039828.2705814644,7.936507936506808e-05,0.0,82.51950405376274,0.0,2.175576529433483
2022-09-09 00:00:00+00:00,1039910.7966346851,7.936507936506108e-05,0.0,82.52605322075114,0.0,2.191298879636663
2022-09-12 00:00:00+00:00,1039993.3292375926,7.936507936507262e-05,0.0,82.53260290751469,0.0,2.19989445767045
2022-09-13 00:00:00+00:00,1040075.8683907067,7.936507936506301e-05,0.0,82.53915311409466,0.0,2.196329731571758
2022-09-14 00:00:00+00:00,1040158.4140945473,7.936507936510449e-05,0.0,82.54570384053228,0.0,2.2059105642460626
2022-09-15 00:00:00+00:00,1040240.9663496341,7.936507936504551e-05,0.0,82.55225508686883,0.0,2.2054997718995546
2022-09-16 00:00:00+00:00,1040323.5251564872,7.936507936507022e-05,0.0,82.55880685314557,0.0,2.188530909220078
2022-09-19 00:00:00+00:00,1040406.0905156266,7.936507936502704e-05,0.0,82.56535913940375,0.0,2.1945225194083746
2022-09-20 00:00:00+00:00,1040488.6624275723,7.936507936510011e-05,0.0,82.57191194568465,0.0,2.195330219528108
2022-09-21 00:00:00+00:00,1040571.2408928443,7.936507936502597e-05,0.0,82.57846527202955,0.0,2.1986467738657236
2022-09-22 00:00:00+00:00,1040653.8259119628,7.93650793651006e-05,0.0,82.5850191184797,0.0,2.199680896810434
2022-09-23 00:00:00+00:00,1040736.4174854478,7.936507936506058e-05,0.0,82.59157348507641,0.0,2.16828742517326
2022-09-26 00:00:00+00:00,1040819.0156138197,7.936507936509e-05,0.0,82.59812837186094,0.0,2.153752625199358
2022-09-27 00:00:00+00:00,1040901.6202975985,7.936507936503731e-05,0.0,82.60468377887457,0.0,2.143652669596752
2022-09-28 00:00:00+00:00,1040984.2315373047,7.936507936508655e-05,0.0,82.61123970615861,0.0,2.151389873612412
2022-09-29 00:00:00+00:00,1041066.8493334585,7.93650793650862e-05,0.0,82.61779615375434,0.0,2.144990842591415
2022-09-30 00:00:00+00:00,1041149.4736865802,7.936507936510841e-05,0.0,82.62435312170305,0.0,2.1493681715034256
2022-10-03 00:00:00+00:00,1041232.1045971903,7.936507936511354e-05,0.0,82.63091061004604,0.0,2.168462789293098
2022-10-04 00:00:00+00:00,1041314.7420658091,7.936507936506191e-05,0.0,82.63746861882463,0.0,2.1854516503834924
2022-10-05 00:00:00+00:00,1041397.3860929571,7.936507936502567e-05,0.0,82.64402714808008,0.0,2.1677815640935365
2022-10-06 00:00:00+00:00,1041480.036679155,7.936507936507695e-05,0.0,82.65058619785374,0.0,2.1669054529127494
2022-10-07 00:00:00+00:00,1041562.6938249231,7.936507936506427e-05,0.0,82.65714576818691,0.0,2.164981847046106
2022-10-10 00:00:00+00:00,1041645.3575307822,7.936507936505974e-05,0.0,82.66370585912088,0.0,2.155843843898643
2022-10-11 00:00:00+00:00,1041704.6990106575,5.6968986081724196e-05,0.2090408300676366,65.38880534574979,0.0,2.163386560702981
2022-10-12 00:00:00+00:00,1041941.7973726564,0.00022760611738057175,0.2090289219018941,65.39351498700974,6.302255691371806,2.1647666911168386
2022-10-13 00:00:00+00:00,1045420.7412978249,0.0033389042784740283,0.2089813564667438,65.41233231732711,6.663465879401365,2.190229980003323
2022-10-14 00:00:00+00:00,1043605.8681139165,-0.0017360217874148492,0.20828590975152855,65.68843897805476,6.44061686541172,2.176352618673846
2022-10-17 00:00:00+00:00,1043638.9790587309,3.1727442156145176e-05,0.2086481274466793,65.54440142377632,6.495966909671717,2.1764418542375528
2022-10-18 00:00:00+00:00,1044445.3553864462,0.0007726583079932755,0.20864150778530965,65.54702927653938,6.552673458496987,2.1818585192575273
2022-10-19 00:00:00+00:00,1046146.9450638142,0.001629180185054632,0.2084804236539195,65.61102739778663,6.766814412815832,2.193932818088984
2022-10-20 00:00:00+00:00,1047118.5116796761,0.000928709509162398,0.20814132393327636,65.74607419757773,6.825677352830348,2.2002873755395522
2022-10-21 00:00:00+00:00,1048862.093416918,0.0016651235918320956,0.20794820046209403,65.82318265915407,7.02201763322633,2.212037354302669
2022-10-24 00:00:00+00:00,1048083.6281237181,-0.0007421998545718741,0.2076025166139564,65.96156216210979,6.969904939688359,2.2063532485587625
2022-10-25 00:00:00+00:00,1051092.0570443526,0.002870409230626237,0.20775671361658896,65.899779202332,7.163038646823777,2.226396063072669
2022-10-26 00:00:00+00:00,1051391.2433404957,0.0002846432851794243,0.20716207368803916,66.13854340238237,7.2361250461455535,2.2279000011722427
2022-10-27 00:00:00+00:00,1052479.5255857683,0.0010350877964465743,0.2071031231746878,66.1622883465207,7.35540596196713,2.2346546479562326
2022-10-28 00:00:00+00:00,1050729.2267243476,-0.001663024143340524,0.20688897492152716,66.24865995328837,7.268177146131265,2.2227937338309247
2022-10-31 00:00:00+00:00,1051541.057427178,0.0007726355013091472,0.20723360941729974,66.10974734523911,7.327681962939069,2.2277249331942905
2022-11-01 00:00:00+00:00,1051841.3566033344,0.00028558007700742335,0.20707361698942922,66.17417835340025,7.371377460417889,2.229334405982763
2022-11-02 00:00:00+00:00,1050473.1901605274,-0.0013007345967316077,0.20701449777321348,66.19801162134918,7.206443233923233,2.2198752801162622
2022-11-03 00:00:00+00:00,1050836.2166586765,0.0003455837821940734,0.2072841193986684,66.08942698303115,7.25929008987116,2.2219537914336875
2022-11-04 00:00:00+00:00,1052461.5717528386,0.0015467254253285624,0.20721251011570466,66.11823860986838,7.417550990159067,2.2322220073786188
2022-11-07 00:00:00+00:00,1053322.1149487956,0.0008176480919145389,0.20689250421911906,66.24723504591299,7.525287820868884,2.2374194012885957
2022-11-08 00:00:00+00:00,1052800.8590942759,-0.0004948684235544813,0.20672347716246323,66.31553212495722,7.483424262800318,2.2337324739802407
2022-11-09 00:00:00+00:00,1050825.0683766718,-0.0018766993781747826,0.20682582873427932,66.27416261269373,7.19093039961765,2.220217681269617
2022-11-10 00:00:00+00:00,1050244.1113228656,-0.0005528580077592145,0.0,83.3988149505295,7.376174109758981,2.2333362760398536
2022-11-11 00:00:00+00:00,1049777.3738690666,-0.0004444085415638308,0.2407624655212372,63.284503942985054,0.0,2.239430802159395
2022-11-14 00:00:00+00:00,1049086.0411264568,-0.0006585517651821753,0.24086950998887857,63.24746128792165,0.28668531936891184,2.2441951598875733
2022-11-15 00:00:00+00:00,1048526.5994655748,-0.0005332657560492112,0.24102823956150055,63.19259360993674,0.272452600564532,2.248276931373383
2022-11-16 00:00:00+00:00,1050089.856587633,0.00149090840695407,0.2411568402462409,63.14819347812071,0.3125450577607882,2.238408628815602
2022-11-17 00:00:00+00:00,1051901.5359652278,0.0017252612871454206,0.24079783273304287,63.27226150368089,0.40404547239041433,2.227025583872978
2022-11-18 00:00:00+00:00,1051265.274212761,-0.0006048681656147936,0.24038310906089647,63.416045581267774,0.33739967198108434,2.2313559100090594
2022-11-21 00:00:00+00:00,1051505.8869772078,0.0002288792090340337,0.24052859715223382,63.36554861678629,0.315835676251244,2.22996347312233
2022-11-22 00:00:00+00:00,1050906.414000301,-0.0005701090068361335,0.24047355775454138,63.38464486793286,0.3756741386064071,2.2350075830914298
2022-11-23 00:00:00+00:00,1051755.3421857932,0.0008078056943822642,0.24061073210005304,63.33706764754342,0.39670271926387546,2.229745326260037
2022-11-25 00:00:00+00:00,1052001.390128424,0.00023394028322154154,0.24041652226434432,63.40444290036027,0.40182082389743523,2.2285133051755994
2022-11-28 00:00:00+00:00,1053243.8773442174,0.0011810699372191715,0.24036029230948625,63.42397051485476,0.3641911777706641,2.21983229955596
2022-11-29 00:00:00+00:00,1052141.6856718457,-0.0010464733724832146,0.2400767448834789,63.522580611346314,0.329889458255924,2.2278209761466505
2022-11-30 00:00:00+00:00,1050588.5461562222,-0.001476169547100201,0.2403282419893765,63.435105081793004,0.2684667572037962,2.238610681742921
2022-12-01 00:00:00+00:00,1050858.4940672722,0.0002569492234020574,0.24068353168934484,63.31184004087051,0.2702787170231038,2.2372059224231227
2022-12-02 00:00:00+00:00,1051723.663311854,0.0008232975700022733,0.24062170412933512,63.33326447825542,0.27599690795528553,2.2317031695132172
2022-12-05 00:00:00+00:00,1052757.6206087272,0.0009831073816645923,0.24042376382880407,63.40192870401589,0.2554857859727586,2.2247703157988354
2022-12-06 00:00:00+00:00,1053974.7342803297,0.001156119554754386,0.24018763359323403,63.483988806942335,0.23613172243664682,2.216392646193618
2022-12-07 00:00:00+00:00,1053289.37434938,-0.0006502622014157917,0.23991026864027262,63.580585130085375,0.18710660324507988,2.2215609336457365
2022-12-08 00:00:00+00:00,1052886.7867366374,-0.0003822193810615793,0.2400663747295902,63.526191484771914,0.1758791760810905,2.2248403039062743
2022-12-09 00:00:00+00:00,1056983.3893643816,0.003890829174940438,0.2401581678358573,63.4942400869352,0.3632752972765705,2.1963839849132762
2022-12-12 00:00:00+00:00,1057998.3471252564,0.0009602400293965138,0.23922737498581806,63.81936727961331,0.4794090852005026,2.1904058724073048
2022-12-13 00:00:00+00:00,1056007.3229763394,-0.0018818783170379955,0.2389978796548326,63.89991948285734,0.40945493462566174,2.2051631769275697
2022-12-14 00:00:00+00:00,1054866.4404243175,-0.0010803737125669951,0.0,83.81010499812217,0.3962303553686748,2.204315157163764
2022-12-15 00:00:00+00:00,1054950.1599830813,7.936507936503074e-05,0.0,83.71955876383473,0.0,2.2028168332115214
2022-12-16 00:00:00+00:00,1055033.8861862544,7.936507936499e-05,0.0,83.72620317326042,0.0,2.1975117820530037
2022-12-19 00:00:00+00:00,1055117.6190343644,7.936507936497517e-05,0.0,83.7328481100202,0.0,2.198390024875701
2022-12-20 00:00:00+00:00,1055201.3585279386,7.936507936516725e-05,0.0,83.7394935741559,0.0,2.2033218729808906
2022-12-21 00:00:00+00:00,1055285.1046675043,7.936507936508519e-05,0.0,83.74613956570941,0.0,2.2097954056589337
2022-12-22 00:00:00+00:00,1055368.857453589,7.93650793651307e-05,0.0,83.75278608472256,0.0,2.2065241897516286
2022-12-23 00:00:00+00:00,1055452.6168867203,7.936507936504345e-05,0.0,83.75943313123723,0.0,2.2206684059814927
2022-12-27 00:00:00+00:00,1055536.3829674255,7.936507936500442e-05,0.0,83.76608070529527,0.0,2.220925239386311
2022-12-28 00:00:00+00:00,1055620.1556962323,7.936507936497391e-05,0.0,83.77272880693853,0.0,2.2189681633723555
2022-12-29 00:00:00+00:00,1055703.9350736686,7.936507936513283e-05,0.0,83.77937743620892,0.0,2.220527607103996
2022-12-30 00:00:00+00:00,1055787.7211002617,7.936507936500035e-05,0.0,83.7860265931483,0.0,2.223921918113365
2023-01-03 00:00:00+00:00,1055871.5137765394,7.936507936497798e-05,0.0,83.79267627779855,0.0,2.2143771606917535
2023-01-04 00:00:00+00:00,1055955.3131030295,7.936507936502598e-05,0.0,83.79932649020154,0.0,2.2000610333997943
2023-01-05 00:00:00+00:00,1056039.11908026,7.936507936510471e-05,0.0,83.80597723039917,0.0,2.2091125001803253
2023-01-06 00:00:00+00:00,1056122.9317087585,7.936507936517445e-05,0.0,83.81262849843333,0.0,2.204654402354472
2023-01-09 00:00:00+00:00,1056206.7509890527,7.93650793649751e-05,0.0,83.81928029434592,0.0,2.208616842532203
2023-01-10 00:00:00+00:00,1056290.576921671,7.93650793651284e-05,0.0,83.82593261817878,0.0,2.2023126188859563
2023-01-11 00:00:00+00:00,1056374.409507141,7.936507936515373e-05,0.0,83.83258546997388,0.0,2.191799513351222
2023-01-12 00:00:00+00:00,1055774.7503904223,-0.0005676577464598565,0.25,62.87942913732982,0.0,2.1919159474981593
2023-01-13 00:00:00+00:00,1056445.155396148,0.0006349886710947439,0.25014199504120005,62.831837143939445,7.649218388275723,2.1956863130932973
2023-01-17 00:00:00+00:00,1058536.629864194,0.00197972839135374,0.24998325850408662,62.88504389042562,7.801119167388438,2.2081201119047074
2023-01-18 00:00:00+00:00,1058577.0521408226,3.8186941753593704e-05,0.24948933737953632,63.051033927572114,7.73996654924612,2.2078722800916633
2023-01-19 00:00:00+00:00,1059625.1266384919,0.0009900786112353882,0.24947981050854373,63.05424204476487,7.838199875317924,2.213999287065352
2023-01-20 00:00:00+00:00,1059524.5011919022,-9.496325073838458e-05,0.24923305019633138,63.137422560452904,7.881357000885393,2.2131556608964473
2023-01-23 00:00:00+00:00,1059909.7628834702,0.00036361753893803976,0.24925672042477132,63.12943641389817,7.892556704250263,2.2151189740017094
2023-01-24 00:00:00+00:00,1059215.6114270762,-0.0006549156170668439,0.24916611925370155,63.16001273862579,7.860007836507373,2.210654920297785
2023-01-25 00:00:00+00:00,1061624.383093105,0.0022741089161095757,0.2493294089774349,63.10492135319769,8.05486279643954,2.224794687499714
2023-01-26 00:00:00+00:00,1062171.7434409605,0.0005155875812317318,0.24876369324462297,63.29609370764442,8.192216523549213,2.2278425818486802
2023-01-27 00:00:00+00:00,1056893.2921033115,-0.004969489510753886,0.24863549986863734,63.339535005093275,7.718901671497419,2.195890874547381
2023-01-30 00:00:00+00:00,1053539.7495237088,-0.003173019078329881,0.24987726230262614,62.920610295756056,7.391145863786036,2.174328790883788
2023-01-31 00:00:00+00:00,1051526.3420492113,-0.0019110882863297759,0.25067265140795914,62.65445612277171,7.285262347178215,2.162092799504414
2023-02-01 00:00:00+00:00,1050233.510420591,-0.0012294809715377103,0.2511526262500666,62.49466187876397,7.156886235863268,2.1532461565661145
2023-02-02 00:00:00+00:00,1051333.7051071574,0.0010475714930536233,0.25146179374053934,62.39205619395285,7.126260961616541,2.1583130223099487
2023-02-03 00:00:00+00:00,1051079.987262805,-0.00024132950662558538,0.2511986452007334,62.479373232569216,7.126441794963646,2.15663965413704
2023-02-06 00:00:00+00:00,1051447.6656218304,0.0003498100653432563,0.2512592814791678,62.459236895715854,7.149011769735661,2.15862385126403
2023-02-07 00:00:00+00:00,1052494.9634316498,0.0009960531979497829,0.2511714191886091,62.48841771786073,7.316875471713762,2.166112345601724
2023-02-08 00:00:00+00:00,1049717.2379712933,-0.002639181712850976,0.2509214880380145,62.57153659165592,7.062585400481515,2.147659383441613
2023-02-09 00:00:00+00:00,1048063.2129149082,-0.0015756862863200106,0.25158546780386154,62.35108219004031,6.939965101329657,2.1368485829525112
2023-02-10 00:00:00+00:00,1046672.8466804941,-0.0013266053204435198,0.2519825131942942,62.21981036016849,6.963777217339246,2.1305124070265156
2023-02-13 00:00:00+00:00,1047296.1566302802,0.0005955155441004039,0.2523172385854413,62.10946383362769,6.965835060032115,2.1331650551226393
2023-02-14 00:00:00+00:00,1049665.2763580526,0.002262129687742931,0.2521670691760367,62.158932877261506,7.1072894648489475,2.147069855591771
2023-02-15 00:00:00+00:00,1047246.4619716969,-0.0023043673453199054,0.25159792204719933,62.346958252481535,6.9053670754074785,2.1311015971239544
2023-02-16 00:00:00+00:00,1045448.20945442,-0.001717124461696686,0.2521790351810448,62.154988856739024,6.740759134557999,2.118627215397525
2023-02-17 00:00:00+00:00,1045875.9335945222,0.0004091299178993986,0.25261280280407744,62.01227040298688,6.650647422487042,2.118377227701195
2023-02-21 00:00:00+00:00,1044493.6498508829,-0.0013216517363474818,0.25250949361568564,62.04621676331246,6.5398688182071645,2.1087343680850585
2023-02-22 00:00:00+00:00,1045379.9493238407,0.0008485446255075515,0.2528436648844046,61.936511704293466,6.566390233487644,2.113480258380159
2023-02-23 00:00:00+00:00,1045713.140560111,0.00031872740287956476,0.2526292976516365,62.006852932305996,6.610648927930981,2.115854435142913
2023-02-24 00:00:00+00:00,1046489.9357865538,0.000742837778653783,0.25254880342741975,62.03329668121634,6.6692935910825835,2.1207523370884065
2023-02-27 00:00:00+00:00,1046742.9248236871,0.00024175009092957802,0.2523613398902776,62.09494709601338,6.676644506987287,2.1219105700988594
2023-02-28 00:00:00+00:00,1045692.5507692151,-0.0010034689794047441,0.25230034625862796,62.11502559102395,6.574436048214858,2.1141174539840217
2023-03-01 00:00:00+00:00,1046076.7250801927,0.00036738744164809315,0.2525537761386146,62.03166257082776,6.628570982580771,2.116958768087773
2023-03-02 00:00:00+00:00,1045786.082911991,-0.0002778402016155572,0.2524610251284768,62.06215259550853,6.612764420312997,2.1148819596832604
2023-03-03 00:00:00+00:00,1047093.7341730901,0.0012504003280076911,0.2525311884447885,62.03908575676237,6.753805051354142,2.12416791374358
2023-03-06 00:00:00+00:00,1047380.0469100944,0.00027343563203582,0.2522158177036032,62.142867602881346,6.7960130068269375,2.1262011369486125
2023-03-07 00:00:00+00:00,1047367.5839471128,-1.1899179307864469e-05,0.25214687176435646,62.16559083597692,6.727876662405208,2.1244428017094736
2023-03-08 00:00:00+00:00,1048054.4448251643,0.0006557973423838319,0.2521498721408975,62.164601711930764,6.736066191400035,2.127848802211068
2023-03-09 00:00:00+00:00,1046804.451434301,-0.0011926798240637381,0.2519846212959301,62.21911448003008,6.615788802127701,2.1187009314366763
2023-03-10 00:00:00+00:00,1046993.0230324449,0.00018014023334112075,0.252285517142129,62.119908655358394,6.591364709968158,2.1189048036528852
2023-03-13 00:00:00+00:00,1047391.5530114301,0.00038064244003357587,0.25224007855552,62.134874655211085,6.584157508331074,2.1206006348500437
2023-03-14 00:00:00+00:00,1048674.7103536443,0.0012250980433486948,0.2521441018093672,62.166504018622604,6.6779821778742345,2.1289584733197304
2023-03-15 00:00:00+00:00,1047793.6936708672,-0.0008401238955023366,0.25183557853485855,62.268341902925336,6.458978708221679,2.1201333619078326
2023-03-16 00:00:00+00:00,1048726.5457915291,0.0008903013315471458,0.2520473295191852,62.19841994397476,6.515823742092404,2.1261835194796146
2023-03-17 00:00:00+00:00,1048170.3367979508,-0.0005303660861931644,0.25182313105029674,62.272455826566976,6.43892931509379,2.1214359169736925
2023-03-20 00:00:00+00:00,1047973.0261093671,-0.00018824296171785323,0.2519567603711847,62.228312255648056,6.482981122649283,2.12057239072295
2023-03-21 00:00:00+00:00,1046849.1908862857,-0.0010723894557226144,0.0,83.17246238963232,6.609872687227167,2.1225442748369407
2023-03-22 00:00:00+00:00,1046932.2741554037,7.936507936510128e-05,0.0,83.08326911795919,0.0,2.1161776199935245
2023-03-23 00:00:00+00:00,1047015.364018432,7.936507936513116e-05,0.0,83.08986302820665,0.0,2.1142900278558696
2023-03-24 00:00:00+00:00,1047098.4604758938,7.936507936512348e-05,0.0,83.09645746178032,0.0,2.122457495103763
2023-03-27 00:00:00+00:00,1047181.5635283125,7.936507936503856e-05,0.0,83.10305241872173,0.0,2.120227927939607
2023-03-28 00:00:00+00:00,1047264.6731762115,7.93650793650591e-05,0.0,83.10964789907241,0.0,2.12537920632729
2023-03-29 00:00:00+00:00,1047347.7894201144,7.936507936503425e-05,0.0,83.11624390287393,0.0,2.1208984275495095
2023-03-30 00:00:00+00:00,1047430.9122605445,7.936507936503551e-05,0.0,83.12284043016781,0.0,2.1302873225070544
2023-03-31 00:00:00+00:00,1047514.0416980255,7.936507936513433e-05,0.0,83.12943748099559,0.0,2.130272282564423
2023-04-03 00:00:00+00:00,1047597.1777330809,7.936507936506878e-05,0.0,83.13603505539885,0.0,2.137395917776388
2023-04-04 00:00:00+00:00,1047680.3203662344,7.93650793651326e-05,0.0,83.14263315341913,0.0,2.1354297936971847
2023-04-05 00:00:00+00:00,1047763.4695980095,7.936507936506385e-05,0.0,83.14923177509797,0.0,2.1306619816175223
2023-04-06 00:00:00+00:00,1047846.6254289299,7.936507936504513e-05,0.0,83.15583092047694,0.0,2.1273256261479894
2023-04-10 00:00:00+00:00,1047929.7878595195,7.936507936503676e-05,0.0,83.16243058959762,0.0,2.134477919178006
2023-04-11 00:00:00+00:00,1048012.956890302,7.936507936511016e-05,0.0,83.16903078250155,0.0,2.135790857187388
2023-04-12 00:00:00+00:00,1048096.1325218013,7.936507936511455e-05,0.0,83.17563149923032,0.0,2.1377126486942393
2023-04-13 00:00:00+00:00,1048179.3147545411,7.936507936512135e-05,0.0,83.1822327398255,0.0,2.149076449638926
2023-04-14 00:00:00+00:00,1048262.5035890455,7.936507936509093e-05,0.0,83.18883450432867,0.0,2.15198028822791
2023-04-17 00:00:00+00:00,1048345.6990258383,7.936507936509465e-05,0.0,83.1954367927814,0.0,2.148714459389605
2023-04-18 00:00:00+00:00,1048428.9010654435,7.936507936509286e-05,0.0,83.20203960522527,0.0,2.1351612122693338
2023-04-19 00:00:00+00:00,1048512.1097083852,7.936507936504589e-05,0.0,83.20864294170187,0.0,2.136811662029235
2023-04-20 00:00:00+00:00,1048595.3249551875,7.936507936513614e-05,0.0,83.21524680225279,0.0,2.136888000379456
2023-04-21 00:00:00+00:00,1048678.5468063743,7.936507936499085e-05,0.0,83.22185118691964,0.0,2.1307468823700133
2023-04-24 00:00:00+00:00,1048761.7752624701,7.936507936512548e-05,0.0,83.228456095744,0.0,2.1346870797365076
2023-04-25 00:00:00+00:00,1048845.010323999,7.936507936516727e-05,0.0,83.23506152876747,0.0,2.127981012245757
2023-04-26 00:00:00+00:00,1048928.251991485,7.936507936507659e-05,0.0,83.24166748603166,0.0,2.11611277998136
2023-04-27 00:00:00+00:00,1049011.5002654525,7.936507936503577e-05,0.0,83.24827396757817,0.0,2.1120789073607646
2023-04-28 00:00:00+00:00,1049022.9801743682,1.0943549153462341e-05,0.25,62.44116073008646,0.0,2.115020477614008
2023-05-01 00:00:00+00:00,1050913.7715217469,0.0018024308171631716,0.24999726414265164,62.44207183396866,7.630341565388152,2.1261632412970473
2023-05-02 00:00:00+00:00,1048169.609889409,-0.00261121483674558,0.24954747208861394,62.59213463931617,7.288751048299001,2.1080249922894176
2023-05-03 00:00:00+00:00,1046486.182334842,-0.0016060640746344587,0.2502008001300792,62.37434403357506,7.073599020890876,2.0962961031415137
2023-05-04 00:00:00+00:00,1048514.2079104651,0.0019379382259001768,0.2506032850632046,62.2407386721015,7.205253620361907,2.1095507647386795
2023-05-05 00:00:00+00:00,1049831.5716520506,0.0012564100053644783,0.2501185707239911,62.401693082865236,7.368949394807535,2.1178229615711115
2023-05-08 00:00:00+00:00,1049193.318624922,-0.0006079575470607582,0.24980471358245887,62.50624576076885,7.3288743855883345,2.113268904107028
2023-05-09 00:00:00+00:00,1048580.6879158828,-0.0005839064147322221,0.24995667663045457,62.45559075861579,7.27587355810897,2.108880182329279
2023-05-10 00:00:00+00:00,1047870.6180072034,-0.0006771724072952871,0.25010271320903926,62.40696927377141,7.179706122978851,2.103768262014204
2023-05-11 00:00:00+00:00,1048837.2573935234,0.000922479712388748,0.2502721906308478,62.35061451911431,7.201920381579688,2.109878719779571
2023-05-12 00:00:00+00:00,1049189.8034952274,0.00033613041415035455,0.25004153238996346,62.42733193072701,7.22263205214263,2.1118772748622603
2023-05-15 00:00:00+00:00,1050491.4572261877,0.0012406275076483348,0.24995751406724007,62.45531178006859,7.296103390766106,2.120306327784598
2023-05-16 00:00:00+00:00,1049352.459917349,-0.0010842518527910336,0.24964779414659807,62.558617631732105,7.14514646389128,2.1125228740699007
2023-05-17 00:00:00+00:00,1049386.05329568,3.201343648986394e-05,0.24991876903497148,62.46822101991952,7.201425860491557,2.1121437455715366
2023-05-18 00:00:00+00:00,1047231.4231347963,-0.0020532292706930693,0.24991076853245495,62.4708871610569,7.051481899362141,2.0971729914841952
2023-05-19 00:00:00+00:00,1047556.3498529089,0.0003102721241307934,0.25042494836655294,62.29988476733597,7.08076050047528,2.0990104188196343
2023-05-22 00:00:00+00:00,1047019.6444815797,-0.000512340335109011,0.2503472725865172,62.325672602106806,7.012779626550598,2.0949616759359784
2023-05-23 00:00:00+00:00,1049441.8558639493,0.0023134345139903833,0.2504756013400444,62.283076937715585,7.239228924744088,2.1109299864732125
2023-05-24 00:00:00+00:00,1048789.5195378668,-0.0006216031144912134,0.24989747988511893,62.47531593631636,7.203277504475352,2.106207312923147
2023-05-25 00:00:00+00:00,1047443.1887061589,-0.0012836997382479195,0.2500529135549723,62.4235432120241,7.043741444799834,2.096731757805536
2023-05-26 00:00:00+00:00,1047902.217140613,0.0004382370704239562,0.2503743190027401,62.31669155871395,7.056103420662247,2.099469247676775
2023-05-30 00:00:00+00:00,1048134.2356576116,0.0002214123734099211,0.2502646437584287,62.35312238684523,7.040734300258048,2.1006955652936194
2023-05-31 00:00:00+00:00,1047338.2569331713,-0.0007594244108827536,0.2502092443357912,62.37153655486099,6.927233831087677,2.0948743804029273
2023-06-01 00:00:00+00:00,1047795.4644389678,0.0004365423517854246,0.25039940375547365,62.30836364022287,6.997709265556185,2.097615928435018
2023-06-02 00:00:00+00:00,1049623.9309488272,0.0017450605312922041,0.2502901415084708,62.344649950206716,7.196973246970994,2.109596303908114
2023-06-05 00:00:00+00:00,1049597.7579174282,-2.4935627539824583e-05,0.24985413092601153,62.4897663398781,7.174759469301998,2.10907775627808
2023-06-06 00:00:00+00:00,1049032.640632644,-0.0005384131973617947,0.24986036135091913,62.48768911516389,7.14966157619845,2.1048702507777493
2023-06-07 00:00:00+00:00,1050758.8513501897,0.0016455262216669988,0.24999496193770035,62.44283853700642,7.34527549651144,2.1159333346186755
2023-06-08 00:00:00+00:00,1050673.6282581862,-8.110623278974414e-05,0.2495842644859732,62.579839387605276,7.324678544998588,2.1150196045337224
2023-06-09 00:00:00+00:00,1051341.9328907959,0.0006360725296947159,0.24960450896738287,62.57307565014469,7.349978541371653,2.1191005908807776
2023-06-12 00:00:00+00:00,1049665.6479407307,-0.0015944241332180474,0.0,83.43983594371396,7.2509543256376325,2.11263230356886
2023-06-13 00:00:00+00:00,1049748.9547381862,7.936507936500035e-05,0.0,83.30679745561355,0.0,2.121642306507382
2023-06-14 00:00:00+00:00,1049832.2681472923,7.936507936498618e-05,0.0,83.31340910620526,0.0,2.1193456332944933
2023-06-15 00:00:00+00:00,1049915.5881685738,7.936507936503495e-05,0.0,83.32002128153114,0.0,2.1250756850573973
2023-06-16 00:00:00+00:00,1049998.9148025555,7.936507936510701e-05,0.0,83.32663398163284,0.0,2.1202149409164757
2023-06-20 00:00:00+00:00,1050082.248049762,7.936507936516267e-05,0.0,83.33324720655202,0.0,2.1125843331739125
2023-06-21 00:00:00+00:00,1050165.5879107185,7.936507936516228e-05,0.0,83.33986095633033,0.0,2.113029759658734
2023-06-22 00:00:00+00:00,1050248.9343859495,7.936507936506619e-05,0.0,83.3464752310094,0.0,2.101816019445153
2023-06-23 00:00:00+00:00,1050332.2874759801,7.936507936505643e-05,0.0,83.35309003063091,0.0,2.099404728436536
2023-06-26 00:00:00+00:00,1050415.6471813354,7.936507936509335e-05,0.0,83.35970535523651,0.0,2.101076116359018
2023-06-27 00:00:00+00:00,1050499.0135025403,7.936507936513725e-05,0.0,83.36632120486789,0.0,2.102695064556098
2023-06-28 00:00:00+00:00,1050582.38644012,7.936507936514844e-05,0.0,83.3729375795667,0.0,2.10492267630283
2023-06-29 00:00:00+00:00,1050665.7659945993,7.93650793650873e-05,0.0,83.3795544793746,0.0,2.104686539967286
2023-06-30 00:00:00+00:00,1050749.1521665037,7.936507936513577e-05,0.0,83.38617190433328,0.0,2.1080461532611254
2023-07-03 00:00:00+00:00,1050832.5449563581,7.936507936503257e-05,0.0,83.39278985448442,0.0,2.1068105626253093
2023-07-05 00:00:00+00:00,1050915.9443646881,7.936507936518121e-05,0.0,83.3994083298697,0.0,2.1062118387731807
2023-07-06 00:00:00+00:00,1050999.3503920187,7.936507936509887e-05,0.0,83.4060273305308,0.0,2.1053477122308797
2023-07-07 00:00:00+00:00,1051082.7630388753,7.936507936518899e-05,0.0,83.41264685650943,0.0,2.1127041341490784
2023-07-10 00:00:00+00:00,1051166.182305783,7.936507936496883e-05,0.0,83.41926690784724,0.0,2.1105761747126586
2023-07-11 00:00:00+00:00,1051249.6081932676,7.936507936506333e-05,0.0,83.42588748458596,0.0,2.1207009124686262
2023-07-12 00:00:00+00:00,1051333.0407018543,7.936507936498976e-05,0.0,83.43250858676727,0.0,2.127712880879463
2023-07-13 00:00:00+00:00,1051416.4798320688,7.936507936515141e-05,0.0,83.43913021443288,0.0,2.12651723768263
2023-07-14 00:00:00+00:00,1051499.9255844364,7.936507936506568e-05,0.0,83.44575236762451,0.0,2.1228704297566545
2023-07-17 00:00:00+00:00,1051916.6041308527,0.00039627063804569023,0.25000000000000006,62.58928128478788,0.0,2.1191812175396856
2023-07-18 00:00:00+00:00,1051078.701094949,-0.0007965489209062666,0.2499009715825428,62.62235101069394,0.31197428376463865,2.1247433368885345
2023-07-19 00:00:00+00:00,1051312.0715856275,0.00022202951162027647,0.25010018861790484,62.55585076974919,0.33730789767820224,2.123780763637795
2023-07-20 00:00:00+00:00,1051053.0708232224,-0.0002463595438550157,0.25004467132164804,62.57437223726337,0.3826263985663596,2.1262009305654868
2023-07-21 00:00:00+00:00,1049088.3756755511,-0.0018692635055358828,0.25010628739252533,62.553816621199466,0.2851450917760183,2.138598151793917
2023-07-24 00:00:00+00:00,1047644.6970946983,-0.0013761267537857939,0.2505746774925736,62.39788843487634,0.2723156010678922,2.1479281121139
2023-07-25 00:00:00+00:00,1047208.232290794,-0.00041661529439769807,0.2509199751834829,62.2833107697293,0.24697585534962996,2.1508815128979584
2023-07-26 00:00:00+00:00,1048053.4051764224,0.0008070724231985652,0.25102455585272054,62.24867070592737,0.27357481827179053,2.1461761974986313
2023-07-27 00:00:00+00:00,1050822.5047184592,0.0026421359144104275,0.2508221242331239,62.31574791907248,0.4216422027313367,2.1300096803025887
2023-07-28 00:00:00+00:00,1049612.238016858,-0.001151732758069806,0.2501611644361763,62.535517723996044,0.3098282586561809,2.1373774041468625
2023-07-31 00:00:00+00:00,1047814.0634674223,-0.0017131798623396483,0.25044961546255057,62.43946481117054,0.3152463510426935,2.1490035331130963
2023-08-01 00:00:00+00:00,1048761.610251371,0.0009043081372788266,0.25087941702767785,62.296752545342315,0.35151866574013524,2.143739535695469
2023-08-02 00:00:00+00:00,1050056.6122999387,0.001234791620811945,0.250652749706487,62.37195467105253,0.3590845079040179,2.136038804220785
2023-08-03 00:00:00+00:00,1052217.9438207215,0.0020582999958914786,0.25034362749293504,62.474732611415035,0.5250836890980279,2.123918572180802
2023-08-04 00:00:00+00:00,1052723.0035894914,0.0004799953961400443,0.24982940363246475,62.64626685909622,0.5586941433848551,2.121374394358543
2023-08-07 00:00:00+00:00,1052051.1989342074,-0.0006381589962347703,0.24970954420087613,62.68635096772875,0.510955028991996,2.1256728779576206
2023-08-08 00:00:00+00:00,1053063.727630404,0.0009624329093701649,0.2498690003513305,62.6330331379443,0.574639053960875,2.1201283352192615
2023-08-09 00:00:00+00:00,1054686.2474668599,0.0015407612985652807,0.2496287494277563,62.71339255827738,0.7096212336291055,2.1114728141130232
2023-08-10 00:00:00+00:00,1054421.829016901,-0.0002507081614023747,0.24924472280498675,62.8421639738691,0.7072045483612039,2.113626495854757
2023-08-11 00:00:00+00:00,1052762.176230673,-0.0015739931975569002,0.24930722616128198,62.82117838260253,0.6769235511625458,2.124562443706346
2023-08-14 00:00:00+00:00,1052978.0293325512,0.00020503500861993176,0.2497002526603977,62.68945990750506,0.6906802808682206,2.123740544867436
2023-08-15 00:00:00+00:00,1054025.4599720326,0.000994731713581277,0.2496490658620267,62.706591106066824,0.6167487212138172,2.116315542846045
2023-08-16 00:00:00+00:00,1052850.4105368112,-0.001114820732368776,0.24940097879901713,62.78972052189868,0.4944280790321349,2.1231294977653605
2023-08-17 00:00:00+00:00,1053839.2604006848,0.0009392121178633365,0.2496793264886305,62.69646263021445,0.5979735181066188,2.118148952079751
2023-08-18 00:00:00+00:00,1052658.3005832073,-0.0011206261351740532,0.0,83.63803653973689,0.6961596913016475,2.1145056002343696
2023-08-21 00:00:00+00:00,1052741.8448927773,7.936507936497733e-05,0.0,83.54430957009582,0.0,2.119205158375289
2023-08-22 00:00:00+00:00,1052825.395832848,7.936507936499541e-05,0.0,83.55094007085533,0.0,2.1140364118947836
2023-08-23 00:00:00+00:00,1052908.9534039458,7.936507936498218e-05,0.0,83.55757109784508,0.0,2.121848273910203
2023-08-24 00:00:00+00:00,1052992.517606597,7.936507936511911e-05,0.0,83.56420265110681,0.0,2.11741573721914
2023-08-25 00:00:00+00:00,1053076.0884413277,7.936507936514538e-05,0.0,83.5708347306823,0.0,2.112828480331765
2023-08-28 00:00:00+00:00,1053159.6659086642,7.936507936502136e-05,0.0,83.57746733661331,0.0,2.115585506674672
2023-08-29 00:00:00+00:00,1053243.2500091332,7.936507936514957e-05,0.0,83.5841004689416,0.0,2.1106509468838413
2023-08-30 00:00:00+00:00,1053326.840743261,7.936507936504815e-05,0.0,83.59073412770898,0.0,2.105277037304648
2023-08-31 00:00:00+00:00,1053410.438111574,7.93650793651196e-05,0.0,83.59736831295722,0.0,2.1091528180236323
2023-09-01 00:00:00+00:00,1053494.0421145987,7.936507936510319e-05,0.0,83.60400302472809,0.0,2.11621699386208
2023-09-05 00:00:00+00:00,1053577.6527528618,7.936507936518026e-05,0.0,83.6106382630634,0.0,2.1295215599796538
2023-09-06 00:00:00+00:00,1053661.2700268899,7.936507936509014e-05,0.0,83.61727402800491,0.0,2.1260550875969506
2023-09-07 00:00:00+00:00,1053744.8939372094,7.936507936501418e-05,0.0,83.62391031959443,0.0,2.1274412301210344
2023-09-08 00:00:00+00:00,1053828.5244843473,7.936507936513367e-05,0.0,83.63054713787376,0.0,2.12162123537244
2023-09-11 00:00:00+00:00,1053912.1616688303,7.936507936518796e-05,0.0,83.6371844828847,0.0,2.1104666132508205
2023-09-12 00:00:00+00:00,1053995.805491185,7.936507936513738e-05,0.0,83.64382235466907,0.0,2.1085398107246385
2023-09-13 00:00:00+00:00,1054079.4559519384,7.936507936516321e-05,0.0,83.65046075326866,0.0,2.1114248124891617
2023-09-14 00:00:00+00:00,1054163.113051617,7.93650793650049e-05,0.0,83.65709967872527,0.0,2.1079232651997093
2023-09-15 00:00:00+00:00,1054246.7767907481,7.936507936506454e-05,0.0,83.66373913108072,0.0,2.1117187647974016
2023-09-18 00:00:00+00:00,1054330.4471698585,7.936507936508156e-05,0.0,83.67037911037683,0.0,2.1120621768031125
2023-09-19 00:00:00+00:00,1054414.124189475,7.93650793650163e-05,0.0,83.67701961665544,0.0,2.1128761030375234
2023-09-20 00:00:00+00:00,1054497.807850125,7.936507936504996e-05,0.0,83.68366064995834,0.0,2.1136696784808007
2023-09-21 00:00:00+00:00,1054581.4981523354,7.936507936514282e-05,0.0,83.69030221032739,0.0,2.1161601820184006
2023-09-22 00:00:00+00:00,1054665.1950966332,7.936507936503442e-05,0.0,83.6969442978044,0.0,2.1205897456870653
2023-09-25 00:00:00+00:00,1054748.8986835456,7.936507936512669e-05,0.0,83.7035869124312,0.0,2.127320269093258
2023-09-26 00:00:00+00:00,1054832.6089136,7.936507936515915e-05,0.0,83.71023005424965,0.0,2.122538720439588
2023-09-27 00:00:00+00:00,1054916.3257873233,7.936507936509216e-05,0.0,83.71687372330159,0.0,2.121114442738109
2023-09-28 00:00:00+00:00,1055000.049305243,7.936507936510678e-05,0.0,83.72351791962883,0.0,2.1220430805096178
2023-09-29 00:00:00+00:00,1055083.7794678863,7.936507936516334e-05,0.0,83.73016264327325,0.0,2.119521664815194
2023-10-02 00:00:00+00:00,1055167.5162757805,7.936507936500147e-05,0.0,83.7368078942767,0.0,2.118583397325089
2023-10-03 00:00:00+00:00,1055251.2597294531,7.936507936502289e-05,0.0,83.743453672681,0.0,2.1189860904819833
2023-10-04 00:00:00+00:00,1055335.0098294318,7.936507936518788e-05,0.0,83.75009997852803,0.0,2.11955928655567
2023-10-05 00:00:00+00:00,1055418.7665762436,7.936507936501549e-05,0.0,83.75674681185967,0.0,2.1403341555091866
2023-10-06 00:00:00+00:00,1055574.926462567,0.0001479601190245656,0.22580169587753587,64.84947771605957,0.0,2.1413797843905047
2023-10-09 00:00:00+00:00,1055210.7653677799,-0.0003449883903622439,0.22576829117430175,64.86187135783126,0.3570385521499071,2.1450851585756
2023-10-10 00:00:00+00:00,1054496.3594094852,-0.0006770267909896074,0.22584620549320428,64.83296968364182,0.28891704709519006,2.150161860981948
2023-10-11 00:00:00+00:00,1056055.4633292658,0.0014785294476063187,0.2259992130151581,64.77627079806288,0.26762154005980876,2.139191511566039
2023-10-12 00:00:00+00:00,1056327.5885960376,0.0002576808474754494,0.22566555983962466,64.90000920439466,0.28619072782817545,2.1377878436392974
2023-10-13 00:00:00+00:00,1056735.6246314102,0.000386277930991997,0.22560742512712115,64.92160644778926,0.39167905624563537,2.1361455138925827
2023-10-16 00:00:00+00:00,1055968.2649435792,-0.0007261605172993722,0.22552031160775662,64.95399026012042,0.35610104259077624,2.141922405794042
2023-10-17 00:00:00+00:00,1055100.476510921,-0.0008217940457751831,0.22568419455922406,64.89308869759415,0.3571829485663811,2.1486649906293716
2023-10-18 00:00:00+00:00,1055564.3184970673,0.0004396187817866925,0.22586981302668974,64.82421659976413,0.40699604418304713,2.146250914809575
2023-10-19 00:00:00+00:00,1055620.9976524857,5.3695596208781814e-05,0.22577056004811807,64.86102945580748,0.4045412734964131,2.146283056892826
2023-10-20 00:00:00+00:00,1055842.567435501,0.00020989520245230878,0.2257584378142005,64.86552780147562,0.3631937981686528,2.144769143638289
2023-10-23 00:00:00+00:00,1059235.0975978717,0.0032131022815368787,0.22571106214511583,64.88311270488951,0.4874172749760084,2.1213323666777413
2023-10-24 00:00:00+00:00,1062569.2390268464,0.003147687832980459,0.22498815219996335,65.1523611304745,0.619858521992851,2.097561003211617
2023-10-25 00:00:00+00:00,1063814.5657157046,0.001171995803302895,0.2242821819048272,65.41697552959947,0.6810058074335437,2.089030677333357
2023-10-26 00:00:00+00:00,1063427.2381570379,-0.0003640931146737189,0.22401963183645743,65.51581098109615,0.6283155221308854,2.0917476324323228
2023-10-27 00:00:00+00:00,1070984.6864044075,0.007106690496725449,0.22410122554967,65.4850706986623,0.9557634211206725,2.0338389637451613
2023-10-30 00:00:00+00:00,1070128.5214374037,-0.0007994184957752545,0.22251984587565268,66.08486817861227,0.9180797785698838,2.0412835803625824
2023-10-31 00:00:00+00:00,1070804.8589177895,0.000632015189612297,0.22269787467563823,66.0169185780564,0.9605565805801013,2.0369114613955874
2023-11-01 00:00:00+00:00,1071566.6532084867,0.0007114221460174458,0.22255721513511503,66.0705961558648,0.9777873921425693,2.0308966185220982
2023-11-02 00:00:00+00:00,1070437.2502837447,-0.0010539735641832673,0.22239899556441847,66.13105602020585,0.996121658082421,2.0426774538940196
2023-11-03 00:00:00+00:00,1070222.0862272035,-0.0002010057632842383,0.22263364554131676,66.04142086744855,0.960754855902648,2.0441431815009516
2023-11-06 00:00:00+00:00,1069389.163380266,-0.0007782710314583492,0.22267840518411772,66.02434435502464,0.8606027959578417,2.0493910323798006
2023-11-07 00:00:00+00:00,1070329.619864351,0.0008794333403496096,0.22285184431885816,65.95823936717245,0.864712762038413,2.0414407146875617
2023-11-08 00:00:00+00:00,1069710.1955302295,-0.0005787229677901826,0.0,84.94679522732946,0.8731029510686521,2.03476727942272
2023-11-09 00:00:00+00:00,1069082.8695187916,-0.0005864448278227099,0.25000000000000006,63.673225924418425,0.0,2.0323545826006155
2023-11-10 00:00:00+00:00,1069381.7498314984,0.0002795670206944196,0.2501466972367915,63.62343814573287,7.665104111028985,2.0339532114321197
2023-11-13 00:00:00+00:00,1069550.581700181,0.0001578780156937642,0.2500767840153395,63.647158805471506,7.70786842146823,2.0348405034631494
2023-11-14 00:00:00+00:00,1071435.1534942237,0.0017620221299371117,0.250037308621205,63.66055816012884,7.839123314113624,2.045907599680503
2023-11-15 00:00:00+00:00,1072579.6631728502,0.0010682024711377955,0.24959751228098861,63.81012735013225,7.902581485275314,2.0524428605723646
2023-11-16 00:00:00+00:00,1069791.27199212,-0.002599705435847736,0.24933117610254418,63.900961451610534,7.6411999957297665,2.034910148362235
2023-11-17 00:00:00+00:00,1070212.230823488,0.00039349622902056636,0.24998105320542127,63.679660564250995,7.749852782163932,2.0375531418131945
2023-11-20 00:00:00+00:00,1070578.6370644104,0.0003423678316967683,0.24988272529532018,63.71306999531195,7.758494992142274,2.039359930875015
2023-11-21 00:00:00+00:00,1070143.3486222338,-0.00040659175057903305,0.24979720276864437,63.742149855702614,7.715879841515731,2.036340396010145
2023-11-22 00:00:00+00:00,1071015.2857749946,0.0008147853779434182,0.24989880956309224,63.707603153942564,7.766153727271181,2.041259123561953
2023-11-24 00:00:00+00:00,1071323.111600009,0.0002874149688644634,0.24969536143365578,63.776804515272794,7.8036479785446815,2.042865888339742
2023-11-27 00:00:00+00:00,1071538.8148670122,0.00020134286721493978,0.24962361586987272,63.801235136305685,7.79670375074484,2.0437616435228843
2023-11-28 00:00:00+00:00,1072659.4248372258,0.001045795032961723,0.24957336605277117,63.818354443210694,7.880597892229896,2.0502275236865546
2023-11-29 00:00:00+00:00,1072315.0642041664,-0.00032103445425994454,0.2493126361362453,63.907291742434,7.799918803896595,2.047694103671111
2023-11-30 00:00:00+00:00,1071474.5304214908,-0.0007838496452527629,0.24939269978551734,63.87996153346103,7.74294030575663,2.042222061480464
2023-12-01 00:00:00+00:00,1073214.4961772338,0.0016238983814748414,0.2495883395169069,63.81325250308994,7.883234121456515,2.0525277285489962
2023-12-04 00:00:00+00:00,1073623.9913718363,0.0003815595074993281,0.24918369052517314,63.951345023387,7.8946843343748325,2.054665336209446
2023-12-05 00:00:00+00:00,1073551.5347399886,-6.748790305540296e-05,0.24908864838317238,63.98384464200626,7.8241113613436895,2.0539025101797215
2023-12-06 00:00:00+00:00,1074360.4061003954,0.0007534536854839034,0.24910545998830666,63.978094115669144,7.847935358175917,2.058622726046207
2023-12-07 00:00:00+00:00,1075094.828562694,0.0006835904023718327,0.24891791187022508,64.04229025538396,7.881241418583856,2.06289219836364
2023-12-08 00:00:00+00:00,1076389.3312618753,0.00120408234212425,0.24874787021353667,64.10057775239179,8.010918136758411,2.070344000402314
2023-12-11 00:00:00+00:00,1076062.4634231273,-0.0003036706415185644,0.24844871749987166,64.20331606185063,7.978401163585895,2.0680159302860326
2023-12-12 00:00:00+00:00,1075897.0144539915,-0.00015375405681324454,0.24852418699917056,64.1773741698865,7.914021820716096,2.066898079931163
2023-12-13 00:00:00+00:00,1077435.6806660618,0.0014301240652211749,0.2485624044772302,64.16424329932016,8.058849773995751,2.0758223664010553
2023-12-14 00:00:00+00:00,1075966.7005446611,-0.0013634040043045182,0.0,85.5107683068303,8.398019831180138,2.094495879159132
2023-12-15 00:00:00+00:00,1076052.094727244,7.936507936502536e-05,0.0,85.39418258290961,0.0,2.097656956162764
2023-12-18 00:00:00+00:00,1076137.495687143,7.93650793650449e-05,0.0,85.40095989898762,0.0,2.0919106771399676
2023-12-19 00:00:00+00:00,1076222.9034248958,7.936507936502407e-05,0.0,85.40773775294785,0.0,2.097290138261123
2023-12-20 00:00:00+00:00,1076308.3179410407,7.936507936513957e-05,0.0,85.414516144833,0.0,2.0987810712174024
2023-12-21 00:00:00+00:00,1076393.7392361155,7.936507936513534e-05,0.0,85.42129507468577,0.0,2.0983772797061926
2023-12-22 00:00:00+00:00,1076479.167310658,7.936507936497176e-05,0.0,85.42807454254884,0.0,2.0998873892351364
2023-12-26 00:00:00+00:00,1076564.6021652063,7.936507936504181e-05,0.0,85.43485454846491,0.0,2.108515535446779
2023-12-27 00:00:00+00:00,1076650.0438002988,7.936507936508946e-05,0.0,85.44163509247669,0.0,2.1056378946298713
2023-12-28 00:00:00+00:00,1076735.4922164734,7.936507936507506e-05,0.0,85.44841617462689,0.0,2.102421308518796
2023-12-29 00:00:00+00:00,1076820.9474142685,7.93650793651752e-05,0.0,85.45519779495821,0.0,2.0975309217732923
2024-01-02 00:00:00+00:00,1076906.409394222,7.936507936513395e-05,0.0,85.46197995351338,0.0,2.0863142271297987
2024-01-03 00:00:00+00:00,1076991.8781568725,7.936507936512791e-05,0.0,85.46876265033508,0.0,2.1011626445378804
2024-01-04 00:00:00+00:00,1077077.353702758,7.936507936511738e-05,0.0,85.47554588546606,0.0,2.0954646923385405
2024-01-05 00:00:00+00:00,1077162.836032417,7.936507936506272e-05,0.0,85.48232965894904,0.0,2.0922409922226484
2024-01-08 00:00:00+00:00,1077248.3251463878,7.936507936514042e-05,0.0,85.48911397082674,0.0,2.095625532822655
2024-01-09 00:00:00+00:00,1077333.821045209,7.936507936509463e-05,0.0,85.49589882114189,0.0,2.078529144433241
2024-01-10 00:00:00+00:00,1077419.323729419,7.936507936510185e-05,0.0,85.50268420993721,0.0,2.0760626849024915
2024-01-11 00:00:00+00:00,1077504.8331995562,7.93650793651224e-05,0.0,85.50947013725546,0.0,2.0803397527322853
2024-01-12 00:00:00+00:00,1077590.3494561594,7.93650793651166e-05,0.0,85.51625660313938,0.0,2.0860496872611103
2024-01-16 00:00:00+00:00,1077675.872499767,7.936507936504479e-05,0.0,85.52304360763169,0.0,2.0766966905158344
2024-01-17 00:00:00+00:00,1077761.4023309178,7.936507936508339e-05,0.0,85.52983115077515,0.0,2.0772532405109927
2024-01-18 00:00:00+00:00,1077846.9389501503,7.936507936497666e-05,0.0,85.53661923261252,0.0,2.0698746522881986
2024-01-19 00:00:00+00:00,1077932.4823580035,7.936507936511701e-05,0.0,85.54340785318652,0.0,2.0705098980249366
2024-01-22 00:00:00+00:00,1078018.032555016,7.93650793650327e-05,0.0,85.55019701253995,0.0,2.074139424897335
2024-01-23 00:00:00+00:00,1078103.5895417267,7.936507936511609e-05,0.0,85.55698671071555,0.0,2.0642640274858444
2024-01-24 00:00:00+00:00,1078189.1533186745,7.936507936511153e-05,0.0,85.5637769477561,0.0,2.072792513387379
2024-01-25 00:00:00+00:00,1078274.7238863981,7.936507936497933e-05,0.0,85.57056772370433,0.0,2.081293898860985
2024-01-26 00:00:00+00:00,1078360.3012454368,7.936507936511176e-05,0.0,85.57735903860302,0.0,2.0799073763690603
2024-01-29 00:00:00+00:00,1078445.8853963292,7.936507936503723e-05,0.0,85.58415089249497,0.0,2.079020770009498
2024-01-30 00:00:00+00:00,1078531.4763396147,7.936507936514794e-05,0.0,85.59094328542295,0.0,2.0751362325077984
2024-01-31 00:00:00+00:00,1078617.074075832,7.936507936497241e-05,0.0,85.59773621742974,0.0,2.0684140426040933
2024-02-01 00:00:00+00:00,1078702.6786055206,7.936507936511863e-05,0.0,85.6045296885581,0.0,2.074120790447067
2024-02-02 00:00:00+00:00,1078788.2899292195,7.936507936511517e-05,0.0,85.61132369885084,0.0,2.1076727990784687
2024-02-05 00:00:00+00:00,1078873.908047468,7.936507936513822e-05,0.0,85.61811824835075,0.0,2.110402394840332
2024-02-06 00:00:00+00:00,1078959.532960805,7.936507936514812e-05,0.0,85.62491333710064,0.0,2.106286026326538
2024-02-07 00:00:00+00:00,1079045.1646697703,7.93650793651052e-05,0.0,85.63170896514326,0.0,2.105523876655968
2024-02-08 00:00:00+00:00,1079130.803174903,7.936507936518558e-05,0.0,85.63850513252144,0.0,2.1075118137540474
2024-02-09 00:00:00+00:00,1079216.4484767423,7.93650793651338e-05,0.0,85.645301839278,0.0,2.1011685900250985
2024-02-12 00:00:00+00:00,1079302.1005758278,7.936507936512599e-05,0.0,85.65209908545573,0.0,2.0991752077743495
2024-02-13 00:00:00+00:00,1079387.759472699,7.936507936512246e-05,0.0,85.65889687109744,0.0,2.100002645251142
2024-02-14 00:00:00+00:00,1079473.4251678952,7.936507936508354e-05,0.0,85.66569519624595,0.0,2.1078179050641586
2024-02-15 00:00:00+00:00,1079559.0976619562,7.936507936518528e-05,0.0,85.67249406094406,0.0,2.1121283680457292
2024-02-16 00:00:00+00:00,1079644.7769554215,7.936507936517228e-05,0.0,85.67929346523462,0.0,2.112501163896844
2024-02-20 00:00:00+00:00,1079730.4630488306,7.936507936500491e-05,0.0,85.68609340916043,0.0,2.115668729030312
2024-02-21 00:00:00+00:00,1079816.1559427234,7.936507936507485e-05,0.0,85.69289389276433,0.0,2.110665453693233
2024-02-22 00:00:00+00:00,1079901.8556376395,7.936507936512672e-05,0.0,85.69969491608916,0.0,2.1106469768128133
2024-02-23 00:00:00+00:00,1079987.5621341188,7.936507936512086e-05,0.0,85.70649647917774,0.0,2.112318582784164
2024-02-26 00:00:00+00:00,1080073.2754327008,7.936507936501763e-05,0.0,85.71329858207292,0.0,2.100643736638996
2024-02-27 00:00:00+00:00,1080158.9955339255,7.936507936499297e-05,0.0,85.72010122481753,0.0,2.094133124695392
2024-02-28 00:00:00+00:00,1080244.7224383329,7.936507936500717e-05,0.0,85.7269044074544,0.0,2.093175109846877
2024-02-29 00:00:00+00:00,1080330.4561464628,7.936507936502057e-05,0.0,85.73370813002641,0.0,2.0895716060951974
2024-03-01 00:00:00+00:00,1080416.1966588553,7.93650793649935e-05,0.0,85.74051239257642,0.0,2.087855093353724
2024-03-04 00:00:00+00:00,1080501.9439760505,7.936507936510181e-05,0.0,85.74731719514725,0.0,2.0705028558318315
2024-03-05 00:00:00+00:00,1080587.6980985883,7.936507936509029e-05,0.0,85.75412253778178,0.0,2.0684587241451062
2024-03-06 00:00:00+00:00,1080673.4590270089,7.936507936513481e-05,0.0,85.76092842052287,0.0,2.0524420709150935
2024-03-07 00:00:00+00:00,1080759.2267618522,7.93650793649802e-05,0.0,85.76773484341341,0.0,2.0556729090286554
2024-03-08 00:00:00+00:00,1080845.0013036586,7.936507936501776e-05,0.0,85.7745418064962,0.0,2.053835783042954
2024-03-11 00:00:00+00:00,1080930.7826529683,7.936507936499233e-05,0.0,85.78134930981417,0.0,2.06441251908235
2024-03-12 00:00:00+00:00,1081016.5708103217,7.936507936507965e-05,0.0,85.78815735341018,0.0,2.06523787028165
2024-03-13 00:00:00+00:00,1081102.365776259,7.936507936502467e-05,0.0,85.79496593732712,0.0,2.074471049259346
2024-03-14 00:00:00+00:00,1081188.1675513205,7.93650793650031e-05,0.0,85.80177506160786,0.0,2.075034258835283
2024-03-15 00:00:00+00:00,1081273.9761360467,7.936507936497528e-05,0.0,85.80858472629528,0.0,2.0754923200783053
2024-03-18 00:00:00+00:00,1081359.7915309782,7.936507936511688e-05,0.0,85.81539493143228,0.0,2.0668653308135383
2024-03-19 00:00:00+00:00,1081445.6137366553,7.936507936517285e-05,0.0,85.82220567706176,0.0,2.0703699233091175
2024-03-20 00:00:00+00:00,1081531.4427536186,7.936507936510358e-05,0.0,85.82901696322661,0.0,2.060336338316741
2024-03-21 00:00:00+00:00,1081617.2785824086,7.936507936508469e-05,0.0,85.83582878996972,0.0,2.0561457101098926
2024-03-22 00:00:00+00:00,1081703.121223566,7.936507936507653e-05,0.0,85.84264115733401,0.0,2.0565408310721036
2024-03-25 00:00:00+00:00,1081788.9706776312,7.936507936503941e-05,0.0,85.84945406536237,0.0,2.0610149422322896
2024-03-26 00:00:00+00:00,1081874.8269451454,7.93650793651489e-05,0.0,85.85626751409771,0.0,2.0572472273747855
2024-03-27 00:00:00+00:00,1081960.690026649,7.93650793651501e-05,0.0,85.86308150358296,0.0,2.0584613818621755
2024-03-28 00:00:00+00:00,1082046.5599226828,7.936507936500335e-05,0.0,85.86989603386104,0.0,2.0604434141904484
2024-04-01 00:00:00+00:00,1082132.4366337878,7.93650793650994e-05,0.0,85.87671110497483,0.0,2.0653640209437016
2024-04-02 00:00:00+00:00,1082218.320160505,7.936507936518334e-05,0.0,85.88352671696728,0.0,2.0593550368451132
2024-04-03 00:00:00+00:00,1082464.018426364,0.00022703207040767796,0.10662235707518801,76.73251206309853,0.0,2.0633092320189546
2024-04-04 00:00:00+00:00,1082582.2483060402,0.00010922291888095148,0.10659815587515803,76.7520119254683,3.345948587331449,2.064077046609349
2024-04-05 00:00:00+00:00,1082190.7914757028,-0.00036159546394737117,0.1065865141849654,76.76139524925213,3.3241890475662585,2.0576978196111826
2024-04-08 00:00:00+00:00,1082580.4781360247,0.0003600905343044995,0.10662506932637689,76.7303272468444,3.3384475244630427,2.06202293573682
2024-04-09 00:00:00+00:00,1082580.5064915235,2.619250889043717e-08,0.10658668846877642,76.76125475956835,3.3405300232826547,2.0610870937367953
2024-04-10 00:00:00+00:00,1082604.7876012148,2.2428918261290352e-05,0.10658668567700372,76.76125701000475,3.3475878585560808,2.060551735525317
2024-04-11 00:00:00+00:00,1082440.7435246082,-0.000151527204096439,0.10658429510656083,76.76318408220249,3.325012338625758,2.0571480817843226
2024-04-12 00:00:00+00:00,1081693.5838128815,-0.0006902546085745362,0.10660044797439781,76.75016471104323,3.246324956395087,2.0452043894400043
2024-04-15 00:00:00+00:00,1081589.9599438047,-9.579780321111935e-05,0.10667408024990577,76.69086632122365,3.2232331723758634,2.0424631762945564
2024-04-16 00:00:00+00:00,1081099.5254616782,-0.0004534384566143512,0.10668430037151848,76.68264220463026,3.1604008964816015,2.033833705017738
2024-04-17 00:00:00+00:00,1081536.7425120277,0.00040441887176193264,0.10673269708095315,76.6437188330329,3.191191438580265,2.0392172161490105
2024-04-18 00:00:00+00:00,1082124.385738079,0.0005433409730365238,0.10668954981358875,76.67841859893367,3.232565560329386,2.046726124848102
2024-04-19 00:00:00+00:00,1082647.8061647306,0.0004836970994740091,0.10663161248950224,76.72505695020757,3.287142992945573,2.053517431466545
2024-04-22 00:00:00+00:00,1083437.8213223573,0.0007297065150164854,0.10658006002360706,76.76659825391009,3.350002842873475,2.063780322411632
2024-04-23 00:00:00+00:00,1083653.997974231,0.00019952843404504554,0.1065023445689106,76.82929786959474,3.3661866496573905,2.065845478909466
2024-04-24 00:00:00+00:00,1084085.3590670058,0.00039806164475125543,0.10648109856205912,76.84645474672757,3.3927846200831895,2.0708476798837077
2024-04-25 00:00:00+00:00,1084754.8825553104,0.0006175929623113704,0.10643872938637434,76.88068975409065,3.440431696818334,2.079157847548361
2024-04-26 00:00:00+00:00,1086607.278834505,0.0017076634629484358,0.10637303414910415,76.93382653887674,3.548186476690658,2.1038420151077646
2024-04-29 00:00:00+00:00,1086044.6960502416,-0.0005177425139898229,0.10619169447238506,77.0808421165906,3.5161112683046936,2.0949481819215765
2024-04-30 00:00:00+00:00,1084479.8918833619,-0.0014408285152265484,0.1062467029074515,77.0361926892681,3.3681129439195225,2.0720598421093963
2024-05-01 00:00:00+00:00,1084795.0146519535,0.00029057502213744677,0.10640000707166065,76.91200188237289,3.3617561157011204,2.075468020828979
2024-05-02 00:00:00+00:00,1085040.3800381897,0.00022618594565992675,0.10636909886840223,76.9370116259119,3.3808139073175973,2.0779148053500367
2024-05-03 00:00:00+00:00,1085037.836235361,-2.344431484357554e-06,0.10634504511380692,76.95648506926399,3.3718349731699484,2.0768332123555684
2024-05-06 00:00:00+00:00,1084792.5345280953,-0.00022607663905690396,0.0,86.1141139869334,3.4382834723991653,2.0863416466131355
2024-05-07 00:00:00+00:00,1084878.6291736928,7.936507936511479e-05,0.0,86.09464559746787,0.0,2.0919920250272592
2024-05-08 00:00:00+00:00,1084964.7306521987,7.936507936510795e-05,0.0,86.10147850584863,0.0,2.091079942989504
2024-05-09 00:00:00+00:00,1085050.8389641552,7.936507936507184e-05,0.0,86.1083119565237,0.0,2.0957650629756683
2024-05-10 00:00:00+00:00,1085136.9541101048,7.936507936518139e-05,0.0,86.11514594953613,0.0,2.1016339183658683
2024-05-13 00:00:00+00:00,1085223.0760905899,7.936507936518234e-05,0.0,86.12198048492895,0.0,2.092715632709074
2024-05-14 00:00:00+00:00,1085309.2049061526,7.936507936503505e-05,0.0,86.12881556274523,0.0,2.088206055867826
2024-05-15 00:00:00+00:00,1085395.3405573356,7.936507936512894e-05,0.0,86.13565118302797,0.0,2.0812123109416434
2024-05-16 00:00:00+00:00,1085481.4830446814,7.936507936499529e-05,0.0,86.14248734582029,0.0,2.071849732387299
2024-05-17 00:00:00+00:00,1085567.6323687325,7.936507936502345e-05,0.0,86.1493240511652,0.0,2.073700610596072
2024-05-20 00:00:00+00:00,1085653.7885300317,7.936507936517372e-05,0.0,86.15616129910575,0.0,2.0698991236700244
2024-05-21 00:00:00+00:00,1085739.9515291213,7.936507936497748e-05,0.0,86.16299908968506,0.0,2.0656125895405153
2024-05-22 00:00:00+00:00,1085826.1213665442,7.93650793650385e-05,0.0,86.16983742294613,0.0,2.063642691270769
2024-05-23 00:00:00+00:00,1085912.2980428431,7.936507936510261e-05,0.0,86.17667629893208,0.0,2.071269805879197
2024-05-24 00:00:00+00:00,1085998.4815585609,7.936507936513015e-05,0.0,86.18351571768596,0.0,2.075695510090505
2024-05-28 00:00:00+00:00,1086084.67191424,7.936507936508144e-05,0.0,86.19035567925086,0.0,2.0773660023418823
2024-05-29 00:00:00+00:00,1086170.8691104238,7.936507936513124e-05,0.0,86.19719618366985,0.0,2.0691379526364795
2024-05-30 00:00:00+00:00,1086257.0731476548,7.936507936502548e-05,0.0,86.20403723098602,0.0,2.0754539513299
2024-05-31 00:00:00+00:00,1086343.284026476,7.936507936515324e-05,0.0,86.21087882124245,0.0,2.0832333562509824
2024-06-03 00:00:00+00:00,1086429.5017474305,7.936507936504613e-05,0.0,86.21772095448223,0.0,2.069976099197158
2024-06-04 00:00:00+00:00,1086515.7263110613,7.936507936509316e-05,0.0,86.22456363074845,0.0,2.0696945402290114
2024-06-05 00:00:00+00:00,1086601.9577179113,7.936507936504033e-05,0.0,86.23140685008423,0.0,2.059701721638971
2024-06-06 00:00:00+00:00,1086688.1959685239,7.936507936506229e-05,0.0,86.23825061253265,0.0,2.06081615810536
2024-06-07 00:00:00+00:00,1086774.441063442,7.936507936511934e-05,0.0,86.24509491813681,0.0,2.070455452929719
2024-06-10 00:00:00+00:00,1086860.693003209,7.936507936517181e-05,0.0,86.25193976693984,0.0,2.071374874663318
2024-06-11 00:00:00+00:00,1086946.9517883682,7.936507936518003e-05,0.0,86.25878515898485,0.0,2.074990759992887
2024-06-12 00:00:00+00:00,1087033.2174194625,7.936507936510436e-05,0.0,86.26563109431494,0.0,2.068041121049529
2024-06-13 00:00:00+00:00,1087119.4898970355,7.936507936511933e-05,0.0,86.27247757297322,0.0,2.0631874988276553
2024-06-14 00:00:00+00:00,1087205.7692216306,7.936507936518526e-05,0.0,86.27932459500282,0.0,2.066891697382489
2024-06-17 00:00:00+00:00,1087292.055393791,7.936507936504832e-05,0.0,86.28617216044688,0.0,2.075705405876632
2024-06-18 00:00:00+00:00,1087378.3484140604,7.936507936509716e-05,0.0,86.2930202693485,0.0,2.070057293716053
2024-06-20 00:00:00+00:00,1087464.6482829822,7.936507936507796e-05,0.0,86.29986892175083,0.0,2.078011861154696
2024-06-21 00:00:00+00:00,1087550.9550011,7.936507936516517e-05,0.0,86.306718117697,0.0,2.074939772787941
2024-06-24 00:00:00+00:00,1087637.2685689572,7.936507936510499e-05,0.0,86.31356785723015,0.0,2.081753920334102
2024-06-25 00:00:00+00:00,1087723.5889870976,7.936507936507188e-05,0.0,86.32041814039343,0.0,2.0756977092511777
2024-06-26 00:00:00+00:00,1087809.9162560648,7.936507936502618e-05,0.0,86.32726896722997,0.0,2.0582211675193256
2024-06-27 00:00:00+00:00,1087896.2503764026,7.936507936514226e-05,0.0,86.33412033778292,0.0,2.05914670292536
2024-06-28 00:00:00+00:00,1087982.5913486548,7.936507936516639e-05,0.0,86.34097225209544,0.0,2.058980767164531
2024-07-01 00:00:00+00:00,1088068.939173365,7.93650793650589e-05,0.0,86.3478247102107,0.0,2.059421097315784
2024-07-02 00:00:00+00:00,1088155.293851077,7.936507936499417e-05,0.0,86.35467771217182,0.0,2.065402717580703
2024-07-03 00:00:00+00:00,1088241.6553823352,7.93650793651465e-05,0.0,86.361531258022,0.0,2.059560943638705
2024-07-05 00:00:00+00:00,1088328.023767683,7.936507936504826e-05,0.0,86.36838534780438,0.0,2.054108072323634
2024-07-08 00:00:00+00:00,1088414.3990076645,7.93650793650877e-05,0.0,86.37523998156215,0.0,2.061950133853162
2024-07-09 00:00:00+00:00,1088500.7811028238,7.936507936501122e-05,0.0,86.38209515933845,0.0,2.060319884796618
2024-07-10 00:00:00+00:00,1088587.1700537049,7.936507936499308e-05,0.0,86.3889508811765,0.0,2.067934743838554
2024-07-11 00:00:00+00:00,1088673.565860852,7.936507936499359e-05,0.0,86.39580714711943,0.0,2.0607942386656424
2024-07-12 00:00:00+00:00,1088759.968524809,7.93650793649731e-05,0.0,86.40266395721046,0.0,2.0654546290593663
2024-07-15 00:00:00+00:00,1088846.3780461205,7.936507936510578e-05,0.0,86.40952131149278,0.0,2.067233677303162
2024-07-16 00:00:00+00:00,1088932.7944253306,7.936507936513809e-05,0.0,86.41637921000957,0.0,2.060053174306971
2024-07-17 00:00:00+00:00,1089019.2176629833,7.936507936503039e-05,0.0,86.42323765280402,0.0,2.075417133777205
2024-07-18 00:00:00+00:00,1089105.6477596234,7.936507936517067e-05,0.0,86.43009663991931,0.0,2.0732177427349656
2024-07-19 00:00:00+00:00,1089192.0847157948,7.936507936509162e-05,0.0,86.43695617139868,0.0,2.0693602446668784
2024-07-22 00:00:00+00:00,1089278.5285320422,7.936507936518116e-05,0.0,86.4438162472853,0.0,2.0604827637321472
2024-07-23 00:00:00+00:00,1089364.97920891,7.936507936518583e-05,0.0,86.45067686762239,0.0,2.053535123734578
2024-07-24 00:00:00+00:00,1089451.4367469423,7.9365079365066e-05,0.0,86.45753803245317,0.0,2.049447895665484
2024-07-25 00:00:00+00:00,1089537.901146684,7.936507936499575e-05,0.0,86.46439974182083,0.0,2.053152005402093
2024-07-26 00:00:00+00:00,1089624.37240868,7.936507936514909e-05,0.0,86.47126199576857,0.0,2.0559312185834435
2024-07-29 00:00:00+00:00,1089710.8505334742,7.936507936505893e-05,0.0,86.47812479433968,0.0,2.0545945280095435
2024-07-30 00:00:00+00:00,1089797.3355216119,7.9365079365113e-05,0.0,86.48498813757732,0.0,2.0625491906125246
2024-07-31 00:00:00+00:00,1089883.8273736374,7.936507936505797e-05,0.0,86.49185202552475,0.0,2.0709412082694447
2024-08-01 00:00:00+00:00,1089970.3260900956,7.93650793650678e-05,0.0,86.49871645822519,0.0,2.025649553613802
2024-08-02 00:00:00+00:00,1090056.8316715313,7.936507936510282e-05,0.0,86.50558143572187,0.0,1.9988588770280384
2024-08-05 00:00:00+00:00,1090143.3441184894,7.936507936512337e-05,0.0,86.51244695805804,0.0,1.9856662514736092
2024-08-06 00:00:00+00:00,1090229.8634315147,7.936507936508977e-05,0.0,86.51931302527694,0.0,1.9764117973920272
2024-08-07 00:00:00+00:00,1090316.3896111522,7.936507936517594e-05,0.0,86.5261796374218,0.0,1.9622664974186756
2024-08-08 00:00:00+00:00,1090402.9226579468,7.936507936512863e-05,0.0,86.53304679453589,0.0,1.9651774313286494
2024-08-09 00:00:00+00:00,1090489.4625724435,7.936507936512174e-05,0.0,86.53991449666245,0.0,1.9666780116291287
2024-08-12 00:00:00+00:00,1090576.0093551874,7.93650793651156e-05,0.0,86.54678274384473,0.0,1.9623922110414518
2024-08-13 00:00:00+00:00,1090662.5630067235,7.936507936507056e-05,0.0,86.55365153612598,0.0,1.962555101705544
2024-08-14 00:00:00+00:00,1090749.1235275972,7.93650793651604e-05,0.0,86.56052087354949,0.0,1.9593217514441168
2024-08-15 00:00:00+00:00,1090835.6909183534,7.936507936513199e-05,0.0,86.5673907561585,0.0,1.9759363254804256
2024-08-16 00:00:00+00:00,1090922.2651795375,7.936507936515912e-05,0.0,86.5742611839963,0.0,1.9818452737733039
2024-08-19 00:00:00+00:00,1091008.8463116945,7.93650793649887e-05,0.0,86.58113215710615,0.0,1.977085533133501
2024-08-20 00:00:00+00:00,1091095.43431537,7.936507936500793e-05,0.0,86.58800367553131,0.0,1.9841268243531078
2024-08-21 00:00:00+00:00,1091182.0291911094,7.936507936517708e-05,0.0,86.59487573931507,0.0,1.9909120756064507
2024-08-22 00:00:00+00:00,1091268.6309394578,7.936507936502971e-05,0.0,86.60174834850075,0.0,1.9893148912819933
2024-08-23 00:00:00+00:00,1091355.239560961,7.936507936516632e-05,0.0,86.60862150313157,0.0,1.9929616666365355
2024-08-26 00:00:00+00:00,1091441.8550561643,7.936507936512046e-05,0.0,86.61549520325087,0.0,1.9858692703193164
2024-08-27 00:00:00+00:00,1091528.4774256132,7.936507936506585e-05,0.0,86.62236944890194,0.0,1.9803520907504009
2024-08-28 00:00:00+00:00,1091615.1066698534,7.936507936517614e-05,0.0,86.62924424012803,0.0,1.9824961275846782
2024-08-29 00:00:00+00:00,1091701.7427894303,7.936507936498504e-05,0.0,86.63611957697249,0.0,1.9833985958521763
2024-08-30 00:00:00+00:00,1091788.3857848898,7.936507936509278e-05,0.0,86.6429954594786,0.0,1.9866343064853558
2024-09-03 00:00:00+00:00,1091875.0356567774,7.936507936503311e-05,0.0,86.64987188768967,0.0,1.9787789283442545
2024-09-04 00:00:00+00:00,1091961.692405639,7.936507936497963e-05,0.0,86.656748861649,0.0,1.9676546906192591
2024-09-05 00:00:00+00:00,1092048.3560320204,7.936507936510591e-05,0.0,86.66362638139992,0.0,1.9646679392152255
2024-09-06 00:00:00+00:00,1092135.0265364675,7.936507936515903e-05,0.0,86.67050444698575,0.0,1.9504365655506062
2024-09-09 00:00:00+00:00,1092221.703919526,7.936507936509933e-05,0.0,86.6773830584498,0.0,1.9482069248862786
2024-09-10 00:00:00+00:00,1092308.3881817418,7.936507936510036e-05,0.0,86.68426221583539,0.0,1.956101028063006
2024-09-11 00:00:00+00:00,1092395.079323661,7.936507936512243e-05,0.0,86.69114191918585,0.0,1.963922965141732
2024-09-12 00:00:00+00:00,1092481.7773458296,7.936507936512588e-05,0.0,86.69802216854453,0.0,1.9629923219773264
2024-09-13 00:00:00+00:00,1092568.4822487936,7.936507936507104e-05,0.0,86.70490296395474,0.0,1.9734534446423506
2024-09-16 00:00:00+00:00,1092655.194033099,7.936507936513137e-05,0.0,86.71178430545982,0.0,1.9755772166176273
2024-09-17 00:00:00+00:00,1092741.9126992922,7.936507936505408e-05,0.0,86.7186661931031,0.0,1.977853208445719
2024-09-18 00:00:00+00:00,1092828.638247919,7.936507936501262e-05,0.0,86.72554862692795,0.0,1.9780083601605338
2024-09-19 00:00:00+00:00,1092915.3706795261,7.936507936518036e-05,0.0,86.7324316069777,0.0,1.9759603421318346
2024-09-20 00:00:00+00:00,1093002.1099946594,7.936507936509151e-05,0.0,86.73931513329572,0.0,1.9858035858142769
2024-09-23 00:00:00+00:00,1093088.8561938654,7.93650793651325e-05,0.0,86.74619920592535,0.0,1.9837452607954207
2024-09-24 00:00:00+00:00,1093175.6092776903,7.936507936505065e-05,0.0,86.75308382490995,0.0,1.987545594871341
2024-09-25 00:00:00+00:00,1093262.3692466805,7.936507936501929e-05,0.0,86.75996899029288,0.0,1.9763999307480824
2024-09-26 00:00:00+00:00,1093349.1361013826,7.936507936499875e-05,0.0,86.7668547021175,0.0,1.973599993663071
2024-09-27 00:00:00+00:00,1093435.909842343,7.936507936516233e-05,0.0,86.77374096042719,0.0,1.981359571117367
2024-09-30 00:00:00+00:00,1093522.6904701083,7.936507936504441e-05,0.0,86.78062776526532,0.0,1.9851590441274198
2024-10-01 00:00:00+00:00,1093609.477985225,7.936507936503127e-05,0.0,86.78751511667527,0.0,1.989982322618152
2024-10-02 00:00:00+00:00,1093696.2723882396,7.93650793650832e-05,0.0,86.79440301470039,0.0,1.9861706240372259
2024-10-03 00:00:00+00:00,1093783.073679699,7.936507936516052e-05,0.0,86.8012914593841,0.0,1.9854161178795362
2024-10-04 00:00:00+00:00,1093869.8818601498,7.936507936501067e-05,0.0,86.80818045076977,0.0,1.9698883257763962
2024-10-07 00:00:00+00:00,1093956.6969301386,7.936507936501979e-05,0.0,86.81506998890077,0.0,1.9688599066672534
2024-10-08 00:00:00+00:00,1094043.5188902125,7.936507936514813e-05,0.0,86.82196007382052,0.0,1.971359150848086
2024-10-09 00:00:00+00:00,1094130.3477409182,7.93650793651432e-05,0.0,86.82885070557242,0.0,1.9761521102777913
2024-10-10 00:00:00+00:00,1094217.1834828025,7.936507936517815e-05,0.0,86.83574188419985,0.0,1.9778853922171251
2024-10-11 00:00:00+00:00,1094304.0261164121,7.936507936500053e-05,0.0,86.84263360974623,0.0,1.9829506412620903
2024-10-14 00:00:00+00:00,1094390.8756422943,7.936507936499629e-05,0.0,86.84952588225494,0.0,1.978302049302291
2024-10-15 00:00:00+00:00,1094477.7320609961,7.936507936512567e-05,0.0,86.85641870176939,0.0,1.9737293538861507
2024-10-16 00:00:00+00:00,1094564.5953730645,7.936507936513629e-05,0.0,86.86331206833303,0.0,1.9781401560305674
2024-10-17 00:00:00+00:00,1094651.4655790464,7.936507936498845e-05,0.0,86.87020598198924,0.0,1.99554474516215
2024-10-18 00:00:00+00:00,1094738.3426794892,7.936507936506798e-05,0.0,86.87710044278145,0.0,1.9945141871266165
2024-10-21 00:00:00+00:00,1094825.22667494,7.936507936512246e-05,0.0,86.8839954507531,0.0,1.9960299606970602
2024-10-22 00:00:00+00:00,1094912.117565946,7.936507936511222e-05,0.0,86.89089100594762,0.0,1.9920274512855602
2024-10-23 00:00:00+00:00,1094999.0153530543,7.93650793649976e-05,0.0,86.89778710840841,0.0,1.9928690625082686
2024-10-24 00:00:00+00:00,1095085.9200368125,7.936507936516424e-05,0.0,86.9046837581789,0.0,1.9958908671558206
2024-10-25 00:00:00+00:00,1095172.831617768,7.936507936514718e-05,0.0,86.91158095530258,0.0,1.9997009872913591
2024-10-28 00:00:00+00:00,1093745.2522556384,-0.0013035197011057765,0.2328364738371843,66.68068660806368,0.0,1.9986793711348287
2024-10-29 00:00:00+00:00,1094305.6171592558,0.000512335850109313,0.23314037691161182,66.56738665868832,0.26388561304045477,1.995284603712307
2024-10-30 00:00:00+00:00,1094173.4463044456,-0.00012078056873478029,0.23302099190363157,66.61186006373732,0.24564531821668956,1.9965236958603159
2024-10-31 00:00:00+00:00,1093917.0105142815,-0.00023436484501636497,0.23304913971126903,66.60137031335556,0.21971446292560537,1.9985633253920851
2024-11-01 00:00:00+00:00,1088078.390053748,-0.005337352289447109,0.23310377104044167,66.58101826651713,-0.11516911933514473,2.0361492002705925
2024-11-04 00:00:00+00:00,1086722.739733978,-0.0012459123645521654,0.0,86.35542778204349,0.08130014137776476,2.0228912925954923
2024-11-05 00:00:00+00:00,1086972.039803848,0.00022940540466742095,0.1,77.62305283814128,0.0,2.0179569180119357
2024-11-06 00:00:00+00:00,1085935.9379991887,-0.000953200051812012,0.09997706472101021,77.64283855797223,0.11144701125274659,2.0349815480890663
2024-11-07 00:00:00+00:00,1086551.727482005,0.0005670587566619565,0.10007245378914699,77.56060825601514,0.14437183673494414,2.027063976409163
2024-11-08 00:00:00+00:00,1086435.554234135,-0.0001069192058985354,0.10001573898854951,77.60948043719105,0.13154898381649727,2.0298988351306404
2024-11-11 00:00:00+00:00,1086538.1854620453,9.446600629950299e-05,0.10002643373541337,77.60026033815375,0.12539739816629114,2.0294198432110373
2024-11-12 00:00:00+00:00,1086960.3559712744,0.0003885464081040606,0.10001698553022821,77.60840567370218,0.14346103037063318,2.024270713343037
2024-11-13 00:00:00+00:00,1086059.5158097746,-0.0008287700250988795,0.09997813938328191,77.64191126967275,0.10833533562203324,2.0389872610437076
2024-11-14 00:00:00+00:00,1084503.0814222894,-0.001433102297644134,0.10006106699628785,77.57041601876007,0.013664963323242296,2.062745949458388
2024-11-15 00:00:00+00:00,1084260.0708546122,-0.00022407549765419486,0.10020467053987321,77.44688948007077,-0.013169671972972918,2.06742861193791
2024-11-18 00:00:00+00:00,1084958.0297832713,0.0006437191107747447,0.10022712898367868,77.4276029270805,0.02436785372950445,2.0584040400734316
2024-11-19 00:00:00+00:00,1085049.7843405288,8.456968356264145e-05,0.10016265237016211,77.4829964928471,0.009205002732774137,2.058231316290422
2024-11-20 00:00:00+00:00,1084879.5128045871,-0.00015692509081057516,0.10015418236265224,77.49027860056594,0.013859519862911451,2.0617904886344744
2024-11-21 00:00:00+00:00,1085501.7042937593,0.0005735120645459545,0.10016990153354687,77.47676498660233,0.059005246358557306,2.053912136222657
2024-11-22 00:00:00+00:00,1085186.5409796773,-0.0002903388477745508,0.10011248581512021,77.52614526352076,0.04006477982513912,2.059579002858555
2024-11-25 00:00:00+00:00,1085708.7228292671,0.0004811908643083542,0.10014156080049737,77.50113230208568,0.04174920814444172,2.05310477472831
2024-11-26 00:00:00+00:00,1083864.0943512456,-0.0016990086191945152,0.1000933967723929,77.54257530602138,-0.07579860172488806,2.0811348404043826
2024-11-27 00:00:00+00:00,1084003.2318151633,0.00012837168851967978,0.10026374574059892,77.39617622046411,-0.07574245859853679,2.0802940777968435
2024-11-29 00:00:00+00:00,1084346.8418175601,0.00031698245200015334,0.1002508763663242,77.40721887633059,-0.05996721828543572,2.0764165722740673
2024-12-02 00:00:00+00:00,1084200.7695169207,-0.0001347099424337565,0.10021910866752148,77.43448951144146,-0.0722370656847996,2.0796593153119747
2024-12-03 00:00:00+00:00,1084422.0935098948,0.00020413561694181286,0.10023261099677885,77.42289647170817,-0.06960656269757526,2.0776497239687854
2024-12-04 00:00:00+00:00,1084765.2550269328,0.0003164464456153935,0.1002121541268711,77.44046186797596,-0.08913796285481257,2.0743094196747798
2024-12-05 00:00:00+00:00,1084563.895556737,-0.00018562492600377034,0.10018045237879568,77.46769690901071,-0.09943475416411707,2.078347503765956
2024-12-06 00:00:00+00:00,1085903.0081047409,0.001234701388724083,0.10019905182037549,77.45171599867771,-0.04972339669592207,2.059806795784372
2024-12-09 00:00:00+00:00,1084996.060794396,-0.0008352010295355053,0.1000754884757772,77.55799477232881,-0.10456849953518121,2.074640639337104
2024-12-10 00:00:00+00:00,1085044.1389882804,4.431186031140218e-05,0.10015914149387027,77.48601482706336,-0.10882080637348546,2.0751397874888458
2024-12-11 00:00:00+00:00,1085146.6704542506,9.449520280881406e-05,0.10015470345264135,77.48983055673672,-0.11562724638410882,2.074948607336936
2024-12-12 00:00:00+00:00,1085967.0136022724,0.0007559744413889452,0.10014524020785757,77.49796797467086,-0.07717502551219657,2.063750214082419
2024-12-13 00:00:00+00:00,1085945.7239636518,-1.9604314269130844e-05,0.10006959015533987,77.5630745737202,-0.09559516229339171,2.0655034240987677
2024-12-16 00:00:00+00:00,1086986.1015473402,0.0009580382893272305,0.10007155198949447,77.56138491986142,-0.073040972663031,2.051150482996445
2024-12-17 00:00:00+00:00,1087499.1811260341,0.0004720203671082639,0.09997577137251458,77.6439545693605,-0.058093620293086734,2.0444223465450975
2024-12-18 00:00:00+00:00,1088623.4736390058,0.0010338329742993863,0.09992860303662461,77.68467517084416,-0.020227728841307524,2.027870376298768
2024-12-19 00:00:00+00:00,1088239.2323213601,-0.00035296071318508367,0.0,86.39868838404809,0.0197685625340287,2.0110250286312796
2024-12-20 00:00:00+00:00,1088325.6005144014,7.936507936500825e-05,0.0,86.3681930413778,0.0,2.019820575800007
2024-12-23 00:00:00+00:00,1088411.9755620614,7.936507936516571e-05,0.0,86.37504765987313,0.0,2.018963519999759
2024-12-24 00:00:00+00:00,1088498.3574648837,7.936507936499439e-05,0.0,86.38190282238583,0.0,2.0241183364398103
2024-12-26 00:00:00+00:00,1088584.7462234127,7.936507936509645e-05,0.0,86.38875852895903,0.0,2.0244626840721294
2024-12-27 00:00:00+00:00,1088671.1418381922,7.936507936500439e-05,0.0,86.39561477963592,0.0,2.026909680194595
2024-12-30 00:00:00+00:00,1088757.5443097667,7.936507936510631e-05,0.0,86.4024715744597,0.0,2.022243893125652
2024-12-31 00:00:00+00:00,1088843.9536386803,7.936507936514863e-05,0.0,86.40932891347354,0.0,2.0251391580588445
2025-01-02 00:00:00+00:00,1088930.369825477,7.936507936509172e-05,0.0,86.41618679672065,0.0,2.037968857877609
2025-01-03 00:00:00+00:00,1089016.7928707013,7.936507936510976e-05,0.0,86.4230452242442,0.0,2.04326622529191
2025-01-06 00:00:00+00:00,1089103.2227748975,7.936507936516305e-05,0.0,86.4299041960874,0.0,2.0392985114061037
2025-01-07 00:00:00+00:00,1089189.6595386097,7.936507936499814e-05,0.0,86.43676371229346,0.0,2.0497684373934426
2025-01-08 00:00:00+00:00,1089276.1031623825,7.936507936500297e-05,0.0,86.44362377290553,0.0,2.064122194537054
2025-01-10 00:00:00+00:00,1089362.5536467605,7.93650793651378e-05,0.0,86.45048437796686,0.0,2.0852327215034743
2025-01-13 00:00:00+00:00,1089473.9538483268,0.00010226182384676262,0.25,64.84300914564051,0.0,2.085962622910316
2025-01-14 00:00:00+00:00,1088850.456745075,-0.0005722918855006891,0.24997443715814113,64.85185043147911,0.3734079595295059,2.090187695655804
2025-01-15 00:00:00+00:00,1089082.2471759592,0.00021287627648796338,0.25011757741811863,64.80236653439563,0.43599938497286517,2.0895951754202895
2025-01-16 00:00:00+00:00,1087821.6569503096,-0.0011574793629391177,0.2500643446515468,64.82076260033881,0.3613732650420691,2.097338287971777
2025-01-17 00:00:00+00:00,1086602.6858133608,-0.001120561563709035,0.2503541243839479,64.72071575703329,0.32886247038112515,2.105007630569042
2025-01-21 00:00:00+00:00,1089337.370689713,0.0025167293547641786,0.2506349763049163,64.62397201600562,0.43551915844241895,2.089199597346583
2025-01-22 00:00:00+00:00,1089433.2714107812,8.803583136741352e-05,0.25000577942098684,64.84101049825577,0.3801221778222834,2.088585308321234
2025-01-23 00:00:00+00:00,1090439.1693596654,0.0009233222220040762,0.24998377189179996,64.84862166659452,0.44402884535778364,2.0830773164105216
2025-01-24 00:00:00+00:00,1089426.188290777,-0.0009289661425894078,0.24975316924062416,64.92845483714089,0.34578435202598645,2.089218660544171
2025-01-27 00:00:00+00:00,1089477.334709165,4.694803460548923e-05,0.24998539721077473,64.84805951421323,0.3902146224518632,2.089600904071121
2025-01-28 00:00:00+00:00,1088247.4734619537,-0.0011288543671627088,0.24997366143866706,64.85211875376784,0.2648962950195215,2.0969790315760473
2025-01-29 00:00:00+00:00,1089415.142781882,0.0010729814204978386,0.2502561642025365,64.75451071827489,0.3362333604875485,2.090451228476113
2025-01-30 00:00:00+00:00,1089887.9159785793,0.00043396973121741494,0.24998793179637027,64.84718288652317,0.381998498007053,2.0881694354210687
2025-01-31 00:00:00+00:00,1094723.185714982,0.004436483481937881,0.2498794916605376,64.88470456880073,0.5421163386776073,2.0582401143144673
2025-02-03 00:00:00+00:00,1094783.3426069077,5.49516925472229e-05,0.2487758019245933,65.26845613518188,0.5525695410940692,2.05839359124051
2025-02-04 00:00:00+00:00,1093811.4745399752,-0.000887726392162964,0.2487621320243969,65.27323049168393,0.5759080082703696,2.0656829381023343
2025-02-05 00:00:00+00:00,1093848.9548799053,3.426581344460945e-05,0.24898316094757422,65.19609810541945,0.576935023825971,2.0658768038267277
2025-02-06 00:00:00+00:00,1093765.7805578043,-7.6038215084446e-05,0.2489746296293629,65.19907273557263,0.5292573004965202,2.0663257816320244
2025-02-07 00:00:00+00:00,1093625.5762904652,-0.00012818490926602252,0.24899356265543474,65.19247159889795,0.5330378861793921,2.0677361470686746
2025-02-10 00:00:00+00:00,1092158.9094102494,-0.0013411051387355326,0.24902548396450166,65.18134427609326,0.5155186608167222,2.077635720011432
2025-02-11 00:00:00+00:00,1091320.0705644372,-0.0007680556726540931,0.24935990181021392,65.06494214274281,0.49503188877517634,2.0832660448408387
2025-02-12 00:00:00+00:00,1089583.4270811342,-0.0015913236915040144,0.24955157131017847,64.9983676311704,0.2760430676964132,2.09313092072094
2025-02-13 00:00:00+00:00,1089408.0769205366,-0.0001609332119407627,0.2499493215872957,64.86053878328921,0.2837207234279011,2.094667652728364
2025-02-14 00:00:00+00:00,1090307.5648340844,0.0008256666465062315,0.24998955320904523,64.8466221038767,0.3289943297273079,2.0896682039482264
2025-02-18 00:00:00+00:00,1091146.527237151,0.0007694731561312764,0.24978331545661897,64.91801003352334,0.42258695618936404,2.085399617134119
2025-02-19 00:00:00+00:00,1090425.0310926344,-0.0006612275496522893,0.2495912616807507,64.98459435122706,0.3904172943138082,2.0901424282515535
2025-02-20 00:00:00+00:00,1090781.696016926,0.0003270879832373927,0.2497564074980906,64.9273327524559,0.45623121172523096,2.0888099176523602
2025-02-21 00:00:00+00:00,1091185.091065452,0.0003698219817942593,0.2496747418903004,64.95563949247905,0.43032285410372406,2.086448914018469
2025-02-24 00:00:00+00:00,1090763.9067238728,-0.00038598799143045327,0.24958244081741626,64.98765497252077,0.42580709660122396,2.089490348009438
2025-02-25 00:00:00+00:00,1091054.0949019731,0.0002660412361571216,0.24967881384127358,64.95422764382401,0.3925016222945481,2.087811986045406
2025-02-26 00:00:00+00:00,1093319.780340453,0.0020766022959506194,0.2496124066480488,64.97725845160976,0.4930853888962643,2.0744703928771915
2025-02-27 00:00:00+00:00,1090975.6235833794,-0.002144072392382329,0.0,86.77141113813119,0.4106128554410011,2.087261571517902
2025-02-28 00:00:00+00:00,1091062.2089503305,7.936507936508579e-05,0.0,86.58536695106186,0.0,2.094257396478265
2025-03-03 00:00:00+00:00,1091148.801189136,7.936507936499489e-05,0.0,86.59223880558179,0.0,2.078155110037544
2025-03-04 00:00:00+00:00,1091235.4003003414,7.936507936502949e-05,0.0,86.59911120548698,0.0,2.0736619707811235
2025-03-05 00:00:00+00:00,1091322.0062844923,7.936507936514989e-05,0.0,86.60598415082075,0.0,2.0765352861712514
2025-03-06 00:00:00+00:00,1091408.619142134,7.936507936510305e-05,0.0,86.61285764162638,0.0,2.0780828931432778
2025-03-07 00:00:00+00:00,1091495.238873812,7.936507936506268e-05,0.0,86.61973167794714,0.0,2.0912371307158533
2025-03-10 00:00:00+00:00,1091581.8654800716,7.936507936498913e-05,0.0,86.62660625982635,0.0,2.086536554953485
2025-03-11 00:00:00+00:00,1091668.498961459,7.936507936505603e-05,0.0,86.63348138730727,0.0,2.0781804333250387
2025-03-12 00:00:00+00:00,1091755.1393185193,7.936507936501037e-05,0.0,86.64035706043325,0.0,2.067427268180174
2025-03-13 00:00:00+00:00,1091841.7865517985,7.936507936502582e-05,0.0,86.64723327924756,0.0,2.0779472104886962
2025-03-14 00:00:00+00:00,1091928.4406618422,7.936507936506265e-05,0.0,86.65411004379352,0.0,2.076614497972024
2025-03-17 00:00:00+00:00,1092015.1016491964,7.936507936508125e-05,0.0,86.66098735411447,0.0,2.0812990062780843
2025-03-18 00:00:00+00:00,1092101.7695144066,7.93650793650419e-05,0.0,86.66786521025368,0.0,2.093003402093037
2025-03-19 00:00:00+00:00,1092188.4442580189,7.936507936511818e-05,0.0,86.67474361225449,0.0,2.104438489180413
2025-03-20 00:00:00+00:00,1091500.5051873208,-0.0006298721381963164,0.19408079981449738,69.85838392446595,0.0,2.1070320890065872
2025-03-21 00:00:00+00:00,1091349.5516854108,-0.00013829906737795322,0.19420312295079478,69.80378558552167,0.2114054894917241,2.108692521727638
2025-03-24 00:00:00+00:00,1091407.9786325172,5.3536419212472824e-05,0.1942299847765462,69.79180514886214,0.2175074846920464,2.108818909608253
2025-03-25 00:00:00+00:00,1091827.9869233605,0.00038483161115386957,0.1942195869553197,69.7964422081563,0.25743279666875307,2.1062667082116304
2025-03-26 00:00:00+00:00,1090951.3996871868,-0.0008028620319980997,0.19414487387071078,69.82977619949307,0.2349721658544679,2.1136865679881534
2025-03-27 00:00:00+00:00,1091814.1489794257,0.0007908228473662788,0.19430087066254992,69.76020578392372,0.2760380379897349,2.107647316731143
2025-03-28 00:00:00+00:00,1092691.1401264197,0.0008032421523515009,0.19414733451466046,69.82867794997442,0.310080327038986,2.101392620180466
2025-03-31 00:00:00+00:00,1092052.983604403,-0.0005840227842818488,0.19399151235473872,69.89828042195809,0.29815830003190813,2.1070320373588056
2025-04-01 00:00:00+00:00,1091622.7075299134,-0.00039400659212469717,0.1941048740237087,69.84763307894089,0.27851660272516,2.1108761149100266
2025-04-02 00:00:00+00:00,1093522.154884529,0.0017400218422660616,0.19418138276858743,69.81348418414012,0.3038113065879813,2.096203427602483
2025-04-03 00:00:00+00:00,1096573.9323046952,0.0027907778608184074,0.1938440898183094,69.96423397418899,0.3828268743307939,2.071573765915324
2025-04-04 00:00:00+00:00,1101055.3270235616,0.004086723737311243,0.1933046195656317,70.20643853134503,0.4211146458393764,2.0310471673258603
2025-04-07 00:00:00+00:00,1102067.9543981815,0.0009196880027430944,0.19251785228882676,70.5621047788741,0.44468118211649776,2.0221229170911523
2025-04-08 00:00:00+00:00,1104472.118382373,0.002181502487751982,0.19234095861675085,70.64247203082807,0.502064436728018,1.9992336762717775
2025-04-09 00:00:00+00:00,1099408.9176776214,-0.004584272088431874,0.19192227968616044,70.83327869624009,0.37107152236034757,2.048088793076116
2025-04-10 00:00:00+00:00,1104694.0091836944,0.0048072117854357456,0.19280615556358846,70.43143737046614,0.4885029966385992,1.9980286513267114
2025-04-11 00:00:00+00:00,1106357.7465237584,0.0015060617023653705,0.19188372983608706,70.85088907729734,0.6398925912048963,1.9849954998686696
2025-04-14 00:00:00+00:00,1106997.5915444067,0.0005783346504860257,0.191595175679638,70.98293172333416,0.6659962376816086,1.9795470245141482
2025-04-15 00:00:00+00:00,1107364.342036453,0.0003313019782949025,0.19148443359666034,71.03371307417927,0.675546026954319,1.9765598721353435
2025-04-16 00:00:00+00:00,1107507.4863316591,0.00012926576174813158,0.19142101543555934,71.0628202560877,0.7057762623906236,1.9767867871106635
2025-04-17 00:00:00+00:00,1107577.0907182554,6.284777977148403e-05,0.19139627445034674,71.07418091443739,0.7718616835655732,1.9791546973700984
2025-04-21 00:00:00+00:00,1109882.9916912513,0.00208193270908172,0.19138424637537882,71.07970507210378,0.8423987128027861,1.9565412063868952
2025-04-22 00:00:00+00:00,1109000.0219515588,-0.0007955520954033542,0.19098662507364086,71.26271308583361,0.8824824388883548,1.9691381545904045
2025-04-23 00:00:00+00:00,1109106.5661314235,9.607229734513683e-05,0.19113868585568602,71.19263612236594,0.8441335488732864,1.9671641157149615
2025-04-24 00:00:00+00:00,1108204.8405473435,-0.0008130197869310308,0.1911203244870432,71.20109200965679,0.8212457374405537,1.9771645998391882
2025-04-25 00:00:00+00:00,1108535.3351215331,0.00029822516749378224,0.19127583552608768,71.12952648711075,0.8307174660943708,1.9746382299476934
2025-04-28 00:00:00+00:00,1107558.2379327551,-0.0008814308013653581,0.19121880926466675,71.15575621522106,0.7811209683457041,1.9843312799410064
2025-04-29 00:00:00+00:00,1108066.374992423,0.0004587903753181216,0.19138750410578204,71.07820881928629,0.797473145603302,1.9801298688421083
2025-04-30 00:00:00+00:00,1108493.9918296065,0.0003859126554457564,0.19129973762735772,71.11853715735516,0.7447799864816358,1.9742209878614019
2025-05-01 00:00:00+00:00,1109152.229937177,0.0005938129682453244,0.19122594111663127,71.15247500157608,0.8037810562781307,1.9698254263887227
2025-05-02 00:00:00+00:00,1107091.1687407503,-0.001858231125355415,0.19111245606182856,71.20471612122452,0.6881729624453079,1.9892845648135333
2025-05-05 00:00:00+00:00,1107586.255713651,0.00044719620829764,0.19146824832037476,71.04113983579384,0.650847541660462,1.9834387482083797
2025-05-06 00:00:00+00:00,1108561.5989840417,0.0008806025403071811,0.1913826627192728,71.08043245269073,0.7406057560707793,1.9764637978278352
2025-05-07 00:00:00+00:00,1108428.8983166725,-0.00011970527166987833,0.19121427893949566,71.15784064875348,0.7112082139311895,1.9776861562068113
2025-05-08 00:00:00+00:00,1108590.2664092213,0.00014558271874169287,0.19123717103700802,71.14730884975593,0.7524302773470517,1.978138483270488
2025-05-09 00:00:00+00:00,1108505.1559098205,-7.677363042033143e-05,0.19120933426227735,71.16011584122805,0.7745570677884019,1.9806591125782331
2025-05-12 00:00:00+00:00,1107396.6806667196,-0.0009999730151828664,0.19122401522414964,71.15336103968829,0.7480674938309526,1.9925273837559274
2025-05-13 00:00:00+00:00,1107023.6482215882,-0.00033685530365392405,0.19141542548432372,71.06538681404538,0.7333741747676099,1.9967584882232292
2025-05-14 00:00:00+00:00,1107016.5637486132,-6.399567874070458e-06,0.1914799265131129,71.03578106443177,0.6990499223247946,1.9964722660885936
2025-05-15 00:00:00+00:00,1106739.0156809737,-0.0002507171768954749,0.19148115190974116,71.03521880467186,0.6940300118616758,1.9999930644606088
2025-05-16 00:00:00+00:00,1106590.7013630045,-0.00013401020102095365,0.19152917156292856,71.01319118025602,0.661071890292271,2.001286261684258
2025-05-19 00:00:00+00:00,1108364.7071996436,0.0016031273662918167,0.19155484186579352,71.00142020263942,0.7271202938576062,1.9851527737521648
2025-05-20 00:00:00+00:00,1107960.2434507443,-0.0003649193683920095,0.1912482465679651,71.14221431665838,0.6780159805479231,1.9886889293165977
2025-05-21 00:00:00+00:00,1108602.530004155,0.0005797018053736096,0.19131806223439765,71.11011401912671,0.667739684893933,1.982093208313099
2025-05-22 00:00:00+00:00,1108507.0585969186,-8.61186986790845e-05,0.19120721906430563,71.16108914241326,0.6436201258425827,1.9831434217891855
2025-05-23 00:00:00+00:00,1107749.1046122464,-0.0006837610809908383,0.1912236869993866,71.15351204660085,0.607676115557771,1.9910924078723546
2025-05-27 00:00:00+00:00,1107110.1999779562,-0.000576759332623232,0.1913545277781527,71.09335696845226,0.5797856859883745,1.9979118280759698
2025-05-28 00:00:00+00:00,1107375.7258325503,0.00023983687856851205,0.19146495697896063,71.04265025144511,0.575936684808628,1.995720003866229
2025-05-29 00:00:00+00:00,1106741.6441678565,-0.0005725984865859847,0.19141904763207798,71.06372373196845,0.5356189169520058,2.0021354119908015
2025-05-30 00:00:00+00:00,1107048.1451466992,0.00027693995293098805,0.1915287166853898,71.01339979032608,0.5331577145858495,1.9995701526151324
2025-06-02 00:00:00+00:00,1106877.4611882616,-0.0001541793454835775,0.19147568941697524,71.03772526483739,0.5426620151927457,2.002371866332408
2025-06-03 00:00:00+00:00,1106384.2378436693,-0.0004455988687879592,0.19150521556576786,71.02417891892966,0.5340208270501887,2.008057396867979
2025-06-04 00:00:00+00:00,1106939.5914358052,0.0005019536370278752,0.19159058811510235,70.98503420904139,0.5252277531979477,2.0027569524128706
2025-06-05 00:00:00+00:00,1107023.2192353231,7.554865700436965e-05,0.19149446677103593,71.02910989095693,0.5157885264543967,2.0023812360781634
2025-06-06 00:00:00+00:00,1106234.2833491105,-0.0007126642625956685,0.1914800007141388,71.03574701790279,0.5221031056140226,2.0115080366653504
2025-06-09 00:00:00+00:00,1105524.4210717257,-0.0006416925312021141,0.0,87.79637169437385,0.5487445652811547,2.010820868114976
2025-06-10 00:00:00+00:00,1105612.161105144,7.936507936509282e-05,0.0,87.74003341839092,0.0,2.0151930836987066
2025-06-11 00:00:00+00:00,1105699.9081020572,7.936507936507808e-05,0.0,87.74699691310667,0.0,2.014664287919745
2025-06-12 00:00:00+00:00,1105787.6620630177,7.936507936513717e-05,0.0,87.75396096048073,0.0,2.0154693955162326
2025-06-13 00:00:00+00:00,1105875.4229885782,7.936507936501986e-05,0.0,87.76092556055696,0.0,2.0056977393066466
2025-06-16 00:00:00+00:00,1105963.1908792916,7.936507936510761e-05,0.0,87.76789071337922,0.0,2.0056975678166507
2025-06-17 00:00:00+00:00,1106050.9657357107,7.936507936515016e-05,0.0,87.7748564189914,0.0,2.015900820478987
2025-06-18 00:00:00+00:00,1106138.7475583882,7.936507936510787e-05,0.0,87.78182267743736,0.0,2.0148920443450185
2025-06-20 00:00:00+00:00,1106226.536347877,7.936507936515159e-05,0.0,87.78878948876097,0.0,2.015387217531468
2025-06-23 00:00:00+00:00,1106314.33210473,7.936507936503115e-05,0.0,87.79575685300611,0.0,2.010411010818428
2025-06-24 00:00:00+00:00,1106402.1348295002,7.936507936512784e-05,0.0,87.80272477021666,0.0,2.0116778115494456
2025-06-25 00:00:00+00:00,1106489.9445227406,7.936507936498105e-05,0.0,87.80969324043653,0.0,2.0089286893145246
2025-06-26 00:00:00+00:00,1106577.7611850044,7.936507936518249e-05,0.0,87.81666226370957,0.0,2.007487126032152
2025-06-27 00:00:00+00:00,1106665.5848168444,7.936507936506112e-05,0.0,87.82363184007971,0.0,2.006009770131943
2025-06-30 00:00:00+00:00,1106753.415418814,7.93650793649982e-05,0.0,87.83060196959083,0.0,2.0097873464494707
2025-07-01 00:00:00+00:00,1106841.2529914663,7.936507936516438e-05,0.0,87.83757265228682,0.0,2.0193761103925194
2025-07-02 00:00:00+00:00,1106929.0975353546,7.936507936509923e-05,0.0,87.84454388821162,0.0,2.0244775957001293
2025-07-03 00:00:00+00:00,1106752.430549175,-0.00015960099573938198,0.23811896826121617,66.93240340412038,0.0,2.0216562292422218
2025-07-07 00:00:00+00:00,1106606.3329090064,-0.000132005709800995,0.23815697835210345,66.91838221474106,0.29545077536309394,2.0227129764786604
2025-07-08 00:00:00+00:00,1103490.1562639712,-0.0028159757922616123,0.23818842058362896,66.90678716393403,0.2285681903136858,2.042703832079834
2025-07-09 00:00:00+00:00,1103738.380391844,0.00022494457831254827,0.23886104751113457,66.6594715571852,0.23396835670812566,2.0415927868032737
2025-07-10 00:00:00+00:00,1103340.1796788636,-0.0003607745459019938,0.23880732909719285,66.67917188479416,0.24320122625661278,2.0445108431285215
2025-07-11 00:00:00+00:00,1102370.2871449408,-0.0008790512226293581,0.2388935157968734,66.64756865360522,0.20125700385506717,2.050722945995338
2025-07-14 00:00:00+00:00,1105242.3591692918,0.002605360519820835,0.23910370019686666,66.57059305567485,0.30592740282950737,2.0337145661429323
2025-07-15 00:00:00+00:00,1105258.391076138,1.4505331534942184e-05,0.238482367651514,66.7985352798297,0.27225551216287647,2.033862214492726
2025-07-16 00:00:00+00:00,1105785.708075515,0.00047709839041670663,0.23847890843588304,66.79980765338891,0.2798071800770159,2.030958557950748
2025-07-17 00:00:00+00:00,1103491.4733524148,-0.002074755267992242,0.2383651847898884,66.84165820889503,0.14627911128878357,2.0453587794134145
2025-07-18 00:00:00+00:00,1101267.966873523,-0.002014973864851606,0.23886076241502563,66.65957608801405,-0.0803055131442918,2.0594976316269613
2025-07-21 00:00:00+00:00,1102491.4811821617,0.0011110050827249337,0.2393430323699855,66.48310731984805,-0.012339115575899395,2.0523361397569024
2025-07-22 00:00:00+00:00,1101658.9024705435,-0.0007551792697077891,0.2390774161454831,66.58021163005745,-0.036627727606567406,2.0578094403444847
2025-07-23 00:00:00+00:00,1100509.8880640732,-0.0010429856318444916,0.23925809890188351,66.5141339545322,-0.06603614682076397,2.065092797514519
2025-07-24 00:00:00+00:00,1098242.149540455,-0.0020606253048823624,0.23950790220259402,66.42294233497107,-0.15650237088837238,2.0789235858059287
2025-07-25 00:00:00+00:00,1099052.9367485705,0.0007382590519355976,0.2400024573394216,66.24296308706487,-0.1332128746270973,2.0745760815766787
2025-07-28 00:00:00+00:00,1098560.1985910737,-0.0004483297765023951,0.23982540406398725,66.30731127818514,-0.1292259478609905,2.077731366599887
2025-07-29 00:00:00+00:00,1099382.5651891474,0.0007485858300057914,0.23993297316021972,66.2682050752092,-0.054712719934725706,2.073121923171303
2025-07-30 00:00:00+00:00,1101948.2022921883,0.0023337072865072415,0.2397534970896041,66.3334722655325,0.021119514558814778,2.0583376533594455
2025-07-31 00:00:00+00:00,1103813.2156802986,0.0016924691961299693,0.23919528530937942,66.53709425783735,0.12452803662354706,2.0474401926188635
2025-08-01 00:00:00+00:00,1102435.2157143157,-0.001248399590082542,0.2387911386628837,66.68511119340165,0.002777050167254602,2.0562512366317076
2025-08-04 00:00:00+00:00,1100865.044528163,-0.0014242752442693248,0.23908961804404288,66.57574611673633,-0.14325682653282645,2.066482355562554
2025-08-05 00:00:00+00:00,1098603.6403538976,-0.002054206540125636,0.2394306331675832,66.45112935593058,-0.26708744767409365,2.080682082980745
2025-08-06 00:00:00+00:00,1098451.8766621002,-0.00013814235291310212,0.23992348556075183,66.27165283416348,-0.2918311014917787,2.0821282158048016
2025-08-07 00:00:00+00:00,1097462.9845157047,-0.0009002598724675101,0.23995663373473305,66.25960809671925,-0.35754508906138716,2.0886350471579647
2025-08-08 00:00:00+00:00,1096140.473252684,-0.001205062295202763,0.2401728517155887,66.18112459303705,-0.4097522456874645,2.096755589424917
2025-08-11 00:00:00+00:00,1096600.9663519957,0.0004201040929956118,0.24046262415736624,66.07616338168621,-0.41330554326174185,2.094690321607902
2025-08-12 00:00:00+00:00,1096066.0161698873,-0.00048782574384192984,0.24036164724555922,66.11271045306016,-0.43395850094079824,2.098168351609711
2025-08-13 00:00:00+00:00,1096425.6205839885,0.000328086455374132,0.24047895907264716,66.07025408940076,-0.3829627669848903,2.095977344608666
2025-08-14 00:00:00+00:00,1096526.2342694432,9.176517181449827e-05,0.24040008706021193,66.09879412226594,-0.3876703575717677,2.095849284955434
2025-08-15 00:00:00+00:00,1094812.6323865938,-0.0015627550251828088,0.2403780287291052,66.10677933539726,-0.49767997875849557,2.106671179729718
2025-08-18 00:00:00+00:00,1096057.2731374817,0.001136852749108857,0.24075426867230704,65.97077918596477,-0.43060892758697444,2.0995823390540354
2025-08-19 00:00:00+00:00,1100145.0507763177,0.0037295292308354797,0.24048087732581108,66.06956019793999,-0.2152682341560408,2.075315054210227
2025-08-20 00:00:00+00:00,1100387.2243144002,0.00022012873476240453,0.23958732937755967,66.39398699467301,-0.17650367068794726,2.0740451506540913
2025-08-21 00:00:00+00:00,1098569.6926346743,-0.001651720085044055,0.23953460092892537,66.41320711674304,-0.24575526502352618,2.0851351393895814
2025-08-22 00:00:00+00:00,1097694.0025795302,-0.0007971183448943255,0.2399308996148419,66.26895857073306,-0.24379275054711957,2.0902977638762557
2025-08-25 00:00:00+00:00,1098099.2521761658,0.00036918266446137114,0.2401223055095819,66.19945936000734,-0.2072272819448291,2.088176789286127
2025-08-26 00:00:00+00:00,1098522.4506081094,0.0003853917859472783,0.2400336892326305,66.231622026407,-0.19954852480068697,2.086160081328686
2025-08-27 00:00:00+00:00,1097910.716768637,-0.000556869674473792,0.23994121785815778,66.26520920354537,-0.20758809067079054,2.0899405059718577
2025-08-28 00:00:00+00:00,1098629.9687935612,0.0006551097588709646,0.2400749082941889,66.21665889882534,-0.1493229552739488,2.085998529870522
2025-08-29 00:00:00+00:00,1098107.8285967668,-0.00047526484041554877,0.2399177358441112,66.27374239286695,-0.15347268833243755,2.0892605179078547
2025-09-02 00:00:00+00:00,1097148.4531277542,-0.0008736623526658612,0.24003181452613662,66.23230269470865,-0.20296476412353726,2.095129141294395
2025-09-03 00:00:00+00:00,1098805.981122,0.0015107599974465357,0.2402417046590375,66.15616178446956,-0.19082401217219647,2.0863708727876062
2025-09-04 00:00:00+00:00,1099585.6858688325,0.0007095927399634669,0.23987930460143034,66.28771162528271,-0.14292081221667496,2.0821289842789032
2025-09-05 00:00:00+00:00,1101155.638948217,0.0014277678397968847,0.2397092086872435,66.34959295439641,-0.1532198962135496,2.073689519564788
2025-09-08 00:00:00+00:00,1101405.9914246327,0.0002273543062948099,0.23936744754374625,66.47419240514121,-0.1257387953345599,2.072488653076831
2025-09-09 00:00:00+00:00,1101278.0575499337,-0.00011615505607843661,0.2393130386938467,66.49406164930119,-0.11312635715675112,2.0735416247659537
2025-09-10 00:00:00+00:00,1100108.4635417971,-0.001062033334922329,0.2393408393424624,66.48390816718222,-0.12546892606625737,2.080604462362309
2025-09-11 00:00:00+00:00,1099273.5792312918,-0.0007589109057641866,0.23959529753533557,66.39108324590154,-0.17992372453538108,2.0859251540985895
2025-09-12 00:00:00+00:00,1100423.8711828801,0.0010464109875111705,0.239777267118306,66.32482258633762,-0.12421372457457291,2.0795734605877736
2025-09-15 00:00:00+00:00,1100341.5639800734,-7.479590816057244e-05,0.23952662382733161,66.41611559836845,-0.12603155175037672,2.0804189555506016
2025-09-16 00:00:00+00:00,1099337.1140701938,-0.0009128528293036318,0.0,87.32869555397409,-0.07084325954561121,2.0810283007681845
2025-09-17 00:00:00+00:00,1099424.363047501,7.936507936514485e-05,0.0,87.24897730715824,0.0,2.0792611207253846
2025-09-18 00:00:00+00:00,1099511.6189493302,7.936507936502478e-05,0.0,87.25590182916675,0.0,2.0804577886029394
2025-09-19 00:00:00+00:00,1099598.8817762309,7.936507936503925e-05,0.0,87.26282690074049,0.0,2.0696251975093727
2025-09-22 00:00:00+00:00,1099686.1515287529,7.936507936514856e-05,0.0,87.26975252192308,0.0,2.0728506761610026
2025-09-23 00:00:00+00:00,1099773.4282074457,7.93650793651013e-05,0.0,87.27667869275817,0.0,2.070860817443358
2025-09-24 00:00:00+00:00,1099860.711812859,7.936507936506957e-05,0.0,87.28360541328934,0.0,2.0781202056623647
2025-09-25 00:00:00+00:00,1099948.0023455424,7.936507936501368e-05,0.0,87.29053268356023,0.0,2.082733902165072
2025-09-26 00:00:00+00:00,1100035.299806046,7.936507936510564e-05,0.0,87.29746050361447,0.0,2.070653756481921
2025-09-29 00:00:00+00:00,1100122.6041949196,7.93650793650941e-05,0.0,87.30438887349572,0.0,2.0619351799173735
2025-09-30 00:00:00+00:00,1100209.915512713,7.936507936515106e-05,0.0,87.31131779324758,0.0,2.062172994475433
2025-10-01 00:00:00+00:00,1100297.2337599758,7.93650793650252e-05,0.0,87.31824726291373,0.0,2.063602072392686
2025-10-02 00:00:00+00:00,1100384.5589372583,7.936507936510014e-05,0.0,87.32517728253777,0.0,2.0601565387542804
2025-10-03 00:00:00+00:00,1100471.8910451105,7.936507936512455e-05,0.0,87.33210785216336,0.0,2.0517630534423215
2025-10-06 00:00:00+00:00,1099744.6016725115,-0.000660888641061321,0.1970203608072992,70.13147000104063,0.0,2.0494972442243076
2025-10-07 00:00:00+00:00,1100224.487281806,0.0004363609592306268,0.19715065543605467,70.07374862226294,6.22729695392804,2.0527228633566654
2025-10-08 00:00:00+00:00,1099425.5832700008,-0.0007261281866022326,0.1970646641101931,70.11183478173075,6.156582590287343,2.046148444279888
2025-10-09 00:00:00+00:00,1098694.368399157,-0.0006650880987042023,0.197207862297627,70.04842970142874,6.066893475224374,2.0398003971061187
2025-10-10 00:00:00+00:00,1098056.0915482633,-0.0005809412237396134,0.19733911019122405,69.9903967751713,5.962018632184204,2.033858116410758
2025-10-13 00:00:00+00:00,1099599.2770109512,0.0014053794469752138,0.19745381925461386,69.93973988224325,6.106452518027227,2.0456156629210764
2025-10-14 00:00:00+00:00,1100147.0831196657,0.0004981870397401973,0.19717671115733118,70.0622149189645,6.155577892431368,2.049415769655024
2025-10-15 00:00:00+00:00,1100107.4590952601,-3.6017024462991566e-05,0.19707852918827853,70.1056915942593,6.13216827105956,2.0485195752428056
2025-10-16 00:00:00+00:00,1100309.0439838641,0.0001832410888021698,0.19708562762615003,70.1025468304176,6.1153937023146865,2.049423688608622
2025-10-17 00:00:00+00:00,1100782.3805670163,0.0004301851245704402,0.19704952005754675,70.11854563110045,6.185184965093534,2.0527802701722075
2025-10-20 00:00:00+00:00,1101661.3307245711,0.000798477676488672,0.19696478873536863,70.15611202658872,6.262156048418477,2.059054825418969
2025-10-21 00:00:00+00:00,1101084.4910269217,-0.0005236089182417592,0.19680764222648842,70.225869975601,6.21285815104063,2.0541899773703736
2025-10-22 00:00:00+00:00,1101453.050855916,0.0003347243849112744,0.196910746449427,70.18008904721611,6.281260295023558,2.0567702416091893
2025-10-23 00:00:00+00:00,1101270.2569440254,-0.00016595706167280315,0.1968448576755186,70.20933982729504,6.286024382127654,2.055095846616849
2025-10-24 00:00:00+00:00,1100862.2586693023,-0.0003704797002828755,0.19687753089205484,70.19483237397039,6.236730137548164,2.051455045557006
2025-10-27 00:00:00+00:00,1100303.417794224,-0.0005076392352243411,0.19695049705317366,70.16245155851617,6.194671329110293,2.046822584862758
2025-10-28 00:00:00+00:00,1099849.7406217132,-0.000412320061152196,0.19705052763232148,70.11809910811314,6.141080232960222,2.0427704931486437
2025-10-29 00:00:00+00:00,1099858.2231704884,7.71246149529156e-06,0.19713180903187655,70.08209298331069,6.16928966363032,2.0427079570198825
2025-10-30 00:00:00+00:00,1099442.6629628232,-0.00037783070482238297,0.19713028867211563,70.08276620146745,6.076732190785238,2.0384465590698317
2025-10-31 00:00:00+00:00,1103922.8874267424,0.004074996009201321,0.19720479870020288,70.04978523260513,6.438424388599107,2.0718517199390996
2025-11-03 00:00:00+00:00,1101137.6814045825,-0.0025230077697294996,0.19640445134478351,70.40535860275745,6.193295603908322,2.050358306593655
2025-11-04 00:00:00+00:00,1100592.8923586586,-0.0004947510698470844,0.19690123468977513,70.18431050576062,6.151676832005928,2.0457743547666536
2025-11-05 00:00:00+00:00,1100194.1331319823,-0.0003623131036415623,0.19699870000736228,70.14107327989366,6.110703906608014,2.0421953736150247
2025-11-06 00:00:00+00:00,1100003.5894076705,-0.0001731910020000901,0.19707010108732217,70.10942572222093,6.111273438326308,2.040460229679632
2025-11-07 00:00:00+00:00,1099861.9234621197,-0.00012878680298414,0.19710423776775962,70.09430320441841,6.148781687035917,2.03953391716047
2025-11-10 00:00:00+00:00,1099286.6361729766,-0.0005230541005840064,0.19712962546199633,70.08305987540645,6.118595341859855,2.034990490521718
2025-11-11 00:00:00+00:00,1098618.1106798465,-0.0006081448378718334,0.19723278888099016,70.03740215404588,6.09977241422064,2.0300950687863892
2025-11-12 00:00:00+00:00,1097740.016784039,-0.0007992712729485361,0.1973528079723981,69.98434457522603,5.981226804383652,2.0221967236257723
2025-11-13 00:00:00+00:00,1099535.1956994787,0.0016353406890447803,0.1975106725790913,69.91465458349528,6.142984897288498,2.035711228614005
2025-11-14 00:00:00+00:00,1100634.103469648,0.000999429372035809,0.19718820268783627,70.05712910059367,6.229601062199804,2.043506485849795
2025-11-17 00:00:00+00:00,1099575.236416905,-0.0009620518293999772,0.1969913237728215,70.14434400298805,6.105639430756994,2.034604978931772
2025-11-18 00:00:00+00:00,1097400.7951823336,-0.001977528378737471,0.19718102213589028,70.06030693531004,5.9623730249480476,2.01817900104789
2025-11-19 00:00:00+00:00,1097142.0548636222,-0.00023577558887078408,0.19757172583055635,69.88773223415357,5.892313031007972,2.0148413045700986
2025-11-20 00:00:00+00:00,1096213.3120977823,-0.0008465109524539695,0.197618319406186,69.86719728822409,5.810839286143462,2.007074532897088
2025-11-21 00:00:00+00:00,1096085.9949538487,-0.00011614267271574423,0.19778574720743639,69.79348754490348,5.792975181560289,2.005523434954046
2025-11-24 00:00:00+00:00,1096684.5386253735,0.0005460736422875767,0.1978087212410078,69.78338300967064,5.810609929974777,2.0091989787515487
2025-11-25 00:00:00+00:00,1096883.461137446,0.00018138535291282692,0.19770076206578352,69.83088647566468,5.791163072621188,2.0096819092605163
2025-11-26 00:00:00+00:00,1097760.172502665,0.0007992748512315435,0.1976649085465883,69.84667397662282,5.858121699812109,2.01611671455107
2025-11-28 00:00:00+00:00,1098024.932726351,0.00024118220930023204,0.19750704613167422,69.91625424370369,5.899291911982869,2.0181159858744495
2025-12-01 00:00:00+00:00,1098820.3470867018,0.0007244046438688008,0.19745942243192496,69.93726695986925,5.977445086535287,2.0241077589592886
2025-12-02 00:00:00+00:00,1097922.519056192,-0.0008170835504550697,0.19731648545355052,70.00039508370661,5.871617508436323,2.016157605949507
2025-12-03 00:00:00+00:00,1097539.1424811527,-0.00034918363398611803,0.1974778413492964,69.929138890809,5.889264844655455,2.0136734650085906
2025-12-04 00:00:00+00:00,1098589.1795541516,0.0009567194757402184,0.19754682146629843,69.8987121785043,5.950104770541099,2.020956043239076
2025-12-05 00:00:00+00:00,1097306.1837035492,-0.001167857716496976,0.19735800521901214,69.98204845413913,5.837605200021557,2.0104163053371806
2025-12-08 00:00:00+00:00,1096407.9501781447,-0.0008185805737217486,0.1975887607779798,69.880223386631,5.74469902843072,2.0025298986836186
2025-12-09 00:00:00+00:00,1094613.3970276834,-0.0016367567839778146,0.1977506356067286,69.8089350115989,5.651232260127878,1.9891690633468393
2025-12-10 00:00:00+00:00,1096122.1645258549,0.0013783565067523697,0.1980748359381857,69.6665101583877,5.79471828130991,2.0011910672301862
2025-12-11 00:00:00+00:00,1095786.5050330146,-0.00030622452834487367,0.19780219399704,69.78625361062352,5.757636675541832,1.9979584640988963
2025-12-12 00:00:00+00:00,1095881.3011504072,8.650965946121537e-05,0.19786278443488056,69.7596139683346,5.7444453202730354,1.997812332457623
2025-12-15 00:00:00+00:00,1094796.8165519203,-0.0009896004223709936,0.0,86.97470644050851,5.771081738968315,2.002731907880122
2025-12-16 00:00:00+00:00,1094125.8804662526,-0.000612840734941866,0.2358396743300291,66.39684856180656,0.0,1.9970066272245783
2025-12-17 00:00:00+00:00,1094689.0926938588,0.000514759990291251,0.23598429511888447,66.34359966611866,7.419965112753226,2.0005922563313008
2025-12-18 00:00:00+00:00,1093472.257695524,-0.001111580453716148,0.23586288234385908,66.388299049262,7.297326692834796,1.9922855535836348
2025-12-19 00:00:00+00:00,1093647.9751950037,0.00016069680619970494,0.2361253546727401,66.29172484304496,7.305303446400964,1.9930296430646388
2025-12-22 00:00:00+00:00,1094419.6496301119,0.0007055967300361048,0.2360874161789762,66.305670676337,7.402818862865034,1.997860689095281
2025-12-23 00:00:00+00:00,1094390.52653026,-2.6610541817053996e-05,0.23592095112731376,66.36691467912337,7.4231269227983905,1.9974892046599164
2025-12-24 00:00:00+00:00,1094824.4780344781,0.00039652344725058295,0.23592722927871426,66.36460332199226,7.445165666263919,1.9998080768948663
2025-12-26 00:00:00+00:00,1094077.7579868126,-0.0006820454444041134,0.2358337156807946,66.39904391756514,7.38302102387105,1.9947145468319207
2025-12-29 00:00:00+00:00,1093780.069202254,-0.0002720910670063608,0.23599467477362757,66.33978042171866,7.3987535962779845,1.9928259340352312
2025-12-30 00:00:00+00:00,1094700.8725799774,0.0008418542297949414,0.23605890429277293,66.31615432770607,7.4805549616042954,1.9983560285682098
2025-12-31 00:00:00+00:00,1095453.2541312724,0.0006872941916286682,0.23586034426431315,66.38923396085872,7.513705621081659,2.0025304068902137
2026-01-02 00:00:00+00:00,1097330.5225241573,0.0017136910094567217,0.23569835015727358,66.44894678239008,7.714173818322686,2.0141305960692457
2026-01-05 00:00:00+00:00,1103899.0462058077,0.005985911762065108,0.2352951270135415,66.59793633738094,8.311979267766855,2.053072677741553
2026-01-06 00:00:00+00:00,1099967.501215937,-0.003561507733323689,0.23389505187145532,67.11924774068653,7.881940155496397,2.0293501317673295
2026-01-07 00:00:00+00:00,1101066.2180082002,0.0009988629582678907,0.23473104831528138,66.80722036053807,7.8941603342485145,2.035654417219001
2026-01-08 00:00:00+00:00,1101260.9738798025,0.0001768793451447837,0.23449681812981982,66.89442010595577,8.01928497235487,2.03649210137263
2026-01-09 00:00:00+00:00,1102977.9341821854,0.0015590857599665914,0.2344553478214315,66.90987692116231,8.184626512869988,2.0463314478191803
2026-01-12 00:00:00+00:00,1103551.3598776087,0.0005198886375260464,0.23409038084211536,67.04614361182763,8.216711685733568,2.049350910829652
2026-01-13 00:00:00+00:00,1102933.6749372191,-0.000559724687809814,0.2339687431510149,67.09165358765486,8.226883102665163,2.0454368388266855
2026-01-14 00:00:00+00:00,1103331.828148588,0.00036099470024034754,0.23409977457425485,67.04263097333823,8.355546657892187,2.047640333110028
2026-01-15 00:00:00+00:00,1103065.1072874158,-0.00024174129157487125,0.23401529629251805,67.07423043455799,8.30035605857821,2.0456884683244763
2026-01-16 00:00:00+00:00,1102609.686429807,-0.0004128685193648493,0.23407188113138414,67.05306211224273,8.27422540092613,2.042793842229038
2026-01-20 00:00:00+00:00,1101291.8668829512,-0.0011951822690065281,0.23416856195884186,67.0169175997341,8.179388221167354,2.034955019286994
2026-01-21 00:00:00+00:00,1099984.9770328593,-0.0011866880065053527,0.23444877097289904,66.91232874680902,8.154441107703363,2.0277258699695153
2026-01-22 00:00:00+00:00,1099893.024397453,-8.359444658446167e-05,0.2347273190672353,66.80860733013506,8.141972150255247,2.026860555861098
2026-01-23 00:00:00+00:00,1098719.5871896783,-0.0010668648511681952,0.23474694260799,66.80130950192822,8.090536865570286,2.020281066382924
2026-01-26 00:00:00+00:00,1099726.335896517,0.0009162926724676484,0.2349976533444502,66.70817956480325,8.15162641628823,2.025539202425578
2026-01-27 00:00:00+00:00,1099930.0517074761,0.00018524227738272227,0.23478252383823378,66.78808025582218,8.211302289524918,2.0268417046354776
2026-01-28 00:00:00+00:00,1100662.5789599146,0.0006659762148523351,0.23473904024382836,66.80424817732688,8.285654447122523,2.030835210213785
2026-01-29 00:00:00+00:00,1099095.9065635018,-0.0014233902617941869,0.23458281366951134,66.86238526085374,8.233146745864545,2.0226320680118204
2026-01-30 00:00:00+00:00,1104298.8225629574,0.00473381437269051,0.2349171925136633,66.73804618177337,8.66670505761541,2.0510410894127347
2026-02-02 00:00:00+00:00,1103886.787931854,-0.0003731187815153352,0.23381037758775422,67.150976023,8.551838585064745,2.047907984891744
2026-02-03 00:00:00+00:00,1103756.9532437888,-0.00011761594529848018,0.23389764919362063,67.1182748618013,8.66900499087411,2.047970817150579
2026-02-04 00:00:00+00:00,1103736.9605343638,-1.811332591499367e-05,0.23392516252273984,67.10797052147868,8.760388929898866,2.048523377135108
2026-02-05 00:00:00+00:00,1103210.2406476734,-0.00047721504808117664,0.23392939976219884,67.10638379850843,8.677637742790901,2.0450452492889926
2026-02-06 00:00:00+00:00,1101990.0865988133,-0.0011060031931390921,0.2340410876911143,67.06458063289809,8.658572255832787,2.039254484230681
2026-02-09 00:00:00+00:00,1102214.296501209,0.0002034590919848739,0.23430022448755075,66.9677430099727,8.724278997966215,2.0408119456162925
2026-02-10 00:00:00+00:00,1101318.3421891606,-0.0008128676201102097,0.23425256367365058,66.98553744667076,8.660388615751613,2.0359917729427544
2026-02-11 00:00:00+00:00,1101783.8686607373,0.00042269928116451486,0.23444313490677343,66.91442996158756,8.793671631002656,2.0395783046193587
2026-02-12 00:00:00+00:00,1102733.078299019,0.0008615207258711528,0.23434407783352804,66.95137650695078,8.824975817982068,2.0486598479711593
